gene,x,y
Arpc5,1294.831569700887,1254.9081826039026
Rarg,1302.6230725054943,976.7550611301948
Tpm4,1309.5239274885057,967.5721229915664
Khdrbs1,1313.7160570565104,1354.609673432847
Rpl21,1313.6069834735567,1356.4325277272656
Tpm4,1314.1007448650953,976.1902886560548
Khdrbs1,1314.3166206201554,1370.7679809278618
Rarg,1315.602831181222,969.5680319291668
Mvd,1318.2836330009911,1025.2025403525563
Tpm4,1319.306916251611,1197.8568129560836
Zfp36l1,1320.1630293745234,1149.2617951617417
Trps1,1319.8902454800043,1149.1508670171447
Rarg,1321.7965424977683,1007.3475645908528
Arpc5,1321.9086534232088,1366.3409442532886
Arpc5,1324.7309055628316,892.6317077320222
Rarg,1325.6961428299282,1037.461997639885
Vim,1325.888933971472,967.150636745756
Ddx17,1325.3816097643132,967.5614708437894
Arpc5,1327.34811010599,1191.7384445861553
Spp1,1329.4172158569188,1273.094760787052
Arpc5,1332.6871499574893,966.798780360984
Tpm4,1334.129850086535,1336.7197350191022
Cops7a,1334.8723515060478,1052.1662595825592
Rpl18a,1334.1597399272916,1308.293201424814
Tpm4,1334.9553391906118,1038.285561329238
Tpm4,1335.6389872761356,919.1929906940676
Tpm4,1335.8000432717374,1275.7213517324064
Lmna,1335.723900776458,1329.210512740888
Tnk2,1336.4369235369682,1328.735300765036
Tpm4,1337.5838184488202,1301.880151023498
Ltbp3,1338.3577217631157,1201.7294481768445
Ppm1g,1338.9521020852856,1256.4611513417096
Arpc5,1339.5724067645042,961.526620208712
Khdrbs1,1339.346768664341,1234.9813637551183
Arpc5,1340.974221085559,1019.839115671603
Cops7a,1342.855472830494,1096.359022325892
Spp1,1342.994664320357,1049.6595147973962
Rarg,1343.181787483786,1253.7373243692098
Mmp14,1344.1658484075206,1252.4005708004254
Cops7a,1345.073676838684,1060.856681005684
Tpm4,1345.2895946619465,997.297977326651
Arpc5,1345.8815884336457,1351.5952342003477
Spp1,1349.4776861656674,1282.0332881389977
Timp2,1348.0177266710073,1266.8090574117632
Khdrbs1,1349.591099213305,1266.443743202699
Ppm1g,1350.980399326271,886.6398596005663
Spp1,1351.266192337499,1101.3884913805402
Khdrbs1,1353.1010685338229,1347.2258637588843
Tpm4,1352.8418536149234,903.663884340288
Tpm4,1353.4233406306814,1244.226660001969
Arpc5,1352.9013569586489,1398.7666608611075
Spp1,1353.3728856878236,1304.698318078619
Tpm4,1356.5880890214544,1333.6181748002443
Cops7a,1357.1046058807628,1279.9649565894642
Khdrbs1,1358.0176056276223,1368.3095833695402
Tpm4,1359.5558807935977,1116.5941411302442
Arpc5,1358.9745016529623,1312.825661747272
Ppm1g,1359.9116477407706,915.9705106710549
Maged1,1358.137727848015,1262.8929992989465
Zfp36l1,1360.144580808238,1262.603746327557
Cops7a,1361.505488446192,921.899827690467
Ltbp3,1361.480561309023,1305.1721181850298
Cops7a,1362.569997145794,1011.3328779392956
Spp1,1363.8749697718922,990.455105254884
Gpi1,1364.41431490491,1032.401715417494
Prmt1,1363.4301468509611,1032.9336861226204
Lamp2,1364.6068711070593,1031.8933087870355
Tpm4,1364.475757478112,939.2792437781288
Ppm1g,1364.7293674688376,1065.722833893383
Tpm4,1364.8355676234912,1592.9155390816686
Cops7a,1365.5562517544208,957.862579396624
Arpc5,1367.1649267277517,1022.3383126841344
Pkm,1366.5242356804886,964.3050257348708
Cops7a,1367.4674746870774,1231.241093819507
Rarg,1368.7680288158572,1425.8425603955166
Rarg,1368.6388437720586,977.9014727341098
Arpc5,1369.260679498875,1375.9989371889792
Cops7a,1371.3381892192233,1461.4648475441695
Arpc5,1370.893942172164,1173.0675830134446
Khdrbs1,1371.7590320467432,966.7914758515468
Tpm4,1372.0108187995438,1486.0386959396374
Tpm4,1371.8792127008137,1023.8662028068708
Arpc5,1373.0100873125834,952.814367490188
Rarg,1372.7749411276118,963.7307798516016
Spp1,1372.938362176837,1273.7443434462289
Ltbp3,1373.926064593582,1097.595907791285
Tpm4,1373.9421535097374,1418.2678255545125
Arpc5,1376.0174020686202,1350.5384629118937
Ppm1g,1377.023782638228,935.6617290187844
Ltbp3,1377.12067893434,921.5002876005012
Arpc5,1376.6659392812758,1370.19878234977
Ppm1g,1378.9536163460602,1440.85441122698
Ppm1g,1378.715718514698,1142.5015469396135
Khdrbs1,1379.8678399202763,1068.1991501739967
Rarg,1379.7194827004976,1325.6174130008894
Ppm1g,1381.1649783668329,1246.515187705988
Eif4g2,1382.0026000504631,1361.9196406734195
Ppm1g,1381.7460147675083,1238.048389894687
Khdrbs1,1382.2955133217456,1584.833329980781
Spp1,1382.2574985440224,1283.3259151692555
Spp1,1383.3613111691473,1300.1265985716186
Tpm4,1384.7095311178948,1367.3348517677682
Mvd,1385.707917186729,1428.1395343928048
Mvd,1388.3303257358466,1054.6149182578529
Mvd,1389.0907106547445,1413.78845311732
Spp1,1391.1843658706348,1322.495621334239
Tpm4,1391.5569655388772,967.504361775398
Fkbp9,1394.90535783902,1429.5908495811177
Pdha1,1395.224026012238,1429.9927495069874
Actn4,1395.0453827347287,1431.0351998171857
Rpl21,1394.919344774666,1430.7547377910237
Tpm4,1393.585674178421,1431.00446121276
Ppm1g,1393.4829409513366,1015.2503235758631
Eif4b,1395.479501554129,963.5168213865988
Vim,1394.3139603321194,963.4146581023408
Rpl15,1394.492900034775,963.2070886354028
Pkm,1394.5599818478993,1584.5985513047488
Ncl,1393.6562995982113,1584.8968853580693
Spp1,1395.4019727485777,1279.9731955965265
Mvd,1396.7431750914143,1081.2823629129118
Tpm4,1398.794894900003,971.1599447345116
Tpm4,1399.3478073059982,1492.4114447431805
Rarg,1400.5295481946046,1485.5328236404475
Tpm4,1400.857166436938,1596.2726517460733
Mrpl35,1401.8552265156673,1017.7764697007116
Spp1,1401.6179619045042,1008.5558013319136
Rarg,1402.32515155659,1389.6165412265414
Khdrbs1,1401.9771514992683,907.915373947858
Ppm1g,1401.9700083181883,1529.6428610318892
Cct8,1402.5635886177586,915.206376374734
Eif3d,1404.5893128746245,1314.3329750683033
Khdrbs1,1405.4257567915097,1510.5664029912748
Tpm4,1406.144204932517,939.1726208533933
Ppm1g,1406.5454899128422,1290.8392603470138
Vim,1405.888075289675,1202.1557965975614
Khdrbs1,1407.1309598151354,1202.843668029492
Arpc5,1407.538830721102,1380.981399887493
Cops7a,1408.8336031420995,1403.6127442106465
Spp1,1409.0171624847806,1346.697907116347
Arf1,1409.109394562778,1595.8922702992022
Tpm4,1409.6631896113245,1596.8827378668952
Khdrbs1,1410.4751501823994,1134.6037199544728
Tpm4,1410.5689613063264,1348.6811799408
Ppm1g,1412.505444907979,1022.9656885541016
Khdrbs1,1413.950580535663,1037.0343994590978
Cops7a,1414.1168642701944,1379.8613527576165
Rarg,1414.467886560019,1332.164143819567
Spp1,1414.7681141314072,1321.1045075527582
Khdrbs1,1414.7856866155375,1189.374320683982
Tpm4,1416.1100882163466,1519.3695389678085
Mvd,1417.827638153732,928.2976082753264
Cops7a,1417.9645183583175,1455.5286409926532
Tpm4,1418.176449911521,1498.3711823379238
Rarg,1417.9330559625428,998.814030863316
Cops7a,1419.5530358215915,1491.4069224729806
Tpm1,1418.898122295087,1492.4352112326535
Rpsa,1418.853017590935,1491.0171655037298
Spp1,1421.311767896699,991.11828685635
Arpc5,1423.154604060913,1494.5126545172843
Mvd,1422.7949123526278,1393.9899362379272
Ptgs1,1422.970669184548,1531.547295132365
Arpc5,1423.6425455022918,1533.7739171609635
Ltbp3,1424.4936245160852,1359.7457199411792
Zfp36l1,1430.3347317976434,1376.4859459471425
Spp1,1430.5702363667165,1336.6283813958748
Arpc5,1430.305741597234,1131.8701173147444
Vim,1430.5523271353245,1461.2283099968502
Tubb5,1434.0139675634052,1374.3176456682734
Vim,1434.494940830717,1373.3750678696729
Fus,1433.5006249363464,1470.9981089982746
Snx5,1433.4361176551108,1472.361545368683
Rarg,1435.0563425238588,1469.9161406518324
Tpm4,1434.631257307174,1025.3109501302104
Tpm4,1436.1163867127575,1395.275121950223
Cops7a,1436.7118812527742,919.2851494348683
Ltbp3,1438.2487174070025,963.1097459522254
Khdrbs1,1438.432279782685,1471.317512574839
Rpsa,1438.688352649635,1008.1075130113852
Ppm1g,1440.0374418441454,1335.5510772744055
Spp1,1441.2272754950045,1015.6838374865864
Ppm1g,1440.9705605203037,1213.6303699304308
Khdrbs1,1442.9739132860695,1326.8133994067616
Ppm1g,1442.7309152437851,967.204639833954
Hnrnpul1,1444.0778520624735,1438.2530691993989
Mvd,1444.2354794826852,1437.1558862286688
Mvd,1444.0811278250508,974.9245849910384
Rarg,1444.375765899293,1059.3721405838517
Mvd,1445.2590773196175,1369.8119300746284
Tpm4,1445.9990998531457,894.4964521320483
Hspa8,1448.8932614672544,1036.7229231605893
Rpsa,1449.8139554305346,1034.6133816315737
Lmna,1448.3008325319004,1035.395240333322
Polr2m,1448.2113701623168,1035.9044286826197
Ppm1g,1448.094812823241,1035.6382418556109
Myc,1450.7759712902402,1264.4326708701751
Nedd4,1450.7066818990447,1262.529791194465
Oxct1,1452.4013954116535,1263.520210778946
Tpm4,1450.891402098791,1299.2446522085424
Cops7a,1453.3074562374086,1279.193920256443
Hspd1,1452.2128269180623,1280.1741207896923
Pkm,1451.891242308105,1280.2905566289044
Tpm4,1453.497684098234,1376.3380070339983
Tpm4,1452.8633421539505,1067.160633334067
Khdrbs1,1453.49403960916,1287.877929697987
Mvd,1454.830196947463,1343.5312400509663
Rarg,1455.213568812793,983.324807870137
Mvd,1457.058717495196,1112.9368222331334
Mvd,1458.69512087994,1281.8869240454212
Ppm1g,1458.6070013872238,949.684495922379
Tpm4,1460.0012661044198,1369.450308018403
Mvd,1461.0711799911555,963.1592945330854
Spp1,1460.8830484600448,1024.3743973803512
Jun,1460.5652205648094,1194.5042592758375
Lamp1,1461.5985345364857,1194.6315475118888
Arpc5,1461.9231203057016,914.0927438362788
Vim,1462.0236482551138,1395.223216672639
Khdrbs1,1462.415269774116,1395.9850087939535
Ppm1g,1463.5152936137383,1072.9060093672804
Tpm4,1463.7436202662702,1048.41838773081
Rpl18a,1464.8252646176284,1276.2401551942537
Rarg,1465.5322342314837,942.755880807288
Tpm4,1465.260222027838,1366.7973616360443
Spp1,1466.023157798316,1205.6202776700488
Tpm4,1466.2939978030358,1016.3904396209678
Pkm,1465.8264228247708,951.212645004152
Ercc1,1466.9479453740587,949.689070859137
Gsto1,1466.655643339543,950.6761853449284
Mvd,1470.8125868995244,1052.684327874397
Tpm4,1471.3229363640396,1016.400356778974
Fxr1,1470.745473761218,1271.6792110399874
Khdrbs1,1471.007408533923,967.30183777254
Rarg,1472.7676985089477,1096.917940321618
Ltbp3,1472.2448594961452,1128.2975957184556
Cct5,1472.8797397416497,927.6304501022292
Rarg,1475.408585919008,1028.7069960786905
Spp1,1476.6720908758084,1059.6591498779944
Pdia3,1476.2976535036155,1058.3296484976445
Arpc5,1478.5065892522805,1293.02487298485
Spp1,1478.541269783861,1334.9420224826267
Tpm4,1478.9927738051178,914.5915633935458
Zfp36l1,1479.6274445871627,991.116881198898
Slc38a2,1480.0160806036224,989.2419227995229
Gpi1,1479.3341117730802,939.0687500484726
Mvd,1480.8157376111064,941.082395455118
Slc25a1,1482.0106610055473,901.7147329440378
Sfpq,1482.9941322061063,902.1018214820002
Ppm1g,1483.9289324553465,1053.1286620166618
Mvd,1483.86107034649,1014.097363338653
Vim,1484.9003455338848,936.5769231121584
Ppm1g,1487.1002587995165,1110.109816163157
Prrc2a,1487.0415840395854,993.151502306118
Tpm4,1487.1821398821685,993.1421904766472
Rarg,1489.1257545588237,1224.6028674792296
Psmd8,1488.9531303088363,1275.7832112891606
Lmna,1489.8214145017969,1275.222998827625
Gpi1,1488.0295944050422,1277.089575802264
Khdrbs1,1490.0178652946686,1212.952240535495
Spp1,1490.110316379467,981.1493192697822
Fbln2,1489.4564140230991,1033.8548832541226
Ppp2r1a,1490.1381221360102,1035.657348591736
Rcn3,1489.826630410152,1034.9080084228085
Spp1,1490.389346545838,1033.0875225544924
Rpl18a,1492.498017000632,1005.5136969594164
Cops7a,1492.1444683089394,1004.455359329415
Mvd,1493.9342524481358,1086.3915355891502
Ppm1g,1494.188320989486,978.2816922471628
Tpm4,1497.114642986168,1279.1711111962172
Rpl4,1500.441731951216,1297.9470994331273
Tpm4,1499.4581812615363,1297.9201395937307
Tpm4,1499.5580047356923,909.6556061493384
Mvd,1504.5287034947194,942.6689366231226
Spp1,1504.3764874568055,1116.546867080252
Rrp1,1507.821621770437,965.1435029788448
Aars,1507.049070584395,965.3559850430236
Rarg,1508.0470632460338,964.0244705023238
Ltbp3,1508.744621514771,1101.0099948937795
Khdrbs1,1509.6804153769378,1228.5864233061288
Ppm1g,1511.6808097244234,1126.8663594070274
Spp1,1512.5172731677724,1095.9780920254912
Vim,1513.8773106879737,1017.3931452672616
Polr2m,1512.73621518728,1017.0146528856752
Trap1,1512.7646908146105,888.8943842405615
Rab7,1512.6470587918452,1024.7240873855771
Thy1,1513.6652719089675,1025.630792475965
Arpc5,1513.9988731956405,972.0594192462772
Ppm1g,1513.937915730587,998.401414738284
Gsto1,1514.3172725630238,965.7885079560956
Rarg,1514.4529360236734,884.3300111831446
Spp1,1514.8609883571994,1138.4736643486997
Ltbp3,1515.208720587634,1244.0438065524454
Ube2m,1515.6339770689797,1233.8686875100586
Zfp36l1,1516.4897826704298,1232.528380521409
Ncl,1517.544752738328,1028.1244721108064
Taldo1,1518.597780153225,898.324415405821
Mvd,1518.2955536151485,1018.0299422435326
Tpm4,1519.1678765973702,1252.9690375105276
Tpm4,1519.6122087798065,906.8909852700056
Khdrbs1,1521.3528109196425,892.3899464958622
Hspa8,1522.094545228494,893.0439736207267
Tpm4,1521.9701098393352,1159.2923119505822
Rarg,1521.8194585979827,1117.9773020121415
Spp1,1522.024581397453,1019.3045247686124
Rps15a,1522.112775186739,1095.6571338535027
Vim,1520.5852060092875,1095.409590894796
Fkbp8,1523.6603874740545,1095.1342961561525
Rab7,1523.8691184334557,1141.6949293073965
Khdrbs1,1524.9388983452222,1140.5540629099555
Rpl15,1525.684955777321,1041.6735103351332
Cops7a,1525.0073332254967,1040.9318261140224
Ltbp3,1525.316839346472,1225.8772256082705
Rpl15,1526.505508966914,1004.4534242645524
Eef1g,1526.906513794951,1003.5962511852896
Zfp36l1,1526.172931001648,1004.0286779763832
Fkbp4,1528.0889474762614,1070.9433418999013
Rpl15,1526.7873914069462,1073.0039223781112
Ppm1g,1529.0468901958748,1316.6085030893155
Oxct1,1530.5888925993966,1316.2642850811544
Rarg,1529.2819442740292,858.0395257322905
Cox7a2l,1529.8866890979762,855.5613434973942
Mvd,1530.9589014049157,938.6385405585844
Zyx,1532.49080551791,1093.1223791739133
Fbln2,1532.6586303420172,1093.579910884378
Ppm1g,1531.7524280778598,1093.6027910105447
Mvd,1531.4089806810512,922.6647869592022
St13,1531.696889638746,889.7370081939464
Rarg,1532.1957053487715,888.9094754839527
Aars,1533.7897870640068,1103.6154061386314
Khdrbs1,1533.0110992404575,1103.6388252163924
Mvd,1536.1067699398163,996.6836599575072
Nap1l1,1537.1496302100136,966.2802872323988
Cops7a,1537.722768089964,901.297490521314
Ltbp3,1538.0400308148328,1119.16317805806
Cops7a,1539.4159984335413,998.4733823350144
Eef1g,1540.645247660209,1034.550077202873
Tcp1,1541.8899237218411,1124.328446171024
Khdrbs1,1541.3521604140572,1048.7158440214805
Ppm1g,1544.1507432208946,954.2674571025956
Ppm1g,1545.0719562316517,1002.5392814672824
Taldo1,1546.8923845091022,979.071965041838
Rarg,1548.3787960771776,1174.8974466650184
Rarg,1549.8452398512338,1107.0038869074483
Prpsap1,1571.7222769929556,1126.4054261118852
Lrrc59,1571.7539867582414,1126.544479535853
Ptgs2,1571.7673874407617,1126.4402471983103
Trps1,1575.1463774591698,1093.204396799985
Ptgs2,1574.8910923412266,1093.1356108984808
Zfp36l1,1575.1422731095054,1093.0912530425037
Lrrc59,1574.9413298925606,1093.4590900264157
Rpsa,1246.8314107696403,1402.689055376033
Rpsa,1258.2462182360628,1389.192615573728
Rpsa,1267.2301916873985,1382.622047906887
Ptges3,1276.1461364922488,930.222013299388
Rpsa,1284.189184596947,944.64613644217
Rpsa,1289.2795924052016,1225.7118515413113
Vim,1289.66450081118,975.507228847174
Prrx1,1291.272155161165,976.1268249202052
Twist2,1292.9689008696032,1407.200370373027
Mrps18b,1292.5685990027475,1406.0628995308202
Rpsa,1292.3808311270805,844.6663005845504
Rpsa,1295.238091135463,949.5611716403156
Rpsa,1297.143401050826,908.4467393311196
Rpsa,1297.9028384991134,996.02918347096
Aebp1,1298.0333481327352,1393.1616372199576
Rpsa,1298.6128985812525,1385.152188008271
Rpsa,1299.810597352051,1404.484775414492
Aebp1,1304.1941094186568,955.4374919348512
Rpsa,1306.0837563485577,944.1210320919944
Psmd8,1306.0573172762097,995.4162635361454
Prrx1,1306.644654629569,975.9452256005852
Ywhah,1305.526434251272,976.9682333598686
Pdia4,1306.509806567818,975.727492197696
Fbln2,1306.689981877668,984.9035851797152
Prrx1,1307.96800368639,979.957794543178
Rpsa,1313.8696418056124,824.9612140306615
Psmd8,1316.9506250934064,1235.925026009107
Rpsa,1317.796214787349,988.4774387144638
Prrx1,1319.461183915976,1049.0473057230702
Fbln2,1320.2480505321914,902.5861417568146
Rpsa,1321.4547893019976,896.6006678369167
Psmd2,1322.215941999714,1352.293003943757
Rpsa,1322.119843693118,993.670181732472
Rpsa,1322.2899287107407,1335.1523948687618
Rpsa,1322.1088760588484,1053.5043790752225
Rpsa,1324.2449289476783,892.318281869953
Rpsa,1324.8192264121808,911.9039550980503
Csnk1a1,1326.0141940400006,1201.188974891399
Emp1,1326.366914977791,1201.32864371384
Pdha1,1325.9775186592228,1198.8882717507563
Lmna,1325.2652868239456,1200.4195659257464
Ctsb,1325.050681743308,1200.177528234508
Psmd2,1325.4250642809866,1211.6423123783225
Rpsa,1325.5466289348656,1013.8159093553882
Eif3e,1324.8133856980023,1175.1490894988528
Rpsa,1326.2055436419114,1340.7502568011216
Psmd2,1325.614503176703,1236.009059282162
Pdia3,1327.9200469351856,1234.587923058123
Aebp1,1326.784878433593,1221.1476275590148
Prrx1,1327.6199419693912,1309.2372252604353
Aebp1,1327.8583504528235,1061.0319204176044
Rpsa,1328.635873823799,835.5509379833655
Prrx1,1329.07885103501,1368.1529034578043
Prrx1,1329.5886869155142,1243.4603461408808
Prrx1,1329.0429874496524,1079.6650885166632
Uqcrq,1330.9806649934917,923.164157217003
Aebp1,1331.5446235862853,1221.7371334375046
Ctsb,1332.4966722605468,1280.236138510122
Psmd2,1331.8739044099457,992.7741601119748
Vim,1334.3317234783517,983.1301953711788
Prrx1,1332.100500635054,1319.6414661560489
Ctsb,1333.061835378736,1275.7599160236896
Aebp1,1333.0314291688917,1205.2524060595406
Rpsa,1333.4354025363778,1295.4495289655408
Rpsa,1333.580241414484,1178.6231426745476
Ctsb,1334.1173137908463,1149.0837713908998
Rpsa,1334.38966812658,1171.2596842549324
Rpsa,1335.0968263657523,1264.8598334096794
Rpsa,1335.4872498470943,898.0544107506073
Psmd2,1335.8415264466555,1212.9886261099973
Psmd8,1336.254759526551,1138.508937509025
Tspan3,1336.0429713005817,1090.8243130789197
Aars,1336.5948312603268,1026.6235487440513
Rpsa,1336.0558994802657,1085.887769262
Rpsa,1337.6337000928172,999.117013834434
Rpsa,1336.9321886645646,1126.4208327120205
Rpsa,1337.7039672592218,1012.9225718160512
Aebp1,1338.1351007284366,1193.974272088064
Rpsa,1338.012430486488,1327.8876377115246
Eef1g,1340.3778308418289,1328.673182747062
Ctsb,1338.5898509617714,1148.130151540378
Fbln2,1339.844808620759,1154.2450715975822
Rpsa,1340.0963554536966,968.3360628402042
Ptges3,1341.2237874213674,1294.596689766869
Ctsb,1339.8092943009406,1294.1672242217112
Tpi1,1339.0438612465202,1292.4545828338353
Rpsa,1340.6866663957303,1341.068950251965
Gsto1,1340.7038454605306,1049.638028254636
Rpsa,1341.0327799611816,1333.7038005643992
Ybx1,1341.4934969638327,1075.0237666831003
Rpsa,1340.7494400510373,1236.6061927821984
Rpsa,1340.7348759512677,876.5121306754178
Rpl18a,1340.1869304542124,1310.5856759460248
Rpsa,1341.077410188523,1231.899485391679
Prrx1,1341.215829099398,1023.4544621169392
Rpsa,1341.5361776694272,1355.9379391281927
Psmd2,1341.9652282540635,1242.6492004351876
Rpsa,1341.4605322322768,1005.0656337609956
Rpsa,1342.1139625545009,984.7389755676744
Rpsa,1343.0437822477277,979.3892300335496
Rpsa,1343.7339621413523,959.1580471452248
Rpsa,1343.5350912102535,1179.0234351384074
Aebp1,1344.4086323403812,1159.5851077318491
Fbln2,1345.2721588807665,1121.3098019273157
Fbln2,1345.200036197187,1314.6649834460395
Nudt9,1346.8326306204845,1264.657461712868
Rpsa,1345.5806631691555,1266.3154037252425
Fbln2,1345.989182299973,1201.6237196210425
Rpsa,1345.4538818790656,1377.3481367225852
Rpsa,1345.6058760530564,1365.3884683145334
Tspan3,1345.8765604862754,1024.877588819843
Rpsa,1346.1152374915964,1285.799665080384
Rpsa,1346.155928251064,803.7767732235363
Aebp1,1345.7359869837292,999.781736623066
Aebp1,1346.3978933839337,1212.2819618053368
Rpsa,1346.4198572301584,1278.0288664231043
Ctsb,1346.9871442722838,1146.1338024060378
Ctsb,1347.3117986194522,1242.433615851485
Prrx1,1347.8163761818023,1064.555588573295
Rpsa,1348.370672337402,1232.8559332940424
Rpsa,1349.6284318730895,1336.2729866151058
Rpsa,1349.1089117720248,1313.1196011356633
Aars,1349.018635235071,937.7264005253752
Rpl18a,1349.8233344063224,1293.577926226635
Eif3a,1350.1642035457364,1295.3874035249305
Rpsa,1348.9838273175792,1016.7002351038856
Vim,1350.3342881040476,1200.4609213064434
Csf1,1349.604524306259,1200.1670717212014
Rpsa,1350.139982468742,1199.383033897339
Gpi1,1350.7639538767687,1287.91431468086
Ppp2r1a,1351.497035725717,1287.8345537534549
Ctsb,1350.0225514566623,1138.7368185295509
Psmd2,1350.1946729619276,972.25935065628
Rpsa,1350.652419444732,1160.7131964660073
Rpsa,1351.1399219422078,1149.2170616484602
Ctsb,1351.3661765486474,1303.0124547565206
Fbln2,1351.931315227224,1202.975049750797
Fbln2,1351.7276790364126,1092.8068137310404
Fbln2,1352.395704228276,1256.9983507344605
Ctsb,1351.9485371954438,1246.7760571011383
Aebp1,1352.4015007740948,1294.9547283516586
Rpsa,1352.8538577737302,1398.0648501506266
Rpsa,1352.890551988059,897.3817913406828
Rpsa,1352.9679944736704,1382.175930667357
Pa2g4,1354.1068588594435,1382.82917864981
Ctsb,1353.1814362433447,1298.2490477635438
Psmd2,1352.9354762309586,876.3748557198621
Rpsa,1353.05494079148,1385.3296033675124
Rpsa,1353.3318832427112,1157.7267119310825
Rpsa,1353.5451622383246,1269.561029008998
Aebp1,1353.729444122338,1289.001342765357
Rpsa,1354.4081810269245,1112.713652529155
Rpsa,1353.98242961701,1009.668437648858
Fbln2,1354.0471146177338,1273.7798166423252
Ptgs1,1354.2838119940393,1283.3401277388607
Ppp2r1a,1354.283827860931,1282.944272405045
Aars,1354.275141284238,1282.0549343992177
Xdh,1354.5673045649403,1282.1331316418537
Hif1a,1353.363518970619,1017.9686873577948
Rpsa,1354.2376453848497,1017.4784412052647
Fbln2,1354.2208485472922,1085.1195048522334
Myc,1355.8753955216944,1138.597942093038
Fbln2,1355.0242815852075,1002.9923719205142
Rpsa,1355.4660693184785,1261.0453610919803
Ctsb,1355.2576319871887,1317.4809204036233
Aebp1,1355.247400428514,1184.8816764084795
Rpsa,1355.3408322102853,916.6174075861118
Rpsa,1355.8804198893624,911.3598067645452
Ctsb,1356.2776607422688,1091.6476234678455
Pdha1,1356.1870671408712,1222.6034441341617
Zfp36l2,1354.9112252604318,1079.835203330716
Aebp1,1356.7968134087273,1081.3812681692102
Prrx1,1357.287019289212,979.665507167474
Aebp1,1356.5795640774588,1227.062119244041
Rpsa,1356.8110944103205,1281.253955260344
Gpi1,1358.4049469315048,1171.2389521154976
Rpsa,1357.1923079122184,1165.760457316546
Ctsb,1357.4973602669947,1198.0517751352627
Fbln2,1357.9928168919662,1126.3194752587929
Aebp1,1357.8302314482817,1130.4896249762423
Fbln2,1358.1468245887372,1078.6359069630123
Rpsa,1357.707162586909,1328.5271865397242
Vat1,1359.469562322549,945.5701201840624
Rpl18a,1359.0253435288366,946.0507828145708
Rpsa,1358.7637643804828,1056.384816123435
Pdia3,1359.5228313529385,1107.8949431406163
Psmd2,1358.6316328564944,1037.8230508540755
Rpsa,1359.066195893365,1275.6626840233864
Aars,1359.1640533197274,1296.226277325996
Fbln2,1359.6108692363168,1104.046695996854
Rpsa,1360.3647980801666,1395.9805131224205
Psmd2,1361.176250825078,940.3796908894604
Rpsa,1361.1795645809148,964.7374166110446
Rpsa,1361.718198891666,959.7730774059796
Rpsa,1361.0136616064522,1259.023174816566
Rpsa,1361.386240806003,1430.3071796352651
Fbln2,1361.5948984565543,1217.4956203293518
Rpsa,1361.8095962742973,1065.6260351140224
Rpsa,1361.9066148426452,1201.6594944560943
Psmd8,1362.057515556141,906.8245224414268
Psmd2,1362.0265714263764,1282.0475282134694
Fus,1361.0775072617346,1281.4857879049046
Rpsa,1362.4830516741122,1096.7099498927373
Rpsa,1362.7206101033337,1359.7414167540942
Ctsb,1362.8180906447035,1275.9650016403705
Gpi1,1363.0108533521548,1015.9792604091534
Ybx1,1364.7083980015484,1118.1258734923867
Tubb5,1362.7876157166277,1116.6060617733758
Rpsa,1363.7056743916976,1091.845069731027
Rpsa,1362.8974842285727,1374.312783267479
Aars,1364.092759042682,1332.3284730478313
Rpsa,1364.2754354608112,1050.0337628668226
Fbln2,1364.6182674332165,1187.619347651414
Rpsa,1364.101406221945,1311.1332912524567
Rpsa,1364.8839878222975,1579.0393338591002
Aebp1,1364.491104515842,1099.5672195039065
Rpsa,1364.621544739232,1354.5925571654025
Srebf2,1364.0110090062117,1246.873256054319
Aebp1,1365.454561099567,1106.8563252653294
Prrx1,1365.7141380430603,947.5024879055924
Ctsb,1366.4799104132424,967.3713257731428
Rpsa,1366.7327774906516,1165.594269875383
Tspan3,1366.7968733382213,1561.203663988757
Psmd8,1367.428094475417,999.3118005008224
Rpsa,1367.2402440926844,1555.879773525039
Prrx1,1367.4547929999724,1184.6149368873896
Prrx1,1368.073257256573,1329.6836014054363
Rpsa,1368.0833225840977,941.39276656301
Rpsa,1368.4601350501605,1591.360958884726
Rpsa,1368.727378339972,1191.3818239249758
Fbln2,1368.218357122288,980.50855341805
Rpsa,1368.3578346314089,920.1240690297526
Rpsa,1369.046060371976,945.4580907398272
Prrx1,1368.3033321566784,1335.3121102702214
Ctsb,1368.6806247221466,1176.8887040433972
Pkm,1369.3586968484844,1013.1170303745766
Rpsa,1369.6625897554936,1014.028707325328
Aebp1,1369.12825840784,1037.93137559119
Psmd8,1369.5034969678643,1201.7646602905024
Aars,1368.967127058813,1377.8910943135938
Ctsb,1370.4114522002817,1003.1509581454968
Rpsa,1370.0033059315424,1468.350721874155
Psmd2,1369.8379850750032,1383.2218462441533
Aebp1,1369.5679968075592,1117.4334053931004
Ybx1,1367.538560032506,1255.4317834817664
Loxl1,1366.7607291612417,1255.3910524667913
Mrps9,1369.3037298535298,1254.2938111465432
Rpsa,1369.6034088666304,1253.2674259827777
Tpm1,1368.4200766863482,1254.697757390549
Psmd2,1370.3379078695234,1404.4148136702356
Rpsa,1369.7790587011175,1229.5564576231052
Aars,1370.3434652153933,1472.3750890505232
Rpsa,1370.0852032056075,1547.3286103861535
Rpsa,1370.1099178508234,1314.2474649941582
Rpsa,1370.5318221786645,1297.0913851923551
Rpsa,1370.7373707499664,1070.5779566642348
Rpsa,1370.11518828913,1222.3634995645348
Rpsa,1370.800337589896,1541.334209198919
Ctsb,1371.333294758264,1089.4875545366149
Aars,1371.5161134847451,1476.6406572361775
Rpsa,1371.4157141985893,1388.355486639012
Aebp1,1371.7660524067358,1301.9393170633518
Ctsb,1371.263954784203,1227.6362296953205
Psmd2,1372.1429788882688,945.4802589962547
Prrx1,1371.654313198338,1411.432859944241
Fbln2,1371.8460547153452,1284.1190088115457
Prrx1,1371.8276544060752,1326.936645834581
Aars,1372.3376658408224,1488.6495137242746
Igfbp6,1371.9499358386329,1589.676128447064
Vat1,1373.6954213065303,1589.3272128451936
Ctsb,1373.385380005055,1081.262345356495
Rpsa,1372.5479251411257,1449.0281894858206
Rpsa,1372.8440351653735,1170.7378979029409
Rpsa,1373.101058491193,1057.2871921154017
Aars,1372.906904621488,881.8029438018821
Fbln2,1373.564311107364,1196.9279015047869
Rpsa,1373.9134373665372,1062.2538763773473
Rpsa,1373.7947256483667,1046.2152545623574
Rpsa,1374.033994292579,936.636938745797
Rpsa,1374.3659542910243,1109.4547649775243
Fbln2,1374.391917608732,974.9336748183156
Aebp1,1374.17428241524,1328.331407509523
Fbln2,1374.6239353069247,1189.7349565614977
Ctsb,1374.3513511615272,1343.5825088265888
Fbln2,1374.1649006931814,1268.3548710024031
Rpsa,1374.6816223278088,1084.833346943382
Fbln2,1375.5598991232075,1112.1923621124308
Psmd2,1375.27276176315,1366.7051270714758
Rpsa,1375.7090452968428,1595.3749378936016
Prrx1,1374.9051237447345,1209.8290685766851
Rpsa,1375.1038165754528,1279.143582526278
Fbln2,1375.4980858058018,1004.6771368970424
Zfp36l2,1375.8216060963412,1026.641843044198
Rpsa,1375.9094348156173,1406.3492377434068
Aars,1377.097593978693,931.2756340926276
Rpsa,1376.5482127752489,914.7820960114398
Rpsa,1376.61623792082,1540.9532407858942
Fbln2,1376.109446622253,1287.2374133985577
Aebp1,1377.324098677359,1312.2276259994983
Myh9,1378.5449399865722,947.24877144302
Rpsa,1377.1498775279206,945.8989083825963
Fbln2,1377.099130189046,1224.0674069550196
Rpsa,1376.9842179311702,960.36778898123
Prrx1,1377.8575915569731,954.9540104529822
Rpsa,1377.5968929551898,1566.7456985613662
Rpsa,1377.9979649489874,1289.3421097739174
Ubxn1,1376.9362968683693,992.492636574372
Fbln2,1378.4439022528322,993.7797602110288
Mtap,1377.8786022431289,992.1806789547728
Ywhag,1379.1002904125494,993.7630115968386
Ctsb,1378.2370732652962,1265.7792946719696
Ctsb,1377.982703586565,1019.1270794557348
Rpsa,1378.293865613795,1061.1152728584698
Rpsa,1378.7769223502469,1461.6950097040187
Vim,1377.8407732141698,1425.301237093669
Rpsa,1378.840534103845,1425.2866932743498
Rpsa,1378.7082515934326,1437.1912787033757
Rpsa,1378.961094935795,1395.3286843091316
Rpsa,1378.8198377799215,1282.134278821904
Prrx1,1379.4999003735052,1311.2205363092066
Rpl18a,1378.9366219270676,969.2067842552996
Rpsa,1379.3668108168292,1453.6890627847793
Psmd2,1379.3633864924163,911.6627245409888
Ctsb,1379.5999479955165,1261.8571418272893
Prrx1,1379.6840598621377,1429.5378370226204
Hif1a,1379.3811744069874,1495.5434270480594
Efemp2,1379.4855186493471,1495.3201435439228
Ncl,1379.9428873981449,1494.884735274268
Psmd2,1380.0708878518133,1494.9271743945906
Rpsa,1379.750633942153,1502.7768450842973
Prrx1,1379.517306025632,1067.0971419276843
Aebp1,1380.6116391284716,1305.8827061439258
Rpsa,1380.2779587030675,1222.4604334140704
Fbln2,1380.5564973500418,1024.9948063773372
Fbln2,1380.223500834015,1036.1278585636812
Rpsa,1381.1558749099072,951.9093988186626
Fbln2,1381.5679778775166,951.1178661285068
Prrx1,1380.8177072129,1489.3801328398995
Psmd2,1380.9772418807163,1015.2364950030224
Rpsa,1380.930365299825,962.59444362158
Psmd8,1380.9162914003489,1267.280868849323
Vim,1382.2735311910303,1540.5136413419584
Kars,1380.4592459646203,1232.370780409335
Rpsa,1380.8266075938138,1380.7182541932254
Ctsb,1382.1135482773134,1216.6253820162008
Rpsa,1382.0275758765802,1529.743338815529
Prrx1,1381.6416433485222,1084.0291698508183
Myc,1382.2604076702437,1316.9893613407912
Rpsa,1382.0207910248696,1340.6915960139029
Gpi1,1383.9047013240156,1312.6615634115549
Rpsa,1383.070618925104,1094.9131815987953
Vim,1383.2204298415654,1480.732038728681
Rpsa,1382.492843298292,1561.743152437933
Rpsa,1383.2134990045138,1189.726411841432
Prrx1,1383.3849346427698,1070.0422197593405
Loxl1,1384.2009130805811,1291.596750028365
Aebp1,1383.280688765414,1282.0331658161067
Rpsa,1383.5819963005354,1376.7699307020323
Prrx1,1382.815779984334,986.5396822764984
Rpsa,1383.737679285521,935.312386509215
Eif3f,1384.1047842549665,1588.9661623138784
Rps15a,1383.6024010180772,1589.2735726385897
Rpsa,1383.170382726554,1309.2554773291436
Aebp1,1384.5563348749697,993.1359561354194
Ssrp1,1383.2846689796847,1052.6262312120643
Psmd8,1384.462851938622,999.328696305708
Ctsb,1385.1163522351717,1180.032962674912
Ctsb,1384.025665985302,1226.8004193082415
Rpsa,1384.7202737309103,1274.4958010824962
Rpsa,1385.330580763078,1448.2045578230905
Rpsa,1385.9779776064313,1575.5137785175784
Psmd2,1385.511469957784,1220.332203496131
Rpsa,1386.2753738524652,1542.9664315365203
Rpl18a,1386.4172680565457,1014.3607633794288
Aars,1386.1153725374254,1519.5650304909093
Fbln2,1385.9806256881664,1302.5524851747111
Rpsa,1386.3644872691204,943.8561293540462
Rpsa,1386.5409876504334,969.8357407755816
Prrx1,1386.7070424393885,1498.077354703881
Ctsb,1387.3290135104216,1235.8275488808772
Ctsb,1387.0322393994925,1248.6492192472117
Myc,1387.0118334653323,1380.2265780392831
Prrx1,1387.4746273008252,1354.0552842101297
Fbln2,1387.1956340452557,1016.0032679802764
Rpl21,1388.89474845196,1278.769586540206
Rpsa,1387.4934767342525,1023.4561403814258
Aebp1,1387.6243833203482,1313.991568179497
Ctsb,1387.444589390791,1261.5816662482434
Rpl15,1388.670237819708,1261.3888739586878
Fbln2,1387.9506679554684,1192.2926382005742
Fbln2,1388.19477046382,1006.9369735809574
Rpsa,1387.9730375525346,1373.557997703931
Psmd2,1387.6506689959206,973.9743809625276
Csf1,1388.1543288482387,974.3482985295118
Rpsa,1387.9670324468884,1474.3979954016104
Rpsa,1388.5861044076853,1054.5157344190484
Prrx1,1388.4162654780007,1461.9474196489552
Rpsa,1388.7843183469738,1137.625854010228
Prrx1,1388.6930469635208,1340.2960138226963
Rpsa,1388.9841179198015,1436.0778108852876
Vim,1389.181958130693,1436.8282679579336
Myh9,1388.2343099389743,1590.532769290793
Ybx1,1388.4352691342729,1591.1410754746864
Aars,1388.6571327443276,1590.4764146098414
Psmd2,1389.1801749477006,1404.3716670880813
Aebp1,1389.000346713541,1485.6170004456026
Rpl18a,1391.661946532768,1256.3687218376735
Psmd8,1390.0058009545162,963.0972984033256
Prrx1,1389.9758370076163,978.4314312129042
Eif3e,1390.1270617771777,1415.668048636957
Ptbp1,1389.5624871868963,1417.3093760685056
Rpsa,1390.292711531405,1420.9140592757358
Fkbp8,1391.6894761450494,880.5286786042469
Rpsa,1389.6255403579455,1479.51451258486
Psmd2,1390.6003711029834,1348.599778427162
Aebp1,1390.7061587071116,1232.1815860889285
Rpsa,1390.403274380233,1596.7196932839204
Prrx1,1390.9917308537783,1456.676168831906
Rpsa,1390.8391767997557,928.7101316098676
Rpsa,1390.8106238195355,1154.5231916795672
Rpsa,1390.79862038814,1424.7338642475293
Aebp1,1391.0473449253575,1410.348595640643
Fbln2,1391.4448966449877,1236.912641710193
Npc2,1391.5182512962774,1320.158346716849
Aebp1,1392.0100828389393,1319.6914750722358
Rpsa,1392.1298465878565,1399.9452104672964
Psmd2,1393.3013556150731,1450.13423964662
Ctsb,1392.2593080446673,1313.7833637611502
Ctsb,1392.9111708625996,1035.9701979512506
Rpsa,1392.9044323917426,1041.57249763745
Prrx1,1393.0728558417195,1369.3554187714255
Ctsb,1393.1796025677163,1473.8398017790548
Fbln2,1393.8429208333746,1281.4687059344749
Rpsa,1394.1083080155809,1358.2530038118523
Rpsa,1393.877948273344,1074.7226949796163
Rpl18a,1395.781586892745,1301.9630888264492
Fbln2,1393.9361694665752,1301.121731644654
Prrx1,1394.12514208536,1270.1785809566277
Rpsa,1394.2367148246988,891.2403270792192
Rpsa,1394.278413677127,1329.8639448925874
Prrx1,1394.7368271202356,1432.380902430342
Aebp1,1394.0129904795444,1248.2272939581128
Rpsa,1395.0376588409472,1158.3204203323537
Rpsa,1395.2224777500862,927.3855984874622
Rpsa,1394.7230767291176,1546.9966037690951
Aars,1394.1934273075606,1571.8011816128312
Aebp1,1394.781154928721,1417.5190026871437
Arf1,1393.7291802998927,1305.9638349675554
Rpsa,1395.2970621115212,1458.1745071378357
Prrx1,1395.7257608968057,984.7787257693792
Ctsb,1396.2422305370417,1281.8259523407833
Rpsa,1395.7267862650838,959.9547601660512
Rpsa,1396.259050067364,1396.699679257238
Rpsa,1396.1241768883174,1392.7698074167938
Fbln2,1395.346693717362,1381.767522809644
Mtap,1396.1152989986022,1381.73341993135
Prrx1,1396.1868401660884,1206.524200124346
Prrx1,1395.3323646415906,1410.3716359236062
Psmd2,1395.922804078976,1319.5511123316828
Prrx1,1396.3589433998177,1534.3185385724423
Rpsa,1396.485299162773,1559.8783573420687
Prrx1,1396.5174667984932,1499.7886703631452
Ybx1,1395.0510582729353,1576.2345892616386
Ctsb,1396.3768114449567,1264.7381410498162
Rpsa,1396.8801819867117,1502.8278151445693
Ctsb,1397.536919834435,1434.584465415631
Rpsa,1397.0071412159562,1079.7714204354386
Rpsa,1397.822655815691,1439.0602687919384
Fbln2,1397.8725112199977,1454.680131090489
Ctsb,1398.0604996577608,998.3392360114276
Rps15a,1398.6050583049614,1063.825978828958
Rpsa,1398.941060897979,1062.5752823539688
Rpsa,1398.7898594471194,1569.5135061346532
Rpsa,1399.032776556109,1428.248612993456
Fbln2,1398.6695438527838,1010.0624155769424
Rpsa,1398.6354937522738,1045.3404484269397
Rpsa,1398.895783044454,1255.48212445855
Rpsa,1398.519954660868,1276.1516838350444
Rpsa,1399.1805036944786,897.9746251791975
Psmd2,1400.630054360567,1526.782096820916
Prrc2a,1399.8029906519064,1326.8847510468795
Aars,1400.4182200814444,1326.638942671647
Psmd2,1400.2213758792002,1054.636337011186
Rpsa,1400.4617181616054,1590.3439271438133
Rpsa,1400.5447934757694,962.320976974056
Aars,1400.4419374594856,1444.847277456958
Tubb5,1399.4825992982355,956.824013293713
Lamp1,1399.679142215729,956.1352318544328
Mtap,1398.4715429989458,955.422928026104
Rpsa,1400.8560412042348,956.7739547527532
Nap1l1,1401.397663491712,1025.7422436659513
Psmd2,1401.310661260707,1387.0851251966274
Fbln2,1401.350922238893,1277.5057880721065
Psmd2,1401.493892166287,1580.9282108807693
Pkm,1400.687806986979,1552.108395452206
Ncl,1400.3474284733873,1552.5261689038907
Psmd2,1401.8015329511722,998.4511797582594
Tspan3,1402.7696784860657,1267.5715458790064
Vim,1403.1922658086642,1335.968419115883
Aebp1,1401.774981678695,1068.7839609159814
Npc2,1402.9415238932584,1194.3694431959689
Rpsa,1402.397624470426,1017.1375061476704
Rpsa,1402.2437761313297,1365.8496379942517
Psmd8,1402.969835666346,1468.8349204500091
Prrx1,1402.7865049290333,1516.4328871883245
Rpsa,1402.735917692683,1011.4823006843905
Fbln2,1402.7429428574085,1143.163938319144
Rpsa,1403.3651333184284,1481.1265649142435
Eef1g,1402.5645783169343,1422.0398285165163
Prrx1,1403.720936651686,1451.7154998927044
Rpsa,1404.3638044787135,1280.9785261598995
Rpsa,1404.3268894967264,1546.6922340665924
Aebp1,1404.417224746692,1326.5082758786302
Aars,1404.6265873295315,992.1707187738812
Rpsa,1404.744848561434,891.050143063189
Sat1,1406.055932172028,1444.1614138871294
Psmd2,1404.6622617106927,1295.8968573969978
Rpsa,1405.166282544913,894.3557340792686
Rpsa,1405.7672970377937,1561.3170522711323
Rpsa,1405.8399137045385,958.4984607425466
Rpsa,1406.1292891227415,1215.4266771903556
Prrx1,1405.593547585324,1370.3776916478982
Psmd2,1406.2874026562854,1018.7929106463752
Tpi1,1406.6079221782877,1016.5108616026808
Rpsa,1406.2612774767267,1483.791177125847
Rpsa,1407.2917363756958,949.5659629451728
Prrx1,1406.995137445169,1445.4537925540762
Prrx1,1407.3616811671936,1362.9033497284065
H1f0,1407.9439400031072,1361.3619986790416
Tspan3,1406.918672739944,939.5690221701972
Rpsa,1407.2121297951803,912.265127447823
Ctsb,1407.340967311311,1047.6244979460023
Rpsa,1408.2524674020706,1406.632142904372
Rpsa,1408.1607481350563,1288.480338250699
Psmd8,1408.1872065005084,1354.1645816510336
Rpsa,1408.429637786989,1580.7096025290532
Psmd8,1408.9747573518596,922.4832519133762
Rpl18a,1408.767016346586,923.2090456053444
Prrx1,1408.230518912674,1402.191908873021
Aars,1408.469714253462,1342.149404452641
Rpsa,1409.2352446666252,1469.334731970873
Rpsa,1409.1181020374645,1434.7370829541112
Rpsa,1409.366041689679,1586.885486893402
Aars,1409.5946557165605,1503.7091715101285
Prrx1,1409.7472423561062,1213.105055337491
Psmd2,1409.9555739183563,1081.8957832636393
Rpsa,1409.7580093984236,1058.4549652980006
Rpsa,1409.9562532000923,1541.3989487068782
Rpl18a,1409.259765103534,1333.5767789983856
Zfp36l2,1410.659940959577,1323.3830360022237
Psmd8,1410.182561656788,1322.524537596862
Rpsa,1411.1208487975323,1000.741060207041
Fbln2,1411.0261661365653,1255.8946505595538
Rpsa,1411.080913996008,1513.8359209772111
Rpsa,1411.2156057671432,975.8693522834712
Rpsa,1411.7260252201645,1306.956947040597
Rpsa,1412.0997586789294,1527.172243463164
Rpsa,1411.832668531794,1028.834344902767
Rpsa,1412.89385297575,1414.8013464618346
Nedd4,1413.6831603827402,1413.8160127940776
Ybx1,1413.4969838475786,1052.0735270827672
Fbln2,1412.8967197480551,1051.9720603475207
Nr2f2,1412.9888587801065,1051.674692422827
Aars,1413.8362497839862,1441.0828093608532
Fbln2,1414.4380691162812,998.213069753926
Rpsa,1414.2263775318404,972.0198755015092
Eef1g,1414.086187134462,1363.607208987606
Aebp1,1413.9387967499993,1423.322756866415
Ctsb,1414.732012272234,1290.1151151103486
Myc,1414.881084473323,1327.396196939936
Rpsa,1415.3913979644244,1408.2649759659669
Prrx1,1415.0216962772483,1463.3097798079
Prrx1,1415.1105906849702,1266.7742889484305
Ctsb,1414.855657724471,990.7883382182772
Rpsa,1415.1840698075694,1254.0627306407218
Prrx1,1415.464148481225,1434.0205902603311
Ube2m,1415.424501438587,1368.4162762717451
Clta,1415.443439063633,1370.0248406138844
Aebp1,1416.3269462412131,1316.465863660757
Rpsa,1416.2098375825994,1455.5198675374054
Aars,1416.7618312627314,961.7131461128904
Fbln2,1416.8826423660776,1042.529806158133
Rpsa,1417.0698250299229,1556.4726901989134
Msn,1417.1888748997872,1421.4152815454652
Prrx1,1417.0796865751806,1299.286341814991
Ctsb,1416.355672388169,979.8909702248249
Psmd2,1417.1807123643864,1503.4756776914303
Rpl18a,1418.151739207072,944.4880647638388
Il1rl1,1417.3664272202177,1376.3458047330064
Rpsa,1417.58169426604,1378.1787235032805
Prrx1,1417.8750755241815,1188.7155406947832
Ddx17,1418.065949507763,1190.295356716863
Rpsa,1417.5331682356154,1303.564447337018
Aebp1,1418.20892283592,998.4076832395814
Psmd2,1418.6205497380631,1395.6575112237654
Psmd8,1418.9306458654855,1407.7952424689029
Paics,1419.4858553541394,1408.5534240615932
Hspa8,1418.1075516237197,1449.692578503271
Eef1g,1418.3827878851555,1450.6192027234788
Rpsa,1418.0086228202235,1449.6931730389902
Fbln2,1419.0157036088858,1222.1840224226953
Eif3a,1419.5639017874391,1434.2900327181624
Polr2e,1418.5669034767393,934.3211644152208
Rpsa,1420.3145332028507,1516.6665882456437
Aebp1,1419.8662522708337,1225.060469278318
Nedd4,1420.3085949072197,1462.3436181705383
Rpsa,1420.2701527568036,1463.9873591614964
U2af2,1420.2260077347842,1463.3303707768596
Rpsa,1420.5558753263404,1461.2523968119613
Aebp1,1420.434692074937,1297.648750027779
Mrpl28,1421.249319916841,1299.0919823407623
Prrx1,1420.6710803869862,977.6756058486236
Fbln2,1421.5581487163322,1018.453597747925
Rpsa,1422.0650375250143,1423.565248080583
Rpsa,1422.3707083819568,1560.488729457007
Psmd8,1422.1136433254053,1185.89285923566
Rpsa,1422.8663506520847,907.4666406131388
Aebp1,1423.101919436532,1315.3141217354
Prrx1,1422.7881723042335,1268.464835747838
Rpsa,1422.8518971172805,1496.7556634622397
Aebp1,1423.1854603775175,1288.2748866844188
Prrx1,1423.9146912500537,1343.3254385626935
Rpsa,1423.4245886659044,1483.5467193727127
Idh2,1423.1806989746444,1483.083932437905
Myc,1423.3327607349183,1471.4277311352232
Rpsa,1424.251835474685,937.4535034004066
Rpsa,1424.1663821693403,1292.2165559363389
Psmd2,1423.600881263496,1455.2973207097286
Rpsa,1424.104292461679,1447.0395128671862
Rpsa,1424.685146096709,1262.9332481106785
Psmd2,1424.6193676048483,893.9163585643453
Rpsa,1424.7259308661166,1406.3383651256786
Psmd8,1425.212096316589,950.2342059608072
Rpsa,1425.5781099011404,1417.0888392571944
Prrx1,1425.385509566288,1175.0937013282478
Lmna,1425.5570534335786,1032.4621109896552
Aebp1,1425.0693353928166,1031.7998028749826
Ctsb,1425.0802657380657,1333.687214010769
Psmd8,1425.6317333948366,1527.8032109315473
Tcf25,1426.6383345069569,1401.7846701899716
Rpsa,1425.9955509212916,1401.5310731722088
Psmd2,1425.8844480380435,1466.6216076268358
Rpsa,1425.9426115040746,1488.4547786996695
Rpsa,1426.254840074277,956.5384333881948
Rpsa,1426.4972944909969,1132.1936844599973
Rpsa,1426.075847315957,1014.252163122954
Aebp1,1426.515953619658,1354.9463983043672
Ctsb,1426.7542717357958,1016.5641254487596
Ctsb,1426.888394732886,1020.7225419566628
Prrx1,1426.6955002707332,1505.6156671086944
Ctsb,1428.5701707167918,1442.649366606946
Aars,1428.792626731058,1379.2947300321175
Prrx1,1428.2497588470792,1235.9096649812343
Ctsb,1428.650613843574,1189.881293719625
Malat1,1426.546752358775,1191.128838226808
Aars,1428.8107873784236,994.4068899424014
Rpsa,1429.196633521193,1438.6187554188632
Prrx1,1428.4064849183414,920.6804786433196
Rpsa,1429.1671642265949,1427.1109552767591
Rpsa,1429.267482443614,1317.230395692428
Aars,1429.6717362201366,1277.2272696850346
Rpsa,1429.2265190832295,1045.1897630314943
Ctsb,1429.595129093217,1384.9062171674916
Rpsa,1429.9441782345602,900.7484441951266
Ctsb,1429.9337672365998,1363.9969549715097
Rpsa,1430.2777056793584,1411.3179338344294
Eif3e,1429.360079836245,1040.359207324776
Aebp1,1429.5213598379512,1359.9420641105978
Rpsa,1429.4215868785416,1329.389322422306
Fbln2,1430.0520866957845,971.9419657168826
Myh9,1428.1640901116807,971.6539127900216
Rpsa,1430.5590872269204,1352.4348907865146
Rpsa,1430.373630699615,1265.8079701148722
Prrx1,1430.7231872595737,1483.481335012491
Rpsa,1430.4135232381211,1280.6337921702066
Rpsa,1431.0912640526572,1304.2657895790198
Rpsa,1430.964664864694,1024.818224517121
Rpsa,1431.1234087123971,906.0033999918674
Aars,1431.1707408040884,931.6423970953674
Ctsb,1430.689539869308,1335.980421106553
Ctsb,1431.3594966660512,1241.9584212852203
Sfpq,1430.2653530243474,1015.7858104723764
Aars,1431.1294945252098,920.9451141922874
Rpsa,1431.4789261626124,966.2650299870566
Fbln2,1432.2299200892917,1345.4176702058153
Vim,1433.6258791237117,1344.002454533356
Psmd2,1432.0128062452686,1503.1203001572885
Tpi1,1432.3405234040183,1391.108678472321
Rpsa,1432.5333755417512,1422.8744128524029
Psmd2,1432.3845878725688,1310.3621378293258
Rpsa,1432.7289031271823,1476.8822182266058
Fbln2,1432.6901964951194,985.7232661586486
Fgf7,1432.1286817347682,978.3339895229528
Rpsa,1433.1935321947544,1433.394591294918
Rpsa,1433.6339045837735,1466.2859813682462
Fbln2,1434.330085056149,1269.5062278795313
Aebp1,1434.4185693066945,1280.992225175419
Prrx1,1433.834733374122,1174.8677820802293
Ube2m,1433.2778796634632,1174.9354808155836
Aars,1434.8935557272143,1198.3927472755258
Fbln2,1435.0814674959056,1284.7577454600582
Aebp1,1434.7853238168636,915.2125959176684
Fbln2,1434.5696504784594,1050.1993874244777
Psmd2,1434.9836914462244,1472.454026743189
Rpsa,1435.467417179931,1319.9654803184787
Fbln2,1436.0903395699831,1030.155684941316
Prrx1,1435.8948397226443,919.0206853029982
Mbd3,1436.235752937011,1461.8298833392423
Rpsa,1436.6210842175474,1410.2513853052546
Rpsa,1436.6843791193498,1426.2118722244818
Rpsa,1437.973769571765,1347.1130152064306
Prrx1,1437.8924277825092,1315.3616373999257
Rpsa,1437.6302104693127,1444.0758580529305
Fbln2,1438.5343998088038,986.2549477577868
Hnrnpul1,1438.142720965055,985.9924717625942
Il1rl1,1439.1353983721797,1308.9637732514966
Rpsa,1438.137650171555,1372.6517543167874
Aebp1,1438.0159124824472,1305.303047077383
Aebp1,1438.3492163012518,1044.8401347334016
Rpsa,1438.546215774728,940.4497085227952
Ctsb,1439.3361303980355,1274.603013482044
Prrx1,1438.845664407654,1294.4470461496817
Rpsa,1439.4317985020264,1016.679571679996
Rpsa,1439.2190356900285,1354.855887631866
Tspan3,1440.1517723451022,1458.136155951251
Tpi1,1439.9079990087137,1458.6229238940318
Psmd8,1439.7743879121963,1432.2022203616434
Myh9,1440.994072556724,1449.2579723090346
Npc2,1441.211649573483,1447.8063515983638
Aebp1,1440.9995992808067,1267.8292222854511
Rpsa,1440.7830890117707,969.641811912317
Prrx1,1440.6909481760852,1384.3663695509722
Aebp1,1442.437729069169,1220.3717161423783
Rpsa,1441.860400716972,1402.0117791738624
Psmd2,1441.771307649174,1411.1719606410252
Rpsa,1441.3999079218142,1122.4389209257452
Ctsb,1442.3663584141157,1243.3015553332198
Fbln2,1442.5225012156843,1285.7828014500797
Prrx1,1441.8971043885704,1157.516362296465
Rpsa,1442.522361711855,989.5346868343682
Hspa8,1444.0749662245785,925.8290143671876
Fbln2,1443.3039579872402,1418.943410358938
Il1rl1,1443.5234178137307,1346.217118606634
Aebp1,1442.7930050622456,1228.3611619674482
Prrx1,1442.801262808984,1183.1651728894294
Rpsa,1444.0509090305263,975.0507591041664
Rpsa,1444.4546298441646,1038.2104161947036
Rpsa,1443.9485001895682,1301.5286020576195
Psmd2,1444.4257195789123,1447.3751641329914
Ctsb,1444.4231985855574,1205.0812296860522
Aars,1444.1742591519944,970.5438953719224
Fbln2,1445.1005429444945,1009.8483119249988
Rpsa,1444.7082700551578,1033.6104522516057
Ctsb,1445.5056085114893,1213.406136913244
U2af2,1446.4297860087954,962.1792858527
Rpsa,1445.7977823654985,963.3779212058728
Ncl,1446.3862508197649,1270.849852152206
Aebp1,1446.454812713963,1390.7306797960305
Rpsa,1445.808711665467,1001.724395444426
Prrx1,1445.62271092405,1217.3756243338032
Rpsa,1446.2650215628696,1399.844195028426
Ctsb,1446.6437600162649,1331.827439376822
Prrx1,1446.705399791329,1257.9253997396297
Rpsa,1446.3530967395177,1268.5252140421849
Vim,1446.330607129607,1104.8872265628193
Aars,1446.1880927044897,948.38908386046
Prrx1,1447.1207492215904,1426.9705172609545
Ctsb,1447.4656612506155,1141.2151204483432
Fbln2,1446.784682668802,1305.7100156052345
Aars,1448.2521611833206,1346.3817777925212
Ctsb,1447.9975336508228,934.7737447455954
Fbln2,1447.2539527680833,1289.9892945868771
Rpsa,1448.102200419995,1320.452754264445
Fbln2,1447.8312192165984,1049.3598476587106
Rpsa,1448.1308606988423,943.9012796842682
Rpsa,1448.7780328226888,991.5090950614784
Rpsa,1448.3402902751302,1029.7462366717457
Rpsa,1449.588963194689,1020.9054488145368
Pdha1,1449.406523768905,1407.742139845472
Rpsa,1449.273981329161,1408.4547897964555
Tspan3,1449.2657081193856,998.2902629289762
Psmd2,1449.3615983570292,1119.3971806804914
Rpsa,1449.8805128826073,1024.2678532478287
Nap1l1,1447.955523123997,1366.931639517822
Vim,1448.597264109654,1366.5063086218568
Prrx1,1450.043123139196,1148.887953768968
Rpsa,1450.50980286006,1343.8956397246134
Rpsa,1450.9359421798226,914.6464598259146
Rpsa,1450.7620080400184,1411.6670694950408
Rpsa,1451.5861551536868,1401.290416152371
Fbln2,1451.6667380544975,999.9429982548338
Mtap,1452.747419696683,1310.0730777158542
Rpsa,1452.559899979909,1309.6656037366229
Eef1g,1454.2795424737906,1309.7574526654655
Ddx17,1452.8170486820454,1309.7333916693394
Rpsa,1451.9877764462606,947.4368258720084
Fbln2,1451.6307395065064,1178.9901951391091
Hspa8,1453.014856539175,1341.720627037791
Ctsb,1452.3571873863302,1342.1419630507655
Myc,1452.5499534421456,1101.7860126215496
Eef1g,1452.8158618915552,932.2286009801036
Prrx1,1452.631827404007,930.463123129558
Aars,1452.5854036267542,1269.9831038443065
Rpsa,1453.2535986812466,1414.172722445383
Tomm40,1453.7016146942724,976.58544768821
Ran,1453.0599433233783,976.9594903335886
Aebp1,1453.3265919365929,1020.5122940757872
Rpsa,1452.7825309205466,1382.513382685533
Rpsa,1453.474458183134,943.408408572765
Rpsa,1455.3594281914466,1313.8044375860345
Prrx1,1454.0425957857324,1313.0202754019151
Fbln2,1453.6238866531512,1079.6224381561262
Sat1,1452.3705801427006,1323.372290645732
Hdgf,1453.1033855990795,1324.6113773888785
Vim,1453.6665809932451,1324.3832078122057
Pdia6,1452.699827088082,1323.281377342688
Prrx1,1454.2372832168403,1161.0974171348505
Ctsb,1457.0700019832343,1213.6921076580704
Rpsa,1457.0210364610828,960.5582856624987
Ctsb,1457.1610643495203,1143.652604819139
Psmd2,1457.3626871905162,1040.245363722972
Psmd2,1457.7277234353562,987.7385758260092
Rpsa,1457.306431700946,1261.5197105271825
Fbln2,1457.0141784320442,1126.451285019228
Rpsa,1458.1747495582665,911.883936161404
Aebp1,1458.2051043722902,1226.8305615881277
Prrx1,1457.4610226065463,1093.540954964736
Vat1,1458.148402811522,1069.500724413615
Rpsa,1458.5115304265746,1255.3380391508915
Prrx1,1459.01367191975,1348.3330831516273
Rpsa,1458.433615123453,923.9155376158652
Fbln2,1459.2718923081147,1337.4153065995515
Rpsa,1459.7269449555265,972.651275796351
Aebp1,1459.8586319074072,1099.790209219855
Ctsb,1460.0241515263194,1291.3698616276254
Rpsa,1459.762658945166,982.680349686612
Rpsa,1460.5847616870324,1346.456755954833
Rpsa,1460.1794992707978,1379.8724245832104
Fbln2,1460.1404042606853,1124.3828577514198
Rpl18a,1461.2385519847885,932.4875458945456
Rpsa,1459.955270814247,1006.921355987442
Aebp1,1460.512603879427,1015.665425821062
Rab7,1459.3011389815792,1015.5168070225444
Fbln2,1460.707608509256,998.292000427231
Rpsa,1460.8294125293328,948.1108361369309
Vim,1461.4881354896052,1342.2781965441004
Aebp1,1461.2062187398997,1342.8666118095596
Psmd2,1460.7508657478895,963.4344256450596
Rpsa,1461.8109396998848,1339.8148975759875
Rpsa,1461.659714277171,1435.932212468192
Aebp1,1462.254869799649,943.9522073013708
Prrx1,1461.8373132275258,1216.6834374069613
Aebp1,1462.058584736635,1091.5984014224252
Rpsa,1461.696029695824,942.798067866057
Psmd2,1462.2393993590013,1028.0751033049823
Rpsa,1462.4618134909615,1308.454129873794
Fbln2,1462.4561690205603,1004.9076244776268
Psmd8,1463.9001304174624,1372.6931553633542
Aebp1,1463.9094897328578,1223.9259743627752
Prrx1,1464.1383339669503,1171.767461184249
Fbln2,1464.430059298816,1084.3662109204354
Rpsa,1464.1891142382951,1107.063797991479
Aebp1,1464.4600121024205,919.5374262034436
Vim,1464.0181352371196,919.156266233614
Nucb1,1463.8592401620351,918.4473292533854
Aebp1,1465.4047837136725,1159.3902867085878
Fkbp8,1465.472687284017,1158.1397383759866
Rpsa,1466.037354133491,1331.1013167716455
Aebp1,1465.968333932797,1039.579583919977
Rpsa,1466.0331564710273,994.977099193461
Tnk2,1466.8505770763709,952.651381178098
Fbln2,1466.5181744801675,952.8824573270236
Rpsa,1467.0509447198929,1270.437351568116
Psmd2,1467.959077292858,1341.8483585561016
Ctbp1,1467.7012484672916,1343.2372102396205
Aebp1,1467.5144278287814,1163.5661076310075
Pkm,1467.0219300926865,1162.161769672171
Rpsa,1468.2197523511406,969.9485410268366
Psmd2,1468.3744115521886,1298.3098645921382
Aebp1,1467.7377458507965,997.6651296102092
Myc,1468.0545292202155,1219.32707685599
Actn4,1469.7637482584412,918.6592437217284
Rpsa,1468.235503278341,918.9351406767468
Myc,1468.7970261254784,1184.0602116927355
Prrx1,1468.8889735764833,1132.2014081749976
Aars,1468.8338976562954,983.041814427256
Rpsa,1469.2537245848798,1356.2481888298223
Fbln2,1469.630951605176,1042.8245928317278
Rpsa,1469.485485695011,990.0679795599468
Fbln2,1469.3484115652632,1055.97724003576
Rpsa,1469.676533478784,964.3988681169257
Rpsa,1469.609263413551,1362.172890780594
Rpsa,1470.6561447009494,1081.9467839828612
Rpsa,1470.5926424602064,948.1017327547454
Aebp1,1470.7080364996257,1136.364827322493
Rpsa,1470.6972590765088,1062.6094800954356
Ctsb,1470.3912015433004,1169.9212918369249
Rpsa,1470.45074056451,1282.8890544737842
Prrx1,1470.8028988585625,911.5834629226464
Nudt9,1470.4500907965653,943.3293254860002
Eef1g,1470.0447927647936,941.4388905039596
Vim,1469.7520803057016,941.2490037891724
Rpsa,1471.0739420672307,937.2871343063016
Fbln2,1471.0515099206932,1235.017704927863
Rpsa,1471.5633674388096,1279.2407198536969
Rpsa,1472.423413723798,1012.7090357492244
Rpsa,1472.04503978532,1270.6549415701584
Ctsb,1472.6163563669886,963.8115579324516
Rpsa,1472.7072674572878,917.2726101089754
Fus,1472.1182892571762,917.8510108805484
Polr2m,1471.738475207124,1322.6077845359598
Fus,1472.494438913045,1321.9505669699624
Aebp1,1473.038590633165,1061.205616069154
Rpsa,1473.9067208182755,1260.8351846301368
Aebp1,1474.133201979479,1291.046844771328
Ctsb,1474.376490302056,1072.919106962178
Ctsb,1474.1071988809329,1042.290220234824
Msn,1474.4092183734303,1041.8588067598075
Aebp1,1474.0914307330122,1055.3693008921284
Myc,1474.4028755875172,1211.0600517672149
Fbln2,1474.535084581397,1217.6640350957207
Rpsa,1474.5146180082638,1097.243035408973
Rpsa,1474.7680962403683,994.5155341218308
Prrx1,1474.878203282841,1192.0286530284336
Rpsa,1475.4272835629702,1076.9547333752646
Rpsa,1476.9989908514476,1087.6160598044082
Fbln2,1475.6681815417064,1089.2891593896975
Prrx1,1476.518174997203,1110.124118146223
Rpsa,1476.9402876454662,1013.6788311078762
Ndufv1,1476.3521239560694,1249.1666541609104
Rpsa,1476.730453059202,924.692148209586
Prrx1,1477.3276025242058,1130.3793848298312
Aebp1,1476.6156393495285,1332.643646719423
Prrx1,1476.8380200791862,904.7262468854278
Rpsa,1477.1279638339718,1020.6497814622114
Rpsa,1477.343018282204,931.7335260615712
Rpsa,1477.9535456024337,1287.044614846683
Psmd2,1477.6296431984513,992.7862560947636
Myc,1477.6427873867606,1217.116515546238
Fgf7,1478.8348120577396,1215.4005442433595
Aebp1,1478.5875577283068,974.0400444222662
Rpsa,1479.0549549606162,1067.3480027811108
Rpsa,1479.2754089220048,1036.506025139939
Myc,1479.183271748608,1146.5219783083344
Prrx1,1479.315042599012,1332.506866086335
Prrx1,1479.7898563687645,1155.9303340074002
Fbln2,1480.21696197875,987.5109776185128
Rpsa,1479.9675216490805,1296.6141962060258
Psmd2,1480.8588520996575,1267.6837013973714
Rpsa,1480.919167166405,923.6493703101594
Rpsa,1482.3259546467093,1052.0046141339742
Aebp1,1482.6672483677864,968.3923697341947
Rpsa,1482.6711461848463,947.4052592453796
Myc,1482.7488075848742,1183.5130938073742
Prrx1,1482.8977977262257,1294.3791889187387
Ctsb,1483.3035215458897,1092.0417124084368
Laptm4a,1483.4261372439123,1253.6371605619202
Ncl,1484.4987891239352,981.2462007568968
Prrx1,1483.706619480687,1013.6850402525112
Myc,1484.4295590709446,1195.3729889739152
Prrx1,1484.2865057838185,1222.7696945235648
Rpsa,1485.3004265339223,971.6770298570068
Clta,1485.4250773879255,894.2099172317323
Psmd2,1485.068114916632,893.917650809552
Rpsa,1484.6915766825227,922.650803534362
Ctsb,1485.6203108704678,960.0170960706016
Rpsa,1485.5840689162656,877.992521613959
Rpsa,1485.5688692111585,1114.2056511440132
Rpsa,1486.2553487737289,957.5369547846552
Aebp1,1486.5795169979888,1037.660300110188
Aebp1,1487.3805997102468,1249.7356082324525
Rpsa,1486.5182527539089,1085.673441146489
Rpsa,1486.976249207161,1288.0949575818531
Fbln2,1486.7910010994922,1063.32059672246
Fbln2,1486.8351402305489,1097.4482845774294
Aebp1,1487.5724785773357,1181.0126791887649
Rpl18a,1488.314734911194,1308.4278685485278
Rpl18a,1488.2338155780812,902.7041543667387
Eif3a,1489.1092877879678,901.4187122999786
Ncl,1489.99410651764,1264.051996026585
Ybx1,1489.5279957416744,1264.174738586991
Rab34,1489.0865212185638,1263.660346322628
Hspa8,1488.04133686487,1262.4619479528503
Myc,1488.5276254431178,1301.987486330977
Ybx1,1489.1839053222293,1306.5015072494743
Aebp1,1489.1489805832323,1052.9086095123512
Rpsa,1489.8418466121962,1298.4695252166252
Prrx1,1489.4588325048717,1189.4150106496463
Vat1,1490.1943969081822,972.0633750997208
Gpi1,1490.916100088671,973.1004408328456
Aebp1,1489.6574200603454,1225.332282336677
Ctsb,1490.7843258055618,1086.5818917145662
Myh9,1493.3500542058505,1043.4427149023577
Prrx1,1492.073822218479,1041.5486488141255
Ctsb,1491.390884065352,1056.5791940623542
Rpsa,1492.3519049593544,1029.7635279168226
Vim,1491.3354914992285,1030.1453012181764
Pkm,1493.573853683383,1029.3908111803958
Tbrg1,1492.0800206607923,1029.3084150117502
Prrx1,1492.5044673671216,881.9897702709487
Eif3d,1492.9866163643453,1247.9717930977022
Rpsa,1492.0028720729715,1075.9859033424132
Aebp1,1492.72195368243,1026.2137888657733
Prrx1,1492.8022401851906,948.5708616387756
Rpsa,1493.0737662432691,923.9213094292304
Fbln2,1493.198697551672,1066.1126281916145
Aars,1494.168472558491,926.7979953900414
Rpsa,1494.5572849242817,974.3826211464104
Ctsb,1494.1733829273337,1117.2257624170466
Rpsa,1494.4235751007366,959.0256483704056
Rpsa,1495.4045264318704,911.309647022595
Prrx1,1494.999512724622,1280.877524734345
Rpsa,1495.2553518528814,1088.1892989382427
Prrx1,1497.0097609155368,1015.5452881716698
Prrx1,1497.8462589259148,1258.060359498977
Aars,1497.9062109829697,1018.0883159041502
Aebp1,1497.8625678862818,1076.8135672102562
Rpsa,1498.7100086435769,1053.9775707368578
Rpsa,1498.4515390153956,1106.5411405429345
Psmd2,1499.326677736535,1124.038255870608
Rpsa,1499.293731526555,1292.4678709374166
Fbln2,1499.9706047141922,1072.1618755691002
Psmd2,1499.9235383649034,1010.6914460681712
Rpsa,1500.659448462521,959.8247259326256
Psmd2,1500.7070350269792,914.697084245966
Mrpl16,1501.6885897935267,1245.2430863563895
Fbln2,1501.1339746886508,1267.937114160295
Aebp1,1502.803432201382,1132.6345608508543
Psmd8,1501.9620078645396,1080.7023161806114
Rpsa,1502.9373089235105,1234.5330157130686
Rpsa,1502.0413621729467,1315.4498230290994
Aars,1502.9991765352256,1114.850768335726
Pla2g4a,1501.1988620551097,1060.7976260756054
Rpsa,1502.6865341383427,1296.5072359965034
Rpsa,1502.9896415532369,1307.895153090778
Psmd2,1503.2241673307765,1283.413117818059
Rpsa,1503.473609606859,975.6969949354732
Rpsa,1503.4563696704822,910.6547121721934
Rpsa,1503.582173665793,1012.2759119316792
Rpsa,1503.7305574313991,1320.6195414933552
Aars,1503.7545333345863,997.4118699499342
Rpsa,1504.2652023264743,983.1089494013904
Aebp1,1504.0499853308306,1098.8706303294955
Aars,1504.3136585764485,874.4477786472385
Ctsb,1504.6826489230489,1023.3680324813575
Hnrnpul1,1505.888714802865,1249.0167093759978
Fbln2,1505.3780502728812,1120.0137679391282
Aebp1,1505.574143041641,1254.168405694414
Fbln2,1504.914737105425,1033.4411014637317
Psmd2,1506.3512294921716,1048.4704321280278
Lmna,1507.4471142734849,912.9252059252824
Vat1,1507.5727791082113,912.36155172307
Ctsb,1507.0095710750363,1102.9253615064265
Rpsa,1507.1514448173723,1262.3070249387065
Psmd2,1506.7072961312654,1139.5592044851496
Prrx1,1507.0816786709247,1227.382873034172
Rpsa,1508.3399741554244,969.9003577229428
Prrx1,1508.2841910656134,1210.498464165628
Rpsa,1509.8528418436454,941.6550226423936
Ctsb,1509.430456642595,1126.6862675054022
Ctsb,1509.110284505913,1034.3571123224715
Psmd2,1509.8607058505477,984.896375007897
Aars,1509.611801085787,928.8216348955332
Sae1,1511.298077873562,929.2285259943064
Nedd4,1511.4877478634105,929.054909930109
Rpsa,1509.8609695462646,1040.7471895151202
Aebp1,1509.5417374486724,1120.01366631608
Fbln2,1510.1492705742526,1063.1370983801603
Gsto1,1508.7642749989168,892.9411557528359
Ptgs1,1509.7449766692205,891.9138628111084
Rpsa,1510.5378910966133,1280.3299925499016
Rpsa,1511.3946367183485,1027.929400053448
Rpsa,1510.6101149822807,900.3502993420227
Psmd2,1511.5465725819777,1278.3853755292614
Aars,1510.0703546017487,886.0290400580823
Rpsa,1511.266460293222,832.7965889001393
Prrx1,1511.66074428612,921.0634174173108
Rpsa,1511.398160718213,1257.612490257296
Fbln2,1510.8863916543253,1077.0804291318243
Hnrnpul1,1512.707778562923,961.1388096800677
Rpsa,1511.381573107587,961.8052922977764
Rpsa,1512.007382561727,980.1961018260906
Fbln2,1511.8007451617757,1008.5829904544522
Vim,1510.4022413113682,950.5495142815296
Rpsa,1511.348768536148,949.5333193210756
Psmd2,1512.2027740250062,829.5316617967304
Prrx1,1511.1307241255915,1045.579249136385
Aebp1,1512.1089237293436,1086.544004540734
Rpsa,1512.9798667554182,1293.2680614416918
Rpsa,1513.8197674276869,1282.5739741446132
Aebp1,1512.999023521411,1106.3582071495507
Rpsa,1513.2644006968003,1228.7514966782828
Rpsa,1513.1095955632304,1115.34425973214
Fbln2,1514.0984740654071,1023.8209454039516
Psmd2,1514.410860179043,1142.8162514983237
Rpsa,1514.5381996178762,1301.2320411349883
Rpsa,1514.5209202820813,1297.7243073844666
Ncl,1515.523528091824,1117.963569528636
Rpsa,1514.6832858222665,1320.5418654155717
Rpsa,1514.7324212479466,1136.6865898509338
Aars,1514.6339392149962,970.6689553809396
Rpsa,1515.0888651404755,917.650015964526
Rpsa,1515.2304526108603,1021.4089546099364
Ctsb,1516.2514955477548,1094.6944923104588
Rpsa,1515.154437764647,1090.049852291349
Myc,1515.9554012410415,909.2470464466568
Ybx1,1515.2716059770942,910.0119783452363
Psmd2,1515.8590999890023,933.2183403610248
Ctsb,1516.544054522986,1152.7068464822444
Rpsa,1515.5931060273554,950.7133211892852
Rpsa,1516.1305692486624,1030.9110696561838
Fbln2,1516.934414803742,1232.6798798399227
Prrx1,1517.3588661676663,997.2579839873152
Rpsa,1517.090642881538,1275.3470583793578
Rpsa,1517.2694538709904,859.2750589965436
Rpsa,1517.7425696257926,901.0587907133148
Fbln2,1518.242504234891,1009.8310826623892
Aebp1,1518.9569955200982,1018.7347003306702
Rpsa,1518.3168643382503,1260.9289232088126
Prrx1,1518.987487668899,896.3356008683944
Aebp1,1518.6450751092912,1001.910729067019
Psmd2,1519.68567309971,1248.8924158310888
Rpsa,1519.937060941064,1107.8798146466638
Ctsb,1519.7329348308938,1176.6825077933286
Rpl18a,1520.6979888960932,1177.2281854829766
Rpsa,1520.0515427586786,1082.4482833358277
Tspan3,1520.1744021650445,1094.9523595679518
Rpsa,1520.0637369844867,1270.2104820929098
Rpsa,1520.9949467632298,1105.4376558165447
Rpsa,1520.3978913322562,1317.7879126076114
Aars,1520.6358849825815,953.286373476226
Prrx1,1521.5582946733875,1195.7529525739517
Prrx1,1520.621533467315,932.8958341769808
Rpsa,1521.2185533595757,1275.9051702533216
Fbln2,1521.4777822403887,1102.8017745506504
Pkm,1523.3207922073295,1153.438896347358
Rpsa,1522.7314007258697,1077.5900602897132
Ctsb,1523.048629866515,1142.4835496904316
Psmd2,1522.7331496893364,1030.3744675480132
Aars,1523.6724240527087,1066.619603945329
Prrx1,1523.6495373366736,1204.2094204322268
Pkm,1521.2263409609102,1205.7563315396217
Rpsa,1524.15836159011,1221.5445923218597
Ergic1,1524.967383746066,1220.0779214621944
Prrx1,1523.7026070924956,862.8220380549076
Aebp1,1524.701428777388,1192.9391702020748
Rpsa,1525.3153603059236,987.2117123147144
Fbln2,1525.1014648467092,1019.2404057876496
Fbln2,1524.4544872857657,1091.5136523152428
U2af2,1525.5763224915004,945.8441691261664
Rpsa,1525.6138298428502,947.2375169195624
Mrps9,1523.8321005757243,946.2830723522798
Cnn2,1524.4489202884731,993.366356640321
Aebp1,1525.7905807493164,994.1047792269584
Pkm,1523.6964718855927,868.9942119402443
Aebp1,1526.743412432199,1112.576925608073
Aebp1,1525.7376950940966,1105.1165325592017
Rpsa,1526.1843223392077,1317.2247118027044
Ctsb,1526.448571991985,1186.7310026979549
Psmd8,1526.882186040599,893.4573017128841
Aebp1,1526.994454428942,1206.7809215985258
Fbln2,1528.040818803016,1158.4200948255475
Rpsa,1527.988040516772,1004.8319011080232
Pdia3,1528.437786329,1000.5875878051075
Ctsb,1528.7415447819717,998.624339410343
Prrx1,1527.9628967318702,1125.341078103859
Rpsa,1528.7914841680458,1156.3128068343594
Fbln2,1529.1524890256148,1094.958075884697
Prrx1,1529.443373105596,1218.0777109319774
Rpsa,1529.7901858986356,1325.2161009738602
Fbln2,1530.0391563701992,1048.592152871183
Rpsa,1529.3869094518857,1084.076506488192
Rpsa,1530.2391888056482,1076.6838681506451
Fbln2,1530.4814317523649,1058.720340971169
Rpsa,1530.3937593476385,1054.5961508160035
Rpsa,1529.7296039463797,988.7806276294798
Rpsa,1531.3706059807523,1089.2560153729714
Rpn2,1530.7657975418235,1109.7419294606186
Fbln2,1532.1719062706204,1203.447668524802
Rpsa,1531.7523184264328,1002.2839859553912
Aars,1532.164009968099,972.7904748089628
Rpsa,1532.9096520175624,858.2693452866368
Rpsa,1532.4877641222604,929.997101917067
Pdia3,1534.301237258865,1059.9947534524729
Rpsa,1533.995212729896,992.231655570144
Rpsa,1533.667830771064,877.1721000484188
Aebp1,1533.6115560351884,1206.747188021961
Rpsa,1534.0341975152603,1135.9685127660468
Fbln2,1533.777303660343,1085.5861014491952
Zfp36l2,1534.079164808292,1100.9033641576912
Prrx1,1534.2155632484746,1147.8846092810156
Rpsa,1535.1296214789256,1078.855142415003
Rpsa,1534.8364199806963,1309.314141751221
Aebp1,1535.4309071303828,1134.2171230889344
Ctsb,1534.4533754915944,1164.5141276359404
Psmd8,1535.116876153434,1124.8768202120514
Actn4,1534.7323045408652,1124.4413537900332
Eif4b,1534.3943516589488,1124.9227809579745
Aebp1,1535.1242300060585,1026.3849163290904
Rpsa,1535.5109257045806,849.2988821532218
Fbln2,1535.5644677248545,1140.2784851992153
Ctsb,1536.5289001493056,1121.656628611019
Aars,1536.598391207034,922.3875171767138
Prrx1,1536.3217922403935,907.104324413606
Maged1,1536.0175980616673,1061.595466554425
Mdh2,1537.344712815198,1061.1400775070565
Pkm,1536.6066522897936,1061.199525098559
Ssrp1,1536.1131576996645,1060.9471486502002
Ndufs2,1538.9543085254977,1144.1221761350612
Rpsa,1537.0211558604692,929.5520651805192
Prrx1,1537.7203015810308,882.1197563690953
Ssrp1,1537.3097610884272,881.3659545727655
Psmd2,1538.2904420855637,996.7291196432332
Fbln2,1538.5773475689805,1102.9623962818457
Psmd8,1538.9581222777638,1167.2913066476558
Rpsa,1538.6830234532072,1076.0371068421334
Prrx1,1538.6856072920457,1100.7280738423797
Rpsa,1540.242702167849,1106.768385395421
Rpsa,1540.4649780923332,1320.8385418517155
Prrx1,1539.7000194867576,1086.8438939778853
Rpsa,1539.7075458924105,1199.9453773702253
Aebp1,1540.6521647127558,1081.7533539914366
Cs,1539.1281577562502,1081.8641229369125
Psmd2,1540.9314923694556,981.0511456471912
Aars,1540.3739689964327,1036.967748521599
Vim,1541.803851542942,899.4275795171909
Prrx1,1540.7092537117458,901.1094538821624
Rpsa,1540.984446638088,952.049973547516
Rpsa,1541.9075560251422,1072.7164433603375
Rpsa,1542.2116640232975,1003.117628969185
Prrx1,1543.414221374596,1165.2215484852245
Vim,1544.3603817225166,997.9591295181084
Rpsa,1543.4691611417286,964.872125440122
Prrx1,1543.8697515321492,879.3950614078778
Vat1,1545.0083601145398,1051.4270363035348
Rpsa,1543.9265004709134,1056.6364653701482
Tspan3,1544.5281271912447,1136.2410141412934
Ctsb,1545.0436679206002,1127.6363845248447
Prrx1,1545.1343677060802,1167.2386902442604
Myc,1545.7272795670565,991.3954592259278
Rpsa,1546.0565200931132,1110.80066702189
Rpsa,1546.2702134372616,1144.089717634309
Tspan3,1547.14593685997,1104.7427424645855
Psmd2,1547.1656858574274,972.485355192073
Aebp1,1548.021520667891,1012.0155126193788
Rpsa,1547.9226959333782,1009.5416929982338
Myc,1548.4631944591351,865.350745924779
Ybx1,1547.73705689473,954.2385549468504
Rpsa,1549.6959167127309,954.4095544521612
Prrx1,1549.885026294919,943.3246634725922
Psmd2,1550.496990275602,1105.6503874720354
Rpsa,1550.5082030470344,979.3084103508191
Rpsa,1550.5696318272026,868.7367627734034
Rpsa,1550.6743856881994,971.7227770822284
Psmd8,1553.0347941878615,892.7517420926997
Aars,1554.2162921200063,948.7386430307722
Rpsa,1555.3201007212724,974.6960373229258
Rpsa,1556.8047163280412,958.8069038118756
Rpsa,1563.947958138957,983.8597295330568
Rpsa,1565.516022676278,918.3295554622872
Rpl18a,1567.231876557262,905.892607110752
Rpsa,1566.6660946217587,903.8794940700868
Prrx1,1575.621269690294,957.8649739190704
Rpsa,1577.2093836854465,951.9325828577116
Top2a,1297.3799733549474,1384.0991001439602
Plin2,1297.4616403171576,1384.356694902201
Rab34,1310.733852307936,985.4941797675268
Ndufs2,1311.891655343784,1007.9112470076712
Plin2,1317.4531474731862,1040.65089135258
Cnn2,1321.2465360586575,1051.2041569220387
Ywhag,1321.0366383975995,1050.3344204991913
Rpl4,1320.411061321456,1057.454609457286
Ndufs2,1323.836107267095,1302.1632347654554
Prpsap2,1324.749195315915,989.6235182579755
Plin2,1325.6779656506374,1005.96078394227
Tapbp,1327.534684229554,999.63898569578
Plin2,1328.6462550548256,1053.682924882406
Sdhc,1328.9483928213886,1047.39753785607
Plin2,1331.788520441163,1203.408355388575
Crlf1,1333.9520511061587,1229.1043837005125
Plin2,1336.829526021791,975.3268998957748
Ndufs2,1338.3829221880696,1247.6147122850982
Plin2,1340.238046717407,988.107193185138
Plin2,1340.584607288646,1294.386420886237
Plin2,1341.224941602232,944.9987106577628
Vim,1341.732963704544,1320.5042049591498
Rpl15,1341.6774969675816,1320.5660575023576
Ywhag,1341.44484350876,1343.9462277956372
Ywhag,1343.260898037336,1114.3326741286926
Rab34,1343.8410302610132,981.7483623130556
Mrpl10,1343.915342818673,1285.3080041334924
Ywhag,1346.3253679415184,894.4082959568591
Rab34,1346.214320005213,1342.6581333165127
Prrc2a,1347.0468940141689,1253.0691748766426
Hspa8,1347.2033298859897,1252.135569340017
Ywhag,1350.2555669027456,1345.6104750226566
Nr4a1,1350.576455878821,1367.245436601857
Ywhag,1351.1157570647763,969.6987954087052
Rab34,1350.8094365120514,1067.1527469048797
Rpl4,1352.3797699015813,1382.9335563720877
Nr4a1,1354.13067927051,1216.140875654301
Mrpl10,1354.4177477229514,1274.654635910358
Ywhag,1355.6753834191145,1017.5991554391392
Tnc,1357.4597446627613,1129.7851205833997
Rab34,1356.7249400636624,1129.7246049484252
Ndufs2,1358.1821206618995,1352.4507309271523
Ywhag,1360.436210732467,1215.080380654412
Cct5,1359.9500118915948,1365.452373988502
Rpl4,1361.094966101114,1365.750353400104
Plin2,1362.1454874931317,957.6562770325528
Ywhag,1363.8703399960698,1030.529376093086
Plin2,1363.9817277900738,1409.9835793866046
Ywhag,1365.195426460642,1342.940086965473
Ndufs2,1366.7390965525371,1151.5299882467525
Ywhag,1366.9563853716102,915.0143015048516
Rab34,1367.6391580408492,982.8488045225374
Rab34,1367.9797683903907,979.1561080469344
Rpl4,1368.3252683820324,1256.1349896059742
Mrpl10,1369.0940048798354,1335.431179106482
Ywhag,1369.1945099579873,988.2106688205532
Rpl4,1371.0556483356434,977.2965723869896
Mrpl38,1371.2261076179796,1172.0527544193633
H1f0,1373.5840277788675,1298.272205025998
Rab34,1372.09403486514,895.4991346313922
Rab34,1372.57918439911,1013.5777079648834
Ywhag,1373.904795757439,1405.0409458542365
Nr4a1,1374.3012234338362,1443.1059187386218
Plin2,1373.9978669526836,1333.9830545063182
Mrpl10,1374.8424669611638,1409.5170662065843
Ywhag,1376.0632449956313,1113.9636537366864
Hif1a,1375.9088028764436,1535.8134922557742
Plin2,1376.4599896009436,1428.2824464149392
Ndufs2,1377.9217767577534,1323.4762432603525
Plin2,1378.1791315922546,1329.5712544640162
Mrpl10,1379.308045515988,934.3443599588094
Ywhag,1380.5371878952003,1006.16556786191
Mrpl38,1379.9300185213797,1411.6395043716957
Nr4a1,1381.1379510044976,1055.4809360762113
Crlf1,1381.203607366631,1218.175082444857
Rpl4,1381.3643936400483,1043.5469172113217
Plin2,1383.599248719216,1084.4699150494296
Rpl15,1384.1037917471058,972.1715053143608
Cs,1385.364399904321,973.895348005186
Hspa8,1384.7467128877724,972.6986766506394
Msn,1387.2264406949175,974.8004948799812
Mrps9,1383.5609434464586,972.7275607789228
Mrpl10,1383.856644589246,989.735317028952
Rab34,1384.5721636075853,1408.8399207934026
Ywhag,1384.8671988890417,1528.3098121840385
Twist2,1386.061540690625,1477.072122073142
Lrrc59,1385.2723165008122,1476.9533031690262
Prpsap2,1386.570742872594,1150.2596719777691
Ndufs2,1387.0353484094962,1296.1648000674784
Ptges3,1389.2165923431196,1018.49328985118
Rab34,1389.494883636224,1019.82669301591
Plin2,1389.161830567428,1044.816530428787
Neat1,1390.1533177546564,1181.5330841959276
Plin2,1390.4113004128003,1330.2910186628749
Plin2,1390.0118203098402,1369.2819882360886
Fus,1392.1634758522075,945.0524581418888
Oxct1,1390.2731618529997,944.5596434823572
Rpl4,1390.3842632979834,1593.1254044384432
Ywhag,1392.5573028023427,1464.1219403308858
Ndufs2,1392.2320465404514,912.7653127138086
Rab34,1392.9124086755105,1335.6677027586834
Rpl4,1394.1406436014126,1393.519250232273
Neat1,1394.9189459090917,1157.3223049099
Plin2,1395.8535676194813,1548.0431508198842
Ywhag,1396.6271761853995,1487.2948829806164
Gsto1,1399.7590600508238,1347.008930883214
Ywhag,1398.3881355950343,1263.8068333132803
Tomm40,1398.679508323437,1365.2262218601331
Ssr2,1399.3531183421703,1366.3260349784732
Ywhag,1398.7475808691338,966.9773816407484
Ywhag,1400.2770210858748,1472.1159732570663
Plin2,1401.018606679806,1520.8344252387278
Ywhag,1401.4841346627422,1590.1450627613942
Neat1,1401.415038524442,1166.1418057063834
Gpi1,1404.0891989851543,1457.0933116999854
Nr4a1,1403.7166001461164,1456.105146405756
Rpl21,1405.343530969739,914.1634125954688
Plin2,1404.739933658807,1283.6078829969422
Rab34,1408.2653497970227,1548.5354446134502
Plin2,1408.832159113674,1342.5466319112547
Ndufs2,1409.6388664672925,1411.3672574318923
Rab7,1412.0332196237182,1411.172612515271
Cited2,1411.2721006904371,1409.837816944593
Ywhag,1410.1104558790348,1373.8067957076762
Ywhag,1410.2987682542534,1043.4672807998004
Ncl,1413.189369643859,1462.7440361771344
Rpl4,1412.4240362542566,1464.104889359817
Tcp1,1411.9323413642287,1463.9352810886917
Plin2,1412.59633961468,1407.995809349582
Cnn2,1413.0976685321757,1476.5266878799332
Nr4a1,1413.4351807359144,1475.323812973185
Neat1,1414.908319763694,1429.159780351853
Ywhag,1415.6643448923717,929.8787314509332
Hspa8,1417.0288418399205,1258.4500473340097
Nr4a1,1417.6374299682034,989.133157123504
Prkcsh,1418.9791080059588,1038.6951215610238
Tubb5,1418.1604177512804,1037.8107541711288
Neat1,1419.6082878411014,1193.6309530457474
Tapbp,1420.1674227165918,1313.676562351485
Neat1,1421.8931317972774,1153.1430536921137
Rab34,1421.5559151874863,1531.5696537310796
Gsto1,1423.5931076759946,1381.023072774375
Nr4a1,1424.5044761937456,1503.591120562056
Mrpl38,1424.619371518117,966.741334730112
Ndufs2,1425.1668501779366,1008.3347518173985
Mrpl10,1426.5666721108448,1596.0143143318137
Rab34,1427.5305352602472,958.5964928108616
Actn4,1427.579387988182,959.5629639770366
Neat1,1428.4934983945373,1191.4791551582496
Rpl4,1432.8591034241465,1458.3634945093377
Tpm1,1432.3972223400551,1459.304776115525
Neat1,1436.058394376364,1233.567598938736
Ywhag,1436.9259934857646,1413.71998151354
Ywhag,1438.337271712116,952.6685454758032
Ndufs2,1441.2025796365465,914.9907389879984
Ndufs2,1443.0145458841534,1164.949207392688
Prpsap2,1444.1612750387872,1385.2207658577513
Rps15a,1447.8069951435766,1403.1138393358096
Neat1,1447.6234518994252,1403.4819882396896
Npc2,1448.0296274718792,1403.3954246754845
Csnk1a1,1449.1957318636446,1402.453952547105
Nr4a1,1447.0712501313487,1444.438970113854
Ndufs2,1447.2257784040507,1263.6498332149006
Plin2,1449.607887712089,896.8963448712836
Ywhag,1450.0594684491414,911.703933999648
Mrpl38,1452.0463810305364,989.6086873238776
Neat1,1451.4350045153178,916.6458147263504
Vim,1452.324108384356,1294.2053156101947
Nudt9,1451.401187619391,1345.926060123183
Sf3b2,1453.0665901295797,1347.528642071648
Rbm3,1453.4592469051245,1304.2675136659104
Rpl4,1453.9313934100696,937.367058226203
Rpl4,1454.3872779607598,981.9310830279928
Rpl4,1456.2912414843522,1089.9366436338612
Ywhag,1457.7599925326313,1003.6612622199297
H1f0,1460.16859908077,1268.033412828262
Plin2,1458.0735652821973,1267.8798470589138
Ywhag,1457.8257055548715,1257.3707537010418
Rpl4,1459.9170076687144,1360.9135396290917
Rpl4,1460.1631947806425,1300.3003428967234
Rpl4,1461.224017833046,1019.3402137368014
Neat1,1463.114167806062,1185.0053764774798
Vim,1464.2779736756795,937.327921135806
Ndufs2,1463.189400194437,1282.449129307192
Rab34,1464.352866272024,1159.5363382250691
Snx5,1463.9070154566953,1345.7753482661874
Rpl4,1467.8378489044312,1358.5208722379791
Rpl15,1470.170480768228,962.6557730465448
Rpl4,1469.7433131296368,1267.4574252771984
Rpl4,1469.6338158044778,1313.3614147808355
Rpl18a,1470.5568776187915,1146.0435507807229
Fus,1469.2831538038663,1144.8628897229053
Ywhag,1471.4611621296613,909.948111024838
Ctbp1,1473.0942490307723,1339.2378502028396
Rab34,1477.6022968940845,1053.36368508986
Tapbp,1478.4405186255915,974.3045797766968
Ywhag,1478.569537313845,1254.753454223718
Zfp36l2,1479.2478872456632,892.4954899517354
Rpl4,1479.2237021956266,892.0627896815639
Neat1,1480.8966489706308,1142.6700848774583
Ndufs2,1481.374736172848,1110.3545614128716
Neat1,1483.9551712235332,1150.0938602536517
Ywhag,1484.0346574428602,928.8184425360802
Ndufs2,1484.0315007439394,888.4757771195307
Ndufs2,1484.6485695963115,1254.7208483161075
Ndufs2,1486.9377979439157,1008.7363778831842
Tapbp,1488.4485667291106,1252.785433921416
Rpl4,1488.5542253533426,970.7218863667126
Plin2,1488.4529045066602,878.1145821294976
Vim,1490.9061762398844,1123.295911307287
Ckap4,1491.7581569658516,1123.211733971417
Hif1a,1491.0958682009789,1123.590529170922
Ywhag,1491.3801073926627,1051.816509988776
Rps15a,1491.895209451,1001.9757446418976
Ndufs2,1492.851965623378,1247.7079007688517
Mrpl38,1496.4196371898995,903.0035184133365
Neat1,1497.3534599458742,1143.0292142005903
Eef1g,1497.8659858158433,951.95441902582
Plin2,1497.3526142751516,1166.7862828963323
Rab34,1497.8290084288162,1315.52115354309
Rab34,1498.3239193792183,1014.6027789887886
Neat1,1497.9502763596206,1183.8907715536125
Ndufs2,1500.0648282652307,892.6635930692935
Mrpl10,1499.7823221658896,1148.6202699908924
Tapbp,1501.2846934820525,1021.3250391583426
Vim,1502.4487993367322,1047.8524989302286
Crlf1,1500.9169713653018,1034.3675934432647
Xdh,1502.7249298578547,930.9403147845796
Ywhag,1504.3264223912563,889.3832048003585
Neat1,1505.0308143859652,1211.1388371638225
Prpsap2,1506.6517641499363,1023.456265423207
Hspa8,1510.3665090485038,1308.1537590877383
Vat1,1509.3069510125376,1307.8309869923416
Neat1,1511.214044518868,1176.7040224632503
Tapbp,1511.8132567852988,1149.80230429353
Plin2,1512.2903307432398,930.2703742789
Tapbp,1514.192692970936,1223.8551906151845
Mrpl10,1515.944683240233,1220.0062024815709
Ptges3,1517.838702554442,867.3472640103392
Ndufs2,1518.994408242092,1235.8131238274889
Ywhag,1520.6059506471136,1063.8627268435905
Mrpl10,1520.2723726699503,906.7905081734028
Ybx1,1520.2664608956477,907.000176778894
Neat1,1521.9519661041654,1206.776516743873
Mrps18b,1523.1439396745325,922.9643656458824
Rpl18a,1522.7779283270231,921.1043665620956
Tpm1,1523.8896645459722,923.5978389720502
Fkbp9,1524.3992588660146,1174.2591508454732
Rab34,1525.076832852433,1165.5745243708532
Crlf1,1528.4359317719395,1049.6317757250597
Ywhag,1532.25683711144,1057.6799537384404
Ran,1531.4711195889593,1202.3181548461446
Rpl18a,1532.7461832436534,1202.4404096449791
Mrpl10,1533.003685194674,1186.6787437070334
Mrpl10,1533.987491108876,895.4748109638922
Zyx,1533.2754910829156,896.7847349958342
Mrpl38,1536.629204254599,981.3150944619324
Plin2,1536.4581083005282,1113.4144533266608
Rab34,1536.929506982684,872.0763739589765
Ywhag,1538.5078772207069,967.12525891669
Crlf1,1540.5590079838855,1171.5040860835295
Ndufs2,1540.2208588761105,1187.8140627174032
Rpl4,1542.5743097148652,1032.6333568497698
Vim,1546.4393435022682,1186.4066046879257
Ndufs2,1544.4724407721062,1185.394651766407
Rpl4,1544.931775146192,1182.0312647170135
Ywhag,1557.027899690196,1106.8972497265804
Eef1g,1234.505802813387,1407.112362728843
Cox7a2l,1242.1524346315923,1409.950131264023
Eef1g,1278.1242700753155,927.3020110180444
Eef1g,1278.4002100668074,963.942498072649
Pa2g4,1279.5312144365844,947.1726672577385
Eef1g,1284.7265402632522,1372.2251324849235
Pkm,1288.4431740486266,1416.743324858605
Pkm,1301.6173843446593,1400.286363975735
Tpm1,1302.949737879156,958.7310752083428
Pkm,1303.4800464636094,1001.2164273259884
Eef1g,1309.6843813302378,1369.4143417441237
Ywhaz,1310.2433688218848,1016.995585748204
Pkm,1312.304065932874,989.0871420112818
Ywhaz,1314.218384345839,1229.163635527609
Rab7,1315.574354327683,1222.6411622802818
Ywhaz,1315.1524599366958,1349.4230846082362
Eef1g,1316.6599650492026,1361.5165725277377
Tpm1,1318.1351295367806,1030.6643624664405
Mrpl4,1319.422433969046,832.5540998381607
St13,1319.3644235963416,832.4425246276023
Ubxn1,1319.6734801403168,832.5219468337189
Eef1g,1319.4385977346308,832.6043698725163
Mrps31,1319.123220544819,832.5918696252689
Cox7a2l,1319.4743378099452,864.188418721202
Cox7a2l,1320.0777871918103,1343.8467443274192
Pkm,1320.034749499184,1026.3431152374792
Eef1g,1321.2959017158196,872.677499990471
Pkm,1322.572339478082,1179.751036153954
Eef1g,1322.2707149448847,1188.2033540714478
Ube2m,1323.7866304486934,1170.1287535428205
Eef1g,1324.5321853212065,1000.2353775221808
Tpm1,1324.5996892619005,1307.5373675840171
Eef1g,1324.8644475114293,1178.7374125058077
H1f0,1324.3863436943184,1030.6428345048855
Tpm1,1325.3518243181888,982.7140429312838
Ube2m,1325.438548819812,1333.5408178263178
Pkm,1325.3017849546377,1253.998854513498
Mrpl20,1326.4064592728826,1195.7945009914492
Eef1g,1326.0568875323108,1292.8336431346063
Tpm1,1326.3452583233252,1012.6598951281976
Eef1g,1326.702685850123,916.6588607074084
Pkm,1326.4424875225964,1025.1375454061326
Pkm,1327.1526234089913,1020.2290368264084
Rab7,1327.6715108854935,1353.9436197543632
Eef1g,1327.0587441488256,1058.086982251402
Rab7,1328.0749254581135,965.924219685737
Ube2m,1327.9344607044443,1164.561508493919
Eef1g,1327.7612151063138,1015.6108627472644
Pkm,1328.860703698551,919.8852247600756
Pkm,1329.6203525750668,979.8854334506448
Pa2g4,1330.2178586504049,905.301509884934
Eef1g,1330.437166612582,1026.138221847898
Pkm,1330.3007586311128,1068.4925033231889
Ywhaz,1330.5453708260584,928.434148465034
Hdgf,1330.1972872223828,928.7165155398058
Pa2g4,1331.063328186169,1084.4977744667358
Eef1g,1331.2275783140526,1033.44138891995
Rab7,1331.9394777007642,1355.3040518814046
Pkm,1331.3326960049835,1006.7630771191048
Ywhaz,1332.2157673351585,1319.8042978226736
Eef1g,1332.6231430378027,1211.9731026384188
Hspa8,1330.7863706199478,1183.4415898088866
Eef1g,1332.6790494926215,1183.5784401381334
Rab7,1332.109512414524,1364.9796990016112
Eef1g,1332.782116077483,1303.3898535272317
Hspa8,1331.823991948389,1219.7848271134203
Emp1,1332.9853451136878,1221.7343025656198
Pkm,1332.806101564818,1172.3230756011476
Pkm,1333.3601073793827,1330.39479065181
Eef1g,1334.3745926208362,1165.2997770652426
Pa2g4,1333.9870867791476,851.6489202642754
Pkm,1334.0884888431228,980.5358765739372
Eef1g,1334.1018082552878,1347.143906625569
Prrc2a,1333.6335311990306,1135.0007888430323
Rpl18a,1333.1396257550125,1135.9151439299592
Pkm,1333.8926326280975,1135.9489483626776
Pkm,1334.3559253435958,1294.017420305634
Pkm,1334.682035240396,1274.8688665670595
Pa2g4,1334.8805347509524,1081.0203058751042
Pkm,1335.407268559468,1282.104797140532
Eef1g,1334.9757263035483,1204.3426092666668
Pkm,1335.8248537925856,1209.8434833309682
Mrpl20,1335.353221393396,960.3617148413624
Pkm,1335.4633405898458,921.4622925085796
Nap1l1,1336.4172117697517,1036.019539291506
Pa2g4,1336.245030419221,1164.5770114438574
Emp1,1336.243993280663,1252.8882919573496
Eef1g,1335.8049688734086,1182.9416276855743
Cox7a2l,1336.242855991899,1111.924351680385
Pkm,1336.4260486849982,972.7343269379292
Emp1,1336.3270056854376,1148.1441003191285
Pkm,1336.5280074578136,965.4226887795064
Ywhaz,1338.2183091785334,1198.529415184806
Eef1g,1338.8709849708475,1248.806100084233
Eef1g,1338.5763850606606,1045.4931735087523
Pkm,1339.187299241369,979.3323138944552
Thy1,1337.7701343093852,1289.0408347518714
Pkm,1339.4906546510767,1301.0467384556894
Rab7,1339.92119839805,1052.340815385725
Rab7,1339.9885690833876,1063.5383058894672
Pkm,1339.661356756597,1137.1862614392098
Pkm,1340.5518857728814,984.4427637518468
Eef1g,1340.9559613350027,1000.2764393128092
Pkm,1341.026138028259,1025.3206024393191
Tpm1,1341.1248251006512,970.6567779314752
Pkm,1341.7877099387183,1330.63909605519
Tpm1,1340.9857089993045,1324.533765547394
Pa2g4,1342.0641689537788,931.5216837111134
Tpm1,1342.2442092653223,987.5394978007616
G3bp1,1343.5420798837797,1270.3184963310948
Pkm,1341.524259916374,1270.193947950905
Pkm,1342.623006426545,1176.7266712808682
Ube2m,1341.93806211299,1030.449090679369
Uqcrc1,1341.732527303631,1029.81916206038
Tpm1,1342.6560153748096,1083.437127564709
Emp1,1342.6562695817042,1145.5786091508328
Tpm1,1342.2739739116894,1302.658781189657
Tpm1,1344.180898129248,1344.155228554382
Cox7a2l,1343.980132174397,1286.4913349246235
Ube2m,1343.7268336266386,1256.390586377437
Eef1g,1345.113384186409,1118.0815679355917
Pkm,1345.4392823650387,1023.128457640069
Rab7,1345.7983737833545,993.5665820512417
Pkm,1346.0901817372337,1229.431837976971
Hspa8,1346.8805047954943,1063.163538794869
Tmbim6,1346.7003257756855,1159.6142487718969
Eef1g,1347.1442346138383,1158.267888024704
Pkm,1347.061024857746,1050.883664002322
Mrpl20,1346.9081138891602,1218.742405298763
Pkm,1347.1279181411996,1041.1405710088172
Pkm,1347.2938608935674,946.4085412535608
Eef1g,1347.8178371474544,1090.073498294891
Eef1g,1347.7343442887643,1083.1323129568614
Rpl15,1348.2336779099796,1349.340507053311
Rab7,1348.7238534136852,1350.1893737989976
Eef1g,1348.1764698785848,1358.4450207494876
Mrpl45,1349.764208500454,1191.4264685231406
Tpm1,1348.8142234661789,1325.1140743683914
Cox7a2l,1348.5864547689305,1295.8255705361894
Eef1g,1349.7169064342393,919.7144993295748
Pkm,1349.5408849893583,1045.4513877298446
Emp1,1348.7437130951448,1372.871730160346
Emp1,1349.7465365831138,1310.1895452889196
Eef1g,1349.8806245585354,1055.185394262882
Idh2,1352.0110645337868,1314.3964155438755
Pa2g4,1350.656251251872,1314.8824352849472
Vim,1351.3764910604982,1301.0179190207994
Hspd1,1352.4452313845698,1300.137988093912
Tpm1,1351.8420705788644,994.2002158734264
Pkm,1351.1503098610108,1176.3273041547254
Cox7a2l,1351.142488613665,1365.691064835193
Eef1g,1351.5481806509486,930.8279431847022
Eef1g,1351.6904658194076,901.5279793135012
Rab7,1351.9744315129597,934.978698193463
Ywhaz,1351.690060421725,1023.4301610401736
Tpm1,1352.4160782656556,1371.5169381131836
Gsto1,1353.845263008418,1089.04963827059
Rab7,1352.753924338229,1250.8981127817651
Emp1,1352.8420312418482,1194.5953211247672
Tpm1,1353.2156871722466,1148.880000594644
Ube2m,1352.6841034047802,1102.808484012009
Tpm1,1353.2310445490211,981.269834896751
Eef1g,1354.0389725884686,905.7232014240828
Tpm1,1354.6116672321662,873.9085145940497
Tpm1,1354.4356707549348,1377.1247640164547
Nedd4,1354.0737797258228,1037.536867704893
Tpm1,1354.833246818548,1037.676178188039
Emp1,1355.7492053849276,1065.1622072776172
Eef1g,1356.1535776145952,1048.037406333765
Pkm,1355.6884508598118,977.5152553750304
Rab7,1356.6357494896847,1113.8739073621134
Eef1g,1356.3797534214827,1383.9420902656811
Ube2m,1356.2105634402976,1007.0355277846804
H1f0,1356.271057343296,1396.8002418901904
Eef1g,1357.187812699893,1080.9476217431768
Eef1g,1357.0050492754062,1061.1133431696062
Eef1g,1356.7723066418112,965.835408702612
Tpm1,1356.6418564101025,1387.3391158096783
Emp1,1357.1534176065702,1159.1580999347293
Ube2m,1357.2525679538178,1020.0035236765052
Eef1g,1357.5953497661994,1309.2399461574985
Ywhaz,1356.9157378828686,1101.5992268873647
Eef1g,1357.8404493604603,1136.9080766921024
Rpl15,1359.9342276616032,1008.9295806159575
Ywhaz,1357.9291289958069,1008.629773630795
Pkm,1358.413660244879,1314.194410644226
Cox7a2l,1358.8905756531778,1185.9042143759775
Rab7,1358.557625881604,984.6669987300612
Tpm1,1359.1964995988262,1296.764263359334
Pkm,1358.8592231374173,960.6324329832688
Pkm,1358.908286334206,1254.8242970666845
Paics,1359.326968156644,1253.945931522531
Ywhaz,1358.8722325733124,1148.938854034599
Ran,1360.7142037262015,920.7984712101056
Pkm,1359.3405130086712,919.5543979946536
Ywhaz,1359.074450091124,1004.1630994209728
Rab7,1359.791889742785,1065.7269477061805
Eef1g,1360.2408839818418,997.3548702567144
Pa2g4,1361.2345475994402,1412.0900784960047
Tpm1,1361.181186355529,1126.7069062055955
Rab7,1361.756258019059,1321.904950578071
Emp1,1361.850149897332,1032.4085039325596
Emp1,1361.9730346818842,1106.7479492237112
Lmna,1362.3522244383223,1107.2793639162956
Eef1g,1362.3535506979435,1404.79719863969
Eef1g,1362.512853878111,1052.4131865296413
Eef1g,1362.514789045651,1066.338817374763
Eif4g2,1363.5850149798575,1389.9705199098714
Tpm1,1363.212288274121,1390.523241868177
Eef1g,1363.4939031586457,1376.0891744962198
Pa2g4,1363.183274842404,1261.5213130511884
Pkm,1363.6874364556647,1078.5520328565212
Pkm,1363.9834974078772,884.2354833158073
Eef1g,1363.784757337481,1325.20024224344
Mrpl41,1362.4043360216288,1033.5680254117513
Pkm,1364.214480613896,1072.781278646849
Eef1g,1363.3279378175494,1018.1004010144222
Cox7a2l,1363.902494590827,1416.390456310772
Eef1g,1364.2883610410422,1207.9276718674846
Pkm,1364.1442861545663,1339.8912255561477
Eef1g,1365.2520796632466,1158.5145229392494
Eef1g,1364.7717498599657,1103.3201113505777
Pkm,1365.0942822555985,1327.3660800657465
Eef1g,1365.374707636733,1439.7888191628076
Eef1g,1365.048872525152,1142.1654428967463
Cox7a2l,1365.5301648394998,1351.0185967214315
Efemp1,1366.5968090820893,1127.6842370993213
Sae1,1365.1474694885262,1126.918746551266
Ywhaz,1365.7662155168096,922.1608275085596
Pkm,1366.1509798340549,995.6180304295476
Emp1,1365.6742216674825,930.5305732621872
Pa2g4,1366.593540811496,1372.9420354902277
Emp1,1366.712349591039,1084.28443153139
Tpm1,1366.8887770758042,1319.6572338330436
Rab7,1367.039256559479,899.3442337889578
Pkm,1367.1158305957288,971.8427790556124
Ywhaz,1367.670698866454,1346.2928364445438
Npc2,1368.4278873938747,1344.8966858490758
Eef1g,1367.5363327835282,1006.8084275670576
Pkm,1367.655978742241,1595.3657922631328
Emp1,1367.7749965604758,1358.8802423619416
Fgf7,1366.775448253571,1380.6724837462125
Eef1g,1368.257482238017,1381.5334725620453
Eef1g,1368.460884025792,1391.27449452397
Cox7a2l,1368.236144658526,1587.7161246153396
Emp1,1367.854209184443,981.3760825666408
Emp1,1367.901725772036,1283.9747001869955
Tpm1,1368.661803446487,1400.8668751446655
Eef1g,1369.3863447394958,959.6112679485854
Tpm1,1368.9886638254368,1074.9021391077167
Pkm,1369.9596011959584,1229.3599483097385
Tpm1,1369.754791563595,1386.2112823275336
Eef1g,1369.9174105463565,873.8215689045235
Emp1,1369.7933913706686,1237.5494545130175
Uqcrc1,1372.0110210418188,1052.8602227633078
Tpm1,1369.7081039550983,1363.006615307747
Pkm,1370.4250473704217,1030.1416206435672
Eef1g,1370.6740817512073,1531.4280298903798
Rab7,1370.963552717395,1268.7771745065152
Emp1,1371.576731029499,1342.2319749806948
Sf3b2,1371.4828920574485,1341.6495221878702
Eef1g,1370.8887824245987,1594.9912157414494
Pkm,1371.4471760459878,916.4579385554912
Cox7a2l,1371.4556013703163,1465.3744938615278
Arf1,1373.1508179187304,1368.1502352349935
Pkm,1371.4248632863814,1366.1115832292376
Psmd7,1372.3916836388316,1367.016277055067
Cox7a2l,1372.1585473833914,1210.8224451081296
Eef1g,1371.6622214543097,1219.9845803489177
Eef1g,1371.859066736744,1096.2352505425424
Vim,1373.0029125009328,1028.5483867624832
St13,1370.1430894997943,1029.724848970553
Cox7a2l,1372.9886105663454,1028.1808626445463
Rcc2,1373.135383452871,1398.1169290482144
Pa2g4,1372.3203273208742,1295.5073713898423
Pkm,1372.0461482657036,1022.4526870867307
Fus,1369.7697815690867,1023.1355516210056
Cox7a2l,1372.6341424341113,1196.971701845256
Ywhaz,1372.7156083863213,983.6106638652246
Eef1g,1372.9782386305355,1556.7135446584196
Tpm1,1372.7549026146528,876.8491595271561
Tpm1,1373.3345557225266,999.2072052713482
Tpm1,1373.458497326889,1046.5041691677552
Pkm,1373.0780022200556,941.1873394161024
Eef1g,1373.2554278385287,886.4987534163054
Mrpl20,1373.4964398630268,958.8882623318171
Eef1g,1373.477525223936,1301.1597230437726
Cox7a2l,1373.6400412534758,1167.200515337856
Rab7,1374.2637959483784,1581.8843943143745
Eef1g,1374.304979461935,1322.0489955394344
Pkm,1374.3470167880755,1521.580409231953
Emp1,1374.5950845800894,1465.2596079221653
Tpm1,1373.8421454211382,1449.0583448031584
Cox7a2l,1374.6281978488953,1068.1440562645842
Vim,1374.892037872385,1066.6933443449802
Ercc1,1375.156518956908,1413.4388969621796
Pkm,1374.7625102946645,1414.5774667581627
Pkm,1374.9005544152003,1544.3539442509486
Maged1,1374.2462367763285,1361.297947427467
Pkm,1374.9936575644583,1458.022314943777
Rab7,1374.9468572373205,1494.7213015793086
Eef1g,1374.8561232138643,1073.894089705125
Pkm,1374.6868444874003,1552.718478017815
Pkm,1375.0909817024371,1471.2405118599086
Pkm,1374.3895749144258,1423.8179608919247
Vat1,1375.0835313635862,1077.5283200392705
Eef1g,1375.092081315989,1530.1609257079876
Pkm,1375.8217382402831,1594.3412066771607
Mrpl20,1375.3059946820113,1236.5834789457444
Pkm,1375.726118556549,1328.350773872592
Cox7a2l,1376.442953063543,1474.048693474494
Cox7a2l,1376.51267207762,1208.0911818980771
Arpc2,1376.626031084062,1008.9211701470284
Pkm,1377.150273498568,1007.9669217956656
Cox7a2l,1376.6436306249589,1578.322774533965
Eef1g,1376.4987935280317,1575.6065250086667
Zyx,1377.9824447057656,1224.7903584170065
Pkm,1377.3898688761385,1382.4612049012007
Eef1g,1377.2586308924078,1569.2415531646875
Ywhaz,1377.2580334484908,1257.963198987107
Eef1g,1377.5585896128262,922.3229662919124
Ywhaz,1377.6435058376278,912.0320566811532
Tpm1,1378.0636508568628,1443.9160693426848
Tpm1,1377.9999640454023,1252.1618223918772
Ywhaz,1379.1692431008614,1536.9115094284818
Tcp1,1378.4988171825748,1244.1196849322127
Cox7a2l,1379.2353709557349,1268.876011694994
Rab7,1379.850729566848,1441.5544520978056
Pkm,1379.6639071133318,1425.106196601434
Eef1g,1379.5484814301374,1319.3445045556423
Pkm,1379.7727645257023,1501.289646688459
Laptm4a,1379.256167934804,1278.8512031430887
Arpc2,1379.2594970414152,1279.8560987686524
Tpm1,1380.759491331276,1552.735549724718
Eef1g,1380.7166890464557,1474.2008178646315
Rab7,1380.3960449156807,951.2717471784152
Tpm1,1381.0590278265074,1466.2515570877283
Tpm1,1380.954902783924,1306.187074105505
Pkm,1381.5385622173185,1410.938784334996
Pkm,1381.4390922407645,1438.0920832218717
Rab7,1381.3540007657623,1582.413613588883
Ywhae,1380.055617372885,983.2269909261988
Pkm,1382.410937471813,964.4416387635706
Emp1,1382.2125517925822,1164.2741990660809
Ywhaz,1382.2042703511945,1394.111176108475
Pkm,1382.8185307224282,1065.0548568352133
Pkm,1382.9021207004594,1324.40621733557
Eef1g,1383.2153493035814,971.0225014550576
Rars,1382.2463268079937,971.9784732702248
Pkm,1383.3181453355744,905.5616430981736
Nap1l1,1385.068339570566,905.4932377362876
Rab7,1383.6206244323585,1365.532776096038
Rab7,1383.9847684859783,960.059767651128
Tpm1,1383.918481098073,1275.1145136770251
Pkm,1383.901466208231,1083.4749390689435
Pkm,1384.4469500904047,1492.8936178313104
Eef1g,1385.1136582875004,889.8561551914139
Eef1g,1385.5129766170407,1148.2572298578516
Pkm,1385.883924574894,1451.1538291623167
Emp1,1385.8038280444498,1278.7734346112468
Pkm,1385.9099910511495,1292.4085188978363
Pkm,1385.5832785038915,1568.1896080397064
Hspd1,1386.6323885624663,1283.4462217164648
Pkm,1386.909081453668,1285.3475356811916
Eef1g,1386.9265994499617,1349.0122101466802
Dpy19l1,1388.0276757177232,1348.403442974998
Pkm,1386.604515449242,1010.0873948276806
Hspa9,1386.353136045857,1576.1046410724718
Tpm1,1387.3009435505314,1577.2883520474245
Emp1,1386.2992760645202,1230.8285286070304
Mrpl20,1386.6688824368534,1022.533454608336
Pkm,1387.2832984096394,921.1052180555132
Rab7,1387.2283992663895,1336.19437353928
Pkm,1387.923111470715,898.9831775787163
Pkm,1387.79319030512,1446.623344828581
Pkm,1387.6807867241473,985.4197471488072
Eef1g,1388.986200134613,1310.5424620272686
Pkm,1388.6110967595869,1585.3179244938378
Malat1,1387.3640888389025,1282.1512538436782
Lamp1,1388.1971601717769,1282.0816159856731
Pkm,1389.1361046525574,1315.0959953497604
Mtap,1387.5049588554286,1393.831933381051
Ctbp1,1390.0924679020245,1568.870820721616
Eef1g,1389.808292623571,1355.6374740697254
Pkm,1389.41772233619,1031.3917707040746
Pgrmc1,1389.730166963761,1343.9999301263056
Emp1,1390.0373768021925,1000.2006128413346
Eef1g,1390.7489161988908,923.9920027828734
Eef1g,1390.2613193412828,1390.718611548158
Pa2g4,1389.7878078606896,1409.1733752636108
H1f0,1390.8680716239298,943.2006169355716
Tpm1,1390.368873849407,1367.968897287054
Pa2g4,1390.884749241438,1481.718216607853
Pkm,1390.972779867462,1264.9688896074613
Cox7a2l,1390.7383392170036,1511.5861181379764
Eef1g,1390.870140265018,1577.2808131564802
Pkm,1391.1028142066796,1423.6378895854343
Eef1g,1390.819733144006,903.0302078847972
Pkm,1390.7862390976998,1521.1425106246768
Eef1g,1390.7696603343256,1471.0688052894284
Pa2g4,1391.9999568670507,934.5181180040368
Eef1g,1392.0116430001417,1090.7694785363203
Rab7,1391.950292704306,1361.8467046664805
Tpm1,1392.3773182172326,894.5557224012
Emp1,1392.6551922625151,1234.2532616667131
Cox7a2l,1392.9550114850626,1023.0057791178916
Emp1,1392.7176285732726,1279.4923419556412
Pa2g4,1393.2323213903196,1489.6083725455337
Tpm1,1393.1366179398442,1447.6179532507356
Tpm1,1393.338941553861,962.5123892010048
Eef1g,1394.020495185435,1553.042451289651
Emp1,1393.4234083581505,1229.6871626099048
Cct5,1393.5877191215393,1493.77781340632
Pkm,1393.5835022731458,1492.8339869723725
Eef1g,1394.0412221820334,1248.9614829349498
Eef1g,1393.5922047055674,1018.4295396506324
Pkm,1393.5177001800228,1398.9884114031502
Pkm,1393.1855943973392,1271.879956921982
Pkm,1393.9668675909584,981.6318820980936
Pkm,1394.1190136883315,1451.938426069103
Pkm,1394.3957249122243,1436.4799926871078
Emp1,1394.6149910139889,1413.7094854992831
Emp1,1394.5543637264786,1254.1550670078448
Ube2m,1395.8425239378716,966.084053259566
Pkm,1396.001959498344,1352.990470450614
Zyx,1394.5957073871534,993.9506138313064
Tpm1,1395.5250514266636,993.6528085542316
Eef1g,1395.625597335934,1316.2751484399328
Eef1g,1397.0716580911,1549.0435090935744
Pkm,1395.906899964966,1367.4403023290338
Cox7a2l,1397.6285899575134,1467.944622359253
Eef1g,1397.325084615283,1495.326430807365
Ywhaz,1397.2302952893594,1114.138812895692
Rad21,1397.5873518904425,1047.270039560493
Pkm,1397.1987065754872,1498.5862613857416
Eef1g,1396.9293015581566,1075.8371495573756
Emp1,1397.7222390114398,1311.9207151982132
Mrpl28,1396.3539543901045,1029.5768131815717
Mrpl20,1397.339518371436,1276.4424261677225
Snx5,1398.2565244589164,1447.346125580176
Rab7,1397.9729551790504,1482.1979647398707
Csnk2b,1397.940145782794,1014.4922670608088
Hspa8,1398.1609383067682,1014.4802904852592
Pkm,1398.2857815470925,1362.545374144696
Pkm,1398.7343964013703,1570.794991039003
Eef1g,1398.8114651784724,1389.7320759833967
Rab7,1398.4231795086089,924.434222634575
Eef1g,1399.4823760102245,957.2685710885328
Eef1g,1399.105047336942,1459.9893733750043
Tpm1,1398.8641650597497,1598.2683117188012
Rab7,1399.3577517555866,1262.8757905254413
Emp1,1399.7931836505,1145.697434021698
Pkm,1399.69509039176,1292.124305792984
Gsto1,1400.6464312011208,1403.711029072206
Pa2g4,1399.873201582319,1402.7237346621391
Pkm,1400.5239099818548,987.8356461295572
Eef1g,1401.4664189905152,1386.0966936614063
Eef1g,1400.5342667511284,1576.8735472448252
Emp1,1401.5567600710758,1298.8661687448853
Cox7a2l,1401.2643986750222,1330.1296643068156
Tpm1,1401.6846268944062,1336.2519708530351
Prrc2a,1402.4829858338,956.7510548215334
Tpm1,1402.4756394527365,999.6228554513112
Eef1g,1401.73980641223,1247.9922759078331
H1f0,1402.319332700094,1469.5571802506286
Eef1g,1402.6825319362658,925.9949496706846
Eef1g,1401.890182388634,1411.4498516346848
Pkm,1402.9253226773478,1436.7971447824798
Eef1g,1402.0287010625646,1048.892606100208
Cs,1402.1545629565903,960.4271957674372
Npc2,1402.9264165407496,961.7108981247408
Thy1,1401.7383498287402,1424.8606182452304
Nedd4,1402.321308966544,1425.8157031734825
Pkm,1402.00566074338,940.2209797609446
Paics,1401.8826832056998,1479.3965724492475
Cox7a2l,1403.0734629130352,1369.9691479102116
Pkm,1403.4966193753398,994.9591657993958
Rab7,1403.400342263862,1361.061073037254
Pkm,1403.7216303402745,1531.7095610671722
Eef1g,1403.18551071482,1271.567873404764
Mtap,1402.8786417485503,950.5330648518204
Ube2m,1403.937755059177,882.9323371818082
Emp1,1404.3116366613797,1251.3934907616942
Eef1g,1403.976985247471,1343.1336604726885
Ubxn1,1403.1742484395827,930.9933027615482
Eef1g,1404.5890707024532,977.1041992628012
Eef1g,1404.8035117937357,1153.924020978613
Ywhaz,1404.967007860099,1592.3213019650618
Rab7,1404.384077466601,1018.5497200297484
Rab7,1405.3927568191834,1461.9152734183308
Pkm,1404.8181079547255,1489.788985509388
Eef1g,1405.7642648381775,1327.933066394639
Eef1g,1405.801380954083,914.6546101048092
Pkm,1406.214526184838,891.1605069065181
Pkm,1406.7219014088662,1025.6593419961414
Pkm,1406.6653344538654,1599.9527447649134
Ybx1,1406.0340762071617,1464.3862396402844
Pkm,1406.8237093170526,921.4585863791116
Rab7,1407.2045351829183,1418.5424101963558
Emp1,1407.41311637932,1400.7739168025632
Eef1g,1407.8699567686117,1278.0349929209335
Pkm,1407.0478102358516,903.085435241981
Cox7a2l,1407.8821975437436,1372.059576295799
Emp1,1407.7524148585346,1562.76824498739
Pkm,1407.5064704529343,930.008401796551
Polr2m,1406.2561738205595,930.7622038570788
Ube2m,1407.8892926743156,1315.5889909968942
Cct5,1407.738920685263,1588.5194395023073
Pkm,1408.4896656279277,1544.5523832483952
Tpm1,1408.7554889633202,1531.0317293175076
Eef1g,1408.3590764117855,1380.077788419046
Vim,1409.354576697156,1018.5083335482034
Rab7,1409.0336574080927,1017.6061672770712
Pkm,1409.6447857727069,971.4255368531636
Tpm1,1410.0233237874545,1271.037645840691
Cnn2,1410.8733198119749,1271.7066700503374
Tpm1,1411.4228625039757,1337.0933109937098
Tpi1,1409.9071106981642,1475.297285331291
Rab7,1410.2281101638998,1476.006124730313
Eef1g,1410.5395857065664,1051.5302530796428
Rab7,1409.8099725728998,900.9706319582036
Eef1g,1410.6896664997869,1540.1669598034034
Eef1g,1410.5181801218437,981.8406691058976
Tpm1,1411.3439188105094,994.7646546237172
Tpm1,1411.0341232033886,1568.876869003217
Pkm,1410.670668112709,1589.921626431363
Pkm,1410.918939766475,892.0099463600693
Pkm,1412.016439592672,915.50172303381
Pkm,1411.3304783534163,1423.0806537938283
Tpm1,1411.64190378134,943.9217593137424
Rab7,1411.583282411552,1060.818717148833
Eef1g,1412.21788387353,1330.8441222480335
Emp1,1412.130324755236,1188.0498853256886
Pkm,1412.3422076171344,1535.432171992093
Pkm,1413.6067666170195,929.4081485960032
Eif3f,1413.3192871098877,928.2938775720168
Msn,1413.1255036752411,1260.449225614752
Pkm,1414.452180345059,933.743589249551
Eif3f,1413.9885374233834,933.4422983153884
Eef1g,1414.6436585117367,1354.6820999665226
Tpm1,1414.589640860078,1071.4579473541953
Vat1,1414.8068592161503,1430.2828979515948
Pkm,1415.4978733872397,976.1123998537012
Tpm1,1415.568403629621,964.4394847679756
Tpm1,1415.9875502104028,1031.5590808383713
Eef1g,1416.4416762416731,1065.8536453996833
Mrpl20,1416.6881846902838,1333.0348445979132
Pkm,1416.058127517253,1509.2613388224345
Pkm,1417.1077933565082,1488.244287797394
Eef1g,1416.297078361005,1525.21240345082
Emp1,1416.9823787708845,1371.9904757522002
Eef1g,1417.1731259855824,1282.0112178808524
Eef1g,1417.1631561118506,1339.4762635455804
Pkm,1417.5478751180578,916.0286058244797
Eef1g,1418.040798614914,1466.6861437065302
Tbrg1,1418.6109016041328,1403.642804874558
Eef1g,1418.6106490442323,1571.8815581075337
Pkm,1418.5884624582,1439.4081692082862
Eef1g,1418.6961183253472,999.934103355479
Eef1g,1417.6571328166171,1545.978363842851
Tpm1,1418.1521171440045,1437.1213540753424
Emp1,1419.628803941811,1375.716820110944
Emp1,1418.382066332682,1363.7944904930343
Eef1g,1419.1291207827414,1343.3993887440463
Emp1,1419.1176407845464,925.9568306270348
Tpm1,1419.2383172941193,937.0064159842584
Pkm,1419.744573081317,946.6626282155064
Eef1g,1419.8944201467557,928.3612720613364
Eef1g,1419.8920703976696,994.5439644376032
Rab7,1420.1246643373884,1238.8345079348685
Pa2g4,1420.5084439656555,1475.7651999746508
Pkm,1420.5524316618676,1168.3473930612445
Emp1,1420.1382956015232,1298.3202963841454
Eef1g,1420.6832699684062,1258.7698068440905
Eef1g,1421.3436265535588,1415.6813608211394
Cox7a2l,1420.7253730882546,1454.8483536890708
Emp1,1422.5227079049218,1008.1772428830282
Emp1,1421.7138375376892,1200.2855830831795
Tpm1,1421.5119389359625,1487.394191479667
Rab7,1421.4177151883134,1339.191737619037
Pkm,1422.0035546545723,1051.2460662724402
Vat1,1421.249542949276,922.4144111007768
Cox7a2l,1423.0359129534545,1015.674669180896
Emp1,1422.7318923423925,996.517692739732
Mtap,1422.2553348893753,957.7246143353966
Rab7,1422.7595699468284,957.1293300031144
Msn,1420.483841108237,956.8762846973827
Cox7a2l,1423.1478376059213,1312.2630846147006
Cox7a2l,1424.248571192162,1247.0804248422824
Thy1,1424.0261727801335,1357.8266125855123
Tpm1,1424.3279971998456,1437.4231765053032
Eef1g,1424.8323105341628,1402.2759625003912
Rab7,1424.335272070572,1275.737069073622
Eef1g,1424.6714062432957,934.2141764308652
Pkm,1423.7987845467608,1296.8024341663574
Tpm1,1424.740753117961,1393.6490953026444
Rab7,1425.4769746275006,1527.7246873928175
Emp1,1425.2484535090166,1367.1034840883003
Tpm1,1426.3561920954037,915.6151197237732
Emp1,1425.9601325321178,1262.1097600166584
Fus,1427.0174025148665,1437.1874237253437
Eef1g,1426.103535221767,1336.5859588387425
Thy1,1425.9418287290823,993.7822690271084
Eef1g,1426.790201320303,1341.518727501029
Rab7,1426.8051055017768,1468.379190950086
Emp1,1427.570272709763,1024.7415751667404
Pkm,1427.5606862020095,1507.394090719734
Eef1g,1427.9167521941135,1451.7112214771273
Cox7a2l,1427.4224906081372,986.7944918204394
Pkm,1428.0624845222344,950.1672325505464
Ywhaz,1429.0211774148124,1006.9571432228756
Ube2m,1427.6956744680017,1500.3659777720486
Ybx1,1429.2211825146485,1384.7980652632627
Vat1,1428.4548824073777,1385.815898168197
Rps15a,1427.1479602111726,1384.5568013026905
Hspa8,1428.552664021532,1385.9464095553571
Emp1,1428.0704331668317,1187.8499776895806
Pkm,1428.564145301562,1363.5692999497426
Eef1g,1429.1236115408249,1074.9775012635282
Pkm,1429.3701786777654,955.5637932047576
Rab7,1429.934544283138,907.102013136205
Lrrc59,1431.6219106714357,972.6068595875676
Cox7a2l,1430.577055526422,915.5296793435213
Eef1g,1430.2921767743742,1430.2271282865645
Tpm1,1430.2127058923088,1284.6924083559309
Rab7,1431.2963425628404,1367.4518549214567
Eef1g,1430.8803915739215,927.9651735093244
Cox7a2l,1432.3361317088156,1260.8790022457174
Eef1g,1431.716171792928,1506.7041666346588
Npc2,1429.5304716093458,1031.3797120738975
Pkm,1431.9452576656222,1031.4847282402131
Cox7a2l,1432.7910438739937,968.3054073187964
Mrps5,1431.8331283515631,971.0883946868594
Eef1g,1432.6091528209038,947.5180111649732
Kars,1430.772192884198,947.210374071109
Tomm40,1433.5594338218868,946.4666394015302
Pkm,1433.0373773898175,1479.333360201797
Ybx1,1432.478854908748,1273.938848250689
Eef1g,1432.5222598155824,1020.368891059298
Rcc2,1433.031828866963,1386.754420976344
Ywhaz,1432.7622209888905,1296.759955488888
Ywhaz,1433.7364414778583,1205.009563733085
Emp1,1433.4523742929905,1301.1092223231085
Pkm,1433.40842071167,1431.709457907951
Pkm,1433.722561423088,1318.231252784553
Pkm,1433.9488233775892,1436.2490751241637
Cox7a2l,1434.6705696867557,1327.5157607028398
Tubb5,1436.218764612673,993.5556616010866
Eef1g,1434.56544696946,1042.5730670677358
Eef1g,1434.5251422083472,1336.116337309351
Cox7a2l,1435.341326067498,911.1235188713846
Pkm,1435.365473046208,1311.7382855279725
Pkm,1434.6230165866014,1021.6587482566238
Pkm,1435.928204655812,942.43631123105
Eef1g,1436.1510762695016,1500.3588321384511
Pkm,1435.7602913870642,970.61554355587
Emp1,1436.9029439715366,960.5290861847016
Ywhaz,1436.376726647028,905.3057192062566
Eef1g,1436.4418130997296,1030.4372201986946
Pkm,1437.5033251143468,1242.6264882143494
Pkm,1436.464280260834,1259.9795205428402
Pkm,1437.708509475446,1466.497995273989
Eef1g,1437.967325984996,1011.3199379294
Pkm,1438.1917122971813,1036.2646103306397
Pkm,1438.0660273690423,913.428319698082
Tpm1,1438.8762982498874,1023.5102789252498
Tpm1,1439.3512920717433,953.0956268517835
Emp1,1439.2482636712805,975.3204029800658
Emp1,1438.8801189522096,1386.188273222807
Ube2m,1439.9141043253114,1029.911464735821
Rrp1,1440.564416156049,1453.0305905916014
Pkm,1439.554512574476,1452.2659785418575
Fus,1439.4978457950692,923.6366710795418
Pkm,1439.3902664701511,1371.3686544773295
Eef1g,1440.36771758868,928.8547632907053
Lmna,1439.935807863207,1365.1827907044108
Eef1g,1440.2733816239777,1364.761258142462
Rab7,1440.1904282543228,1309.9601281215378
Ube2m,1440.7134461311489,1340.3958309581808
Ube2m,1440.123355828945,1423.374834107311
Tpm1,1441.4080370966806,969.5100923725176
Tpm1,1441.2652246732373,1047.7079139503458
Eef1g,1441.7269840868605,1394.7218018196718
Arpc2,1442.4979650860064,1395.7336761341494
H1f0,1440.7371004999154,1000.708183587814
Tpm1,1442.8187277024383,1211.245329463602
H1f0,1442.294608330817,1061.6631807029576
Tpm1,1442.6439467538678,953.5458402283316
Eef1g,1442.5365048669364,1440.47755886403
Pkm,1444.2392314890135,1028.6805352381573
Pkm,1444.5212597989516,925.7251729657744
Tpm1,1444.00739338323,935.2494048240978
Tpm1,1444.149081471297,1359.0255557040284
Eef1g,1445.2706602502733,1051.514622654592
Rab7,1445.7507160973455,961.18418422665
Tpm1,1444.643383751254,905.5576389005536
Pkm,1445.7669184506574,994.09012940404
Eef1g,1445.577605545266,1347.152987605171
Eef1g,1445.821070043707,1120.2501518196066
Emp1,1445.5526068559743,1276.9803053109824
Pa2g4,1446.9378877070676,1231.3940532418917
Eef1g,1446.6915048541025,1311.708422351743
Eef1g,1446.7492215762963,1436.323287220352
Cs,1444.4599878992003,1437.0231046409235
Eef1g,1446.926003310669,1353.8130288435395
Eef1g,1447.1663893504888,1011.5660498859947
Emp1,1447.8829740909769,976.9897706580274
Emp1,1448.3914677051846,1339.8833271120318
Eef1g,1447.5912360156171,1174.6625118499242
Cox7a2l,1447.3365534536651,1195.2239688470652
Eef1g,1447.9081243465594,1333.8591840781162
Pkm,1449.0050668776692,925.9147453130236
Vim,1448.2607432892064,1354.1159864203876
Eef1g,1449.9242653114509,967.6793363653984
Trap1,1448.9226295963008,968.6099858456842
Emp1,1449.1162009745162,1325.31727319716
Rab7,1450.5095101447969,998.1054122581886
Prrc2a,1451.2250447196498,1254.235096609459
Pkm,1450.875282324961,992.8559699829148
Emp1,1451.0567696654152,1118.6756844852694
Eef1g,1451.531864726827,1051.9059686715443
Eef1g,1451.7413543892928,1201.1667764826077
Tpm1,1451.9726626626052,1001.3151020191864
Tpm1,1452.4477796930344,936.9074319884876
Eef1g,1452.0653852680352,1336.2066965750516
Eef1g,1453.411516575602,1293.7151224461445
Tpm1,1453.5234684575764,1168.6013106722803
Tpm1,1453.0266377314863,1302.5682274799417
Ube2m,1453.3270845975253,1315.2567753268684
Stip1,1453.196268553667,1314.4866852775735
Eef1g,1454.1680544407443,1439.7296112436752
Emp1,1453.906914802575,1328.7917790658796
Emp1,1454.613777106795,1018.747448075479
Eef1g,1454.547103123616,1343.834585997414
Nap1l1,1453.9223615614544,945.3484074909354
Thy1,1453.1811970299332,957.4836775628188
Pkm,1455.730955228808,1028.601691343118
Emp1,1455.4243144463512,1381.8656553278208
Fus,1455.485993387936,1349.5418956141652
Emp1,1456.620542290468,1303.26366576254
Tpm1,1456.3480902140004,974.1841520288644
Pkm,1456.4179092303505,892.9211968410378
Tpm1,1457.1819054564926,913.0451283946634
Rac1,1458.1740647870138,1026.7134638066136
Eef1g,1457.4330246339637,983.3908889438842
Eef1g,1458.5886558496395,1282.8601491956963
Pkm,1457.8283349083229,920.1506278697378
Eef1g,1458.614230885895,953.6907662389434
Timp2,1456.4270981874488,1113.414967164581
Emp1,1458.3127920555455,1113.5703858513034
Pkm,1458.1407006793636,1170.576256731868
Pa2g4,1458.715302731603,1368.5917705230922
Vim,1459.7314890999066,946.5840882960272
Pkm,1459.1715333278723,946.1580764522348
Tubb5,1458.458711988863,946.353588532024
Lrrc59,1459.4673270992257,947.1030060519856
Pa2g4,1459.5763243181184,1407.7037779309003
Ndufv1,1459.814511149307,1351.4381856149332
Vim,1461.774203831726,1200.030154547248
Eef1g,1460.8881664943688,1200.243356832081
Pkm,1460.650145669192,907.2134128810858
Eef1g,1460.7942468307726,1074.3072371457615
Tpm1,1460.9776191271217,929.386793478238
Pkm,1461.3111563315636,911.4167603398868
Rab7,1460.6506971477677,1322.9149584882894
Eef1g,1462.1459373759428,1364.825905087937
Eef1g,1461.9797380269956,1309.496563806554
Eef1g,1461.9937824225462,1060.8366121216218
Eef1g,1462.1851292986494,1257.077809595581
Top2a,1463.237755440229,1256.7289774953308
Eef1g,1461.6304919459842,1020.8031213184364
Pkm,1462.2101594790447,976.278590594813
Tpm1,1462.4969941284437,1328.0142696229807
Eef1g,1463.3316123423292,1287.8320619668052
Rab7,1463.231988942789,1373.2274242396009
Eef1g,1463.7762205466647,905.3456327266704
Arpc2,1464.3984258329583,1349.0765760858233
Cox7a2l,1464.4946205878507,1381.456841048943
Ube2m,1464.5141754286017,1052.158845037298
Pkm,1463.9977060094957,1330.6025788029478
Pkm,1464.8358390821786,1362.5500598974336
Eef1g,1465.0485774102167,887.397373579328
Tpm1,1465.2076802874496,913.5770986567636
Pkm,1465.4303729369217,1301.6856372556272
U2af2,1465.7449224717589,1302.4752749792688
Fus,1465.3029701678238,1338.481689171141
Eif4g2,1464.418648099754,1339.3557043485805
Pkm,1466.0283302094545,1131.4423640676591
Pkm,1466.7168554031905,985.4930435403012
Rab7,1466.8030820057224,882.8948159280344
Pkm,1466.2168903291365,891.2119243408758
Emp1,1466.6513698651884,1038.8487241932935
Eef1g,1467.4583389170405,917.8474209699466
Fus,1467.1017925588117,919.253276486392
Cox7a2l,1467.7593929244665,980.63115820366
Eef1g,1467.903984397135,1272.3540179366566
Cox7a2l,1467.5690181003508,965.6619278609792
Ube2m,1467.5916178287332,963.690880210411
Pkm,1467.708347209326,1188.2227923966711
Pkm,1467.5163368650344,1293.477017817014
Tpm1,1467.931868698355,990.8225369011664
Tpm1,1468.239170443851,1277.7980945601546
Emp1,1468.372922278664,1084.3026440921717
Emp1,1468.6473690085777,1062.6065391066954
Eef1g,1469.539289826526,960.7982363283082
Cox7a2l,1469.6301561683908,935.5996435595436
Eef1g,1469.677279578038,974.4402188874146
Rab7,1470.1841535218844,1195.609026165188
Tpm1,1470.4600155626304,1013.9615806958052
Eef1g,1470.4085947339884,1285.0116777346866
Pkm,1470.6996793188646,892.9158452273706
Pkm,1471.01122917447,1310.6434842120982
Tnk2,1470.3168050296383,923.0131064370936
Cct5,1469.959003620791,922.6013299015592
Emp1,1470.972631818939,923.009116514327
Eef1g,1471.489407623375,1259.7098368430495
Cox7a2l,1471.4926511518256,1044.713271833394
Rps15a,1472.3000978304258,1045.035834302129
Tubb5,1472.007150049657,1046.058606508766
Pkm,1471.9652610719454,914.465751944555
Pa2g4,1471.1568087226308,1176.992252055475
Emp1,1471.100593319024,1200.4820147915184
Eef1g,1471.7189572257312,1091.9549342063865
Pkm,1472.2043968469625,1335.1914659932158
Emp1,1472.6515012006596,1002.4028441735668
Cox7a2l,1472.4516034233648,987.5310421089112
Rab7,1471.918322310912,1031.7100864676504
Tpm1,1473.0298475934826,1276.8980844848256
Eef1g,1472.792525874178,1115.0008255699877
Rab7,1472.738017281819,995.3645542418308
Sf3b2,1473.124928807788,1341.549143444659
Emp1,1472.8067162512664,1343.066145466862
Emp1,1473.2237676803752,1289.1982694444894
Eef1g,1473.3252255187488,927.6690431823956
Ube2m,1474.1355749686254,932.6672088156732
Zfp36l2,1473.0725064271292,1257.4276460125282
Eef1g,1474.671995312646,1256.8680702623446
Pkm,1475.2904378101098,1305.4465030883598
Eef1g,1475.9681127461022,1265.299315019507
Eef1g,1476.8317480521694,971.6095679513492
Thy1,1476.453592408208,991.4600614700612
Eef1g,1477.3559567375885,992.5140319298932
Tpm1,1477.2902185431044,1320.1205933106112
Eef1g,1477.48153844466,918.0235666083988
Pkm,1478.720824264256,946.4852702404398
Eef1g,1478.9376331784551,1335.4758992042246
Emp1,1479.3039284885056,1249.605154413268
Emp1,1478.736542174851,978.8103355104156
Tpm1,1480.5192056539584,1328.6370908949384
Emp1,1479.8585449722525,1094.485245570249
H1f0,1479.895217795873,1035.7139627350734
Eef1g,1480.6417581683547,1071.3460205098072
Emp1,1480.5851980082562,1028.5881620556709
Eef1g,1481.1007882707167,910.212651575574
Emp1,1481.222393757657,1003.102504044688
Eef1g,1481.576220568786,963.8797127488996
Ube2m,1481.203397296042,997.3835812172094
Pkm,1482.480142074298,1060.8868120494485
Tpm1,1482.178400033381,897.7078676275487
Pkm,1482.6366301146777,1206.1903345309006
Pkm,1482.2325179887123,1265.243911420116
Tpm1,1482.925423226288,1054.6164037099695
Pkm,1482.694523275575,1317.4964637218231
Emp1,1483.45759162252,1255.1312573006774
Tpm1,1484.0374852826324,929.1370549829649
Tpm1,1483.7067436015875,933.1032893680864
Pkm,1483.8851902676242,1288.7282798194285
Thy1,1483.0084361630477,1089.2528813219833
Emp1,1484.9570542245733,1248.2212317631877
Pkm,1484.16396021535,970.1792709594708
Eef1g,1484.8238631590857,1021.1887953966392
Tpm1,1485.9703863997254,1012.2022944308268
Top2a,1487.6865946352175,963.6817652896244
Eef1g,1486.2756263822696,963.5673688546262
Cox7a2l,1486.768483010619,910.418640202266
Tpm1,1486.756163350384,975.981689700252
Cox7a2l,1486.8258626187635,937.2052094957966
Eef1g,1486.9677374657176,1298.0599148932204
Tpm1,1486.8628188760863,945.7403605584162
Pkm,1486.2537391650271,1310.2645189338295
Eef1g,1487.8534488715177,1303.3246284681893
Eef1g,1487.4690565895148,985.2191535043626
Tpm1,1487.684179760209,1240.7579839293585
Pkm,1487.4991466046256,922.0019610693106
Eef1g,1487.2102988996344,1121.218639882135
Eef1g,1487.0978673980462,1250.3855492814596
Emp1,1488.422712191986,1278.966411491369
Hspa8,1486.970593839278,912.625842768212
Eef1g,1488.316880666153,948.9219620805573
Nedd4,1490.7507274132363,924.9705499451366
Mrfap1,1490.9350688262102,1099.841546286173
Pkm,1489.1924731428,1130.3737573472697
Emp1,1489.315771060721,1042.8502094268656
Tpm1,1489.5890354068442,919.7766294955152
Eef1g,1489.0716375505365,915.206654645657
Emp1,1489.2394339472055,1218.752845963327
Eef1g,1490.764356239425,867.1567599116692
Pa2g4,1491.155528133169,875.7281982239272
Eef1g,1491.685400161655,994.9185282661152
Eef1g,1492.7955530583718,954.8216087335109
Emp1,1492.1665781114173,1177.4681330650578
Tpm1,1492.7009643807537,889.1353014587158
Pkm,1493.2451146842727,896.4080070229088
Pkm,1493.281884165588,1289.8821383509594
Pkm,1493.6969493038291,1104.1047196685922
Eef1g,1494.1187227675675,962.5745265052252
Tomm40,1493.2251857680735,961.386880446022
Pkm,1493.7875834605748,1017.887914135796
Pkm,1493.840019626751,1309.7566663720663
Eef1g,1494.8798125281742,1075.7428850670642
Cox7a2l,1494.6749995214782,1024.5233555541722
Pkm,1494.8725415049446,908.876119460912
Npc2,1493.6566067119163,1283.5259506389327
Pkm,1494.8790236178213,1124.8140382767788
Tbrg1,1495.772941494101,901.011459298134
Thy1,1495.0962895384778,939.8785817013598
Pkm,1495.9177929405646,941.6362583899604
Mrpl20,1496.2818660604669,976.199786194988
Eef1g,1496.390883443261,918.7926665517912
Eef1g,1496.5280756013738,998.4934952689896
Pkm,1496.4523463549815,1084.532295853234
Tpm1,1496.6901867321874,988.0827635630524
Emp1,1496.5998708549414,1057.8509606797122
Emp1,1497.8748181987876,1241.6265599224123
Mtap,1498.790782050275,1133.3708540582572
Pkm,1499.7051908651613,1026.0265897998654
Ube2m,1499.334570330081,972.9629798072624
Emp1,1499.7044463531342,1262.3687721548797
Eef1g,1500.8024794179862,875.6779519704143
Emp1,1501.137370594773,1013.536806346655
Eef1g,1501.0740286878738,1152.9480800182346
Fus,1500.496422360172,1238.4353048626226
Pkm,1501.2225140499604,989.9165299406272
Pkm,1501.4422765783993,936.0970202994292
Pkm,1501.8008127664395,929.5562777833584
Eef1g,1502.2037251719844,949.021794435016
Mrfap1,1502.072981304785,1319.2442257738062
Ywhaz,1502.0045144259243,1318.3269160362397
Tpm1,1502.9794686929906,903.2876865297824
Rab7,1503.919671672858,1125.436601418848
Tpm1,1504.36891463943,1055.4644442221206
Emp1,1503.575751194439,1069.22265834781
Emp1,1503.811186872092,1265.492461174186
Pkm,1503.717948911007,916.2442352267624
Cox7a2l,1504.6979713621504,1018.5041943407912
Ndufv1,1505.0957480406764,980.2332608055668
Tpm1,1505.0878712732151,1009.9451382777748
Vim,1505.5310037009049,1294.604284787309
Rab7,1505.602086087334,989.9886010358988
Emp1,1506.663524655249,1238.0448642624551
Eef1g,1506.372548381957,1306.1222844493425
Eef1g,1506.324780932418,1002.9087450338244
Nedd4,1506.5473332291774,1292.578162946514
Pkm,1507.384087629455,945.932845905772
Pkm,1507.2277355418364,1144.6686385266212
Eef1g,1507.433234424,904.2931204950652
Pkm,1507.6084976811728,940.2629099423204
Pkm,1507.7309843995624,1274.3619557744744
Pkm,1508.0391850143697,917.9190538019034
Emp1,1508.0380134002585,1103.8643709668063
Pkm,1507.622745966391,983.6810185956758
Emp1,1508.010979975033,1232.6363543802725
Emp1,1508.62971437218,1094.3992988405348
Tpm1,1508.6433925114034,961.0574305321348
Eef1g,1509.338428082236,1259.3660329450374
Rab7,1509.4892662733428,1044.860403259152
Tpm1,1509.2573198775883,977.0035041729144
Tpm1,1509.8059581910652,870.6752712819418
Eef1g,1509.777994337896,881.5494983327267
Emp1,1510.34606607478,1127.4450831135584
Ube2m,1510.269393597877,1139.682004665961
Pkm,1510.383358766411,864.8916237390035
Pkm,1511.0758556164665,1042.3419910569096
Pcdhgc3,1509.3661794943318,1083.9333471576515
Psap,1510.6985220087452,1082.311236391854
Tcp1,1510.5791413311886,1081.9941037346098
Lamp1,1510.4777405176774,1083.0813691863757
Pkm,1511.24237467111,891.2494139595769
Eef1g,1510.24369951547,1303.308813746701
Tpm1,1511.449207817273,1077.2356868712034
Emp1,1511.8862073932144,1248.0727861155628
Pkm,1511.7666714734405,1001.6902441117908
Rab7,1512.008816124634,875.2777107462408
Pkm,1512.5162452879204,1239.8268941087822
Ywhaz,1513.2706073430993,937.6935405419358
Tpm1,1512.957672537263,912.557139168719
Ywhaz,1512.7951941766687,1279.8825278083034
Thy1,1511.4786363889086,1016.3014769940436
Hspa8,1514.6352171777116,920.7166974567638
Tpm1,1513.9102616353484,1243.5614206567302
Eef1g,1514.2604976347852,978.8358763690612
Tpm1,1514.6886621943177,885.8456486773156
Tpm1,1514.9992485929429,927.0508931892084
Snx5,1515.4662679243345,1287.1712697357489
Cox7a2l,1515.748146979231,938.5417188839178
Rab7,1516.6193946001226,1090.4551446758162
Pa2g4,1516.2463847113245,906.4319773408878
Eef1g,1516.376726069157,1143.8297508830462
Rcc2,1515.3065594198345,908.5983835744518
Emp1,1516.8724908509205,1161.0052563508466
Tpm1,1517.275069688835,1114.7400179602548
Cox7a2l,1518.099552470719,1020.2260711428512
Pkm,1518.0692343965738,1267.728475881801
Pkm,1517.8955745874405,932.705651683424
Emp1,1518.93127327516,1058.87210997803
Pkm,1518.1563876237387,902.6661971776692
Emp1,1518.6694519596172,895.191428602762
Pkm,1519.09725282099,1134.1653556414904
H1f0,1519.369691267446,935.6345589251836
Thy1,1518.719516046544,1136.7527864095305
Pkm,1519.8198280787494,896.7266650737728
Pkm,1519.772450938682,945.8296225312228
Pkm,1519.3825383946664,998.308152209541
Pkm,1519.7697325363324,956.989495603358
Eef1g,1520.1463653501328,885.5530266263106
Pkm,1520.6829913573065,1158.0837198524923
Emp1,1520.6570054354297,1109.9195093474414
Pkm,1521.0610921454254,1307.965077713609
Raly,1520.312124317549,1309.4136497576287
Emp1,1521.4570584858889,1050.1770030903726
Rab7,1520.886986266298,1003.9979867097644
Cox7a2l,1521.5221342556326,937.9467969575217
Pkm,1521.2944448999497,1260.0109668677271
Pkm,1521.2854783000655,1173.2932728383196
Mtap,1523.0413071468518,1071.7696415618952
Lmna,1522.5756735488617,962.2828550870668
Gpi1,1522.1598260719295,962.6201745526794
Emp1,1522.5120831184863,1209.6804733097897
Eef1g,1523.3633684558242,1144.4080214532228
Pkm,1523.2522516975591,995.8562486252094
Cox7a2l,1524.2978499251608,1068.9293379202804
Tpm1,1525.5419134612134,1314.5482791981915
Eef1g,1525.4592875924484,988.4283864406052
Ube2m,1525.4943677281365,880.8425075240566
Tpm1,1526.3881395373912,963.4752528210272
Pkm,1525.9024190835323,950.5373966625848
Emp1,1526.3220742745243,1139.4635743573676
Eef1g,1526.4234973913842,890.1539323374786
Pla2g4a,1528.4549617781731,916.8014914270464
Emp1,1526.7881855239916,1083.6435475830633
Ywhaz,1527.3221543622788,906.6188018673164
Rab7,1527.5287263324622,948.1265356106808
Eef1g,1526.4385363717493,1296.038554089773
Pkm,1527.5081431830033,941.687104512356
Pkm,1527.7494395947178,1266.6500761926795
Pkm,1527.8227834854038,1250.6762557957416
Pkm,1527.4336795144543,930.90215539272
Eef1g,1528.14874820281,1100.2649291116904
Tpm1,1528.424360398791,1203.141632731731
Tpm1,1528.8673551377624,1046.875731876274
Mrpl37,1528.7929861314603,1302.129212300841
Rab7,1528.830636423536,1162.4541165760154
Pkm,1528.7282976676604,1220.51428989202
Pkm,1528.8975133871884,981.5783704555342
Tpm1,1528.8026163694956,1111.240508213618
Eef1g,1529.681132235224,1320.6126075282157
Pkm,1529.7193485019322,886.8771815027928
Pkm,1530.000485987484,1195.598345099099
Cox7a2l,1530.0012363811188,1134.2234120316305
Eef1g,1530.7065866389532,990.1703979259804
Rcc2,1530.9545595144052,1065.4943741616191
Hspa8,1530.3390641304643,1141.3293547287235
Ywhaz,1532.2787016788784,1317.5456670700628
Eef1g,1531.4912145802127,1077.4679955200347
Eef1g,1531.9254794206363,962.7471403318552
Pkm,1532.6068640296653,1004.5359805627962
Emp1,1532.8095171324394,1200.372582819576
Emp1,1532.075794721039,956.0417985859948
Pkm,1532.8344727346523,1130.4430991800004
Rab7,1533.5347496806698,971.1597860650056
Rab7,1533.4192890472025,1217.6334132607346
Vim,1533.006833064925,1027.255403949432
Tpm1,1533.7490441334764,895.5587434295041
Cox7a2l,1534.7001796896643,1139.6448362837582
Zyx,1536.9227521526077,1052.4412073483215
Eif4b,1536.3317638586625,1052.277363257199
Naca,1535.796091443246,1051.8271467920997
Ybx1,1535.4896016494672,1051.907284156645
Ly6e,1535.755204058196,1051.3302490616288
Pkm,1535.153180384906,1144.868076988738
Emp1,1535.7686420087266,1193.2811247228797
Emp1,1535.5840240397936,1109.5266065560356
Emp1,1537.029465146672,1104.156809218029
Fkbp9,1535.5961807662172,1104.7550601320695
Ubxn1,1536.3045338859454,1103.697259197913
Ybx1,1534.221889721695,1104.4804422639131
Ywhaz,1536.7403374973844,909.0299747662524
Rab7,1537.138220058599,949.5493470314768
Rab7,1537.3464178386353,885.0817040179684
Ywhaz,1536.885219207796,925.9153459614424
Rab7,1537.5193875335135,1091.9824717679223
Eef1g,1537.9483495622353,1010.4104199491868
Tpm1,1537.952663176068,1089.9478495756316
Tpm1,1537.7901824685882,963.6383155485672
Pkm,1538.765516593221,869.8124187494982
Tpm1,1539.103170723784,891.1602728583492
Ywhaz,1539.7375337715705,976.1011963227004
Pkm,1539.3483981749946,864.9635101400643
Pkm,1540.4448182327108,1190.0409756349106
Pkm,1540.7276512949231,999.5574191614064
Eef1g,1541.1494884903746,1078.5776483278487
Mrps25,1541.4388382492348,1138.1660277852109
Pkm,1541.7930523902485,988.5771316410018
Eef1g,1542.781640434432,1114.472141984594
Rab7,1542.610913636329,1082.7063533416217
Eef1g,1543.1115350156333,1040.2148401890183
Emp1,1544.1404991613515,1102.315082455553
Eef1g,1544.5342143302514,1095.9392607534344
Eef1g,1544.1669698499932,1149.1423237435429
Tpm1,1544.4316140454414,1028.6151433438426
Eef1g,1544.5534484186353,977.5638779511926
Tpm1,1544.8354846573086,1136.3918614849497
Rab7,1545.4439506870538,1022.8809976248089
Emp1,1547.5876273407198,1128.704615988646
Emp1,1547.256174681365,1156.8874134048735
Eef1g,1548.3455336258314,923.5266688736492
Cox7a2l,1548.9986903759743,1123.0547982025143
Pkm,1550.0610856740916,1104.4186896825167
Pkm,1551.27142393001,1109.0179839591467
Eef1g,1551.20514813702,971.4520290935944
Ywhaz,1553.408072897378,977.5773123052148
Pkm,1556.171367429184,958.498090932652
Cox7a2l,1557.1782639856517,885.8661151863585
Cox7a2l,1559.692272309385,914.486844585342
Eef1g,1561.633914825666,920.5973205385612
Pa2g4,1562.9274646337974,911.523023586422
Tpm1,1562.9808671923238,941.4042827886644
Rab7,1563.763779014664,921.994443400801
Ptges3,1244.9450391645082,1406.3653097396318
Nedd4,1289.514022657862,1411.822092887967
Nedd4,1290.2085069612403,1400.926751789395
Ugdh,1305.528967095076,958.4335876476388
Nedd4,1309.3967171246072,1007.3937477652182
Ugdh,1314.5747062141652,1214.420208256279
Ptges3,1319.1712939126342,1365.345141549932
Mrps2,1319.4713104879406,974.8660810762084
Lrrc59,1320.9376603479686,1387.2490734779726
Nedd4,1323.4650598671617,894.8278677720393
Nedd4,1324.9281247519766,1041.616931410405
Vim,1325.8721181269682,1178.3263839292408
Ugdh,1326.2338063762168,1036.684724800548
Mmp14,1326.065553951781,969.8230584961924
Ptges3,1328.197022641419,1164.157023528522
Nedd4,1328.5357284585175,1350.9292582822368
Mrpl4,1328.5751409636734,1001.7922644981836
Cct3,1328.887879141254,988.7536093461566
Uck2,1329.5206028831913,1341.581407329369
Mrps2,1330.2189713965552,1056.8958369427437
Cct3,1331.3206626582423,1334.805565376491
Ptges3,1332.7958059015766,932.2649663464252
Nedd4,1331.8436921621212,994.5636289499788
Gpi1,1334.3621670741877,970.7681102721752
Ugdh,1336.468601049881,1061.1182335197436
Nedd4,1337.9873435687,1352.1502343473971
Ptges3,1339.4348655170484,934.3246252742144
Ptges3,1340.532010713033,1192.4368986953918
Nedd4,1341.3391696535678,970.4736570738715
Hdgf,1341.6310628207852,1202.4445425905906
Cct3,1340.7794050130417,1236.4285598035526
Nedd4,1340.5703239565692,1340.7065414312362
Scarb1,1341.8529688890555,1268.6831696026893
Mrpl4,1342.7792609680075,1054.7691541248132
Rpl18a,1343.0308871908906,942.9844913931296
Nedd4,1343.5340100339567,992.05609630391
Nedd4,1343.8989834688316,1162.5606809478943
Ptges3,1344.912584313348,1113.3131341992653
Nedd4,1346.287017410579,1000.2033484743232
Cct3,1346.426143744971,926.6931480658218
Nedd4,1347.8265682615347,981.2797853956264
Uck2,1348.3354493419051,1198.3298717961889
Raly,1350.385387427331,1121.5637018211928
Ugdh,1351.140513622964,1209.7177479249433
Nucb1,1352.1347908629832,1297.8583033780574
Ugdh,1352.1271705262138,1296.6300794088545
Cct3,1353.5459266865605,1064.5458931734488
Zyx,1354.2584262139485,1403.6773250139795
Cct3,1355.8916332604265,1139.42762563603
Ssr3,1356.6698602303245,970.0717879333972
Cct3,1356.1046379402746,970.3094747047494
Vim,1354.0088294545155,1341.9848010245587
Cnn2,1360.3190893014653,1342.2730553361207
Eif4b,1356.3732292513243,1342.1015128564227
Rcc2,1357.8683496955643,1341.875682922464
Snrnp70,1357.9015062243038,1341.6815788640188
Tnk2,1357.8137359468412,1342.1715580425664
Nedd4,1356.62412712359,944.3239424484186
Cct3,1357.5890458478882,979.359062133908
Ptges3,1357.3356282424738,928.8603096608902
Cct3,1357.7945521440977,1300.2291190372791
Ptges3,1359.2254880746243,1193.9667042816795
Ptges3,1360.8990978853217,1388.980281466843
Ugdh,1361.6567689925375,1335.0313834784286
Nedd4,1362.0601698102062,1349.9272839348037
Il1rl1,1365.7050610530252,1030.0804827768816
Cct3,1364.5979452733443,1028.7545156029246
Ugdh,1364.1594958364217,1314.602096179323
Nedd4,1364.5640277634263,1340.2926950219494
Vim,1366.057731324555,1374.1484209511343
Ddx17,1365.4368698709563,1374.681948847552
Vim,1366.1631976257836,1352.9097853232297
Nedd4,1367.585414905629,928.475140730624
Cct3,1367.5416026808714,1422.6236064956374
Ptges3,1368.189596170388,1245.518666482521
Nedd4,1370.1739799596037,1451.7873456460136
Zfp36l2,1370.0303314384776,1258.845422437368
Nedd4,1370.3146064168125,1260.1667086961438
Scarb1,1371.8381711606864,1571.4702829991045
Nedd4,1372.4704970240216,1526.7911323475455
Nedd4,1373.8427398401936,1549.9716358832156
Cct3,1373.376453007213,1430.1138665388935
Nedd4,1373.5797892584355,954.793159974682
Rpl18a,1375.277258557611,1522.6961491139482
Vim,1373.5893686835766,1564.388409233352
Ptges3,1375.0205853196671,1563.8348576008998
Nedd4,1375.0951198751754,1390.2443135744036
Myh9,1376.172539125897,1403.6396887560966
Ugdh,1376.4088537741566,1370.5630531589322
Nedd4,1377.5777789370914,1396.6445096591165
Ptges3,1377.374617601646,888.7683033966237
Polr2e,1377.3025768579191,1251.6538030129043
Nedd4,1379.0292587071608,1549.1299796800804
Ptges3,1381.1729991393297,958.332150670944
Tubb5,1382.85646396585,976.4689548649866
Ptges3,1380.894170002232,976.3928115573236
Ugdh,1382.141004655061,1446.432229845535
Ugdh,1382.8042390381652,1410.625579846664
Ugdh,1382.2944772934295,1007.7923103767396
Ptges3,1382.741925044004,1525.3151823854696
Ugdh,1384.4780371061834,1551.828898739086
Cct3,1383.546836610967,1536.3278109522726
Nedd4,1384.0821307914057,1507.3930183381744
Cct3,1384.446930481207,1541.3355119706362
Ugdh,1384.1169780560178,1001.8896886898008
Nedd4,1384.870958300156,1573.3838890759378
Oxct1,1385.8420303649668,1572.5608555704237
Cct3,1385.7972009477546,1389.1970650035105
Nedd4,1385.2634529676666,1043.3612126582375
Ugdh,1386.9231758811673,956.5414586615194
Mrps2,1387.939252243788,1245.5466257531923
Cct3,1388.028340149745,891.4290710983673
Ugdh,1387.6531776517572,1424.262016042555
Ptges3,1388.4430718790638,1465.9135177023556
Ugdh,1389.2642714963129,1010.2394470181516
Eif4b,1391.056995438921,1522.0302572103342
Hspa8,1391.6306192946945,1521.6407227376865
Pdha1,1391.7128055308149,1458.3471563246003
Actn4,1390.1715678930047,1456.564476861564
Mrfap1,1391.2368222525492,1457.4510259953167
Sec13,1390.1123641804045,1457.0288075760284
Ugdh,1390.88625544293,1179.1819112480853
Ptges3,1391.6416951491694,1510.844998942558
Mrpl15,1391.7083720784578,1503.3394944754448
Cct3,1393.130380654705,1271.828236119257
Uck2,1393.870107740971,1287.4651920555364
Rpl21,1394.2823829206734,1285.8015190869512
Uba1,1395.108140768697,1286.3292406321236
Ubxn1,1395.002051899375,1376.1859535561136
Mrps2,1394.1764563843597,1310.224142314038
Nedd4,1395.9343478845112,1542.7447266123763
Prrc2a,1397.737000270266,1514.1102627177222
Nedd4,1396.977573390362,1512.8017681396536
Ptges3,1397.387742595173,1485.2778116693448
Nedd4,1398.5022110548475,938.257400583752
Ugdh,1400.9890363290845,1501.529136007014
Cct3,1400.828432104306,1236.7896621141003
Nedd4,1401.9043536983331,1514.948028723089
Nedd4,1402.2733613348923,1481.0390509227514
Uqcrq,1402.594735851541,937.3132793526609
Gsto1,1402.567790757376,936.871190591702
Nap1l1,1402.9961850651734,1583.6457765289058
Ugdh,1404.4144757290508,1413.1788024117411
Ptges3,1404.90195721689,1502.4766507842237
Uck2,1406.3492442215577,1356.497843158327
Nedd4,1406.1327000709105,953.6870155806312
Ugdh,1406.0850757832227,1404.567344237893
Nedd4,1407.4253783276442,964.829818439038
Cct3,1407.320726658028,972.0875114051522
Ptges3,1408.1063308759617,1481.137875515106
Zfp36l2,1409.1878257253795,1480.786489081677
Uck2,1409.0994171704797,1497.215390148515
Rbbp7,1408.819265560358,1411.9803001009284
Ugdh,1409.8921240409636,1264.8209035005962
Ptges3,1410.198450974483,1426.5507048369595
Gsto1,1412.0157762438234,1470.4155518941789
Ptges3,1411.9055750714554,1502.0957206606352
Ptges3,1413.0124654214796,986.9283528003656
Cct3,1412.3935999506532,1516.7817281057164
Nedd4,1412.8666112776102,1520.1910126784128
Nedd4,1413.470348264277,1535.9606295872238
Nedd4,1414.0228865622748,1393.211135382193
Nedd4,1415.8889737874597,932.260167782544
Nedd4,1416.0079246172925,1532.046243108824
Mrpl4,1416.4359640694795,883.2713685462923
Cct3,1417.7574749672794,1463.4773156399694
Nedd4,1418.9123016891829,1018.8228184719592
Ptges3,1419.0526860908749,996.3387630840824
Ptges3,1420.1848586306987,1029.7665956645387
H1f0,1420.413181333448,1445.8793494147478
Nedd4,1420.7331111401347,1162.74734273153
Cct3,1420.6527209216208,1402.0311278365568
Cct3,1422.2060724008024,981.1352191873686
Mrps2,1422.5381153756523,988.6383129908438
Nedd4,1423.136320279238,1495.2425522555602
Uck2,1424.449737783642,908.715407756812
Cct3,1427.8718756759515,1322.0576813038958
Nedd4,1430.6282593257608,1214.0050314399753
Nedd4,1431.255723553109,937.901340224282
Ugdh,1431.5941372304974,1274.0663974688766
Nedd4,1432.6266651173396,1239.7711800278707
Ugdh,1433.691254432131,1469.2005513240624
Cct3,1436.445478328866,935.4320776580072
Cct3,1437.7901483486526,1012.2041292679598
Ergic1,1437.475433245587,973.2045426559688
Nedd4,1437.3504204930236,1444.0659142315892
Uck2,1439.0547169017193,1304.408226566814
Ptges3,1441.4287837815525,929.7195230633648
Scarb1,1442.4960637582644,1354.820406198112
Slc38a2,1443.7220998905266,1218.8718131347434
Ptges3,1442.9251788140969,1217.6017516360996
Mrpl4,1444.265606153998,946.5109545973733
Ugdh,1444.0564204566658,1149.1180582403283
Ugdh,1445.192766169017,1307.7224093495313
Snrnp70,1446.319286401968,938.7284490710564
Ptges3,1446.9331540786725,910.4805720996812
Nedd4,1447.9147947041988,906.6955535076308
Arpc2,1452.6986927612102,1268.4515504056592
Tubb5,1452.1768368839944,1268.4282162395375
Ugdh,1453.3036823260115,1268.797284139805
Ptges3,1453.6571556449526,901.4039375009864
Nedd4,1454.1697078600523,1302.2085019927354
Cct3,1458.8563752241996,938.6698659397578
Uck2,1459.4461057110398,1322.263768193125
Vim,1461.2593798113903,1400.6193836802995
Nedd4,1461.493267381205,944.3554647158124
Cct3,1465.2983952191232,906.4305473078864
Ugdh,1465.8054806458722,916.5551254416893
Cct3,1466.8439176682327,1017.995086501678
Prrc2a,1465.5202267125242,1017.1825687356863
Cct3,1466.3804776163447,1294.3266132603978
Nedd4,1470.0212286113078,993.6531652993416
Nedd4,1470.527680123094,913.4533034325856
Vim,1475.119134954709,996.8385882889904
Myh9,1474.5418142175663,973.6351065725656
Gpi1,1474.4083380731397,974.3317060528636
Rnf11,1476.1595337779409,974.4688357236446
Vim,1475.0848466514833,1302.7538450131292
Rpl18a,1475.9415426772875,951.5886150382852
Scarb1,1475.0281334318306,950.6061802725704
Ptges3,1475.8975405845345,904.3059289141592
Ugdh,1476.8951973387152,1055.5016927316203
H1f0,1480.197237320814,1012.3428610140576
Cct3,1480.19920038181,941.3910372785456
Nedd4,1482.5847322040916,1264.2214009727788
Nedd4,1482.8083022869544,993.529697287508
Nedd4,1485.7758491783263,1040.783216112755
Cct3,1485.347994178144,1308.3509253281773
Mrpl4,1486.5970333405844,958.9183901497934
Nedd4,1486.2625668535788,969.8604472727034
Cct3,1486.829896364243,889.0381584570509
Uqcrc1,1487.4212344045498,889.1969461225691
Ugdh,1487.987136346422,1031.8902557616625
Mrps2,1489.8039072357485,1084.3437632751948
Ugdh,1490.8692662338008,900.5976597937819
Cct3,1493.2539593499769,994.5520506627548
Nedd4,1494.9936260706852,902.587450067292
Nedd4,1496.6765250354133,1274.8996798272306
Mrpl4,1500.0090222037395,1123.267309629354
Cct3,1500.0796598903569,1004.7297176835108
Cct3,1501.1134740377058,1225.5688641294464
Nedd4,1501.5009718131232,966.776228330754
Nedd4,1503.1100681163998,929.9856652269928
Nedd4,1503.764500938881,956.9124805572455
Uck2,1503.9277027334524,1233.1906572101293
Rps15a,1504.33721086206,978.1318897475404
Mrps2,1505.679574504359,1069.1950171591786
Ptges3,1505.0241773302391,987.1390317174184
Ugdh,1505.7953578973352,936.4233998601806
Rps15a,1506.6238948585028,1073.7863510072148
Ptges3,1507.3500266704175,1074.8920031138073
Trps1,1506.814698352287,1202.5511460202729
Mrpl4,1507.54563212102,1202.8012926159097
Ptges3,1507.3389943855414,979.2327833699546
Nedd4,1514.0653938451994,1285.376531527049
Nedd4,1514.838427478064,956.9691883052
Ugdh,1516.076651532234,1069.5700159613111
Hspa8,1516.2074266655527,887.5009458610507
Nedd4,1516.5260267165831,992.1037223549812
Cct3,1516.5398536701514,1164.951043506178
Mrps2,1517.0629162518844,1146.5023566981877
Ugdh,1517.505833775875,1048.7938558046355
Cct3,1517.7108791979974,1226.3853601772444
Nedd4,1518.4433056124014,928.5308576896352
Nedd4,1518.763938435066,959.4386970323288
Nedd4,1520.2069664541816,1047.681554526825
Mrpl4,1520.6424049778948,934.144211413868
Nedd4,1520.2664262066812,881.1147502471836
Nedd4,1520.6468762823083,1286.1026402279504
Rpl15,1520.9732885143733,1258.3203031413332
Cct3,1521.6368338556044,905.1813667039578
Ugdh,1522.4031454863302,1074.4419892151411
Ptges3,1524.4642738214009,1065.7555828464556
Nedd4,1527.3206737857115,1059.3352295054167
Ugdh,1527.6616290390386,1053.1294222672811
Mrps2,1527.4500352228067,852.6101709234551
Nedd4,1527.8483223045157,931.8947010693548
Ptges3,1528.3801268120471,951.1847654632214
Cct3,1528.2681644386555,908.6543869269073
Nedd4,1528.2163014868102,1221.0442046893984
Lmna,1528.1075486372677,1199.913581955385
Polr2m,1528.1209318890365,1198.835282472283
Nedd4,1529.475744500306,981.1471098250706
Ugdh,1530.068509328555,938.9298508328004
Cct3,1532.2490739399248,1033.0054666016924
Rpl18a,1532.6772902400687,906.1970442385572
Nedd4,1532.126563065848,1011.2898340298198
Ptges3,1532.611828973744,862.1981242793282
Ptges3,1533.483183169054,1319.3090297918866
Ugdh,1534.1440075805308,894.9070069744457
Nedd4,1533.7927783723444,1314.859562310984
Nedd4,1534.001984333486,866.4317989552346
Kars,1536.1497594795146,997.4260544468872
Nedd4,1536.215360052267,887.5877783672802
Eif3i,1535.8020190304585,888.5681730704214
Hspa8,1538.012284874814,1160.010914185501
Cs,1537.7403023938846,1158.8484400715888
Nedd4,1536.9848458034523,847.5354406960417
Cct3,1536.2744864054848,883.2503200521517
Myh9,1540.3548041486133,1179.0751104849064
Ugdh,1540.1166520892766,1179.1385257816555
Arf1,1540.465622232004,1179.3428741943276
Rpl15,1538.4547233758033,885.4816559858218
G3bp1,1540.9141100793738,1021.5128037812372
Cct3,1543.23043470392,1155.8794588749154
Nedd4,1545.2665830776527,950.7648268208112
Nedd4,1548.6567763863236,868.1184032642362
Ugdh,1549.0651631770074,941.2374632640968
Cct3,1550.8943889358047,876.1040886238706
Nedd4,1558.2826011427703,948.1951063214632
Ptges3,1566.0002305337389,932.9325144627836
Pdia6,1282.1201581909252,915.6044045487536
Uqcrq,1282.7446510000914,895.1644689684392
Tcf25,1293.4556340985744,1395.2586929301506
U2af2,1299.6383156809966,1388.6618810517691
Tcf25,1303.6508169608442,1393.1262186087777
U2af2,1306.6386404423097,997.9831390779106
U2af2,1313.3139254902524,1374.4801538400034
U2af2,1315.4056284661046,1371.6758206396937
Tcf25,1316.863502841658,989.9316247641289
U2af2,1320.1768004211197,1353.3852823710315
Eif3e,1322.3080213655808,882.0140641609373
Got2,1323.5182324954487,1054.7198149964552
Got2,1324.0196836359464,1331.2289238621072
U2af2,1324.4136107547547,1259.460745282698
Got2,1325.032858669461,1362.0600000992097
Tcf25,1325.2711239838975,1350.4572480526656
U2af2,1325.4970785285332,985.0475053519568
U2af2,1327.35098786543,1239.9018172712942
Got2,1327.763056753095,967.4220252709214
Got2,1328.1175651741964,961.2856013088426
U2af2,1328.1829434534843,1084.5975086240446
Pdia6,1327.9171535893634,1200.1463214938956
Pdia6,1329.1806275537026,1205.0360097592038
Gas1,1329.331653541758,1019.9479045428568
Gas1,1331.59119406528,1193.5519682828117
Tcf25,1331.5686339190956,1292.8890444232482
Prkcsh,1331.468297800629,1033.3385991234627
Gas1,1331.7098955083216,1064.867901268834
U2af2,1332.825984493902,975.9421691661116
Eif3e,1331.9775212957757,1083.9800750421832
Gas1,1333.6473143349087,1229.6914553479244
Tcf25,1333.98185640963,961.8240805268272
Hmgcs1,1334.5001335252296,1260.080630535757
U2af2,1334.7440379331283,1045.6036004846176
Eif3e,1335.7049727369465,1226.7133421527749
Uqcrq,1336.0294313009117,1341.2139552603176
Arpc2,1336.7392517379028,1144.518631179082
Pdia6,1336.6092895515017,1254.280999087728
Arpc2,1338.214087583738,970.5603160247016
Arpc2,1340.4157292039813,1046.899532152417
Got2,1340.403913427209,1020.1819028091242
Rad21,1342.256091534945,1318.9055960139126
Hdgf,1341.3119987229709,1317.7812489115531
Got2,1340.7756146242796,1069.64963898309
Pdia6,1341.34837004988,991.0837910896752
Pdia6,1341.7147341124423,1211.066744955073
Pdia6,1342.6230724998302,1199.2441280158298
U2af2,1343.7515569867655,1325.3114922665836
U2af2,1344.8346479971062,1308.5301072976572
U2af2,1345.726851180529,971.1824557381256
Pdia6,1346.032397935223,1171.11570881852
U2af2,1346.2545695672422,1213.655393553563
Pdia6,1347.4755472025906,1120.832575876629
Arpc2,1347.751122994101,1017.8619759893126
Prkcsh,1348.694833949202,992.8074750995266
Got2,1348.579860637271,1363.864263093175
U2af2,1349.6974814248044,1050.236712559973
Tcf25,1349.583438185161,1020.4929864811712
Pdia6,1349.8800995013116,1084.669084559272
Zfp36l2,1351.3320245962498,1094.676790208913
Ptgs1,1351.4781591716437,1204.452401100523
Gas1,1350.5094885083524,1204.731700043998
U2af2,1351.060044569254,883.8175718380189
Mmd,1351.7193218407883,954.1254974806444
Eif3e,1351.4618602961827,1352.8456293300976
Hmgcs1,1353.4095607835052,1146.7408707006846
Arpc2,1353.233181666897,935.7049021692088
Prkcsh,1353.6571691922245,1254.7834039018248
Uqcrq,1355.3169664668694,879.5785515681113
U2af2,1356.5656018615568,986.224778236702
Uqcrq,1358.751676291496,1080.538917869237
Arpc2,1358.7880175660457,1351.0892249707456
Prkcsh,1360.1868954036158,1327.274397073521
Prkcsh,1361.2587800570914,1316.0432018464262
U2af2,1363.4292477558731,1382.5117610362993
Got2,1364.702077934625,1087.2391386035451
U2af2,1366.3396101833855,899.6974145775912
U2af2,1366.1618486755858,1304.9141863192067
Pdia6,1366.985574455931,1217.575132917598
Got2,1366.7148304727807,1393.682964303077
U2af2,1367.0984396321087,1419.5489532117556
Ndufv1,1366.967923229584,951.5119081109508
Gpi1,1367.7944572571364,950.2226515477053
Arpc2,1368.0441286730315,917.6209968156156
Pdia6,1368.5902429350904,1253.7543140382422
Pdia6,1368.6063518441256,1300.9061215514675
Nfe2l1,1369.0234464693997,1200.5296019412458
Zfp36l2,1369.5808425495873,1395.5751897129733
Tcf25,1369.9416806818033,1045.6337692110098
Pdia6,1370.623814146703,1351.0987809505832
Prkcsh,1370.1325138185246,1065.0213935857423
Gas1,1370.4835770606787,1412.653284016346
Hspa8,1371.12249421763,994.1234590945523
Arpc2,1370.9959708814772,1312.3527026375075
Pdia6,1371.060058331232,1340.8467403050086
Got2,1371.3359257743537,926.3470135665056
Arpc2,1373.2541100995468,1355.4146175550563
Arpc2,1373.4984549218257,1398.9129893490351
Eif3e,1373.8260282498773,1546.6317270922234
U2af2,1374.1140849033582,1145.8430483567136
Got2,1374.2065558127806,1295.8720669607355
Prkcsh,1374.6907703762297,1184.137100790321
Got2,1374.2192200642737,1562.0814323906152
Mmd,1376.1198909850746,1027.093294268919
Prkcsh,1376.0122045270143,1197.1017228580174
Prkcsh,1376.8976209655818,1015.1158637304404
Pdia6,1376.5272450603975,1349.313909652411
Stip1,1376.146452606108,1319.8046823600416
Gas1,1376.89609925029,1098.1393237647137
Eif3e,1378.4689815228694,1587.393942135
Hmgcs1,1378.5560254618804,1069.539689700723
Uqcrq,1378.1516908425533,1315.1355670576058
Eif3f,1378.4413213786438,1047.9027626280536
Got2,1379.072769305186,1048.311743065745
Tomm40,1379.3729327747683,1405.5505665530436
Gas1,1379.6098677994798,1174.4858181754332
Arpc2,1379.904291739631,1508.8675405235824
Hspa8,1380.3471798972896,958.4468014822168
Got2,1381.3303147816375,1350.7611514998912
Rrp1,1380.954568032828,1361.157164662939
Prkcsh,1381.794937830286,1284.105528525268
Cnn2,1382.5767057554556,1464.1728801012414
Arpc2,1382.3541860772918,1534.727286653452
Prkcsh,1382.6372480120012,1024.3752035938055
Tnfrsf1a,1381.7484387914835,1024.483483173868
U2af2,1382.0579711819023,962.737142073238
Ybx1,1384.4979441230453,991.7448460449336
Got2,1383.1595145669935,990.7174924403672
Got2,1383.2402374753417,1576.688156205947
Arpc2,1383.477813150377,935.2288181442344
U2af2,1384.570004057165,1415.148425232975
Hdgf,1385.0207886333196,1494.634688035081
Uqcrq,1385.0542140061689,921.8309874318996
Uqcrq,1385.2333677696815,1373.2273864098486
U2af2,1386.359623657833,1503.8164449743776
U2af2,1386.4839192167435,919.0629428286048
Fkbp8,1385.3097634739806,1279.2045136286629
Hspa8,1387.6980749598142,1389.62990033712
U2af2,1386.8642477492003,1366.4126590981728
U2af2,1388.3964220266455,954.0644566002364
Pdia6,1387.9880974550465,1275.0902658474315
Gas1,1387.4377819504173,1568.9199588081435
Eif3e,1388.659684166818,1591.215757041506
Got2,1388.835733752253,1399.5035935703718
Pdia6,1388.902517456231,1324.6973010240636
Got2,1389.3838144247834,1565.3391491017614
Uqcrq,1390.012015920494,1301.7515507287342
U2af2,1389.499029022026,885.3526958442926
U2af2,1389.7943391723666,1118.886121985107
Tcf25,1389.6106431321514,1534.453104050959
Tcf25,1391.1577961678202,972.9066184419586
Pdia6,1391.7575132795982,1007.7646390752356
Vim,1392.8481543655512,1007.8123710730904
Uqcrq,1391.9761619689275,1453.4689413633732
Prkcsh,1391.891023024159,1095.3543943570303
Eif3e,1392.220989281479,1286.9021452368725
Eif3e,1393.8020570324095,1196.214829900346
Uqcrq,1394.3290443917667,975.8096983737782
U2af2,1394.9749146340191,1048.1554925394205
Arpc2,1395.0832397236693,1189.37006864319
Arpc2,1395.518823894413,1388.773109180815
U2af2,1396.1931783884015,954.1081447546856
U2af2,1396.2273020684418,1403.4652710376968
Eif3e,1396.204907344251,907.5283202384536
Arpc2,1396.509638144192,1524.8947333256722
Rnf11,1398.4455130163883,1475.2831759847911
Tcf25,1398.6893213948906,1557.7437326202898
Got2,1398.6339213255542,969.033368762925
G3bp1,1398.8928896099546,1485.6079945055508
Uba1,1400.366240853455,1342.4635170747797
U2af2,1401.7075967230603,989.8584718711004
Pdia6,1402.0556233839206,1424.0919849064926
Cnn2,1401.2687529209225,1523.3557732903726
Uqcrq,1401.6511465078956,970.9244056823636
Gas1,1402.3683116070113,1278.9772708396729
Eif3e,1402.9487809712666,1005.4897797088386
Pdia6,1402.4728981059495,1054.2744702822483
Eif3e,1404.1937994352984,1371.2663481999086
Nr2f2,1405.5363974530503,1550.766642752093
Arpc2,1404.0878764031431,1550.93784787159
U2af2,1404.2930419758077,1484.923522536864
Vim,1405.8142286535358,1427.264311378085
Tcf25,1404.7934712429078,1500.0871088608756
Pdia6,1406.4108459565332,1293.4517484656951
Eif3e,1406.0211443556884,1540.918555129836
Eif3e,1406.9228619451746,1416.003194130474
Got2,1407.1256293241386,1121.2274656204595
U2af2,1407.7628630971851,1533.7104522547615
Hmgcs1,1407.668582327493,1211.8330349712128
Uqcrq,1408.2473981502017,1457.8734053063165
Eif3e,1408.1435136641574,953.456470178651
Gas1,1409.4104671511825,1203.2631643481054
Got2,1410.274763405625,944.0805945730046
Gas1,1410.0097467267346,1184.1118420134148
Eif3e,1410.3091020420047,1519.933214681383
Pdia6,1412.1848145481663,970.4953072416976
Pdia6,1413.3264033167443,1343.015508870968
Grina,1413.6802146258033,1388.1271044284472
Arpc2,1413.069948294248,1047.6212677694048
Zfp36l2,1413.246792745054,956.3258052815218
Pdia6,1412.9791697794428,977.6626005636268
Hspa8,1412.6615657750697,978.15319283933
Npc2,1412.8839193513725,1003.4921089405774
Pdia6,1413.2403505447865,1002.4674346304472
Pdia6,1414.64280105616,1225.8106075312044
Gas1,1414.277860005853,1418.4866150302537
Pdia6,1416.165435693028,995.7020358797632
Fus,1416.8661493898337,1432.9036926375124
Arpc2,1417.4286212717427,1281.111191240681
Arpc2,1418.433389485834,1389.212153758934
Maged1,1416.7433516407873,1498.020775112294
Eif3e,1419.4887990340253,1359.9864488973894
Arpc2,1419.6385884418544,1458.075303690548
U2af2,1420.0955069399436,1046.524338833612
Eif3e,1420.3957574017468,1508.1595298481825
Got2,1420.0907973692306,1477.8804022205325
Tcf25,1421.3443528880437,917.6628589034606
U2af2,1422.1080513539066,1445.9462222345846
Tcf25,1422.7791822327326,1519.1108430343154
Gas1,1422.809743367084,1018.5395665849404
Arpc2,1423.486538700526,1453.5679683918904
Zfp36l2,1424.2544158210203,1433.4821516198945
Ptbp1,1424.4035655723335,1374.9998715977836
Eif3e,1426.0154338341613,1491.6881489195507
Prkcsh,1426.4222162668054,1010.7117530997564
Prkcsh,1427.8450020145217,1335.330729318363
Prkcsh,1428.149342414289,1426.0432247880813
Rpl18a,1427.162799717957,1123.3932103138309
Got2,1428.4567132155848,1018.985344884928
Laptm4a,1429.6316435040535,1397.1132221486762
Gas1,1429.0983683501229,1326.2224393570448
Prkcsh,1429.4474524736083,1348.10539840511
Got2,1431.162331170785,1406.612357551313
Gas1,1430.9518919069048,1179.4898269805828
Got2,1431.28690078637,1369.9955737513692
Got2,1432.1151099101312,1486.6172577482273
Got2,1432.315551513114,1208.0574675438602
Gas1,1431.9154351335585,1053.0050479589129
Arpc2,1431.7206547914195,1316.056444635752
Tcf25,1432.8443533823388,1507.7462399114754
U2af2,1434.8154696195795,922.3522302168968
Arpc2,1434.3129509217554,1326.6200531835357
Pdia6,1435.2869318514777,1237.867073186905
Puf60,1435.8590450906129,1387.5943178660032
Uqcrq,1436.6344542615022,1454.859771910787
Got2,1435.6003475161492,1380.2558094132885
Pdia6,1436.203511438453,1339.0653195106652
Arpc2,1436.90462544807,1289.4238578289935
U2af2,1437.3599988596857,1430.3269970731108
U2af2,1438.2125586849115,1444.8574953768584
Srebf2,1438.2553275704204,1325.6070540905484
Pdia6,1437.6445444864694,1325.3284664474404
Uqcrq,1438.4653240672417,1308.324194529751
Ptbp1,1440.7544720112155,1353.387268568145
Mrpl15,1440.1910296604185,1352.618750524759
Got2,1440.5098900621283,1263.4397895589464
Eif3e,1441.3544215405364,1463.5007891528671
Eif3e,1442.0612325816542,962.5089233246996
Pdia6,1441.8967320571696,1298.7153564785583
Got2,1443.387089145817,1459.0770975922394
Tcf25,1443.5329208557018,1294.5208558229035
U2af2,1443.3547450637732,1381.7762701291983
Got2,1443.7111679606192,1441.4238698670451
Gas1,1444.8774387616104,1374.693036971944
Pdia6,1445.0270629204776,1053.8350574391884
Arpc2,1444.7455242320705,1296.530574678076
U2af2,1445.668616033749,1123.4679042698538
U2af2,1446.251973311053,1417.7395244614625
Gas1,1446.365669335989,1211.4454302164509
U2af2,1447.0674967971777,1293.3311295186984
U2af2,1447.1963199936315,951.6473625538398
Arpc2,1449.112928503382,979.7987952381116
Eif3e,1449.3381820026875,1387.5414033811526
Arpc2,1448.981120491931,1312.7283966007208
U2af2,1450.6891753126513,1391.0029463427356
Gas1,1450.5942210843632,1201.2986306458802
Gas1,1450.1853413078177,1162.0686965841992
Got2,1451.1988124719508,1038.4397110534997
Gas1,1451.3968042237186,1281.6018881468092
U2af2,1451.162074524265,909.0634592844448
Arpc2,1452.3510983866938,930.9201398743896
Uqcrq,1452.556696364707,1341.6362839048174
U2af2,1452.9135210358966,1292.6449674211376
Gas1,1454.066045799898,1164.6545174629257
Gas1,1453.4663180350392,1296.126780297676
Tmbim6,1453.668574657671,1294.6426270130476
Cebpd,1451.9771244862436,1295.4101012872163
Arpc2,1454.5063094475663,1278.2539030979287
Eif3e,1455.3150729401466,1347.8579334053738
Got2,1455.8303349776857,980.3785039841066
Prkcsh,1455.9684373618804,954.951216269472
Eif3e,1455.6754227535876,1408.0410009209857
Pdia6,1456.99619072283,1300.1625131565693
Hspa8,1457.3192461174342,1235.722833109215
Malat1,1458.6316570699955,1235.5129840891666
U2af2,1458.1099390022189,1260.8036721313736
Slc38a2,1458.4282165964214,1376.584132815421
Arpc2,1458.3492016025232,1377.3233717030564
U2af2,1457.7404482297131,999.710695987771
Pdia6,1458.5996854319703,1053.5021055279872
Snx5,1459.0019616227123,972.167213728015
Gas1,1459.0933238318603,1280.3657162107893
Nr2f2,1460.5132510877988,1040.5274650161775
Gas1,1458.649652800609,1111.2947898423567
U2af2,1458.9922196408093,1295.4733986677252
Gas1,1459.3668351464366,1033.3432573959506
Mmd,1459.5942822263703,1402.6163092120564
Hmgcs1,1459.8901477874924,897.1656489085857
Uqcrq,1460.011336133532,1050.138845716754
Maged1,1461.1284901947088,1280.7744042689071
U2af2,1461.508560742294,923.6214019275332
U2af2,1462.482736113737,1211.473813578854
U2af2,1462.6439582845671,966.1575614962684
Got2,1463.847105837044,1066.7688214341076
U2af2,1463.6848514787148,936.6221480514396
Pdia6,1464.696762138038,1364.669498570835
Gas1,1465.3274359384932,1344.5013866055674
Oxct1,1464.8737128347348,1380.2053776363496
Gas1,1464.505882972333,961.672553974262
Arpc2,1465.3708737674872,1298.9356230325602
Arpc2,1465.202639759763,1386.696201624375
Uqcrq,1464.9352495368275,1163.8665964968463
Snx5,1465.5218393037517,1110.526053966717
Prkcsh,1465.379475480124,970.7226314425668
Pdia6,1466.2386495893234,1275.1900253391286
Gas1,1465.6577557366004,1256.9085065071245
U2af2,1466.1319515462942,1342.736350340652
Uqcrq,1467.31569605263,1259.9252322565217
Pdia6,1467.6246984593758,1151.497434583252
Gas1,1467.484465404711,1091.611582433729
Eif3e,1468.495329670856,877.2123383899326
Eif3e,1468.3598973626863,1250.7025547782146
Gas1,1468.4397391431903,1200.9442708389072
Top2a,1469.5029599723523,926.9418162563406
Uba1,1470.675656949116,926.4762868017168
Eif3e,1469.804115287395,928.0948154889188
Tcf25,1471.0452789580509,1181.3747671140377
U2af2,1472.2885891795454,1340.2823607332691
U2af2,1472.5690423793703,1283.8247344031815
Pdia6,1473.0185874724175,1170.6742270478635
Tmbim6,1474.4408554099975,1099.4052435895671
Ergic1,1471.6816031021258,957.3374353657028
Prkcsh,1473.3972775294235,1058.1112607720318
Arpc2,1473.5436703354708,1249.156414859504
Tcf25,1473.527453780065,977.1138180967324
Arpc2,1473.6071889950497,984.0825695766764
Pdia6,1476.0652801201802,1281.6811065115485
Tcf25,1476.6164874496417,908.5597826150944
U2af2,1477.805165481347,1015.3120324929072
Pdia6,1477.667241273601,1107.7272262634035
Got2,1479.1047359174722,1060.5566079723708
Tcf25,1478.592218488158,918.1786288164444
Hspd1,1479.624652370543,918.11303812947
Hspa8,1479.868348674699,917.7427567577804
Mbd3,1478.1602725489463,918.9844048029172
Tcf25,1479.2039049553423,911.6690143009392
Arpc2,1478.843976166036,1027.1419413935903
Eif3e,1479.5187191779414,1029.98624663142
Pdia6,1480.2375909564798,1101.9219853665618
Pdia6,1481.8015488339252,1078.832173686924
U2af2,1481.8660462206335,1153.7846729550108
Pdia6,1482.1396891688646,978.5918330557042
Tcf25,1484.8162259062,1266.1112292244836
U2af2,1487.1848877889825,1008.8694941020808
Arpc2,1487.7498443221543,936.106130861422
Tcf25,1489.0476831106553,1275.616851152195
Tcf25,1488.708225137427,1148.7428584131662
Pdia6,1489.6415219401415,1017.6168402013942
Mta1,1490.4359299253017,987.0897673925808
Got2,1490.281423067296,987.1660452813696
Got2,1490.2126229273738,899.7820245497543
Got2,1490.2722203898604,979.0250365071128
Pdia6,1491.3665758776824,1089.90854377584
Pdia6,1492.7437797136658,1081.9189370699924
Arpc2,1494.975473626757,907.792962564222
Arpc2,1495.0619484191416,965.1290968265314
Eif3e,1496.215701207311,1064.3900230522156
Rpl18a,1495.9992864002415,1078.3650208873146
Eif3e,1497.0208644318325,1078.9190562678675
Eif3e,1497.5096233552886,858.7600472093764
Eif3e,1498.6782867505883,931.7751338577532
Pdia6,1500.4407104543775,1070.3471217569886
Pdia4,1502.095088016575,1263.7883976309472
Tcf25,1501.167217944478,1262.808319891447
Pdia6,1501.883512511681,999.1085328291972
U2af2,1502.0563806956186,1028.6808538243183
Prkcsh,1502.2574850295628,1177.3423235054506
Lmna,1503.4827473698583,935.5952925822216
Tcf25,1503.3143816339275,973.5966660540904
Hnrnpk,1503.7631161907009,973.5448166715996
Ybx1,1502.9465397034942,972.9322602285788
Vim,1503.1538621944928,972.8982911473116
Arpc2,1503.5375790056355,1319.5533524813504
Eif3e,1503.6498300050855,1124.252176166785
Pdia6,1504.566227028378,979.4772800788752
Hmgcs1,1507.2540621358496,959.8642625881608
Eif3e,1507.5035206256202,951.7565872220688
Pdia6,1507.3249293985373,1104.3215715196395
Arpc2,1509.3736019349594,918.2228231362428
U2af2,1507.9859824697169,1129.6355221922847
U2af2,1509.5313129445071,1151.3154503733556
Eif3e,1509.4989623658855,874.324886070732
Ehmt2,1509.2164188544589,947.1555285228574
Arpc2,1511.768193785408,1245.0469689398935
Arpc2,1511.6542170241837,1311.8615620111425
Ybx1,1510.948681585557,1312.8556532620946
Prkcsh,1512.540370711862,1103.6279968635126
Rpl21,1515.906639206048,1274.2740202487826
Eif3e,1514.244614417925,1109.5129841249618
Gas1,1516.6112937714418,1096.8330154938562
U2af2,1516.382658366931,1133.7357901810108
U2af2,1517.148660199815,1028.5310295463632
Pdia6,1517.6276389458185,1008.3983920765738
Uqcrq,1518.717462975309,1262.527503960326
U2af2,1518.5386215030771,850.330295617621
Ptbp1,1518.9405527744675,1153.8588087816274
Hmgcs1,1519.4767684700714,1154.8099582264244
U2af2,1518.8652800500663,911.2393345870768
Prkcsh,1520.5938983393503,1121.5632667279924
Mmp14,1521.341715531477,1121.6800345924528
Pdia6,1521.0383781742162,1228.3327207473674
Got2,1521.809568050288,913.330361657927
Tcf25,1522.1937458222774,1309.4302611457188
Got2,1521.9126872008849,966.498695762223
Rad21,1520.7484052530838,965.0660116040916
Arpc2,1522.6826970713453,1318.3237387322429
Pdia6,1522.6217398798835,879.4735754234812
Eif3e,1521.69944328009,1130.58077550505
Pdia6,1523.4179346092092,1072.059201259872
Arpc2,1524.7270609348404,955.5444014046926
Pdia6,1525.1416545985155,1212.7317284944218
Psmd7,1523.7720174580331,939.8157941026712
Lmna,1524.2590887413212,940.636345106441
Arpc2,1526.338984648451,1090.4119731992682
Ubxn1,1527.338410229634,1179.688080511724
Gas1,1526.5942247371986,1127.260538657487
Tcf25,1526.3236267760178,921.4703910501664
H1f0,1528.89811918023,1122.890593946912
U2af2,1527.6893378103728,1122.5791115825764
Fus,1527.637413440816,1122.0306026631822
Rps6kb1,1528.7288491350162,1123.9078866244984
Prmt1,1528.9387026692657,1023.7310697770664
Tcf25,1528.239788430339,1024.8765383353764
Uqcrq,1529.403652048787,1017.01015275078
Got2,1529.3817887258124,1046.1043471490684
U2af2,1529.750312155631,972.5975315455338
U2af2,1530.5152613619075,1015.0287788959818
Got2,1530.4390512248997,1070.8943232417123
Uba1,1530.8917582062827,1216.5993620169454
U2af2,1531.2814868429089,1183.141638630028
Prkcsh,1532.5636071787062,1082.9223571997163
Prkcsh,1534.332008997545,1118.0019223631398
U2af2,1534.3568924368535,949.030728346703
Prkcsh,1535.2711515190392,1113.330518940772
Eif3e,1538.3755396736765,972.3857975951456
Pdia6,1538.34186842221,1051.5795617415934
Taldo1,1537.8573152757308,1050.9435143862715
Pdia6,1538.1434164928187,1149.5527337707422
Pdia3,1538.5127681622323,1047.9282223098985
Arpc2,1540.3887043590312,963.2078933373635
Tcf25,1542.2131271180633,1072.0428633116917
Hspa8,1542.4200813102254,1109.7179294924194
Tmbim6,1542.317001376617,1110.440303780496
Arpc2,1543.1238235929147,982.4073490816044
Hsd17b12,1543.485688939249,1102.1117284068396
U2af2,1543.1971577727377,1101.5707551833411
Arf1,1543.1795009415043,1102.355485398281
Taldo1,1543.2229538681315,1100.5989490412535
Arpc2,1543.4310850300571,1088.7611181412926
Got2,1544.1191529595076,863.049368524134
Got2,1544.7556272658294,1046.13068586478
Got2,1545.3066669765367,1040.1822686593894
Pdia6,1547.1231610147988,1131.245017191806
Tcf25,1547.8030968532155,1030.2005924215337
Got2,1548.5133648831174,1119.169728111973
Arpc2,1549.800484725263,975.4795513905116
Arpc2,1552.2140029239144,933.6976672989535
Got2,1560.0712953015077,920.0331358065245
U2af2,1568.1442215060076,909.486548724598
Tpi1,1299.2686172820472,971.4686498898424
Slc38a2,1300.3837975539657,1002.9617473686718
Gsto1,1305.3347173342322,962.583583680448
Tnk2,1309.6856593140642,1373.3793273960275
Eif3i,1314.9307926467704,1340.169757665571
Sdhc,1317.2282422310443,1344.4497454008315
Mtap,1322.1194891445548,994.0052304222448
Tpi1,1322.3707812518078,1037.1754468368238
Eif4b,1322.319538079416,1225.052356676093
Eif3i,1323.7592393008276,1332.397693067655
Eif4b,1324.694472958116,915.778250773253
Tpi1,1324.8748467905662,1221.8809901998677
Igfbp6,1325.2726803035073,1036.0388580013823
Tpi1,1326.813203770783,919.7607650127896
Tpi1,1328.7672827012352,1330.4747918868632
Slc38a2,1329.5886870219304,1056.502047410081
Mtap,1329.9534444895503,1296.563422210264
Eif4b,1330.6173491271293,958.7096137958034
Tpi1,1330.7560335793855,1064.3311674270326
Lamp1,1331.2849298467038,962.8900147493993
Hdgf,1332.8014008643918,1019.8367070608448
Eif4b,1333.6539976743225,1144.4674663986498
Tpi1,1334.078318395601,1300.469948673027
Eif4g2,1334.3538544893454,1299.8341756624134
Hspa8,1336.167052222868,1097.1121608923838
Slc38a2,1335.3354333996294,1030.1838278617056
Nucb1,1333.384244500969,1279.4890851393934
Igfbp6,1336.6916436108638,1009.1536002591788
Tnk2,1336.4356938090898,1304.832195853781
Mtap,1337.9559029643972,1102.0206439728393
Slc38a2,1337.9566489954575,982.8639096135736
Tpi1,1338.3208035058826,1038.9187956242604
Slc38a2,1339.3730300051643,1084.4189376082868
Mtap,1339.7166797286538,1028.7310585122848
Ehmt2,1339.9007846519537,1109.4539465543075
Polr2e,1338.6943490614738,1257.1371946798774
Eif4b,1341.6873343697534,1277.1592561918171
Lrrc59,1342.9374054417608,1262.2930041299485
Cs,1343.4632878436694,1262.0312910388964
Eif3a,1342.3744430694312,1326.9200702660687
Slc38a2,1342.3992931740609,1103.2993599868232
Eif3a,1342.7104034119077,1022.2922920022608
Igfbp6,1343.0421952263714,1247.9334715472676
Csnk1a1,1342.7024378348065,995.878583903044
Thy1,1343.8483769553422,997.4860320156754
Tpi1,1342.581834412454,997.0959806985028
Eif3a,1343.4153747721768,1348.2628676551751
Eif3i,1344.412551087188,1100.962539515863
Eif4b,1344.2486663463033,1119.648507242317
Mtap,1344.0906065317158,919.2803610037328
Eif4b,1346.0162625883745,1341.4822601942758
Slc38a2,1346.439011840799,1258.6937766596316
Eif4b,1347.288896055775,1098.3055662152983
Mtap,1347.046468820774,1270.676891422126
Slc38a2,1347.440632281105,1324.6678859731892
Eif4b,1348.0434894779696,1391.0684067419024
Igfbp6,1348.7396169777544,1307.8899547431906
Eif3i,1349.8708507578929,1046.4867478401925
Slc38a2,1349.7344399761237,1212.2587123950534
Eif4b,1350.1334748216009,1013.822523696478
Eif3i,1350.3440255431424,1250.382594931036
Mtap,1351.04041587351,1043.0742026931343
Hspa8,1352.0004722250353,989.6962620701554
Eif4b,1352.5264716153956,990.0223848385727
Npc2,1351.568101173323,991.655321257516
Pdha1,1351.5374696141362,991.5559825461182
Rpl21,1351.350412766715,991.0268971825216
Eif4b,1352.5691899737049,1373.726098185198
Slc38a2,1353.3319076048674,1330.7073381049663
Eif3i,1353.7218755966703,1126.7057674078178
Tnk2,1354.8123746347374,897.5237874997133
Tpi1,1354.483565092392,1314.8273264708955
Mtap,1354.8232637370118,1142.5583284554689
Mtap,1354.6016610472418,1040.4612541644708
Slc38a2,1355.1977778529165,1253.4527872744495
Igfbp6,1355.9990299006388,1101.2125342306167
Eif4b,1356.9406104983937,960.1361284316474
Sdhc,1356.759853087222,1350.0138619577356
Tpi1,1357.1644601101984,1079.7370074072114
Sdhc,1358.2669852764616,962.043094259502
Tnk2,1358.3686365595531,1366.7510663098574
Igfbp6,1358.768672111618,1070.5640485928711
Ywhah,1358.8700840295485,943.092015246562
Sdhc,1359.1642712278303,1335.5092771542122
Uba1,1358.9866215562113,1336.2840823677332
Actn4,1359.574499158937,1336.4224012002696
Eif4b,1359.3524336353055,994.6023338162772
Igfbp6,1359.188232195692,1308.3594235157757
Tpi1,1360.5404719871865,977.713577929522
Eif3i,1360.7845741632914,828.6191602768253
Tnk2,1360.9138516189555,1385.8651645102264
Zyx,1360.3123537000288,1087.5345548724863
Tpi1,1361.4496403009916,1087.409897427293
Eif4b,1362.3382066412876,1408.002770198504
Tpi1,1361.819863895891,1126.0237232906975
Fus,1363.4860680454983,1315.524250253005
Slc38a2,1362.1405441883933,1308.3291392952228
Igfbp6,1362.545039483415,1365.124724169886
Hnrnpk,1361.9300823373956,999.7862088707618
Ybx1,1361.824581867881,1000.6513950271744
Mtap,1363.592222080226,990.1326379698794
Mtap,1363.8182791925062,1345.7574389879717
Slc38a2,1363.9868006874342,838.2951825540924
Igfbp6,1364.5266287015515,1187.4379696414442
Eif3a,1364.967664013093,1589.8604773536304
Tpi1,1365.072983741862,1594.9441540485957
Tpi1,1365.2708639380976,1389.9964658745491
Eif4b,1365.6894367771456,1057.85712528621
Mtap,1365.0756088271958,1294.6251354377769
Igfbp6,1366.2134081347122,1205.159379429995
Slc38a2,1366.4189672887703,1201.4119145385894
Tpi1,1366.8490048396184,1395.0050682322085
Ssr3,1367.5170754065543,1394.8481268743656
Eif4b,1366.7629963233744,1091.8489306829551
Tpi1,1366.9980933437446,1046.4658076937046
Sdhc,1366.6395981892117,1408.8951784251026
Ehmt2,1368.2087040410624,870.0148007833795
Tnk2,1368.0998996225485,1314.8647973691895
Tpi1,1368.1784328588562,1086.327127487148
Igfbp6,1368.5927641493654,1123.768060919799
Slc38a2,1368.7085510407735,1062.0687775794545
Ehmt2,1369.2687958520405,983.269576024556
Eif4b,1369.0364714902196,945.8643566823926
Mmp14,1369.421303403772,1240.6744866596916
Mtap,1370.7625903901348,1076.9796940268102
Igfbp6,1370.7894563795198,999.8301731722754
Ehmt2,1371.1113498233613,1344.5771876273682
Igfbp6,1371.1128608600095,1258.3206643264464
Ehmt2,1371.2804886048475,1553.8935240868816
Tpi1,1371.76320942047,1359.623559585541
Mtap,1372.4900859810143,1498.4067373108358
Cebpd,1371.9430659850725,1015.3964458739848
H1f0,1371.9229357517534,1017.3749314866326
Tnc,1372.1560124805324,1015.112035437587
Eif4b,1371.9832429298003,1015.5498336215124
Eif3a,1372.908495823959,1303.5438037087742
Mtap,1372.8202367309332,1383.2340723300076
Tpi1,1372.8280025001084,972.357443638722
H1f0,1371.4596045719666,925.340670611136
Eif3a,1373.21649808838,926.0494544160222
Tnk2,1373.350614610296,1566.760098267377
Eif4b,1374.028922696035,1049.3708270661982
Slc38a2,1374.5446370053453,969.9098893545648
Slc38a2,1375.2440583616367,1085.4935124688122
Tpi1,1375.8831410563685,1559.617424288578
Eif3i,1375.2788110168285,1365.585076647311
Igfbp6,1375.7143853485209,1226.684009670631
Mtap,1375.8810269407456,1340.350336691281
Mtap,1375.8484018685183,1100.48155936188
Ehmt2,1376.8960161370633,1083.8410688985791
Tpi1,1376.9294765558334,974.0590145125096
Tnk2,1377.6453818023622,1416.618940238491
Eif4b,1377.4062426217552,950.8274991705712
Mtap,1377.5460966682826,1018.2416207033846
Igfbp6,1378.3039711230922,1412.7289948576336
Eif4b,1378.2285089577165,1482.7003901694204
Maged1,1378.1852858567254,1482.2339707063445
Eif4b,1378.5102871207982,1427.3751184407256
Sdhc,1378.6693371623217,1480.219388011447
Tpi1,1379.1115365243973,1438.0099432618945
Eif4b,1379.0697045092174,1332.1933865890182
Tpi1,1378.9014349730835,927.4521827984316
Eif4b,1379.3505177453087,1057.8830269026896
Eif4b,1379.5051272055823,934.5164850592556
Tubb5,1378.8345506320477,1172.7320470118243
Eif4b,1379.4821648000443,1077.457978003015
Tpi1,1379.9802725400425,1324.5029371193125
Stip1,1379.2731122036075,1374.2094892222822
Ptbp1,1379.013310890005,1374.3709155307877
Mtap,1380.153829864653,1375.432459835245
Ehmt2,1380.7744270032829,1007.040708524407
Slc38a2,1380.6305992321425,1131.4044911729247
Eif3i,1380.6662773207884,902.9260113863194
Mtap,1381.3935648742977,1484.666393919739
Tpi1,1380.98847473776,1540.7891903697282
Slc38a2,1381.7811880579045,1432.8962046195516
Hspa8,1380.5246122815213,906.7353465268268
Eif4b,1381.695042751423,1531.041581332995
Eif3i,1382.5586101434787,1249.4596353794875
Tpi1,1382.788589469031,1347.4614388953837
Sdhc,1382.5768530767932,937.2148559728558
Igfbp6,1383.730649851109,1063.0298464129337
Igfbp6,1385.1894177226525,1039.5633220445293
Tpi1,1385.1321531129802,960.894891381432
Slc38a2,1384.7404463120356,1232.1974269609195
Eif4b,1385.9341347400004,1457.9348761878305
Ehmt2,1386.4302066243558,1352.2121336618293
Igfbp6,1386.17152960078,1442.9540057767017
Eif3a,1386.3930104830342,1428.3408658779892
Mtap,1386.3160273648837,1582.5686316389297
Igfbp6,1387.5074117374245,1571.6320474377549
Slc38a2,1387.5415333614535,995.0824991109788
Eif4b,1387.7565968348513,984.40583485679
Vdac1,1388.7768546201664,1575.8633646243163
Eif4b,1387.8154683624098,1157.6101045143944
Eif3a,1389.3384805835713,1240.7212949470388
Igfbp6,1390.3230556402475,1346.456233853395
Idh3g,1390.8719023551982,1530.3643881050311
Tpi1,1390.6633686557377,941.235299648001
Eif4b,1391.2868340778884,1550.0042943702215
Sdhc,1391.502727807351,1060.3747339022907
Slc38a2,1392.269011199508,1029.0413329212686
Eif4b,1392.5837291745584,1483.273199489728
Tpi1,1392.246852549808,1157.077862951386
Tnk2,1393.491650925881,1055.9997451403665
Ehmt2,1393.1295069856778,1291.0839252130256
Tubb5,1394.0899757877885,1477.6421616144492
Slc38a2,1393.844188160615,1149.3131897082312
Eif4g2,1393.6278822445092,1051.262799617709
Slc38a2,1394.3370596567024,1200.2511356895543
Tpi1,1394.3394144106076,1403.1267445268525
Ehmt2,1394.759100840388,1253.1035160333288
Sdhc,1394.7782070990606,1499.9893556265563
Cnn2,1397.598335747428,1312.669101081849
Tpi1,1395.7610681862311,989.0379716808662
Tnk2,1396.2175749139865,936.0114525799534
Eif3a,1396.2025325719424,1008.6710506983728
Taldo1,1397.2849187913505,968.5600890386156
Eif4b,1396.881826083954,968.863698309776
Fus,1397.9265287745368,1036.1032684387178
Ybx1,1398.7040866586972,1033.849490491497
Mtap,1398.584466350426,1217.7608400398665
Slc38a2,1398.4358369359438,1239.7914167163724
Tpi1,1399.1927213927872,1406.7682831573566
Lrrc59,1399.016327096297,940.5092927319768
Eif3a,1400.6833379198465,1174.824982858207
Tpi1,1400.21677021322,1046.2111194783574
Eif3i,1400.4493196042313,1471.0719456620932
Slc38a2,1400.4439234509164,1253.9745055235094
Mtap,1400.919228497413,1339.0115221631845
Prmt1,1400.6423289375962,1022.6347289782682
Eif3i,1400.897744340082,1505.472093350666
Eif3i,1401.941550090866,1287.370048714561
Mtap,1401.9362245644102,1398.674441985096
Myh9,1401.3248962859248,947.456602363818
Slc38a2,1401.8049871819244,947.0610594312872
Stip1,1401.6761729608313,945.598075551062
Tpi1,1403.5013708243978,1595.3248242846507
Ehmt2,1403.012862236732,1275.1889659365606
Sdhc,1403.3904957111183,1387.9595374484277
Eif4b,1403.3628511130432,1600.3448448470788
Mtap,1403.880574127022,1466.842306821258
Tpi1,1404.27089153904,1475.430711097847
Eif4b,1404.1878853333712,1531.148011701005
Mtap,1406.1144609439734,1435.7323178925203
Mtap,1405.781897682175,1293.2061515578323
Tpi1,1405.6341121562284,1561.6220759547136
Slc38a2,1406.006596883805,979.0218639784688
Rcc2,1405.7371929170115,1537.4142014736915
Eif3i,1406.3233359343735,1538.6067429249806
Slc38a2,1407.297116874649,1263.3735420998228
Igfbp6,1407.7385880861243,1301.2641290825013
Paics,1408.9337984320673,1507.185325304583
Hspa8,1407.8432686847086,1507.9630609452138
Eif3a,1408.6222052822068,1508.1046401079057
Vim,1408.9041000281877,1508.0386208581929
Igfbp6,1410.1041349044888,926.4303716958387
Pla2g4a,1408.447564851176,1374.0757202988912
Slc38a2,1409.9402974216869,1247.5809696827607
Gsto1,1409.677796850259,1045.6503422660462
Eif3a,1411.2232954487397,1195.606150678973
Eif4b,1411.2264558484308,1005.1575164413944
Slc38a2,1410.907440022288,974.589640717026
Gsto1,1412.0800394715284,1449.3797413099462
Eif4b,1411.869000569202,912.3284826835104
Tpi1,1411.9110926591115,1465.7474695526748
Eif4b,1412.3327040085396,1417.603385767282
Eif4b,1412.4821190158868,917.7653268098744
Tpi1,1412.6891147043602,1462.311905803654
Sdhc,1413.655771723259,1242.6638309851935
Tnk2,1412.6657991818945,1370.6743240172084
Ehmt2,1412.9219515941318,1566.5992640856916
Igfbp6,1412.776604103794,1276.6032122101128
Nfe2l1,1411.3369571926974,1277.3654625251745
Slc38a2,1413.0391618179235,1301.301832302412
Tpi1,1413.55133700305,1383.8185361422288
Tpi1,1415.148606823571,1128.528700174754
Ehmt2,1415.018322907896,921.926717490179
Tpi1,1415.350866743228,1264.9178336340617
Sdhc,1415.4582783164665,1400.8583031390135
Eif3i,1416.4793339618443,1582.351048200923
Eif4b,1416.828449563367,1488.570426508879
Lamp1,1418.008602413095,951.9843849149156
Gsto1,1416.372204516477,1443.9577224537943
Tpi1,1417.2771047851363,928.7458064560116
Eif4b,1418.3175353225822,966.2654282142216
Lamp1,1417.9969719304834,1042.1886270388875
Slc38a2,1418.90757292827,1041.9013053375818
Eif3a,1419.5198357957074,1340.6065404446638
Mtap,1420.1003127546726,1548.296757778019
Tnk2,1419.7632684824298,1373.8453670313136
Eif4b,1420.8361534532469,1423.3885668278856
Eif4b,1420.6909180928835,1363.2373025490306
Igfbp6,1420.5925091763943,987.4674523327318
Eif3i,1421.1312594080632,919.0128560588282
Tnk2,1421.2311399486655,1502.7631900831605
Tpi1,1421.309187011643,1000.6228005958084
Slc38a2,1420.9678326242886,1132.376265459868
Igfbp6,1423.0141593993692,1254.1110239826735
Tpi1,1423.3380629672254,1011.76617281701
Mtap,1423.1827716190276,1340.354528289948
Eif4b,1423.2267386478368,1372.457427466913
Slc38a2,1424.0789673678762,1059.789675715088
Eif4b,1423.5277786901283,1524.2979819373834
Hspa8,1424.7542186678852,930.1478767207768
Slc38a2,1424.94033537293,1334.5479809410026
Hdgf,1425.2870261376315,1517.1380912021723
Slc38a2,1424.996291231394,1133.7349320771125
Tpi1,1426.150180835119,1453.3192462095617
Ncl,1428.2083065069446,1299.3796693231066
Slc38a2,1428.1375910612471,1307.632517488037
Hdgf,1428.708397134495,1399.6428421864086
Zyx,1428.09745974494,1374.1125754777604
Slc38a2,1428.498217811255,999.2492789642638
Tpi1,1428.612716063529,932.8841803177116
Igfbp6,1429.2293761014812,1010.2024026627809
Slc38a2,1428.2847964198102,1254.5379370253993
Igfbp6,1429.7797047191734,1331.754544446589
Tpi1,1429.556069729531,1434.9837407935738
Igfbp6,1430.209827383144,1268.273145054536
Slc38a2,1430.2766368611385,1231.1663540979162
Tpi1,1430.310985225115,1485.4623840973409
Slc38a2,1430.6649398091602,1285.1939958548612
Tpi1,1430.9698227666163,1420.0366626548507
Eif3i,1432.3689185996757,1454.0904894740015
Tpi1,1434.1912987630883,1380.2126298427572
Eif3a,1434.6791665765234,1336.2838350002808
Slc38a2,1434.732897791956,1231.0291339216924
Ehmt2,1435.1818408317342,926.81990627278
Eif3i,1435.4686250839943,922.1797093911476
Eif4b,1436.5965734306558,1288.975977833617
Igfbp6,1436.6977411307462,1310.82163918614
Eif4g2,1438.0618917084334,917.4191463551844
Slc38a2,1438.5212987478358,1232.8629115202616
Slc38a2,1438.6860048192698,1329.7574180002368
Eif4b,1438.2865720320954,1030.2068665894335
Eif4b,1439.7206788472593,926.4805731024492
Sf3b2,1440.604069273592,926.920523156991
Slc38a2,1439.5412764580265,1373.516074900576
Tpi1,1440.1810291953136,1429.3317761438616
Zfp36l2,1439.179080805464,1202.529025560127
Tpi1,1440.3795910974916,1158.1384754514138
Eif4b,1439.9203901887015,1366.9445042439536
Ehmt2,1440.3975258140913,1276.6457070684885
Slc38a2,1440.775076683844,1209.7365047262
Mtap,1441.3649798226431,1282.5632041534354
Eif4b,1441.4027657102238,909.44685565698
Slc38a2,1441.8495089519574,1244.9985144963869
Tpi1,1441.4684349469933,986.9867115338016
Ehmt2,1442.9273580559716,1029.709912410245
Eif3a,1443.6050623113758,956.5828927500744
Eif3i,1443.0829381872934,1336.028317757176
Tpi1,1443.7707566990282,1425.45028191759
Mtap,1444.254335388253,1047.2751021718402
Tnk2,1443.570810669094,1258.1090201765314
Ehmt2,1444.6178614229054,919.362142995325
Slc38a2,1445.5875425248305,1236.9951745415449
Igfbp6,1446.2150872535826,1285.0806003933103
Ssr3,1445.9373910322206,1287.2675880051922
Slc38a2,1445.7829547777828,1036.0280292142145
Eif4b,1445.6364780243946,1429.7035914590338
Tpi1,1446.6436199851707,976.9784776601851
Morf4l2,1446.9405573092245,976.24095957544
Lamp1,1446.3034299875326,1050.717645038395
Rac1,1446.0167395320689,1050.8490874763224
Slc38a2,1446.9429187016362,1049.74859475323
Tpi1,1447.8844364264426,1267.1994125199155
Eif4b,1447.7983863543757,1287.9089199809296
Tpi1,1447.6203416584656,969.0719882985082
Eif4b,1449.4143008052106,1418.8813683860062
Slc38a2,1449.594370357208,1185.9292192854668
Eif3a,1450.4598613315811,1206.9457383040783
Slc38a2,1449.9845568864937,1355.582455338151
Eif4b,1450.364548284433,1393.1300364542406
Tpi1,1452.6978796649728,972.3985225734424
Il1rl1,1454.316713752732,1395.8589900744591
Fgf7,1453.7486008003132,961.1497086898992
Vat1,1454.592082781384,961.9477497979676
Slc38a2,1454.148847741336,1120.3405613223783
Slc38a2,1454.7026589725,1042.801912336408
Tpi1,1456.165183880589,924.37105864178
Ehmt2,1457.0357096641635,1170.5480014941618
Eif3i,1457.3905288845456,1409.1656166286466
Slc38a2,1457.3593250852723,1199.463725311399
Tnk2,1458.1930336142696,1039.30610291403
Gpi1,1457.429605643482,927.9906731371656
Sf3b2,1455.7454874869898,927.662358524939
Tbrg1,1456.9597901327668,927.693050493884
Tpi1,1457.5250868570763,927.3401969710784
Eif4b,1458.2092925779843,1397.811623390145
Sdhc,1459.2640027239902,1306.1894569369722
Tpi1,1459.2066896072186,1336.447781912632
Jun,1458.7620157409644,1277.6994804095705
Slc38a2,1459.1405847483843,1125.301473851764
Tnk2,1459.9330365414855,947.8313648245172
Slc38a2,1460.180507847065,1158.781934792322
Sdhc,1460.9266431664305,1041.656131968523
Slc38a2,1460.9822231501598,1223.1162865727124
Eif3a,1461.8102292910787,1350.5124478140117
Sdhc,1462.2331957395606,1310.1111032326914
Slc38a2,1461.7349440933638,995.279253909495
Eif3i,1463.1125584195372,1152.236055016252
Tpi1,1462.862847160285,1297.5435723856874
Eif4b,1463.6633660184227,1285.0552007303315
Ncl,1464.0552371132117,935.2844258418196
Tpi1,1463.9187866807392,1351.5611842486508
Tpi1,1464.2067558640265,1322.3371289404672
Eif4b,1464.3103861656673,1381.5260009945018
Tnk2,1464.416995668441,916.1222110297136
Mtap,1465.3409913926578,900.4739572426164
Ergic1,1466.0909507815934,1002.02275276553
Igfbp6,1466.4354736688017,1071.6841878561734
Slc38a2,1465.863645661745,922.3668382121348
Slc38a2,1466.3968057094355,1056.1963712467384
Igfbp6,1467.1076917049927,1125.3422169012388
Mtap,1466.8172743431423,1273.6669009450693
Ehmt2,1466.5772953618728,909.7038293572216
Slc38a2,1466.785367703748,1202.5818640603998
Igfbp6,1466.9010436314454,1307.7051143716922
Eif3a,1467.368915632878,960.3426737621808
Slc38a2,1467.741160959312,1107.99581131655
Ehmt2,1467.7698792183317,1024.3431530382568
Slc38a2,1467.6583911467694,1250.7251147595534
Tpi1,1467.615192652116,1367.6039399696294
Mtap,1467.798043948408,1059.5038139135688
Tpi1,1467.955355525463,915.168360044222
Igfbp6,1467.7621756190472,1033.9513997697657
Ybx1,1469.5098077623666,879.9517137373014
Slc38a2,1468.4788640339211,980.2162611704208
Eif3i,1468.3951555484664,934.8007495470408
Slc38a2,1469.496018176236,1132.9322752926728
Eif4b,1469.5441045235004,930.7635346739788
Tpi1,1469.3813941495828,973.425815434914
Slc38a2,1470.3101974287663,1118.2262541729042
Eif3i,1470.5971841167109,992.88605819828
Eif4b,1471.4829128588055,1003.7371812695336
Slc38a2,1471.7192754901148,1192.810502521953
Slc38a2,1472.728463950587,1295.4419324397702
Slc38a2,1472.0718255302795,1290.2692963676009
Slc38a2,1472.4669740135728,907.9852640536592
Tpi1,1471.9549853343913,1273.1420066989876
Tubb5,1473.773794148664,1000.0115357253234
Rps6kb2,1475.2109883616993,1001.231551942648
Eif3a,1473.0982126094627,998.9702853278746
Tpi1,1473.7676787731948,1277.8934615102282
Eif3a,1474.5957565030358,878.4947951076467
Eif4b,1475.021437727254,1031.8747214270554
Igfbp6,1474.3924360389965,1040.1281190055251
Mtap,1474.709475350144,967.928773090771
Eif3a,1475.3386382728218,1175.2714373875178
Slc38a2,1475.1059570247294,1138.1508557940465
Eif3i,1474.872932447894,942.465519641354
Slc38a2,1476.6994084003095,1193.7398203878372
Slc38a2,1477.0785954351677,1158.4005957972558
Slc38a2,1476.9149399912767,1094.3459959058653
Slc38a2,1477.4579901853126,1249.5940997306316
Slc38a2,1478.132251394629,1218.599185395084
Tnk2,1478.4816869914134,971.4178836078096
Slc38a2,1478.4464120751086,1141.522147794287
Eif4b,1478.898297929794,904.4473103799188
Tpi1,1478.9508381712842,1100.2720235258523
Eif4g2,1478.4725853852392,1101.441302572456
Tnk2,1478.9924452418252,1118.3531697745043
Ybx1,1478.9161196416717,1002.5836259289138
Mtap,1480.1991244083274,915.4262490984808
Ehmt2,1480.226114729594,1124.7899339594144
Slc38a2,1481.2245367527044,1182.81663189662
Eif4b,1480.6139795133197,956.3019645312378
Slc38a2,1481.566593610435,1216.062478617457
Eif4g2,1482.683379963248,983.0257451609592
Tnk2,1482.328816361206,983.480285808597
Sdhc,1481.8894134846685,943.0249203538924
Tpi1,1481.888543577634,895.9638636480098
Slc38a2,1482.2841054208698,1137.034565047496
Zyx,1481.0369363293712,1012.780774829624
Eif3i,1482.6740970922922,1031.1877815349922
Hspa8,1483.5298328061644,952.7976018367492
Cs,1482.651194164119,951.3677350653032
Hspd1,1483.0723664872708,950.7421203942206
Tnk2,1482.9602571950377,1188.944128688731
Eif3a,1483.6559673401423,931.2254585558442
Tnk2,1484.1168583302692,1213.0096495283578
Igfbp6,1484.1795179689125,1022.739855757366
Eif4b,1485.3028494085202,904.55634185151
Tpi1,1485.5345691318057,945.3887039496556
Tnk2,1486.934849647413,893.3057702607559
Ehmt2,1487.7992200879933,902.7137201147688
Slc38a2,1487.7063607493255,1090.3715365581677
Slc38a2,1488.9832069482472,1007.9860287719667
Tpi1,1488.7533289355847,930.3164797303152
Top2a,1490.3814769076694,1296.939480155237
Slc38a2,1489.0935917644488,1197.3811810554355
Eif3a,1489.5807847558387,981.0901146228656
Slc38a2,1489.7684202693476,1211.0195193699442
Igfbp6,1489.857314720854,1014.1765003819712
Tpi1,1490.844269897385,1001.976299508792
Eif3i,1490.2899481634497,942.086675718646
Mtap,1490.5849146759308,1074.8800999587395
Eif3a,1492.40920564147,913.7701273831226
Tpi1,1493.0995996807435,1243.8037425937978
Tpi1,1492.085563871943,966.9407501243315
Igfbp6,1494.1593102951003,1241.1546566156971
Eif3f,1492.9993741419194,1256.2420801984586
Slc38a2,1494.0776799814964,1130.3451197898448
Eif3i,1494.4836968723807,1114.345561530431
Eif4b,1494.4442459414877,1286.5220688781033
Slc38a2,1494.659909270022,1085.7563842082495
Tpi1,1495.0598840058883,1125.5622870805028
Tpi1,1495.8113659454784,1178.2419727127744
Tpi1,1495.6751569314165,1020.7801650010932
Slc38a2,1495.7962689390497,1121.76103430989
Hdgf,1497.4975952810507,954.0884741925636
Mtap,1495.9828199631245,1276.453559403877
Eif3i,1496.1693323605202,1263.6904929833956
Eif3i,1497.3827267255683,900.8269058709136
Eif4b,1497.211329836457,1054.0533787256245
Mtap,1497.8405560387278,1039.9253580205657
Aco2,1498.172536574806,944.5631585410464
Stip1,1498.095610394978,944.5985137865872
Tomm40,1497.4943751753028,993.0664730597364
Slc38a2,1498.4442479737922,993.5505567747208
Arf1,1497.3714484641648,994.2597960480967
Tomm40,1500.6379037353604,993.3228814048992
Mtap,1498.3019938064265,915.2338718093994
Eif4b,1500.0102226607316,1014.629289373206
Ehmt2,1501.3476359975084,917.715880943822
Tpi1,1501.559684096562,957.6206237906688
Top2a,1501.512768924972,922.7963322916086
Tmbim6,1502.3964332742717,1237.7335576065148
Tpi1,1504.609961263106,883.378586696715
Slc38a2,1505.247170819286,1230.4037021713816
Slc38a2,1505.1949482253283,1060.508978021668
Sdhc,1505.5218984098492,1096.7229861943208
Igfbp6,1506.1453407045824,1080.2861893700588
Lamp1,1506.4819714141606,1080.9419549776674
Ehmt2,1507.513598521817,1010.4592552462582
Slc38a2,1507.1635939510622,1147.7906338168632
Mdh2,1507.0321103639149,1174.8667958013
Ncl,1508.8401938178658,929.3015690703594
Slc38a2,1509.493526902601,1198.4182762456448
Tpi1,1509.586982990087,972.1378674581376
Tnk2,1509.4373758080103,1166.977800846617
Ncl,1511.2444761961924,872.9869571792237
Prrc2a,1511.1882911710995,993.6329774292466
Hspa8,1510.4544638280272,994.7830653671158
Il1rl1,1512.1934340313303,992.940127368198
Tnk2,1510.3056032341028,1226.712231963821
Eif4b,1510.9283825649034,1046.7153005385596
Txn2,1510.2816760195772,1038.5683650806027
Tpi1,1512.9374005056854,871.3696701474845
Ptbp1,1512.9604781026997,971.8046410171162
Tpi1,1513.5051666718828,1260.614887669468
Puf60,1514.5886948748907,904.3974653370216
Rpl21,1515.4271387256076,903.3526224800524
Mtap,1513.6887406386418,1102.777630588984
Igfbp6,1514.0144528584997,1244.816688777102
Tpi1,1514.4115949613756,915.4247425474132
Mtap,1514.2382096001563,868.5201365028439
Eif3i,1515.3360235651444,981.8507613507362
Slc38a2,1514.5509867259775,907.4969387013964
Slc38a2,1515.23207705224,1131.7994290148806
Myh9,1515.445527188819,1068.404805265921
Eif4b,1518.2500640487942,1158.5046615194656
Eif4b,1518.4452616082156,970.3976106944136
Tpi1,1519.1741413320624,1026.6271695975197
Tpi1,1519.3876018590045,955.1689677672132
Tpi1,1520.321654743136,1064.7958928841122
Hspa8,1520.260707827936,938.006942155406
Ehmt2,1520.9519219249548,938.3671903118144
Eif4b,1521.9671483346092,1018.879951064984
Tpi1,1522.9018432368266,874.2766120857037
Slc38a2,1522.5557997349565,1212.002943691669
Vdac1,1521.1491191432265,992.315217146862
Hspa8,1522.2275923904624,1160.828697525552
Tpi1,1523.2060081469012,1277.9432191658557
Slc38a2,1523.740195722089,1042.1082444159238
Slc38a2,1523.9470039972343,1098.90038806797
Twist2,1524.7454035743351,1114.6717370503384
Eif4b,1525.3276508552842,938.9142006411146
Tpi1,1525.7620154516894,869.0277390371415
Igfbp6,1526.6446197719752,994.129988632354
Lamp1,1525.7545140425875,995.0749714981145
Tnk2,1527.3632153784124,1000.6509551761598
Ybx1,1526.6301750076138,879.4449830848405
Polr2m,1528.6140921513952,879.7261044378182
Sdhc,1527.4043517623552,1311.7480051358018
Tubb5,1527.3893334208994,979.903240831002
Mtap,1527.7344396295498,974.2748278185604
Ndufv1,1525.8207535208546,909.922824810134
Eif4b,1527.2359772360337,908.8013540487882
Tpi1,1528.0110879829344,1058.5566342860104
Slc38a2,1528.5550813892487,1083.645595799945
Tpi1,1529.4240738479584,937.0954684732822
Tpi1,1530.0767294402112,878.2804755976672
Eif4b,1530.7021338727232,963.5771678442989
Sdhc,1530.4731419778882,903.5747553655189
Tpi1,1530.8437681479422,989.191759310821
Tpi1,1531.9460058447917,883.6970109536178
Rac1,1530.057199257277,1031.8339547009014
Eif4b,1532.3404589321533,985.1321031546088
Lmna,1532.6814476223249,1009.8546062794704
Sdhc,1532.9295698965243,1010.6960296343497
Slc38a2,1533.4687040822507,1112.3626785875715
Slc38a2,1533.4503098854625,1204.266973976898
Sdhc,1533.6678807424073,1017.432799700736
Top2a,1531.8979617620466,1028.309402302839
Eif3i,1534.643172432645,1080.050559939878
Rps15a,1534.9344418963044,1072.502957460245
Hnrnpk,1534.1639904215865,1073.2344082786958
Igfbp6,1534.8131994977086,1073.0601624803717
Eif3i,1535.5849212752655,1039.5366083904387
Eif4b,1536.0057377083692,1177.717762420902
Vat1,1537.343468179402,1087.414737294186
Tpi1,1537.9232501180743,894.689108051236
Tpi1,1539.2011283382888,1022.8446847308242
Eif4b,1539.194476499307,882.7443083416165
Eif4b,1539.9032292654408,1148.6203317746472
Eif4b,1539.8131534840568,1001.520592638174
Eif3i,1540.856790371338,1018.2898492663468
Vat1,1541.911813442499,872.1908659409087
Tnk2,1541.6505934256984,1189.6958021780688
Zfp36l2,1546.0897191984463,1165.3527974697236
Prrc2a,1545.993549393099,1165.552047894642
Il1rl1,1546.4263447672347,1165.3228284945249
Mrpl28,1544.9671484580454,1165.468937152124
Ybx1,1546.8791327416784,1165.7854917200557
Slc38a2,1544.7812923260226,1135.716128882369
Eif4b,1547.0149177260594,1139.6400481220967
Eif4b,1548.7077749718728,972.1365808872104
Tnk2,1549.613360489702,896.5469792917444
Eif3a,1549.7389875158192,1030.9817098038145
Igfbp6,1549.344133365778,1134.7702405589794
Tnk2,1549.434365219136,876.7281633350528
Eif3i,1549.662252638881,1125.0630051931942
Ehmt2,1551.2897981424503,973.2883361453528
Hspa8,1552.5681220745105,944.5045361169318
Mtap,1553.7718324058726,1180.502847825868
Tpi1,1555.9118379457798,899.2161502856897
Eif4b,1557.802772701076,939.642587725457
Igfbp6,1557.7792428656307,951.4216000821422
Eif3a,1559.9438698573226,929.9964008940194
Mtap,1560.2387541850987,890.9868915920778
Eif4b,1585.8704255818257,919.4820073265504
Hnrnpk,1295.8458412074815,1383.0335032338637
Hnrnpk,1304.3897530759075,957.9382021866516
Taldo1,1306.079679414842,1374.539273595625
Prrc2a,1314.9570270950453,1016.9934193371896
Hnrnpk,1316.3124221391647,991.3659279657528
Rpl21,1316.6688304533166,1429.427693836392
Hnrnpk,1317.3801684398286,1015.7523650968088
Prrc2a,1318.461809392317,1229.3493393016674
Rac1,1320.063619829409,985.644975684522
Hnrnpk,1321.7093172897405,1004.948906986256
Prrc2a,1322.1638025649486,1016.0812512778036
Hnrnpk,1323.0878203231475,980.1133966134212
Hnrnpk,1325.8375069561866,1056.5210364989773
Taldo1,1325.9905277097928,1210.4773270488458
Hnrnpk,1327.412291877235,974.46561846228
Mdh2,1328.546393145648,1014.3762650366596
Arf1,1327.4146736306027,1014.760264913412
Rpn2,1328.0807022239742,1236.018094742839
Hnrnpk,1328.904500609563,872.7271501648672
Prrc2a,1329.6371228073358,1347.6656657774272
Tnc,1330.422622990978,1256.4323503952946
Prrc2a,1330.7929020168765,1070.303899945969
Hnrnpk,1331.0311213730183,982.9569461966904
Mrps5,1332.1461513132176,989.9254839586812
Tnc,1331.7187435997448,1173.5566797716383
Maged1,1331.5347244682434,1274.2967529458274
Hspa8,1331.4414503516305,1274.1628878879942
Tnc,1331.9172052662786,1273.5466951508738
Ncl,1332.2701631714513,1316.7027234304246
Tnc,1332.4541210778068,887.1634954407739
Rpl21,1332.972792160443,1181.9320508683973
Rpl21,1333.040869082379,1036.333397594031
Hdgf,1334.5063315818074,987.1125310861464
Efemp1,1334.8809689201012,1219.9563243517234
Hnrnpk,1335.4291942528748,1354.8129559109682
Snx3,1336.2793570967117,1344.5878645594578
Prrc2a,1336.391042886061,1017.7086742336096
Prrc2a,1337.317642740914,1196.2305012134611
Prps1l3,1337.7648123232443,939.5532635967584
Hnrnpk,1338.8164317294577,995.217872481436
Ywhaq,1339.276966661277,994.2469783377384
Hnrnpk,1339.5847989353465,964.1383726026586
Prrc2a,1339.1572665623376,980.3896035028832
Rpl21,1339.4721551271184,1168.7611394116118
Rac1,1340.3425153737026,1333.9633346802573
Taldo1,1341.0948096926115,1209.068638442954
Rpn2,1341.9330433561367,1150.5636683960795
Efemp1,1342.7822478360083,1298.140099957378
Rpl21,1341.904083548165,1338.845979002467
Hnrnpk,1342.7936855245891,995.2908488240012
Efemp1,1342.490679392632,1116.163707764223
Hnrnpk,1342.8493522900608,1347.5298732981908
Efemp1,1342.6035772250627,1166.493405929088
Rpn2,1343.2737281003506,1250.18117762177
Snx3,1343.3869852298474,1147.6931155780208
Hnrnpk,1345.04586179098,1323.6426032667098
Rpn2,1345.8040899714006,1338.0178729697673
Snx3,1346.3978885644533,944.6460776441634
Mrpl45,1346.3332371574324,914.8171731842858
Efemp1,1346.798999107789,1202.2883377585008
Ywhah,1346.436590858834,1203.31757918347
Taldo1,1347.1874398534778,954.3145224295384
Efemp1,1346.7277114209332,1241.3663877297638
Hnrnpk,1348.744064584493,1162.530827870064
Timp2,1349.4715042490427,962.4648487969076
Pdia4,1348.3315586944104,962.4706473625636
Rpl21,1349.7143062511122,1396.5406695812708
Taldo1,1350.6532605316395,1234.4331449023691
Efemp1,1351.2260358601088,954.6779976349328
Rpl21,1351.2705737410952,1050.0542701174863
Prrc2a,1351.4753173657898,1347.856299473358
Hnrnpk,1352.9546241240253,913.7529918063344
Rpn2,1353.8196020023656,1366.985965345658
Tnc,1354.2049795123608,1159.6063632841908
Snx3,1354.9394523723554,1001.7014887745022
Cs,1354.7429226609652,1335.8123502092014
Cebpd,1357.077547992086,1205.2843876046468
Ubxn1,1355.5591059494634,1205.5234601851266
Prps1l3,1356.4049172213936,948.5201959637468
Hnrnpk,1356.742218896493,1146.5978659643815
Efemp1,1357.3702004540112,1126.3592808293388
Vim,1357.6131663140218,1151.287850280646
Taldo1,1357.388585551906,1345.8182811943825
Prrc2a,1357.7643535335146,1000.9520580940776
Hnrnpk,1358.4052717945233,1021.6234841078308
Hnrnpk,1358.8845228961882,1397.1590541442995
Tnc,1358.941961820954,1306.9262897285162
Efemp1,1358.919321959138,1158.6803975441403
Tnc,1359.1002936460818,1328.78132303494
Rpn2,1359.8317111512051,1100.2410045595016
Tnc,1360.5446217112178,1227.6119592013913
Tnc,1360.7051690756443,961.1709532914448
Rpn2,1360.683207978942,1109.0114143731553
Rpn2,1361.6887128254084,1278.6955801659406
Rpn2,1361.7463424827054,1182.744878857417
Prrc2a,1361.4145190693134,991.541083167751
Rpl21,1362.2954966623822,1398.606963171851
Snx3,1362.7047310404305,1214.30167146262
Rpn2,1363.0449553456638,1306.2827032865323
Hnrnpk,1363.750880771854,1282.7860712190306
Snx3,1363.8739286626767,919.2902360318592
Prrc2a,1363.6981220617226,1200.2091587355046
Mrpl45,1363.742430702608,1004.5051931062922
Mrpl45,1364.327331730592,1105.9406456567554
Hnrnpk,1363.8097610729271,1394.3440410985845
Taldo1,1364.1760731112563,1169.530041659807
Rpl21,1365.69960116974,1090.8929960989938
Rac1,1365.277722121757,1405.2925906626776
Hnrnpk,1366.681892291214,923.0761476421546
Mrpl45,1367.189724242753,1333.920131980298
Tnc,1366.6884011788948,1300.8691794136143
Rpl21,1366.7131273814307,1211.3375043908895
Taldo1,1367.6534266529682,1323.702083009187
Tnc,1367.8407700674466,1239.6555869965405
Rpn2,1367.6864421947644,1052.0786111152809
Prrc2a,1368.7028824201675,1366.7677286360044
Prrc2a,1368.6820524663265,961.0200854976124
Snx3,1368.192914204914,1154.8838878448985
Prrc2a,1369.3410981037416,1277.4463350985138
Snx3,1369.1383892998815,929.8498178267026
Rac1,1370.1208164777704,1119.0789038166322
Tmbim6,1372.5550966535748,1176.6241994909842
Taldo1,1372.289742250672,1177.726359219268
Tnc,1371.6902180042948,1003.3916039038136
Prrc2a,1371.4850499401398,1582.656663552004
Hnrnpk,1372.9252638131738,1073.7530321428355
Rpl21,1373.2222430928132,1366.9780013517145
Prrc2a,1372.530763080644,1280.911125232639
Hnrnpk,1373.2798655388362,991.5250460888684
Rpl21,1373.5631380858524,1568.997201003116
Taldo1,1374.218604155415,927.4337872325611
Tnc,1374.48469339394,1249.2571722193254
Prrc2a,1375.564089092993,1291.324948366854
Rpn2,1375.227920688605,1006.7783052008142
Rac1,1376.3901279102945,939.5590015129026
Snx3,1375.8898599684185,1332.5376468056645
Tnc,1376.179030052591,1176.8660447762331
Hnrnpk,1376.6857814944815,1359.676310930614
Hnrnpk,1377.1547524996745,950.551145888278
Snx3,1377.7728102266285,1445.650368962372
Rpn2,1377.4673578217112,1201.739511086029
Ncl,1379.1172554487218,1502.3043903678897
Snx3,1377.8152958924593,1502.3697179942633
Hnrnpk,1378.2523412580952,1410.0235001600115
Prrc2a,1378.4508759291598,1327.62411088495
Hspa8,1378.922826461688,1550.0778658249296
Snx3,1378.5856689419454,1551.1828706522454
Tnc,1378.7303300782378,1295.5378995718645
Snx3,1379.374460392621,1568.9997510705105
Prrc2a,1379.5976416123467,1268.951758965719
Snx3,1379.3793190777817,1583.4078152504064
Mrpl45,1380.8398752466733,1014.5192611739598
Efemp1,1381.2848445228935,1229.665804929392
Taldo1,1381.7589670836114,1382.5788638798658
Efemp1,1382.7840274315067,1289.9710706930728
Efemp1,1383.8334336820703,1042.1662162459145
Ybx1,1383.496508878481,1041.171244237193
Hnrnpk,1383.4942992611193,1574.0289104978046
Taldo1,1384.377230605006,1087.926583133584
Tubb5,1384.14202676696,1085.709335201333
Tubb5,1384.732526293455,943.2865622593124
Csnk2b,1384.0952782204567,941.3969428350292
Hnrnpul1,1385.242346414664,941.5795692886682
Eif3f,1384.9470949536292,941.8769555338322
Hspa8,1386.1053571555483,1207.7176710263832
Tmed9,1384.443777817943,1410.5303840772945
Mrpl45,1384.743154458194,1462.8104160268515
Rpl21,1384.7258971317603,1585.5000260147954
Rpl21,1385.0402576031129,1441.192536525849
Hnrnpk,1384.6163420921362,1243.8521295805112
Snx3,1384.840567603492,1327.117929863682
Prps1l3,1385.856046488799,1276.1306497771643
Hnrnpk,1385.708815459136,1037.3850584740308
Hnrnpk,1386.7564392759634,1369.2652842969187
Hnrnpk,1387.3085080963983,1571.4189582407075
Prrc2a,1386.603383423307,1455.6843878458442
Rpl21,1387.227540336742,1331.669421517061
Taldo1,1388.2813091795997,1082.9885403007356
Taldo1,1388.166193127756,1602.1271847924727
Rpn2,1389.3981217596952,1267.1556537544695
Prrc2a,1388.7930203237331,1346.7871862497334
Mrpl45,1388.7583353499422,1407.102806436711
Hnrnpk,1388.6384566170625,1579.3887226194097
Rpl21,1389.338914049502,1566.782631326182
Efemp1,1388.6585457931374,1039.462265858317
Rpl21,1389.8928360615137,910.340924978622
Hnrnpk,1389.888793190758,1422.8878573112363
Zyx,1388.946255208612,1422.8592889692975
Hnrnpk,1390.7600747358583,1355.1035850306416
Efemp1,1390.8247875275229,1150.5093311788469
Prrc2a,1391.2646118307655,1227.3110382154337
Snx3,1391.9314834797503,1327.4175044220638
Mrps25,1392.3295568656897,1533.3712661872385
Prrc2a,1392.2181552829425,1311.9666660347295
Prrc2a,1392.6519561497748,1297.4335245869077
Rac1,1392.568431742937,1540.0623584503403
Hnrnpk,1393.2248395504755,1452.962350061298
Tnc,1393.235125396067,1416.1403260297852
Hnrnpk,1393.2771041711806,1401.921522111428
Rac1,1393.3288422375554,1408.425707888195
Hnrnpk,1395.0833980843963,1594.951224156622
Hnrnpk,1394.8640635815989,1339.52709019572
Prrc2a,1394.831489158439,1361.2936151711947
Ybx1,1394.216064327224,1359.563082632086
Hspa8,1394.1825972898728,1360.7597691233427
Hnrnpk,1395.779198950781,1393.4114304752627
Rpl21,1395.865051100955,1597.8109146967768
Prrc2a,1396.0635913688593,1576.1286271661677
Hnrnpk,1396.5467265421942,1517.2869721832794
Prrc2a,1396.3679513180964,1556.3059950081326
Taldo1,1397.4271842412966,982.6449390155118
Snx3,1397.3783154819032,1305.1342531074888
Mrpl45,1398.1458870939364,1342.3903536268217
Rpl21,1398.026449311432,1481.373415896998
Hnrnpk,1398.372801531818,925.6987048196288
Rpl15,1399.2805503644884,1364.2015295388326
Hnrnpk,1399.0592522989189,1362.3583098708302
Prrc2a,1399.066320312161,1533.4885623887478
Snx3,1398.8929904642962,1401.26781811501
Hnrnpk,1399.4938707832075,1388.674245300865
Efemp1,1399.5004291301516,1227.8229204107683
Hnrnpk,1400.6472492352898,974.194417548002
Taldo1,1400.4199834075112,1258.9708775880124
Vdac1,1401.1399469092007,1046.328358536878
Prrc2a,1401.4097628767863,1323.403656741575
Rpn2,1401.109156093149,1233.3349594118422
Rpl15,1402.4330428082403,1406.6019225093128
Prrc2a,1402.3553904226278,1550.9207475067565
Taldo1,1402.5260682506078,1293.8587344249916
Taldo1,1402.7554628904986,1484.95691419392
Mrpl45,1402.4626596648015,1442.402294358147
Rpn2,1403.6175569931588,1325.795760936346
Arf1,1404.4114086273246,1345.978973709491
Psma7,1404.5423997987964,1346.5335593533448
Ybx1,1405.1149506068946,1458.117485971793
Prrc2a,1404.7625164643805,1296.4296271776827
Rpn2,1404.9843806171357,1451.3105911254693
Taldo1,1404.9205600926098,1533.3132371317329
Efemp1,1404.7463982258328,1244.569973428842
Rpl21,1405.3274097798344,1469.658747485015
Rac1,1405.805576456748,1338.3925856062915
Snx3,1407.0367965630917,1485.860713043896
Hnrnpk,1407.061548526065,1520.9717535849654
Rpl21,1408.110188709566,1092.755437761601
Snx3,1408.0439496650788,1526.8665357480431
Hnrnpk,1408.4696620601906,1347.939102388911
Prrc2a,1409.5149985413664,953.3065457264074
Mrpl45,1409.4995346451549,1037.6955583936706
Hnrnpk,1410.023728967324,909.589568838221
Efemp1,1410.683814256976,1388.0931731440403
Efemp1,1411.201208461482,1185.6205636101135
Prrc2a,1410.7777419617207,1340.508488146941
Hnrnpk,1412.1244518060175,1403.4832272392496
Prrc2a,1412.3238639352437,1326.3313286863784
Ybx1,1411.363990067214,1349.7697563376846
Vat1,1410.0787867718125,1350.2818999568783
Prrc2a,1414.755206575401,1386.4560980938295
Rac1,1414.3371439134871,1500.220715552863
Snx3,1414.9154602391072,920.8765781558096
Rpl21,1415.2037959224158,1300.401826861813
Prrc2a,1415.2283746597673,1333.4680241307683
Rac1,1416.0938722814446,1415.5736225485584
Efemp1,1415.5015388358963,1226.2540985880555
Efemp1,1415.7210785548198,1378.118559463578
Efemp1,1416.504099812818,968.9846572676933
Efemp1,1416.514658508636,1314.1204516013995
Hnrnpk,1417.2469533021067,906.5189167838896
Prrc2a,1417.175727223481,964.0151126214384
Prrc2a,1417.5292152178783,1181.8084086066572
Prrc2a,1417.8037042708834,1022.1220266096882
Hnrnpk,1419.410915977469,933.0332596995204
Hnrnpk,1419.1033547050183,949.5367671784732
Mrpl45,1419.2095298871736,1519.5239216843154
Gpi1,1421.2904835461686,1519.0006551918727
Tnc,1419.21826434297,1189.5081371854092
Rpl21,1419.9201176761212,1261.2658843877616
Hnrnpk,1420.7040813360704,1308.030531687578
Rpn2,1420.8735936519631,1034.383925355761
Hnrnpk,1421.4118167243737,1243.4150382979014
Prrc2a,1420.8804893976676,1013.0137959673464
Prrc2a,1421.467078218937,927.9040430305606
Rpl21,1421.6662073863422,1445.9192972360586
Prrc2a,1423.4398181869717,1414.156340034572
Prrc2a,1423.467844507164,1456.4296198015636
Mrpl45,1424.537551621058,1475.0258917976712
Hnrnpk,1425.9563736015846,920.3945406726672
Hdgf,1425.1655424603218,1014.3983635942976
Snx3,1425.8647382552813,1343.4525582264248
Tnc,1425.9601352145028,1318.7764533885452
Tnc,1427.005579586644,1052.1471866015129
Mrfap1,1426.930426866302,1050.9814087480906
Rpl21,1426.5872569261037,1447.9303442711666
Hnrnpk,1426.2452406644074,977.2272542639754
Rpn2,1427.3972000647018,926.7360916140676
Hnrnpk,1427.265513590345,1276.6770976913538
Rpn2,1427.9849038500467,995.1454973260218
Rpn2,1427.1196777751743,1004.6222491197392
Hnrnpk,1428.4178399750815,1302.8565711638114
Fkbp9,1428.7036012753922,988.6394757978017
Trim28,1429.5717570495608,1308.4017103494189
Tnc,1429.1087285558938,1016.4997262563372
Efemp1,1429.5611797924064,970.4140926414008
Efemp1,1430.2984550348249,1014.1346917380248
Tnc,1430.8276970603767,1028.9762638277398
Prrc2a,1430.6824393678908,1381.321631451916
Hnrnpk,1430.7347655515273,942.580244888931
Hnrnpk,1431.1621694295195,1474.3264663576765
Mrpl45,1431.6105691794444,1438.717567882445
Prrc2a,1431.806500076562,1176.5769320225634
Tnc,1431.322810796984,1308.0646538100918
Hnrnpk,1433.1366748807734,963.1896498652084
Twist2,1434.0366924654054,1320.8185313525078
Hnrnpk,1434.5667367094047,1462.2474687067993
Hnrnpk,1434.8187284902865,1250.5314500435031
Tnc,1434.7506272622682,1268.6457324407563
Snx3,1435.371385242557,936.131414418393
Hnrnpk,1436.7067570919553,1287.1827464763871
Hnrnpk,1436.994322588032,1269.6877650154702
Hnrnpk,1436.4891771058942,1381.0624220567377
Rac1,1437.1679397065634,1303.0599767905544
Rac1,1436.6277765754394,967.8109119693236
Ptgs1,1438.4793766538055,1279.5615990849187
Hnrnpk,1438.110858407745,1280.4763919187587
Zfp36l2,1438.2321972898294,1365.9157896776642
Taldo1,1437.951548630573,1293.5807339812234
Efemp1,1437.8791693939295,1254.2532812618815
Mrpl45,1437.915414218975,1284.3790345303007
Tnc,1439.1999972744716,1019.0358349930474
Rac1,1439.9389757524443,1384.2937344998768
Rpl21,1439.3662846242628,905.8398848935856
Rpl21,1439.784962212148,1332.62137499518
Taldo1,1440.8643833119386,1462.7257880277234
Taldo1,1440.4651278165738,1261.385241042682
Mrpl45,1440.7598264987828,943.8055940305834
Efemp1,1440.7288141942508,1268.0503908350488
Hnrnpk,1441.2337282481928,1037.065693607991
Tnc,1441.5152178003364,1027.2558114911935
Tnc,1441.7135007152426,1378.1266581324962
Efemp1,1442.117789991185,1256.5598321943062
Tnc,1441.8472413993818,1302.7858998412094
Rac1,1443.0059017343674,1111.3845787747805
Tnc,1443.0568643862882,1015.107580567481
Efemp1,1443.1639555085044,1284.201875834725
Tnc,1444.4440369599656,913.1355841401268
Prrc2a,1445.222632345292,1021.0964851917043
Rpl21,1445.143219292604,1359.839106913242
Prrc2a,1445.3611819220432,941.6271905307004
Rpl21,1446.3293809013192,955.17212627956
Hnrnpk,1446.65443002543,1214.3223314237569
Rpl21,1448.530288825522,981.5120202480496
Rpn2,1450.4523782632791,1049.0939350528738
Taldo1,1450.1876825163235,1372.519361251484
Hnrnpk,1451.2860490524367,953.48644122397
Hnrnpk,1451.5455785332158,1430.9502851770108
Hnrnpk,1452.3426879654107,1348.0551579538349
Mrps25,1453.0530729995662,963.049103457194
Rac1,1452.1227239742443,1378.395832457786
Prrc2a,1451.7353720047693,1272.9856444869324
Prrc2a,1454.7616465526423,1315.1671850722887
Snx3,1454.610543439302,1258.6412547426237
Rac1,1455.5013955272807,1309.2485380918367
Rnf11,1454.098759900381,1309.274689064295
Efemp1,1455.2992374890232,1411.252143632923
Taldo1,1455.2980039138783,1261.7967356754443
Rpn2,1456.7879301008277,1234.4905461680555
Rac1,1456.8351039645124,1159.5883966607248
Snx3,1457.4557128414813,1315.5362993557164
Mrpl45,1457.7338424143609,1052.7439866372065
Prrc2a,1458.0701181804347,1392.252907650638
Prrc2a,1457.90861537536,928.9232059227714
Prrc2a,1457.2504181766003,963.2771031801598
Rpl21,1458.531822890509,945.4219698993984
Trap1,1460.2879563027598,946.7622301411092
Hnrnpk,1459.1212241716692,913.2137764641448
Taldo1,1459.2345576473217,955.9937457002104
Hnrnpk,1459.0559086963422,951.3065207024972
Mrpl45,1459.453282027277,1075.5489080883644
Vim,1459.9683670913153,971.153342861833
Prrc2a,1459.6182646954364,970.5553825940578
Uba1,1459.6675624983054,969.5409918878448
Hnrnpk,1460.9723837770043,891.1984732366366
Pdha1,1461.4856674723014,1285.9525224223162
Hnrnpk,1461.0945540505134,1260.4082715900097
Prrc2a,1462.3775889187095,988.1709063481136
Hnrnpk,1463.040358955999,1367.8413367564765
Hnrnpk,1463.2407311381326,939.1235115272076
Efemp1,1462.5129200113652,953.25912615197
Taldo1,1463.276952441619,1329.454916583519
Tnc,1463.0369483230836,1041.0916356769917
Prrc2a,1463.317560871967,1197.6105396513424
Taldo1,1463.921342611294,1056.935415136259
Tbrg1,1463.8306686305557,1208.6823781656194
Prrc2a,1464.3231320908578,1351.162712683091
Tnc,1464.100788507254,1095.530432959832
Rpl21,1464.5979084842131,1002.5905687274212
Rac1,1464.988110973741,1006.1975199066086
Taldo1,1464.4790184761289,1259.0782209036015
Hnrnpk,1465.147146905429,928.020203077936
Tubb5,1466.492051173965,1247.7971872768844
Hspa8,1467.8730712722388,1363.028846312583
Prrc2a,1466.9307020011872,1363.6157967851527
Hnrnpk,1467.4751378491549,944.544238310504
Hnrnpk,1467.8610719721105,1037.8460891492073
Rpl21,1467.7594241451056,979.46344823375
Ly6e,1467.737184896409,1356.0483176890457
Efemp1,1469.6588307127518,1235.0027083562595
Snx3,1470.6138622194069,938.1409066200129
Eif4g2,1470.780044409123,936.6995228077532
Snx3,1470.7750145232983,1050.7078796170235
Hnrnpk,1471.1856821256126,972.1803649805136
Prrc2a,1471.1272721815767,930.5953845352394
Efemp1,1472.3011917936751,1308.8268510395694
Hnrnpk,1472.096106674682,1278.5637592192186
Vim,1470.0748582461097,1262.5801453797137
Zyx,1471.3113020076182,1261.2732354230695
Taldo1,1472.483202511712,1260.8149122334305
Hnrnpk,1473.4716135553083,907.7916336351052
Hnrnpk,1473.8772893259788,1088.0556526862272
Rpn2,1473.9633403467642,1044.3085110164243
Rpn2,1473.639626448949,1342.8204676479627
Rpl21,1475.2095670369083,1068.680737702377
Rac1,1476.711912334374,1005.9529866425244
Efemp1,1477.3215103161715,1182.24597505459
Hnrnpk,1478.7695513378424,940.2207981839484
Efemp1,1478.668220651396,1164.3140370865522
Cited2,1479.4773896338372,1164.8465193342574
Rac1,1479.9160102391222,964.9471957450984
Prrc2a,1479.189470886038,992.2182151689012
Prrc2a,1480.3634744320043,888.6958436520814
Prrc2a,1480.673413475041,1025.8735089960292
Taldo1,1481.093775996599,934.2615948785108
Hnrnpk,1481.7056342910391,1091.869504196965
Prrc2a,1481.4054039813648,997.9899226806208
Rpl21,1482.4091286467026,1076.866079401141
Prrc2a,1483.5933912702376,920.0422008643068
Csf1,1483.9372532168238,1300.896909541674
Prrc2a,1483.4301461202117,1297.9624187579009
Rpl21,1483.7542842721407,1116.655727310376
Rac1,1484.7002429410632,1268.9973809696926
Taldo1,1485.9099447103397,1016.8777524718998
Rpl21,1485.481560983455,1097.667872452702
Txn2,1487.817942496721,960.8658672744436
Mrps25,1487.2494530150402,958.6675590751092
Rac1,1488.2276097962776,1080.2120295353725
Rac1,1488.0826942115982,900.4668974992658
Snx3,1489.262002322621,1276.6578645164172
Efemp1,1489.7498902295238,1270.6519809856366
Mrpl45,1489.5073981056837,995.8118824635905
Prrc2a,1490.7146900588928,999.412815498385
Ncl,1493.607333684703,915.578668004116
Rpn2,1493.5893642879155,1089.903513523103
Efemp1,1494.279320831217,1072.2702768488402
Tnc,1494.5814505953197,1252.470513468519
Prrc2a,1495.1917485697943,1104.1933663895602
Hif1a,1496.5232406872346,1000.0489625116348
Prrc2a,1496.2962017669904,926.2383647068668
Efemp1,1498.2098060744358,1128.4127549428538
Efemp1,1498.1388995418706,1236.4499137409998
Hnrnpk,1498.786139568177,879.4708104585634
Prrc2a,1499.705135005987,1272.5820044183831
Actn4,1499.090004612313,978.0599638251952
Hnrnpk,1499.3687328669575,978.0485499420348
Hnrnpk,1499.581165854302,1109.7869767431775
Hnrnpk,1500.9007927938226,1225.1166331918882
Hnrnpk,1501.5614113460292,956.18843566573
Prps1l3,1502.5360764311938,930.409753837912
Hnrnpk,1502.9707826405274,1009.2073434229184
Hnrnpk,1503.224657224824,1085.847218064991
Rpl21,1503.5255191687904,1297.3325124516691
Rpn2,1503.341686366237,1091.0455558063409
Vat1,1501.9720004453989,1130.6442870086355
Vim,1504.4582820413884,1095.479062226233
Rpl21,1504.323657124466,1287.676318344318
Prrc2a,1505.2103155262685,1071.6958389744295
Mtch1,1505.7375129410782,903.5703423682716
Prrc2a,1505.1457978628855,903.7593521120602
Snx3,1506.1390471378672,876.5883948337278
Hnrnpk,1506.5818327691018,1158.1540375867878
Snx3,1507.6673955561123,1239.4359009027198
Hnrnpul1,1507.0480856530312,880.568474482924
Snrnp70,1508.9815666738798,880.5259363955752
Taldo1,1508.1610806038743,988.3227449189634
Rac1,1508.3843833168569,948.7750323873516
Efemp1,1509.4960032441763,1152.0111436120546
Mrpl45,1509.2507026029523,1212.153801347028
Rpn2,1509.4174441708803,1004.4352768298684
Prrc2a,1510.0501213565776,935.569129557843
Hnrnpk,1510.3147847162522,1092.2037950254123
Rpn2,1511.0209687119136,1218.9013976765768
Hnrnpk,1511.1494051838406,1072.2901388493738
Rpl18a,1511.4436019007137,1100.762555728787
Hnrnpk,1511.25587953181,1100.3816833853866
Tnc,1510.9786574344032,1080.5358275383442
Prrc2a,1511.5454003153266,1132.8547140771311
Taldo1,1512.4364870426584,878.2292922864829
Rpl21,1513.2092043137727,1296.2353489330635
Hnrnpk,1513.3431817921148,963.7359785206868
Slc25a1,1513.706182151307,988.9458740486896
Taldo1,1514.4335872699016,988.7835167074712
Hnrnpk,1513.9562716492333,1062.081485931973
Prps2,1516.027091830692,1006.9558863280538
Rpn2,1514.5567800114443,1111.8488552848062
Tnc,1514.649047861471,1241.7419611600262
Hnrnpk,1515.1857105345646,915.9425689861148
Prrc2a,1515.4128977748933,1052.3215042372876
Prrc2a,1515.1786765725658,885.1976086887304
Hnrnpk,1515.4833168985042,872.0392838183622
Hnrnpk,1515.7761613650125,906.6687756724116
Snx3,1516.761268532086,986.7579599835302
Tnc,1516.845996841511,1098.9163665426092
Hnrnpk,1517.930723787564,1122.869742372583
Tnc,1518.9512937952068,1117.6417037332758
Rpl21,1517.9607181351662,1129.5408435716076
Prrc2a,1518.6514855938935,975.4300661627052
Snx3,1518.8229019963453,943.2634688485076
Taldo1,1518.88128009423,1321.2781853646077
Ctbp1,1517.7002366324425,1321.056644090672
Prrc2a,1519.5145480692004,1126.9029878712768
Hspa8,1519.8755051226328,1126.4714737673785
Vim,1522.061940295654,1024.1687029213135
Snx3,1521.160269223807,1046.4643839354446
Ncl,1521.9464217040197,1045.915728770456
Efemp1,1521.5747409844328,1211.4396335311508
Rpl21,1521.3620605242754,1303.5554292644492
Efemp1,1521.7767718910616,1036.5969016110328
Hnrnpk,1521.9092471569452,927.8234836732132
Prrc2a,1523.58368239501,1203.318802587415
Rps15a,1525.243409983144,895.0838083827384
Rpl21,1524.8471884312378,895.4797996388888
Rpn2,1525.6384977162056,1169.87298390431
Tnc,1525.510561742641,1163.543247985786
Vim,1525.5039103263932,910.388696403446
Tnc,1526.2868540108975,997.2905308308532
Rpl21,1527.094680477892,1066.7163267202122
Rac1,1527.4128794458006,1301.6791899097177
Rpn2,1527.7664407055147,1189.2318218700732
Hnrnpk,1527.4310267259443,852.7587455916956
Hnrnpk,1527.3943407284396,1047.7305685495503
Psmd4,1526.43844974274,970.6248948585178
Rpl21,1527.4858506000478,972.6530671582484
Rpl21,1528.0605012259325,1020.8477459770723
Hnrnpk,1529.7938233432108,900.6254576726019
Snx3,1529.337343648045,1011.4009932850336
Efemp1,1530.1511373050528,1116.4944902450188
Rpl21,1529.236853782409,1303.6661174971148
Efemp1,1530.6141710563345,1157.533649556237
Rac1,1530.7532060639485,881.3358276124136
Rpl21,1532.9606465620957,1177.4936666271544
Prrc2a,1533.218720598797,992.687530129157
Taldo1,1533.1374619820144,1090.0063879009513
Tnc,1533.0692056369676,1038.8869227167468
Efemp1,1534.9588161985496,1123.7188341019612
Rpn2,1534.9992747110894,1027.6705808429424
Hnrnpk,1535.0970155949385,1184.751829257043
Snx3,1535.5919796720254,1143.0743797322364
Rac1,1535.4212919040351,1104.2886786185168
Rac1,1536.163748256272,943.5326878971732
Prrc2a,1536.1752205833222,1126.2906182797624
Prrc2a,1537.1705021856565,895.7739275133744
Rac1,1537.3599525634677,1158.1116211179994
Rcc2,1536.023095843539,983.8168056597452
Hif1a,1536.5469125884963,984.0484372344577
Rpl18a,1537.1008552550902,984.7891502725968
Hnrnpk,1537.471015865312,982.465391457803
Prrc2a,1538.9037692461734,1059.068049430226
Sfpq,1539.8733045027368,1033.7633675574764
Snx3,1539.7846263611373,1034.689838330796
Taldo1,1540.3415812484368,983.9465025390224
Prrc2a,1540.265746128857,964.2003661485536
Prrc2a,1541.0203907705427,1091.887615349133
Taldo1,1540.726465420125,1149.3634890397989
Hnrnpk,1541.5370102203844,1024.629166418114
Ran,1543.0077847226576,1146.8889784870098
Prrc2a,1542.57027768813,1128.4185837134833
Rpl21,1543.5424440310962,999.5166798537168
Prrc2a,1543.734449420881,1145.747061426139
Hnrnpk,1543.9438190740984,942.4604569228578
Hnrnpk,1545.210224910903,1121.693302802268
Snx3,1545.2647605863044,1073.3130295536946
Hnrnpk,1545.9264536818553,1099.5546389757938
Prrc2a,1547.1989784377863,1186.1716394349846
Mrpl45,1547.7954273616574,1130.4306010525097
Taldo1,1548.640306433873,969.377828941138
Efemp1,1550.8085317066525,1101.0125071966522
Rpn2,1552.8400533544009,877.499133760236
Prrc2a,1559.875869716347,885.1544528291973
Rpl21,1566.3766427096343,943.8015312729513
Prrc2a,1568.2718299761684,904.3880406791566
Prps1l3,1569.3510280884664,900.3287174360389
Rac1,1583.6996567096803,1019.8386735984602
Cnn2,1288.9981363162449,964.7954905382614
Actn4,1290.9150563364549,1362.146879464971
Cnn2,1295.0311071686772,1395.733727451074
Il1rl1,1303.9359695015132,988.6203724080656
Cnn2,1305.7153294792602,956.5888809315164
Cnn2,1313.5151611081278,988.3859292738898
Rab5c,1316.0179520985714,1351.9455825903274
Actn4,1316.6754241738795,1369.5114219802408
Actn4,1319.288073457719,1191.7692434604346
Il1rl1,1320.4605014613728,986.210365930875
Morf4l2,1320.9683458892578,1006.5631913413216
Il1rl1,1322.1005166174482,1213.9395402462087
Il1rl1,1322.4617346618911,1219.833039086226
Il1rl1,1326.0040509655082,1230.0128582149732
Morf4l2,1325.5961325079832,923.0769462426836
Actn4,1328.3626566110167,1157.4573258807304
Mmp14,1328.8640677103172,1177.399272642088
Malat1,1331.300402138584,1194.1722400789645
Malat1,1331.479934550261,1414.9669395451135
Cnn2,1331.5726457315764,1197.7089807390594
Actn4,1331.805474844944,1145.1527623375598
Actn4,1332.0821303778123,930.6667512009562
Mdh2,1331.5754133157325,931.788371992002
Il1rl1,1332.3976965618967,1228.6333793403603
Actn4,1332.3114847398615,1029.691014425761
Il1rl1,1332.562985544051,1032.88943330033
Cnn2,1334.439502465211,1021.2878695875332
Cnn2,1334.9582624958034,1328.02394825181
Lmna,1335.3493483162845,996.4476612049892
Mmp14,1335.490851656902,999.083596827016
Cnn2,1335.179034167256,1004.8205974999926
Actn4,1335.4986008476503,1338.9381844762236
Actn4,1335.694049616778,1355.7517151369093
Mmp14,1337.5391786209605,1052.56572673114
Mmp14,1337.2984885685205,1049.201176008355
Il1rl1,1338.5504270044405,1251.362187564034
Il1rl1,1338.9411326160284,1266.4029501493978
Mrpl1,1340.0914897495372,1208.7141688835488
Il1rl1,1340.6654617964894,1420.962121067408
Vim,1340.413159525307,1257.624633833262
Mmp14,1340.8967367418495,1258.461468418506
Fgf7,1340.629463254992,1256.271555621303
Mmp14,1341.5396320777477,1293.299351297639
Morf4l2,1340.571404149356,1192.3685910975687
Actn4,1341.285442720701,1045.691001010799
Actn4,1341.9942650693906,1016.5334417812792
Il1rl1,1342.9007963508743,1087.598215444432
Rab5c,1343.1826733268354,1127.099521924929
Actn4,1343.6189072138272,1351.9220483819508
Morf4l2,1343.737052407483,1068.8347050775792
Naca,1344.541597197148,1268.925377124374
Rpl15,1345.1962016526495,1270.1265203477749
Actn4,1344.4027885094674,1313.3049739547096
Cnn2,1344.697722355526,1136.9755415046557
Morf4l2,1344.6608305545278,1296.4781944827428
Ybx1,1345.745876292264,934.0217387752704
Il1rl1,1346.4106061910547,943.9240439954964
Actn4,1347.9647915085045,1061.6679021766674
Actn4,1348.7915872720528,1326.1685711489386
Actn4,1349.3158673299338,1249.4117401187518
Mmp14,1349.7429707198771,1104.5131909356558
Actn4,1351.1706538137062,1347.5365006133602
Il1rl1,1351.7211643663195,1120.5560445563335
Morf4l2,1352.2642422416236,1209.7959342440574
Il1rl1,1352.2579025377104,1023.7191183383172
Il1rl1,1352.4329502037615,1180.7433181096878
Cnn2,1353.1224865374113,994.7977821137164
Hdgf,1353.8533189719308,933.3573963664696
Psap,1353.397727378245,933.2729797729686
Il1rl1,1353.5366550991496,1328.1629357060726
Cnn2,1354.3078369004702,936.008287424606
Cnn2,1354.674327846417,1356.118280755992
Il1rl1,1354.6654862013363,1098.64590931348
Il1rl1,1354.3475231216828,1084.511838416112
Il1rl1,1354.639585363523,1271.1488846646282
Cnn2,1355.3048440214216,905.1485621227922
Il1rl1,1356.1545103758826,1048.7712874204835
Cnn2,1357.5119361166558,999.5458750173268
Il1rl1,1357.5030627327233,1320.358993545888
Actn4,1358.7594205850446,1116.2927912422142
Psmd7,1360.6126588436423,980.1829837878074
Morf4l2,1360.493172019792,925.7191900282032
Il1rl1,1359.257898936207,1395.9460322539571
Cs,1360.0359720995302,1311.5909555112703
Rab5c,1361.3196660491058,1296.0185323216217
Cnn2,1362.083800187536,1379.4709914636103
Cnn2,1361.8451053209844,1390.8502332385522
Il1rl1,1362.7269870062892,1016.3732025268462
Actn4,1362.4598371919233,922.008424903823
Rab5c,1363.5490245253332,1575.5315171648149
Mmp14,1363.7677889197826,966.5565646913124
Lamp1,1364.6230485417,1300.7106461415906
Cnn2,1363.7702344444876,1025.4662009775377
Il1rl1,1364.4111756755924,1252.820608802559
Actn4,1364.6087730668105,1403.956180730095
Actn4,1364.9189175068768,1107.524653076838
Actn4,1364.7103565868802,1409.1576633735508
Cnn2,1364.9818148182017,1428.4463614124768
Actn4,1364.709254763235,946.166616142208
Actn4,1365.6037121385148,991.2519982750308
Cnn2,1366.138873193156,1424.385986613365
Actn4,1366.2880202920553,1352.4133530782776
Mmp14,1367.112691216407,1160.9459005147628
Actn4,1367.0185174013595,1229.918244151312
Mmp14,1367.8587038037315,1284.3240715657837
Actn4,1368.3987589302162,1348.1552091144754
Mrps5,1368.6697000363702,1348.2580713373377
Cnn2,1367.9793736010215,1321.322429638469
Cnn2,1368.0539848557812,1589.6862703141
Il1rl1,1368.997250754929,1254.9799906267413
Il1rl1,1369.4670179798015,1066.2345289387686
Il1rl1,1369.5949274284935,1388.0304788196026
Actn4,1369.4405339361988,1307.3234800941548
Mmp14,1370.981386435481,1354.9053217390342
Il1rl1,1370.4216809394711,1181.011489186366
Il1rl1,1370.122472384803,933.2285901132554
Cnn2,1370.616762519435,1422.4344736993237
Cnn2,1370.847763358457,1415.0103964341656
Actn4,1370.6798917610377,1433.4937438884645
Zyx,1369.8038352393305,1435.2462050228164
Rab5c,1371.2823858277666,1412.0166917647118
Actn4,1371.5145260997597,1449.3946359297438
Hnrnpul1,1372.2511666732044,1579.7409540541148
Il1rl1,1372.3861810460144,1301.2774191967196
Actn4,1372.5787044736358,1044.420597595696
Actn4,1372.6497912458474,1569.6902445936405
Naca,1372.385865193202,1160.3574944104157
Il1rl1,1372.8196123321943,1071.2115638587732
Il1rl1,1372.9080246270166,1249.5271953202891
Actn4,1373.2449175944405,989.0019288913404
Morf4l2,1373.4140837231002,1525.8059749709012
Cnn2,1373.3144972120504,1059.377935586641
Il1rl1,1374.211660995566,1005.3921891919272
Actn4,1374.9973620388982,1438.09592663413
Ybx1,1374.177433492449,1537.436569709712
Ybx1,1374.0644598236267,1308.630969080616
Actn4,1375.8770777689945,1407.0069956950788
Actn4,1375.9045701962498,1046.0667123424323
Rab5c,1376.3500891701988,1531.5642317749484
Actn4,1376.6337154878456,951.38319794655
Il1rl1,1376.0732497385716,1253.3702957957269
Ybx1,1375.8487204870132,1252.0932182949134
Cnn2,1376.4944361276318,1386.8454924540265
Il1rl1,1376.9192940836076,1492.029803989951
Cnn2,1377.1919470636144,1354.7032071876697
Mmp14,1377.4107087749371,957.2846189199348
Malat1,1377.0959049596424,1191.2229833509602
Cnn2,1377.3787420609865,1535.237544787756
Actn4,1377.7020773455854,1383.870759278425
Actn4,1378.4369425758953,1057.3573806081838
Fkbp9,1379.137973191917,1056.7962161306802
Rps15a,1377.614931072737,1057.5771537621067
Actn4,1378.5136091726008,925.315830228078
Cnn2,1379.2952576970142,937.407580225604
Il1rl1,1379.580233630567,1259.174987567351
Actn4,1379.6732564225815,1160.3575794704134
Actn4,1380.529108994297,968.7990225552076
Tbrg1,1381.0855140728254,1484.4927713696025
Actn4,1381.2655315598636,1593.3946997061514
Cnn2,1381.5082893059089,1541.7355445463593
Il1rl1,1381.208566344855,1328.2696131372822
Actn4,1381.8160172847984,1084.8223510789958
Cnn2,1382.1578978796467,1533.608511222196
Morf4l2,1382.4944341454022,887.7338296371123
Ybx1,1381.7891110986473,1237.8873015582683
Il1rl1,1383.1040687367624,1421.083337843671
Cnn2,1383.189929850424,1436.354831977574
Thy1,1383.0628503303478,1402.5035768694063
Cnn2,1383.2673664901042,1402.613960267672
Hspd1,1383.4840570878991,1402.977070733047
Rab5c,1383.012722971468,1547.7297763044826
Morf4l2,1382.9861044501731,1444.5966464547644
Mmp14,1383.9167348500405,1024.7584453653822
Cnn2,1383.967702246434,1599.5422405770507
Actn4,1384.5479013077156,1588.8172816204922
Actn4,1384.9931409385051,1484.4177786734535
Actn4,1385.2045963577568,1527.6555105392715
Il1rl1,1385.8124929272512,1129.120388565402
Actn4,1386.1376656210723,1433.736218617884
Morf4l2,1386.5018768199654,1488.884177681044
Actn4,1386.4590502382598,1450.0967659146922
Ybx1,1387.1267289936936,924.403114720068
Rcc2,1386.3330082534042,1385.442087481068
Rpl18a,1387.0151177648513,1385.1777014115446
Il1rl1,1387.1459290787743,1196.548364249305
Morf4l2,1387.179652549631,1551.7433197619057
Mdh2,1387.0883985670607,1326.7033895466216
Cnn2,1387.1979670741443,1440.806573107943
Mmp14,1386.9261466500557,1262.5015399693157
Gsto1,1386.4854472324923,1381.0554482210862
Cnn2,1387.6017033743478,1534.3502356076517
Malat1,1387.9575158437617,1206.2653581791922
Morf4l2,1388.2437962876725,1577.3809046918393
Lmna,1388.392648601516,1537.8315058564735
Il1rl1,1388.3770189471843,1221.5771568419832
Mmp14,1387.9802480699764,1244.0414468092604
Ndufv1,1387.6440450698171,1571.8109654522164
Mmp14,1388.939553201505,1218.4775953629835
Il1rl1,1389.0594255164824,1412.183419089613
Malat1,1388.831243384994,1211.1524572185904
Malat1,1389.1809529416614,1166.9642662258907
Actn4,1389.234772399814,1527.9974251390734
Rab5c,1389.236936140734,1477.010768501746
Cnn2,1390.9362435123485,1482.9274397552515
Rab5c,1390.2610799685208,1481.7157331027745
Rpl18a,1389.7646815885876,1351.0677033099842
Malat1,1390.5371990318445,1215.4186047153896
Malat1,1390.6110730888377,1201.714105231891
Ndufv1,1390.2645203275551,1582.7276914356776
Cnn2,1390.3583440771022,1009.6648176539132
Cs,1390.5095216586035,1045.180841096742
Cnn2,1390.7735666429617,1033.3270957916102
Actn4,1390.9391043088524,1358.026886477816
Cnn2,1391.0701863628426,1487.823860192104
Cnn2,1391.156253517991,990.805613463791
Actn4,1391.9901593720624,1329.2293792612377
Cnn2,1391.5533057759274,1576.884443009024
Mmp14,1391.9146366825507,1294.5012976452915
Ssr3,1391.7516006148194,1021.0801428551227
Actn4,1392.3959032895186,1563.9942800327774
Cnn2,1393.1056575995258,1497.0806406019508
Cnn2,1393.6125541619076,1545.6118646807895
Idh2,1393.423223326392,1547.0055621424394
Actn4,1393.0442809875335,1383.9819800142843
Morf4l2,1393.663767089526,1336.7729371462397
Rpl18a,1394.6428093266668,1582.8345571966968
Cnn2,1394.292261804036,1583.2771039506797
Il1rl1,1394.239051969293,1186.9582319513474
Il1rl1,1394.613350332454,1323.8154829569417
Actn4,1394.4300609585555,998.5492352809812
Malat1,1395.2604059527357,1557.2475844727242
Malat1,1394.9755216249664,1181.235518135668
Morf4l2,1395.4425777461297,981.7070551490964
Cnn2,1395.5042217938612,993.1837311570312
Actn4,1395.988940134087,1413.8261016126826
Cnn2,1395.7021334075855,1243.773232346173
Cnn2,1396.7009265819822,944.3222487717674
Cnn2,1396.8903331848908,923.0708837488984
Morf4l2,1396.7506340750142,1345.243291415984
Actn4,1396.73405635555,1030.6978772985965
Malat1,1397.089647945754,1165.4850509844498
Actn4,1397.3805075795024,948.111377963324
Morf4l2,1397.2261276680808,1353.6847450366845
Malat1,1397.3470830259266,1229.5652165793178
Malat1,1397.8576779955174,1209.968874488417
Naca,1398.667275121474,1452.9566983087316
Actn4,1398.946306947135,1480.442651745816
Malat1,1398.4205668605375,1191.1087448658825
Il1rl1,1399.0323624720425,1248.3482499163642
Actn4,1400.68303813454,1460.9234527718504
Actn4,1400.598257677301,1398.5199358268658
Actn4,1401.143875555174,1431.0812571725237
Actn4,1401.4593902187653,1361.7376013621497
Morf4l2,1401.669493338898,1464.245114409015
Malat1,1402.3028930796145,1208.4314623805592
Malat1,1402.876537844524,1203.948423816672
Cnn2,1403.0294151240114,1530.5379250859278
Actn4,1402.7156600320652,991.8088283305266
Cnn2,1403.0342747747177,1466.6376097341354
Rpl18a,1402.0630958415543,1316.7481596067846
Actn4,1404.1835655566592,1539.710017015016
Vim,1404.1083953730397,1419.9387813713822
Il1rl1,1403.3970265205985,977.976086209956
Actn4,1403.5510992217487,971.1121834201872
Cnn2,1403.896083241077,1549.477781338795
Cnn2,1404.1849096411,1327.002533488166
Malat1,1404.2323729102438,1174.7437152344355
Rab5c,1404.8438839582798,1569.858522824722
Malat1,1404.8590639382842,1219.1304058012936
Malat1,1404.9706270380086,1169.019200438875
Morf4l2,1404.9700159704375,969.224369551284
Actn4,1405.53388672012,916.4490090142148
Malat1,1405.2796168018217,1237.2652765500934
Rpl18a,1405.9515908438625,1343.1842053781356
Mmp14,1405.716258163302,903.2093379665752
Actn4,1406.3454467550146,1576.395971453849
Malat1,1406.4376926724449,1199.4746025621278
Rab5c,1406.3499484096656,1499.5770179693136
Malat1,1407.3213446713964,1177.3802154226814
Actn4,1407.1236865341853,1394.182162834169
Morf4l2,1407.0948940240316,1459.0525840683583
Actn4,1407.4392088535624,1417.662816534612
Actn4,1407.845986251858,1561.4065055470203
Actn4,1408.9409586327863,1383.9625417634074
Malat1,1408.9684757102095,1409.3745029299305
Actn4,1408.7765794544746,1041.7861203489092
Fus,1409.7751763674162,1574.862577150718
Cnn2,1410.2135503410689,1447.461595145562
Cnn2,1410.1572970428626,1502.3374340868331
Il1rl1,1410.2118889547792,1325.5777593677612
Malat1,1410.6685399969103,1170.8201314267724
Malat1,1410.241414607234,1182.9882432632091
Cnn2,1410.5819544728438,1437.633001002523
Mmp14,1411.0179054171306,1002.9443958841106
Il1rl1,1411.7276792113694,1376.216825840531
Malat1,1411.7828693263166,1137.9917097260957
Cnn2,1412.13030903809,952.3600638107574
Malat1,1412.573429327719,1215.314448911305
Il1rl1,1412.4207854643005,1294.5797503430424
Il1rl1,1413.4608506396276,1096.7912903829786
Mmp14,1413.1574250094664,1389.5605597057006
Actn4,1413.5729938585275,1480.163977279638
Il1rl1,1413.847504414177,997.5482787444691
Morf4l2,1413.749156250859,1400.7261721503005
Zyx,1412.7484841715925,1399.2835837681498
Malat1,1413.8269614170083,1242.8240766693575
Actn4,1414.3252972600374,1354.149004137691
Naca,1414.582795640546,920.088879490653
Cnn2,1414.5995559706598,1429.2104157607316
Cnn2,1414.7901968813849,1514.949214196435
Cnn2,1414.632494595151,1328.5653742189552
Loxl1,1416.0179337612751,954.0843674025252
Cnn2,1415.061036677217,1363.1598961160023
Mmp14,1415.3754189200272,1301.537245484662
Morf4l2,1415.7840320106034,1435.1178247804432
Actn4,1415.4022907878211,1278.133145608533
Cnn2,1415.513639535215,964.511773268289
Morf4l2,1415.967288534656,1533.94245689101
Rab5c,1415.9670927224051,990.3715532219657
Malat1,1415.588383227432,1168.3314285966767
Cnn2,1416.1154450105628,1459.285078530749
Malat1,1416.0702939033831,1151.8691461468777
Mdh2,1417.5986285829072,1490.325988951406
Il1rl1,1417.0251583287252,1013.5815149030552
Il1rl1,1416.2519033444937,1273.778836584329
Cnn2,1416.5131947501366,1551.8443705751552
Morf4l2,1417.1785347938585,1541.1860865674298
Cnn2,1417.0503800197407,1068.3871347117893
Malat1,1417.5831490731225,1201.8575938859349
Fkbp4,1416.0620322187567,1473.3508662610498
Morf4l2,1417.3538057321805,1473.1989773771957
Rab5c,1418.2113179846576,1010.019172665101
Actn4,1418.509750799253,1005.111946530142
Actn4,1418.7395411625382,1033.6794405270923
Mmp14,1418.7536730488007,1256.5848067583936
Cnn2,1418.981487323405,1397.2403458638291
Rab5c,1419.0710980658318,1340.9082810998627
Cnn2,1419.3604450217365,1085.6543086565905
Malat1,1419.459916316598,1155.6625694537636
Malat1,1419.0215776406585,1162.4296624561475
Actn4,1419.2752640258177,965.7764439681588
Cnn2,1419.7953676983093,1507.3912519028645
Il1rl1,1420.4368267432958,1235.8688054520985
Morf4l2,1421.1636044479546,982.0965752667724
Actn4,1421.1073892703346,1319.5973137645124
Actn4,1422.5842639227576,972.87004044864
Actn4,1421.6380275409397,1345.3978937005954
Il1rl1,1421.915052786021,1045.3384880744484
Cnn2,1421.881390932038,911.8039195507172
Malat1,1421.9952936747309,1151.5456898739417
Malat1,1422.2335303959212,1142.948606748365
Cnn2,1422.1983107368403,1421.8911548728302
Morf4l2,1422.2478829996694,1402.9858392951091
Malat1,1423.2232660422624,1172.4514093960624
Malat1,1423.1098677996488,1164.263053139401
Cnn2,1423.334911410297,1362.2799116445722
Uba1,1422.9052739109768,1265.8135650882775
Malat1,1423.6213956564548,1213.0799071039935
Cnn2,1424.209429065365,1529.4002468872914
Morf4l2,1424.4622011498518,1397.4052795173338
Actn4,1424.414595912908,1015.921978457502
Cnn2,1424.606470277528,927.6840622545496
Cnn2,1424.7082331362196,937.3503729162206
Malat1,1424.103445715639,1228.598513884986
Morf4l2,1425.2294178568736,932.521078165148
Il1rl1,1424.9975835710716,1278.7103033785584
Actn4,1425.2381714962894,1481.2376519923164
Malat1,1425.504132298656,1156.5802815904565
Cnn2,1425.3259315369037,994.0252426191062
Cnn2,1425.769149944408,1329.0002222217809
Malat1,1426.100814679578,1234.6363599259505
Il1rl1,1426.984407124222,1324.9759963892814
Malat1,1426.538586715246,1147.9042880630482
Malat1,1426.1455350829874,1251.4947527178035
Malat1,1426.495912309038,1175.2419928516524
Cnn2,1426.7859343392531,1511.928344534867
Cnn2,1426.9992379233922,1421.4689773654345
Actn4,1426.6579983516128,986.048278327624
Cnn2,1426.4677381028778,1276.4507075814358
Malat1,1427.5503140297126,1136.3511155432857
Ptgs2,1427.4578618253026,1218.235499680317
Malat1,1429.439140221486,1172.483977652269
Malat1,1430.379184952039,1209.8462965923134
Malat1,1430.5914885699992,1198.850507638795
Malat1,1429.6273884620773,1142.0792375505944
Il1rl1,1430.3545280390124,925.5896159443588
Rab5c,1430.518364478555,1035.693664497735
Rcc2,1430.784240902761,1464.4801842934232
Malat1,1430.8353655918463,1156.7691343645552
Malat1,1431.2161584953228,1254.125339090485
Malat1,1431.5823483614952,1195.3573570381775
Il1rl1,1431.8358955083718,1313.8979677644593
Cnn2,1433.1108052263112,1043.3869737212967
Malat1,1433.233979818671,1135.936216657053
Il1rl1,1433.2943428904073,1057.0206023390062
Il1rl1,1433.4781135074277,1397.6338079399547
Malat1,1434.4124174729604,1245.5673974043143
Mmp14,1434.2044225232764,1251.523049716892
Cnn2,1434.603093070352,940.0169905691018
Malat1,1435.3945316021195,1220.290289050408
Il1rl1,1435.598475439875,974.3968965034736
Morf4l2,1435.339915656082,1378.5054252171444
Malat1,1435.404083975521,1197.615019088225
Malat1,1434.9663155574117,1229.6551624116266
Mmp14,1435.09965002389,1119.2808648384523
Rab5c,1435.626896554835,1031.4793312722643
Morf4l2,1435.8293493375936,934.5613988688052
Ybx1,1436.0539978155664,1047.958989874394
Malat1,1436.1695868697038,1047.526451355861
Psap,1435.2530176414868,1047.9621252937554
Mmp14,1436.285507056138,1295.2967507291935
Malat1,1436.9718663586093,1122.5530209202293
Mmp14,1437.3496595984898,1302.0488370635196
Actn4,1437.1720325510955,1409.4139291643382
Actn4,1437.4435988355103,945.1817913581305
Il1rl1,1437.98639094769,1191.964372473288
Malat1,1438.9700936378372,1178.0162315898338
Mmp14,1437.9259148656463,1255.0642571726848
Actn4,1438.224337981031,1472.2703835559043
Malat1,1438.089520627464,1129.987263669275
Jun,1436.9456692550225,931.527442742019
Malat1,1438.4474753595211,1173.8068421175517
Malat1,1438.113573280409,1200.6329246702514
Cs,1439.089655347114,1439.882822582176
Sec13,1440.1763100080066,1439.9023084549765
Tubb5,1438.37755099556,1440.730688790669
Malat1,1438.9872290831215,1152.8865967582317
Actn4,1439.1342598874603,914.4416423849676
Cnn2,1439.3162152616271,978.3179577502784
Malat1,1439.8090001797495,1210.0026691473129
Actn4,1439.976689359406,959.397520165617
Il1rl1,1440.3811017810126,1016.2091742702085
Cnn2,1440.7519846661594,1391.4861228812956
Cnn2,1441.249986798164,1284.3683626162506
Mrpl1,1440.8203668605522,1397.1029592547366
Malat1,1441.2667423684074,1222.4214550000313
Cnn2,1441.9506961139623,1038.6428876456068
Actn4,1442.4278600539474,1426.1145918234738
Il1rl1,1441.5883129601482,980.5450881368204
Actn4,1442.2842389633963,944.8639213535436
Malat1,1441.650828912354,1244.248250909951
Malat1,1442.610572718138,1128.1325000499824
Cnn2,1443.085210330755,1005.7451460268264
Gpi1,1443.9080800592062,1361.5130926698405
Rcc2,1444.5072496348405,1361.1526852905563
Cnn2,1444.2511148890012,1057.7638472433491
Malat1,1444.6273647365897,1224.6333115624425
Malat1,1444.4103611728456,1200.9653974532123
Rpl18a,1443.0561667463394,1425.1298013502503
Cnn2,1445.115342746552,1424.9405071024105
Actn4,1444.6600129252747,1210.2956554425923
Malat1,1444.9433052381316,1241.2477751878544
Cnn2,1445.8757479084047,1352.5003856920457
Malat1,1445.9861119465772,1162.3076665441822
Cnn2,1445.8949223185018,1367.989313141313
Malat1,1445.5713663639542,1142.1699915394142
Il1rl1,1446.6611894105858,1340.375812366144
Actn4,1447.226443811708,941.0300063936252
Mmp14,1447.637558517494,1327.866490070594
Malat1,1447.0736203485803,1228.039426002448
Morf4l2,1448.9665128261015,902.819588403817
Malat1,1449.7929539051424,1157.3209845784372
Mmp14,1449.1098131771248,1314.4907906644191
Actn4,1449.2703270566217,1265.877640751365
Malat1,1449.271356642454,1219.5479860478426
Malat1,1449.7622307988936,1162.7096039398334
Il1rl1,1450.5110288467652,962.5689891467272
Cnn2,1450.6305909847654,957.153644154124
Msn,1450.90436162469,1352.283981997759
Polr2e,1450.713323280556,1353.160956412234
Malat1,1451.5859763533133,1247.7257768217703
Tmbim6,1451.989812744234,1247.5215217600885
Malat1,1452.1469481102315,1182.3033148884078
Actn4,1452.4682461158525,1402.2630944294435
Malat1,1451.9233198056634,1196.4072927167124
Morf4l2,1453.3768350940231,906.8910043615442
Actn4,1452.9038295091914,904.4517526058362
Malat1,1452.767907722738,1140.4838938961602
Tubb5,1452.368814157211,952.3588352091248
Actn4,1453.3422259143238,1309.0057105795656
Actn4,1453.9145928519492,1278.8364215730376
Rab5c,1454.1262753615304,892.4250006892045
Malat1,1454.7794001188097,1177.800804796872
Actn4,1454.278041761352,1185.4161734961333
Il1rl1,1455.9080607935057,998.6752461040056
Cnn2,1456.452037128464,920.837206159674
Morf4l2,1456.276271683858,1057.163846151244
Malat1,1456.261003401068,1196.6949411811183
Actn4,1457.1095557600297,1069.6657559308874
Ptbp1,1456.7895946453705,1185.926905088187
Malat1,1456.5682591028058,960.7860198246426
Il1rl1,1457.400557813994,993.3467189280832
Il1rl1,1458.3163640903922,1175.6279487415663
Malat1,1458.4761244043034,1242.5161320016612
Malat1,1458.1748323713027,1209.896638867764
Actn4,1459.7023107332884,1329.5189417901672
Malat1,1460.2476188977707,1125.273650316034
Il1rl1,1460.7382289739949,1395.3395218558417
Il1rl1,1460.6634692126577,986.5124794374188
Malat1,1460.8852366718445,1174.9370885305725
Malat1,1460.890384647774,1130.6389460039206
Cnn2,1461.0248983912982,1046.2351657059255
Malat1,1461.3024814698467,1164.4179554019884
Tubb5,1462.6518246558337,978.8336037728538
Il1rl1,1461.4292377530153,1401.9135500507218
Malat1,1461.815514437685,1179.07606488165
Malat1,1462.838678383018,1193.8584126804788
Actn4,1462.4186290091836,929.2591412996168
Mmp14,1463.5310349486997,1149.9992727301567
Il1rl1,1462.6717024528484,1043.986407465242
Il1rl1,1462.8222075552449,1219.5465949779768
Actn4,1463.3578331160695,1158.259155068666
Il1rl1,1463.6096906011153,1184.927407487885
Malat1,1463.5513632768016,1135.53393900088
Cnn2,1464.2424115507329,1385.6131766729488
Malat1,1465.2328609627011,1211.223534113311
Cnn2,1464.0871902776782,891.2408235254577
Il1rl1,1464.940389793048,1334.2000608912783
Morf4l2,1465.1424750806652,1292.6930036303454
Actn4,1465.762951152794,1051.0425201548794
Actn4,1465.723043224183,1074.036321998669
Malat1,1465.5968733206291,1155.3289204116395
Malat1,1466.4004507484533,1132.5357447673982
Actn4,1466.741446415352,966.9107818345848
Cnn2,1466.248711925131,889.9396521244248
Malat1,1466.96450464254,1204.5960802388267
Cnn2,1467.5053054032742,1267.5584540734485
Malat1,1468.0623949158385,1248.2368220122892
Actn4,1468.5933741339811,933.9239282587316
Mrps18b,1468.8712082687584,1170.6034207372822
Malat1,1468.8942539747593,1197.1018239700115
Malat1,1469.639926454278,1168.1561875019788
Actn4,1469.6880513665496,1072.4018490811386
Il1rl1,1470.2811563553194,885.0129651541348
Malat1,1470.790292088357,1227.0225752440388
Cnn2,1470.8690569859543,969.7790594818996
Malat1,1470.273378124902,1144.918828275249
Malat1,1471.8473562221886,1160.326191111316
Malat1,1471.9716555606592,1178.7864727923247
Il1rl1,1471.7825771948906,1031.6059773800375
Malat1,1471.6567031681411,1253.5573968080948
Malat1,1472.3389432538925,1191.8049300122248
Il1rl1,1473.1180976882288,1200.1418052905362
Cnn2,1472.9616174035727,1259.9050643419769
Malat1,1473.7385143402098,1222.1763525767644
Actn4,1474.6599043289957,934.1998023004504
Il1rl1,1474.7744416107778,960.714003102644
Malat1,1474.3310820407644,1183.9133781037117
Il1rl1,1475.2477949707666,1293.495328404963
Morf4l2,1474.9832671976883,1165.5756189980557
Cnn2,1475.4306701626676,1016.0188176608962
Cnn2,1475.3795907274744,1081.6021699666126
Cnn2,1475.674211735481,1254.5605706737597
Actn4,1475.9623352539236,901.575557947454
Malat1,1476.5475879911594,1150.922413986273
Malat1,1476.099779752844,1210.242726132726
Il1rl1,1476.817267108711,1134.7466633731217
Cnn2,1476.7489671634485,1101.775836668447
Il1rl1,1477.5146287726143,979.0078444714406
Il1rl1,1477.4806827224595,953.4142948446892
Actn4,1477.2988936020436,1251.2487636021583
Il1rl1,1477.624971696031,1306.0713741139884
Malat1,1477.8223910247164,1229.7212480265564
Malat1,1477.6878949409695,1234.1292461060875
Actn4,1478.4498646785707,895.4702058990936
Cnn2,1479.3989362374532,933.4038308863836
Mmp14,1480.0783770571911,1258.8423380693196
Il1rl1,1480.2864130633068,1164.6599726868071
Malat1,1480.981030683355,1141.8117601605843
Actn4,1480.7740742884478,1070.0159343265177
Twist2,1482.4397145574887,1196.9465395400969
Mmp14,1481.214761986517,1236.5299003751416
Malat1,1481.0377832143076,1219.5301199159912
Actn4,1481.3785366416748,964.014729263556
Eif3d,1483.5394445992915,973.7873094906944
Uqcrc1,1483.430492204437,972.9462100997224
Il1rl1,1483.8595702325297,1022.1922965665354
Malat1,1483.920749824119,1211.6832685095596
Malat1,1483.7402229455809,1202.0489665469302
Cnn2,1484.5362470002892,987.6787844671516
Cnn2,1486.0428152870368,992.2425778270552
Malat1,1485.7760835094398,1230.5248678937114
Cnn2,1486.3647283748105,1259.3970785301235
Il1rl1,1487.0736062446658,1281.7601614497062
Il1rl1,1487.0027627952634,979.2031517479444
Malat1,1487.412104002637,1164.283618433079
Malat1,1487.6748064561582,1152.0456756734288
Malat1,1487.7780309288107,1159.0422974090338
Il1rl1,1488.3791776018893,1254.6429295226667
Mmp14,1488.9766076108394,1126.4624939082064
Ubxn1,1486.0345945629838,1045.7477973314883
Il1rl1,1488.2003687155552,1046.2356260128058
Cnn2,1488.5847912160923,899.1543584110675
Actn4,1489.2737920050686,921.7981598365408
Malat1,1489.1261514432638,1241.0168654132235
Malat1,1489.233371380329,1186.6128800421782
Il1rl1,1490.1575054281457,1180.1311786658275
Il1rl1,1489.9262937851672,1311.35149797696
Actn4,1489.447863195859,917.0130743312194
Morf4l2,1490.2343937677038,936.0084788900616
Cited2,1491.0336341206032,1050.1775717103533
Il1rl1,1490.2259242784105,1249.253297609834
Malat1,1490.631859345434,1211.4758999868525
Il1rl1,1491.86467530642,1122.0440443658388
Morf4l2,1491.584191879255,902.696864128746
Malat1,1491.9771672487484,1168.331512546833
Actn4,1491.786412499055,990.8918156776116
Gpi1,1494.3379859799372,947.52404768368
H1f0,1493.1591497335212,947.5480253504196
Psap,1492.6513338149202,1015.5084434047378
Mmp14,1492.1612485321668,1251.492515759384
Il1rl1,1493.132953083007,1099.0805888523614
Psap,1491.8690335388171,1080.5422805963574
Cnn2,1493.0429026222123,963.3138820517812
Malat1,1493.472860590488,1181.4390734902745
Lmna,1491.8074936473506,1291.481447824429
Cnn2,1493.4885315485585,1291.253432383709
Cnn2,1494.8073017945353,892.9495806892978
Malat1,1494.1593904316169,1158.7560142367124
Actn4,1495.4151715941491,1014.287748039082
Malat1,1495.6136319997868,1209.8415854283803
Malat1,1495.9994335005097,1215.424544656972
Cnn2,1496.5091329373106,898.2753047598549
Malat1,1496.7566872447585,1228.5946468309664
Morf4l2,1497.10576008491,1032.4243841392602
Mmp14,1498.2103824906717,1104.1392011780486
Il1rl1,1497.6450562643067,1105.757109638652
Cnn2,1497.455670023037,1002.796563990266
Malat1,1498.6919408737774,1141.378476936894
Il1rl1,1498.5594116698485,1236.97871074124
Malat1,1498.4071061173252,1146.3768266850525
Malat1,1498.5671550843815,1196.6259649492758
Morf4l2,1498.2600397096771,967.8748622396956
Rab5c,1498.3468349720724,993.745716973744
Actn4,1498.7729888031324,928.7782926848976
Malat1,1498.3735516703969,1156.6960298961012
Cnn2,1498.818644445004,907.9030034892216
Il1rl1,1498.4416273698762,1084.9430890587712
Cnn2,1499.4449964867918,902.6218403248606
Malat1,1501.0747283612095,1210.4706709781235
Naca,1499.6064557776378,1246.3808277969858
Malat1,1500.133950569665,1132.942834204556
Malat1,1499.9357999885124,1181.8928611755423
Malat1,1499.7765418962724,1193.0711418073538
Actn4,1500.0753514591768,1015.949414405515
Actn4,1501.3603413057608,982.5002100746068
Actn4,1500.6882692737245,865.1539884329295
Mmp14,1501.9346050795798,1147.5061357766988
Actn4,1502.1437956251857,1020.0676225214364
Cnn2,1501.668032462755,1128.03177114734
Mmp14,1502.057286508619,1002.8629932378574
Malat1,1502.4228304414894,1154.450334706352
Cnn2,1503.05080188405,969.0478549519402
Malat1,1502.1522531333137,1141.7754913028066
Il1rl1,1502.7216420639204,1072.198456441136
Actn4,1503.1908875185964,989.3246183476168
Morf4l2,1503.6221406105822,1207.222400899224
Malat1,1504.1477042480944,1197.530048638976
Morf4l2,1504.419996910127,883.8672042874505
Malat1,1504.6658819502818,1185.4128364293954
Ybx1,1503.7950380259017,1037.2821276427355
Il1rl1,1505.5119075088078,1048.465815192686
Malat1,1504.747238171163,1171.114620394093
Malat1,1505.7604428017337,1146.5103690278554
Cnn2,1506.340673429958,972.3000601573954
Actn4,1506.304862318707,1247.8999320758164
Il1rl1,1506.5665856522055,1254.196959044458
Il1rl1,1506.6162851335898,1236.5260413607186
Il1rl1,1507.3956505557146,1022.525452723838
Actn4,1507.7543528141368,1008.4238841089792
Cnn2,1507.5969696750217,921.4180347741346
Il1rl1,1508.0225546980955,845.998103028771
Actn4,1507.545638438601,884.8033776389614
Actn4,1508.3549047217791,1140.605748111631
Il1rl1,1508.6155677427737,1157.6986378882457
Malat1,1508.0395738270367,1175.0428593757256
Cnn2,1507.9993298787772,1090.359109364122
Actn4,1508.419948447182,1069.8704013550073
Cnn2,1508.15717749951,1054.5221694006182
Actn4,1508.5184797926922,1236.8002720898653
Malat1,1509.3243702726295,1152.708824091126
Malat1,1508.9719906354094,1142.693494607755
Il1rl1,1509.586285726159,1228.066200640024
Malat1,1510.0621735110467,925.2598065859228
Malat1,1509.0604420375855,1193.0886794421226
Cnn2,1510.4744249053992,910.6397964473452
Malat1,1510.08697183486,1180.921711340026
Malat1,1509.9126030344185,1160.8499266202032
Rpl18a,1508.810612787447,1000.1863192354804
Malat1,1511.0643683728229,1146.1912633093057
Malat1,1510.5710445450256,1223.208198845365
Malat1,1511.3639289060195,1176.1032041534884
Cnn2,1511.1700444614276,1032.952321206758
Malat1,1512.3619959018106,1255.9380383438206
Cnn2,1512.9475283514366,963.566635377896
Il1rl1,1512.1868716804922,1183.381683264079
Il1rl1,1511.767437862391,1248.176047458055
Morf4l2,1512.8352865633378,921.2655281425232
Il1rl1,1512.5560957053438,1098.030671530919
Malat1,1513.0287385720394,1188.0377610157373
Rab5c,1513.1614446131853,1045.3164641429532
Il1rl1,1513.6397902214824,1218.313282546246
Morf4l2,1514.6501244768372,989.3519308525678
Fgf7,1515.4391186530156,983.0333731690288
Malat1,1514.733797092566,1171.1406840792138
Cnn2,1515.528174694059,913.005158429334
Cnn2,1515.298427022271,890.4561980280982
Morf4l2,1515.5049601672622,969.2995880097816
Malat1,1515.4192853390618,1195.379869822738
Actn4,1516.7180524293658,980.5431576102924
Actn4,1516.6835829647753,916.2049818640132
Cnn2,1517.1029213574493,1281.8335379680534
Actn4,1516.9739881416483,899.0001213669677
Actn4,1518.1792192626338,1205.8500391696011
Actn4,1518.2494109855868,994.8011762419264
Il1rl1,1518.7404210490906,1092.1056825871826
Morf4l2,1519.6944190884624,1003.4888078485178
Rab5c,1519.8214680549288,893.2781771425348
Actn4,1519.6735616659068,1029.9274902420564
Cnn2,1519.580943030299,1036.7529186956804
Il1rl1,1519.687529132064,986.6116158815248
Malat1,1520.5373355711115,1202.811918309054
Actn4,1520.5280095657758,959.9271197014458
Malat1,1520.4351966493891,1184.0130900014303
Actn4,1522.041797339983,895.0615386513023
Actn4,1522.1681213254658,1088.1368729123692
Malat1,1521.3615105932558,1193.0386841235363
Cnn2,1522.3444448740274,1063.350853431031
Lamp1,1523.8283013255975,1204.611039102485
Actn4,1523.5796965971622,1097.808623361139
Mmp14,1523.9078208924786,1147.448740722532
Mmp14,1524.66411513416,1176.7518935169146
Mmp14,1524.7400229555917,1185.9036162548075
Il1rl1,1525.0598384864493,1144.7028235111752
Il1rl1,1524.5940941569424,1210.9450622699849
Cnn2,1525.294304779346,1084.1926460371935
Rab5c,1525.5085608420836,1275.3785549465813
Il1rl1,1525.5789551584498,1151.8486688495434
Actn4,1525.2052652730854,965.1050201691052
Cnn2,1525.79477368789,875.5982116497536
Actn4,1527.8500036413816,1070.5864000047668
Actn4,1528.0431874435135,1163.21396973453
Actn4,1528.2736802265426,1025.8448974166315
Il1rl1,1529.0187626206557,1008.3686427446738
Cnn2,1529.7977988795435,892.5970187083773
Actn4,1530.8604703625076,974.0873525281166
Actn4,1532.5794165381983,959.6543220456832
Il1rl1,1533.3922194528311,1026.163062418847
Rab5c,1533.1316163223637,978.999255828498
Il1rl1,1532.881845794241,1172.332883633482
Actn4,1533.989357191004,909.0402073501696
Cnn2,1534.4429993301774,1212.5316604765462
Rab5c,1535.6761410564916,1055.3105475222992
Mmp14,1535.3804281556877,896.5587641376766
Il1rl1,1535.8191509859407,1136.778399382191
Actn4,1536.2527896135516,1191.5137618941242
Actn4,1536.6444912900922,943.2078696378117
Il1rl1,1537.327264228634,1131.8478530817868
Il1rl1,1537.3041912244792,1073.6730555133404
Actn4,1538.788811218882,1161.003457862295
Actn4,1539.2555004008404,847.6031012693396
Tubb5,1539.193024131977,1065.063809529172
Cnn2,1539.9842163945525,1064.2258455579497
Il1rl1,1540.6630990149488,1141.4749754302577
Il1rl1,1540.4564430091316,1083.9726249151806
Actn4,1540.9502130293868,1023.277474709937
Cnn2,1541.0597068088452,880.2320285570916
Naca,1540.7872343780025,956.3713468798184
Actn4,1540.7117585166843,1120.9130773919064
Actn4,1541.1828094335965,1002.1796232057186
Morf4l2,1542.7718759233935,969.5023748029432
Actn4,1542.6917598022148,1186.2435294826876
Morf4l2,1545.4259238442849,974.5728768284268
Rps15a,1546.421195904324,1109.5567657119946
Il1rl1,1547.5138587596855,1110.144411694324
Cnn2,1547.3571555751246,891.447596492018
Mmp14,1548.1912817326845,1135.3302950498796
Naca,1547.603223629508,971.7744908131384
Malat1,1548.288896592533,951.401168336086
Cnn2,1549.7968523578113,945.2558637841516
Cnn2,1549.8341292909986,873.0747797296614
Il1rl1,1551.1671691627037,1107.0487746461713
Morf4l2,1552.7734769303174,888.9594001656185
Rpl18a,1554.631335346277,939.4349838191592
Naca,1556.978986760715,1002.1649868304723
Morf4l2,1557.8384686030004,898.6844349318893
Cnn2,1566.6026069223844,904.461993109346
Mmp14,1568.2707814834812,1132.1190088032072
Tubb5,1237.3956898158733,908.842759233712
Mtch1,1280.015534612145,1390.0585728492151
Aco2,1280.8419212741198,950.4974539736568
Hspd1,1295.2709253031844,949.9625652597516
Hspd1,1296.1162052658783,967.9635921846232
Tubb5,1299.520464900589,1401.800237605062
Tubb5,1302.1768562547102,1394.694192416482
Tubb5,1302.9839435106182,978.9748316997257
Hspd1,1305.8137299034256,985.854838146356
Fkbp8,1307.5176926065458,974.174088047094
Tubb5,1308.8243343688227,995.8985939520326
Hspd1,1309.7457834873956,956.666025975926
Tubb5,1310.0248466559526,1001.4922468926642
Rpl18a,1313.507064331337,961.490978704106
Tubb5,1311.783841793744,1011.112260987636
Tubb5,1311.8395920341777,1359.488632728637
Tubb5,1312.65938874096,993.6994642216168
Tubb5,1316.5785074318928,1368.2410487439192
Npc2,1314.7627684096428,1367.722961852914
Tubb5,1315.399556453085,1019.1914389335795
Tubb5,1315.7825467975686,1225.7962953696851
Hspd1,1318.015661005297,1009.348876893815
Tubb5,1318.1003608327658,1206.4010852297458
Pdia3,1318.1173840422011,1022.4284616713996
Top2a,1318.933288860435,1361.7047305305218
Tubb5,1318.180226313075,1362.175574509943
Tubb5,1318.7793360170017,999.1416341230602
Tubb5,1320.6705022967656,1352.5930965687455
Tubb5,1321.5711011514657,975.6198925737964
Tubb5,1322.5806585309424,1289.528153526329
Tubb5,1323.302147584082,921.0271388208738
Tubb5,1324.0659056843938,996.4887086921448
Tubb5,1324.7908612242798,1198.739788629794
Hdgf,1323.9485211711117,1011.1159979784164
Tubb5,1325.1428510628498,1046.4272038416195
Tubb5,1325.3346536002232,1359.5088148689522
Tubb5,1325.7490033376407,1018.1411854360103
Tubb5,1326.0327333699497,1233.3362758813823
Hspd1,1327.2856982310193,1315.5983542894046
Npc2,1326.6343807649114,1211.398242151023
Tubb5,1327.8472645155953,1057.4243223636677
Msn,1328.3977994797278,1058.3204841449087
Npc2,1328.6696989528575,1094.5883002608618
Tubb5,1329.2644944235403,920.5166280614186
Raly,1329.0354027254928,1309.609174206766
Tubb5,1329.363970215741,1309.7918342620626
Tubb5,1329.548129698829,1267.003781537105
Tubb5,1330.8284420637108,1056.3561309689696
Tubb5,1330.291196736585,1077.7674558503495
Mtch1,1330.2921926195272,988.3258039858092
Npc2,1330.5497736620414,1089.2550920042995
Npc2,1330.5597426463946,1287.1668574239773
Hspd1,1331.4360435875774,994.3392931781008
Npc2,1331.2217219195995,1224.5164747448218
Pdia3,1331.139953060473,1356.1743828684157
Hspd1,1331.449992828578,1253.3763414954374
Pdia3,1331.5032133737886,980.0797758012702
Fus,1331.2212080638817,1291.9348667815548
Tsc22d1,1331.3306310135558,1073.0253974708355
Npc2,1332.3523226404664,1191.8104499799497
Ybx1,1333.5211653912354,899.7878202135311
Fkbp8,1331.9513372194017,1269.2718430763753
Pdia3,1332.1938011948887,1220.447079790341
Tubb5,1332.2039422345035,1352.5840159103798
Tubb5,1332.6830873674817,1365.145997073371
Tubb5,1333.6863437957284,1139.4365022957531
Tubb5,1334.3876157280313,1319.2233995010406
Hspd1,1334.064414067827,999.4258950428928
Tubb5,1334.816902768519,1010.814904679418
Pdia3,1335.363964448575,1161.888708637434
Tubb5,1335.684336449608,1250.1649261858768
Tubb5,1335.512107041367,1300.858338028412
Tomm40,1335.801237473237,1124.559216468699
Skp1a,1336.4961700139102,1234.2264755745296
Hspd1,1336.24716466519,1304.5016546357065
Tubb5,1336.0729961596355,1039.9362051162166
Fkbp4,1337.5637211415392,995.5149497907818
H1f0,1336.950585588428,993.056856382328
Tubb5,1337.118998417149,1133.375844875958
Npc2,1339.4642737504723,1030.7643152225114
Hspd1,1338.0464061152857,1032.280768757813
Hspd1,1338.1277898475623,1078.6907726539682
Tubb5,1338.401778430987,1327.505937301417
Hspd1,1339.4676547217396,1238.8545081873924
Pdia3,1339.371834738334,1297.679654641166
Gsto1,1341.3548651826195,1040.010629912663
Vim,1339.3557647860864,1038.9756925659472
Tubb5,1339.9985165749115,1039.973393080869
Fkbp4,1340.6254298454808,1043.1836480561662
Tubb5,1341.1122605017335,1220.4164410138314
Rpl18a,1341.8123075680842,1126.2602942261026
Aco2,1341.1695272408256,1127.319422738191
Tubb5,1341.5719223489386,1090.3172129597783
Ppp2r1a,1342.813988677569,1275.4086550646816
Tubb5,1342.6398771474553,1022.9667491624998
Tubb5,1342.619751312127,1372.5964012866818
Tubb5,1342.958499119911,1192.706145962747
Tubb5,1343.5071659744426,961.5457106612522
Tubb5,1343.3892982575182,1302.559814636267
Tubb5,1343.8192435009964,1260.9428380851173
Fkbp8,1343.8450641430409,1052.4272442319052
Tubb5,1344.0453335839816,1289.6593804352287
Tubb5,1344.5557705721408,992.6784053621876
Tubb5,1344.4325642470303,977.62833789286
Tubb5,1344.5680559322966,970.1779995432208
Myh9,1343.2085762009906,970.753197632184
Raly,1345.8637737408385,969.3733317558678
Npc2,1345.2120726889098,1219.966012203362
Aco2,1344.935317621911,1173.3086950051584
Tubb5,1345.5537500153882,1152.1660957558877
Tubb5,1345.498658733701,1274.8701786357142
Tubb5,1344.9288021352909,1025.479959212832
Prps2,1345.858816370158,1027.666827504869
Npc2,1346.180385686487,852.7273865396014
Tubb5,1346.8349662623543,1251.1012011337452
Tubb5,1346.907754617061,925.0356317655968
Tubb5,1346.8165764189096,884.2351611640723
Npc2,1348.2291683167318,1358.0685136292836
Npc2,1348.5679275564744,1320.4876780085858
Hspd1,1347.6097332236236,1277.323703009259
Npc2,1348.4097680089535,1122.696191765727
Prmt1,1346.4938386416004,1121.2286168925853
Tubb5,1348.5206514450374,1126.8581928566423
Npc2,1348.9569565380823,1105.458788265405
Tubb5,1348.6277067963254,1015.9451696114876
Tubb5,1348.679250458088,1160.6598088550602
Hspd1,1349.0600846232508,994.3958343819234
Mtch1,1349.5261928982336,998.8063259251091
Tubb5,1349.1676356683486,1008.0159678595152
Tubb5,1350.0057631610375,880.8950504323867
Npc2,1351.3015244781295,1237.3312572079287
Tubb5,1351.3831988818952,1260.9778581110072
Mrpl43,1351.8589868265328,1148.4204301670934
Pdia3,1351.9228426372792,1069.606569263559
Hspd1,1352.1473558007026,1083.6444785077583
Hspd1,1352.98844021162,1190.0542786506503
Hdgf,1353.9856705956142,1354.700634805104
Tubb5,1353.161377520457,1055.8826253910756
Tubb5,1353.8860177786196,1391.5797152673283
Tubb5,1354.3614506529575,1346.2884960989418
Hspd1,1354.891809633751,1252.9012461700556
Tsc22d1,1354.866262048194,970.2338593607684
Tubb5,1355.121503047123,923.6848343284476
Tubb5,1356.048864886298,982.1952753085396
Npc2,1355.7207921852032,894.9290095663644
Npc2,1355.97358703584,1106.991187598583
Npc2,1355.2042333334866,1095.7822558311225
Tubb5,1355.005234282309,1182.845485449912
Pdia3,1356.4581346004609,1080.6649094014329
Tubb5,1356.3574961544064,1414.2328267869857
Pdia3,1356.5571675154306,1193.3200802371937
Ubxn1,1357.4468378378208,1278.9920646255969
Tubb5,1357.860598425059,1279.2703920774748
Npc2,1356.65537221279,1307.779100815126
Mtch1,1357.471905315878,1358.723222613061
Tubb5,1358.2461103917492,1330.159252629569
Fkbp8,1358.356480136694,962.7569292006464
Hdgf,1358.433710426843,1052.8014678603092
Tubb5,1358.649667271649,1310.7134629755171
Npc2,1358.8477608700132,1178.0841158824594
Ncl,1358.5376187611143,1302.400277297898
Tubb5,1358.8146045129265,1302.4819064783032
Pdia3,1358.6770094313993,1389.5088669896809
Tubb5,1359.1191665604342,1047.739048442994
Tubb5,1358.6875865751376,1267.8093624966273
Tubb5,1359.280495017223,903.2142996010284
Hspd1,1358.6996951180563,1347.8732687464512
Tubb5,1359.2422524992326,1036.171550612534
Aco2,1360.9392988586687,1077.2918056875276
Npc2,1361.824483777453,1201.6999363554337
Tubb5,1362.4374234572786,975.6363889637656
Tubb5,1362.0506139146023,1327.0245322635928
Pdia3,1362.5716105028362,1100.2060345942534
Tubb5,1362.9846710940108,1400.5426076611152
Msn,1362.702212206466,918.286048070969
Tubb5,1363.1428682639792,919.3546003855188
Aco2,1363.5661810785864,1258.0199015479636
Pdia3,1363.6506247974598,1070.2447376930434
Mtch1,1363.9901814817867,1061.223244932865
Hspd1,1363.7940974729504,971.243070064224
Tubb5,1364.4517104423594,1150.1167052863814
Uba1,1364.4127698986567,960.6406565488666
Pdia3,1364.62134034971,1217.591594672156
Stt3a,1364.5742591867297,1217.494788758382
Tubb5,1365.7612002237452,1325.2422884899786
Fkbp4,1365.0926633891831,1347.3626936555838
Tubb5,1366.3497629298706,1053.8245418010315
Tubb5,1366.260150109496,1351.2395997871613
Tubb5,1366.4243717949005,998.6895835275328
Aco2,1367.0668162429954,1085.1060869376756
Mtch1,1366.8535663922387,1360.1471309858644
Hspd1,1367.0727333834864,1420.2542763198962
Tubb5,1366.4496850681985,1278.909515351117
Tubb5,1366.9390175445806,975.7844359851312
Ybx1,1366.985141826083,1164.6656506163831
Tubb5,1368.0929474860625,1386.9369235108163
Tubb5,1367.1144035296466,1412.5469641974696
Tubb5,1368.739020177824,1038.0357824658895
Npc2,1368.8493655635975,1339.7599423864765
Npc2,1368.437742323766,1575.1997867755397
Npc2,1369.036115735119,1148.120959702592
Tubb5,1369.9246600609886,1046.9856159234375
Npc2,1370.6223540561198,1092.349606709112
Eif3f,1370.6599200480175,1570.036390971744
Tubb5,1370.4200104288511,1568.744041310687
Tubb5,1371.2704806131007,1384.79600363318
Aco2,1371.3037746531256,1251.7743398883565
Polr2m,1370.9412003387497,965.82631286919
Ybx1,1372.2114507843728,963.736792328824
Pdia3,1371.3106234012616,1275.012276426531
Tubb5,1371.98939261215,1350.498961518188
Mtch1,1372.4316983434574,1124.7428238638136
Mtch1,1372.990305251319,1575.2497459708654
Npc2,1372.0550796719065,1207.0734294121758
Vim,1373.0405713198134,1431.912279208473
Tubb5,1373.1454950941484,1430.8988943711656
Tubb5,1373.360834166105,1568.7934955553164
Tubb5,1373.2451275615858,1440.1478851222892
Tubb5,1373.9557378732616,1360.9672626425156
Tubb5,1373.4699668423852,1521.0052313300212
Vim,1374.3826330459683,1327.0176247357194
Tubb5,1374.1392827171085,993.3864594693168
Tubb5,1374.5312079813066,1459.411094757255
Ran,1373.6119043839954,958.7161230256902
Hspd1,1375.0832045256225,957.364913800388
Tubb5,1374.9176258829225,1493.6330889058213
Npc2,1375.375354115694,1358.7943179181525
Tubb5,1375.062429661156,1096.9349940108846
Tubb5,1375.51386449678,1076.7796847019845
Npc2,1374.6164454708985,1340.037927491108
Hspd1,1376.372642065119,1034.477759489251
Tubb5,1375.589236837701,945.9263481823076
Tubb5,1375.926616950291,1065.8459590381342
Pdia3,1376.8301294701148,1274.7750208236855
Tubb5,1376.3153618969409,1364.842986717193
Tubb5,1377.5095705552178,1573.2714219605589
Hsd17b12,1376.551146948978,969.6824858402986
Ybx1,1376.5693996162706,1545.307059705894
Pdia3,1377.3171681547417,1544.7430215877564
Tubb5,1377.6278272143802,1060.0381980070135
Tubb5,1377.6055586688838,1471.472508360185
Msn,1377.9811023610423,1471.413591044328
Tubb5,1377.2199174648772,1594.9930619700283
Tubb5,1377.9506501071137,1051.8183065512776
Pdia3,1377.3979964624275,1307.5682124495256
Aco2,1377.4825494856027,1341.906527684994
Pdia3,1377.9773782350803,995.2769225350308
Polr2m,1378.0143405734482,1526.032813540649
Tubb5,1378.082448127873,916.6110678264916
Npc2,1378.5529925123956,1020.0480601439848
Hspd1,1378.7786832304864,1491.0426511940957
Mtch1,1379.2624344638905,931.1080662619828
Fkbp8,1379.2162209091846,978.4490763759288
Pdia3,1380.1645537782765,1000.4921482269068
Npc2,1379.339974812171,1419.2808276359506
Tubb5,1380.0405680662236,1261.629520406438
Mtch1,1379.1148847810025,1008.7389359714028
Npc2,1379.360461021693,1541.3066883754418
Tubb5,1380.0544647672218,945.4452269705536
Pdia3,1378.9481745224211,1202.812152871857
Hspd1,1380.7182043801731,1575.558635667258
Mtch1,1380.11039330745,1550.1871540958978
Ctbp1,1380.0279885893035,1509.1651035524503
Eif4g2,1380.7584843633513,1558.711019060745
Vim,1379.6864713073576,1558.795436324277
Tubb5,1380.1597357933647,1559.9390208221453
Tubb5,1381.8706900818972,1482.1952298981837
Tubb5,1380.9530002042316,1496.7292868625404
Tubb5,1380.7257934213749,960.4033489195796
Mtch1,1381.2471760784952,1451.5937037638869
Tubb5,1381.5925641336946,1009.664745501846
Pdia3,1381.2626507733935,1232.475108775934
Npc2,1381.561798152143,1287.1837873001305
Tubb5,1381.9616137333296,1474.007616924686
Tubb5,1381.9665504018192,1019.3897807587977
Mdh2,1382.0256524445997,1392.6327709081995
Hspd1,1382.4765774006592,1026.719314463264
Pdia3,1382.4805918032705,1212.4529405061785
Hspa8,1381.8499173755786,1460.8879396411403
Vim,1381.8836408851894,1561.2355803100347
Npc2,1383.2648485306136,1341.0872876764438
Tubb5,1383.2493419713958,1582.6663025170303
Tubb5,1382.653975606302,1202.6955227287267
Tubb5,1383.5203805306842,1322.3968853559709
Npc2,1383.4260826781515,1465.8823255046736
Tubb5,1383.830500787661,1419.7110351712406
Npc2,1383.9154147641625,995.2086879246068
Tubb5,1383.552621522448,1444.6516474489374
Hspd1,1384.3726359935104,1571.8936514503569
Tubb5,1384.5717835281812,1063.6544626058492
Tubb5,1384.8540154068728,1236.7414299298748
Hspd1,1385.1192334857496,1037.5489085073832
Tubb5,1384.7044286258138,1426.6931054616182
Tubb5,1384.9909826064268,1588.997204750105
Mtch1,1385.186604740692,1494.3307196658054
Hspa8,1386.1316306508754,1332.2784946777983
Tubb5,1385.5020288675305,1334.6628168746
Vim,1385.6629488041144,1333.7511317111323
Tubb5,1385.2765578900635,1522.3588281698571
Tubb5,1385.152964660408,1388.327460348576
Tubb5,1385.09410545912,1510.1905820656973
Tubb5,1385.1752693661565,1360.6891522044846
Tubb5,1385.6865416304713,1377.841989183233
Npc2,1385.7373541243714,1000.0098977359914
Pdia3,1385.742815834127,1409.7501368579012
Npc2,1386.1719377577808,1397.2990093113824
Tubb5,1386.3871551008035,1556.6173824848793
Pdia3,1386.4830385494909,1300.7063305297188
Prps2,1387.0191684293666,1454.048098060612
Tubb5,1386.646089519565,918.3301395809766
Npc2,1386.7380033103689,1485.722294110767
Npc2,1387.3036086111697,1264.541981865328
Tubb5,1386.9662961569172,1320.363331398616
Tubb5,1387.2614664934554,1564.917335725167
Maged1,1387.6964235670928,1564.955508823581
Hspd1,1387.0805087615258,1469.0316949853654
Pdia3,1387.7770071873424,1201.4559261162628
Gsto1,1386.558283395324,1551.0937751618355
Tubb5,1387.794090672004,1550.8368200932764
Mrpl28,1387.3365453078432,1081.7246331489562
Pdia3,1388.8807362879013,1193.3555976544235
Tubb5,1389.3061396530106,1585.6788955891088
Tubb5,1389.4336793206714,1028.3189248110616
Tubb5,1389.7196116112543,1367.909150453214
Npc2,1390.1823978445575,914.9229868670928
Hspd1,1390.27618459954,1278.8351639934724
Pdia3,1390.427895063016,1231.7475527152042
Ybx1,1391.3836464621431,1595.7273787524136
Junb,1390.3549113811937,1462.421868269273
Fkbp8,1390.3091158656057,1461.785842059702
Mtch1,1391.0062228620536,1362.544677340216
Tubb5,1390.428210215802,1536.0469525130304
Paics,1390.8394056997445,1293.394255615519
Tubb5,1391.558096042341,1338.3945258955105
Tubb5,1392.3359789311485,1086.8180324520938
Npc2,1392.421573749943,1168.4224682537074
Tubb5,1392.3790637770792,1444.4117275915758
Hspd1,1392.7769536248477,1407.982138697524
Hspd1,1391.6384624235666,1480.6466024632996
Tubb5,1392.2244633501384,893.528613538947
Mrpl43,1393.1008286427518,1053.813652264208
Tubb5,1392.754073994005,1377.5084169125726
Pdia3,1392.109467880147,961.2130480893596
Hspd1,1393.281668852453,1559.3578392373893
Gsto1,1391.2262713598184,982.50608828172
Tubb5,1392.7075067963842,981.5062903875266
Uba1,1392.7337085693214,1585.71708220289
Tubb5,1394.096011031119,1537.7118251209358
Tubb5,1394.5469550766284,1061.5916291640494
Mtch1,1395.2382433676569,1290.0525490059554
Tubb5,1395.223249461172,1461.3629702890353
Npc2,1395.605888439951,1002.1567116437756
Fkbp8,1395.9453209710662,1086.9107848953618
Tubb5,1395.9662849662382,1355.6910711974324
Npc2,1395.4541058226346,1483.5473801265932
Pdia3,1395.928157185473,1010.4019085579242
Tubb5,1395.9303660215292,1579.228996971444
Npc2,1396.16496796484,898.2605433612498
Mrpl43,1396.485777492557,1398.8786253824687
Ywhaq,1396.5963049848128,1364.472119781396
Aco2,1397.369627637253,1565.7070840098927
Pdia3,1396.781883502103,1415.013791695837
Tubb5,1397.6036062326311,1429.055736811324
Tubb5,1397.8183735402372,1453.42252323372
Tubb5,1398.017318434695,1402.65796975437
Tubb5,1399.0021797412337,943.7129336704696
Hspd1,1399.165511462069,909.446057763987
Tubb5,1399.4807878637343,988.2458973757108
Sf3b2,1398.9855763394055,1588.1098214384142
Hspd1,1399.4095804194287,1405.4921220413416
Tubb5,1399.840429562463,1424.376193590132
Tubb5,1400.3678262233411,1387.026978740466
Prps2,1399.7125581982714,1056.7293342407472
Npc2,1399.59057171333,1283.4291668590429
Tubb5,1400.6777533183442,1026.656048860577
Tubb5,1400.3830011707655,1351.1461735611765
Tubb5,1400.2512126735137,1573.6280678888706
Tsc22d1,1401.4871363868826,1507.3213346096748
Npc2,1401.401374267694,983.1906673843448
Lrrc59,1400.8627274320734,990.8166339704968
Tubb5,1401.1719848312214,993.0826904799044
Hspd1,1402.1096385072392,1263.7091706107135
Top2a,1400.5254091131374,1048.861838775072
Tubb5,1401.847876129682,900.9312921889364
Aqp1,1402.5878213424169,1557.8243074053323
Hspd1,1403.1129690204946,1342.0086069026931
Tubb5,1402.580140225872,909.8964169082028
Tubb5,1402.775064002417,1553.4625181471813
Tubb5,1403.5115514652434,1022.7306440064468
Npc2,1403.3829624173138,1037.499139075732
Pdia3,1403.1443958891691,1003.3355919427812
Tubb5,1403.0640236478343,1448.9059495889728
Mrpl43,1402.610929953738,1328.255700225474
Tubb5,1403.153323251118,1294.1894635710205
Tubb5,1403.923513057683,968.7179627454368
Npc2,1403.0809761382295,1189.6643087054258
Tubb5,1404.1927336380395,927.1738082988336
Tubb5,1404.7936337822148,1519.8535495722665
Tubb5,1404.6827828430723,1461.085265409506
Mrpl43,1405.0127839799586,974.4295703585744
Tubb5,1405.2927174961203,1065.5658634781075
Pdia3,1404.583412911707,1453.818940970502
Tubb5,1405.80021871491,1447.4803983009729
Hspd1,1405.1680355940052,1412.3671499777688
Tubb5,1405.1236716690423,943.384424124724
Hspd1,1405.9477990391874,947.8200046245012
Aco2,1406.015106954466,1298.5901879761332
Tubb5,1407.0423117837338,1407.6639777559
Tubb5,1407.2490888577054,1308.5572094532772
Hspd1,1406.7956451858506,912.7146892856924
Npc2,1406.5696062304855,1349.9186097090897
Tsc22d1,1407.4168251511214,1592.7628972524317
Npc2,1407.786340388266,1020.6652208936928
Tubb5,1407.9185126350394,1432.8960519252882
Rbbp7,1408.545748975071,1485.5324375789392
Tubb5,1407.589587814341,1329.3276441849432
Pdia3,1409.2973453604611,934.1474818087884
Tubb5,1408.4628177572415,1595.6865763398907
Tubb5,1409.2187526268845,1388.7946126536126
Tubb5,1409.2936537839903,1292.762825148607
Pdia3,1410.6040853617365,1204.4127114246958
Tubb5,1409.7775412512397,1263.5309792761288
Npc2,1410.8546218096003,1440.93460622667
Pgrmc1,1410.6304651522062,978.2247310901396
Pdia3,1410.757132642599,976.9024120469552
Tubb5,1411.1492965299017,1363.8362366496006
Tubb5,1411.489325930792,1017.7445901818264
Npc2,1411.690987875327,1359.4249445520868
Tubb5,1411.9659009262264,1513.2242720973156
Hspd1,1412.9031261796802,1478.2329347518576
Tubb5,1412.9517185299248,1508.4949025506148
Mtch1,1412.7888619885928,1416.320242177103
Pdia3,1413.4391365141678,1323.5797045475608
Tubb5,1413.4545720706092,1268.010252194718
Npc2,1412.4552925227863,1492.59576672078
Tubb5,1412.8369067309168,1397.993878528005
Npc2,1412.2632735451807,1291.5633160963796
Tubb5,1414.0843952216628,1340.7071694022509
Tubb5,1414.0016824489603,1488.661153882408
Npc2,1413.7820718265723,1270.8807779688525
Hspd1,1414.8367042748412,1551.4117996438772
Hspd1,1414.0432309138237,1022.329715397498
Npc2,1414.208777603203,1561.3759388847666
Tubb5,1414.7733192643732,1204.4306721626922
Mrpl43,1415.2137320445838,902.2262905304584
Mtch1,1415.644574276929,1355.7765298377042
Tubb5,1415.2061405097852,1470.3573757633224
Pdia3,1415.7446607976804,973.2721088669916
Tubb5,1416.0263705036257,1381.7127859775248
Hspd1,1416.0761956632548,1457.3840690966722
Hspd1,1416.1806724924304,1349.9261976491537
Hspd1,1416.9814704126188,899.7141567518094
Tubb5,1416.2694132252727,941.3943651477698
Tubb5,1416.7203943095114,959.3668213961452
Hspd1,1417.3824343168951,1420.6796535560004
Npc2,1417.9395890683734,1001.2636451842524
Npc2,1417.1332872018168,976.5809013351457
Tubb5,1418.344248569571,1428.2627185993142
Npc2,1418.371288428351,1271.0742930279016
Hspd1,1418.604025207542,917.2955396238864
Rbm3,1418.0313909521412,1023.9817765764318
Npc2,1418.2331662894471,1484.0565970061632
Tubb5,1419.0237194763438,1551.3785877318544
Tsc22d1,1418.3138682498395,1544.9034253340487
Npc2,1419.278478465852,1396.0724674700857
Tubb5,1419.1185151792436,932.5021631799896
Tubb5,1419.687211440893,1435.5006580500713
Mtch1,1419.341576486252,1052.9024918590744
Tubb5,1419.96972437239,1057.6793924607432
Tubb5,1419.8563795623534,1293.9311040082562
Mtch1,1420.0668085839632,1511.7561190365493
Tubb5,1420.145888860328,1418.8819513283886
Npc2,1420.0466258561128,1028.0146804228457
Tubb5,1421.22917573428,1491.1949882679148
Hspd1,1420.9992256164371,935.8361367732034
Ybx1,1420.5896450730688,936.3937539334412
Rbm3,1421.2813880900112,935.1066567337888
Tubb5,1421.427154461005,1275.6889169260485
Tubb5,1420.487882910025,1389.7716676591922
Npc2,1421.063172587666,1425.5970415144889
Csf1,1420.5840540560912,1425.6261982165454
Nr2f2,1420.6277810082115,1425.907186159416
Gpi1,1420.158106163742,1344.9334280287444
Tubb5,1421.1616320964629,1345.3047940422564
Tubb5,1421.5526301063314,1460.0991631316333
Tubb5,1422.0671985237443,1010.438760507323
Eif3f,1422.4356402499898,1325.4744936702868
Fkbp8,1423.0435009117266,1061.5452359196393
Tubb5,1423.8413430077044,1385.4328119992406
Hsd17b12,1423.560963758792,1353.5360575014968
Tubb5,1423.9706497238976,1338.048913452736
Npc2,1424.23991716189,952.7681984522876
Mtch1,1424.584988522907,1508.3231714747951
Tubb5,1424.901466488188,1502.893891181484
Tubb5,1425.5983223364387,1428.631475170161
Tubb5,1425.6352062833298,1433.2991997772597
Tubb5,1425.6991174241348,1035.0154431399071
Tubb5,1425.9674724366623,911.2311077446956
Aco2,1426.8851966709412,1253.4844986350315
Tubb5,1426.9732496102197,1040.1858299134076
Npc2,1427.6820754573407,1021.2665790212355
Tubb5,1427.980715777821,977.0708951429684
Tubb5,1427.700890569579,952.015749355017
Tubb5,1428.8290720178295,1372.8768289025074
Fkbp8,1429.155450579447,1286.9317304237063
Npc2,1428.6822183926186,1318.7976992409242
Tubb5,1429.1212316396818,930.111167099794
Npc2,1429.440820584308,1511.8855451032146
Tubb5,1429.505525344947,920.2384076444808
Tubb5,1429.4745825535372,958.9866541499314
Paics,1430.9547398967582,1414.7276941094074
Npc2,1430.0108253454036,1414.9594429454205
Pdia3,1429.7940914361875,1299.69270884787
Tubb5,1429.5013444082197,985.8098806633373
Npc2,1431.335137266509,1001.3669644615228
Tubb5,1431.6980919267526,1412.326155334183
Tubb5,1432.2398258152552,934.7286273287584
Xdh,1432.91774062906,1362.741401503937
Vat1,1431.6653592035095,1363.12486305365
Hspa8,1432.1013708081678,1266.3436146286506
Hspd1,1432.0586846268409,1266.0665050529724
Uqcrc1,1432.8934904033615,1266.0241898763006
Ybx1,1432.0086387481526,1267.123602173136
Npc2,1432.2563949251512,1491.255724903313
Tubb5,1432.6258002727227,1012.9873435679316
Tubb5,1433.415569809355,1461.014177677171
Npc2,1432.4701949135977,1353.798678928133
Tubb5,1433.7997732093982,1441.1495250577734
Tubb5,1433.8182405669236,937.0775888732647
Mrps18b,1432.5177580564166,1025.448888943327
Tubb5,1434.2520939246908,1021.662064897105
Tubb5,1434.3851799106983,1341.4243340429352
Tubb5,1434.3986216899082,1381.1892678872796
Tubb5,1434.8167618152434,912.9539939676868
Tubb5,1434.543705181184,1165.9813696943388
Tubb5,1435.630386288875,1407.4975674554166
Npc2,1435.6719350059636,945.1876309395528
Mtch1,1436.296257818281,1411.546692861251
Tubb5,1436.553916537012,1262.186317228951
Hspd1,1437.046901314758,1295.1844972578851
Tubb5,1436.9038300441402,1366.3390208782798
Tubb5,1438.2461197568134,1036.958319227198
Mtch1,1437.8436540590983,956.8411000393244
Hspd1,1438.5151960879575,1429.249275298296
Xdh,1437.7889282634208,1172.5217279985789
Pdia3,1438.6663499159283,1300.5926694840578
Npc2,1439.062186665133,959.7969828329811
Pdia3,1438.3031804574682,1379.6422805677958
Tubb5,1438.5084758947316,1016.241117159374
Ran,1439.8396265168722,1401.5009034626996
Mrpl43,1439.1273629588993,969.621599469282
Npc2,1439.317974695638,1363.7170183229268
Aco2,1439.8336879950969,1356.6835183697774
Pdia3,1440.7566941542264,1328.9767274993446
Hspd1,1442.2533499423605,960.7185154508944
Tubb5,1442.5619040118538,946.92197697039
Aqp1,1443.0419182909484,1234.669883439452
Tubb5,1443.3221033260163,1336.5234194840305
Tsc22d1,1442.9721475549557,1182.0322422351735
Npc2,1442.9192235096912,1280.271104404921
Mrpl43,1443.867540570689,1053.391843936102
Npc2,1443.468325914784,931.7665045047772
Tubb5,1444.4302408358565,1388.583719609987
Pdia3,1443.9848116813196,1025.8844885029805
Pdia3,1444.5755536467773,1379.185406402019
Hspd1,1444.9525655105251,1033.8677355117563
Mtch1,1444.650744370246,986.8071624960309
Mtch1,1445.3847996929032,1005.682387401214
Fkbp4,1446.9471409593816,1346.985749329399
Npc2,1445.2296977030628,1345.1044488111106
Mtch1,1445.198750779038,1037.734461978413
Tubb5,1445.3489564702386,938.735784309224
Tubb5,1445.891005416513,1265.5709438252077
Stip1,1446.5468451780107,1265.567434702201
Myh9,1443.9353541680102,1264.9279676931048
Hspd1,1447.0035804962197,1042.8852803357995
Tubb5,1446.4724432546268,891.0839245437776
Uba1,1447.2550211741168,1419.853883497963
Vim,1445.856043537819,1313.5929849712577
Tubb5,1447.8313663305044,923.0091458880496
Zfp36l2,1448.397649916477,1316.070956483456
Hspa8,1448.1897378447634,1315.0747216111736
Tubb5,1448.4011033687157,1316.0345538426718
Npc2,1448.9495339719815,1120.7941626135637
Tubb5,1448.7064112120725,1276.8034130483218
Tubb5,1448.894137344504,933.6501574710288
Pdia3,1449.8001698225116,1289.854220487739
Tubb5,1450.8642585054397,1363.38274570163
Pdia3,1450.1804935635296,1356.823174626703
Tomm40,1452.436483951138,1356.4158926198747
Pdia3,1451.4908380672423,1250.9805252690153
Npc2,1451.009976874224,1024.7950815085396
Srebf2,1451.6226763711015,1025.328454544899
Aco2,1451.2612063237882,1269.7394756818503
Hspd1,1451.9014751706209,1305.216549610305
Npc2,1451.7723427514782,1430.038759864345
Npc2,1452.4891306326383,1433.785676751457
Prps2,1452.8515436911307,970.8760196776656
Hspd1,1451.9722052109855,1378.2896187547913
Tubb5,1452.3952063613417,1336.386291038688
Npc2,1452.3052982122647,1031.131296543566
Paics,1453.8885832086185,989.2508413860196
H1f0,1452.4034879558608,988.1344039780683
Tomm40,1451.4470683393477,989.5072709064858
Tubb5,1454.257889941053,914.1369012938724
Hspd1,1454.3100381410968,1420.226218356041
Tubb5,1455.2428046374243,1407.144644557925
Npc2,1456.7417522234018,1279.9936934816865
Tubb5,1456.1590795130198,1365.470198761206
Hspd1,1458.099412929842,889.8008479866554
Tubb5,1457.9041328761357,929.6475291074904
Pdia3,1457.7890318620528,1099.5790669545136
Npc2,1457.9043746784464,1034.6324631849295
Rpl15,1457.6853273914255,1377.0310414080052
Tubb5,1458.0497207246926,1376.361018382939
Pdia3,1459.4193171072127,1194.7165248122665
Hspd1,1460.077415963262,1351.1755553737826
Fkbp8,1460.119555618103,980.3683342786272
Hspd1,1460.426829974483,907.9458768073176
Tubb5,1460.596017904311,1089.3808297154328
Tubb5,1460.934782674292,923.0197350185166
Tubb5,1461.3809258013362,1292.7074263215586
Mtch1,1461.8108913104757,899.8958989104837
Pdia3,1462.0260355356554,1317.1643449681071
Tubb5,1461.8490399245452,950.6267132160316
Tubb5,1463.2468201270217,1298.593679327477
Tubb5,1463.0554974540285,1025.2337842943134
Npc2,1463.7858344881151,1377.221327105604
Pdia3,1463.5561383396785,993.4318343866602
Tubb5,1465.1908509115146,1272.3980041575833
Pdia3,1464.9533287822078,1339.3262544041302
Tubb5,1466.1323793646172,969.7316839800892
Pdia3,1465.4601515795248,932.1532522811174
Tubb5,1466.0452555230847,1214.549146136525
Npc2,1465.918551136484,1262.506363261701
Vim,1467.1114705228522,946.785865782
Snx5,1467.8154534473183,947.585981691728
Pdia3,1466.3266286143828,1313.9309182252823
Ppp2r1a,1467.1324804193737,913.7874146414492
Stip1,1467.2457515166325,1333.1473438132864
Prmt1,1466.2008096843394,1333.6712077040102
Pdia3,1466.5284037079791,1042.847622241969
Npc2,1467.233585219907,1317.190172897532
Tubb5,1467.0829677935735,1050.500465012285
Vim,1469.0825803566674,934.6207150025416
Tubb5,1470.8376982777818,935.134130973403
Npc2,1469.1692438712912,935.1414959685428
Tubb5,1468.7113926434029,906.25902508268
Hspd1,1469.4654272686237,952.3519161324002
Pdia3,1470.1372607382218,1297.823178575755
Npc2,1470.088066799152,1346.305222327672
Prps2,1471.3495337970892,1012.4031069689788
Tubb5,1471.9807164413237,1330.9184060266336
Tubb5,1472.2997988352329,1294.8906351329551
Tubb5,1472.3154921063838,1317.5638475765195
Hspd1,1472.7100657649776,1251.066362183523
Tubb5,1472.7963243473137,941.242788662869
Npc2,1474.0515832012288,1281.75112762739
Mtch1,1475.0292635435085,1333.6261103537213
Tubb5,1474.7916980172763,936.2787946932086
Tubb5,1475.8193712562545,988.4291906945908
Npc2,1476.483297819705,1137.4909422378175
Tubb5,1476.649344598207,1086.0711642564293
Tubb5,1476.361487356004,1304.6347358504672
Mrpl43,1476.0697068783747,1327.4473082216982
Tubb5,1476.5765304203355,1247.079405567904
Junb,1477.640769112793,1286.9272276318238
Tubb5,1477.4897472966957,1287.7769329809862
Npc2,1478.045707967705,1000.9160689070684
Mtch1,1478.202987384504,958.0174851314558
Polr2m,1480.0497391012632,1284.1739681925203
Npc2,1478.89847180477,1128.236985033389
Npc2,1478.6570090898367,1294.7697669312267
Npc2,1479.4481128847283,1096.6100532318264
H1f0,1479.9596464934975,1266.5719350306608
Npc2,1479.5198221902465,884.8773611444672
Tubb5,1479.3339857729763,942.805972106692
Hspd1,1480.1026100070296,1042.8303823064723
Hspd1,1479.9480032534143,945.2330819636657
Mtch1,1480.3953933878938,1076.348802906165
Tubb5,1481.117256922431,910.3272488231466
Ly6e,1482.082902730098,1259.2521157173098
Hspa8,1481.1983555722563,1259.413410908865
Tubb5,1482.9073068354342,925.4385721352096
Tubb5,1482.7227515940854,1021.9471490353524
Tubb5,1483.3535433705467,1095.9122471608962
Tubb5,1482.6805020108816,939.996949089582
Tubb5,1483.5280629327783,1007.306180052052
Vim,1482.5983599015915,1007.6022998594566
Mtch1,1483.7754507589034,1279.2709942806368
Tubb5,1483.9812407338752,914.318746361695
Tubb5,1484.197249186069,995.6815901609168
Uba1,1484.5002057037177,917.7441149429916
Skp1a,1485.2176527854865,918.2712243005752
Tsc22d1,1484.841739638117,1060.6987402425048
Mtch1,1484.8344509368478,1266.7824800013705
Tubb5,1485.3605547023544,985.2647630030832
Aqp1,1485.1180607833182,1223.904682720699
Tubb5,1485.8782880652698,908.3249269986064
Tubb5,1485.7329449016531,1307.8494104372608
Mtch1,1485.969070260992,920.7020069817688
Mtch1,1486.255538712774,888.4386059218047
Psmd4,1484.735072505677,894.3650695981648
Uqcrc1,1487.3914364633629,966.986108821
Npc2,1486.3713841088888,947.756054570978
Npc2,1486.8323269554996,961.2782865432174
Mtch1,1487.2320565762473,926.0476876937934
Mtch1,1487.830311273455,1044.5048201565105
Fkbp8,1488.2269643599388,942.3049495285647
Hspd1,1487.9740161923348,1270.0160378439446
Tubb5,1488.4277916323365,953.269214756454
Pdia3,1488.1360774825084,1016.7984964363636
Tubb5,1489.346868428395,1064.6968453635377
Npc2,1488.99045406347,1289.490147440638
Tubb5,1489.4115125020207,890.9226558778255
Tubb5,1489.8337588588936,1302.7102110768033
Tubb5,1490.4243080559884,969.1533825168444
Tubb5,1490.8680069669856,914.1566241354886
Tubb5,1490.6713163154693,1130.2736917857374
Npc2,1491.6231645037728,1008.7424155864323
Hspd1,1491.7533447458754,971.8380975246812
Npc2,1491.9866959933267,1246.4307531575516
Tubb5,1491.7447214051624,931.519867730975
Tubb5,1492.016974663228,1033.203079420941
Tubb5,1493.5534537359918,981.2579013573207
Tubb5,1492.834774699557,897.5927399212063
Tubb5,1492.9701975183716,919.2124465029332
Tubb5,1494.0167559430186,944.2014552275152
Hspd1,1494.1791432862587,1294.2228309483785
Tubb5,1494.200496213599,1271.6946642655964
Npc2,1493.9285610120382,887.5652021803226
Tubb5,1493.45211960596,1013.578143245475
Tubb5,1494.1649503729486,966.0217285415164
Npc2,1494.9222654037244,1092.56156624265
Gpi1,1496.4323269896402,878.2563411957901
Hspa8,1496.9685819777892,878.0026672051845
Mrpl43,1495.413176145618,973.2884732560132
Tubb5,1496.0249880042911,1041.3713475837558
Aqp1,1497.0264284035834,1085.8965221141586
Aco2,1496.5689300964973,1002.9053593028276
Tubb5,1496.7510844920405,1233.3756075309886
Tubb5,1497.5065582660914,1080.080293676329
Npc2,1498.028460334906,1110.4793134200906
Tubb5,1498.768608623969,899.7493605795546
Polr2m,1500.5713091570117,1059.3542746978196
Tubb5,1500.4394892902037,980.9916168573754
Pdia3,1500.7097118812133,1091.0081601187744
Hspd1,1500.9992621399722,941.8868084276154
Npc2,1501.7944983711143,1084.837091427378
Tubb5,1501.466843801691,929.274331576734
Hdgf,1503.312538651971,905.3720358509232
Tubb5,1502.5441268309548,1031.3245686055002
Pdia3,1501.8931098958076,1163.3750707070485
Aco2,1502.1852883075808,1048.1896149592787
Npc2,1503.015024083831,883.3005604977964
Npc2,1503.3224047183155,996.0089175381044
Aco2,1503.395912397049,1288.0261727334191
Pdia3,1503.3867599940695,978.3961123010266
Hspd1,1502.4990781533857,924.610584192718
Npc2,1503.5711430410247,1112.0698076887193
Tubb5,1503.3027746624546,1061.8084390261536
Npc2,1503.7688586256077,1134.908463082002
Tubb5,1504.004268798171,1003.2594593135784
Pdia3,1504.6079065303843,1089.3057821434988
Hspd1,1504.357745120532,1272.1936781982834
Pdia3,1504.4268147406128,1242.5272641963404
Lmna,1506.5554581510592,1046.480454314417
Hdgf,1507.827958975948,1046.8954311357722
Npc2,1506.921920022596,1102.5153231499146
Tubb5,1506.255191494991,1063.534696077775
Npc2,1507.5468704103137,1115.9738559846246
Tubb5,1507.3343945017632,964.7686809056158
Hspd1,1507.7275715541566,1068.1798987629084
Tubb5,1507.8826122368764,916.4421279901012
Tubb5,1508.462011032669,938.723635284872
Tubb5,1509.5472484348556,1231.478636539602
Tubb5,1509.4207011101246,1139.873229099443
Fkbp8,1509.6358542719554,1044.55588177356
Tubb5,1510.374065815099,1058.9363357966922
Tubb5,1510.0619507966917,944.9296624869172
Tubb5,1511.2164706268877,1004.8103893940856
Uba1,1510.2644716028808,884.0795990925396
Tubb5,1511.0301326391975,885.1883538765755
Hspd1,1511.2322060350216,871.6615179934087
Npc2,1511.4180504903904,1154.145285673693
Tubb5,1512.1147747582074,1028.5932959062882
Tubb5,1512.8528045201624,1206.195598414351
Tubb5,1512.2302718314809,1000.255521759036
Npc2,1512.3225500665608,1229.4908771717226
Npc2,1512.595125143807,893.7524586183524
Npc2,1512.315573417687,965.8648996331068
Hspd1,1513.1047293801223,1264.1191838917443
Tubb5,1513.1270533855395,1213.6446961485144
Junb,1512.679555493213,916.719149178815
Ncl,1512.2271028967436,916.7849257567484
Tubb5,1513.312350548873,959.6282167010224
Npc2,1514.464528542915,1149.363678837402
Tubb5,1514.0316753118657,991.0839523368325
Tubb5,1514.200255259531,1201.516803898917
Tubb5,1514.52346302865,876.1024450266391
Npc2,1514.5245824519047,1242.578200639933
Pdia3,1515.6929983971338,898.2970942397595
Mtch1,1515.8748412852492,1060.747357479944
Tubb5,1516.1733350417726,1143.9131425051
Tubb5,1515.8070963211223,1192.923043597949
Hspd1,1515.608089097301,908.4894363422706
Tubb5,1516.1995291914368,1231.9873230655971
Tubb5,1516.966384153911,1097.8528171006503
Mtch1,1517.4249501086674,884.6931807090128
Tubb5,1517.03541866074,996.2675799998592
Npc2,1517.3578999165154,1003.91595205317
Hspd1,1517.297323497099,923.0571176011092
Tubb5,1517.830102714194,1253.3859915871924
Tubb5,1518.808382333511,1044.8959464789082
Tubb5,1519.0824755837384,1166.103600560198
Tubb5,1519.313519882298,992.4397016664846
Tubb5,1519.7806233362114,932.4007394683728
Npc2,1519.8095538826578,1141.3945521226397
Hspd1,1519.526231993726,954.5633420777
Tubb5,1520.404042346157,1024.8094074717496
Msn,1519.9740295876056,1025.139153443513
Tubb5,1520.3926799768512,1124.3794736964385
Ybx1,1521.6522207483786,1056.95159025119
Pdia3,1521.9441916011042,1205.4196683021107
Npc2,1521.5540459406698,1107.2471631246835
Aco2,1521.7364797085925,1012.9012492583918
Tubb5,1522.5230995350516,917.0072566478088
Tubb5,1523.3357055316749,1006.0915152374422
Ybx1,1521.2509101746182,1006.7898869975704
Npc2,1524.8363508637087,1089.28156399617
Hspd1,1525.3538606570903,1054.7883557451355
Mtch1,1524.6410107945856,920.2037881419903
Pdia3,1525.6397833107972,1098.6026370667043
Timp2,1528.967885116318,1136.1571274556347
Npc2,1526.863145547339,1136.957120292361
Tubb5,1526.517412088081,944.8209115380575
Npc2,1526.821798079429,1127.7796065834864
Tubb5,1527.7767823720387,1044.9218435781784
Tubb5,1527.114610443834,863.5719033941971
Tubb5,1527.8011363018782,1060.644800331893
Hspd1,1527.8067142404889,1166.6499502939057
Tubb5,1527.907308412065,1065.3289313423466
Hspd1,1527.6339412239763,987.0395962109272
Hspd1,1527.662283336816,1316.4448716491663
Hspd1,1527.9567507207312,1040.1766377444242
Tubb5,1528.085425788957,1145.945010588778
Ncl,1528.3605062652246,1147.246208468029
Mtch1,1528.484687051322,1052.9107574324023
Sec13,1528.018453013661,960.6868539403796
Tubb5,1528.431265839165,961.5580934707018
Vim,1529.514227384483,968.6930730564034
Msn,1526.6403683225178,967.5116324715682
Sfpq,1527.0899655354106,967.0502979362082
Hsd17b12,1526.5487429795776,968.2431579268732
Rcc2,1528.595852519818,969.8379721773885
Tubb5,1529.145001477801,889.5414245159054
Tubb5,1529.4473132398812,998.5718572633416
Tubb5,1530.1058311814356,993.1140028351228
Tubb5,1530.4409427583896,1105.6841169288557
Tubb5,1530.3711647271923,923.90187366771
Npc2,1530.888083590144,1150.589662791641
Uba1,1530.3771827026746,906.1425360439548
Skp1a,1530.8666703273648,906.1935015810012
Mbd3,1530.0537972917016,906.6804027347224
Tubb5,1531.620740515229,949.5472386825202
Hspd1,1532.4328881085569,1195.2013657436842
Hdgf,1531.100951164137,1037.4137246489584
Tubb5,1533.0903419924468,892.641099971727
Tubb5,1531.5857858176882,1053.3076647503708
Hspd1,1532.6536085772416,921.2284862282752
Oaf,1532.7459173742575,867.8025866209528
Pdia3,1532.97725001279,1135.0818575471374
Tubb5,1533.9353996036684,1115.398073866521
Tubb5,1533.3262792023418,1111.6465863946903
Mtch1,1533.3040069059916,853.2213473838028
Tubb5,1534.2210583093156,1143.6391238101187
Aco2,1534.0466364978845,1012.390507192558
Mtch1,1534.4511115599407,953.5304870912446
Junb,1535.0241159803684,895.7044588707315
Tubb5,1534.4526669584873,896.1172566885654
Hspd1,1535.3118894692382,1161.566855258198
Hspd1,1535.4799274459008,1173.9573250372828
Tsc22d1,1535.5775826930908,929.648988548668
Mtch1,1536.238154279932,883.0231451910963
Npc2,1536.5242318151336,1027.2092912584048
Hspd1,1536.6297530189825,1088.2984674714023
Npc2,1536.1463425965874,1043.518140129097
Tubb5,1537.4272420870943,887.3440861178854
Tubb5,1537.215944149595,1071.743738682757
Npc2,1536.44901921797,1038.396867222525
Fkbp8,1536.5756262286168,885.7574248539584
Tubb5,1537.545592261879,954.995389423393
Ybx1,1535.5940015491062,1031.7110872778555
Tubb5,1537.137419413168,1030.2705733416487
Tubb5,1537.3389421897684,1097.9155787923758
Npc2,1537.013911416098,1166.0230799403707
Pdia3,1538.1820020883597,1141.003820022771
Tubb5,1538.7426093650736,986.0705752928604
Hspd1,1539.3094079958714,1150.87310894976
Tubb5,1539.4512323878223,1057.7870144581188
Mtch1,1539.126604773587,1002.7333947268936
Hspd1,1539.68654284325,1118.5012015126656
Tubb5,1540.1017816101178,1087.8789832016305
Tubb5,1540.4048981795163,1079.465374604324
Tubb5,1540.77646709903,893.9404530760718
Ybx1,1541.9564909508726,980.2027092921782
Tubb5,1542.306890505741,969.6903318653548
Npc2,1542.1576722240134,1138.84823199317
Tubb5,1543.376174842299,1046.2112089903353
Aco2,1543.138122371763,1150.468943292507
Ybx1,1543.9716233123836,955.8123505278868
Hspd1,1543.9074441335238,955.6095720865676
Tubb5,1544.6973918231058,893.6330847982813
Tubb5,1544.7901978347325,1169.874938254542
Tubb5,1545.5562849306195,964.319661556327
Tubb5,1545.2520149895915,873.3522125728119
Aco2,1546.0044127514484,1117.8164994453116
Tubb5,1545.383479372231,987.7676207944232
Trim28,1549.8035847808635,950.5986313496086
Hspd1,1547.8478811534007,951.2689688357472
Tubb5,1548.405402135686,982.3940990448002
Mtch1,1548.484658522897,879.3381143963544
Tubb5,1548.521399249261,1124.449726561018
Ybx1,1552.4578471704888,881.319016737431
Prps2,1551.546991179263,973.9455923659592
Npc2,1552.5417781983072,964.678746577166
Tubb5,1553.4585399021332,893.6678605422659
Npc2,1554.4815096721195,1132.5556348509294
Tubb5,1557.0990278378256,951.1374590800364
Npc2,1557.9388160884664,926.9643773849556
Npc2,1558.3948519911464,930.3823063922003
Tubb5,1559.097278230658,920.5109222624432
Tubb5,1560.4733577402706,963.6664283992792
Tubb5,1562.9934181206786,916.4051818224118
Tubb5,1564.9321444731504,960.6576641086298
Prps2,1576.4773834805662,909.199172102842
Psmd7,1237.4457576355044,908.6752270470176
Ncl,1284.7162395011117,966.537546146133
Mrfap1,1289.529277215387,1411.3612258291762
Ncl,1289.325320280019,1411.9907029913193
Rrp1,1291.0308791488333,1408.5531512588586
Stip1,1300.0961280001422,986.3026310233988
Ncl,1301.7822475217413,977.2250848088032
Ncl,1302.2478108986709,1391.6835677799972
Gsto1,1302.0942476250284,1391.0302895915795
Ncl,1309.4891484256918,1011.8937249270164
Hsd17b12,1308.7039493218422,1369.2499122082058
Psmd7,1308.929707055387,1003.091253022188
Ncl,1310.294069153411,1360.0138009633897
Fxr1,1310.7164546404392,961.4924423880196
Psmd7,1311.9043857495838,984.3243858885772
Stip1,1312.9375622865584,1353.7338703007958
Stip1,1315.5812220525186,1221.9858365275177
Ncl,1314.9451226275487,988.3954267159
Rrp1,1319.2108856991397,1030.4698989540702
Rrp1,1321.130609655986,1218.1075592629888
Ncl,1321.3554494084267,916.1435730429084
Ncl,1321.427030575869,1361.122645977376
Ncl,1322.5238297580631,992.4904430218004
Stip1,1322.5147501649494,965.7706096351764
Ncl,1323.9456523363451,1311.9326236441843
Psmd7,1324.2763304728387,1346.1979210551872
Snx5,1324.330750159897,977.3521878387592
Snx5,1325.080250467073,972.5728659790788
Ncl,1325.625365252621,1271.0056020590755
Ncl,1326.1519797543456,981.2125234180209
Ncl,1326.5807191904298,1038.825902986091
Ncl,1326.3764297886614,989.987959604182
Ncl,1327.4040497553374,829.0738590444512
Stip1,1327.5301200162062,1000.4986272890662
Ncl,1329.541458808745,1152.2781328374604
Hsd17b12,1330.1551373057705,1361.9086621195656
Stip1,1330.566789257428,884.7264018160195
Rrp1,1332.4913840258089,902.3437910247948
Snx5,1332.7711924074165,1185.148011340999
Ncl,1333.153085400745,972.433434281328
Prmt1,1332.9568556095558,996.035841749802
Eif3d,1332.5233566702968,1051.1613540971143
Ncl,1334.9739995675625,1089.6114963620514
Oxct1,1337.2524578529817,1204.125880497114
Trap1,1337.207137687874,1031.490371277944
Snx5,1336.3988300014037,1335.300571178812
Ncl,1337.874448836884,1281.4379471117245
Rps6ka6,1339.2779069815615,1160.7429917598663
Ncl,1338.8389266818492,1070.548366338097
Fxr1,1339.9216118698446,1032.4041261418952
Ncl,1340.9119121833603,977.3187222573226
Trap1,1340.9107985983217,1331.905987276621
Kars,1341.735679199034,1332.4180555581313
Ncl,1342.7644627135317,1306.8131858940549
Stip1,1344.6360261971483,1264.2761532977129
Oxct1,1344.716448653994,1076.879681067389
Psmd7,1345.775901418519,1024.424436339385
Ncl,1345.8096186734124,895.2482915087296
Hsd17b12,1348.635906112132,1064.2790721170045
Hsd17b12,1349.6624251440414,1139.455255700607
Fxr1,1349.7151022755409,1338.22890517256
Ncl,1350.2562737145088,979.759489769761
Ncl,1349.6244348210826,1018.7061999232176
Stip1,1350.912488367339,917.6621844151588
Stip1,1352.1782116787006,1006.7309826692054
Oxct1,1353.6972521410546,1237.3880840928846
Stip1,1355.0382799813724,1186.8590803620225
Ncl,1356.53861265113,1296.975735749426
Ncl,1355.771227179877,1350.1456165358657
Ncl,1356.3034157230009,876.5192779797022
Ncl,1356.584635275461,1020.9630757981504
Stip1,1358.9307108365483,1134.572341884774
Vim,1359.1985189691682,995.6629455846964
Sfpq,1358.5498207688615,994.9582704080406
Ncl,1358.2926499174146,995.9771745052246
Lamp2,1359.5342306817877,994.863300426619
Ncl,1358.9104626450808,1018.068155541338
Ncl,1359.1873490576818,851.7867341885199
Oxct1,1360.2872946102136,1159.3269248418535
Snx5,1360.6428572744549,1399.2384680619543
Oxct1,1361.5239158013617,1083.1788729507862
Stip1,1361.8149267426095,1338.9540487804304
Ncl,1361.4928712986034,993.6557501812551
Ncl,1362.5391579813172,1311.038385474001
Snx5,1362.7296816635044,1025.6631761149667
Rps6kb2,1362.6441240599513,1178.0599403731328
Trap1,1363.6947439111646,1051.134506604462
Ncl,1363.936672098762,967.4598338059376
Ncl,1363.5204381600845,983.5170019501584
Ncl,1364.2467915699804,1342.1272133302305
Ncl,1364.0581590339996,1315.2037167623785
Ncl,1363.923738035663,1390.070245826741
Snx5,1364.2124463290802,1300.243175898447
Pdia4,1365.171527793883,1121.1266218225944
Hsd17b12,1364.3376815198712,1121.9977839476069
Ncl,1365.3510683107356,1401.7265331135725
Ncl,1365.2915155394498,849.0690101981565
Hsd17b12,1365.72578459171,1072.6932852144428
Snx5,1366.4357051252916,1287.6032296536682
Ncl,1366.0472420037934,1562.406767288131
Ncl,1367.223139633622,1385.4621880686252
Ncl,1366.7067032719456,1584.3047205690482
Ncl,1367.581069580403,1014.4100965590457
Hsd17b12,1368.1730632403564,1224.177452633006
Trap1,1367.8185492103592,1467.0156369880476
Psmd7,1367.5235130454091,1057.5308734226717
Psmd7,1368.6929801099045,1061.784564065009
Rrp1,1368.4339013832323,1093.2718787825015
Rpl15,1368.2304338747836,1086.7246856652232
Ncl,1368.459747477567,1353.5731466461557
Rrp1,1370.668266671729,1381.9446493108055
Stip1,1370.8070613252155,1178.904540514745
Ncl,1371.3758111380043,958.019152808185
Fxr1,1371.8623979747144,1560.8295647014645
Eif4g2,1371.8774563253878,1562.0594553820947
Hsd17b12,1372.1153135143495,1299.4754779971204
Psmd7,1372.529642032027,920.2247222670146
Hsd17b12,1372.383428686178,1391.9521236724363
Snx5,1372.386086331241,1044.7592181706852
Rrp1,1373.5426874105715,1388.9115638735304
Fus,1375.1795528676969,1517.6636428876425
Rpl15,1377.4572766051515,1517.301700389153
Ncl,1373.2675919603582,1061.6665280042128
Psmd7,1374.2180111514808,1110.5188364042529
Ncl,1374.6485034109387,1465.5125054511022
Oxct1,1375.1637286595574,1439.1003408123313
Ncl,1374.8603365807803,1583.7210138541295
Ncl,1375.6950951671736,1593.7126447906762
Ncl,1375.399665308054,1044.2665668704826
Arf1,1376.8586046513276,1478.6172316496509
H1f0,1377.1395459978198,1477.0620268309622
Pdha1,1377.1767447890968,1476.6905834002223
Ncl,1375.837367860968,1336.7768388408065
Rrp1,1376.8785174447596,1380.552329892464
Snx5,1376.5628372382666,1083.0560224192448
Ncl,1376.8824311000556,1555.3620659257017
Ncl,1376.5069348202587,1024.7929744847493
Ncl,1377.7654192693235,1456.6993884880858
Ncl,1378.0483928734368,1387.829935977597
Hsd17b12,1378.2360067603026,975.684455462562
Psmd7,1378.1981054125977,1543.9324823976551
Psmd7,1379.3541206120717,950.9032930730822
Ncl,1379.337904164249,1551.187336127465
Ncl,1379.5197755859886,961.3523448552542
Stip1,1380.358596476496,1580.912378381688
Ncl,1380.6142223954269,1326.6776296054186
Ncl,1380.824640453293,879.1076034084567
Rrp1,1382.6952645226086,894.0388821062552
Ncl,1382.7070025482749,985.0586088146696
Psmd7,1383.1070741308886,1389.7078656114272
Ncl,1383.3971661097717,1200.7042833703763
Ncl,1384.6411603590832,1564.075448292249
Rps6ka6,1385.4144562829913,1595.907257580907
Rrp1,1386.3480412693852,1363.5216277609134
Ncl,1386.3378095390094,939.9772474581832
Ncl,1386.457244087441,1413.4761552798168
Clta,1386.1505631882922,1517.904710504221
Ptbp1,1385.6792456413411,1517.572926653288
Stip1,1387.303365593525,1486.3590064076575
Rrp1,1386.9765982132635,1003.8702548342376
Ncl,1387.8792960576768,1479.4695875111138
Oxct1,1387.8658699549549,1601.0883118304785
Stip1,1387.776331387022,1468.3860203214615
Rrp1,1388.2314346721205,896.6056049735865
Psmd7,1388.9758596041556,1433.9184391985502
Ncl,1389.7395602822933,1583.948649275827
Stip1,1389.404811620527,1590.1146570994028
Snx5,1392.0899331628952,1375.68678057308
Stip1,1391.650748297378,1437.7983364474542
Snx5,1391.111765820351,939.5737367614572
Trap1,1391.967056419339,1282.7077295972208
Ybx1,1391.5295036821803,957.2483585249636
Rrp1,1391.6865749372955,957.9297012877138
Ssrp1,1393.8615056215556,958.5739692628068
Hsd17b12,1392.3493906537983,1251.266201071389
Psmd7,1392.410057592611,988.407504161131
Stip1,1392.51669588541,1268.199877125849
Ncl,1393.193734995809,882.29420666022
Ncl,1393.9149417124058,1591.687828103171
Msn,1394.0729265036434,1386.2225664803111
Psmd7,1395.4552691742915,1516.14010566922
Ncl,1394.9289024174032,1450.5839105231191
Trp53,1396.7435717331846,1346.4015087946827
Rrp1,1396.711492970551,1369.1151735248454
Ncl,1396.6419724446905,1494.1086495965617
Ncl,1397.0120997484362,1587.3521491208348
Ncl,1398.6387036115202,994.8016933205352
Stip1,1398.3239051277064,1014.458946537563
Laptm4a,1399.2127643111262,1015.8382115328848
Ncl,1400.7565327515083,1499.9358786897826
Ncl,1400.976993698407,1458.705884821211
Ncl,1402.0082876889246,938.6205636665164
Hsd17b12,1402.493545638995,978.9985767540112
Ncl,1402.4250719629958,1519.3072166600814
Psmd7,1403.2559070857317,1040.647602563943
Snx5,1403.4835363915004,1254.9733396366323
Stip1,1404.2148238296527,1448.6163901065638
Ncl,1405.3184373114186,1444.7170598033
Fxr1,1404.4478543634796,1576.9522245397577
Ncl,1405.1101491243562,1360.7298571729157
Hsd17b12,1406.0604114414843,1324.0360597849187
Ncl,1405.3557571730462,955.8582161635596
Psmd7,1405.7948328324592,993.2349055960892
Stip1,1406.3511102855969,1600.9548266404508
Stip1,1407.8707349345186,1428.818214058295
Ncl,1407.5947420036828,1013.6990124513064
Snx5,1408.6555447641713,1432.8439036553912
Trap1,1409.8555750576595,958.9885343170477
Trap1,1409.98664834362,1181.342420435212
Snx5,1410.506501338541,898.4104619492967
Stip1,1411.1391791982967,1523.6375394796514
Hsd17b12,1411.939657367563,1194.0779583945214
Stip1,1411.8063176725414,1498.2613014564718
Ncl,1412.6250783986934,1407.2105425404204
Maged1,1412.0075055219454,1416.586258875766
Stip1,1411.9800275656207,1432.338549553721
Ncl,1413.7350465384536,931.1517740048678
Ncl,1414.3791669759314,1008.8472508352548
Psmd7,1414.9689247005986,940.7302411190276
Ncl,1414.9649994459878,952.875407826903
Stip1,1415.6941362603836,1374.7199012042693
Fus,1416.1898395652474,1375.1841341664517
Sec13,1419.0853601784363,939.2936383046808
Ncl,1417.491589608559,1545.1408179515258
Psmd7,1418.017326923082,1539.647505817246
Ncl,1418.1862253943375,1344.593146770873
Stip1,1419.4928445464298,902.5420144767132
Thy1,1421.8080881713008,1276.1145793982337
Rrp1,1420.511385228307,1276.2483762490226
Ncl,1421.404473216624,1447.413302185871
Rrp1,1422.34287033721,1265.4311856801282
Rrp1,1421.6764082091363,940.1194953503224
Ncl,1422.5858865052824,1198.9367460948797
Ncl,1422.9949508657312,1513.766766083722
Fxr1,1423.1850168185017,1519.7372551997591
Ncl,1423.9734238760025,1461.8565182507446
Psap,1425.6363261351096,1012.158101378766
Stip1,1424.2568307640142,1210.8761003663644
Snx5,1425.6885150758512,962.3063632910198
Msn,1427.9443622508306,1451.0228282740404
Ncl,1428.3912256173833,981.5703440487384
Psmd7,1427.0087879206671,932.2566523338444
Ncl,1427.9258772868332,1468.4759229635915
Ncl,1427.603601069265,942.4620852827276
Hsd17b12,1428.831271693511,1390.9692967877509
Fxr1,1429.1728827893492,1260.8731667995835
Rrp1,1430.4085124397316,1461.5313440615696
Rrp1,1429.9096206820195,993.1955644813378
Psmd7,1430.6652670195367,963.7394745976416
Oxct1,1432.074632537806,1466.7971472531813
Fxr1,1431.592365373761,1265.6249057976352
Psmd7,1432.4942038473623,1456.1182591152788
Rrp1,1433.249855542893,943.4596998210436
Oxct1,1434.101202735575,1116.2378335524625
Oxct1,1433.9038220954449,959.348571192837
Psmd7,1434.494646823991,1450.5902926385036
Stip1,1435.701332709175,1036.5950646832314
Psmd7,1435.8444777211223,1257.832728964277
Myh9,1435.856054413393,1464.0644277075116
Trap1,1436.7092499192645,1465.341469930759
Stip1,1436.1533294344038,1204.5664962086976
Stip1,1436.1951034378117,927.7756583899884
Ncl,1436.752500961334,1432.3172887323522
Ncl,1437.621103110285,982.9553376051488
Stip1,1438.1078540600352,1389.9951216884715
Ncl,1438.157083719036,1460.884052395632
Ncl,1439.0093642798038,1025.8248438250785
Rrp1,1439.4227832660565,1426.2842802988391
Stip1,1439.7185154247131,962.8182572197352
Ncl,1440.5992988990931,1376.8976692543283
Trap1,1440.5091464526631,1179.8566281578865
Rrp1,1441.655097828823,1270.4438690610664
Ncl,1442.368285464633,1368.0752958824953
Ncl,1443.406139726531,1125.6739047035494
Trap1,1443.943803770963,1305.9249731660025
Paics,1445.3984103225616,947.1995780849472
Stip1,1445.7132625678148,940.3581746109536
Ncl,1446.216287124072,1127.7127984495778
Rpl15,1446.8067993094323,997.4739359942744
Paics,1448.4167132724754,1443.8439061836211
Stip1,1448.825158327828,1386.3961818934763
Ncl,1449.1049917740502,1102.8872243356002
Rrp1,1450.6814980408824,914.3759297070596
Psmd7,1450.9698235695555,1306.0616588360056
Ncl,1451.2823659236053,1317.3120038852696
Snx5,1450.8185980727917,950.4278662453358
Stip1,1451.350520713619,988.7734969779806
Ncl,1452.3069597354347,1159.249429357768
Trap1,1452.4283012623514,1150.5418551269393
Snx5,1452.2939707049582,1167.0125600132685
Sfpq,1451.183083867967,1275.442811748684
Vim,1451.8275549185337,1276.339505773095
Trap1,1452.7645568718076,1355.9820096791275
Ncl,1453.258223794529,940.3340857458948
Ncl,1453.9864798005378,935.3298693481306
Oxct1,1454.7293738919611,953.4769438581792
Trap1,1455.4455328146137,948.3243391352188
Psmd7,1456.73638701673,1366.409074779808
Fxr1,1456.4432895934774,1234.9267849895416
Fxr1,1457.955643256162,923.721584307859
Ncl,1458.1735206451476,910.647441950055
Psmd7,1459.8540831749017,937.6484766248284
Rrp1,1460.3235731907453,1372.7540150177242
Fxr1,1460.5852726034257,1149.5131926580184
Ncl,1461.0746370844536,1197.966971526931
Rrp1,1461.247432873336,1044.6842429633953
Snx5,1461.2028569421718,1191.9711889057676
Snx5,1461.5885016302177,1318.2257027874746
Stip1,1462.5177318036594,1361.0487399559097
Hdgf,1464.0622022645166,972.7285625097502
Ncl,1465.7632108112075,1344.3903076662014
Ncl,1466.9051801505586,1355.1661571028706
Stip1,1467.73613705352,1162.758592170787
Oxct1,1468.041962825915,988.9702906381688
Mdh2,1468.8790376688296,972.0351964488505
Hdgf,1469.7604061128136,972.8959094061296
Stip1,1468.6103307209032,1029.2317229863595
Snx5,1468.3977626050512,942.5688777608592
Rrp1,1468.7021422358996,1284.2701493794636
Psmd7,1469.0913616679104,891.5887145062716
Ncl,1469.3147232172712,1174.5321138371385
Ncl,1470.9378316112698,1001.9922468748211
Arf1,1471.47284823339,1326.9686209174315
Oxct1,1471.355915975029,1327.5591609139035
Psmd7,1470.9708362581891,1301.8039218018437
Stip1,1471.0986617096974,910.2620529032158
Oxct1,1471.9383813154295,1316.8008850305307
Oxct1,1472.4297293812276,923.3037408954402
Hsd17b12,1472.459732399942,1305.9953837889886
Ncl,1473.4383480148954,1035.3651297506058
Psmd7,1473.699157099673,1051.351720676215
Rrp1,1473.49750993184,998.3881458299184
Ncl,1474.064726809897,966.9111829958008
Snx5,1474.0103367846314,1328.009611159158
Ncl,1475.9020568758951,1256.6476394923936
Snx5,1476.412076075726,1209.5451794005332
Ncl,1476.4574833319343,943.4040063105916
Paics,1476.874917289311,1328.5586664395487
Snx5,1477.2619509050824,916.7140863405584
Snx5,1477.1263603026796,919.4236070063168
Ncl,1478.1137092060735,923.2078216971806
Ncl,1479.3615984878684,957.002021536365
Rrp1,1480.4284834176174,980.0375723162068
Trap1,1481.243160038234,1450.452154978786
Stip1,1481.7769547157443,878.737315044174
Stip1,1482.3361082022373,931.8432882173136
Stip1,1482.1979495042806,1217.0490871241605
Rrp1,1483.326384330918,1008.3424916947266
Rrp1,1484.5206277194122,940.5944674080888
Hsd17b12,1485.6566565956762,1109.6018515190488
Ncl,1486.0205193280915,862.3380036196507
Ncl,1486.283202177143,1247.44370046404
Trap1,1487.248678802798,1118.5863329268373
Ncl,1488.325773388404,982.4058499456236
Ncl,1488.5397377641518,951.428862668478
Snx5,1490.0384188440462,913.2084714008272
Ncl,1490.5968205962497,964.1617467553832
Stip1,1492.744853608161,1252.616459250883
Ncl,1492.5877252368784,975.0732137903432
Rps6kb2,1493.9216409742935,1148.3790889079405
Rps6kb2,1495.501810417115,973.237521092306
Stip1,1495.76352314457,1071.9195930352948
Ncl,1497.1472824206296,1066.5196573382618
Stip1,1497.59940073963,1119.6115930772314
Sf3b2,1498.299100912102,1008.7696105326038
Gsto1,1502.8891900249946,1303.9069752058815
Oxct1,1502.4062785914496,1288.2754368184526
Ncl,1502.130977260018,990.2439568948694
Trap1,1504.8053171945364,1250.4457660385565
Oxct1,1505.186072343286,1267.286640127173
Ncl,1506.6092642688125,994.3055314282344
Rrp1,1508.6554421195692,1127.85938444021
Maged1,1508.8125684636077,1054.5440494451886
Rps6kb2,1509.0397933816184,942.0793085385368
Stip1,1510.6813970878716,893.9305861385839
Ncl,1510.8597694085213,1237.907204889229
Snx5,1511.598284160195,935.4313934624917
Oxct1,1511.9697877543754,959.0340967228047
Eif3d,1512.2700057297477,1226.2809934672655
Ncl,1513.61574774933,1294.7701405885336
Oxct1,1513.366025746851,963.309165218085
Ly6e,1514.023069709148,1073.4998354007205
Snx5,1514.1512512833986,1073.689819927367
Vim,1515.168763748257,974.9157288667744
Ncl,1514.673105738476,940.7450990846472
Thy1,1514.3194305253548,939.3702378258564
Hsd17b12,1515.71434941119,1210.091358645489
Ncl,1516.3535799567023,1250.0567766252332
Ncl,1516.406182929714,1296.6648971868788
Ncl,1516.9435060292824,1057.3347030783716
Ncl,1517.1673818124373,976.9113710444104
Psmd7,1517.0833397994709,995.0534686440068
Rrp1,1518.773177450904,1217.049251003496
Rrp1,1519.0597110845122,1065.9029374887575
Rrp1,1518.7802728256731,924.4766833491856
Cct8,1518.5591896229903,985.8590678815508
Ncl,1519.9700232574005,986.6230129611288
Fxr1,1522.433904610347,1186.7711271336575
Oxct1,1521.5578105076515,939.376020030169
Oxct1,1522.7206401139615,1225.7118037360356
Ncl,1523.3368284804292,877.8329789037173
Sfpq,1524.053067710117,950.468269005164
Vim,1523.8908067079055,950.2352586679882
Snx5,1525.110154290746,863.4496837474375
Stip1,1524.8182069289778,1015.9749925811556
Stip1,1525.7260257338748,933.0480006436424
Ncl,1525.8453704877431,1197.594830043435
Ncl,1526.5005503054983,891.2415185396333
Fxr1,1527.594026395871,942.6449674029368
Trap1,1527.8613159730044,944.9985439192347
Ncl,1528.3605084592366,857.7951967476365
Ncl,1528.7095249516187,1321.6024156650187
Ncl,1528.410738853455,934.3894102934058
Psmd7,1529.0548719253409,928.439858973566
Stip1,1529.3423247070357,958.4555151501876
Lmna,1530.2980438351376,985.0956386733098
Tcp1,1529.585565613534,985.1583681007836
Rrp1,1530.5265592122173,999.6599705240624
Stip1,1531.2530192116403,952.7399533224544
Ncl,1531.64266498834,884.7902835411932
Rrp1,1531.2720304136633,977.9158148736476
Rps6kb2,1531.957006675869,1120.8343839003464
Ncl,1532.5099974008674,867.799894369945
Oxct1,1532.1999555399923,1110.3912374914585
Vim,1533.04609643638,901.6743054703976
Ncl,1532.247058558386,1176.8496575796162
Ncl,1533.0924777188343,906.0597444614064
Rrp1,1533.7996190571323,1132.6784193223511
Snx5,1533.237266791593,1139.8397490019038
Stip1,1534.3420603803909,1213.9580364164312
Ncl,1536.1684861619365,848.2572384793191
Stip1,1536.4657093934256,1054.5570389607583
Rpl15,1537.243448273384,1083.5172334145643
Ergic1,1536.8840991365291,1083.405416329484
Snx5,1536.8026684066726,899.7510323960585
Rpl15,1536.7655726489645,857.1589918271859
Stip1,1539.055852239616,1012.9828465931066
Rrp1,1540.0899967718035,1058.5812736073112
Fxr1,1540.0471535164163,1134.9913227897282
Fxr1,1540.16970135977,1115.4756720725543
Stip1,1541.216000841637,1036.494762881839
Ncl,1541.1232061564308,1185.92591150036
Rps6kb2,1541.95538667924,1020.2450316454854
Ncl,1542.363558790685,1144.094089651936
Mrpl12,1541.785064058964,1143.815038571504
Snx5,1542.4512322906216,889.3599780196266
Ncl,1543.0595868003488,865.6687756548071
Rrp1,1543.5924508398982,1080.219534919252
Snx5,1544.5335997588134,959.806929105964
Ncl,1544.7293388545345,1171.3042441892258
Ncl,1544.607070987441,877.1972428524526
Ncl,1545.722943436392,870.9783516429154
Cs,1545.0058653631474,870.0978277495527
Ncl,1546.550698661497,1002.5396176386236
Stip1,1548.5905814523308,1163.0507420781291
Myh9,1550.1751617356276,866.9113687221271
Ncl,1550.6180107196558,1105.3560138676908
Trap1,1550.2677575567495,1094.0100042894353
Ncl,1550.9207808283925,917.8331470982688
Stip1,1551.025481662175,1113.3663079376256
Ncl,1553.7125466696486,939.8882454537986
Ncl,1555.4784462577454,1067.1047760978458
Ncl,1555.9436591824972,971.8447388904556
Ncl,1562.3696750678785,974.8890492757962
Hnrnpul1,1563.0461229482642,915.0487497273524
Ncl,1564.08158701093,915.7881913239004
Ncl,1573.3179212578823,910.4833370968236
Ncl,1578.0716332671946,933.3517894468108
Ncl,1579.8475199680856,912.6670687305132
Ncl,1587.1793018703213,919.3195859959844
Eif3f,1265.82864258996,943.7720164609304
Eif3f,1295.0778049346557,962.6089912372288
Eif3f,1299.2516729773624,841.1614138901881
Rad21,1315.310608890156,1011.6059863276467
Ptbp1,1318.0507935051642,998.5136193839556
Eif3f,1318.8034019519966,1315.818903006918
Hspa9,1319.285139279605,993.519201904156
Hspa9,1319.7467752390596,1355.2762272763491
Ptbp1,1322.5529411708008,1205.9228288987322
Cct8,1323.5500264467876,1215.8151748654868
Idh2,1324.180335560471,1329.9138263252305
Ptbp1,1324.4145667649927,1364.4851041851211
Rad21,1323.8052442242831,1044.4354634734882
Hspa9,1326.7337270014098,928.5469866126776
Hspa9,1329.5358760329846,1053.284049530925
Ptbp1,1329.4631552501655,1219.0447668622178
Ckap4,1329.6631951076934,1329.296433372229
Use1,1330.1405271627689,1047.324408641017
Lamp2,1332.425734481971,1272.3642784871513
Ptbp1,1333.3877672512497,1343.6178668526254
Rad21,1334.3863195691351,1470.7891271280926
Rad21,1335.1925554733143,967.9524771662868
Rad21,1334.940816925192,1133.527070395573
Rad21,1336.060843238786,889.8060013381953
Idh2,1336.1820701418976,1280.364791119765
Gsto1,1335.8052342969409,1084.3083316309956
Use1,1337.7823141669635,1226.0502367840893
Csf1,1337.7959821997906,1251.940770699866
Rad21,1338.750746882491,1074.3419404111146
Cct5,1337.6541004893552,1316.861971280386
Hspa9,1339.0149746746742,1019.335806010252
Eif3f,1339.3263311591086,852.1666438165063
Rad21,1340.2754476975688,1346.882396094321
Ckap4,1340.1348000135754,1289.6262750461765
Ptbp1,1340.721692022716,968.5876159660507
Ckap4,1341.344061206329,926.5954826362138
Rad21,1342.0674139347364,1340.5257521520543
Mrps5,1342.122549851972,1176.6582882109408
Ptbp1,1344.322254426192,979.786700919018
Ckap4,1344.807649350235,1187.2717949870053
Ptbp1,1345.1025300398494,1333.300223871728
Hspa9,1345.7725970819893,1005.9622804082102
Ckap4,1345.8008484260008,1340.5985770931543
Hspa9,1346.1926233337604,1052.0168764336804
Ptbp1,1346.4009580877812,1267.6656362179406
Rpl18a,1347.6539037658906,1074.116991299871
Ptbp1,1346.6515873922424,1075.3420012605577
Ckap4,1349.118212597688,1211.1407605634004
Trp53,1349.7362023801927,969.7074578541904
Ssrp1,1348.8443609090643,970.45955747681
Ckap4,1349.9478635322796,1120.850428273896
Hspa9,1349.887247678328,1226.3178229491175
Clta,1349.5391480319795,1226.4109745104347
Rad21,1350.7920502224424,1066.2626925694854
Ptbp1,1350.8505445490828,902.2634450544892
Cct8,1351.4832101071845,1328.7368674083057
Ckap4,1351.9413807271526,1282.5058323712988
Hspa9,1352.709286468571,1390.0194785016458
Csf1,1351.9545996997788,1166.635648661707
Ptbp1,1352.5653726493913,991.8071555299902
Rad21,1352.8796300165368,1288.0656890626742
Ckap4,1352.7923848774813,1211.635931514934
Rps6ka2,1352.5921630688672,1043.219494958542
Rad21,1353.4756889537396,1143.4322504471493
Csf1,1353.693608724022,1193.5174246053
Fkbp4,1354.6143730852557,1194.2658502895097
Eif3f,1354.483211510439,1389.422724733086
Rad21,1353.822006817516,1151.087319909442
Idh2,1355.494179466038,1247.4042611497348
Ckap4,1355.1256179068127,1299.4319255183543
Eif3f,1356.4688704942737,1041.231730054898
Ptbp1,1357.2939777828535,1002.97837169809
Ptbp1,1356.9553797767726,1190.30669594174
Msn,1358.47847315401,913.256229561334
Lamp2,1360.417661810228,1121.5396370141743
Hspa9,1360.110680722309,1139.465827054041
Rps6ka2,1360.2079928546566,1177.8166923753092
Use1,1361.743456598602,1015.5682595484304
Ptbp1,1361.823200510007,1326.5690633805234
Eif3f,1362.8080313313649,1265.9940055215015
Hspa9,1363.8027963787492,1343.0362035722137
Ckap4,1363.599930103717,1101.2315398708972
Csf1,1364.1639237609077,1075.3698798238263
Hspa9,1365.6439454211547,1312.7571153597946
Ckap4,1365.5444370111418,1230.1789145600842
Mrps5,1365.669842448766,968.022953998652
Hspa9,1366.579294505312,990.9652502408773
Lamp2,1366.773833598251,1011.3154069409724
Rad21,1367.244059704917,1211.3556182727086
Ptbp1,1368.3663358899876,1570.8072329109702
Lamp2,1368.7861887212548,1386.3606896652757
Csf1,1368.9093571965784,966.0881036063632
Ptbp1,1369.5006463641228,923.179017070746
Hspa9,1370.034030245082,958.5601716066463
Tbrg1,1369.9007805130775,1188.3342413737696
Fkbp9,1368.810253151059,1188.1474383451837
Ckap4,1371.080319342135,1309.237809474126
Idh2,1370.551498950534,1473.2420937473084
Ckap4,1370.9736215231474,1260.3381681210485
Cct8,1370.805502491292,1383.0230624311948
Ptbp1,1371.0593441808014,1458.6848264540563
Ptbp1,1371.8025049969424,1447.2209335980783
Lamp2,1371.331585151294,1303.4964487248744
Ckap4,1372.1806558084834,1575.2265299621513
Idh2,1373.7467740035734,1310.5549795053698
Ckap4,1373.8587311699807,1172.9374437589518
Csf1,1375.1791381880116,998.0022076954511
Hspa8,1376.7186278776344,926.8372298467976
Eif3f,1374.761794905621,927.2332389124208
Ptbp1,1375.10965202279,1542.5820612120542
Hspa9,1375.8150264909675,1293.6853373646154
Ckap4,1375.4692064469114,1011.4596768740786
Csf1,1376.1041216679264,1557.3467799944403
Ptbp1,1376.340688127428,958.3162754335002
Hspa9,1376.659464802714,912.2645514941336
Rad21,1377.144795951604,1307.4043503984385
Ckap4,1376.8982486230109,1300.9024394608691
Cct8,1377.737542442227,1526.5941329229363
Rad21,1378.4802725348711,1363.0474744634037
Vat1,1377.8926980369597,1450.6760451571663
Rad21,1378.5409180015135,941.8829339877597
Ckap4,1380.3042041436672,1026.7542499674255
Eif3f,1379.5937680893112,935.8963631625066
Ptbp1,1380.1734711096783,1462.0841181424094
Eif3f,1381.13336960408,1542.7609879653014
Rad21,1382.6045242720852,1095.608211962533
Fkbp9,1382.372606103555,1520.6525514001555
Cct5,1382.707250174898,1520.883753898785
Ptbp1,1382.7500558279055,1271.4378068447097
Ckap4,1382.5273350217042,1002.9962339837156
Gsto1,1385.4840184381735,1415.395004995749
Ckap4,1385.1714345129417,1274.5711369650437
Rad21,1384.865279405935,1357.0356824873168
Csnk1a1,1385.7177679512397,1357.7185649271582
Rad21,1386.1161689782734,1586.8367282827644
Rad21,1386.3012251939278,987.8965839612882
Rad21,1386.8552845025338,1054.6733666838925
Ckap4,1388.272606700464,981.9584653183988
Hspa9,1388.108701464444,1427.5860448756346
Eif3f,1388.81058633702,1032.272782324082
Ckap4,1389.771541312551,1158.0676327887077
Hspa9,1389.4159240932563,947.514922803186
Eif3f,1390.1104055733383,1585.975480068951
Ptbp1,1389.6464105713646,1372.3977771524574
Nap1l1,1389.5055034058346,989.5063390181698
Ptbp1,1390.3628136773968,1459.4446588715616
Eif3f,1390.1232182066624,964.4138826281678
Hspa9,1390.5018013942645,1550.644450307831
Ptbp1,1390.8438022205833,1578.1413271267004
Hspa9,1392.240791872005,980.3230702633156
Rad21,1392.459623690087,1154.0672388299013
Ckap4,1392.4485835472092,1241.0917418106203
Hspa9,1392.6322153532026,1316.324561654929
Ptbp1,1392.9818983906523,1584.7785637564955
Fus,1393.455782820576,1517.6709064878964
Igfbp4,1394.3260695078295,1391.432473346495
Rad21,1393.7053541140658,1028.5409345938951
Idh2,1394.206476667052,1504.5010477106
Use1,1394.7838350527968,1434.149168953858
Hspa9,1396.3504556994208,1352.358704089915
Ckap4,1396.7978362989277,1017.988105296724
Mrps5,1396.0305815931297,1469.2406663054185
Hspa9,1396.5803856365192,1583.4984197379704
Rad21,1396.1369075200955,1272.471972967664
Ptbp1,1396.9781730096925,1463.7807862240954
Ckap4,1397.509919629024,1254.4550014535416
Idh2,1397.8811434459035,1444.6373623611812
Rad21,1398.6477335209197,1007.9507759961898
Hspa9,1398.9559238257425,1024.7294223802344
Ptbp1,1399.8832287306411,1297.6124092351768
Eif3f,1400.6037926753463,1070.6110312441176
Ptbp1,1400.4467845756778,988.267464730014
Hspa9,1400.254328903845,1523.3975340127868
Eif3f,1400.8741506825277,1293.4820120311556
Ptbp1,1400.761409628393,1324.750732016727
Mrps5,1401.011568802739,1035.7579641984785
Prmt1,1401.488918751999,1466.921818832259
Cited2,1401.2582911265274,1466.3935170871002
Ptbp1,1401.7959949583233,1457.0310455852027
Csf1,1401.950081073942,1245.5499954653797
Idh2,1402.3408937538957,1288.5132872385914
Eif3f,1403.7797948606951,977.8504873535356
Ptbp1,1404.2669953091397,1386.6884048075412
Hspa9,1404.0864326982228,1307.9571654521624
Hspa9,1404.9273929396936,959.1967057014604
Ptbp1,1404.207263857635,1301.676470539298
Ptbp1,1405.209861162291,1261.8733569582903
Ckap4,1404.6499507827057,1298.248892337897
Ptbp1,1404.5828262909229,1481.7762583292638
Hspa9,1404.9883642199177,1545.7338341298776
Hspa9,1406.561301132451,1528.471645870202
Rad21,1408.002327052275,1362.9128660506308
Ptbp1,1408.273388658048,939.0657942911132
Idh2,1407.2412230136702,1482.5452055022115
Use1,1409.030951352267,1294.9773358973248
Idh2,1409.8874406111036,1384.2670109189803
Ptbp1,1410.1741256198193,960.4536531978374
Ptbp1,1410.0655843959669,950.574067734191
Eif3f,1410.621373681638,1592.907627397267
Ptbp1,1410.7013734138486,1375.0403660621496
Hspa9,1412.1069898388346,1510.1326018568325
Ptbp1,1412.4819511259418,1549.6609185790064
Hspa9,1412.822647097529,1263.2678485579436
Rad21,1412.7129266781649,1102.6717239639504
Rad21,1413.104325928355,1012.3945575881309
Ptbp1,1414.1964145195773,1481.792362602985
Hspa9,1414.2382265155532,1023.3301272295564
Ckap4,1414.7021582076952,1125.0452158848211
Csf1,1415.4088676004303,1195.7412404035535
Hspa9,1417.332908235572,1346.3782875338543
Ckap4,1418.378851712636,968.9291182133898
Csf1,1418.6435653450517,1041.2864783870773
Hspa8,1418.9126316980455,1556.9034760606462
Use1,1419.9529210064377,1554.9571216245056
Use1,1420.3183241476918,1055.2266950416354
Lamp2,1420.2439465948669,1422.466385289785
Idh2,1420.4789229219498,1199.9346107600818
Idh2,1420.9157325031715,1497.2852869479798
Use1,1421.939534343206,1449.407917883793
Eif3f,1422.089622576331,1418.550260668477
Cct5,1421.961338875005,1409.329594152671
Eif3f,1423.2643914715702,928.0918749571696
Hspa9,1424.5996045295476,1053.1994711619268
Hspa9,1424.8224549680274,1349.7236361315952
Csf1,1424.6453737737772,1155.237630371026
Rad21,1425.5263477298522,969.7821111893531
Csf1,1426.0037723791863,979.7544018963684
Idh2,1426.474364002856,1492.988844899986
Ckap4,1426.2158966509974,1001.5154996787654
Cct8,1426.9204300366068,1596.1793915464505
Hspa9,1427.5777794022397,1435.8262617256498
Hspa9,1428.213363792856,1408.7709744774154
Rad21,1428.0929450248018,1274.3693502878762
Hspa9,1430.4762726226222,932.7971342118224
Ckap4,1430.3320198516865,1393.3392735499797
Eif3f,1432.9538123357092,1258.7235692227882
Ckap4,1434.3342678201657,1053.7951560264037
Ptbp1,1435.1599188527273,1304.8223209673838
Eif3f,1434.532787443027,1453.4711806987812
Ptbp1,1435.2742787213535,1451.5407149197024
Mrps5,1436.1918552851553,1276.0379270483318
Hspa9,1437.4470406666358,1459.3311887246082
Hspa9,1438.867236978967,1435.7534292586051
Rad21,1439.0735598438907,1267.974659610324
Rad21,1441.5446055057755,1394.1039316095626
Eif3f,1441.8354717929726,1069.0329742248102
Hspa9,1442.7169833001722,946.6256287170816
Maged1,1445.0710680246816,1442.3693529817526
Ptbp1,1445.5655888927904,1404.3283106955066
Jun,1447.4335255056787,1214.7920756834171
Ptbp1,1446.73278383158,1214.9788083075052
Csf1,1446.9900164406852,1176.5800858546577
Idh2,1446.763106601234,1054.763502597532
Rad21,1447.5767106554824,1333.4403804683725
Mrps5,1447.6283968663606,1279.1492375497628
Skp1a,1447.3489335409452,1061.5071444909595
Ptbp1,1448.398757139333,973.7612325583292
Hspa9,1448.089338393389,1318.545648342718
Ckap4,1449.3603178663925,1337.94058903796
Ptbp1,1449.6127714107402,961.2989884434191
Ptbp1,1450.1143981804653,1362.9463173236309
Eif3f,1450.118045244926,1445.0861532671572
Rad21,1450.0191552590477,944.9328287953294
Csf1,1450.8513204358212,1065.3098938349026
Idh2,1450.7769115935034,1280.3597218624898
Ptbp1,1450.764683992615,1201.5165589055846
Hspa9,1451.5076840919946,1090.462820334434
Idh2,1451.5190869452404,1274.6423985947715
Lamp2,1452.3235421593265,1047.0115798210577
Rad21,1452.140940686637,980.8409948305864
Ckap4,1453.0328485017064,1298.957469647729
Ptbp1,1453.9791633365533,922.8855613547404
Fgf7,1453.8418003219367,1170.6095406157456
Eif3f,1454.215144887204,1393.6683206247951
Ptbp1,1454.892403781443,1304.147898103296
Ckap4,1456.6877633892627,1173.0493877688518
Eif3f,1456.4275470242137,1405.5965384347355
Ptbp1,1458.1241430476584,1044.5328840153309
Tomm40,1460.0918363468345,1277.020317551261
Rbbp7,1459.1131964769302,1276.762180209881
Eif3f,1459.4242111494864,1162.78487609301
Idh2,1460.8223419359745,1394.9941987576449
Rad21,1460.221979933208,1203.182234932853
Csf1,1461.15825364178,1315.981818046962
Ptbp1,1461.3411325864809,1402.6908836456646
Zfp36l2,1462.0809956412174,966.427643864854
Hspa9,1462.8035903343452,933.400926677718
Ptbp1,1464.0296521578462,1272.481442422401
Hspa8,1465.0106087861218,1271.881288136588
Ckap4,1464.5005117195994,1336.6747633544708
Idh2,1464.663120706205,1293.2086053427624
Csf1,1464.979432875065,1047.81216658789
Use1,1465.425444521438,1435.0909731162772
Csf1,1466.175395341903,1356.588152739053
Hspa9,1466.0946076659031,993.100079236998
Rad21,1466.7468369086578,952.5470970744786
Csf1,1466.4155127343795,1287.5105801634647
Csf1,1468.8119429405242,1209.600633614112
Ptbp1,1468.1799357200118,1314.0559437888028
Uba1,1468.1128935934462,1278.643632050735
Ptbp1,1469.1591641556886,1054.7410113193068
Csf1,1469.3234583916797,1307.876092731303
Csf1,1469.965286994135,987.1144121728332
Ckap4,1471.419962895195,1336.1244374443313
Idh2,1472.2138906050484,910.3186138063004
Ckap4,1472.4811358692452,1111.8249103420394
Hspa9,1474.563216310155,1260.7722385254772
Hspa9,1475.2923276626334,951.4897323563872
Idh2,1476.0968345402002,919.3900259264548
Ckap4,1476.023037499063,1332.8551189742795
Ckap4,1480.201169253141,1215.0931972844196
Idh2,1481.0811812620516,1010.5906296782216
Ptbp1,1481.5564564952442,1021.8240578847864
Ptbp1,1483.5698077916986,1298.5999901645318
Ckap4,1484.32554749898,1109.9288989061092
Lamp2,1484.7598985737168,1165.5710625010272
Ptbp1,1485.680351390898,994.2772452698308
Ywhaq,1484.8203636086491,904.1946861337116
Hspa9,1485.1855101130968,904.8692801306864
Eif3f,1487.2239576514828,1307.2637482121193
Ckap4,1487.2503945408878,1012.724206859292
Eif3f,1487.9060541679935,1063.5226738549336
Eif3f,1488.19640506124,1233.9366274187614
Ckap4,1489.4505987241023,1005.0301385959406
Idh2,1490.2885707885316,980.1154676718486
Cct8,1490.4231971851295,940.5421588481528
Ckap4,1492.3328218295228,1276.7368299830496
Ckap4,1493.565886439447,1066.8265393765014
Lamp2,1494.431549656943,1060.1259140866837
Ptbp1,1494.3181634374505,982.9410523460529
Ckap4,1495.0400174554588,1076.1396796307058
Csf1,1496.3959228356473,1260.4783312917048
Ptbp1,1497.8945639332867,942.4072549604724
Ptbp1,1498.4861896347736,963.282505106422
Ckap4,1499.705265693053,1039.8287218797443
Hspa9,1500.3564558355522,916.493277285714
Hspa9,1501.7476360298572,897.3201369317514
Maged1,1503.0716385660185,922.3041040766724
Ckap4,1502.071421407016,1047.7959167944214
Ptbp1,1503.7174353162968,934.0563321349018
Zfp36l2,1504.557682386607,1036.4350403234016
Eif3f,1505.3786438079885,1231.7258675583553
Hspa9,1505.4411971243896,878.3177248294145
Idh2,1505.3625012558346,1275.005212004009
Rps6ka2,1508.9974257520098,935.406430884564
Hspa9,1509.4702784139365,1011.1715231380676
Idh2,1510.76533477569,979.8738728917272
Ckap4,1510.2257978925752,990.062458787202
Rad21,1511.1192104297895,984.0044915414528
Srm,1514.7235770578052,1011.3721178160274
Rad21,1515.910434910022,931.8113328182284
Hspa9,1516.1239877909888,961.2023349093188
Ptbp1,1516.1849365827768,994.477470340776
Rad21,1516.736070064082,883.5817801338675
Mrps5,1517.1446423462833,1083.8272123319111
Hspa9,1517.747236399659,1051.7511910252667
Hspa9,1518.1725297423998,971.1754176085622
Idh2,1518.223341791719,1249.9984967631483
Ybx1,1521.5144312366724,1110.4021111544034
Ptbp1,1522.6015162338508,953.641069202036
Hspa9,1522.4641184404522,1145.9545056992338
Eif3f,1522.4684228128408,1033.7124251282585
Hspa9,1522.9227031690743,1265.675720383097
Hspa9,1523.1428010215884,882.0900670276669
Lamp2,1523.2867582188849,1116.9587962728729
Ckap4,1522.708532853163,1197.2550859451774
Slc25a1,1523.677860725031,876.4061862148244
Rad21,1523.5943000955365,944.7207931628952
Csf1,1524.2490928444483,1183.3342056627596
Rad21,1524.8985357934778,1058.9172402428517
Csf1,1526.2124296049055,1174.1065575255802
Ckap4,1526.9389402187755,1199.4000008921478
Ckap4,1527.1284788155494,1204.7194662108968
Ptbp1,1528.3071591824018,991.2157760713212
Eif3f,1530.6298645557406,972.697392192036
Csnk1a1,1530.8292333702234,946.062500412108
Hspa9,1530.5753711287643,945.6598001936908
Rad21,1530.973915826011,1010.6279506791608
Ckap4,1531.1917805618166,1133.248857999029
Ptbp1,1531.9891125004394,1079.7303871179083
Ptbp1,1533.2018239520316,864.5918232860649
Ptbp1,1533.398604507756,1214.8093802531223
Hspa9,1534.229677891387,980.7278178734954
Hspa9,1534.5029156967275,900.0234102345066
Rad21,1537.1030175285257,1046.6177441848647
Use1,1538.327516227543,1017.5061882074554
Hspa9,1538.319410205661,903.0642603799404
Ptbp1,1539.312513946746,1069.7912818555612
Idh2,1540.2329067256533,1036.9418685847386
Top2a,1539.6871756087126,1195.314234570683
Ptbp1,1540.9512200863192,1087.3587784443307
Idh2,1542.450237118912,992.989653460845
Hspa9,1545.1833719549522,876.2082432805347
Ptbp1,1545.179308046634,995.9599096701952
Rad21,1545.843252732534,1153.3142802351665
Ptbp1,1547.1129946647889,1033.9544770255789
Hspa9,1547.9501074214222,1100.383366931373
Ptbp1,1548.821114421295,881.4162940830048
Ptbp1,1552.0849910918748,938.1957138007248
Ckap4,1553.4716255848562,1135.500012589494
Hspa9,1554.1143969818022,874.4581932567634
Eif3f,1560.1471350150196,978.4714023734776
Ptbp1,1568.84159220586,921.6216244250378
Polr2e,1304.2360799317546,963.3655595064744
Mbd3,1304.7708043670714,1223.4396670189055
Gpi1,1320.718743740012,901.87644852769
Gpi1,1324.1515022598628,991.4832477643888
Sat1,1326.4040391995177,1043.1281103410156
Sat1,1326.6037505643033,1323.8595141850642
Gpi1,1327.9845617278818,1292.5168556628
Gpi1,1328.9585748473323,1036.149059457728
Mbd3,1329.2828799215374,1071.5129752464122
Sat1,1330.493383105132,1031.2661896591956
Gpi1,1332.266073560867,1249.6638609597185
Rcn3,1332.0711663486854,1194.8298758524452
Rcn3,1333.421618173543,1198.813806656977
Gpi1,1335.8974029353376,1341.7313988693404
Sat1,1336.8293271941272,1134.0495736887706
Laptm4a,1337.8755545933898,1201.8851601600434
Rcn3,1339.2885508368215,1238.6355641702146
Laptm4a,1339.3118575288293,1152.0930530908597
Rps15a,1342.6524386476024,1269.440879932533
Rcn3,1344.2703777431204,1241.8109482663708
Mbd3,1346.091000873299,1295.5472525832397
Gpi1,1346.0404567520263,1351.685764015237
Gpi1,1347.2349785986949,1331.9912133511964
Mbd3,1347.4412275566638,923.7284609245188
Laptm4a,1348.0723880806636,1179.5349618997025
Thy1,1348.042812363638,1257.577976970195
Cited2,1348.7991582878751,1257.996516284211
Gpi1,1349.4110721959062,928.9572178873436
Gpi1,1350.6789865261835,967.244299189708
Dpy19l1,1350.435194771854,1243.607957767389
Polr2e,1351.566695543861,1119.1421413039354
Gpi1,1352.4140857490231,1088.9801940268733
Polr2e,1352.8830890439706,1153.4880270036952
Mbd3,1353.258127459092,1352.7443957345083
Laptm4a,1353.5437645598522,1052.0057697174102
Polr2e,1357.628601605324,912.0457571163876
Polr2e,1357.643561336396,1333.4768486310836
Gpi1,1360.848958129372,1120.998711129555
Gpi1,1360.718710560848,972.435158344653
Mbd3,1361.068020731935,1369.7879829830904
Polr2e,1361.4963376350488,1099.0834999545966
Polr2e,1362.360443075184,1004.5184399733096
Mbd3,1364.8203291826758,1416.4697991303324
Dpy19l1,1365.151830028941,931.3159956360626
Gpi1,1368.2687908280022,1011.5265342595771
Mbd3,1369.023232218456,1413.6575399156634
Gpi1,1369.1128744939815,1357.200035892822
Gpi1,1370.5699504748627,1363.497524602108
Gpi1,1372.9285287641806,1409.9609271008055
Gpi1,1372.098197224293,1327.1741449754643
Mbd3,1372.5401203819474,932.3686640211168
Gpi1,1373.127652206605,1459.655135323031
Sat1,1373.3320862566927,1393.2613928893222
Vim,1373.5357090737818,1395.133950226485
Dpy19l1,1373.5397896768795,968.528036819454
Dpy19l1,1374.1977818877856,1202.838240400012
Laptm4a,1375.5293918504965,1188.9223056040316
Gpi1,1376.5558105910427,1438.4042993724
Polr2e,1377.0842293708251,1582.8784642553628
Gpi1,1378.7436965028248,1356.125859603159
Mbd3,1378.292877412528,1369.3974478011692
Gpi1,1379.2378894362375,1492.4570896864616
Ssr2,1378.962004337986,1033.6252811314296
Gpi1,1378.610499733476,1418.2145551384126
Rpl18a,1379.9107332674498,1392.2614985726914
Gpi1,1381.4161559235451,1476.0432304614396
Gpi1,1382.351598040648,1042.6143086458014
Dpy19l1,1381.3631600460512,1207.970490759176
Gpi1,1382.3593590866035,1069.3665744215557
Mbd3,1381.995150612058,1541.8425343874103
Mbd3,1381.372099039374,1593.0552900074142
Mbd3,1384.2591324907487,1244.1862952588897
Gpi1,1384.892287930376,1072.9208810250934
Laptm4a,1384.8916684286155,1207.1776107346695
Mbd3,1387.8993869290937,1509.2265795848411
Mbd3,1388.8681408675188,1493.6657833088382
Gpi1,1389.868590372657,1558.8168648153485
Gpi1,1391.4486705172371,1502.4813835968923
Mbd3,1391.6993757168273,937.8946479478492
Gpi1,1391.2904052127285,1491.7171898440415
Gpi1,1392.4987129617198,972.7770003307842
Gpi1,1392.074062722019,1341.713511171764
Rcn3,1392.4822368248058,1294.3651672837432
Gpi1,1394.7403544421798,931.7503481157944
Rcn3,1395.3893333503836,1164.7117805958706
Gpi1,1397.3493231132288,1549.3749245696831
Ssr2,1398.4062967269954,1000.9097283631788
Dpy19l1,1398.3972020574902,1083.8997276674368
Mbd3,1398.7907541161849,955.8217059796344
Mbd3,1399.7120992805765,969.0368453112987
Gpi1,1400.60551204616,1580.2237694069968
Mbd3,1400.9103965652375,1112.966815780003
Laptm4a,1400.711069702803,1240.9334424618694
Polr2e,1401.9810946836285,1360.0511875495065
Mbd3,1401.6878208090584,1369.464104183493
Thy1,1402.4893476511895,1143.224377398743
Sat1,1403.402811381077,1028.4752349365313
Polr2e,1403.5417511590224,1522.8967814554017
Polr2e,1405.3104707501984,1325.7526669392753
Gpi1,1405.8531362717308,902.5829599947522
Gpi1,1407.931114559017,1250.0186867541856
Dpy19l1,1410.0795256213328,1399.6261874597958
Sat1,1411.1551871335264,1378.2908842878126
Gpi1,1412.6360861247354,1465.3079010434374
Gpi1,1412.7904134408475,1497.9629843094438
Polr2e,1414.330682652486,891.7391086443143
Mbd3,1415.19491625535,1031.5443673824598
Gpi1,1416.2709437025476,1215.3727496810666
Sat1,1417.1865717106643,1391.6621191029255
Mbd3,1416.888179128195,1545.2614206039198
Laptm4a,1419.657372001938,1020.033144206934
Mbd3,1420.3489662239122,1546.2563037096645
Gpi1,1421.0051695167597,1380.198447869128
Polr2e,1423.0793895246736,949.7002483590323
Mbd3,1424.318150267333,932.445908230376
Gpi1,1424.8080195672655,1010.6826603209544
Gsto1,1425.3284683044571,941.5562456466698
Rpl18a,1424.430760997417,941.5931252247424
Sat1,1427.161407200145,1241.0862937720074
Polr2e,1427.2442892538222,1410.091778056115
Gpi1,1427.795102242647,1257.1172204131603
Gpi1,1429.2831690642006,1392.972839898656
Mbd3,1429.7435812847557,1457.9127210742024
Gpi1,1432.1119911056553,926.2716522783234
Polr2e,1432.4808091920177,989.2268250133608
Gpi1,1434.0020364708455,1264.453588507805
Dpy19l1,1433.9028027381612,1119.5462494145868
Gpi1,1434.900694819033,1326.909496358549
Dpy19l1,1434.832548767473,1000.9798779090648
Psma7,1435.8040613004987,981.3920734691204
Csnk2b,1434.4216342833274,980.9241864169516
Polr2e,1435.5905562270098,1287.7953255790037
Gpi1,1436.259898592838,1391.798328260944
Gpi1,1436.323705131019,1237.3022862029948
Gpi1,1436.251600371384,953.434064306188
Sat1,1436.3261210942003,1437.2452866362128
Tmbim6,1439.283683053929,987.757429618343
Laptm4a,1439.4474787884374,1344.3625520761632
Sat1,1441.0421797242918,1396.051402676184
Gpi1,1441.3106826983967,1262.3471269822714
Polr2e,1441.9914206722897,964.352336312012
Gpi1,1442.29881906662,1434.7992436295428
Gpi1,1443.254709140692,1438.5927532164178
Gpi1,1443.668393728489,1341.1240818893923
Gpi1,1443.631200720503,1408.3082625809132
Gpi1,1443.6793151062748,915.1400518572508
Gpi1,1444.34788582371,1431.3668517646804
Gpi1,1443.9967239464306,1449.5997457405244
Sat1,1445.8045415992144,1289.9590471744625
Laptm4a,1445.9722662796994,1051.0035248171798
Gpi1,1446.3370570671088,1304.9557880322373
Mbd3,1446.6883989135356,1175.6001257433034
Gpi1,1447.0419723193097,1415.3756729364966
Mbd3,1447.4118642868248,922.0360079355372
Gpi1,1448.413696837844,1421.6811747116983
Polr2e,1449.0368075202,967.9175858069068
Laptm4a,1451.4679420292637,997.7655512515016
Rcn3,1451.883562288108,1287.2397766477416
Laptm4a,1452.5297846952471,1240.2051832704751
Gpi1,1452.838078138871,1352.6646949902056
Dpy19l1,1452.7739575876135,906.7167663414168
Gpi1,1454.1631472859503,1171.3149172954722
Gpi1,1454.4985277122246,974.6410682471244
Gpi1,1454.9940202872306,1303.7922418346218
Maged1,1457.7762975844582,935.2171600065112
Mbd3,1458.5431186923229,1296.6682802633802
Gpi1,1461.202472346617,1175.7618897830214
Mbd3,1462.357926346408,1182.584924103408
Maged1,1463.3378271288957,1315.9666470049976
Dpy19l1,1462.2298878951565,1315.2693091898952
Gpi1,1463.8849919558854,1290.9412408324667
Mbd3,1465.192697527816,1176.136700138953
Gpi1,1464.9520326711963,1262.5670152038117
Mbd3,1466.2864027259157,987.7223812839212
Rcn3,1467.4013039256097,1193.188788382583
Sat1,1467.587539465935,1020.7932431969002
Gpi1,1467.3791949252895,903.2239053184694
Gpi1,1468.880305843848,1336.0675522785982
Polr2e,1468.4563817393432,1289.1394930908905
Loxl1,1469.5564242840949,985.8665206658792
Laptm4a,1470.2953383958638,1220.002947918607
Polr2e,1474.9131048825782,1180.7931169946737
Laptm4a,1475.7744690461764,1291.1571587940768
Mbd3,1476.010885868914,1006.069630402308
Gpi1,1476.2100805093623,1049.9621852797304
Rcn3,1476.535549593041,1331.9913156595726
Mbd3,1477.3886231173203,943.8980379259754
Gpi1,1478.1674950854776,1320.5442397824986
Polr2e,1477.5871389765616,935.3456320838256
Ssrp1,1480.3390161969028,1230.004720709332
Gpi1,1481.2250015611066,1105.4247478050645
Hnrnpul1,1480.7521029250995,994.474138428857
Gpi1,1482.8052862565223,1296.074617270286
Sat1,1483.976998651799,1293.22151156756
Gpi1,1488.1574109401208,911.4437548200945
Gpi1,1488.8987811530465,970.5012628074556
Gpi1,1489.8854311321948,977.6708101867082
Gpi1,1489.9126369216033,966.417893595974
Laptm4a,1490.4430029943771,1061.7737687690294
Mta1,1492.1667123397924,896.0583047514483
Rcn3,1494.2130218602863,1099.516666388757
Rcn3,1494.2353266822092,1084.2744353231803
Polr2e,1493.958981014331,1295.8573999690727
Gpi1,1494.3542496440866,1009.9530008110394
Sae1,1494.172239730314,1009.7258173899924
Nap1l1,1493.7127056976492,1008.3602369428532
Polr2e,1495.312753754145,1197.9757472895913
Mbd3,1497.812760204086,898.8889211748367
Rcn3,1498.3582486173282,1187.191081152612
Mbd3,1499.2854738370877,1313.7570954982082
Rcn3,1500.898930574563,1036.4231930989783
Vim,1502.0503252410897,920.6560316199848
Laptm4a,1503.767974713397,1100.713584685621
Rcn3,1504.0311411243156,1217.536668992114
Gpi1,1504.7650122518576,887.2946115394049
Gpi1,1505.3062928536287,935.3758719206276
Sat1,1505.2708720595267,1106.2664257602048
Mbd3,1509.8434302636274,974.2426768214336
Gpi1,1510.5540647412352,1013.3373930588956
Rcn3,1511.256357422681,1094.003651826673
Gpi1,1512.697800872931,878.7060466237708
Sat1,1513.7763564776265,1101.7520459812963
Polr2e,1513.942462171397,891.3453708560311
Gpi1,1514.103428124663,1003.7131680950764
Gpi1,1514.2586753878693,1058.3793193480417
Laptm4a,1515.2849492178768,1064.7711936344876
Mbd3,1515.6071799805177,1289.3179816598906
Gpi1,1516.5810982515704,1043.2262465566564
Sat1,1517.8054143338754,1230.8035856637157
Gpi1,1521.8640137529374,916.057914914284
Laptm4a,1522.609115786498,1118.7902470770423
Mbd3,1525.6535567162505,875.7886430750467
Gpi1,1526.7668938857073,1176.839901072443
Gpi1,1526.3827174216367,924.6897250242048
Gpi1,1525.823186145739,894.9354064761189
Gpi1,1526.814853986879,1036.6808074856126
Sat1,1527.092058980009,937.139548437264
Gpi1,1528.2384758957503,1021.2855562929084
Polr2e,1527.0525538070024,1105.479926028744
Rpl18a,1527.4205221586194,987.4486346205404
Mbd3,1529.0767479269111,1047.9971830487063
Timp2,1530.5186335284652,1057.248431773846
Sat1,1529.0338464205558,1057.431290504992
Gpi1,1532.7740904604711,965.9309862387752
Polr2e,1533.6242324853424,1124.5126289987902
Fgf7,1537.2944129821765,1184.751861047349
Polr2e,1535.6810252437554,1184.3657971593225
Gpi1,1535.9525979293603,909.8831484281772
Mbd3,1537.4865216210198,950.2302344789746
Gpi1,1537.8983232038786,1027.677920844912
Gpi1,1537.9533812374996,1186.2971416135338
Sat1,1538.4469710530734,968.8896045190878
Sat1,1538.7854643015132,886.8397905672823
Gpi1,1538.7271776833409,1318.2199089231094
Gpi1,1539.7186586901976,878.2245550590079
Gpi1,1539.7573435050522,1043.1343309325198
Gpi1,1540.5944045343908,1134.993511764478
Mbd3,1542.408399448932,894.8928607942892
Gpi1,1543.3340822112214,884.4041754492837
Gpi1,1544.2504735490584,881.49000766152
Polr2e,1544.7719123430657,992.0029042756267
Gpi1,1548.7828965167744,948.6258810711568
Gpi1,1549.8562634949856,893.7325562832597
Sat1,1555.4889008246028,891.2118661404218
Mbd3,1556.2970533449864,966.5801230824094
Sat1,1560.2938626598009,936.0851119201366
Sat1,1569.8162590325103,914.593726756928
Tcp1,1297.1381001060183,969.5252684012625
Vim,1303.6053151271983,1391.73639597562
Junb,1303.7208966794456,1367.1736066056128
Vat1,1308.913342512683,981.8120713192076
Vat1,1311.2761075504209,1376.8389652614542
Vat1,1315.2692682672375,983.425514481459
Tcp1,1315.2635884234653,903.982531810334
Vat1,1318.5821707547254,1335.155160941291
Rcc2,1317.827186190872,1020.9997884157142
Top2a,1319.0801785215172,984.6233763930207
Vat1,1321.0691667414476,1028.8596293888618
Vat1,1320.3937951552084,1330.1190904890132
Cited2,1322.735705389462,1296.1280777598315
Tcp1,1322.2415968511173,1346.8113693418654
Vim,1324.3679184198406,975.6681699796222
Junb,1325.1473982577245,975.6072800160728
Rpl18a,1324.9646715364795,976.2854963557912
Rcc2,1327.4148600605008,900.5979614650207
Vat1,1328.5780157421773,1304.7541002072178
Hspa8,1329.6702590667296,926.0412587430995
Vat1,1329.7132325628163,930.9516957403146
Rcc2,1329.5987743553492,1160.0529235948436
Tcp1,1330.1856174092509,1313.3462795359474
Vat1,1330.9944571624724,1052.2130416761863
Top2a,1331.9197772596715,1367.20495252584
Tcp1,1333.4738910822384,1029.1885450978984
Rcc2,1333.526250160396,1214.473696865194
Vat1,1333.4895216051818,971.350152300583
Top2a,1333.884373344813,928.6989937690018
Vat1,1335.1410315949822,1312.2740519040442
Vat1,1335.7948989256538,1021.8098920180032
Vat1,1335.9647670193035,1062.3028036534274
Vat1,1337.0720448026775,927.0631678504255
Top2a,1340.7819004591702,965.4985803772768
Vat1,1340.987939865989,1035.6834519355093
Rcc2,1340.8328389413443,1205.7870713818377
Polr2m,1344.377398178102,1109.9497818696968
Vat1,1343.909105484196,1125.7699514869687
Rcc2,1344.5596729230292,981.1328162702614
Vat1,1344.3415341912748,968.7165898490208
Vim,1344.0637165514672,1001.9381169183548
Rcc2,1345.5562505904888,1255.1401166648902
Tcp1,1348.363659652882,1143.4048689813644
Tcp1,1349.1038791554224,1275.8814031003162
Vat1,1348.6602874323703,1171.800479699632
Vat1,1350.0779490175878,1047.9167305392473
Cited2,1349.332037904053,979.6807971046452
Vat1,1350.591260345001,1328.6854107265349
Rcc2,1351.3502615753878,1344.506093907282
Tcp1,1352.092729072186,1367.232453171205
Junb,1352.7638182943251,1331.0704800463466
Zyx,1353.9999033047898,1039.1503159697718
Rcc2,1353.1317157139338,1296.3871780716884
Txn2,1354.2239585570292,985.1446568472948
Rcc2,1353.422356692769,915.0683060298118
Vat1,1354.2208722273142,1143.687929723852
Vat1,1355.8170291988954,1324.53255887702
Vat1,1357.4362359530262,1048.874370395279
Vat1,1357.7288746527947,1345.7469482031474
Cited2,1357.600295474948,922.08688993599
Vat1,1358.0340227916708,1150.39640962332
Vat1,1357.7590432720235,997.542287848104
Rcc2,1359.2655741749738,1386.7016313395293
Top2a,1358.7742147322529,1323.0533447098717
Junb,1359.6174419057943,990.3597630347836
Vat1,1360.6550669879969,927.8375861494196
Rcc2,1360.5492630253702,1348.841444707563
Top2a,1360.617417853013,1295.1175993510135
Vat1,1363.218554388059,970.5055765240904
Tcp1,1363.4590163626976,977.1923055028268
Rcc2,1363.6023824650424,1432.7776116974014
Vat1,1363.829548918784,1119.077207003446
Rcc2,1363.951412213581,1105.484616833167
Rcc2,1363.9245635292932,1424.894463822942
Vat1,1365.1718092673177,1284.0534286551888
Vat1,1365.4358302566663,1174.4738895114265
Top2a,1364.8692121540587,1373.9083152306516
Vat1,1364.8250528529827,950.3192427310804
Vat1,1365.4624627827488,945.0885347072676
Vat1,1365.967059315696,1063.6896844618773
Vat1,1366.5780384392751,938.6058739732532
Top2a,1367.0457224989657,942.1072218732796
Top2a,1368.0286508624934,1414.8985394748006
Mrfap1,1368.309496939205,1586.6480212037757
Vat1,1367.7446815503708,1586.2354974612422
Rcc2,1367.9679450776914,1335.3972280812432
Vat1,1368.3155369762962,1430.3259272450948
Skp1a,1369.5014705564806,1428.9821841408257
Top2a,1368.3716951162653,1219.7324992995746
Vat1,1369.6109982221703,1142.6464033980094
Vat1,1368.941496280562,1353.5525011088691
Vat1,1369.524055428193,1198.8249234465895
Vim,1369.8142632748509,1455.4617185834666
Xdh,1370.237480272477,1454.1948212320085
Ybx1,1370.7728914591326,1455.2175216214714
Vat1,1370.8824885351771,1330.8681034260171
Top2a,1371.3280084325738,954.9682119952814
Tcp1,1371.2675893729595,1505.2576044592074
Top2a,1372.4453103457265,1401.738047028981
Rcc2,1372.8019505833809,1347.6018168712492
Tcp1,1374.196121408709,1527.139529616078
Cited2,1373.9354016829093,1165.9881287498197
Tcp1,1373.9482315083796,1591.5371797259718
Tcp1,1374.62110604666,1012.26376200534
Cited2,1374.889770000413,1467.603666452448
Rcc2,1377.7268343463434,1432.1817234010618
Top2a,1377.2758229854244,1570.763818850336
Vat1,1379.4077502878229,977.0769957007994
Tcp1,1380.1399103792733,1234.520933993826
Tcp1,1379.9084364569774,898.25541224535
Vat1,1382.3266823508038,1020.401220204566
Top2a,1381.625758205023,1391.512313897197
Tcp1,1383.4572467119096,1335.1254043307054
Vat1,1384.417383395141,954.2616753966298
Rcc2,1384.7704034379362,1094.6431131178142
Puf60,1386.6015140103734,1498.8672677988138
Tcp1,1386.725927345555,1551.9736053888514
Tcp1,1389.3763110449777,1291.761647907231
Vat1,1390.162725767561,1201.7329999562348
Tcp1,1390.6333024571886,1004.2871208605792
Vat1,1391.28350130743,1558.7062607683033
Top2a,1391.2105151156472,1414.711976931855
Top2a,1390.9789466803177,1590.7002152341115
Rcc2,1390.9572300832588,992.630980945104
Cited2,1392.0438233385898,1072.979133889342
Vat1,1392.037348117762,980.822434674093
Top2a,1393.1372755941577,1080.9902887084272
Vat1,1393.657919588705,1416.4657549837457
Rcc2,1392.8091138123864,1482.592983892352
Top2a,1394.6567990139613,1407.7682776805848
Vat1,1395.447553596911,1580.2011723188684
Vat1,1395.3126918685152,1478.856840913303
Top2a,1396.6507052136076,1557.3970541174176
Vat1,1397.7720877130137,1516.1368617123285
Tcp1,1397.1114548873727,1383.759004604307
Vat1,1398.6748825660811,1503.1844824104064
Vat1,1398.881116081705,1527.3016474378976
Cited2,1399.7464333953762,926.8396201447644
Rcc2,1401.456610939567,1512.635955941358
Rcc2,1401.1346909580686,1070.9885462028044
Nucb1,1402.7868564626465,1351.182563268076
Cited2,1403.2777408139557,1298.938247768826
Vat1,1403.3198264088996,1602.2527023854914
Tcp1,1403.4978352813473,1264.6238486018956
Tcp1,1403.7612801160085,1235.4965753386548
Vat1,1404.4515313290333,1083.25936928494
Vat1,1403.6938998394664,1573.3574297019516
Rcc2,1404.6557415158688,1501.689706458701
Vat1,1405.0353425791018,1579.304087132555
Tcp1,1405.7130159638025,1517.9499276972283
Cited2,1407.0831775901029,1135.0837463217383
Vat1,1406.9093689589338,962.5323845475094
Rcc2,1407.9070828816757,1426.6790197446846
Tcp1,1408.2160215503764,1400.1808200429628
Rcc2,1407.727419806865,1501.458457802631
Tcp1,1408.6498148684782,946.7726957209804
Vat1,1408.0981202465755,1566.00311978661
Vdac1,1408.6444066218178,966.8831498495906
Rcc2,1409.093537116477,1510.490596228674
Top2a,1409.771235259996,993.12046620102
Junb,1409.8020203318204,1198.9134769138211
Rcc2,1410.041722548946,1347.855792454216
Vat1,1411.7309941991598,1455.035624416627
Rcc2,1413.0578991013356,1386.1047238226415
Vat1,1412.8300036134883,1480.7836194744505
Top2a,1413.1699705435435,968.9967704729618
Tcp1,1413.9517029636788,1239.5380263873053
Cited2,1413.7876489870223,1198.0087201860938
Vat1,1415.2277002651726,1426.0608132347793
Top2a,1416.4034619761385,1407.192021136984
Vat1,1416.1975634390035,1063.9990275888326
Vat1,1419.2653243622417,1382.0394216693362
Vat1,1418.7984261655893,1525.468462172076
Vat1,1420.2368428182945,1243.1679106647423
Vat1,1422.6144240189765,913.3708288397104
Vat1,1424.2306782639216,1464.9085610167333
Vat1,1424.59042266579,945.2507763443256
Vat1,1426.6929510982382,1459.6234683797943
Vat1,1425.974422606407,973.1423690620696
Vat1,1426.5079734915707,1372.6134712182636
Rcc2,1428.871172324398,940.2023520597156
Vat1,1430.647236125907,1181.0587939149368
Vat1,1430.756773025581,910.5865782307646
Vat1,1430.6658026777227,991.6707269037196
Skp1a,1430.696921616477,944.1619806640804
Vat1,1431.6580986295066,1471.906427043394
Top2a,1431.88030168034,1329.6452164991758
Top2a,1432.190395868702,1477.185632441578
Cited2,1432.3349522189203,1245.6676343683334
Vat1,1433.0089691559212,928.2125020973468
Vat1,1435.9465711449784,1430.9129875266767
Cited2,1436.5280385030671,1164.7380085091893
Rcc2,1437.2343955532765,1306.7418696597415
Top2a,1438.617532657163,943.94059647379
Cited2,1439.5918297504577,1175.8811481843272
Vat1,1439.7123000777292,1421.8625797092052
Tcp1,1441.31211353964,1169.9818842000568
Rcc2,1440.979776470247,967.321334512537
Junb,1441.614036912027,1165.558929600265
Vat1,1441.7769506627062,1046.101927693552
Junb,1444.939779214546,1289.842852956286
Tcp1,1444.761483257386,1047.0744810106958
Rcc2,1444.8770107037165,936.2062235022936
Vat1,1445.731973152975,1387.947336231393
Cited2,1445.2993209081444,1179.6105028740496
Top2a,1446.9406011050114,1053.132025004223
G3bp1,1447.190080563526,1425.3712549560112
Sdc4,1448.163240239909,1314.412904644582
Ercc1,1447.8054724985495,1024.2850173598576
Cited2,1448.771258660791,1172.9762599844305
Rcc2,1450.3353931619508,964.2006483309416
Tcp1,1450.2291793321583,1061.1152058535008
Rcc2,1450.8526528274692,1411.8408250827288
Rcc2,1451.3301474527873,1345.565910570547
Top2a,1453.0843044764254,1004.3705537081344
Vat1,1453.4763746866415,1266.602864877939
Vat1,1453.591420430853,1306.0060960657297
Cited2,1453.8262779375175,1190.0347619511926
Zyx,1456.3969499601897,1337.796242702794
Top2a,1455.098568009336,942.6689171830608
Vat1,1455.9279371117152,1421.3642584414338
Rcc2,1455.9117495855885,1412.1361719781414
Top2a,1455.9612691381517,1410.14914637886
Rcc2,1455.746959350468,929.6867291285992
Vat1,1456.160487279704,1048.0592074943306
Vat1,1458.2612181823788,1351.4489529973214
Vat1,1458.5529583301202,938.1883410137702
Vat1,1458.6610970911895,1321.9303211325034
Top2a,1458.2521683583495,1374.3829647443338
Hspa8,1460.2568155022846,935.1102409270004
Rcc2,1461.0973686590885,977.952693796112
Vim,1462.4966667265082,895.1042930080605
Cited2,1462.3670665803158,1385.7730692683622
Mrps18b,1462.2306661359248,927.8091446436844
Vat1,1464.0450563007662,940.8268651596456
Top2a,1463.6123525334071,1154.682022718045
Vat1,1464.3785874182363,1120.1672584517885
Rcc2,1464.8875838122306,1321.2667640386817
Prmt1,1466.4480874165647,1267.929331815431
Junb,1465.2001181809312,993.7534474736824
Top2a,1466.392357478276,1022.3867696801824
Vat1,1467.1554682999893,1165.3161372757806
Rcc2,1467.4531986019406,878.4706503005762
Vat1,1467.7112946822842,974.1983441012284
Top2a,1468.5938195477868,1252.4473930117106
Cited2,1469.0463577721328,1169.4811105716794
Junb,1469.3635738475066,1009.3301751790136
Rcc2,1470.255216077548,922.588012986463
Cited2,1470.8124123113116,1328.315212262613
Vat1,1471.3456500678676,1024.5180799343516
Cited2,1472.004009878782,1266.873812691604
Cited2,1472.305684767401,1204.486731787707
Cited2,1473.0417798098672,1122.7583247823668
Cited2,1473.2941445073438,1193.2816073561662
Top2a,1474.837686833357,1155.352249582918
Cited2,1474.1212608832627,1254.2040940332422
Vat1,1476.553793238978,1171.496086130118
Vat1,1477.2204303705348,970.4702398678618
Cited2,1477.7779373772914,1157.4277825071151
Cited2,1479.6715349740894,1033.38552329737
Vat1,1480.735948998291,1115.678101169
Tcp1,1481.9313125538674,1012.8333402415498
Rcc2,1481.9757905265233,982.150677778644
Rcc2,1482.2914731827932,936.66422963091
Vat1,1483.233936314283,1201.7966840041136
Junb,1483.2111118187158,1153.5176962733967
Cited2,1483.1845967659676,1158.3444723703992
Cebpd,1483.1614432776116,928.000453707643
Sfpq,1481.5880355302866,1247.1905286326073
Rcc2,1482.9468909791958,1246.5425867189003
Top2a,1484.4940549136918,1021.2739968648502
Rcc2,1487.2281357375718,1218.5949919769491
Junb,1490.2893165581731,902.401481867673
Top2a,1490.1172561809776,1302.78966665552
Rcc2,1492.3822865251925,1257.390401493597
Top2a,1493.9521337238923,929.8821235726716
Rcc2,1495.2581386538664,1005.3031147733492
Vim,1497.7871397130996,1041.652404088477
Top2a,1498.8432478285092,957.2707105616468
Rcc2,1499.4794647419428,1299.8591982523862
Rcc2,1500.8530641694028,899.612060629157
Vim,1502.7782736383754,1019.5056119754884
Junb,1502.9109153208967,1015.0057103633122
Myh9,1502.2194230680889,1004.6971504636026
Pdia4,1503.399636414561,1041.6219693621274
Top2a,1504.1608294196228,887.9443310899486
Vat1,1505.0010529907238,987.3554501312116
Vat1,1505.1037828834756,880.4969376588365
Tcp1,1506.1174788962553,1081.6731959772942
Top2a,1506.1320886588042,967.8746779945784
Rcc2,1507.3203784583438,915.716606451709
Msn,1506.560124167763,952.7808405395158
Ybx1,1506.9052533752174,952.6573970744566
Vat1,1506.7144523232,954.266875685278
Vat1,1507.7932754202727,1045.1460646320277
Vat1,1507.4591448297128,1090.8621143241162
Vat1,1507.6024002639492,1300.5311586091566
Top2a,1508.043955144438,869.1551880715401
Top2a,1508.680671119616,929.3251385430387
Vat1,1509.0915256438516,932.1100587381954
Rcc2,1508.8319301763668,933.9122874655752
Rcc2,1511.1234105378658,1138.8021439202168
Cited2,1511.033500837328,973.7038905229006
Rcc2,1513.7955695994592,1147.2953041818926
Vat1,1514.1905612245002,1258.5691010638438
Cited2,1514.9425336524046,1094.8293571776671
Vat1,1515.1105210813505,936.8315663390516
Top2a,1515.825239050625,1238.272934884904
Vat1,1516.416483931927,1016.9369379389816
Vat1,1516.5579595711813,944.2721307155778
Rcc2,1516.9379095292832,1077.0951584767383
Sdc4,1516.6617192119918,1076.1938329454804
Cited2,1517.9051302676855,1214.6092831896558
Vat1,1519.1602325258673,1096.8146602243246
Cited2,1519.6104870655097,1138.1827707982989
Top2a,1521.807211853348,1046.779275560778
Vat1,1521.5653376039486,978.581097218273
Rcc2,1523.0569324744606,929.3348623032308
Cited2,1523.1662756779494,1224.111311203728
Vat1,1524.0833746738313,1136.7713949537306
Rcc2,1524.3855909212043,1299.9079033907306
Junb,1524.5438627415715,1054.8311324970982
Rcc2,1525.114609479069,966.7426321693896
Tcp1,1525.6393286720672,1191.9553738043023
Vat1,1527.6509207132706,877.6790392241203
Efemp2,1530.9540710067836,1051.902643588162
Vat1,1533.5935209983015,976.2757858155048
Vat1,1533.5591829965963,852.7057088717789
Tcp1,1535.254355673533,1159.620353884333
Vat1,1534.7064687309296,1187.1259264301564
Vat1,1534.933254780843,1170.313163243341
Vat1,1535.920311611358,1112.319933050405
Vat1,1536.8406707555027,1319.255451333372
Rcc2,1538.5548439412787,965.8319975821815
Rcc2,1541.2340413190032,1011.170138574208
Vat1,1539.7985233982122,1011.3392221898234
Junb,1540.4216750078044,1069.5875302274142
Rcc2,1540.2277650546498,1162.5375070924804
G3bp1,1540.254206641166,890.0278340351656
Vat1,1541.083997136935,892.2176458237499
Junb,1542.2555406565994,888.1996840501844
Vat1,1542.2582358872098,902.2967478720816
Tcp1,1542.3548253936342,869.1932631027239
Vat1,1543.638879149662,993.5501510244832
Top2a,1544.887490446537,1146.0093205178996
Tcp1,1545.3344085560043,864.7916083357367
Top2a,1545.3304032858246,956.4951160373794
Tcp1,1547.8826829411576,967.3559860025346
Top2a,1549.9265815210056,887.7097166670031
Top2a,1550.4225601051155,984.8364480985762
Top2a,1551.8611147960387,1004.7327852475896
Vat1,1552.7461635062152,944.9618201449468
Tcp1,1553.8246920998254,933.5415647110508
Vat1,1556.8943157203691,952.1983913439816
Cited2,1557.0551164052172,1052.930732106974
Cited2,1560.3682721214243,974.6996676280812
Pafah1b3,1296.7859875375138,1403.8311750709263
Ergic1,1325.3590485449904,1336.687316069862
Efemp2,1328.588333996845,1291.776846156399
Ergic1,1328.5718860667466,1215.0310997545334
Vim,1332.6063381296235,1331.9944318966543
Pafah1b3,1335.8427199071757,930.980560699751
Pgrmc1,1337.796813883506,1003.4154598955328
Ergic1,1340.0942189750986,1317.709755148704
Efemp2,1343.5702543827756,1062.416763889324
Ergic1,1344.5495642343185,1253.8723697457551
Pgrmc1,1347.9913851534268,905.426779414306
Ergic1,1348.1923507432698,1172.704084471649
Efemp2,1350.1289569335456,1356.081414497408
Ergic1,1350.459869687957,1373.977918881929
Pgrmc1,1352.0714025372672,1198.09435389998
Efemp2,1352.9133071446663,1337.7463710558568
Xdh,1355.0569416533783,1265.5081192948908
Ergic1,1358.8050354902814,1202.385093954845
Ergic1,1360.4676374921069,907.0223122972784
Maged1,1363.631345486609,1031.995432698745
Pafah1b3,1365.3244994324257,1324.9892369543431
Tmbim6,1375.1540775092524,1282.6112356339363
Vim,1374.9168887334142,1282.9639870995543
Ergic1,1373.704130034073,1040.1616823540965
Ergic1,1373.739175480613,1234.5185354425853
Ergic1,1374.6582413704416,1029.9390779677278
Ergic1,1375.546890883936,1318.8898343535284
Hdgf,1375.1037683734185,1319.0368175657077
Ergic1,1376.5930904298066,1296.6283243172809
Ergic1,1376.384785796795,1334.7704097084245
Pafah1b3,1377.0283366017793,926.2605900129328
Thy1,1377.7085343852336,1209.956199926197
Pgrmc1,1380.644873748006,1054.707937242204
Ergic1,1381.516417369569,1266.2610819986862
Nucb1,1383.0721629092473,949.9765761801816
Pafah1b3,1384.244159811501,1596.6085228280897
Efemp2,1384.1228865421788,1333.9376821211383
Pafah1b3,1385.1486525000914,1578.02340468135
Hspa8,1383.7313203897036,1576.728104113684
Zyx,1386.5988551915596,1014.0904180089752
Uba1,1386.7663767053514,1014.990215409575
Pafah1b3,1387.8550664702502,1530.407048056953
Ergic1,1388.8941009910384,1058.6847085106756
Ergic1,1389.6901758378117,1308.1610064195277
Ergic1,1389.2014265821729,1335.4660195446022
Efemp2,1389.498761428693,1290.9063487643205
Efemp2,1393.4592369911998,1382.1883050310255
Ergic1,1393.133245548863,1324.0476025898006
Ergic1,1393.7987759805517,1441.4188700615018
Ergic1,1393.8787380776298,1046.0728925066708
Ergic1,1395.9821023153097,1430.1891882185691
Ptgs2,1395.9085922874206,1200.0891405901505
Ergic1,1395.924386582241,1417.6231418890015
Ergic1,1397.838388391969,1327.046866455472
Paics,1397.28014146455,1300.2224246464218
Ergic1,1400.1518005310456,1293.9385271648025
Ptgs2,1401.916514861954,1515.6031628579835
Ergic1,1402.197482468126,1432.8561327681696
Efemp2,1402.7552413268554,1177.6850082690785
Pafah1b3,1404.2931138730405,1583.0837170345171
Gsto1,1407.647666954235,1162.2647023902232
Pgrmc1,1410.8110224182444,1445.1610328097752
Ergic1,1410.7158480798523,1318.923097475673
Ptgs2,1412.738220859885,1180.2205222771847
Ergic1,1416.0840204525734,968.5809882862006
Ptgs2,1416.3688304838236,883.2259532718256
Efemp2,1416.888860074087,1262.6849572692397
Pgrmc1,1418.3979306471751,1443.116182819405
Ergic1,1418.9752580770512,1565.03254130475
Ergic1,1421.5331370674287,1284.389004894601
Efemp2,1422.172137200266,991.8177351350884
Ergic1,1423.7728501713448,1325.6473392407954
Efemp2,1424.3021363439766,1417.7453785919984
Efemp2,1427.0225777677472,903.3816786235564
Efemp2,1427.7455715889705,937.6595654926936
Pafah1b3,1428.9141507947147,1451.6318728648318
Ptgs2,1429.8639739852415,1162.682465085962
Pgrmc1,1438.4235345857503,960.6398855543804
Ergic1,1439.7520490539132,1317.936311299637
Ptgs2,1440.1430715973136,1210.3448448681731
Ptgs2,1443.593254209129,1246.2720102950072
Ptgs2,1445.0176980712963,1025.2762990908989
Efemp2,1446.4726191750735,1009.735595582555
Efemp2,1450.5989786036134,1421.115016547053
Pgrmc1,1451.1553760397005,1084.0290880490663
Ergic1,1452.1855920036394,1366.3018578664596
Ergic1,1456.0776723616864,1081.395664436387
Efemp2,1456.7819043827278,1177.7237934588188
Ergic1,1459.6670055384238,956.4327955413044
Efemp2,1460.0329192186114,1239.8111357466737
Ergic1,1459.689702390207,1077.9292020669268
Efemp2,1462.627480185232,1141.674211052682
Pgrmc1,1464.4413904741182,965.5078816053062
Pafah1b3,1465.2038965272372,909.3579702368796
Pgrmc1,1466.487070506501,1047.341918038021
Efemp2,1467.9177207199318,1346.5347361381614
Pafah1b3,1468.068153041639,905.4033018015124
Zyx,1469.8841640798298,1302.0636652121148
Pgrmc1,1469.48409782901,1357.8259854063058
Efemp2,1477.3987082086574,1092.3475335512314
Efemp2,1478.583425696706,984.4124178336594
Efemp2,1479.62830084515,875.6315861412677
Ergic1,1480.099345913724,1260.7879903632156
Ergic1,1483.8856879113018,1251.8158236600566
Ptgs2,1485.0851277936436,1241.151177535754
Pafah1b3,1485.4567077676245,946.4342285463248
Ergic1,1486.138405140646,1060.35125734241
Ergic1,1486.001972018278,1082.2001036844822
Efemp2,1487.159601454807,1006.9802280649563
Ergic1,1491.657812637868,1002.4126924623351
Xdh,1491.6313428079295,997.951956870445
Ergic1,1494.3239628250085,1126.1400842932708
Ergic1,1495.5085468957848,1064.728956531646
Pafah1b3,1496.9178647677847,1109.5365388784835
Pafah1b3,1500.125033183001,896.4575226944157
Pgrmc1,1499.6307280268331,1173.2101131167176
Ptgs2,1501.346810022092,1124.7332832189072
Efemp2,1508.536551636975,1226.3750907381343
Ergic1,1510.435894898617,897.6160604916151
Pgrmc1,1510.7946258279324,964.1327880811664
Ergic1,1511.0779030380666,1234.2294049170632
Ergic1,1512.665914641183,1037.8458374723364
Vim,1514.443296975115,949.9568963169544
Pgrmc1,1514.3926441866574,1126.7412829660936
Ergic1,1518.4924921154204,1310.3492427933234
Efemp2,1520.1609767527011,931.540804334631
Pgrmc1,1521.8849021376411,1122.6609296924244
Efemp2,1528.9019349936002,1069.439952198013
Ergic1,1528.330121068996,1184.4493872434118
Ergic1,1528.175914654458,1316.903609852273
Pgrmc1,1530.3581958198097,1145.5213933836783
Pafah1b3,1531.0720520750028,860.2555448904336
Ergic1,1531.8839651646167,1044.0653035357925
Ergic1,1546.519909095408,1140.385942861942
Efemp2,1559.6416641859173,963.00223718192
Hspa8,1237.2776447830088,1404.9518131661932
Mrfap1,1251.056573988552,926.928785518524
Hspa8,1291.1140033549086,1414.5884800226927
Ercc1,1292.090450283999,1411.9621935569712
Hspa8,1295.3729217235482,944.1053396356914
Raly,1297.5388428578633,1405.1873186407431
Hspa8,1302.063584736504,1380.1128174581463
Mrfap1,1303.9849108471217,975.178140529551
Hspa8,1306.1843962988069,969.318436310161
Hspa8,1307.516152337976,956.0187028074564
Hspa8,1307.635051474209,1004.8421938372652
Hspa8,1308.7730454181496,1353.5049060691765
Hspa8,1313.5116877849173,975.508890680186
Hspa8,1314.0994203495636,1209.9858171093974
Hspa8,1316.5442093072006,1028.652774037226
Hspa8,1317.260330567036,1355.1991566679462
Hspa8,1316.9578201849,988.715971607041
Arf1,1318.1985221832265,1047.7319423132542
Mrfap1,1319.5333394560782,955.4718667268336
Hspa8,1320.1025776067404,1192.850825004194
Hspa8,1320.9887657515956,975.1665451982558
Hspa8,1321.6867487683269,1031.785525444748
Psmd4,1323.2003942202418,1061.947814536234
Mrfap1,1321.8094131257408,1060.3339102760767
Lamp1,1322.411994640321,1061.1733762935637
Mrfap1,1322.4257501166558,964.6227531485864
Hspa8,1322.643275923265,1204.809487713453
Txn2,1322.76605371226,1044.5786128830318
Hspa8,1323.045048921234,1056.593867758033
Hspa8,1323.8955050594377,981.9764660817732
Hspa8,1324.1995164382215,922.7797775361328
Hspa8,1324.6312703843455,1297.5739994409823
Ercc1,1324.4041184268938,1025.4591838325653
Oaf,1326.0376603482323,1071.0103713542223
Mrfap1,1326.0238071031645,919.6304861039814
Hspa8,1326.2314493355818,1019.1679712070138
Txn2,1326.6291895866498,890.5206985746187
Hspa8,1327.260649894764,963.3275502444812
Hspa8,1327.477908976056,980.5554802793894
Hspa8,1327.7171847215768,1347.3005290271487
Mrfap1,1328.2879342533984,1160.4288720876211
Raly,1329.3315716638854,1011.263085804495
Raly,1329.7974519870786,960.3278039349048
Mrfap1,1331.0284841228004,1325.5896330513565
Mrfap1,1330.6266623965394,1061.5983895792697
Mrfap1,1330.92430699628,977.8121637309904
Hspa8,1331.89513076837,1197.3124322310312
Hspa8,1331.0852936905808,1161.161778998243
Hspa8,1331.4843418592454,1243.8070506018198
Hspa8,1332.2294656911963,1323.2059500186256
Hspa8,1332.2631064530815,968.0528599879448
Oaf,1332.4929059912445,1208.8160770243312
Hspa8,1332.890731467264,1041.9330545308085
Hspa8,1333.1701629616823,1286.8679301047837
Ercc1,1333.2851165943473,1167.5322754838946
Hspa8,1335.4297723254313,982.1000877098668
Hspa8,1335.0840285349846,990.3481901673656
Mrfap1,1334.7667210513011,1192.1836739777204
Raly,1335.2218358670325,1174.7360215367255
Txn2,1336.3316258165055,1013.6773933509836
Hspa8,1336.4135824314385,1319.9902351179476
Psap,1335.5879039795295,1321.1416258811637
Hspa8,1336.7458156314442,1009.9617257207036
Oaf,1337.3457816522905,1295.7374082424676
Hspa8,1338.8313125045024,1216.4644210996455
Hspa8,1339.4458968842123,973.9050411021412
Mrfap1,1339.28322258936,1033.996258742719
Hspa8,1339.3993877560065,1187.7654055995522
Hspa8,1339.5091700095784,929.350199968056
Ercc1,1339.661472018132,1279.604141454594
Raly,1340.3659574004294,1006.534645589285
Hspa8,1340.7493685073937,896.5564308846135
Hspa8,1341.2633909097226,1222.9763498077168
Mrfap1,1341.628836566177,1362.7832443896025
Hspa8,1341.8555177107817,1122.1331018420765
Hspa8,1341.4306930298571,1090.8633128718288
Hspa8,1343.2101954005454,1302.3669296510352
Mrfap1,1343.2233082175271,1323.9987171113962
Hspa8,1343.0743586192714,991.3336922966072
Hspa8,1343.3074162387095,965.1824780995132
Hspa8,1343.521386226562,1106.607728087012
Mrfap1,1343.2817666897065,1270.892030892012
Hspa8,1343.8800354647874,1156.231858828567
Hspa8,1344.352046521116,1024.7465798871197
Hspa8,1344.679921208572,1110.713965057088
Hspa8,1345.3537860472186,1005.3047903304142
Hspa8,1344.8905971307315,942.8861865309798
Txn2,1345.3453809445075,1212.7010492547647
Hspa8,1345.760423407292,846.9602522142819
Hspa8,1346.184346867652,1309.779613774267
Hspa8,1346.3754010654593,960.0318786265764
Hspa8,1347.221689164984,820.1099413216937
Hspa8,1346.7080001010156,1330.518244354637
Hspa8,1347.198546399307,1285.823727476112
Hspa8,1347.994305239943,927.5717442159452
Lmna,1347.1635568217866,1357.1475620051249
Mrfap1,1348.1504443098654,1094.2417607305997
Txn2,1347.9936470848131,1136.3514458268155
Mrpl15,1348.5077894144654,980.775989557232
Trim28,1348.600740476551,1071.196637726222
Hspa8,1349.5585552873974,1336.0906126957527
Hspa8,1349.5503149359222,903.8083264858012
Hspa8,1350.1684809930414,967.5251828657084
Hspa8,1350.3511403066962,1230.8396670419406
Hspa8,1350.8895191148254,984.0399040088498
Hspa8,1352.4376896869012,1001.5900105852832
Mrfap1,1352.78507629259,1047.826232472632
Txn2,1352.9469500270975,960.6079631989744
Mrfap1,1353.847762890464,992.1195033296052
Hspa8,1353.3660337187855,1328.954642304271
Hspa8,1353.786765182188,1266.4856247124776
Mrfap1,1353.9276179141098,1089.8536148245869
Hspa8,1353.6710043484368,1261.459666972603
Hspa8,1354.7041233230946,1350.5290036266356
Hspa8,1354.9637393438652,1198.7659396262538
Raly,1354.8781557101206,1247.4533685514848
Hspa8,1355.791893296345,931.5148315994184
Hspa8,1356.0323275950088,1210.5335384834427
Mrfap1,1356.6324969596235,1397.339769446722
Hspa8,1357.649607213608,953.7187790475068
Hspa8,1357.419868982559,907.6662568418816
Hspa8,1357.479275300061,1405.3920955007316
Mrfap1,1357.4994621829226,1319.7334128056536
Hspa8,1357.9114494463647,1381.0560691188457
Oaf,1358.0342284756848,872.5444589478006
Hspa8,1359.150422986868,1099.793845792038
Hspa8,1359.5868356784708,1394.7542351335946
Hspa8,1360.2332929759636,923.9867599453733
Hspa8,1359.9524620532652,1004.6241458009451
Oaf,1359.702500262371,1281.392709146479
Raly,1360.291428528934,1045.2114345004445
Mrfap1,1360.2763468423473,1324.5978317499785
Oaf,1360.8759420293763,1298.7360173698817
Raly,1360.747318722445,1223.9412519126388
Hspa8,1361.582557498894,1205.8559631483229
Hspa8,1362.5903040955031,1111.105030859097
Hspa8,1362.6133909105888,1379.252464020028
Hspa8,1362.1047862919236,956.4175109545184
Hspa8,1363.002395559685,892.5877884604154
Hspa8,1362.8933507802667,1422.3985587722646
Hspa8,1362.2912771034305,1357.755461955234
Hspa8,1363.724897360555,952.44379493938
Hspa8,1363.2608342999924,944.303019893162
Mrfap1,1363.5964598250457,1383.6899707997652
Hspa8,1363.3338886306117,1245.0614504235514
Hspa8,1363.834768418125,1078.896522874859
Hspa8,1364.62282565135,1188.5089173675742
Hspa8,1364.6725327730503,937.0621909732944
Txn2,1364.6327842194612,1019.4549280054204
Ercc1,1365.7399141263431,1443.2026296852107
Hspa8,1365.2499692374652,1160.4726895797708
Vim,1367.2222398117096,975.3968205825864
Hspa8,1365.6743128905705,1091.8691582109982
Hspa8,1365.638727869577,1033.7196199057794
Hspa8,1366.0349772267386,1386.9251763798272
Mrfap1,1366.499930908557,1154.4789970179406
Hspa8,1366.9707415600135,915.0124519329236
Hspa8,1367.1316580266505,1427.1316548686448
Hspa8,1367.45965944607,1050.244336799407
Hspa8,1367.2133368244336,1366.894462417492
Raly,1367.1146293279269,985.5997516713816
Mrfap1,1368.0500412635506,1298.2213373805023
Hspa8,1369.4143429317282,1443.8879691182651
Mrfap1,1368.0470410875605,1404.0280899148763
Hspa8,1367.6420478910445,965.49586677889
Hspa8,1368.782873025583,1431.275900984784
Hspa8,1369.7206829366512,1420.358543302019
Hspa8,1368.9079198004238,976.8338029345672
Hspa8,1369.2500619455657,1025.0576272332137
Hspa8,1369.8227646311395,1328.3965479584924
Mrfap1,1370.8348549908258,1320.361204418451
Raly,1369.5530318020258,1084.8798228163405
Hspa8,1370.121912957858,957.5477926798044
Hspa8,1370.2935850342942,1080.6325541253264
Hspa8,1370.885123266797,1472.1881949366757
Hspa8,1370.8340332858338,924.0021605888206
Hspa8,1370.4358896886629,1213.4078171036847
Hspa8,1371.6612708620924,1282.1404317137235
Hspa8,1371.8337838770258,1163.0910920484323
Ercc1,1371.9506994907442,1091.6536585163692
Hspa8,1372.7055564768098,950.3013589706889
Mrfap1,1373.492079378927,1103.445948964658
Hspa8,1373.8756760114206,1487.6921483941417
Mrfap1,1374.0886986864834,1546.7573498194934
Mrfap1,1374.5885641903456,1443.48697687086
Hspa8,1374.5604710335522,1344.859586535149
Rbm3,1375.00358954453,1354.6354221890651
Hspa8,1374.8529765591609,1533.598050222117
Hspa8,1375.663686307859,1580.5915952650632
Hspa8,1375.6445055261315,1266.3718697896943
Hspa8,1376.2335984046413,1501.0996487572838
Hspa8,1375.7506804050956,1470.0951986658315
Txn2,1376.4569347825247,1453.0032331544548
Hspa8,1376.3024633890166,1561.8792123828457
Hspa8,1377.0748135154752,1199.97952082971
Hspa8,1377.8637923587228,1577.449037481372
Hspa8,1378.7707457091851,1375.4008060156189
Hspa8,1378.1873398180526,946.8325233173484
Hspa8,1377.9558110646385,1358.2509997249183
Hspa8,1378.729668116965,916.4660131690504
Hspa8,1378.7570214497316,1280.102905500797
Hspa8,1379.1619574331708,1010.659200915395
Ercc1,1379.8330896278137,1399.9910142974768
Raly,1379.6147071480627,936.128526980288
Hspa8,1380.2739587857589,1537.3256497636166
Hspa8,1380.3356738359937,1505.0161239129718
Hspa8,1380.8711722712123,1512.9231182022409
Hspa8,1380.3861040486422,975.0194228194096
Hspa8,1380.7599442781393,1052.0657879831851
Mrfap1,1381.0017013333595,979.8936111037012
Hspa8,1380.9509658479851,1441.167191803691
Hspa8,1380.5742911480113,1056.3435920785755
Hspa8,1381.4862253655165,1006.0967561431196
Raly,1381.8529318905644,1045.340273852177
Txn2,1381.681522023788,1566.97179258633
Hspa8,1382.7443198759938,1427.1525906528998
Hspa8,1383.3216304936864,1339.0883219986888
Raly,1383.0522934759674,1583.104859326224
Mrfap1,1383.8657971191255,1198.7689395036496
Hspa8,1383.4546694158453,982.457595011006
Hspa8,1384.284738845235,1407.9189738200798
Mrfap1,1384.1797134758729,1111.726469248853
Hspa8,1384.1058042925524,1179.9378185396677
Hspa8,1385.2911053001133,1165.298719227288
Hspa8,1385.9414387848456,1541.15329428553
Hspa8,1386.469530947476,1491.1151678365975
Hspa8,1387.3254658339706,1059.353079936964
Hspa8,1387.608959892183,1562.4365335009109
Hspa8,1387.509939657316,1275.8451361546558
Hspa8,1389.0428724630542,1042.4183800566975
Hspa8,1389.99436980614,1477.7985944533616
Txn2,1389.3813874771336,1214.8873925411126
Hspa8,1389.808431667199,1354.2218703175956
Hspa8,1390.2039621244207,1401.1431329528143
Vim,1389.4986338039614,1552.462995691449
Hspa8,1390.2158919879544,1273.3011073019534
Raly,1391.571352783748,896.6537652377998
Uba1,1391.4478488038276,1298.449234150979
Hspa8,1391.8219107392674,1358.8148032368283
Hspa8,1392.5101608485495,885.406339451186
Hspa8,1392.6030835901693,1270.1432323526146
Hspa8,1392.5354228868691,1031.972870583865
Hspa8,1392.8307399860155,1365.305339109139
Txn2,1392.7411292353568,1560.52615863986
Txn2,1393.2932345405454,1497.5370742537975
Hspa8,1393.5706359195826,1580.19300452763
Ercc1,1394.1764354386175,1550.1015066136913
Raly,1394.8208008186837,1506.1163493488689
Hspa8,1394.4889301504022,1602.90910551103
Hspa8,1394.6341350528903,1374.6538919453235
Hspa8,1394.0594308429756,1352.6621584646252
Mrfap1,1394.956941616133,1566.1617810997907
Oaf,1394.5131283249082,1277.0524289023824
Hspa8,1395.903117573121,1051.4241100939123
Vim,1396.6543131343756,1589.8604229333332
Clta,1396.2455598826054,1589.9699351770228
Mrfap1,1396.2082940096711,926.6371636337562
Hspa8,1397.3292105359078,1442.819755247308
Hspa8,1397.410900661839,1458.048244709416
Mrfap1,1397.8929922847096,1372.1530045459172
Raly,1397.928856542697,984.8896044310304
Hspa8,1399.394139251416,1025.844363195871
Hspa8,1398.995921337582,1574.5613094409005
Hspa8,1399.2017703978438,928.393420800012
Hspa8,1398.9909526128529,1342.1272680664608
Hspa8,1399.748881300662,1330.8715867978965
Raly,1399.5551075045328,1270.7903639348574
Mrfap1,1400.9491544202006,943.5628443476708
Mrfap1,1401.1643116777036,1424.063415827609
Hspa8,1400.7531358009066,960.6854264773648
Mrfap1,1401.662400783876,1392.2449981386349
Hspa8,1402.347548953666,1556.6700443449863
Hspa8,1402.7167898115815,896.0570309028848
Ybx1,1403.069342092976,1378.297578388478
Mrpl15,1402.9545852715178,1540.6030742557396
Hspa8,1403.0999159095004,1525.0387593929902
Hspa8,1403.2633976287466,1284.8887743161438
Oaf,1403.532089115292,946.1693454486466
Hspa8,1403.895372026267,1344.2601990649275
Hspa8,1403.4827519983314,1256.4871745931273
Hspa8,1404.148707871655,1583.8933582862874
Hspa8,1403.8709581330245,1037.3200461560982
Hspa8,1404.1515488833234,990.9004251644392
Hspa8,1404.4135764530674,1536.1550513525508
Hspa8,1404.6796744918774,1569.654052564052
Hspa8,1403.662983709297,1315.609749667316
Hspa8,1404.477767992776,916.1193071849552
Hspa8,1404.7516738217073,1076.6999902057703
Raly,1406.210987609579,972.7908456215304
Hspa8,1405.4808842306704,957.8431679032332
Mrfap1,1406.305313686819,919.9836872528572
Hspa8,1406.0349047255995,980.621591975792
Hspa8,1406.5584538004532,1416.0023348127506
Ercc1,1406.6549044664407,1337.3658496632197
Txn2,1406.6809234157558,1444.9904702979152
Hspa8,1407.8219860973345,983.1501942008364
Ercc1,1408.014881355046,938.5345464426872
Mrfap1,1407.1432680736586,1536.7114322387831
Hspa8,1407.6110459524234,1001.7717749400975
Txn2,1407.826323709059,1141.0917715043147
Hspa8,1407.72566967435,1032.016028845887
Hspa8,1408.0038504973058,1028.2497357985635
Hspa8,1407.964821639611,1459.717523427278
Raly,1407.7695329073294,1472.1076056750658
Mrfap1,1408.0269339679237,985.9095160609432
Hspa8,1407.8143686545309,1514.742680579969
Mrfap1,1408.9222469631095,977.4602146335068
Hdgf,1408.9194848679665,1500.9697874612175
Ywhah,1409.0870337986462,1501.4338158549526
Mrpl15,1409.574992952601,1422.700659908318
Hspa8,1409.486238671463,1431.781283292043
Hspa8,1409.8384083616836,904.9638637609452
Hspa8,1410.0774224025447,946.0762724022724
Hspa8,1410.385509936238,1523.0129473715474
Hspa8,1411.1951637300651,1034.960823814402
Hspa8,1410.4935847315685,1350.2221400806102
Hspa8,1410.846632362642,957.1305071645208
Hspa8,1410.859113575214,1401.3605741237614
Hspa8,1411.7395529461814,1253.1526372665155
Raly,1412.3329209029805,1540.1794431707326
Hspa8,1412.7975033214543,1419.9853802141204
Hspa8,1412.7024886331135,1329.7911670774083
Hspa8,1412.7484848375195,972.2411264826746
Hspa8,1412.5935179050575,1019.4282657503368
Hspa8,1415.347013794653,962.8911879328724
Mrfap1,1413.4676343336307,1560.8815373549382
Hspa8,1414.864234087588,950.512656436815
Hspa8,1415.4464604600498,1357.6130940092469
Hspa8,1415.3325207402193,921.6213289015786
Mrfap1,1416.0487007025108,1567.5198270417654
Rnf11,1415.890420322095,1566.9063216276886
Hspa8,1416.0676311170607,936.1293429105305
Raly,1416.3726327953025,1447.1369550859552
Vim,1416.2263518456216,1476.1512829693834
Mrfap1,1416.3288415761908,1383.6426678119394
Hspa8,1417.3170133031265,1350.852779392055
Tbrg1,1417.9014025292731,1420.6020269403728
Oaf,1417.3342413228231,1253.9788479406116
Hspa8,1418.4251241665193,1527.8132607069715
Mrfap1,1418.7514223004696,1167.1216010987432
Hspa8,1420.2350306784354,1455.6072452063468
Hspa8,1420.3585572969791,932.403007518789
Ercc1,1420.5755543428354,1465.0515515019283
Sf3b2,1420.2546758346125,1432.1760025120152
Hspa8,1420.8859581630372,1432.1861766824472
Ercc1,1421.0774581300689,1344.732040444247
Hspa8,1421.2524190953134,993.879328757978
Hspa8,1421.5226163695395,984.5027273950408
Hspa8,1421.9494649099,1535.5807163536326
Ercc1,1422.3292080725118,1268.6495435243096
St13,1422.2673855691037,1268.4787591436536
Hspa8,1422.425144920939,1436.9193225427884
Hspa8,1422.738016254037,925.3315259616554
Hspa8,1423.234853973749,1284.5383862430858
Oaf,1423.6090885656777,946.470984989138
Hspa8,1423.0871409859565,1164.8001509823089
Mrfap1,1423.2927094079855,960.8358036603996
Pdha1,1423.9423332281108,960.5291610103676
Raly,1422.9294054335091,1261.3721350536289
Hspa8,1423.1886291914018,1515.2140532629985
Hspa8,1424.4820779124816,1491.1410664926964
Hspa8,1424.733686740159,1350.8609153550867
Hspa8,1425.4208400673413,918.4421960054508
Hspa8,1425.502023184857,1554.1193686019176
Hspa8,1425.0009535167358,1429.1901035468136
Hspa8,1426.3331308760153,1320.9027340283817
Hspa8,1426.138158288098,1496.4930210339337
Hspa8,1425.905177369376,1504.153705983867
Hspa8,1426.466660466287,975.312579230414
Mrfap1,1427.3367231156317,1459.462792976978
Sae1,1426.832390299341,1459.8559388871574
Ybx1,1426.4826000604858,1459.0480631662906
Oaf,1427.8922911376071,1389.2499059396257
Hspa8,1427.4823745596264,997.9072851747676
Hspa8,1428.11516680518,1505.6852244213385
Hspa8,1429.943400852204,1471.6701441926414
Hspa8,1429.9039320524305,994.4229511326632
Hspa8,1429.874364048284,1318.5817740663028
Hspa8,1431.80048038589,1033.4282259127665
Txn2,1432.285825001517,1506.918647560241
Hspa8,1432.126378773715,1150.2372715295378
Ercc1,1434.0036175575592,1010.4866559053758
Hspa8,1434.008321092925,1188.9260662215595
Hspa8,1434.776618985968,1373.5485541880332
Hspa8,1435.3814164857988,1236.6683115742435
Txn2,1435.2986153722914,1045.459033594474
Sdc4,1435.385186131395,1039.830857380166
Hspa8,1435.129151118212,1270.9291069712738
Hspa8,1435.1638050931867,936.9122085818344
Raly,1435.790255341778,1025.1257011483467
Hspa8,1436.2097741735265,905.2038598563984
Raly,1436.061397879961,1282.9557606286226
Prmt1,1435.393550169667,1282.7057337381138
Vim,1435.0485948760788,1437.0439406910432
Rpl15,1435.8617695522353,1326.827613434618
Hspa8,1436.6892017903724,1312.8545569698583
Hspa8,1437.334697444535,1438.6012782746052
Hspa8,1437.4887723202512,1135.144166978633
Hspa8,1437.3066729966822,1094.4581694313256
Hspa8,1437.962642652309,1299.9095970478866
Raly,1437.7250099162952,1257.758077109234
Rbbp7,1437.6535423495077,1413.6442692122994
G3bp1,1439.8773696019632,1405.8551227697906
Hspa8,1438.8236274513931,1409.7285831346258
Hspa8,1439.2456514221242,1215.906394874144
Hspa8,1439.2592658409562,989.4594828541772
Hspa8,1439.5564339015991,1088.493828127832
Hspa8,1439.5936833981457,1034.89189550326
Hspa8,1439.617017056803,1485.7994518953412
Raly,1439.827080171792,1393.622532036376
Hspa8,1440.0106343386915,1000.529285192308
Mrfap1,1441.1491543439238,1426.897789622372
Hspa8,1441.363532587328,1401.9678592839346
Hspa8,1441.3943284401107,1281.526261832768
Raly,1442.0030125269554,1450.9560507743922
Mrfap1,1442.3237553613008,984.5996988963086
Mrfap1,1442.3197556781513,1275.084914546619
Hspa8,1443.757351184984,1001.3540891123156
Mrfap1,1443.0368551533409,959.5577768357124
Hspa8,1443.1655258415146,1336.3295519826015
Hspa8,1443.4701170132578,955.7595359880224
Tmbim6,1444.15341659463,1302.1686078159871
Hspa8,1444.063508811751,1301.6671484836843
Prmt1,1446.1465934840694,1019.5633653768222
Mrfap1,1444.5603001225245,1026.854441760547
Mrpl28,1445.4467345959663,1025.9489419756972
Mrfap1,1444.8211671249624,913.7605238481254
Hspa8,1444.565989310182,962.9162156068884
Hspa8,1444.74944202517,1047.4491319963283
Hspa8,1445.1325906527677,1352.761468161504
Raly,1445.0167630123492,1370.1678416389327
Mrfap1,1446.076878626684,901.970062923254
Ercc1,1445.7661710149594,1266.647048287056
Mrpl15,1446.8659269715697,1050.3226685171117
Hspa8,1446.7670561445527,1012.402594741726
Mrpl15,1446.7211278432858,990.2358796629672
Hspa8,1447.586445425402,1409.843371204885
Hspa8,1448.572927424581,1346.8200781015455
Hspa8,1448.089575695111,935.30993812985
Hspa8,1448.947980322887,1029.8226658298777
Hspa8,1449.3256199839143,1386.598163927517
Txn2,1449.7994775868249,1329.6615018951416
Hspa8,1449.3407165749886,1360.54044047238
Hspa8,1449.6663943609951,985.2884150815224
Hspa8,1450.8771347072404,944.4541311382968
Hspa8,1451.2165402038854,1054.5114122552357
Hspa8,1451.5444039717063,1006.6127808029524
Raly,1451.491847072811,963.9623655978114
Raly,1451.955852398394,940.4408101169356
Hspa8,1451.919537812642,958.6158266265836
Hspa8,1452.2406621397183,1381.2249732542732
Hspa8,1453.3488568805494,1187.5163034926466
Hspa8,1453.6738367057378,884.0042895152791
Raly,1453.519274973804,1042.9082864022305
Vim,1454.830761853025,1047.893515392922
Hspa8,1455.653538784126,937.7960417168084
Mrfap1,1456.614004953527,1419.4681400448062
Ercc1,1457.0358401927924,1025.6802026267655
Lamp1,1456.9373728944222,991.7382627749416
Mrfap1,1457.2749037978388,899.6367967758495
Hspa8,1456.76340520002,1351.2654159421388
Hspa8,1457.348918370771,969.8410877937888
Hspa8,1459.195539364448,1255.597103339965
Hspa8,1459.007648698194,1417.611879120999
Hspa8,1460.2102295293953,989.0153991190788
Mrfap1,1460.1698456265367,1431.4268414448816
Eif4g2,1461.185916066463,893.0448756678475
Hspa8,1460.2906889993726,1394.983224592178
Hspa8,1460.3861221512725,926.801139921114
Hspa8,1460.9392172487237,1287.195670208432
Hspa8,1461.0741917907671,972.3714420793953
Hspa8,1460.811970642179,911.7273487444317
Hspa8,1461.228499709683,921.2025874371834
Hspa8,1461.445983599423,1046.9876186009894
Hspa8,1462.1849144192392,1323.1026803050463
Mrfap1,1463.327336825538,1364.3118493631496
Hspa8,1462.6570918680663,943.9899048173052
Hspa8,1463.0230349430767,1103.0447249629751
Raly,1463.276219020824,1282.8043849643495
Trim28,1462.2862156187734,1358.9014953784174
Hspa8,1464.6906797859042,1362.4707393645508
Hspa8,1464.039785686463,1014.4958725873828
Hspa8,1466.6330392366103,1293.709551147665
Hspa8,1464.4178418679985,1262.0474618020548
Rpl15,1465.390774844914,1262.4424717404167
Psap,1463.452750814954,1262.2307179972672
Hspa8,1464.9249935268103,1387.7351779981964
Mrfap1,1465.1247805045173,1099.254299049776
Mrfap1,1465.6202654411366,1367.1318105918222
Ercc1,1465.5373487710503,961.5698065736308
Hspa8,1465.506967891179,957.0016269002882
Oaf,1465.8687644062877,984.2501865157616
Hspa8,1465.4660654716422,921.4797183155358
Raly,1466.5243234702336,1175.8654116034852
Hspa8,1467.1299253003397,1312.2923211000816
Mrfap1,1467.717385655938,1122.003516439739
Hspa8,1467.6110300640655,1347.1507176167424
Hspa8,1467.8415415539864,993.488528982019
Hspa8,1468.9737694251949,902.8059480612196
Hspa8,1470.1134491420016,876.0211038500954
Hspa8,1470.4425874487392,940.4392526801424
Hspa8,1470.4487642691577,1316.7843771321964
Raly,1471.598986159754,961.4093478248744
Txn2,1471.9390374326476,1071.7012427617497
Hspa8,1473.4271574822546,1270.5535540793032
Hspa8,1474.7961494654437,923.5822852864804
Raly,1475.4211384549458,1112.1863696651944
Hspa8,1475.726823842176,1305.5964490309302
Hspa8,1476.8828310840408,912.0864655249364
Hspa8,1477.3707141683904,1280.601178940245
Hspa8,1478.4270735026903,968.170939915372
Mrfap1,1479.2502134452488,1307.3542691710618
Hspa8,1479.953761800034,1269.774292387417
Raly,1479.6995671807397,932.0045620465024
Hspa8,1479.938966000716,927.4504933887138
Hspa8,1480.6363860844365,1285.4237938941028
Mrfap1,1481.4855391376186,939.6490121576358
Mrfap1,1481.6726371105765,1281.1451890000797
Mrfap1,1482.758607400715,1244.7244183699845
Hspa8,1482.913126775407,1225.0998733649924
Hspa8,1483.257952206202,1038.2204610723263
Hspa8,1483.2805142872796,1313.7980733213014
Hspa8,1483.8765652434552,1088.4385362176145
Hspa8,1483.413882304882,1264.561572755022
Hspa8,1484.148455663989,1109.530385937334
Hspa8,1484.0916747234696,898.3146482889001
Mrfap1,1484.1790411750403,1203.237499546941
Hspa8,1484.6429261575693,885.0376481948724
Mrfap1,1484.8958164985463,1081.2412456066795
Hspa8,1485.0451693364046,1024.0596905539796
Hspa8,1485.0962290125674,1305.2489000707565
Hspa8,1485.606368130619,927.3039610650292
Mrfap1,1485.6827274263726,972.7141920415048
Mrfap1,1485.7834617550031,1010.3600713364796
Hspa8,1485.8309194521366,922.1696915118029
Raly,1486.4967541591236,1192.6947760344676
Txn2,1486.7792296656944,968.1869033248925
Mrfap1,1487.9595348716014,992.8177619079823
Mrfap1,1488.0704213872086,1003.1323792146818
Mrfap1,1488.9433708271913,945.8330731641796
Ywhah,1489.7322467114998,946.3520739785844
Mrfap1,1488.9245491894042,874.2479793683415
Hspa8,1489.3610771386277,1125.673177520797
Mrfap1,1489.290213159955,1300.277515527086
Mrfap1,1489.929819404813,1258.5803784999307
Hspa8,1490.3332957181576,949.8455174323376
Hspa8,1490.7444901837414,1063.4491170814615
Mrfap1,1490.9168539058064,925.6833786471174
Hspa8,1492.463155589491,1004.9533971985466
Raly,1492.430330635877,1273.5078469715688
Oaf,1492.6841482652983,1290.040496597832
Mrfap1,1492.853310365588,896.7893074094127
Raly,1493.8258798740144,1076.141409146143
Hspa8,1494.395082798951,1211.3704566367967
Hspa8,1493.8204901600163,950.0720567899352
Oaf,1494.0714158456049,1030.6479824559938
Hspa8,1493.3503644712491,977.1388299089454
Hspa8,1494.0757790085008,1042.7985078760005
Hspa8,1494.8179949134492,939.0144031255973
Mrfap1,1496.375016800927,1272.8991469273933
Hspa8,1496.3797301231546,921.9001540679026
Hspa8,1496.8536848790352,1186.569364012184
Hspa8,1496.7417146307391,984.3454750167498
Hspa8,1496.479933475759,1061.864652437636
Hspa8,1497.1133884056508,971.0863494170682
Hspa8,1497.189120558417,1091.6156017550002
Raly,1498.8206871189277,899.0270253434254
Mrfap1,1498.4735266574503,947.1046689955756
Vim,1499.581872198526,976.136149460994
Mrfap1,1499.2561860082767,883.3689281930433
Vim,1499.486924428427,913.0345041059136
Oaf,1501.3213776783566,1261.1643276218756
Mrfap1,1501.5787190452234,876.1280808325009
Hspa8,1502.0696107981184,960.9114613680154
Raly,1501.962902326616,980.1987672670964
Raly,1503.653893389699,939.8151513986472
Hspa8,1504.02137581086,953.1793468807192
Mrfap1,1505.2547261297063,1004.7567837717236
Hspa8,1505.3339465347049,1310.8695296589044
Mrfap1,1505.4161024549203,1304.723186039262
Hspa8,1505.674249953765,1303.6340607491388
Hspa8,1505.6617202761245,1101.1318609917676
Hspa8,1505.3342432155084,1259.7472005245097
Hspa8,1506.1665724689096,1175.624182700439
Hspa8,1506.74930273855,1129.0225211179036
Hspa8,1507.3022729792551,980.2491094516408
Hspa8,1508.2047830513134,911.6782053971702
Hspa8,1507.8959153268213,996.5059796392084
Hspa8,1509.3317567240583,948.4963578944572
Mrfap1,1509.9321463947288,944.5460076712548
Hspa8,1510.1240627305697,1034.8229772766629
Hspa8,1510.303423706618,1297.0939701213042
Hspa8,1511.2008750172297,1136.7914506515308
Vim,1511.278112189584,904.7487810876626
Mrfap1,1510.904131964197,905.4862814061818
Hspa8,1510.972769235554,1112.4694627781448
Hspa8,1511.1891193737736,1242.6799343539858
Raly,1511.5404674331987,983.861309154634
Hspa8,1511.9206602874604,886.694939242239
Hspa8,1512.0410792179414,1254.5751585838402
Hspa8,1512.6119846801064,958.0373232347616
Hspa8,1513.0397956920126,925.5219053678192
Hspa8,1512.7912533706535,1154.0839593856583
Hspa8,1513.2969225708423,910.7509103524524
Hspa8,1513.4394625129837,1018.444562081429
Hspa8,1514.9585442201146,999.9552961042776
Hspa8,1515.1544541349135,1135.5950515130885
Eif4g2,1514.6413587825778,1291.9796675987131
Oaf,1516.192916318978,1090.6191508551842
Txn2,1516.467953272048,1096.8140578748655
Hspa8,1517.128369878669,928.361860371896
Mrfap1,1517.7672730170452,1312.599404186357
Hspa8,1517.2911811418585,936.7310570548522
Hspa8,1517.7126415355306,993.863588574624
Hspa8,1518.557338403935,882.0063919615163
Hspa8,1519.4420261566352,950.888640745426
Mrfap1,1520.3569678424576,1036.4183802035188
Hspa8,1520.8022592320642,925.176805603804
Txn2,1520.729292469224,1319.3266968563346
Hspa8,1520.762336590828,1198.4736522140065
Vim,1521.5961578886008,1132.9755303717998
Hspa8,1520.816150041516,1277.209829315349
Hspa8,1521.8448497064323,971.7808436621556
Hspa8,1522.754305406671,1042.5913551569126
Hspa8,1523.073394821548,1014.461045754464
Ercc1,1522.491752586278,956.481491385117
Hspa8,1522.151950503087,932.915829653574
Txn2,1524.2340058913946,1060.7346486467522
Hspa8,1524.532704449559,989.7446486764038
Hspa8,1524.6876767907147,903.3299353146568
Hspa8,1525.2934126706198,964.3495588917392
Raly,1526.2375132324312,1314.2895765385158
Hspa8,1526.3192930613252,949.7585986151656
Hspa8,1526.2143824283366,866.3474235200559
Hspa8,1527.0946049871104,928.0449420996392
Hspa8,1527.4459970303876,1069.8515229486006
Hspa8,1527.4873268196675,883.0331684431918
Hspa8,1528.021486488254,1080.4644360538118
Hspa8,1528.6359963239815,1036.4453754228025
Hspa8,1529.202245437098,1135.0876324090054
Hspa8,1528.960653324655,1190.876539465198
Mrfap1,1529.0550430508997,1172.4650165755309
Hspa8,1528.9839584860265,1318.0103731891488
Hspa8,1529.6052229936697,863.6212875223395
Hspa8,1529.834230853897,1003.6904683019744
Hspa8,1529.8302430780063,1196.495121954005
G3bp1,1528.85773928462,1030.1824307639113
Nfe2l1,1529.4948874464285,1031.1414649411954
Hspa8,1529.9225018491932,1020.3452631431312
Hspa8,1530.7054177281802,970.8390914651774
Mrfap1,1530.439266441894,1284.3892555506886
Mrfap1,1530.7756306830263,858.2922936360741
Mrfap1,1531.5718892698658,898.1449693724347
Hspa8,1531.011059788014,1314.4441226644035
Mrpl15,1532.194474657564,1123.7371273858491
Hspa8,1531.854192757605,919.2234776978536
Hspa8,1532.166787874461,963.2024705914788
Hspa8,1533.3034115592347,942.9984231679256
Hspa8,1533.8415963720015,1134.9429011965008
Vim,1533.9171258594547,1022.5165336717372
Eif4g2,1534.005461460191,1022.3623202745576
Fus,1531.6606150068433,863.9415578498192
Mrfap1,1533.6653351981347,864.9660432443923
Hspa8,1534.9362963304045,983.7602913706336
Mrfap1,1534.6846742582743,1098.268544814697
Hspa8,1535.7451661118337,1063.3585988661334
Hspa8,1535.882486503686,891.6671190524637
Hspa8,1535.4470447428862,1082.8010157770204
Hspa8,1536.185594544752,1143.80836221548
Hspa8,1536.5046876807764,847.3702267194806
Mrfap1,1536.7187513286462,1010.2109219470389
Mrfap1,1536.9046537770191,1127.2385875302718
Hspa8,1537.8335926820075,974.110833789178
Mrfap1,1537.7078187293755,1056.9797266703715
Hspa8,1537.8358411471677,999.8794165476476
Ercc1,1538.5604884012407,879.4439465598622
Raly,1538.5625031977077,849.4711055153372
Hspa8,1539.336929212761,1182.7920818550915
Mrfap1,1539.2949761333878,1003.590508638471
Mrpl15,1539.5366531283903,959.0455391880442
Hspa8,1539.902184019164,915.1457201007
Vim,1541.9119438528664,1149.085674129387
Hspa8,1541.357358508945,1125.3034759905397
Hspa8,1542.0477168198925,989.8006932627312
Hspa8,1541.5624451794567,1013.0654585210356
Hspa8,1543.4182877204685,1028.5250590243313
Prmt1,1542.2902724641926,1090.8898828335073
Hspa8,1542.5216252440189,993.3211446819636
Hspa8,1543.0880125863591,1037.1060493234784
Txn2,1543.0424748152088,987.897710458557
Hspa8,1543.4125660054349,1098.024463029819
Hspa8,1542.9380184455558,1175.4704527832776
Hspa8,1543.2723071038015,939.3248160779682
Hspa8,1544.204506636626,866.3133650766399
Raly,1544.402701816921,879.8667235393266
Hspa8,1544.6278184631492,965.0799463489597
Raly,1546.3380232862803,876.0381980333527
Mrfap1,1546.308176558056,1040.9536906826986
Hspa8,1546.1201311582165,953.2076619376644
Raly,1546.985295676475,1033.123961141191
Hspa8,1547.2463904065162,863.7211998907162
Hspa8,1548.2008783707197,1125.4641202067455
Hspa8,1549.059560887062,868.0596992940777
Mrfap1,1549.6438865985806,1120.294203269698
Hspa8,1550.8645069817378,962.3359971715582
Hspa8,1555.83173229362,880.8506712645378
Mdh2,1556.4030784402069,880.8076406236851
Vim,1556.4724977279625,966.5415626654278
Mrfap1,1558.334027891808,966.9158569710884
Raly,1558.226147074844,981.4361770617684
Hspa8,1560.083679693535,924.4367603258996
Hspa8,1561.8137568571808,966.4168261176338
Hspa8,1570.4886613910658,916.3249593560892
Cebpd,1282.7067138087546,969.937028227944
Idh3g,1296.0635935478222,956.9064259903698
Zyx,1303.8559796265477,984.4672368005148
Zyx,1304.238042926409,981.1766519086092
Zyx,1308.174654787561,990.474693792284
Zyx,1308.878495425281,1014.4078051463204
Lmna,1311.3964966862095,981.2758818809
Lmna,1315.0481705437398,1015.909770052009
Rars,1318.114114285877,1198.9145256769186
Idh3g,1321.4846498198765,1353.4877977033043
Zyx,1322.9687231731111,1000.249971701898
Lmna,1325.00077628667,985.9878152947967
Zyx,1324.4786476319643,1352.533705347113
Rars,1325.852785793861,990.6238713530691
Lmna,1326.3097415464763,1044.8567218402868
Zyx,1328.2351685828066,1344.9005195782054
Zyx,1329.4699573532685,1276.353247530038
Cebpd,1332.4137468872736,1355.79948219658
Zyx,1332.676292382069,1037.64303412317
Rars,1332.54565620398,992.3212013805526
Zyx,1334.1010561487708,1054.8073787721178
Jun,1335.4131708030925,1041.7586121324932
Rars,1337.5491881098656,1308.826943908946
Lmna,1337.3983811986432,937.0977843327424
Zyx,1342.79080812069,959.5074602624246
Zyx,1343.3643112823397,1059.7854558380727
Zyx,1344.4444257734615,1097.6924122364612
Lmna,1344.7801785189708,940.4707323691672
Zyx,1344.9295025277322,1138.0009709456858
Lmna,1345.4545642131873,1274.5713944967144
Lmna,1346.1981521191854,990.6672239499572
Lmna,1347.3177657919653,1076.9714184984794
Zyx,1347.6039995374165,944.820333994905
Jun,1348.3717269258725,1244.5725932954429
Zyx,1348.32523842068,895.2882192193072
Zyx,1348.7933723341628,900.6705907817244
Lmna,1349.5053044729166,954.8418026213468
Zyx,1349.9513264619964,1211.2390161193816
Zyx,1351.6664534576028,904.3946336381056
Zyx,1351.4293583822791,1043.7861655213512
Lmna,1351.7562721182508,1342.9950353048198
Zyx,1351.864479842484,934.6579927801654
Rars,1352.375909800297,1091.452108394117
Lmna,1354.1013261035032,938.291593877846
Zyx,1357.167316582837,1247.2402606660107
Lmna,1357.3733931451793,1146.9990247552078
Lmna,1357.7224089764989,1340.2563908432342
Hdgf,1358.3340224678464,1407.8334012354328
Zyx,1357.9813076529697,1406.7421295013703
Lmna,1359.1426741860605,1012.3979235181272
Zyx,1358.945790239298,1329.105420837485
Cebpd,1359.880190963163,1275.6900328509887
Cebpd,1360.51242946857,1082.8866191449367
Lmna,1362.192264157591,1159.9128765409464
Rars,1362.4149251652086,1006.5683332772038
G3bp1,1363.086840469282,972.6694627729572
Zyx,1363.015561004996,991.7494877832604
Lmna,1362.642840464916,984.2154448637224
Zyx,1363.7043553063572,1252.7723397143686
Lmna,1364.10896638752,1332.410775235985
Rars,1364.8262588348994,1046.0580887923363
Zyx,1364.750143636252,876.6889120006938
Zyx,1366.2485651812704,960.3570676414035
Jun,1366.317418491911,1339.7306076470468
Zyx,1368.1924122313983,934.3269318147472
Cebpd,1369.166871630812,1564.279454800771
Lmna,1369.650327439854,1082.9293261588623
Zyx,1369.902331798652,1366.9434144523868
Zyx,1370.7754291876145,1406.274090325903
Lmna,1370.804218086173,1442.2737687732103
Jun,1371.783990122197,1210.3144289205704
Zyx,1372.0245577823766,935.303628186088
Lmna,1372.2349175365832,1052.721255530117
Zyx,1372.9603786837763,1271.4225644995988
Zyx,1373.2527273585151,1059.829542740223
Zyx,1374.821248410508,1423.646046574953
Rars,1375.419798292102,929.5061770091116
Lmna,1375.698929929113,1249.6112472121113
Lmna,1375.894967634457,1436.1950320283977
Lmna,1376.4801772715175,969.4143533923426
Zyx,1376.4226749162192,974.3713401901398
Zyx,1376.9033643727696,1451.6764786106517
Zyx,1377.3670852160635,1231.8601801674038
Lmna,1377.9468298044303,1377.1203849758149
Zyx,1379.0160187225174,1192.786188076583
Lmna,1379.2911360299302,1348.9423686442897
Zyx,1379.8815789401085,1030.586104629324
Uqcrc1,1379.505517994409,1032.7262893414495
Zyx,1380.0093897677891,1310.682231313182
Zyx,1380.5178448395682,1403.1876912875657
Jun,1380.3722589615902,912.9691598748516
Cebpd,1380.224868635998,1338.8334478205584
Zyx,1380.7852171492118,1247.3773939823495
Lmna,1381.933820120251,1572.743747255408
Rars,1382.1608530181734,1062.3928272248393
Zyx,1383.277021225665,1497.537657491548
Lmna,1383.650184422843,1424.9586559282866
Lmna,1384.0265193291552,977.7347984915856
Lmna,1384.4849232287552,1550.781236704298
Lmna,1385.3877472388165,1460.111697988089
Cebpd,1385.8918849361426,904.5356664835764
Rars,1385.3213503746103,1439.5267061318125
Rars,1386.1600601670862,965.02741828552
Zyx,1386.1545316942843,1371.0412392611877
Lmna,1386.7924709070824,1567.4877687934722
Lmna,1387.16658000829,1394.2042226406763
Csnk2b,1388.6635661066064,976.418388909837
Cebpd,1388.1107454018925,1374.2836653416653
Zyx,1387.9354209742426,1026.7622294199905
Lmna,1389.047030590519,1339.3133572589018
Lmna,1388.601734362956,1389.1671294165144
Lmna,1389.6984810026934,1579.8608156753326
Zyx,1389.5204425234338,1281.123840191354
Rars,1390.1141727595484,1244.1859809272048
Zyx,1389.9829055331552,1320.4927978592812
Lmna,1389.7355694909838,1397.489524641611
Idh3g,1390.3775431105148,1469.7323983047054
Lmna,1390.7557475994108,1063.1715254591113
Jun,1391.8120662544402,1272.6572693077323
Idh3g,1392.3629272189426,1553.409495780941
Idh3g,1393.1858562059397,1341.520927646024
Zyx,1394.1755806695437,1531.0924501139548
Cebpd,1394.0983301829572,964.5636629473048
Zyx,1393.7098862536534,1361.2405631880583
Zyx,1394.6584335158304,978.2554841883384
Cebpd,1395.2749556140427,1491.417467333658
Gsto1,1396.1018876123885,1491.8813949586624
Lmna,1395.660081652759,981.5597640922052
Rars,1396.6299407277857,941.5344461533276
Lmna,1398.6532517849546,1350.6245841686443
Cebpd,1398.676883022873,1388.1665099878664
Zyx,1398.5874341510012,1025.6450441285983
Lmna,1399.042288161794,1451.4365016383365
Zyx,1399.897417252034,1518.929721277429
Zyx,1400.7061261607205,959.3479512345056
Zyx,1400.6210772215622,907.9150233331312
Lmna,1400.9149933750027,962.47992922617
Zyx,1401.4554215691994,1021.5738447938996
Zyx,1402.5073584846236,1345.823023227386
Lmna,1402.6785990793371,1340.862125055655
Cebpd,1402.6998679168491,953.7055128220323
Fgf7,1404.1641246627405,998.3486211935076
Zyx,1403.221506150879,925.1078496293484
Zyx,1403.5533475655352,1387.4771511260674
Psmd4,1403.9713361853733,1512.599824308943
Zyx,1404.5820209417382,930.9067319631056
Zyx,1405.0965713131154,1047.737927968958
Zyx,1406.6190589787298,1531.949978906248
Lmna,1406.3768404027746,950.3468894567078
Zyx,1406.5623285916818,1489.763329549744
Zyx,1408.0015221048177,1072.5031537265618
Idh3g,1407.9635353826156,1449.0902078042495
Jun,1408.7349012661848,1285.6184986855028
Zyx,1409.5635571911607,1599.9034642628212
Zyx,1410.5247095326588,1530.632887597076
Zyx,1410.9733994633566,1367.1558404783264
Lmna,1410.8628576274652,1470.917287155124
Lmna,1411.3023373336353,1408.8557818810286
Lmna,1412.001323952711,916.6612175732672
Zyx,1412.4658220222418,1509.7355690553975
Lmna,1412.9517348696356,1027.3742237064057
Zyx,1412.739314504027,935.7029917340932
Lmna,1414.091133361212,986.036050868526
Lmna,1415.436634404772,1406.027362732615
Zyx,1415.9774370667378,1034.341596829513
Lmna,1415.793080185441,1293.4545315304708
Zyx,1415.934015732544,1159.1764879572047
Lmna,1416.6733606945525,1468.3329177863293
Zyx,1416.054712722339,1562.0174888931865
Rars,1415.7856225614046,1539.457831922317
Jun,1416.7356134863653,1183.7102586365402
Zyx,1417.21457263534,978.7809553296564
Zyx,1417.347428742098,1487.0768798374947
Zyx,1417.3260635472357,1323.9603006957827
Rars,1417.8144616956822,902.5502487122994
Zyx,1417.7243408209838,1266.6041655848037
Zyx,1418.0533013333113,1481.6001707081364
Zyx,1418.415834579209,1470.8513684803752
Lmna,1418.8797658293583,1017.7124336187406
Myh9,1418.6528371723275,1520.3517478560357
Lmna,1419.0081005970694,1517.8032398027428
Jun,1418.952288749091,1197.6329284368169
Lmna,1419.1306861631165,1506.2404855326329
Zyx,1419.5993438541514,1444.4512194913
Idh3g,1419.213145426349,944.7851696616922
Zyx,1418.9617548030924,1379.498584122657
Jun,1420.350305879076,1414.6928037910088
Jun,1420.6856727659112,1274.8374216640348
Lmna,1421.1025428049788,993.6975272539646
Lmna,1421.2921837561375,1380.909030858198
Lmna,1422.1862001399586,1306.9811332001293
Zyx,1422.3431571769972,1454.7642842678683
Jun,1423.192501626991,1563.4744622781473
Jun,1423.4450842195838,1489.6443920607842
Zyx,1423.410616545798,1485.9521407405498
Zyx,1424.2878546917714,1294.044707161459
Zyx,1423.898781019714,1042.4906164720824
Rars,1424.140942951809,964.3666866600508
Lmna,1424.54189397777,918.4571949087426
Zyx,1425.2897113976292,1459.247800078217
Lmna,1426.397411984011,1505.8559777273365
Jun,1426.6274575198431,1288.2105766564546
Jun,1426.5172781758824,1234.5833252998232
Lmna,1426.602466312473,1263.8205764969478
Jun,1427.5039471526618,1052.422360798206
Zyx,1427.8333847087474,1403.1996874154215
Idh3g,1427.8438691642414,1413.066909660521
Zyx,1428.5298322662245,1248.1875157382026
Sf3b2,1429.4902531351552,1469.5525764193503
Rars,1428.7109178654684,1467.8540450340824
Zyx,1434.1139341651906,1442.037554616429
Jun,1435.395010010634,1261.2883371914018
Lmna,1436.0468632399966,936.9214794537525
Rars,1435.4386404546444,1206.566807800773
Lmna,1436.0841406626168,1221.16094373409
Lmna,1437.1289853155954,1349.5847645753604
Zyx,1436.9322518597312,1030.1929088522193
Cebpd,1438.8489935604116,1133.134816085448
Cebpd,1438.669008913324,1362.4432326243996
Lmna,1440.4202614398446,977.1521844548269
Zyx,1441.1543406406176,943.7328388395932
Jun,1441.6652467434703,1223.8227466931262
Zyx,1441.7964910798073,920.6322770225336
Rars,1441.780499279776,1373.1567257231925
Zyx,1442.1490869285094,1028.0118507348695
Cebpd,1442.333305599872,1184.3117893261651
Lmna,1443.0301612284593,914.453329828416
Zyx,1444.5976604829116,1438.3638964641011
Lmna,1443.828646610142,1325.2112685613406
Rars,1444.8102173890195,960.105039985551
Jun,1445.5805491649603,1256.709138544417
Lmna,1446.0547750994672,1111.9395758257317
Cebpd,1446.1816339943566,903.1088774422226
Rars,1446.3724126005309,1273.0761412124905
Lmna,1446.7960336212493,1401.0450862872908
Cebpd,1447.906168190568,1339.8125085316908
Cebpd,1448.1517408678387,1143.095923718805
Idh3g,1449.2490697465296,1351.782322735153
Lmna,1451.2003765075156,1428.3588507640252
Lmna,1451.5618412579615,1288.3410290709026
Zyx,1451.5866491937054,1302.5180792416218
Lmna,1454.0505290867245,1362.202429209078
Lmna,1455.0409870385497,960.3277510685724
Lmna,1455.8463004874689,986.9113104076876
Lmna,1458.0211245520766,1401.403858601251
Lmna,1458.3166109308606,1206.8269914791586
Lmna,1458.708917553431,1309.8452741098572
Zyx,1460.1648336062617,1365.276385883457
Lmna,1459.0503731587603,1390.570112630146
Lmna,1460.3740712707977,1259.9928420116516
Ybx1,1461.2536988208276,1276.2543942580362
Zyx,1461.3002678095402,1001.6883414365705
Lmna,1461.6992198886733,969.5943797366612
Zyx,1464.5592480126786,1362.3842470307975
Jun,1466.1703709190774,1218.950237923392
Zyx,1467.4086430808215,970.74423838912
Jun,1468.4441369821143,1209.295941682587
Lmna,1469.0734993405058,1271.144536767713
Lmna,1469.682971760711,1331.2229255441275
Lmna,1469.6451245031028,1041.3612315477178
Jun,1470.442817648873,1169.9864014723048
Cebpd,1470.412487850292,1009.52865339736
Zyx,1470.7271112274277,1247.666987513442
Jun,1470.797565914858,1181.1650388709982
Zyx,1471.3042526124852,986.5167582094916
Cebpd,1473.1954105335303,1107.9676552286348
Cebpd,1472.5553059639908,1269.6683442173055
Lmna,1474.5080731091327,987.5363031750312
Zyx,1474.6473527182377,1030.2577015794188
Zyx,1474.878096927652,945.455598665778
Lmna,1475.6137707024675,1256.5010973975768
Lmna,1475.6740584553816,1284.3486334028248
Lmna,1476.109051327096,981.241019561454
Zyx,1476.4785695801215,924.45812349216
Jun,1476.893663797476,1207.0024393143165
Lmna,1477.0879602340055,1051.8655065623586
Zyx,1476.984033040926,1182.4660014048704
Zyx,1478.2950361106389,910.4879351420194
Zyx,1478.6061295491863,953.4782609244724
Rars,1479.295255356111,950.9277762869466
Idh3g,1478.959536100193,1266.2323888733522
Idh3g,1479.5157348430075,1320.9259927108983
Zyx,1481.6558547754194,957.5490546674814
Zyx,1480.934776271759,1047.921908519785
Lmna,1481.5212917645858,880.1386890990582
Lmna,1481.9378882326398,909.3053719356168
Zyx,1482.5758301493074,1301.2371511768424
Jun,1483.4388163725898,1206.3952980615454
Jun,1485.3322914988942,1283.6826731456445
Zyx,1485.991332045989,912.4257468771892
Zyx,1486.4942652098405,1050.1257774252913
Rars,1486.8951096696794,979.4669731550318
Zyx,1488.8767958113856,1231.0511181825286
Jun,1488.833995929263,1281.3914753378976
Cebpd,1488.6468090177386,928.93575999862
Zyx,1488.5054427679445,881.8444657886121
Rars,1489.72904022735,941.4823462813332
Lmna,1489.356125237604,972.571235455085
Zyx,1490.0325133289657,1051.8143257516508
Zyx,1490.95275990327,899.7007929450305
Lmna,1491.4041688239038,1018.1722428607404
Lmna,1491.99609778723,951.3183276671276
Zyx,1492.257995084694,1020.3690432896974
Lmna,1492.4091146888104,1229.81926516645
Lmna,1493.046779524465,1280.9608330468966
Tmbim6,1491.9436457693307,1233.418261633065
Lmna,1495.24043424252,983.2011393845786
Zyx,1495.2242897234062,885.2572097812941
Jun,1495.4679417907587,1082.486926841346
Zyx,1495.821915902664,957.865325390872
Rars,1497.5232611256704,903.745460295461
Lmna,1497.6492251604957,1024.0004417163757
Zyx,1497.560270471579,962.1686837284232
Zyx,1499.264066827872,1268.5735657716334
Jun,1499.4368809898667,1273.5126384589405
Zyx,1501.1967951435831,945.2121231444748
Zyx,1502.5135960930106,908.8310756103496
Idh3g,1502.4770300253838,892.8066686261986
Zyx,1502.575640421947,967.6988680927982
Zyx,1504.0571575687386,938.855026796204
Ssr3,1504.7209207008389,1081.163111882627
Ddx17,1503.5005233771597,1073.422551383498
Zyx,1505.7239159634948,1110.6140530661048
Lmna,1508.592186100342,1124.5161392619862
Zyx,1509.766097375622,1190.6096862876284
Lmna,1511.085828051425,880.1691920631287
Zyx,1511.3211630068377,1131.9390750118157
Rars,1512.7043784156956,928.8228169864716
Lmna,1513.6132307732423,1214.522476720074
Lmna,1515.314710795884,1006.625788867182
Lmna,1515.699399185518,1227.615093967111
Lmna,1516.2798876435595,1140.2739573988283
Lmna,1517.0152663264994,1017.685615200536
Rars,1517.29769399682,960.5334160966552
Zyx,1517.695824365319,1132.5522519145293
Zyx,1519.7850122688503,1234.2507648378398
Lmna,1520.9028580272002,1021.7826061447774
Lmna,1522.482382914784,912.0441936539376
Zyx,1522.9605794824315,1025.0290001160838
Lmna,1524.269608860583,987.72788910519
Lmna,1525.303890892808,934.386285822188
Zyx,1526.303852657837,1223.286810606545
Rars,1526.6029195385174,921.8856532898678
Lmna,1527.1613215036464,1297.288294192977
Lmna,1527.166308405995,890.7468592806642
Zyx,1529.1219596569872,896.3544635324696
Lmna,1529.8289921755604,910.2218948094406
Cebpd,1531.935355592106,941.5643599794628
Zyx,1533.3654473365448,1016.4838227180898
Lmna,1534.0950649172778,1043.0654812672317
Lmna,1534.7673389697986,1008.5534488062904
Rars,1535.7991301505303,1086.0456435093013
Lmna,1535.7771742331413,991.438562330863
Lmna,1536.3707652953974,928.2460173932624
Zyx,1536.602745299838,1059.8402393403396
Zyx,1537.238198268249,981.5005499167954
Zyx,1538.157415214563,962.3819883229957
Lmna,1539.7695242059212,1048.4929032193404
Lmna,1539.4130166968462,1129.5035799403938
Zyx,1541.0717013442015,1073.2560934475207
Zyx,1543.4045282079717,1068.606839460729
Lmna,1543.2149179172286,1070.6282888647036
Lmna,1543.0256657221012,1193.064762370207
Lmna,1543.3579253812422,971.716089085378
Lmna,1544.2684702520723,1115.0323600985869
Zyx,1546.6935642014723,1026.7409262482406
Lmna,1547.6029851735818,1122.968512656617
Zyx,1548.6639934149432,961.6068653703048
Zyx,1548.97927412024,891.2303886263404
Lmna,1550.2883838203622,938.748506214102
Zyx,1549.571857335432,1118.1342299106768
Lmna,1552.679177717323,878.0378432316554
Zyx,1555.565543799127,949.7261664087948
Lmna,1556.2166056840038,939.8034048293356
Cebpd,1570.7290412686502,958.9791257622612
Ubxn1,1297.7075360350343,1217.7643730372347
Msn,1303.4520891248742,1376.8776432271277
Nr2f2,1306.6823264741597,1212.259498543033
Hdgf,1312.9948220573183,1351.7017413293229
Hdgf,1315.4225610954495,1348.531051864209
Msn,1314.6617986906515,1365.0252497758447
Nr2f2,1315.5349795765765,1019.3372009497408
Tomm40,1317.3492645832405,1015.2176427721148
Ubxn1,1319.3318052652912,854.9213160550411
Hdgf,1320.3208891644806,1021.1877709153946
Nr2f2,1320.8987245280025,1357.4095964155326
Msn,1324.3062340684269,1037.1077663655958
Hdgf,1324.322735665607,1322.0323387253295
Tomm40,1324.9531563967262,991.4701567748368
Tomm40,1327.4031138744936,1002.7675501166916
Trim28,1329.5920646943296,1335.870114741523
Msn,1330.8061961189878,1313.886286838578
Hdgf,1331.059917661349,1046.2699354278006
Nr2f2,1331.095734944715,1061.745529102961
Nr2f2,1333.6947634458877,1298.8874738134275
Hdgf,1333.7165191808444,1082.7074876652794
Hdgf,1333.8241247348217,1328.8566607139824
Msn,1334.0320214457415,1304.8140383948971
Hdgf,1334.072267840923,1068.995215186846
Hdgf,1334.6668407348957,1180.112619300645
Tomm40,1335.0343202822569,1093.493187862467
Msn,1335.4922774209144,1034.475376427696
Hdgf,1337.9056860746086,1085.8875665690762
Hdgf,1339.151830412415,1137.6323283140816
Eif3d,1339.8983662495125,1291.3396150075805
Tomm40,1341.395520156443,847.8694303576309
Hdgf,1341.8565883705417,1188.5546296883012
Msn,1341.3261886902246,924.891560939696
Ubxn1,1342.767822146702,1047.8704366741194
Hdgf,1343.5777110600595,1264.963528681894
Nr2f2,1344.5388712584972,1323.631051083577
Msn,1348.004399441627,988.3255893987206
Msn,1347.970795093423,998.1623727245131
Ubxn1,1349.187770172343,1119.3623935818573
Lamp1,1351.2531833787566,1058.034729050368
Hdgf,1350.6491304497454,1288.3930913436457
Eif3d,1350.429889250509,910.375271144805
Hdgf,1351.3666683900265,1064.135100643295
Ubxn1,1352.1575327256555,1358.8354337587566
Rpl15,1352.729509349076,1361.0840902481768
Hdgf,1353.5210549192382,1171.1595142856804
Ubxn1,1353.2739891659971,1303.928941970799
Tomm40,1356.1594326514469,946.0963015289605
Msn,1356.3776937006055,1291.4221165493827
Ubxn1,1356.6946007440292,1060.7248113304947
Maged1,1358.5352644714233,1001.5659148838096
Ubxn1,1358.3153097781585,977.1834359157252
Hdgf,1359.628612735738,1256.1654669672423
Hdgf,1360.5073640333608,977.7290241418116
Msn,1360.9440541162503,956.4486290778632
Msn,1361.0870561593,973.1786559609682
Msn,1361.633559088497,980.5571817645036
Ubxn1,1361.3259156539673,943.5849443552734
Tomm40,1362.3679301859922,1384.8806064138194
Hdgf,1363.792729216338,1409.600251403374
Hdgf,1364.028826033096,1043.9835385353829
Hdgf,1364.6615720222137,964.2813508113502
Msn,1364.8628062667754,1369.319347665439
Tomm40,1364.2362453353426,1221.8575578445184
Nr2f2,1364.921261657798,907.0895117209936
Hdgf,1365.8800272515684,1001.930526783429
Tomm40,1366.064738464265,1135.3234926325051
Ubxn1,1367.3889869623447,1336.261394333614
Hdgf,1367.4800927579931,1229.140677583053
Tomm40,1368.4136275206522,951.2631113770476
Twist2,1367.4950799709432,1594.8535733227232
Hdgf,1369.8804776410047,1380.5935219018484
Ubxn1,1369.9623742383692,1437.5039153384096
Sec13,1370.6421284342923,1313.7133634674258
Eif3d,1370.2094734917691,1422.7342013484636
Nr2f2,1369.8956616125631,1405.0675325942393
Ubxn1,1370.2270300743392,1548.7488560474133
Msn,1370.9283745451085,1458.4675593982734
Hdgf,1372.076633519639,1390.0344655888043
Psma7,1373.4637600852786,916.3777725608732
Hdgf,1373.804493660759,1010.4310590078284
Msn,1375.0583184112368,901.373683745696
Tomm40,1374.848537200659,1577.344571847034
Tomm40,1375.7071644668772,1401.517043049746
Hdgf,1375.923499516088,1090.8995305243711
Nr2f2,1377.6440521731724,1242.661799546161
Tomm40,1377.5246186738866,1148.7550209868984
Msn,1379.1693902238972,1577.730350495497
Msn,1378.7799164368598,919.7061112595198
Tomm40,1379.0864956777416,877.2716273369191
Eif3d,1379.0766972000342,1582.1757589833016
Tomm40,1379.941175106689,1479.866473045836
Eif3d,1379.5744861207208,1353.0059645132706
Hdgf,1380.4276891223817,1356.8960868373483
Msn,1380.802195104612,1542.856510382553
Ubxn1,1381.3521727547854,1073.8572669881544
Ubxn1,1381.3165792266868,1367.8380857631269
Hdgf,1382.8197726261303,1430.74571553004
Hdgf,1382.9757953252822,1451.99578798147
Nr2f2,1383.350425481352,1404.5515179418314
Hdgf,1383.3938438454416,1273.723583132267
Ubxn1,1383.9189761557554,1551.9673489994934
Ubxn1,1384.410432524356,1576.3926331751093
Myh9,1385.219990604619,1382.6278431590374
Hdgf,1385.92590236277,1536.4104707873305
Nr2f2,1386.7853139900085,1286.2615564950524
Hdgf,1388.4088306851254,1296.6248009840178
Hdgf,1388.1036283586525,991.6140231257966
Hdgf,1389.585133390894,1433.4645385439496
Hdgf,1391.3828634581848,1048.380498325154
Msn,1391.8424498397208,1530.513232283991
Tomm40,1391.642351302506,1239.8639714526482
Ubxn1,1391.8268580355175,1399.0405540544546
Ubxn1,1392.8396455640648,1586.6801926212954
Vim,1393.7341947495456,1067.4527953110778
Ubxn1,1393.253284349442,1499.8295483770526
Ubxn1,1393.738036942511,1154.108003159104
Hdgf,1393.6414979910369,1491.003375192966
Msn,1394.6002754221245,1216.7008151597342
Msn,1395.0678727860882,1317.9632377748271
Msn,1396.5841393548587,1547.2112540977182
Msn,1396.8956317759623,1470.8650460857953
Eif3d,1396.5985425944198,1442.3239866564056
Hdgf,1397.7250285858593,1508.77315315613
Tomm40,1397.6543223095673,1526.9570649533284
Nr2f2,1398.827294593883,1507.944233102182
Sf3b2,1397.5645493454251,1506.97488947862
Msn,1399.1005738082276,1474.0080196405293
Msn,1400.7912696881058,1017.0225441908728
Msn,1400.451389335241,1156.970402421258
Nr2f2,1400.7410913404094,1223.6325539902214
Hdgf,1400.9339981362243,998.459557836523
Puf60,1404.6313321869989,1420.0478781191807
Eif3d,1404.0446033516946,1420.2099986162868
Hdgf,1404.3098982837016,1495.0594474157276
Nr2f2,1405.8845868544572,1307.561956609772
Hdgf,1406.1998723312886,1305.4575160136462
Eif3d,1406.7838049292632,1404.607551831232
Msn,1406.8181185891797,1508.2755853244894
Hdgf,1407.843225645565,1370.2230083115555
Msn,1408.1450952164348,1388.1316787049668
Msn,1409.2970471254175,1494.242093395608
Ubxn1,1409.0987840756973,1062.799549603845
Msn,1409.3093499008123,990.3377642424134
Hdgf,1410.8508109958889,1391.795022551561
Hdgf,1410.9942222900768,900.2132866028874
Hdgf,1411.8802785944083,1349.982678959264
Msn,1412.1153493333877,1401.745183117661
Hdgf,1412.255831686277,1556.4250842870674
Nr2f2,1412.8249204960375,1101.3100843668344
Tomm40,1413.6791893818515,1040.7404465047605
Myh9,1414.6250920753057,1346.2532300719888
Tomm40,1414.77266865388,1344.9421518144454
Hdgf,1414.3532771448338,1481.0039897538295
Hdgf,1415.4997205072227,1003.1600574036312
Msn,1416.1308335917552,917.1462243352828
Msn,1416.314674597385,1443.4717199742008
Hdgf,1416.450496390616,1426.0606401268246
Hdgf,1416.641846004993,1352.5647394906896
Ubxn1,1416.703747845762,1000.140715650692
Hdgf,1417.1867904103271,1272.107690930908
Msn,1418.2789982480049,1312.4916611800186
Hdgf,1419.2792675764288,1356.9296810210294
Ubxn1,1420.9852262054033,1453.8945542148676
Hdgf,1421.319236186239,1000.4642269387832
Hdgf,1421.6283440841871,1136.6772557090778
Ubxn1,1421.9539163901045,928.3232918505394
Ubxn1,1423.1293577926217,1513.7437245425326
Msn,1422.952730753865,914.924236687337
Ubxn1,1423.3465358914414,1260.0502866400318
Msn,1422.7960669262084,1036.352297700818
Tomm40,1425.6697240461233,1486.7616802336013
Fgf7,1425.7293175060204,897.7110642293729
Msn,1426.620053166836,1504.0438554435732
Tomm40,1426.8490355780418,904.522652931262
Msn,1427.2369821458517,1474.4726691213734
Tomm40,1427.984305455597,1053.2106392540916
Ubxn1,1428.8890572057644,1016.7295182389296
Msn,1428.6284943776343,1433.6330427659968
Vim,1429.5608456739517,1434.5133243808236
Eif3d,1430.3124155069925,1036.3475063285225
Msn,1431.3907115715442,1486.2019476049704
Msn,1431.3967373084806,1385.027452470019
Msn,1434.5235077236823,906.7175784057368
Msn,1434.8923158807434,1297.3096430902915
Myh9,1435.8786930213018,1298.5867353798672
Eif3d,1434.8668673231302,950.4122293008228
Nr2f2,1436.3135943771092,1212.301827593098
Eif3d,1436.6934212788342,970.4186736368168
Msn,1436.9790808418802,1276.6815336234065
Hdgf,1438.5169671620465,1316.2003329751658
Nr2f2,1438.0212394192624,1184.5307762402665
Msn,1439.2304029629736,911.8464495349834
H1f0,1439.408155156115,1434.9649831089157
Ptgs1,1440.5104920178408,1274.7257428439334
Eif3d,1440.933605637109,948.2105602119138
Tomm40,1441.922387753967,962.5631527374036
Eif3d,1442.152722260114,1203.3072394341827
Hdgf,1443.5697388572114,1321.6320483766224
Nr2f2,1443.0236250185617,948.1090153991106
Ubxn1,1443.9054544124133,1053.4186230945982
Ubxn1,1443.8473180448482,936.8506419157006
Msn,1445.287753039318,1164.4574326534962
Nr2f2,1445.3070744083525,955.9211112908664
Ubxn1,1446.3339377538375,1345.2814662244018
Nr2f2,1446.3690514369218,1451.841455346132
Tomm40,1448.1537245184236,1409.8190137378556
Hdgf,1450.6264508427505,1432.943577806334
Msn,1450.88599503809,1398.9901711178836
Tomm40,1451.8629417454465,1406.69974366797
Eif3d,1451.469410912469,981.5927750060096
H1f0,1453.042475788984,1152.3128040693416
Msn,1454.418239599087,988.5890274402448
Ubxn1,1454.6636072101376,1391.559523356559
Ubxn1,1454.5595045867562,1273.107673113584
Nr2f2,1455.6000297692317,1217.81682526111
Ubxn1,1457.3582677815905,1325.9604228955425
Hdgf,1460.82537997019,1264.637351362187
Hdgf,1461.2985702515846,1379.7332888995484
Xdh,1462.86583292878,1293.6943625567249
Nr2f2,1462.2793318295026,1034.49075344852
Hdgf,1463.1928546638171,1243.3889878869445
Hdgf,1463.9420726724543,985.5470640215044
Hdgf,1466.7301798822732,992.6963631857116
Msn,1468.04744321996,969.499075868092
Hdgf,1467.6074872555707,885.5912949728781
Hdgf,1467.5393773180886,1360.2698341488722
Msn,1474.237565651331,1021.5964150582012
Hdgf,1475.2925900070938,1012.803675212937
Rpl18a,1475.693376582687,1026.2443653717714
Msn,1478.9924704480227,975.4420807394616
Msn,1480.312389452089,1230.2586120751316
Msn,1480.807154661738,931.1163526960972
Msn,1482.570465644597,978.676507182689
Msn,1483.5276906744264,925.4424478404496
Msn,1484.5392830813262,1025.5674889214322
Msn,1485.5420563483067,891.9980279746742
Rbbp7,1490.282520303936,909.1802386786212
Ubxn1,1489.1545292712144,909.9467787506416
Hdgf,1491.1219253139802,881.5011596425841
Nr2f2,1494.7584468013324,1023.9444482307476
Hdgf,1496.8370941483786,1050.7795850386724
Tomm40,1496.8457285263914,876.0493289634082
Ubxn1,1497.1972216198508,1109.6393819218831
Msn,1497.9437777850935,911.291254640872
Hdgf,1498.9013811252323,932.7419567208448
Hdgf,1499.0623690682546,1299.8769233684775
Nr2f2,1500.527140620502,1121.2586791085275
Msn,1501.158143492166,1000.9226583911836
Hdgf,1502.5773147261607,1128.446784982536
Tomm40,1502.370543981291,1156.251766353006
Hdgf,1503.8714715158594,1233.921688451627
Nr2f2,1506.2685805643189,1214.436098170666
Hdgf,1506.643274190344,1309.728085441021
Hdgf,1509.722180903974,949.6298556986602
Eif3d,1510.241229291956,936.6651594458306
Nr2f2,1510.5267037311726,1240.040803036814
Ubxn1,1512.4376971063284,976.748537518174
Hdgf,1513.6122039378768,945.886258398558
Rpl15,1515.2139225297842,945.413823545336
Ubxn1,1513.9621395811994,1293.823528253703
Hdgf,1515.093636847913,904.5834974601532
Tomm40,1520.590660471319,1251.611616398864
Hdgf,1521.672220426839,978.3833989915322
Ssrp1,1522.1649604370427,968.4575162423946
Hdgf,1522.916714830606,1316.6433042232168
Hdgf,1524.28693272725,1136.5825215417758
Hdgf,1525.3541336926917,1252.1308245428302
Msn,1525.7647661257654,876.9271109736924
Hdgf,1527.9592059628333,894.0417108593751
Nr2f2,1528.7762545199032,977.4569078476144
Ubxn1,1528.7837154936783,912.766630383059
Hdgf,1529.644158828216,1279.2023139883722
Hdgf,1529.6150197539453,1154.0479896557638
Ubxn1,1530.6846718376669,1194.5398094564082
Eif3d,1530.9828190339947,925.233311543218
Rpl15,1531.1375231275483,932.2456360726892
Msn,1531.3185606371571,899.6223899628847
Hdgf,1532.1965162569463,1180.780563577975
Nr2f2,1534.100818352389,943.3557036731764
Nr2f2,1534.9564828370235,1200.9146345765985
Msn,1535.1540458689578,1162.8920969226238
Ubxn1,1535.4209907674426,1171.1583960120552
Myh9,1536.3929044901215,1068.847230284277
Hdgf,1535.997504203349,913.4089155891744
Tomm40,1537.172450628865,1014.5820660872648
Ubxn1,1537.5067266191072,862.4293172552202
Msn,1537.493431646802,878.3371107622213
Msn,1538.4978530681838,1031.5135192245916
Msn,1542.2666767598453,1025.389130322393
Hdgf,1542.0603189903782,943.1567153671132
Hdgf,1543.3540455605164,1113.9241292007337
Msn,1543.8848255034177,1190.4025449989629
Nr2f2,1545.017470695582,1116.9313181277157
Ubxn1,1544.7704123410956,1144.1624819782592
Ubxn1,1546.9580557401991,870.0196680672351
Ctbp1,1313.5680545591551,1208.2196352851802
Eif4g2,1315.633614803614,1006.2705111476388
Lamp1,1320.9306934488636,1007.8481413658208
Psap,1323.3182112974384,1337.4464985843822
Eif4g2,1325.6549042809058,1196.6967591311054
Eif4g2,1327.011493890554,1264.4529662067437
Eif4g2,1331.3780984349748,1268.9585253135551
Psap,1331.274373567301,1190.2347175271625
Psap,1331.5868087129345,1172.3163671815478
Psap,1331.7632029845809,1236.7696475493908
Eif4g2,1333.1885068439055,901.4607806901214
Psap,1333.3067921571178,1090.7201609028732
Psap,1333.7937890617093,1336.6938903166035
Psap,1333.9723245910018,1177.253306921412
Psap,1334.8315288802748,1000.0532402438736
Eif4g2,1338.8664623111554,1091.1793165521651
Psap,1339.8556190553568,1128.7791962609056
Psap,1339.3261548686,1194.8213540521388
Psap,1340.821673518014,1211.037247941936
Psap,1343.1774068383388,1152.9813871009433
Eif4g2,1343.58352365779,1142.5223872216586
Eif4g2,1344.1905238872328,1354.5250447824824
Psap,1345.4569200993997,1189.9872192755247
Eif4g2,1347.1157739385612,974.4821348673464
Psap,1349.0159405790198,1023.8902474870304
Eif4g2,1352.0535722729892,1206.0511552073988
Psap,1351.6057166057603,1367.078946836946
Eif4g2,1353.1086444125765,1146.1330852722929
Psap,1353.241672348243,1289.0319680034754
Psap,1353.9641185925084,1056.4737339428966
Psap,1354.6112115813985,1245.9053624530457
Eif4g2,1355.311462871819,944.9910423831416
Eif4g2,1357.149347129505,1201.32569853229
Psap,1359.7473247343812,1070.0907330106406
Eif4g2,1360.404061463235,1337.9795057618385
Eif4g2,1361.8394867287907,1305.4858554556772
Ctbp1,1362.4334371491968,978.0423550682384
Ctbp1,1362.6436635733246,1133.0705186440027
Psap,1362.9724042791288,1055.436807951919
Psap,1364.1348988454808,887.5180964203174
Psap,1364.3697953739572,1023.5384957211692
Psap,1364.9598966909973,1179.06637639898
Psap,1365.687943526936,1299.7185248158337
Eif4g2,1365.5675811475687,1214.4916036402285
Eif4g2,1367.1082182926832,1335.179567679345
Eif4g2,1369.3504452972725,1172.6812657238188
Psap,1370.924930442682,1354.8906011321976
Ctbp1,1371.97044908081,1084.7154441766909
Psap,1372.6219339455224,1318.8434402240284
Psap,1372.277754748228,1285.9531159675414
Eif4g2,1372.4573642554817,1272.0571416841383
Psap,1372.597543249416,936.0663778515728
Ctbp1,1373.088200838096,947.466312334567
Eif4g2,1373.4955645732514,1379.324766014743
Eif4g2,1375.18901870758,1237.6685451607975
Eif4g2,1374.8768995576404,1430.8348440163204
Eif4g2,1375.1960281142913,1447.8916398659803
Psap,1375.9289925867215,1179.200592532144
Psap,1375.9769131429946,1106.2086487455365
Ctbp1,1376.1373820587046,1043.4442274466455
Eif4g2,1375.9952305917473,1586.7501946922046
Psap,1378.033061080408,1197.877843807588
Eif4g2,1377.7058447366892,1353.298288696226
H1f0,1378.2964081794098,1352.881597545556
Psap,1379.92194307689,1268.3279015882777
Psap,1380.3560525407013,1439.0798744905203
Psap,1381.9843284037456,1160.9229426097138
Eif4g2,1382.6092642148164,1386.534050377479
Psap,1383.9007399950035,1223.4951113441246
Eif4g2,1383.9057982193374,1216.997785680297
Psap,1384.776511438893,1270.5607037209088
Psap,1386.538925276038,1534.9809537219544
Psap,1388.13180024692,1001.1466860319516
Eif4g2,1390.903389505563,1329.7199474657946
Psap,1390.5216792922372,1180.8233048570164
Psap,1393.0724583401168,1242.8072584888323
Psap,1393.1116377915268,1274.513824252307
Eif4g2,1395.303188771652,1413.0292736554024
Fkbp9,1395.9700256582732,1443.0649724341597
Eif4g2,1395.5162628343255,1339.3656705384717
Eif4g2,1396.2834986365335,984.5770486081112
Eif4g2,1396.9308614257395,1385.8051974528362
Eif4g2,1398.0974502689526,1322.843276677223
Psap,1398.593832711694,1053.266857069084
Psap,1399.0048271351511,980.3083082028472
Eif4g2,1399.762583424991,1524.4372145604557
Ctbp1,1404.4453498876314,1436.8924597013984
Psap,1409.8590999109808,1274.5623419032397
Psap,1410.786361996934,989.7113535037272
Eif4g2,1412.3047316604966,1572.5431075163804
Eif4g2,1412.534719543114,1526.5983166972032
Eif4g2,1413.1900352416503,1408.2587910806124
Psap,1414.0567122905916,1254.459862381583
Eif4g2,1414.1565693062648,1498.0547264951624
Ctbp1,1413.9048891733005,1538.669740561897
Eif4g2,1414.6239191846828,1501.864933760845
Eif4g2,1415.4352551522286,1030.4071190177374
Psap,1416.1053827033888,975.916251984463
Ctbp1,1417.24807980893,1329.0493395252035
Psap,1421.3665516680785,1278.3302739870935
Psap,1425.4901917353905,1358.357232063704
Eif4g2,1425.898250511986,900.4134865669693
Eif4g2,1428.2811130450043,1457.6887386809776
Eif4g2,1429.2076482487728,1333.6061218072475
Eif4g2,1430.4375276292756,1260.7900325120029
Psap,1430.767286987306,971.8261471593864
Psap,1430.9129162133468,1354.0400055833938
Eif4g2,1430.8585291865018,934.6644772210705
Psap,1431.3268045134537,978.4585137169844
Eif4g2,1433.7938209579388,1455.5964859817032
Eif4g2,1434.3658531130898,1214.6037540040454
Eif4g2,1435.87055664526,1186.6601486014672
Ctbp1,1435.7023413486827,979.5662090893204
Eif4g2,1437.1321964777574,1483.4389828314218
Psap,1437.955685238012,960.47052858066
Eif4g2,1438.6915687909272,1232.1991803696762
Psap,1439.206543814281,1369.0900081748168
Ctbp1,1439.192381874799,1358.0041064823563
Psap,1440.1780251125174,1169.5822839346436
Ctbp1,1442.1464140317044,1376.5805123965815
Eif4g2,1441.8781174231144,1047.0107249847165
Psap,1443.7545182903195,935.6249575424137
Eif4g2,1444.914825642436,1443.2710529636747
Eif4g2,1444.9446739210243,1280.9764361120497
Psap,1445.0025624014252,1039.3042429700545
Eif4g2,1445.6486815427131,922.7312178016228
Eif4g2,1445.8390236356006,1364.7717224207013
Psap,1447.1260576374548,1325.22151929997
Eif4g2,1448.9462049079289,1378.7830797421632
Rps15a,1448.811800973613,1379.4982835980002
Ctbp1,1450.0770967188262,956.2106528051291
Eif4g2,1452.6308844362586,1403.8102152875233
Eif4g2,1453.6110857565984,1368.194853251725
Csnk1a1,1459.4195820818245,886.0472283967008
Psap,1459.8584747051236,1043.934896053696
Ctbp1,1459.4591888711552,1402.7245179950637
Eif4g2,1459.0340953273453,950.6046750171464
Eif4g2,1461.1448992190806,1146.4650001370496
Psap,1462.5474645645188,1329.5866423093166
Ctbp1,1463.427421985877,1317.9955483395229
Eif4g2,1464.0318111454822,1238.4987374702446
Psap,1464.6232727016543,1032.6769169537506
Eif4g2,1468.2117201158303,953.3508087353972
Psap,1471.4191715052582,1239.7706654989815
Ctbp1,1479.2821004429788,989.1903634929594
Psap,1481.2385094600018,1311.0016796843515
Eif4g2,1481.442646959993,1127.7675949558084
Ctbp1,1484.8105094942025,896.1772466592212
Eif4g2,1485.6511373408423,866.7946312695914
Eif4g2,1485.5381926393338,991.5977324015216
Ctbp1,1486.580691572873,1094.5283499295967
Lamp1,1487.3600726001075,941.268308988311
Psap,1486.2529459213931,940.7357088134784
Eif4g2,1488.5968613103505,1257.3658291615309
Psap,1490.8978261984971,1112.16331461571
Psap,1490.984384954899,1035.1045695823343
Eif4g2,1493.1944996094444,1296.089227678831
Psap,1495.3568523188578,1229.2941127134177
Psap,1498.13703423755,1127.7512723215868
Psap,1499.6772979073046,1186.9505578871192
Eif4g2,1500.9404912361638,942.0078755245188
Eif4g2,1502.1228953381692,974.0300642550304
Ctbp1,1503.5807019564843,925.5376412207196
Eif4g2,1505.8358077626513,1086.5394985694834
Eif4g2,1506.810916690892,1010.2452104663956
Clta,1508.4196607702384,1039.2768984753657
Psap,1508.107959337378,1191.6068097264244
Ctbp1,1508.9226447178762,872.7249522056227
Psap,1512.062515506515,1131.177669027555
Eif4g2,1512.895316487573,1207.6911996153603
Eif4g2,1516.3284947920467,1225.431122312791
Eif4g2,1519.169605155692,1097.5446044351463
Eif4g2,1520.6462266917122,1148.7209828472214
G3bp1,1521.574199476363,1108.6633922116996
Ywhae,1522.068019807806,1248.1644917356998
Ctbp1,1522.2138324765183,1001.796228950113
Psap,1525.3268382722663,1171.0294827578718
Lamp1,1524.1242723120054,1169.5368381181709
Eif4g2,1526.206111180737,961.0397628820403
Ddx17,1525.2121971196857,1217.139848982309
Psap,1526.8858006853695,1207.110083458882
Ctbp1,1528.415102028746,953.495893246665
St13,1528.7193960706918,952.419640748502
Psap,1529.960188973478,1189.8404029417068
Psap,1529.092811434267,1147.157038754043
Ctbp1,1532.9104285898345,958.1400490106053
Ctbp1,1532.6617135573474,886.2066984883495
Eif4g2,1533.6083604666906,855.8241787021659
Psap,1537.343775775879,1125.498871941043
Psap,1537.6430484266857,1192.811338033751
Eif4g2,1537.9346921772085,1132.5495788638127
Eif4g2,1538.2805769326078,1198.127582671059
Eif4g2,1539.8829985491643,1153.027213374252
Ctbp1,1546.99228041777,1179.8402705138762
Ctbp1,1549.0301053168482,1162.5940820574058
Ctbp1,1553.3486631492008,936.8682808543392
Rps15a,1240.1549860646694,1409.3429773244725
Rpl18a,1252.9054465163056,1396.0369102184766
Rpl18a,1254.7625188819743,884.6612872180641
Rps15a,1272.5981300639023,923.724248639859
Rpl18a,1275.257428774156,916.4630996026044
Rps15a,1277.3084535972037,1384.8064946903376
Trps1,1281.8849164671235,1316.411966990072
Rpl18a,1287.241196064488,975.6204894103976
Rps15a,1289.6584629376,1235.0961243076445
Rpl18a,1297.6865294554527,968.8535278018528
Rpl18a,1298.760785539663,976.3659738394848
Rpl18a,1299.598629475391,954.9241340575956
Rpl18a,1304.961218595044,845.221679317697
Rps15a,1305.596159021746,1376.688179907795
Rpl18a,1311.3291789629898,985.2801625280782
Rpl18a,1314.307854435147,1014.027214188517
Rpl18a,1315.465920307513,1203.820858819235
Rpl18a,1316.680629610165,1247.9242163002118
Rps15a,1317.241368280317,809.887415994112
Rps15a,1317.6956956074107,1214.5815136501735
Rpl18a,1318.5156993104797,903.6875769495216
Rpl18a,1321.5412662293484,1362.0468984841336
Rps15a,1323.388676576477,1260.3135038647156
Rpl18a,1325.591687764735,1206.3892221933302
Rpl18a,1326.5914808993905,1327.5752634409764
Rpl18a,1328.9486519158968,1185.2074496575428
Rps15a,1328.8357838131888,995.0621003314396
Rpl18a,1329.9728286982254,1146.247748489013
Sdc4,1331.1642865948138,1002.9791435532547
Rpl18a,1331.520520558492,917.715038968552
Rps15a,1331.389492058421,1318.7369289415135
Sdc4,1331.3789612933126,1351.892194050968
Rps15a,1333.171331065494,1034.452944506293
Rpl18a,1333.1867934277795,1062.7047095770772
Rpl18a,1333.2044208664838,896.6887226968809
Rps15a,1332.6768618771207,1197.5280388239364
Rpl18a,1333.9020555103402,1332.329913782916
Rpl18a,1333.7733467031214,1166.0542680642288
Rpl18a,1335.954255637705,1279.7741933967409
Rbbp7,1336.6475800090611,1060.2101083305174
Rpl18a,1336.694439349293,1243.7787917128012
Rpl18a,1336.5042759763169,1031.7487497404354
Rps15a,1336.7855967064093,1297.1125973714106
Rpl18a,1337.314573310066,1016.0661086310604
Ndufv1,1335.9037548928482,1251.087764220561
Rps15a,1337.518649951513,900.732890789778
Rpl18a,1338.128339314747,894.763114442608
Rpl18a,1338.6013891917298,1007.9320273693086
Prpsap1,1338.870947266707,940.2911932227828
Rpl18a,1338.89813802249,1212.1763113519182
Rpl18a,1340.2963052813272,1183.5001835708656
Rpl18a,1341.8475220991454,1157.094354293079
Rpl18a,1341.7835731287994,1104.0195687190037
Rpl18a,1342.9931448863097,909.9020553576778
Rpl18a,1343.0595076672978,1316.4315821289315
Rpl18a,1343.202448303729,1224.6633968770436
Rpl18a,1343.5586578239584,1169.9732275417346
Rpl18a,1345.3553966448706,1282.7338134863458
Rpl18a,1345.291268534399,1060.5884260577932
Rps15a,1346.524532128488,1026.8323309074676
Rpl18a,1346.1729023805135,1154.6884812621015
Rps15a,1346.0959573573705,1097.6286896530603
Rpl18a,1346.8571649078142,820.16731692656
Rps15a,1347.0651204370647,1274.2069958457002
Rpl18a,1348.4113773236022,1304.9572369176335
Ywhah,1347.8848976046777,1308.0078309151863
Rps15a,1347.6980249785151,1237.1386307456887
Rpl18a,1348.5663644367323,886.1680250007489
Rps15a,1351.5321200026483,1301.590478959156
Rpl18a,1352.5522932154936,1084.8109194770248
Clta,1353.046905016906,1173.8616843318978
Rpl18a,1352.8903819632671,1248.994208826368
Rps15a,1354.6962074755268,1403.3086638958175
Puf60,1354.1853631433323,980.8410816167448
Rps15a,1354.3111418157114,1128.0741324247638
Rpl18a,1355.0972771532388,1182.9946896855013
Rps15a,1355.44108755303,1078.2882757759264
Rpl18a,1356.4713374557864,897.6931528808099
Rpl18a,1356.194355970881,1211.9839799607928
Rps15a,1357.443812542007,1273.4363382837869
Rps15a,1357.084627406358,1231.309320040095
Rps15a,1358.8498837578786,903.3142094462332
Ywhah,1358.3333635874662,1221.4170738599576
Rpl18a,1358.947916237717,935.9358214786762
Ywhah,1359.3446769538864,1082.0499652318651
Sdc4,1360.0199573921027,1131.964972802872
Sdc4,1360.217910305025,1101.8345638370529
Mrps31,1360.5996705459331,1332.841043055855
Rpl18a,1360.62000672846,1358.4555452963878
Rps15a,1361.7503904305054,1311.5696046983105
Sdc4,1362.1623065883352,1236.527895137934
Ywhah,1362.4180129783183,1587.017795199219
Rpl18a,1361.8761752886828,1172.7406047652837
Rpl18a,1362.3534797277025,1193.1841015163527
Rpl18a,1362.4072904980922,979.2891104347776
Rps15a,1362.8529492813248,1405.9957017583297
Prpsap1,1362.9217157512217,1402.7834880400796
Rpl18a,1363.1232844318858,1414.8810938053753
Rpl18a,1363.514572014038,1216.4406772965704
Rps15a,1364.995405573446,1396.642354025796
Rpl18a,1364.8134476435855,1023.2020840772684
Rps15a,1364.4151831010588,946.4110561664507
Snrnp70,1365.9932297885648,943.0383177026722
Ywhah,1366.2568482342049,942.1337010987612
Rps15a,1366.267912985067,1239.512221701237
Rps15a,1366.900921178592,1382.382011000106
Rps15a,1368.3274341171557,1170.7234494370891
Rpl18a,1367.7273935217004,1377.6350229155305
Rps15a,1367.8218224697978,1159.7867300694638
Prpsap1,1368.8356527879469,1407.658094149113
Rpl18a,1369.1691687798732,896.0739326915336
Rpl18a,1370.1803539011676,1030.839223546868
Rpl18a,1369.5424209525947,1426.994979576166
Rps15a,1369.945462100203,1435.5704763995195
Rps15a,1370.4485733478073,1527.8211652608218
Puf60,1371.8022157735877,1247.0289452171626
Rps15a,1371.870703772166,1127.3726105773596
Rps15a,1371.7839402683576,1506.8699825409692
Rpl18a,1372.7536992234827,1081.1136966707013
Rps15a,1372.279337379738,1171.349969270189
Rps15a,1372.9461084057052,1418.1637324353585
Rpl18a,1373.6225534355322,1097.05268617475
Puf60,1373.5551020958164,881.5824451885553
Rps15a,1373.152471382149,1002.9602069098106
Rps15a,1373.7558005713931,1576.7397179202462
Rps15a,1374.112230698601,1566.0095724584123
Puf60,1374.2687974689677,1582.389329072345
Rpl18a,1374.6647556919525,950.5307433940984
Rpl18a,1375.3029940135723,1434.483957543271
Rpl18a,1375.5847851632532,980.7076792693828
Puf60,1375.5549608610277,1488.072669931256
Puf60,1375.7693791176907,953.1361283743272
Rps15a,1375.9005017970844,1491.91559107311
Rpl18a,1376.620192154552,1206.8600204414631
Rpl18a,1376.6189304258155,876.6535498860934
Rpl18a,1376.7444812473332,884.0096376201366
Rps15a,1376.7254631721876,1259.673415836048
Rps15a,1377.05085269788,1024.7797014582563
Rpl18a,1377.6389776808155,868.0279608458172
Rpl18a,1377.4883880772768,1019.1131715687268
Puf60,1377.701206908065,1249.5220894913105
Rpl18a,1378.0594864226389,940.0203670267728
Rps15a,1377.8416060916516,1086.706970795558
Rpl18a,1379.2505054823405,1383.0872583270252
Sdc4,1379.3969813056888,1311.393789228096
Sdc4,1379.6821713704287,959.1157928953708
Rps15a,1380.8928247148374,1070.8908801151354
Ywhah,1380.2032698760995,1214.951995500677
Puf60,1379.9676902575368,952.0953677406654
Prpsap1,1380.1972861134757,1419.291271898613
Rpl18a,1381.1133483079236,1510.6970210579211
Lamp1,1382.1298785475344,1287.535722742616
Rpl18a,1382.7093415585932,1385.7687946934
Puf60,1382.5732349811249,1235.7303524472147
Puf60,1383.4561548942954,1449.6055289563865
Rps15a,1382.5463088217284,1439.80352566877
Rpl18a,1383.602055751017,1019.330765823358
Rpl18a,1383.9250248562212,1433.7558664105186
Rpl18a,1385.108881484163,1330.6241408093888
Rpl18a,1384.8878537975777,987.3085599789044
Rps15a,1384.704778398197,1034.9205285904436
Rpl18a,1385.6762786211752,1555.2275538825631
Rpl18a,1386.1158250048693,1290.367693905236
Rpl18a,1385.9907966300273,1453.3341428677886
Rpl18a,1386.5439074366732,893.2453637355233
Lamp1,1386.7656738284986,1183.9541536655663
Puf60,1387.1908739221967,1557.6415232491606
Puf60,1387.430697773158,982.4984934514029
Rps15a,1387.3925668433817,1504.376740545706
Rps15a,1387.569251888264,1065.071963448154
Rpl18a,1387.8464746153718,1379.3675778873571
Rpl18a,1388.2927846145742,1078.6309032304698
Rpl18a,1387.9412288301996,1001.1696568783484
Ywhah,1388.1838839038655,930.9764194149196
Ywhah,1388.8331072261376,1022.3744264302428
Rpl18a,1388.559467608715,1564.9786697046252
Rps15a,1388.3300206999477,1057.754893058765
Sdc4,1389.034446979041,1308.7524567456314
Rpl18a,1389.5563231373849,1103.9135132530723
Rpl18a,1390.0291846117934,1358.276900145193
Ywhah,1390.1461095544778,949.78908137678
Rps15a,1390.3976482545677,1475.262479258819
Ywhah,1390.7934175337116,1355.4787501545652
Rps15a,1390.994180223665,1314.549973312974
Rpl18a,1391.249031060219,909.7325227083234
Rpl18a,1392.0367566736495,942.9725334155496
Rps15a,1392.065699877411,1535.4900122125791
Rpl18a,1392.2534101554993,1272.7737140937015
Mrps18b,1391.6487794013149,1342.9220106128892
Rps15a,1392.8597653125246,1023.854362308474
Puf60,1392.8599706539353,1527.9939253213363
Puf60,1392.8463439003615,1371.119465586437
Sdc4,1394.054685213809,1451.10264860679
Rpl18a,1394.6171723720668,995.1431420722234
Rpl18a,1394.3839394817387,1029.039699558683
Sdc4,1394.4702716110555,1156.1843249190415
Rpl18a,1394.998761848327,1465.9580318877415
Rpl18a,1395.123462984673,1362.7743740139692
Puf60,1395.4206881436207,1507.7699143431014
Rpl18a,1396.7339409506503,997.8546168571676
Rpl18a,1396.6388440900205,1590.6558204881935
Rps15a,1396.373562079429,888.585111021245
Puf60,1397.080544538007,1494.417852519632
Rps15a,1397.316092245349,943.0986316703924
Rpl18a,1398.240457195203,919.7579196051216
Rps15a,1399.8950312344311,1503.7804104485858
Ywhah,1399.272094834259,1041.4480352636335
Rpl18a,1399.6519296504257,1398.5132005566277
Rps15a,1400.4316075897882,1367.8017196611318
Sdc4,1400.2354194437055,1278.366979117771
Rpl18a,1400.515223092384,1510.6011547335647
Rps15a,1401.5436841987553,1423.280259850198
Puf60,1401.2608755728206,1560.7400373746718
Rps15a,1401.344647134386,1003.1298904114418
Rps15a,1401.6918128992336,1324.619818325936
Rps15a,1403.406817836798,1067.951692783058
Rpl18a,1403.7863187841483,1489.0493008168005
Rps15a,1404.045916956171,990.3898123681277
Sdc4,1404.1238909673248,1435.969367508458
Puf60,1404.8025913636395,1415.065502135467
Polr2m,1404.7650859800328,1412.591236448058
Rpl18a,1404.5093377525006,1410.8822956010454
Rpl18a,1404.6070452235058,1266.1541910863884
Rps15a,1405.4379291009288,1473.4169713529177
Rps15a,1405.545858077761,1349.6832512496828
Ran,1405.506510694869,915.0635035979578
Rpl18a,1406.0164116331748,1555.0090034175407
Rpl18a,1406.0134109841088,1261.472585088775
Rpl18a,1406.132669594706,986.05401572856
Rpl18a,1407.308250957085,1428.5297750034722
Rpl18a,1407.358577480608,1028.795774823702
Rpl18a,1407.936188947593,1495.3649861543076
Ywhah,1407.6003378237078,955.041684011822
Rpl18a,1408.2467133842365,1523.39199644755
Rps15a,1408.561592312226,1588.36138417319
Rpl18a,1408.9237381099442,1129.824009420851
Prpsap1,1409.544048857084,900.4237035526661
Rpl18a,1409.4092467040757,1396.1481863109143
Puf60,1410.5997569185329,1209.4321172592004
Rpl18a,1411.241467327569,1302.7012058339667
Rps15a,1411.1379595085805,977.8624112309764
Rpl18a,1413.1960704793423,1238.4599391588235
Rps15a,1413.601008733575,1267.5329244957572
Rpl18a,1414.3411118244364,1552.9080476029003
Rpl18a,1414.547744761352,890.2106177556533
Rpl18a,1414.6824237660985,1361.7551979364096
Rpl18a,1415.4768780236975,921.5598287457246
Rps15a,1415.1888542413467,1341.4765695380393
Rpl18a,1415.8040958541956,1381.8948825370596
Rpl18a,1416.949223892737,1563.195063291474
Rps15a,1416.859506228683,1334.064677439735
Rpl18a,1417.0825772124415,1420.460040429436
Rpl18a,1417.8479699972886,979.7765612851938
Rps15a,1420.1342306080655,992.8412950182118
Rpl18a,1420.3880074577492,999.6986473180908
Rpl18a,1420.5534084203623,1448.6473981673282
Rpl18a,1420.6053454057082,1394.629620740401
Rpl18a,1422.6271315675444,885.9366657602958
Ssrp1,1422.9527245299666,963.732710425404
Rps15a,1424.0823264310677,1492.999838484052
Rpl18a,1424.2179434168488,1245.54010209706
Rpl18a,1424.7098210331037,1554.2618151385734
Rpl18a,1424.7250479487006,1002.9824739413366
Rpl18a,1425.2351657119193,1335.510698582681
Rpl18a,1425.9803472362944,1450.4502350489058
Rpl18a,1426.02721747239,981.4920437499992
Rpl18a,1426.5418066428783,1493.6187614389914
Rpl18a,1426.8321538869195,1455.3120633157964
Rpl18a,1426.8288283462202,1023.1468079795352
Sdc4,1428.2582200120291,1419.5215364516844
Rpl18a,1427.8722928291363,1444.7328222228707
Sdc4,1428.0721413282386,1008.8272813638504
Rpl18a,1428.6260929395703,1474.689036135634
Rpl18a,1429.4412767254703,1059.6403774789087
Hif1a,1428.7450200775736,1493.5315864391694
Rpl18a,1429.4809893722345,1345.677425232511
Rps15a,1430.0678234941115,1489.2998756712502
Rpl18a,1430.0779863534394,1510.6193244158071
Ywhah,1430.5967624485331,1225.1875068421366
Puf60,1430.711857607933,1467.7568786029462
Rpl18a,1431.6490361380124,1328.1876749896703
Ywhah,1433.7397757540748,1429.1512584141462
Rpl18a,1433.2022072437562,986.4242503750404
Rps15a,1432.927903000027,1226.5220316757038
Rpl18a,1435.1601011873115,1462.6019786205025
Rpl18a,1435.101851710877,1205.8227753666454
Ywhah,1434.599212347497,1259.012114578066
Rpl18a,1435.1389203972933,1064.182771940696
Sdc4,1435.5348438475116,1319.8859657711162
Rps15a,1436.0414465377874,1268.9966644306646
Rpl18a,1437.0847949191857,1475.3228382859097
Rps15a,1436.5569926473895,1334.5879414260492
Rpl18a,1438.7943431331655,930.7915396068328
Puf60,1439.6566449433556,1202.594195778123
Ywhah,1440.430720269242,1209.954546412583
Rpl18a,1440.592740942874,1342.7761188520017
Rps15a,1441.0738979081054,969.2117345675928
Puf60,1441.5699626208072,962.3098785328878
Puf60,1441.4553035985066,917.4902573185916
Rpl18a,1441.5949479226351,1405.5443217764564
Rpl18a,1441.9784018423238,1456.2634453733208
Rpl18a,1442.968344996053,959.4869241388832
Rpl18a,1444.508677653857,1098.4797092719568
Rpl18a,1445.350619482008,1046.0541006884414
Rps15a,1445.5574718003631,1013.1244887644208
Rps15a,1445.4441738484616,1054.7261028810517
Rpl18a,1446.6925929439342,1066.4803156853418
Rpl18a,1447.0509204405678,1447.344234400597
Rps15a,1448.109407383183,1346.1804431688577
Rpl18a,1448.0169401992555,1278.4634281848726
Rpl18a,1447.973493055655,1429.3884926038234
Rpl18a,1448.2542702204353,1362.4914355094334
Rpl18a,1448.157739521007,1437.2035737137107
Rpl18a,1450.9981638966867,1046.966154991965
Ywhah,1451.0459324300944,917.2314756165596
Rpl18a,1450.8746282429504,1324.709046672907
Rpl18a,1452.0847866529436,1088.634474499201
Rpl18a,1451.830600767146,1356.6998532591676
Rps15a,1452.7407266717364,1001.6954437279333
Rpl18a,1452.4480853417926,1057.628755701866
Rps15a,1453.8987991695103,1439.7514307539432
Rpl18a,1454.9611751308753,1371.3724826965922
Rps15a,1454.875643222896,999.9606975632328
Rps15a,1455.3842188031667,888.8810017557906
Ywhah,1456.4462773554174,943.275964311286
Rps15a,1455.8513668883545,1322.3450545884184
Rpl18a,1457.6019024162129,963.88919379956
Rps15a,1457.52533161972,970.8526486322684
Rpl18a,1458.9223554414325,941.9345228039452
Rpl18a,1459.7338761062667,1168.569097627647
Prpsap1,1460.0227859644397,1389.9470940251713
Puf60,1459.718859166573,921.2688631673492
Rpl18a,1460.7471533934963,1405.5264302658006
Ywhah,1461.462536840599,1012.8061993920484
Rpl18a,1462.1613386995248,1129.300625561495
Rps15a,1461.4882657842911,995.3333412697524
Rpl18a,1462.6027984745665,1297.0240767426444
Rpl18a,1462.8214587121013,1445.687850273425
Rpl18a,1463.2374858673988,890.2262666000347
Rps15a,1463.7810881095706,1060.7260020525682
Prpsap1,1464.627362570577,1258.2618789686658
Rpl18a,1464.7613532470916,1370.1580982798882
Rps15a,1465.3324625131418,1002.1152138333548
Prpsap1,1465.807504811302,1287.41159896331
Rpl18a,1465.16762948797,944.4898868294912
Maged1,1464.0043993105592,944.482888558641
Sdc4,1465.5643690287077,1012.3854078952412
Puf60,1465.2155428180977,964.2525854068554
Sdc4,1465.4643355675823,1229.3676508918422
Rps15a,1466.2652565638664,972.7039890195692
Rpl18a,1466.3854039861628,1304.333885156547
Rps15a,1466.36027616111,936.400073023368
Rpl18a,1466.8627857896868,1310.3292116717898
Rps15a,1469.638549651561,1312.3869680019006
Rps15a,1470.8534188692693,981.302039858428
Rpl18a,1470.8334678121018,1058.4110451260335
Rps15a,1471.92754613002,1304.4299268262118
Prpsap1,1472.373928509277,1238.11495122664
Ywhah,1472.6544985637006,901.1221807484972
Vim,1473.2566802518795,901.3178452263944
Rps15a,1473.9802585137286,1003.9465357159428
Rpl18a,1474.0269922254668,1135.9480110355182
Sdc4,1473.9731430576203,1061.299547230196
Rps15a,1474.8405435352906,1265.169874045453
Trps1,1475.431215394517,1221.8145873594049
Rpl18a,1475.6522267591702,1326.8709935072918
Rpl18a,1476.0079511220883,1103.1365470167077
Rpl18a,1475.7627561364068,1311.8777998896412
Rpl18a,1476.352198367125,916.04891564899
Rpl18a,1476.74602920201,1270.0203532924083
Rps15a,1477.7093648118275,903.0137862661136
Rpl18a,1478.161906337788,1243.9093842742325
Ywhah,1478.3661465680962,1291.728184095724
Ywhah,1478.7417383420293,1333.8746529499722
Ywhah,1478.595683743582,983.3638721889006
Rpl18a,1478.9145282782351,1203.2704480334137
Rpl18a,1480.1613325582084,990.8504955667746
Rps15a,1480.182579424167,1296.6588698966657
Sdc4,1482.0301476461636,1280.8262892688822
Rps15a,1481.7851844318204,950.9627412725566
Sdc4,1482.6510681982886,1292.6845639684814
Lamp1,1485.0240923738456,908.3374026819216
Rpl18a,1486.0088740253266,931.7891697401986
Rpl18a,1485.9774513260231,881.2016334070488
Rpl18a,1485.862411445572,864.1069576414261
Rpl18a,1486.3651265356784,926.2573447858204
Sdc4,1486.489594088638,1097.621313094798
Lamp1,1486.197064636454,1059.363833333272
Rpl18a,1487.0211388706027,1024.3993955993442
Rpl18a,1488.3781439315576,1281.5518944302255
Rpl18a,1488.9342146783767,1038.8008403975057
Rpl18a,1488.7651515346574,1268.4076582911805
Rps15a,1490.0922835837412,1105.544274138206
Rpl18a,1489.8714846923267,1053.661316191421
Rpl18a,1489.8573201395302,1287.1757817215523
Rpl18a,1490.3082915773666,866.6080243913314
Rpl18a,1491.1092703426073,912.75931679639
Rpl18a,1492.1315169641605,976.107419500874
Rpl18a,1492.1685940928398,956.9247756927882
Rps15a,1493.175088111847,1021.4413316477968
Ywhah,1492.9235450236986,904.2128085894396
Rpl18a,1493.3745534619354,1254.9121765379318
Sdc4,1494.7177884454948,1273.0923865783752
Rpl18a,1494.7905869000342,1103.1133692225098
Rpl18a,1496.2924778384206,924.4008125666944
St13,1497.1973251203792,925.1474333125508
Rpl18a,1496.6862141070137,1114.6756612652562
Rpl18a,1496.924543590691,1270.4783697633586
Mrps31,1497.7782790450497,1179.5713911961614
Puf60,1499.099753737514,1061.0314621380803
Puf60,1500.1002280531202,888.0480641363355
Rps15a,1500.795960332747,1026.2090607063838
Puf60,1500.3168178681703,992.845171919068
Ywhah,1501.1239294425984,982.804572775656
Rpl18a,1501.7572495248037,952.8040486754512
Mrpl17,1501.5785441314902,972.2208651175818
Sdc4,1502.0532943366793,1229.0493836663777
Rpl18a,1502.7817231831175,919.9547016796212
Rps15a,1505.4556477208623,1349.609878926051
Rpl18a,1505.946690154854,1065.0753326909205
Rpl18a,1506.7793118883892,1031.4021315509722
Rps15a,1506.9820427960778,1131.4205580776647
Rpl18a,1508.4032227648995,1317.7103082277592
Rps15a,1507.9317380661653,1011.5306388322032
Rps15a,1508.662133494164,986.6495034253688
Rpl18a,1508.1021853599675,1156.6414038374962
Rps15a,1509.345122903902,1316.857664531031
Rpl18a,1509.85694190076,1263.59190194286
Rpl18a,1510.1003064148636,1050.7745535328272
Rpl18a,1510.195821764848,909.3532205405083
Trps1,1510.125157410044,1165.3106791283649
Rpl18a,1510.856700905915,1276.9846812181102
Rps15a,1511.631330704473,939.6380088741148
Rps15a,1511.442193853003,881.0554573373072
Puf60,1512.5443385305116,1141.114346107103
Rpl18a,1512.0192677416312,1061.0795354852803
Rpl18a,1512.344609374703,1296.5836131505491
Rpl18a,1512.8334071075524,1259.1872053700456
Rpl18a,1514.3977473091732,947.7729170545036
Rpl18a,1514.1274080364728,1311.0099573510122
Rps15a,1514.3822129267332,1283.0998571950054
Rpl18a,1515.5177306102455,1273.6363598721314
Rpl18a,1515.4797667653725,982.302514811377
Rps15a,1515.022389342821,997.7819897329604
Rpl18a,1515.206241505041,973.6056324774984
Rpl18a,1515.397639795426,933.6433998063673
Rpl18a,1515.6074739530336,1182.354026674789
Rpl18a,1516.972521740211,1025.5146950571277
Rpl18a,1517.0089621371178,1099.9704842414535
Rpl18a,1516.8865038903955,892.1676370785104
Rps15a,1517.8285660388246,1109.574776665292
Ywhah,1518.1510687941786,1274.8171708999128
Rps15a,1517.8480632114288,1120.837129281452
Rps15a,1518.692654254227,1246.2453281454991
Rps15a,1518.2715938762867,1312.1464221662488
Lrrc59,1521.4546051288085,1080.8574394084512
Rps15a,1521.5650983010266,1207.9559526067144
Mrpl17,1520.0060118478011,894.2084304578019
Rpl18a,1522.6480122109897,1088.732463961895
Ywhah,1523.2414666272916,1130.2956379406812
Rpl18a,1523.3918358949215,1263.1759272368186
Rpl18a,1524.926394303995,1018.4944834170548
Rpl18a,1524.7799327235005,1063.239707962763
Rpl18a,1526.041068745487,1295.5528043985796
Rpl18a,1525.9999045080372,1255.1111640113706
Rpl18a,1526.910612981531,1144.9205649067649
Rpl18a,1526.808162326295,1051.2090362820006
Sdc4,1526.748367250797,1083.8500869751424
Rpl18a,1526.8152544999234,1309.3037850527676
Rps15a,1526.8533875815133,1250.1180003143131
Puf60,1527.720150847712,900.6209628385687
Rpl18a,1527.5842257112563,866.4696791299566
Lamp1,1527.812869494326,1102.951071197966
Rps15a,1528.2945670405743,1283.0303848707242
Rpl18a,1527.613570533869,1302.867064810369
Rps15a,1528.9797535573496,1272.8316202872645
Puf60,1528.4018089661415,1035.624134726889
Rps15a,1529.2062001337574,1192.5939027614625
Rps15a,1528.7393613206568,1212.4097577927566
Rpl18a,1529.932890339666,1137.3796016852202
Rpl18a,1529.8235827866345,909.633044007824
Rpl18a,1529.9130544432635,1166.9776092566722
Rpl18a,1530.41094639753,948.7016597245142
Rps15a,1530.5047325495411,1151.0780765437137
Rps15a,1530.7513073036614,985.0560867360588
Rpl18a,1531.967411051323,1311.9120513126015
Ywhah,1533.852172453143,899.9745603144238
Rpl18a,1534.2209704062554,953.105906135916
Rps15a,1534.7106381677909,1001.8458374516013
Prpsap1,1534.9131553341258,1149.7459885936414
Rpl18a,1535.3635693161332,1103.6568763728003
Rpl18a,1535.4401790258898,1111.4267541490883
Rpl18a,1535.5027205379893,1206.920356304445
Rps15a,1535.6462917984527,897.1920132065947
Sdc4,1536.4909482708358,918.2007255121256
Sdc4,1536.9271801292598,1085.1298209502138
Sdc4,1537.477444417637,1166.10608236462
Rps15a,1537.8469088400632,1058.5084547821994
Rpl18a,1539.1660351421876,1190.7523404558267
Rpl18a,1539.594134761564,1157.989616961068
Rpl18a,1540.3359062763404,945.5593662120434
Rpl18a,1540.7656344847326,1184.3589678841072
Rps15a,1541.820898322718,1112.0524417001711
Ywhah,1541.5678396567223,1087.5490278882976
Rpl18a,1541.2227586396143,892.6001862808927
Rpl18a,1542.529015701783,1192.033428734804
Puf60,1544.3304070540269,1115.4262619568606
Rpl18a,1543.90078897871,997.6579795930288
Ywhah,1545.3410617821082,1191.331970510881
Rps15a,1545.9063154798075,1056.372969516239
Rpl18a,1547.3065772637524,905.8690003058736
Rpl18a,1548.2888007321628,1120.7772286222
Rpl18a,1549.901601951458,1113.050463794198
Rpl18a,1550.9442637100983,884.8242218575145
Rpl18a,1551.9171853050811,1119.053172285015
Puf60,1552.1557545770834,879.5803265357728
Rpl18a,1565.8682086855376,916.8573185364746
Mrps31,1567.1637541345656,954.3685963715168
Srebf2,1314.6316088140984,984.5079950997468
Arf1,1317.851235228711,1202.9366718705628
Arf1,1322.6659839618844,1373.048153338172
Arf1,1323.4715359563354,967.7040019949028
Paics,1325.0029753637064,929.6663513843762
Paics,1325.896579021632,1297.611078022319
Vim,1328.389152075132,1332.646845418559
Paics,1330.4355060140217,1042.4316257328558
Vim,1331.838722179861,1241.5605796603088
Vdac1,1332.989720183086,1241.4949823850106
Arf1,1333.235622770204,1290.747882473143
Ndufs8,1335.5006728460417,1262.4848342810355
Arf1,1336.9130865045336,1309.106410671929
Arf1,1338.4587652979385,1224.8226606729186
Vim,1338.7557779882288,1187.9809967832557
Srebf2,1339.8653388113169,1125.286288301598
Arf1,1340.2678153463266,1278.5097541557425
Srebf2,1341.4174223583398,1213.5786245683323
Paics,1342.3357139876769,987.1248377335224
Srebf2,1342.1365388767067,1192.6555279224017
Arf1,1342.6885131238894,960.1629600580628
Arf1,1342.5048487379177,970.1316378911168
Ndufs8,1343.0848286738135,921.3757971334624
Paics,1343.8667120983405,898.7836159680734
Srebf2,1346.389013465376,1250.484719208241
Paics,1346.3795817413238,1147.0697977830207
Arf1,1348.7124942130952,970.6991367570122
Paics,1351.36125480055,1245.6392099124268
Ndufs8,1351.7000287434803,1275.4643483807722
Paics,1353.8930670214663,1086.4056899428217
Arf1,1357.550447171358,1190.6661974231706
Srebf2,1357.8918634220192,1170.83125456219
Arf1,1358.5527609335563,933.1081975764928
Srebf2,1360.3887468205291,1276.168932285607
Paics,1360.5004320290504,1107.037899212924
Paics,1360.7380421179168,1289.343031774748
Paics,1360.6343350646985,958.88945389074
Srebf2,1361.2736699113084,951.8263424937738
Arf1,1362.88592472171,1104.1906223687383
Arf1,1362.8302108695975,1365.364896022104
Srebf2,1363.6559163942495,1053.87530953026
Arf1,1364.0079907645809,1127.6301982893133
Arf1,1364.367008739676,1323.3222123546589
Ndufs8,1365.1736279493236,900.5382234020002
Arf1,1366.057984062017,1412.4034274477908
Paics,1368.310421230511,943.1070512902464
Arf1,1369.8396999613656,1397.211830115683
Paics,1370.9873222326787,1337.157162668823
Arf1,1372.9197700657012,1418.2234616809142
Arf1,1374.382916557009,1101.147157861713
Arf1,1374.0776135908836,1438.126160778142
Paics,1375.0120617863906,1372.625737633171
Paics,1374.2483847479596,1103.2740160492067
Vim,1375.8622181640392,1106.0475771568588
Srebf2,1378.101062365525,1315.4574684364472
Vdac1,1377.965876176304,1018.6300657331448
Paics,1378.0822312893213,958.522148793652
Srebf2,1378.8272652391972,1224.7183385797807
Paics,1379.2466453478078,1437.0486856436537
Srebf2,1378.8260603431818,1213.3928482255549
Srebf2,1379.880174466915,1258.2831431875038
Arf1,1379.9022437928688,1065.6378644923925
Paics,1380.5544653953957,1338.675372400738
Paics,1380.6834115251895,1076.7808147355906
Paics,1382.4397865842284,1324.6462345506443
Sec13,1381.72185507641,969.090041071561
Arf1,1384.7074306248012,1064.4598912258366
Paics,1385.2095599253053,1462.3571687374626
Paics,1386.116193874247,1601.7500534441417
Ndufs8,1387.5622163015487,1217.5633680097694
Vim,1387.1084990050954,1510.416428301228
Paics,1388.8679080271656,1523.6668118821824
Paics,1389.0465588934208,1491.7741342526642
Paics,1391.0765566103162,1199.904502593874
Arf1,1390.5109060334678,1502.4212902953636
Arf1,1392.0498448528576,1059.3361749244746
Srebf2,1393.7248206046293,1236.521211009367
Ndufv1,1395.194499039157,988.3899827756514
Vim,1399.6081067100213,987.4041455466491
Arf1,1397.7800546634892,987.978606900163
Vim,1397.2435354510942,1404.3875281447283
Srebf2,1398.7270677668726,1437.6937006620265
Paics,1399.5981127416917,1093.7772660077424
Srebf2,1400.917463087951,1023.3613538877768
Paics,1401.9899097909993,1246.9966111728593
Ndufs8,1404.9274760996468,1422.1064195534263
Ywhaq,1407.6982146313233,1587.03874025661
Arf1,1406.4131213543094,1041.8289998134642
Arf1,1406.8480399067116,1524.8232149452604
Paics,1408.8095871069554,1462.756533798872
Paics,1408.8211598055946,988.6023298935024
Arf1,1410.458327974442,1591.0015975116603
Paics,1410.7701973235637,1339.785029324484
Srebf2,1411.771496743221,1068.9640191800545
Arf1,1415.1013552725915,1374.813520061255
Arf1,1416.5847636563483,973.090860420731
Arf1,1417.6856736090565,1537.4616856648322
Arf1,1418.2847123730126,1381.7250274800094
Srebf2,1418.4352580415532,1275.4238468340068
Paics,1419.486628500293,1141.686750170203
Arf1,1419.6835822424232,1123.2724217486116
Paics,1420.399513975151,1163.5978677565556
Arf1,1420.859788404454,1002.5832083682296
Srebf2,1422.6838851182415,1044.7431723911482
Paics,1422.6597047008918,1520.5944217641718
Arf1,1422.9509482618505,941.9611476910836
Srebf2,1423.5241737056365,1500.711314498683
Srebf2,1424.1503324144392,1362.2964090189962
Vim,1429.13311933047,1423.162545442039
Rnf11,1427.9164406283803,1423.4197939740443
Paics,1429.44529250315,927.4059203599356
Arf1,1430.069753310514,1327.122741101962
Srebf2,1431.459999869037,1059.100673131497
Paics,1433.3731322290373,947.6123807011528
Nucb1,1433.5469674622634,1420.394429359712
Arf1,1433.864930313886,995.8921611307692
Arf1,1434.4369225889388,1439.7676629657856
Srebf2,1434.0853038779103,1445.4186245516555
Srebf2,1436.8743200189465,1183.0305069304654
Paics,1441.2361401735532,1455.674156699159
Paics,1443.5709295767488,1058.3322339780325
Arf1,1443.7042326396463,1340.9876493286574
Srebf2,1443.7271492474663,894.9062718411728
Arf1,1445.2767004539137,1331.4902935848936
Paics,1447.1402775538825,1025.3285597436247
Paics,1447.069664438067,1434.3136983635657
Paics,1448.067303384303,987.6709065641102
Paics,1447.8060042206391,1250.537688562416
Paics,1449.7255824444624,958.4309322861618
Arf1,1451.5037176631772,1032.7518396334265
Vim,1451.5878485327985,1031.076290665968
Srebf2,1452.8941615934473,933.374076463058
Arf1,1452.994260918848,1405.9944739142045
Srebf2,1453.2937364660345,1002.7520765973178
Srebf2,1455.8839608407002,1166.7064079381175
Arf1,1456.4741723037257,1353.4689636346675
Srebf2,1458.8065944061989,1008.439831963939
Arf1,1458.588970668289,1374.6403545528717
Paics,1460.5548477897,897.3453282925302
Arf1,1460.507790900654,1371.3054376723271
Skp1a,1463.7748301353015,1390.0999716773829
Srebf2,1464.020110475657,1285.4616709952802
Paics,1464.5793914408096,906.1204789491068
Ndufs8,1465.6702499470107,988.3124573970932
Srebf2,1465.9090099469738,899.6235216640945
Arf1,1466.929544321849,1335.4581549741208
Ly6e,1468.5840334691418,1031.6188137743557
Paics,1467.2547724372382,1030.0863290622328
Arf1,1467.756279481645,990.9263519686236
Paics,1468.82078285557,1301.6179320995122
Paics,1471.3537338663866,903.2400643465262
Arf1,1471.8788634921675,947.7199037734468
Vim,1470.829624592082,1209.453353270172
Paics,1473.767722036123,894.7270293001118
Arf1,1478.1668565730397,953.3546149101012
Vim,1478.494950038365,1086.8377737295946
Arf1,1483.5397365636015,965.0326185701648
Paics,1483.1573205459365,927.5753047198252
Arf1,1485.0963906548488,990.7357023544046
Ndufs8,1486.5872716364506,1001.9571568450652
Paics,1486.9504684542587,1280.0665872930351
Arf1,1491.503140792769,874.8712178627193
Arf1,1491.8716970983098,1244.4298167106626
Arf1,1492.9917003007026,960.1983040362944
Paics,1494.8099312356178,1283.961069588079
Arf1,1498.6793882084305,962.8067625032274
Paics,1498.793866461493,910.0485693859534
Arf1,1499.9613070992425,970.6143786707048
Gsto1,1500.6456868906048,971.411994607444
Paics,1500.530558542753,1276.5232006195074
Srebf2,1501.1485240226134,1105.2783819108602
Arf1,1501.9591431371805,1079.1304163611603
Srebf2,1501.369505844516,1081.7934706371784
Paics,1501.3875460103952,893.3851313727222
Paics,1503.9398021526108,1292.0117391810634
Arf1,1506.120654829717,1237.4123016235844
Srebf2,1508.7502015060295,1308.889102129534
Srebf2,1510.7699885875209,1264.5256572074252
Arf1,1510.922505463037,1300.211731162383
Srebf2,1513.892267397906,880.5020568814641
Paics,1514.318449728706,1235.28322290208
Srebf2,1516.2595010505322,1103.031029788573
Srebf2,1515.9294022953025,1166.4929249798731
Arf1,1516.7936639223622,888.8576950469935
Arf1,1517.410838198557,986.7855695204968
Arf1,1518.0876928769085,1303.6304211554843
Arf1,1518.0439792143034,931.3792647647276
Paics,1519.8982782909177,1117.6332688965529
Srebf2,1521.5902788632309,1201.4406764792502
Srebf2,1522.2347670485915,1043.4711063306029
Arf1,1522.5606088857378,980.4170465100171
Arf1,1524.740460589751,1304.8953351820946
Fgf7,1524.6117922103722,1122.5907372036722
Srebf2,1525.2495065954238,1121.5495473937644
Paics,1525.7317899515458,1023.2762941296525
Arf1,1524.83212593483,1051.129726219432
Srebf2,1527.037023715278,902.8546887543368
Paics,1528.5110601285537,955.4058324561596
Paics,1529.573307294344,876.1684568064377
Ndufs8,1532.0948618528002,1024.3780769815426
Arf1,1532.9399253080137,1187.8791404952767
Ndufs8,1534.010777165127,1006.3488590186616
Paics,1533.828097965194,984.7464675194752
Arf1,1535.3278450144935,894.4346714661465
Arf1,1536.479321554891,861.7756178143252
Paics,1536.0598154787408,860.1387746305186
Arf1,1538.2231301067122,905.0814096775646
Paics,1538.8238419657,1321.3465932124543
Ndufs8,1540.7244601752022,1073.6531842515974
Arf1,1540.6187296678825,1063.868520656858
Paics,1540.921372285301,1138.395062229501
Ndufs8,1541.7066899171532,954.8427665367244
Arf1,1543.4363698557513,1038.5845653329725
Arf1,1545.3228293328898,965.6534512051282
Paics,1546.0375188653131,1125.6513802602967
Paics,1547.3855342353818,953.1985895344084
Ndufv1,1378.0753296383025,1406.245071806729
Ndufv1,1390.5354192109312,1430.7272767116272
Ndufv1,1392.8400709235775,1500.9639399903635
Ndufv1,1396.8317838958494,1539.4286309004367
Ndufv1,1399.9329739554523,938.4398264967558
Ndufv1,1414.35508500684,1448.3659607092343
Ndufv1,1428.4324814988347,1265.7635827770132
Thy1,1430.0279335045268,1266.925010968357
Ndufv1,1443.7697777571152,994.3828509170662
Ndufv1,1452.5575444168385,1007.739182095025
Ndufv1,1495.270988459981,1291.703485037115
Ndufv1,1502.513939595364,1009.0376346499196
Ndufv1,1517.2973701028875,1247.530187216884
Nfe2l1,1234.6505336489604,1414.559076199924
Nfe2l1,1253.2179946012388,1391.033947533972
Timp2,1295.7815564235768,1260.4523675222222
Nfe2l1,1319.9691264675016,1206.530054484014
Ybx1,1327.9093520417316,1277.384307225644
Timp2,1329.9650300430246,1142.117586435911
Nfe2l1,1331.4968055069992,1262.7705643569388
Timp2,1336.4978960996305,1262.8458434301513
Timp2,1337.7081512660495,1184.0620910984612
Timp2,1340.4234395636176,1275.5177139639743
Timp2,1341.751453483654,1145.3175508919578
Timp2,1343.697299894461,1328.1702277071738
Timp2,1346.8613418699176,1312.4591676111206
Timp2,1348.9302910445774,1318.2364178205476
Timp2,1353.7862511326643,951.5392390124498
Timp2,1359.1381485464294,1175.979651754028
Nfe2l1,1363.1087828221748,1120.0972359725647
Timp2,1364.5658717655342,990.879715779579
Timp2,1365.9055386278671,1173.333154046024
Nfe2l1,1366.9643708391654,1388.7124550428002
Timp2,1368.6427738294294,1251.7257309364263
Timp2,1369.0896764868007,981.4916290959454
Timp2,1371.5118828141765,1223.6031332682812
Timp2,1371.985014392749,1172.2737595570386
Nfe2l1,1372.284231352833,1263.235069354033
Timp2,1372.8541144721294,971.2556022572008
Timp2,1373.5442631396736,1418.5056935414564
Timp2,1375.185294783494,1184.036094389905
Timp2,1374.9196659972272,1499.3814626470548
Ybx1,1375.9308551443364,1149.7322988929798
Csnk1a1,1377.2167268899152,1150.4212152004088
Timp2,1376.3459428273666,1390.4253279700438
Timp2,1377.6748326579182,1338.4310458515838
Timp2,1377.7430484090487,1412.5726510889176
Timp2,1382.8821851080934,1299.180199991413
Timp2,1383.2378190511272,1197.4452677938802
Timp2,1383.4153379223887,1244.5083597132302
Timp2,1384.8740340176812,1268.4824475013268
Snrnp70,1384.330766359251,1268.5941918397275
Timp2,1387.7361720339363,1182.6945791999392
Timp2,1390.9135010597151,1233.005001781804
Timp2,1393.6412179317265,1035.458633126698
Timp2,1393.6511855649178,1002.502545956716
Timp2,1394.1087596827251,1029.1645647855985
Vim,1396.6854457547672,1057.4558980291445
Timp2,1397.7703564984504,1328.34280708415
Nfe2l1,1399.5560309812563,1506.1302011860907
Timp2,1399.5419038878183,1299.0371100501975
Timp2,1404.8774482025258,948.740733155452
Nfe2l1,1406.141225553366,1021.881413406119
Nfe2l1,1409.176258166952,979.7410580169912
Timp2,1411.417289412002,1013.8393534073452
Nfe2l1,1414.3467065568911,1485.1045692832067
Timp2,1414.2522493824497,977.4480065796046
Timp2,1417.1096147759115,1242.3013271821096
Timp2,1418.1416556322438,1268.2969277233276
Timp2,1419.147302262594,1363.9055020446
H1f0,1418.8482357422536,1041.5180966202715
Timp2,1425.628155839059,1049.3331385027382
Timp2,1426.3695686941105,1010.2533451124212
Timp2,1426.1780656110527,966.5891586632044
Timp2,1426.4684071174668,996.5357795647446
Timp2,1430.2109799801472,1358.804611668678
Timp2,1430.665193123538,1031.5331896270302
Ssr3,1431.5687917935825,966.2960375297636
Timp2,1440.0148196653315,1178.0401696430947
Nfe2l1,1445.96481173824,1357.2071234979624
Timp2,1445.492042026072,1415.9827894793862
Timp2,1445.6217777788722,1411.8685479795138
Nfe2l1,1447.5533378816526,1057.0000369946556
Nfe2l1,1452.170126771554,1168.6971192222627
Timp2,1452.6223282106907,1389.2059681237693
Timp2,1453.3695362037174,1063.7318072918683
Timp2,1455.3515672756548,1023.8229540275612
Timp2,1456.7107977927465,1303.2492129323327
Timp2,1459.571432355171,984.6324786600984
Timp2,1459.832015761146,1387.173485616306
Timp2,1463.4122352903269,1179.8183103073516
Timp2,1465.4062793495932,1370.557920259368
Timp2,1465.8991174983662,1041.928082659987
Timp2,1467.0277579381086,1007.12434994175
Timp2,1468.34184869407,978.7878942206372
Timp2,1469.1928355827597,1316.6065028224896
Timp2,1469.7528278087625,1246.9847668082307
Timp2,1472.009506454728,1351.091911917205
Timp2,1472.63610463039,1280.9742592827724
Timp2,1477.054553912414,964.932977656148
Timp2,1479.970563011201,1180.691155953769
Timp2,1480.4340941794565,1248.492516630302
Ssr3,1481.38630171158,1039.339886729146
Timp2,1482.5494823444712,1299.9606172700678
Nfe2l1,1483.697400533035,944.590301386976
Timp2,1483.9653303811313,1083.4509562117253
Timp2,1488.0333446920822,1022.3331977410784
Timp2,1488.9130428447716,1216.4636287203955
Timp2,1489.3922149787968,1102.449746589439
Timp2,1491.0559166930857,1247.9372482349577
Lrrc59,1490.778757142492,1247.0785064022766
Nfe2l1,1491.1482621062687,928.1014960020424
Timp2,1500.1501903431997,1094.8359901365534
Timp2,1500.82110393071,1089.1005128882548
Nfe2l1,1501.957556872267,1103.8878372679806
Timp2,1508.5630432556256,1017.2722992709098
Thy1,1507.673258541418,1017.3987012359134
Timp2,1512.5715584553711,930.7852725370772
Timp2,1513.0483908986453,1103.8814126329692
Timp2,1514.133667021843,1126.022930368841
Ybx1,1515.9669692484572,1058.2308483084105
Nfe2l1,1516.4382754093972,909.5231022728736
Timp2,1516.7183183025843,985.9422974190348
Nfe2l1,1517.9974394170806,1103.9311278796856
Timp2,1519.65199281891,1141.4804197362566
Timp2,1522.7033257668966,1224.664333356132
Timp2,1524.084010661894,1175.815133619191
Timp2,1525.876213112823,1195.5316312122325
Timp2,1530.8209179907822,867.1458094676137
Timp2,1537.6861492547348,1111.4130965344252
Timp2,1541.3342108822778,1151.9663708286662
Csnk1a1,1287.87843332595,1214.875464374565
St13,1302.58155547436,958.3841832270224
Sfpq,1317.1804413155471,1240.031137836238
St13,1320.7242293837082,1342.6498183769468
St13,1323.61118314848,979.8470335055816
St13,1323.4989581006562,983.4868009922778
Sfpq,1324.3190829743949,1051.8364103398303
St13,1327.3653853736744,1182.5634864181704
Csnk1a1,1328.9882600546011,982.6326245462724
Ssrp1,1330.5532196871725,1326.4556979863871
Sfpq,1331.3531990169718,1328.5529311238754
Sfpq,1333.3367963416545,1136.1133400692042
Sfpq,1334.793772642013,1301.158993455851
Csnk1a1,1335.835068847084,1204.084730850098
St13,1336.1998218058088,1290.0049495019227
Hif1a,1337.3916404031518,891.1089257060092
St13,1339.414966648351,1316.65584812714
St13,1340.4842473939616,942.2387713920176
St13,1342.8768317067766,1340.1384604082275
Ssrp1,1344.0247860436682,937.6560544727524
St13,1345.2053588002684,1105.4236230057186
Hif1a,1345.3873811331505,1131.7765169103754
St13,1345.5368832385127,1194.4882795727583
Ssrp1,1345.9640949984769,1201.440601326623
Sfpq,1346.3437460028038,1217.9310724259424
Sfpq,1346.948953318631,930.0338795551093
St13,1347.9084587908194,1080.086359924789
Csnk1a1,1347.600153918398,1052.2647627426018
Ssrp1,1348.8392167110155,963.5968437303464
Hif1a,1348.5772189059735,1327.208598080258
St13,1349.3745234355415,1364.9083771100877
Sfpq,1349.069641548961,1348.8712154500013
Sfpq,1351.5189391412036,973.8676273582198
Hif1a,1351.0593234785856,992.1631007290348
St13,1352.6610289460432,947.591981757232
Csnk1a1,1354.0168099018651,1040.1316083969257
Hif1a,1354.308795722878,992.9488969197924
Sfpq,1354.2029437032345,1227.3139883794634
St13,1356.7541985007888,1164.2127007708818
Sfpq,1357.250527021465,1327.917223469041
Sfpq,1357.1869552638998,1109.5958659637377
Csnk1a1,1358.2808186285538,1074.677720686911
St13,1359.0569916717689,891.5743531388048
Csnk1a1,1360.7831412153523,1089.1855394353777
St13,1360.8821857839664,883.3106164750093
Sfpq,1361.3623367940445,1348.6657210681085
Sfpq,1361.9124972184356,1245.690694148837
St13,1363.8307659961806,942.0580102595108
Sfpq,1364.5836614449388,1149.256045682223
Sfpq,1366.3032892460774,1188.8846863403644
Sfpq,1366.706169738261,1326.0099879438783
Ssrp1,1367.072198267526,1414.767506883206
St13,1367.747107493022,1314.3111382051704
St13,1368.5657546688838,1084.113436357135
St13,1368.786123563897,933.9808422638472
Sfpq,1368.8025380111392,1239.880433389577
Sfpq,1370.3731727515355,1277.2384534379123
Hif1a,1370.5733216915094,1574.1298560223026
Sfpq,1371.5142681293453,1532.9659856319518
Ssrp1,1371.3952555943165,948.151066640182
Csnk1a1,1371.9544409072057,1299.726578406057
Csnk1a1,1372.0109860243183,894.7988364781027
Hif1a,1372.8054806678333,1096.3216793540616
St13,1373.861375188777,1407.5108393266737
Csnk1a1,1373.8654413670697,1376.1498716245649
Ssrp1,1375.3253563037408,1359.1116584333515
Sfpq,1374.9092355671985,1461.3579277979793
Hif1a,1375.463314196374,931.5283474388532
Ssrp1,1376.674681928089,1554.930868072539
St13,1377.3065689792174,1479.531193840526
Sfpq,1377.820315337487,950.4086393015084
St13,1378.7176584432823,945.1022499106364
St13,1377.5446790233311,1375.8772955816926
St13,1378.645549628999,1499.8973137090936
St13,1378.489623926431,1380.520730001866
Mrpl12,1378.41753047287,928.845061010442
St13,1380.0246621988897,1031.042565426551
Sfpq,1379.8449113174431,1539.144398055772
St13,1379.9313762720783,1545.9230108057704
St13,1380.5052404939568,1464.233253642893
Sfpq,1381.53307146083,1526.5188750500454
St13,1381.792237139514,1485.539039808178
St13,1382.3040593471262,1569.990898326163
St13,1382.321850942695,1345.9447795114263
St13,1382.7936896319088,1322.2496528756296
Ssrp1,1383.9502690874926,1057.897503850192
Sfpq,1384.640050784912,1074.4006498219435
St13,1384.653917767868,1419.9504623364114
St13,1386.7742872797678,1427.1891329039197
Ssrp1,1386.761234063609,1346.9188378510337
Ssrp1,1387.3821628296107,1339.951735317264
Sfpq,1387.0592995367188,1154.333181295695
Csnk1a1,1386.789811207453,1399.7610181347486
Ssrp1,1387.2611868643928,1281.1124248615906
St13,1387.6265286649125,1007.6005702212292
Hif1a,1388.580116455374,1506.451179254762
Sfpq,1390.5104066065996,1495.5678529107315
Csnk1a1,1391.33805661909,1499.3261141013954
Sfpq,1391.891215102589,1329.9561701877817
Sfpq,1392.6061659152265,1357.3089044477556
Gsto1,1392.4504443689923,1351.0929393231029
Mdh2,1393.804491599202,941.1304977210672
Ssrp1,1393.812133462532,939.1515994860874
St13,1393.8008813356366,1065.1219280905332
St13,1394.299894713908,1521.165051008186
Hif1a,1395.1103374753848,1600.173909808576
Csnk1a1,1395.912338223233,1393.4866974114248
St13,1395.4380618976131,1403.3596549925974
Mrpl41,1395.74290221711,1427.4731483979583
St13,1396.7531044238374,1508.2619132938485
Csnk1a1,1396.8711728067688,1537.8378969749588
Sfpq,1396.9751963855433,1562.633925260107
St13,1397.3597269219667,1550.3298580261949
Spon2,1400.047040493885,1187.6333202347696
St13,1400.7391339126382,1046.5628752343905
Sfpq,1400.4452308627058,1479.5835889017528
Hif1a,1401.0318354991305,1012.9465323699046
Csnk1a1,1403.4627565494072,1427.1454860418085
Sfpq,1404.1330586004478,1500.489570386838
Csnk1a1,1404.658527606252,1004.0684351962676
St13,1404.3788047747485,1282.776667173426
St13,1404.2777968105636,1034.305696147332
Sfpq,1404.6700399597562,1357.5336277279987
St13,1405.2867347594506,1482.5322524658663
Csnk1a1,1405.390596986796,1395.1635758067855
Sfpq,1406.4600179095469,1507.6724151706303
St13,1407.04052455303,1280.4555391830709
St13,1406.6330772284607,927.4471071676788
Csnk1a1,1407.3736198090082,1311.943607432138
Sfpq,1407.373798225311,1293.9640749097516
St13,1407.6273337684847,1485.768930319104
Hif1a,1407.9548115243963,1031.627604178039
Sfpq,1408.0987474162314,1352.8445808755268
St13,1408.1680324572446,1564.5905410215012
St13,1409.5469279018769,1358.179502785067
Ywhaq,1409.543903088878,916.094425569141
Sfpq,1409.9427363693535,959.3761452698236
Sfpq,1410.1924426208673,1190.2715129348398
St13,1410.245729914578,1580.3124694418557
St13,1410.4648528645612,1487.5835164818004
Ssrp1,1410.3607568112996,1533.9548192094437
St13,1411.387040385291,1363.6089101598786
St13,1412.019712129361,942.232473940592
Hif1a,1412.0389283533882,1008.7182765048724
Csnk1a1,1412.5288930193233,1200.724886047244
Polr2m,1412.614124879721,1455.1127179165212
Sfpq,1413.6494577999413,1538.9522511268417
St13,1414.3188177341538,1316.5707775952262
St13,1415.3127576639824,1032.796752133533
Ssrp1,1415.462665511565,1495.4110446968143
Sfpq,1417.8369839409704,1387.6490659861738
Ssrp1,1418.1817379230356,989.1280683127012
Sfpq,1418.8867732939254,1413.6561781019504
St13,1419.5817921393575,1053.994879689306
Sfpq,1419.7353372691227,1337.8905344839084
Spon2,1420.2271021331994,1402.110065398652
St13,1420.9400802195016,1483.6349431041372
Sfpq,1420.994189599537,1440.5438201716167
Ssrp1,1421.063185062944,1131.773597358053
Csnk1a1,1421.4694830759545,1015.7295900613768
St13,1423.2197649470925,1424.0022248477176
Ssrp1,1423.8363867765122,1239.022756817745
Csnk1a1,1424.8728522115948,957.993784798878
St13,1425.0076061318875,1329.1599749792017
Sfpq,1425.9033328341725,1402.91280420962
St13,1427.8839806557464,1408.6052663302314
Sfpq,1428.042357827947,937.2534894927736
Sfpq,1428.55796593141,1139.2708839298225
Csnk1a1,1432.0455377299068,940.22469854359
St13,1432.4532542615796,924.1642799344368
Sfpq,1433.16303046519,936.5510329075456
Spon2,1433.4677883240558,1261.5937260704486
Hif1a,1433.7067692090332,918.5467635863498
Sfpq,1435.940821462741,1189.8156559591143
St13,1436.091708266822,957.0074983534108
Sfpq,1436.906830417034,1204.6112902985303
St13,1437.661182203712,1338.9447541257998
Csnk1a1,1437.6120038535971,1200.532295720634
Sfpq,1440.3268266755274,1408.702574252961
Ssrp1,1440.7100571942376,1329.7873095401392
Sfpq,1442.3473452304177,1199.1690363477917
Sfpq,1443.2374678783865,1412.4539348919343
St13,1443.2795796149398,1417.5936375754266
St13,1445.1203665009657,1267.0216777654748
Sfpq,1445.613136044549,1308.929909306739
St13,1447.9174214647792,1030.8445738190253
Sfpq,1448.373657153705,1393.8080053490276
Csnk1a1,1448.747629556076,1265.9566500191247
Ssrp1,1448.743919765319,950.191148794817
Sfpq,1449.8957535422703,970.889276464173
Sfpq,1450.5316474032882,1364.6577908020836
Sfpq,1451.5687823768826,1199.229285606376
St13,1452.5682169502634,981.5212624434696
Sfpq,1453.271938398074,1382.881318859215
St13,1453.2584474052178,960.4709638264274
Ssrp1,1454.5054874818363,1322.3104153131735
St13,1455.4397900795884,914.1118388968812
Csnk1a1,1456.6831603521234,1265.4625057587116
Ssrp1,1456.6465497996492,980.7541983343226
Sfpq,1457.3302178553583,966.8284666740168
Sfpq,1456.985300595146,1168.3878348338144
St13,1458.443318525403,1374.944174062484
Sfpq,1460.650634832913,1163.6781126265732
St13,1461.0308534962437,870.5706637485155
Hif1a,1461.264222724338,1201.6333290587777
St13,1462.1926472768191,965.8999664311464
Mrpl41,1464.887811254799,1264.315963893854
Csnk1a1,1465.7083265728374,1220.8055029516124
Sfpq,1468.0988585532282,1259.0701289472577
St13,1467.8801510893356,1332.2305598656942
Sfpq,1468.106276104625,1111.844215289945
St13,1468.5152473920475,1018.0722837371496
Hif1a,1469.670041101772,1267.6887565250154
Sfpq,1469.8817920293272,1133.5558376450183
Sfpq,1470.2191842374618,1288.627855827226
St13,1471.1669858486598,1260.6115983895393
St13,1473.0089085222678,900.0640154960287
Sfpq,1473.3244756898916,1308.2972715967069
St13,1473.1778183974757,926.9371145652776
Hif1a,1474.8746661229984,957.9254239198984
St13,1475.6187698209872,1328.8772758798543
Ssrp1,1476.371417666388,944.1212290443448
Sfpq,1476.3294339898875,916.8608824945868
Sfpq,1477.098935805979,1303.356375124861
Sfpq,1478.5565421353529,1170.8182462322598
Csnk1a1,1478.928272034222,940.0990661333586
Csnk1a1,1479.706336575029,1154.743321847909
St13,1481.287870648158,971.9216753564864
Sfpq,1482.2851248249058,1319.147716615406
Sfpq,1482.3458187822414,927.3362092318172
Sfpq,1486.7127012115347,1310.8854954833737
St13,1486.5943909653065,934.9307306241344
St13,1488.2143941626132,908.590073016283
St13,1490.0183860603418,880.0200078591183
Ssrp1,1490.021699418705,927.9679188131925
St13,1491.980006872388,1094.9218976558734
Sfpq,1493.018062021578,1156.9014717692348
St13,1494.618268082654,995.300016865706
Ssrp1,1494.1481419899678,893.0344836053813
Ssrp1,1494.422903412509,1282.021285304454
Sfpq,1494.8578307153305,1043.961015377246
Sfpq,1497.0351915355614,1192.6227300885623
St13,1496.9815386940572,943.5969467174588
St13,1500.4078576584216,910.106735036582
Slc25a1,1500.6759389494237,911.0870907660288
Sfpq,1502.006566567342,954.809005978845
Sfpq,1502.4168545889825,905.8362174537612
Csnk1a1,1503.8096261789804,1111.1697336925015
Csnk1a1,1504.3575983623052,1265.7441465957495
Csnk1a1,1505.1934898441557,941.575349618548
Sfpq,1506.0339790333887,1183.1052138002935
Sfpq,1510.0218512713825,1045.3849290421615
St13,1510.4009175784724,1181.0472182693566
Ssrp1,1510.1224686988012,1213.8537327747567
Csnk1a1,1510.5905927369768,1192.0512467628569
St13,1511.1225481390516,982.813838455632
Hif1a,1510.776153601454,898.271865165186
Ssrp1,1514.177450236304,1143.8955030501218
St13,1516.0393979946025,893.194294807287
St13,1517.1346339392476,950.5268923704108
St13,1517.2338402233495,962.2486407385676
Csnk1a1,1518.225988796432,904.779797311616
Sfpq,1518.8908870670164,937.6828475976037
Ssrp1,1518.858235444759,913.2155018372252
St13,1519.3331292527675,965.6664212743092
Sfpq,1520.8436838925445,1221.9197897465283
Sfpq,1522.120523198727,924.6903441809316
St13,1522.983737874723,1316.4915299971476
Ssrp1,1526.5183838571347,957.933622352058
St13,1526.5514170774943,1000.9634978636008
Ssrp1,1528.2438090778992,901.9833923115584
Ssrp1,1528.2607037689304,1201.362417786475
Ssrp1,1529.660321247061,846.8244129930641
St13,1530.403063779317,1108.4573088910918
Ssrp1,1530.146677512768,1012.1490726794284
Sfpq,1531.286073559257,954.8586353342728
Sfpq,1531.8693580739057,991.1800995783858
St13,1533.1634604877247,998.5163863118942
Ssrp1,1532.792073506776,1027.8327262580194
St13,1533.4902767277154,1114.2326583038202
St13,1533.8731884090882,855.5479653384541
Sfpq,1536.0600006086795,1021.3257673898036
Sfpq,1541.2397962103514,1105.572248430387
Hif1a,1542.7780612399197,1052.4574820108876
Sfpq,1549.7733162967193,869.4360086085301
St13,1552.915411870479,1098.9024736299134
St13,1552.7949440066636,1101.4541749150642
Hif1a,1553.648331877309,966.014450320777
Ssrp1,1556.144610313764,879.1543824244683
St13,1572.469615852032,919.0399803467576
Cs,1318.0800824878947,1039.8918628207648
Cs,1318.870950066133,1347.1098074665376
Lamp1,1327.755520613666,1201.8887080733286
Cs,1328.2247341074094,1311.390554020688
Cs,1331.403858579709,1175.0210233007028
Lamp1,1331.448759391771,1247.6604746251585
Lamp1,1331.4508175646022,1236.4456806807073
Ran,1331.8184901730829,1087.0844317459018
Lamp1,1333.2925765025325,1155.4946619796242
Pdia4,1334.56046694704,895.5257604859456
Cs,1336.9090748025496,1118.133461785461
Ran,1337.9189116600255,1326.7139578641188
Cs,1338.2219353353844,1331.307337008705
Snrnp70,1337.1758327990026,1329.6742919147764
Lamp1,1339.212612106997,1265.809069005673
Pdia4,1341.4576358568036,1157.496278441325
Pla2g4a,1342.480156094773,965.2432007556256
Ran,1342.4845505260075,944.2112262603612
Cs,1344.2325054324929,1110.249423532562
Lamp1,1347.0704851055862,1201.0451398664318
Pdia4,1347.0163591543326,1319.9670613898888
Lamp1,1347.373349402615,1081.7216877474484
Cs,1349.538204583023,1307.5207100706666
Pla2g4a,1350.327392033293,970.9254016624452
Lamp1,1351.395559061284,1149.667703165686
Ran,1352.0765918930192,1369.909264301834
Cs,1352.472323820551,1386.0372260946324
Lamp1,1351.7790302423682,1277.003163533399
Lamp1,1353.020655128308,1209.8087492897466
Lamp1,1353.245136406255,1309.1125094923432
Cs,1353.4500322196327,1081.2875510372237
Ran,1353.908884124643,1353.1172319450748
Lamp1,1355.343429003506,1159.5346418904132
Pla2g4a,1355.6641040736615,1061.474346008824
Lamp1,1355.1479396284162,964.6720807501422
Lamp1,1357.0857442136269,1288.4499384233495
Lamp1,1357.6393374399468,1103.763717054726
Lamp1,1358.6731422650942,1054.0468212224623
Lamp1,1360.445260931267,1095.0504745471376
Lamp1,1361.8305024243218,1268.7843936156569
Ran,1364.5914055446035,1430.5398758490664
Lamp1,1367.6343060960182,1038.610602034723
Tmed9,1367.5055240892884,1310.4979142355332
Cs,1368.09212831667,1572.124170727623
Lamp1,1368.5304881554453,1019.2319603326034
Lamp1,1369.0502593961342,1384.885446515414
Lamp1,1369.6368418596596,1225.5416144270705
Ran,1369.882929484368,1450.1382521885353
Lamp1,1371.6650597645198,1335.9910257223264
Pla2g4a,1372.613747035433,1443.7020818899189
Ran,1373.4015122540206,1514.119428345036
Ran,1373.97175754659,1501.19537415197
Ran,1373.578117666396,1330.2279441501828
Cs,1374.2620609556095,1572.771663800517
Lamp1,1374.0551134539453,999.8392986773348
Lamp1,1373.97207932218,1297.6829719137904
Maged1,1375.5562587951003,1358.2204673116444
Lamp1,1376.754398843729,1361.0588437500292
Mrps9,1376.9711689652302,1314.3746131726607
Cs,1377.2729432665535,1062.7714292105038
Lamp1,1377.3735485079326,1186.3408448536732
Lamp1,1378.2470494516174,1000.5461851829308
Vim,1378.3779012557577,1187.2782819548747
Ran,1379.3865527641128,902.4786126880698
Pdia4,1379.6255737556824,1210.550134029414
Lamp1,1379.3664715514092,1405.7699713542142
Pla2g4a,1380.129997208363,1497.1435418171711
Lamp1,1380.0939097802852,1357.171168878951
Lamp1,1380.5264462913435,1243.8756231989798
Lamp1,1381.4943575047691,1462.958898952149
Cs,1383.2593538804945,903.587896236564
Lamp1,1384.3949736874883,914.7419524481752
Lamp1,1384.8258082756008,1033.362974797296
Lamp1,1384.7500609444323,1338.716052850369
Ddx17,1385.553740477181,1572.5150548624374
Mrps9,1386.1531475982506,1050.5611331080786
Ran,1385.562031955165,1589.2158493995162
Cs,1386.238613615998,1351.979929882075
Lamp1,1385.2968467661926,1236.7246719907607
Kars,1389.7824836706257,1403.9621600983096
Ddx17,1389.8834328102816,1403.9094750723805
Lamp1,1390.362534080643,1369.542521282217
Lamp1,1391.0981268709768,1151.2185554902985
Lamp1,1392.0693366681191,1238.9314956212113
Pla2g4a,1391.5001474504293,988.9216254162724
Ddx17,1392.1783755124495,1524.2789492217073
Cs,1391.325191834106,976.1895777152824
Cs,1393.530636992868,981.8418904204344
Pdia4,1393.6034118202265,1169.1422207442968
Lamp1,1394.8575836377624,1003.9829357324068
Ran,1397.5092867815606,1345.0738353592888
Lamp1,1397.6680269614226,1276.1911424451318
Lamp1,1398.4287962569392,1033.327093822532
Lamp1,1398.940225260749,987.3932094941885
Pla2g4a,1399.3934476295642,1528.3216985648392
Lamp1,1400.1252633222568,1476.959712030825
Lamp1,1400.3566620362185,1053.0045168749962
Lamp1,1399.76098119763,966.0540932824566
Lamp1,1402.1506052569548,1343.6265542159804
Lamp1,1402.2646059910496,1337.8593706083004
Ran,1403.2199632599693,1393.7348100372617
Lamp1,1403.556680027934,910.0144225063184
Lamp1,1404.591842654052,1303.361145707892
Maged1,1405.5329153388109,1276.7686937054696
Cs,1405.9051455468132,996.8645686224996
Ran,1408.7344918413353,1003.6538506441264
Lamp1,1408.991941591043,1531.9770985582
Cs,1410.6430238931375,1509.5254842833704
Cs,1410.403347708268,1001.984776135965
Lamp1,1410.83553964278,1268.7054346865805
Lamp1,1410.958600193894,1254.0853176355886
Lamp1,1411.8313676728162,936.009847412462
Lamp1,1412.453641110263,1511.6379846403242
Ddx17,1412.7020998576324,1486.1340125438874
Ddx17,1413.7253465176707,1452.1072770682547
Lamp1,1414.0152565961046,971.3613201660762
Lamp1,1414.2532992459624,1426.7277136997209
Ddx17,1414.2059065000635,1335.3685740174976
Lamp1,1415.6513767658805,1313.3912725657365
Rpl15,1415.7506771700694,995.2236965027524
Lamp1,1416.7832235001415,1425.6477974744123
Lamp1,1416.8997433360848,909.7809088305444
Ran,1417.2253518222906,1528.383299321963
Lamp1,1418.6283227983072,1400.780563244885
Cs,1419.0496391860731,1506.8401969621646
Lamp1,1419.923817501443,1262.6124691058224
Ssr2,1421.8258610626667,1369.9708348840247
Cs,1422.7434959205063,969.9102922112086
Pla2g4a,1423.2287998461975,1226.680610508323
Lamp1,1423.6489904504583,1241.8282171768692
Ran,1426.029919666627,926.2903157513006
Lamp1,1425.838985349115,1036.6921794333882
Lamp1,1426.8945517100292,1030.3279353898852
Lamp1,1428.0161459543567,1257.5367435616267
Lamp1,1428.2371780780477,947.5148878760824
Lamp1,1429.4218666831243,1439.3958824245772
Ran,1432.7345748414575,911.4152797946068
Ddx17,1433.4032334709814,1478.6274616845087
Lamp1,1433.87522539984,1419.1045536323702
Lamp1,1434.7300740897426,1223.7099789109102
Cs,1434.928868292283,1414.8891485929016
Ddx17,1435.1653234009991,1444.5306084718245
Lamp1,1434.9785224792,1309.01892654087
Cs,1436.3643274601095,1364.9561968081098
Lamp1,1436.1847405995238,1272.7525333362605
Lamp1,1436.5405733853734,993.0735813642256
H1f0,1437.8667892876524,1345.031474145829
Lamp1,1436.7934930660274,1344.4842107534305
Pdia4,1438.0375570482386,1189.9520367109476
Pla2g4a,1437.5228705392362,1385.448882555579
Pdia4,1438.7308181042383,1243.1697981317002
Pla2g4a,1438.0819695778584,988.9286712093808
Lamp1,1438.9885389156952,1418.1591053567215
Ddx17,1438.7869901477548,951.92397925728
Lamp1,1440.0334240921886,1378.7930438445208
Lamp1,1439.210400925492,1037.1983734547046
Cs,1440.4917493144362,1229.90421695758
Pla2g4a,1440.9883932099676,1033.6759928210831
Cs,1441.3232075157136,1393.550860053109
Pdia4,1441.7886086144076,997.6095234071596
Cs,1441.8532576582938,1314.5029948292029
Lamp1,1442.5834040380323,1269.4023029751547
Ran,1442.7570368191264,1348.108772577841
Lamp1,1442.7912384491924,990.5864351891198
Lamp1,1444.7466908152016,1261.4410229117957
Lamp1,1444.6664763850529,979.2970701643274
Lamp1,1448.6551378242357,1023.0023462420284
Pdia4,1449.491332884637,1325.8100760113168
Cs,1452.3248428013765,1320.828012017022
Lamp1,1455.4372521273044,1283.3707167098269
Mrps9,1456.4285940241637,1331.242758016475
Lamp1,1456.7946693737792,971.1258804448348
Lamp1,1457.3388355513953,1336.8718060536617
Ran,1457.7595194509877,1257.296803126114
Lamp1,1458.880288046609,945.7474793976464
Lamp1,1459.728833013471,1008.0798837061708
Lamp1,1461.12166264415,1268.7768139193772
Lamp1,1463.3149186896342,999.6908360232828
Lamp1,1462.594496605209,1333.092451617082
Cs,1462.708033679413,959.5059223972386
Cs,1464.562490020967,1126.2490476213136
Lamp1,1465.5326080174968,1031.983755479533
Lamp1,1468.6197909634604,1277.013184238785
Lamp1,1470.237809101469,905.7147797624324
Ran,1471.5361110456497,1255.2639693206545
Lamp1,1470.9319327626613,983.1742417222382
Lamp1,1471.087499729908,1304.4423424970505
Lamp1,1471.7820923313277,1092.991696485906
Lamp1,1472.8987612362632,1048.0954362713956
Lamp1,1473.7742915204808,947.1602085745902
Lamp1,1474.858940506891,1285.1749582791913
Pla2g4a,1476.381419513492,929.7339883456116
Lamp1,1476.889517558497,1098.4286725426557
Cs,1477.1891333719334,923.9530648047456
Cs,1477.1457520352858,1060.742246061499
Lamp1,1478.139702746851,1016.9022727003514
Rbbp7,1477.591615349145,962.8356891159752
Sf3b2,1479.893095782582,1002.8348162813884
Cs,1481.489673317642,1003.446736162701
Ran,1481.2017335301418,1074.8115819294153
Pla2g4a,1482.9171919180214,1043.5852982747256
Pla2g4a,1483.03598255013,1191.9507640522645
Ran,1485.352438249604,955.0013362284408
Lamp1,1486.6942801434511,1290.932670438149
Pla2g4a,1487.3102395588894,928.3567890135884
Myh9,1487.7394555532792,1182.167635979739
Lamp1,1487.3470643054466,1095.750903591553
Cs,1487.362928444526,932.1989556513493
Lamp1,1488.700791664791,1021.0299370477
Pla2g4a,1488.6642126639258,883.9534517187096
Lamp1,1489.223359276314,1084.3511124703684
Ran,1489.1110529395248,912.1018612288372
Cs,1491.7603203202366,1224.985283446318
Lamp1,1491.7724041327238,1128.640452753231
Lamp1,1491.911549892424,1058.382881374814
Cs,1491.7916524559805,972.7240596096498
Lamp1,1492.2641226129742,1092.7353392577356
Lamp1,1492.1800269091368,1071.1054397542243
Lamp1,1493.5060406335333,1241.8317600985788
Pdia4,1494.635285096168,1139.6726781983114
Ran,1495.7406578566563,1279.099674541248
Cs,1495.2175607847328,1063.8519380589073
Lamp1,1497.3508137932631,1094.4342142445626
Lamp1,1500.6220927084469,1216.4161241840106
Pdia4,1502.1522223069967,1012.1087776305578
Lamp1,1501.765649355506,934.6734835203526
Ran,1502.603461678239,1143.90325339572
Ran,1502.71259894183,929.0757975515968
Pla2g4a,1502.6326221404406,1259.4970636535263
Lamp1,1505.2012442590317,1210.014197067141
Lamp1,1505.6461781381647,1046.2505604983835
Lamp1,1505.2371877214227,1136.226137522178
Lamp1,1507.5800893247776,1028.3947632988177
Lamp1,1508.7958468975603,1106.845196108531
Pla2g4a,1508.369812159576,921.5574826362252
Lamp1,1508.8011921817006,1018.28313258815
Lamp1,1510.5554088198903,987.816138221537
Pdha1,1511.438882189551,942.059956974337
Lamp1,1512.1870666661678,984.899154176973
Lamp1,1512.6828296799545,1131.6977128103724
Lamp1,1516.6639667108905,944.3399779646664
Lamp1,1516.4638187625344,1119.723829206633
Vim,1519.4883451795026,1108.580634252683
Lamp1,1520.4447630215225,1006.6926130548156
Ran,1520.8268839826128,985.531537074599
Lamp1,1520.710185940752,1111.762752330758
Ran,1521.484168920093,1195.3717960489737
Cs,1521.6550411198953,1059.7584447187396
Gsto1,1522.3428762228866,921.2373306321329
Cs,1523.9355488520073,1035.0153849229946
Rpl15,1526.5579561622835,1299.2091868500063
Lamp1,1525.6495714237403,1213.5215434289785
Lamp1,1526.1808519714068,1030.1267127571696
Xdh,1527.7725280086345,1002.2591848627
Maged1,1527.755230281466,1004.0456133081126
Lamp1,1527.73588050972,1093.6343447975485
Lamp1,1528.4867413612687,973.4307568477852
Lamp1,1528.6205420249005,1191.4689715375212
Ran,1529.984221968194,870.0630470227051
Lamp1,1531.0339139007465,992.4716643764632
Lamp1,1530.94647233821,1176.3193704867847
Lamp1,1530.9861140586836,1057.0887935020096
Pla2g4a,1531.592521444623,966.8335280201782
Ran,1534.9920199844842,851.2666514859187
Vim,1535.4876037882432,1170.7065956046913
Cs,1537.4149057816178,968.362457197273
Cs,1540.8795933789445,1118.4861132930948
Ran,1542.8421996522534,1107.052469978682
Lamp1,1544.5601488540008,865.1958943453956
Lamp1,1545.611863564965,1103.9725494279814
Lamp1,1545.1344088039195,1169.720599094726
Pdia4,1546.3875949882945,1125.5641220866323
Pla2g4a,1550.3129403624923,1163.6732386986946
Cs,1554.3265535428045,875.1920066386331
Cs,1557.4043899181618,930.02430322388
Ppp2r1a,1288.7970721962645,1415.046521591351
Cct5,1300.3499266744082,1389.3017013135109
Gsto1,1318.7529434035964,1017.6041305826168
Zfp36l2,1319.379049940832,1204.4174583885651
Ppp2r1a,1320.850652251277,1016.2741802451864
Zfp36l2,1321.3278486571692,1225.233945244613
Zfp36l2,1321.6821982145077,1013.281048033913
Rnf11,1321.8947580339936,1004.1032423383116
Cct5,1327.2428375147747,1069.3490893133269
Zfp36l2,1327.030754146435,1286.4440534800228
Zfp36l2,1328.199143175612,1313.8075376987802
Cct5,1328.504921465387,997.9604975771232
Zfp36l2,1330.7270011170372,1160.3014498310715
Zfp36l2,1336.003985104429,1113.2034158569154
Cct5,1336.4174328056763,937.468326266714
Zfp36l2,1338.1614106033026,1077.0913597780304
Prmt1,1338.9498979476798,1224.0345959594456
Prmt1,1338.160619455175,1025.7008152776798
Ppp2r1a,1339.0916810638214,985.8104929006668
Prmt1,1342.8525554949972,949.6681583172832
Zfp36l2,1343.3165869702202,1118.255436414189
Cct5,1343.4420571629505,1349.458690211109
Zfp36l2,1344.4214321656746,1320.0807865082309
Prmt1,1345.18190394582,1053.2421056992248
Zfp36l2,1347.7907217499874,1104.030645262285
Cct5,1348.7354539528817,1353.0734337017825
Prmt1,1348.6189301369263,988.3730566848968
Rnf11,1349.543411397971,1061.563017772578
Prmt1,1350.618594442201,1297.9904181427191
Ppp2r1a,1351.637773188694,966.48658951534
Prmt1,1351.621180199107,1244.3421015637766
Cct5,1352.7557178765264,943.9849582644596
Ppp2r1a,1353.100035533892,1014.7033878650332
Prmt1,1353.4177646075948,1150.605998197621
Zfp36l2,1354.0683690759656,1119.0167821429982
Zfp36l2,1353.7687133035276,1103.1785239596215
Cct5,1354.850242559649,926.5362239974686
Ppp2r1a,1355.0094448058526,1138.3469822040447
Ppp2r1a,1357.765740410201,915.6197395664802
Ppp2r1a,1358.5380000480886,1227.5024604426549
Zfp36l2,1358.4048204488886,1296.7147930869987
Ppp2r1a,1360.0887771186544,961.1368851867154
Zfp36l2,1360.4871891738346,978.5585905538276
Zfp36l2,1362.7706137311066,1330.204702932738
Zfp36l2,1363.4155974227424,1228.4854972308108
Zfp36l2,1363.38351021239,886.5039383861324
Ppp2r1a,1366.1018714481938,1411.939541095299
Rbbp7,1367.4882769099984,988.7535327278692
Cct5,1366.0329618133806,1036.7488009832707
Ppp2r1a,1365.8124907445565,1054.1887557816049
Zfp36l2,1367.0242302935678,1169.5234938135454
Zfp36l2,1366.953664899751,1210.3338140088708
Tmbim6,1367.0342102865666,1209.6902732896583
Cct5,1366.8234017446634,1402.4383294972754
Zfp36l2,1367.8865571491945,972.2420420406986
Zfp36l2,1368.6086319061003,1371.896575268168
Prmt1,1369.0257052764646,1437.3013376180388
Zfp36l2,1369.6348928114917,1074.888994135679
Rnf11,1369.3118842570502,1434.787283421062
Zfp36l2,1369.1645244773847,977.0531167127532
Zfp36l2,1370.263563225085,1065.966074303363
Cct5,1371.7500003136645,1540.1065702121791
Rnf11,1372.493014826242,1129.5852523985216
Prmt1,1372.3802506299812,1313.3431054217313
Zfp36l2,1373.1782079605723,1586.9540951044169
Ppp2r1a,1373.6462636428928,1511.2418525684834
Prmt1,1375.0599645990717,914.7052276678162
Prmt1,1374.7017011206628,1458.4547245615956
Prmt1,1376.0384817537133,1398.4712325167816
Cct5,1376.3379512372662,1449.5816496174032
Cct5,1376.514356625037,986.1356633872712
Zfp36l2,1377.0983101022323,1107.528598411581
Cct5,1376.985609171973,1314.039717513973
Zfp36l2,1377.3992523585796,1523.9487065390183
Zfp36l2,1379.063930260868,1067.6282282506604
Cct5,1380.7590980196278,1422.4518366319892
Ppp2r1a,1381.1937083099344,973.6723355775227
Rnf11,1382.7817807306587,1591.4771024628992
Rnf11,1384.5338030683972,1247.4370582400084
Zfp36l2,1384.287626219924,1114.630388857361
Ppp2r1a,1385.378416469098,922.2477541889076
Rnf11,1386.5876033040934,1193.628338111906
Ppp2r1a,1386.740503640497,1541.53098474924
Ppp2r1a,1387.1330837877222,1559.596214540177
Cct5,1388.249092524816,918.2374167028296
Cct5,1389.4366798738354,1389.3516921316236
Rnf11,1388.662496932207,1391.9275646208423
Rnf11,1389.7012416425555,1407.2102232921452
Rnf11,1389.7828638281594,1552.3241317269535
Cct5,1390.2683457158714,1081.968820709295
Zfp36l2,1391.0628037030908,1240.3024554673443
Ppp2r1a,1391.467710134872,1412.577421438306
Prmt1,1392.9204804675471,1483.4315847395987
Rnf11,1393.0201741565495,1434.867611260009
Cct5,1393.454034704474,1399.2076314437104
Zfp36l2,1393.8356813306666,979.5266816728632
Fus,1395.736791904359,1488.6350523903757
Ppp2r1a,1396.4866179545586,1062.5182858823332
Zfp36l2,1397.2305101192642,1247.6803268841115
Zfp36l2,1397.8811274851523,1578.1440318481275
Zfp36l2,1398.2215491538395,1484.153939995475
Prmt1,1399.022111626819,1354.399474540888
Ppp2r1a,1399.3837208459768,1017.4085641149724
Cct5,1401.6389041609505,1423.812107419705
Zfp36l2,1401.5742761062927,1305.0988648497605
Cct5,1402.5612031242154,1591.2489581217446
Zfp36l2,1402.1431769295134,1081.0661123506814
Prmt1,1403.658195182186,1442.457641651756
Ppp2r1a,1403.6281657007646,953.7555620585543
Zfp36l2,1404.1615113943772,1245.4736648304838
Prmt1,1404.16241090937,1413.723185483736
Ppp2r1a,1404.1342651259165,1508.475944733936
Cct5,1406.1990003489773,915.7839414859252
Ppp2r1a,1406.1906644442251,1583.3871673743593
Prmt1,1407.71068942557,1305.1372909294669
Ppp2r1a,1408.5442935484298,1006.6014782427436
Zfp36l2,1409.173378267949,1115.5906840948442
Cct5,1409.4503425890366,1062.8888904815915
Ppp2r1a,1409.446808761259,1002.6894036049767
Rnf11,1409.3620271765794,1371.1014301269472
Zfp36l2,1410.111897604095,1268.75439789577
Zfp36l2,1411.18604781389,1152.1409885322714
Prmt1,1410.9759718080818,1161.5123162762454
Cct5,1411.4267471704684,1452.6629808479322
Zfp36l2,1411.8643293165192,1253.7395553768592
Rnf11,1412.3515480586072,1182.3086733816767
Zfp36l2,1415.2955549854823,1037.642075066654
Ppp2r1a,1416.3182086503216,991.7110332813468
Rnf11,1416.7477704683051,1495.9906737401434
Prmt1,1417.8526983182028,1058.8560892510047
Prmt1,1418.1470052337015,1277.6487702373663
Cct5,1418.8297042675056,1450.2589295970354
Prmt1,1418.626776097942,1358.5386017167243
Ppp2r1a,1418.6940966991715,1403.6078173588342
Prmt1,1419.807954826886,1334.6928544458665
Zfp36l2,1420.671160643641,1072.3265905107096
Ppp2r1a,1422.7359685824797,909.6782977462424
Ppp2r1a,1422.162167506266,1389.9535464665446
Cct5,1422.994192762751,1548.6545709071247
Zfp36l2,1423.9840758714804,1350.8341003856906
Zfp36l2,1424.3116022957392,1212.0200077600412
Ppp2r1a,1426.9612651868315,1476.6765151468717
Zfp36l2,1426.9419746582614,1218.697191436531
Zfp36l2,1427.6570822416488,1208.3841927426413
Zfp36l2,1427.7186068223652,1223.2039009196717
Cct5,1427.8160095570151,1488.353361059798
Zfp36l2,1428.493771074116,1131.541876801175
Zfp36l2,1428.4901599110312,1234.9267949560765
Zfp36l2,1429.1320184696783,1181.7806143298362
Prmt1,1429.536069873482,1055.5453185426416
Prmt1,1429.5773663084915,1439.21111376603
Prmt1,1430.5580174815886,938.2537288819578
Zfp36l2,1431.5134459579417,1190.5779410000478
Zfp36l2,1431.6732792397063,1227.5544997579927
Prmt1,1432.1267732880683,1355.6151395428788
Cct5,1432.4418904523434,944.3212109715278
Zfp36l2,1433.1313638903362,1220.7854729075475
Cct5,1434.4480862996331,1415.4530212351067
Rnf11,1434.5996059538536,1046.9850985947846
Cct5,1435.185884104263,1480.762951417286
Zfp36l2,1436.1850300564795,1172.4927184798044
Zfp36l2,1436.3811402801834,1332.8040780013816
Zfp36l2,1437.7113570212005,1215.6987497610835
Cct5,1438.7541528098077,1428.7257246258914
Zfp36l2,1438.7594560906236,1184.579414367124
Zfp36l2,1440.181916145162,1314.7874923918137
Ppp2r1a,1441.4434283706191,1285.2757111511166
Rnf11,1441.322789031627,1034.4388465527595
Zfp36l2,1442.2491849117437,1379.0267794892272
Cct5,1441.6843540254677,998.7789489064623
Ppp2r1a,1443.0413890566183,1349.4631689328526
Prmt1,1443.5223423182883,1010.9926721834444
Zfp36l2,1444.3256337137077,1160.500412297656
Rnf11,1445.0556440835385,1201.3173780668258
Cct5,1444.3606635074125,1429.3924413660538
Zfp36l2,1447.6159678992876,1225.5333351641298
Rnf11,1447.8666885804564,1349.733566442388
Prmt1,1449.256762026248,912.9129771604024
Prmt1,1449.754672503318,937.8192510674652
Prmt1,1451.1745397454508,1014.5558392716648
Cct5,1451.447415826656,973.2756147337044
Ppp2r1a,1451.5142365551717,1421.4220179666945
Rnf11,1452.736924098144,1380.7398857548426
Ppp2r1a,1452.840768275846,1182.0493128027647
Zfp36l2,1453.9649893061032,1225.1100494084085
Zfp36l2,1454.2907700412147,1112.9041675673884
Mdh2,1453.835142723688,1360.744706676831
Prmt1,1454.452870330713,1362.3583946390422
Zfp36l2,1454.7202323885476,935.0179022991988
Ppp2r1a,1455.080502884102,1352.5129104622292
Zfp36l2,1455.9908744633362,1179.416079797611
Prmt1,1456.464147677047,1020.6735063619332
Prmt1,1457.4675206883298,1202.0101528551843
Ppp2r1a,1458.06821198894,1215.978348549625
Prmt1,1458.0259794124484,1315.4931417095386
Cct5,1459.6600065488724,1296.393601177882
Zfp36l2,1461.2254687936131,1150.7050517069786
Cct5,1461.635605840682,1039.1823382768043
Ppp2r1a,1462.2206418797634,924.1405510388496
Zfp36l2,1462.497879347435,1236.7833477938943
Ppp2r1a,1462.5393008886797,1102.743659664625
Zfp36l2,1462.4959650506594,1215.7481635005715
Ppp2r1a,1462.755147977764,1375.6646615842164
Ppp2r1a,1464.8956273573417,1330.4608826310064
Cct5,1466.6210695575924,974.1605419657072
Zfp36l2,1466.8080889935868,1223.058837535542
Ppp2r1a,1468.058227866001,1259.0225193311865
Zfp36l2,1467.5194583360633,1207.2827591122243
Zfp36l2,1468.6403747985928,954.9876690751088
Ppp2r1a,1470.2122965909937,1353.8234822931136
Prmt1,1471.1749171737476,1050.5888593987445
Zfp36l2,1471.507947362329,996.1976950917648
Zfp36l2,1472.7527222015465,1187.9530648791365
Rnf11,1473.3033049404182,968.338676737762
Zfp36l2,1473.837610219285,1113.5129381449342
Zfp36l2,1473.9234122952898,884.0117676981017
Cct5,1474.4432724495323,1012.3054470188246
Zfp36l2,1476.9992577446944,1266.2912676082742
Ppp2r1a,1476.5281522237897,1263.2346036549775
Rnf11,1478.5919043464355,1036.171433426356
Zfp36l2,1479.1176035007643,947.374195378453
Ppp2r1a,1480.5231450486144,1271.1833089080055
Zfp36l2,1480.809036743957,967.410180744386
Ppp2r1a,1483.308172240665,1102.656176810272
Ppp2r1a,1484.217606377115,1314.4145134481696
Rnf11,1487.9855222535264,905.7973645539994
Ppp2r1a,1487.4277321098998,958.3896252563706
Zfp36l2,1489.6590827591249,897.48447887785
Prmt1,1489.99381657831,1152.8195817882531
Zfp36l2,1490.4069894194236,1165.7537932866917
Ppp2r1a,1490.7184718079145,894.3381967675077
Zfp36l2,1490.7373118015992,990.2720687579376
Zfp36l2,1491.1554200421024,1243.6449661616969
Zfp36l2,1491.6627319012212,1064.2611597316488
Prmt1,1493.3628051984022,1310.5421615129244
Zfp36l2,1495.4131364809232,1032.485946412456
Rnf11,1496.2250546872713,1241.5470601486854
Cct5,1497.0062813080126,1150.851202902285
Ppp2r1a,1499.6115622465036,1255.095320150323
Zfp36l2,1500.12485100105,1075.6367543061035
Rbbp7,1501.1819678272325,953.6669000457156
Cct5,1500.6423461666277,952.360402283662
Ppp2r1a,1500.6435176470334,916.7369262221472
Cct5,1501.3409872285645,958.9712548387668
Cct5,1500.897317964462,941.3121384891992
Prmt1,1502.666657688586,1041.8959185963392
Cct5,1503.6634009977704,1044.666981730934
Zfp36l2,1505.2251843676972,1256.3673331327582
Ppp2r1a,1505.1807398588055,975.3663019723558
Rnf11,1506.470108676244,1054.9632548837862
Prmt1,1511.0780840406842,981.9604596751592
Zfp36l2,1511.393045277345,1008.7868171490744
Prmt1,1511.0750985769234,934.0560945742444
Rnf11,1512.4745526407387,1307.6287447479667
Zfp36l2,1512.7917474903795,1038.10705897291
Prmt1,1513.3902323197894,1002.9594850850428
Cct5,1513.1019149979609,977.2737633059425
Ppp2r1a,1513.3669113355204,902.80416568764
Ppp2r1a,1520.194951291276,1026.1045838982711
Zfp36l2,1521.8543748331565,1110.644267486439
Zfp36l2,1521.695578343873,1120.3961896095514
Prmt1,1522.010050786494,1073.035272490884
Zfp36l2,1523.7936709659707,971.8784319507874
Prmt1,1524.7936059434132,946.5940619181794
Maged1,1525.5429948502629,985.4082395908032
Cct5,1526.0467122147063,998.623686802929
Ppp2r1a,1526.4867349243248,1118.0411964173866
Prmt1,1527.9698208955558,904.6817214142028
Ppp2r1a,1528.127585641569,1103.0002263940294
Ppp2r1a,1528.5424112071469,884.5768807879975
Prmt1,1528.3664103504743,1016.5460762551794
Ppp2r1a,1529.9322013465203,972.3408767849104
Ppp2r1a,1530.150336146523,1300.0046632002968
Ppp2r1a,1530.487781897,1082.912857887364
Rnf11,1530.768112421569,891.5699153484809
Zfp36l2,1531.2057964351702,1163.2839300367775
Ppp2r1a,1532.2851837969288,998.2904389394135
Cct5,1533.099388124976,879.0057262219065
Prmt1,1533.3942199641474,1021.0458682161612
Zfp36l2,1533.924603378383,871.9669923296731
Ppp2r1a,1535.93914939654,1005.5874413980896
Zfp36l2,1539.438819284452,1170.5775280411406
Cct5,1540.2340250642935,1003.6665065139414
Cct5,1541.1463760053618,888.5056292067294
Cct5,1540.7773398926834,1153.3316719293605
Zfp36l2,1541.0180356820013,963.8744663015194
Ppp2r1a,1542.912901113528,1026.73223029991
Ppp2r1a,1544.3710975827853,966.593451230635
Zfp36l2,1544.6532775226856,877.6301733324655
Cct5,1546.385464740512,977.811169403932
Cct5,1550.041913083064,887.6510641169607
Rnf11,1551.8732303611046,885.782312850534
Zfp36l2,1551.856475429208,1125.3376631524657
Cct5,1554.942573461438,934.4437389565304
Tmbim6,1255.6913190029709,895.6352438950271
Mdh2,1293.9457976282383,1397.2667845217063
Mdh2,1301.312756155244,967.7810221096756
Mdh2,1306.4762886319256,963.7404561029892
Mdh2,1311.076792834815,1003.7621925465896
Nucb1,1313.9033274575722,991.3358086199362
Sae1,1327.188308433992,1305.2598439438773
Nucb1,1329.778544323634,1236.8830708354244
Mdh2,1330.7473264074729,1198.7336312419714
Tmbim6,1333.1046773275675,1229.552728334641
Loxl1,1333.1750756401295,957.2660948182302
Tmbim6,1333.4571470544674,1193.516082050975
Tmbim6,1333.7035100979442,1078.0192852780874
Skp1a,1335.8976081140506,1119.4891008221152
Tmbim6,1337.2226682326195,1050.6833724143437
Pcdhgc3,1338.341156713504,984.8496459101776
Loxl1,1342.6797431264936,1328.9754578392542
Nucb1,1344.267286322616,1299.5642920694618
Tmbim6,1347.4611312225109,976.4748310587664
Nucb1,1347.577566201176,1144.2136658921086
Nucb1,1348.4799817346818,1187.6075298870787
Mdh2,1350.181837770646,1069.0474985475737
Loxl1,1350.121562355425,1224.4138217612713
Pcdhgc3,1351.0271611653045,954.4134570043552
Skp1a,1351.4672118108278,921.8681039097291
Mdh2,1351.7093672857957,1009.1724966711092
Pcdhgc3,1352.6550640224275,1310.4642536244878
Loxl1,1353.1264884980224,1260.9925097876212
Mdh2,1353.5220780282632,1174.9869408464324
Tmbim6,1354.3249025413656,1216.2852281935675
Nucb1,1355.7041337255994,1198.20119757819
Pcdhgc3,1356.324848366672,1129.2244447124924
Loxl1,1356.5464388674727,1321.539463253073
Mrps18b,1357.0979169812244,1089.410240538819
Pcdhgc3,1357.706967472995,1311.7956993272585
Tmbim6,1358.589498007007,1348.14667564424
Skp1a,1360.0434578719364,1371.9342417288535
Tmbim6,1360.854924222736,1184.925114000464
Mdh2,1362.1002181753747,1252.360413451984
Tmbim6,1364.0935573928575,1317.4886787693315
Loxl1,1364.6371704082208,1001.8855898048917
Tmbim6,1365.8818064688485,950.2543679902788
Tmbim6,1365.2802561957396,1132.4035060998951
Sae1,1366.6293202771844,1363.6235918706795
Tmbim6,1368.1778853424576,1275.3583557657298
Tmbim6,1368.4615235414635,1354.3599389111266
Tmbim6,1368.5256346506808,932.3737976603276
Nucb1,1369.076288294194,1328.717224836531
Sae1,1368.806288639002,1372.6972484141045
Tmbim6,1369.3673888797798,970.0068365049424
Tmbim6,1369.8831350500968,1292.4296013745775
Sae1,1370.851710744151,920.2250629949536
Nucb1,1371.666650215568,1298.843819174631
Nucb1,1372.0339626813316,1182.9555893641864
Mdh2,1373.8166635753792,1597.4386400685653
Nucb1,1373.7211026712912,1063.7438075505847
Tmbim6,1376.0004095322631,1344.3859916102342
Mdh2,1376.6900224593885,1284.744760161955
Tmbim6,1377.5951336775654,972.2660008815532
Mdh2,1378.9966977187078,1421.1989937343203
Tmbim6,1379.190787100649,1255.4102050207089
Nucb1,1380.4320599577604,1217.4483892960752
Mdh2,1380.9578410518664,946.2003192990632
Loxl1,1380.3893910878755,1174.218487478392
Mdh2,1380.6603551172734,957.4845665554406
Tmbim6,1381.733002451926,1212.601241443035
Tmbim6,1382.5699864738451,1413.851318776735
Pcdhgc3,1383.9406965152548,1410.2931610092485
Pcdhgc3,1384.2923441472662,1026.639473243488
Tmbim6,1385.9822489738958,1404.8168106313278
Loxl1,1386.0227716753918,1193.912983471046
Nucb1,1388.2023002527828,1301.7671220031598
Mdh2,1389.2033651865067,1465.2935198878324
Mdh2,1389.0419893261314,991.2987754619854
Loxl1,1390.3094508263864,1091.9110366929558
Loxl1,1390.8878614592031,949.6433142173958
Tmbim6,1391.3998948764906,1006.9565543604116
Nucb1,1391.4898576777491,1215.7825754337614
Nucb1,1392.2473470600737,1366.9950791977296
Mdh2,1392.3216515700851,1475.6053618981823
Mdh2,1393.5081439913945,1072.288826054296
Sae1,1392.8715587790116,1531.8171139924002
Tmbim6,1393.2516299685244,1320.4836452866416
Nucb1,1393.1976780248308,1260.2565999038752
Mdh2,1393.483174906994,926.6050004479508
Skp1a,1394.6639598187458,985.8435862586576
Mdh2,1395.6256779160556,1543.4965385750384
Skp1a,1396.0168528579331,1464.9278363239937
Tmbim6,1397.7690415415775,1244.7517643928038
Sae1,1397.647448943669,927.2125295711688
Tmbim6,1399.8798670777142,1010.4473471461076
Mdh2,1399.9603618405015,1259.314793962999
Mdh2,1400.993173855304,1400.7415424549563
Sae1,1402.1667477274368,1309.256381104986
Loxl1,1404.352022427519,1577.2220636276252
Mdh2,1404.6474600112765,1344.4024886091058
Tmbim6,1404.847295359035,1438.8391414612004
Mdh2,1405.4917584272412,1266.5249912054132
Uba1,1404.5700629353896,1317.5199540496903
Nucb1,1407.4775896074325,947.3175853129826
Tmbim6,1410.018846699736,934.4749565487743
Tmbim6,1411.6633337129776,1141.6566227201652
Skp1a,1412.031576715696,1535.9655171608922
Loxl1,1411.8589903334891,1450.4762980790078
Tmbim6,1413.6966894705204,1004.1622643170732
Mdh2,1414.3659226300706,1350.9191982877014
Loxl1,1413.9085505885964,1064.1715695554713
Sae1,1416.0498182665951,943.907952638825
Nucb1,1416.1994415425283,1316.3430223369255
Mdh2,1416.6753286215485,945.812350115855
Pcdhgc3,1417.585261637921,1022.4643515502862
Mdh2,1417.3256766250977,1475.453969441402
Tmbim6,1417.2929870885005,1383.6150834926252
Tmbim6,1418.8045946594316,1329.5955710590902
Tmbim6,1418.6830171875397,1417.5091936632448
Mdh2,1418.3622469253337,1406.4568057622128
Tmbim6,1419.383027316717,1296.890138318463
Nucb1,1419.06849328855,1365.7738382210196
Pcdhgc3,1420.1493256145768,949.0375835401202
Nucb1,1420.3836493577824,1302.30129174367
Mdh2,1422.5696497638774,1533.0220663059374
Pcdhgc3,1422.6101900391975,1005.2609152677846
Sae1,1424.1896953148257,1503.8532043007604
Nucb1,1425.1824460249584,1280.2278017394888
Pcdhgc3,1424.8725657750058,1027.1062070925036
Loxl1,1425.275243332561,1286.615067119363
Tmbim6,1425.6418828098674,1294.8550840921798
Sae1,1426.572074208384,1483.723007585083
Nucb1,1427.486432764106,1298.1713838967594
Mdh2,1427.8957372804002,1131.6697116822868
Nucb1,1428.3382474579046,1010.2406197466272
Loxl1,1429.8795472318247,1377.2566170682517
Nucb1,1429.9888682556689,1330.9932250357956
Sae1,1430.378884322905,1002.580861472599
Tmbim6,1430.855782246312,1034.8672078396494
Sae1,1431.006072485439,1257.378005289159
Loxl1,1432.6851562244892,969.0750056129448
Tmbim6,1434.2373454078445,1121.6893991327595
Nucb1,1435.4995545939628,1396.215654830819
Sae1,1436.1013730805516,1442.8646488088668
Tmbim6,1437.0319274396809,1059.3769257171575
Skp1a,1437.771432434777,998.311736950367
Mdh2,1439.691012270906,1003.204189972539
Tmbim6,1439.7432610156604,1314.6810318036785
Tmbim6,1440.5716825228114,1034.000830698789
Pcdhgc3,1441.1886374317123,1293.4496845682029
Nucb1,1441.0195248414027,1420.669395235002
Mdh2,1441.3398799179993,1069.3838165693744
Nucb1,1441.949877677205,1396.8869934494105
Mdh2,1443.1184937382682,957.8693951942324
Sae1,1443.2763241286916,1441.143796251266
Skp1a,1443.3491557808138,1364.8682534036652
Tmbim6,1443.912094194549,1117.4871481148252
Tmbim6,1444.0998269060578,1183.6632520102728
Pcdhgc3,1444.10162410073,1333.6254380670864
Loxl1,1445.8450326586922,1296.545382845262
Tmbim6,1446.3480745917464,1306.146867204819
Mdh2,1447.223927706204,1177.817412602
Nucb1,1448.4348806664466,1098.9824356036506
Mdh2,1448.487103829195,1384.077755986057
Mdh2,1449.4720106370924,1017.4122594038392
Mdh2,1449.26112302804,1276.4861836872842
Nucb1,1449.5402983929798,1299.2856467839115
Sae1,1450.1505409520078,891.6070067767957
Mdh2,1452.9870573079054,888.4282429051234
Nucb1,1452.5731813636914,1005.4955615722588
Nucb1,1453.3578387998923,1008.8319680307476
Mdh2,1454.0278563544532,968.0202411273953
Pcdhgc3,1456.750414924215,1028.2735307223047
Mdh2,1456.7691964321962,1354.1942801030036
Mdh2,1459.30390610907,962.6368702763588
Mdh2,1460.6371543433486,1261.6027812771013
Tmbim6,1462.3680949986128,1016.4910983265646
H1f0,1464.080816673477,1354.6804980096915
Mdh2,1464.0183023711802,966.9933262898992
Tmbim6,1464.2309329590548,1004.5719129069354
Skp1a,1464.6646988530822,943.6354604302009
Tmbim6,1465.6389194980534,1283.3982426568457
Sae1,1466.5904036720422,1295.373124340561
Pcdhgc3,1465.9293125278075,1115.751690866855
Mdh2,1467.994523421053,956.7759397287224
Tmbim6,1467.862384922462,1009.8703799456944
Tmbim6,1469.3388373099206,1306.632654622064
Tmbim6,1469.0436382004443,1197.2215237462206
Pcdhgc3,1469.999012118251,1056.528622655287
Pcdhgc3,1472.4138431025506,1312.100035859365
Loxl1,1472.0470691679573,1243.544568620133
Loxl1,1473.0637454858515,1287.3225542525624
Mdh2,1474.266320469136,981.8268383897964
Loxl1,1477.225622652645,908.0583648512184
Tmbim6,1479.4432885005128,971.4444448181272
Nucb1,1479.5790058888338,1025.445616644106
Loxl1,1479.8184888010464,1051.5150177649905
Loxl1,1482.3752190655614,870.8704244133595
Sae1,1482.3904298750183,935.9036204314102
Tmbim6,1485.9160808172835,1101.5577916134337
Loxl1,1486.231462372417,871.8779811980702
Sae1,1487.2088703020213,968.573841845742
Pcdhgc3,1486.917618673519,1245.9436903478825
Skp1a,1487.8536515192377,1034.2694083527465
Tmbim6,1488.5412806292948,1270.5556771397044
Sae1,1491.4130924286058,959.5025952624694
Nucb1,1492.082352158749,1097.0904019699765
Nucb1,1494.0788008440231,1085.1682297855573
Mdh2,1496.1490659452568,906.5757547358078
Mdh2,1498.0512529054,1089.469539725447
Mdh2,1500.6520451958324,1220.708668137392
Pcdhgc3,1501.7677562093472,1004.2028382013953
Mdh2,1501.7707045777067,999.8657203253268
Tmbim6,1502.5078009788845,1233.7077705792312
Skp1a,1503.702097264802,955.4090991496282
Tmbim6,1503.4548575125632,1257.9973463089736
Tmbim6,1503.5073010738663,1088.7527776524105
Mdh2,1504.7391077780414,1062.4975965149308
Sae1,1506.2219683004198,996.2766959433204
Pcdhgc3,1506.599207290898,1191.051347029957
Tmbim6,1506.187410360419,1157.6381316162233
Pcdhgc3,1508.8878146916825,977.2729942112452
Pcdhgc3,1509.1959027202256,1105.373432524591
Nucb1,1509.448004044064,1003.4682132521026
Mdh2,1510.672667230497,1316.7762542469682
Sae1,1511.47891949814,1266.0632630999123
Sae1,1511.6396757233406,1232.9879743684498
Mdh2,1512.685961804494,1221.9168305260373
Nucb1,1513.082485746518,1104.468891194432
Tmbim6,1512.9887667573637,1115.52036577554
Tmbim6,1513.6367554261692,1206.5124634786505
Loxl1,1513.6384707133109,1108.175014734266
Mdh2,1513.5275871136364,987.4627263284
Mdh2,1514.631251008495,876.8582639113093
Sae1,1515.6308675078792,967.8084436048254
Tmbim6,1515.5177987423665,1041.2319848820532
Tmbim6,1517.0129029026705,1222.5427984867872
Mdh2,1518.9087709670257,885.0015905913123
Mdh2,1519.9800757914254,999.7321306552722
Tmbim6,1521.907417837515,1057.2192746787655
Nucb1,1523.2829921756008,1043.6384602443777
Mdh2,1523.5137152446769,936.1277318979636
Sae1,1524.5135960706957,866.2501186692596
Mdh2,1524.471097630595,1010.2433350051696
Tmbim6,1524.8452568239377,1192.8955179171976
Rpl15,1524.6337393646763,857.9504805102943
Sae1,1526.7827599620707,897.6842265472077
Tmbim6,1526.7850545047995,1058.4565227618946
Nucb1,1527.0614558727834,1113.8691968184953
Mdh2,1527.8090707256747,861.5807298870308
Skp1a,1527.733147718727,852.2507973568394
Mdh2,1529.1131319583346,938.1531049822617
Pcdhgc3,1529.6186967014196,1007.1643967505678
Loxl1,1529.846482984742,1009.205660596656
Tmbim6,1530.6946400267643,1038.051784661151
Mdh2,1531.8785027431404,908.6522126433086
Tmbim6,1532.8560721805911,1164.31732234753
Nucb1,1532.857591220326,1000.075448434562
Pcdhgc3,1535.319244346122,1119.7556718592332
Loxl1,1536.4198296953298,1071.9946415334878
Tmbim6,1536.354253281452,896.5246703536834
Mdh2,1537.7087666559437,1008.933956764143
Mdh2,1538.0645781280869,945.8168783302132
Tmbim6,1540.8210851544052,1139.8616235204863
Tmbim6,1540.5110560781152,1181.8678150639162
Tmbim6,1541.533520265821,1030.4048860680905
Skp1a,1544.0793928281932,1093.1362656275244
Mdh2,1548.1828077661785,1131.180316551925
Mdh2,1555.3292396246436,965.0915949471288
Mdh2,1571.8446068865876,914.0814253619658
Stt3a,1583.384528650757,913.257539196351
Lrrc59,1277.3530412214136,902.6260475169296
Lrrc59,1299.2028758161791,961.7978751116756
Thy1,1308.0428547712338,1000.6728105097784
Thy1,1311.5324869134274,1004.9566175649508
Thy1,1315.565601347825,990.3189412108716
Thy1,1316.0634690256527,911.5550486574288
Myh9,1320.96238101675,1035.2686425328957
Thy1,1322.665861488149,1012.2447430394794
Myh9,1324.106602975648,1031.3837022883397
Myh9,1327.7113095004715,1079.6265626354393
Thy1,1327.524780840032,1038.171950960634
Mrps18b,1329.9977169588328,1016.8852277386106
Thy1,1329.7591143263062,1162.9140251576632
Rps6ka3,1330.117393041059,1004.6585766591976
Lrrc59,1331.3583394964137,1144.342229105315
Lrrc59,1331.750089326622,1202.4190611719634
Myh9,1333.688880122858,1234.1605651204122
Thy1,1333.3118248612443,1227.0816751175723
Thy1,1334.7931104853033,1100.2638233181833
Ptgs1,1334.8104530256862,999.2480997008234
Ptgs1,1336.316320771998,1307.775978918597
Lrrc59,1335.8151974178647,1281.4978128594566
Thy1,1338.8835465736634,1086.9417052186004
Ptgs1,1341.3049475026116,939.345399616264
Myh9,1341.8800732936747,1341.951204070758
Thy1,1342.305393461724,1218.1606156766047
Thy1,1342.2033603779696,1315.2044831220965
Lrrc59,1342.6979111200185,1300.944777383631
Ssr2,1343.4634889138745,1303.9682977326397
Thy1,1343.5970431559622,940.9467425820524
Myh9,1344.6628120598566,882.887443485328
Myh9,1344.9136552077248,947.7162175235176
Rpl15,1344.619498305418,1044.5234530820726
Rps6ka3,1345.910462708112,1336.7432735418847
Myh9,1345.9146519909757,1056.166362014876
Ptgs1,1346.6357108339314,1238.799201526634
Rps6ka3,1347.1236246005506,994.747041377741
Thy1,1348.5768179122028,1242.818571316168
Thy1,1348.3431758423571,1282.23214648655
Ptgs1,1348.1202576696635,1316.0597515623992
Ptgs1,1348.2757330471425,917.6653355323116
Ssr2,1349.1541212159711,1026.697130084673
Ptgs1,1349.9885165117998,981.9139562062184
Thy1,1349.4239771234677,1100.550883376425
Myh9,1350.7405291407183,1278.842120218531
Rpl15,1350.851636456687,1165.652427111863
Thy1,1351.280336837283,1064.5542144163446
Thy1,1351.948121565167,1210.3571103995764
Thy1,1351.9282019274522,1137.6801958115864
Ssr2,1353.5479305401311,1217.1186923491014
Thy1,1353.4853778098627,984.6877261642088
Thy1,1354.4740880365762,1238.0624910739548
Thy1,1355.4515233447505,1300.4895507622991
Lrrc59,1355.5478345448364,1056.123805389403
Ptgs1,1357.000656318022,1111.1981158924589
Thy1,1357.6566205273782,1331.8205493617247
Thy1,1358.824534054483,1321.0525424698435
Ssr2,1359.3047801295584,1133.4962611760734
Myh9,1360.6876013610567,965.6750874877134
Ssr2,1360.766123073157,1349.5034707694358
Ptgs1,1360.9008818690222,1147.3094485206354
Rps6ka3,1361.3166027048387,906.0173436324634
Myh9,1361.8004642784597,1301.2026318873443
Lrrc59,1362.724159204431,1051.835593377211
Thy1,1363.2300817449031,1241.1002990643983
Lrrc59,1364.579667940838,1374.855492519464
Thy1,1364.7069371765112,1132.228765254671
Fkbp9,1365.6264401400622,1171.2086675757346
Lrrc59,1365.502110155337,1020.287900769076
Myh9,1366.4375899166107,973.0701541368336
Thy1,1367.862404425971,1339.2537482677426
Ptgs1,1368.4714977520557,1250.6459384638692
Myh9,1369.2067443256626,1007.187290306328
Myh9,1370.423052997094,988.750707742149
Rps6ka3,1369.067171173919,1317.330215698521
Thy1,1370.729410629012,1134.0880659860004
Lrrc59,1371.9561222290845,1449.8899834483564
Myh9,1372.764933863809,938.385300011779
Thy1,1372.8637709827744,968.7960772914964
Thy1,1372.491055170005,1413.0387756739624
Myh9,1375.1150933731417,1385.7280317126504
Myh9,1374.3970390051984,1462.2536844339884
Thy1,1374.5530823176755,1022.1130727351768
Myh9,1375.3235082969732,944.5504978269396
Thy1,1375.2738238118093,1221.608937540883
Ptgs1,1375.860314530952,1229.4141746766663
Ssr2,1375.714389895837,1433.1172915967402
Fkbp9,1375.7512732639966,1085.0689879804816
Myh9,1375.5473319538578,1559.3424622806688
Thy1,1376.1595448066928,1266.9453599432013
Lrrc59,1376.1621725003245,1468.3823137690988
Thy1,1376.5914421043449,1275.3622515398408
Ptgs1,1377.3871688924871,994.558926466532
Myh9,1377.4527418027562,1374.6897753344256
Fkbp9,1378.0544868817717,1050.3328995401089
Myh9,1378.8826889373472,1203.845224101447
Ssr2,1379.9570094675892,1300.476818082003
Thy1,1380.1209547517842,1190.5713379843671
Lrrc59,1381.2182103655396,898.2905419103649
Myh9,1381.5639283421986,1510.7056926265611
Thy1,1380.9845432611762,1011.5298070765264
Thy1,1381.547090156436,1433.5078231156776
Ptgs1,1381.765812677251,1552.025510304219
Lrrc59,1381.7209655831466,1211.1939884365863
Fkbp9,1381.8130886342635,1367.186844553822
Myh9,1382.0496977350303,1462.095237306928
Thy1,1383.210227468616,1267.0987224651835
Fkbp9,1382.5361119233553,1071.5373327080774
Ssr2,1383.078649887117,1231.6211287171886
Ssr2,1382.4394358147574,1205.0276354184382
Ptgs1,1383.7334635116506,1455.203012527657
Myh9,1384.6820577259336,1428.295437141375
Myh9,1385.081512396754,1344.0050632683287
Thy1,1384.8504478896873,947.0496281315106
Ptgs1,1385.9264115586432,1347.473936863003
Fkbp9,1385.4885820809782,1469.489885775988
Fkbp9,1386.1355403371556,1332.0865078646384
Fkbp9,1386.007990082792,1092.2860183132707
Ssr2,1386.100194017767,918.0193747619036
Thy1,1386.584618533755,1014.5431300213572
Myh9,1386.7886963891249,927.3962530698366
Ptgs1,1386.7191956325862,1572.559472878724
Ptgs1,1386.3094622244537,1050.2843181705512
Vim,1388.9282638579232,1066.080606073583
Lrrc59,1388.2550660687589,1300.3927496463482
Fkbp9,1390.1390056162943,1429.204833896464
Thy1,1391.4646459283342,1324.1654840029871
Myh9,1391.0180775724612,1527.980859766922
Myh9,1391.3468312882871,1025.0123058122854
Thy1,1391.26936449164,1009.378849018212
Thy1,1391.9120042628197,1336.111341625807
Thy1,1392.6698544630644,1210.3202655024409
Myh9,1392.7921987683658,1352.9654036708134
Thy1,1393.0911594925356,1017.172311400296
Fkbp9,1393.5184970062585,1239.9937715665676
Ssr2,1393.256178730423,1301.1517016542837
Thy1,1394.0803665474275,969.0774769854704
Mrps18b,1393.5727862609408,1042.0278019809778
Lrrc59,1393.8193097666422,1501.0152184939582
Ptgs1,1395.1272115441875,903.5296442276328
Myh9,1395.1356862518671,1573.4850145953385
Ptgs1,1396.1442750268852,1342.5858395159642
Ptgs1,1396.7540378239532,1418.4262909819358
Ssr2,1395.9120415667026,1051.0745649381715
Ssr2,1397.435166337655,1224.8960510441825
Ssr2,1397.7069448409716,1149.7004783883433
Ssr2,1398.361436664873,1371.9107206893812
Ssr2,1399.2420334203616,1495.7397797979122
Thy1,1398.9729382843946,1249.611287129084
Lrrc59,1399.6295376028147,1440.321330724742
Lrrc59,1398.6783440871827,1453.6165677829497
Fkbp9,1399.711588118127,1033.704114128903
Fkbp9,1400.1534752154353,1360.6850443049068
Thy1,1400.1051947670508,1077.078635229026
Ptgs1,1400.5970245837366,1408.96044549381
Fkbp9,1400.7649698388316,1242.2310846305927
Lrrc59,1402.207875752501,1201.8652417666883
Thy1,1401.8091997947347,1356.9175711252292
Sec13,1402.9202879923355,1560.9388757579206
Sf3b2,1401.463138986337,1561.2734855670292
Lrrc59,1403.211911215623,913.5246357436648
Myh9,1403.268225843523,1392.8803968823272
Ptgs1,1404.2548785511754,1366.1307174325188
Thy1,1404.6608806719407,1349.7415928515684
Ssr2,1406.3604396570877,1199.845173655992
Myh9,1406.4458528245823,1320.7229996053088
Thy1,1407.2962269580669,1399.1208907376774
Lrrc59,1407.8501251802932,1324.4007750342776
Myh9,1407.8643250504747,1036.0501425527043
Thy1,1408.392099434417,1063.247694722513
Thy1,1409.1150855599958,1015.546956584804
Ssr2,1410.5742419141868,992.429839959635
Myh9,1410.7863563246915,1472.986005335047
Fkbp9,1410.9867995389168,1204.6037979044852
Ptgs1,1411.2479838829613,1199.3027217721565
Lrrc59,1412.653460809884,1180.126929764146
Lrrc59,1412.501386420612,1525.832011879144
H1f0,1413.785966724654,1526.0714657043768
Myh9,1412.8860031850754,1535.8943341719876
Ptgs1,1412.422847658567,1375.676722613821
Thy1,1412.5741475086506,972.1968995535216
Mrps18b,1414.2042079239104,949.3787422460902
Thy1,1413.2500751425712,966.5425456104846
Thy1,1414.0172107928806,1310.7410268090548
Thy1,1413.972889684749,1406.3912179006795
Thy1,1414.5535594878606,1317.2246785174334
Myh9,1414.2946867988535,924.9134007759516
Thy1,1415.373660944338,1369.3890493361837
Thy1,1415.084529469329,1325.6825011757269
Thy1,1415.5263597215892,996.7570026106016
Myh9,1415.5106712657928,1362.034520886786
Fkbp9,1416.60864869357,1017.8493867198156
Ptgs1,1417.0667106192286,1529.851625235707
Thy1,1417.1885521807424,1464.4931412166632
Thy1,1419.0270661121156,1004.1700769066978
Ptgs1,1419.5175467170077,1231.2061409903704
Lrrc59,1419.104397854952,1174.1518125788093
Thy1,1419.737928420269,990.1419610345516
Ptgs1,1419.5489886386852,1404.776690753088
Lrrc59,1420.1036831636302,1501.8071129995787
Myh9,1420.6195529548486,982.7701833391244
Myh9,1421.1653183968735,993.6011012128728
Myh9,1421.0320395889566,1496.9450396405855
Thy1,1421.3367682592786,1321.0238883354884
Myh9,1421.7996352076711,1217.418533490697
Thy1,1423.3064452578249,987.2752505389606
Ptgs1,1423.6169312924017,1226.324492328391
Myh9,1423.607254920565,1056.6655899792436
Thy1,1423.8309371282276,1253.709424951151
Lrrc59,1423.3812685887333,1198.3234347719588
Ptgs1,1425.326105393424,1288.6279987931164
Myh9,1425.3504877058715,1313.6747093741883
Fkbp9,1425.5375957258066,1132.2890307279094
Ptgs1,1426.7077857836575,1463.376209147084
Ptgs1,1427.964827049814,1330.9358221238242
Fkbp9,1428.4001284055514,962.9334841974973
Thy1,1428.5978355409611,1217.4085729202425
Myh9,1428.6259016358151,918.4404811170184
Lrrc59,1429.1887681404708,943.0448891151018
Lrrc59,1433.0853285195806,1323.2104257627184
Lrrc59,1432.8531220432578,1058.0680587067527
Ptgs1,1432.5586470897997,973.579648230168
Thy1,1433.348423306889,962.4189497228332
Fkbp9,1432.8165677998147,1208.0641704813856
Lrrc59,1433.2572492571214,1049.7348650272136
Fkbp9,1433.0564308449232,1376.1279426827953
Myh9,1433.6141151310126,994.4699105878564
Thy1,1433.8276950147183,1283.659631384347
Lrrc59,1434.4901762302525,1039.1634145346216
Ssr2,1434.5084223640329,975.8119167441258
Myh9,1435.015941352619,900.5278506242361
Ptgs1,1435.2594543732007,1056.5217797648083
Myh9,1437.0807499725877,1378.4178287810646
Thy1,1437.9407424766605,989.6786712111268
Thy1,1438.7887936027482,921.7256795025074
Myh9,1439.040862642373,946.3624899959646
Ptgs1,1438.87773151766,1215.6512811840976
Thy1,1440.2674949869065,1324.891079701612
Thy1,1440.412652559585,1118.160523433122
Lrrc59,1442.1168382274957,971.0974680698451
Myh9,1442.795605474929,975.3653579645578
Fkbp9,1442.8509847709838,1244.5127116238025
Lrrc59,1446.4244003343697,1283.0915296735
Myh9,1445.7313842093322,1035.381624777273
Ptgs1,1445.9558674696932,1181.7597371332174
Thy1,1447.2180146030046,958.3950068465308
Ptgs1,1448.2846404656116,1332.7349569532614
Myh9,1448.362833163735,1038.4775457376982
Myh9,1448.8277372612815,1027.281306657771
Ptgs1,1449.9052259391838,1301.9786902774288
Fkbp9,1449.9553952271522,1315.3957993833444
Mrps18b,1450.4639781962544,1379.1514400317883
Vim,1451.4170874893643,1248.7204828430172
Ptgs1,1450.93304527914,1022.3128907956116
Myh9,1451.664479599891,1043.4750715118294
Ptgs1,1452.2627503014087,1113.4764187332223
Lrrc59,1452.3714249441343,954.1724596369464
Myh9,1453.4339784709289,1201.73637843917
Lrrc59,1455.2789837219068,1141.1967551834111
Myh9,1455.466921307927,983.5274750018176
Thy1,1455.4929639053476,1060.6552112632803
Ptgs1,1456.2528452785073,1380.5571016646172
Ptgs1,1455.697916897927,1355.950920537685
Myh9,1456.7196357005714,1174.6469056469891
Thy1,1458.6789938400846,1400.3319469929688
Thy1,1458.2424140585076,1101.0321335756569
Fkbp9,1460.1516341200447,954.537474175052
Lrrc59,1460.5423497191496,987.8169915437892
Lrrc59,1460.8104873558627,999.7058541469944
Myh9,1461.26017513994,1105.1687427358142
Lrrc59,1461.3593723152878,881.812377539631
Ptgs1,1461.5470348063932,1189.463028938576
Thy1,1461.4689068261914,981.5043674892186
Fkbp9,1461.817005108164,1215.844835932237
Thy1,1462.3399913846729,1006.9385088935078
Thy1,1461.7514510446854,993.788232978852
Thy1,1463.0619880405025,1002.8651914570804
Myh9,1462.1785395367035,1346.2242728486897
Ptgs1,1464.2470959148256,1371.8287971856676
Thy1,1464.03073608802,1334.2408968703544
Thy1,1464.3289833344377,1309.0346892356015
Fus,1465.1083375301428,1047.3727377412322
Rps6ka3,1465.8785196696588,1144.8820452170369
Thy1,1467.450472727891,1063.3620068849038
Myh9,1467.1977087645737,1272.2128574464075
Thy1,1469.2087011583324,1320.2667135505976
Thy1,1469.1861762283015,1034.2361205891864
Lrrc59,1468.7992588662762,1158.645741014683
Fkbp9,1469.7101524243872,1307.0737618188723
Fkbp9,1469.9262602209492,1043.9354995940616
Lrrc59,1470.60415527664,1340.9404244642965
Myh9,1470.9158429859442,952.9741261091756
Myh9,1470.9183722091434,1281.9334040196957
Myh9,1471.264193137445,1070.2385693098304
Thy1,1472.0381783538685,945.723726277454
Ptgs1,1472.4512068723068,1149.025958842108
Ptgs1,1474.0563573068516,1201.2709648777236
Lrrc59,1474.5205400247507,969.297621073444
Lrrc59,1475.8641959127613,1340.1918997082482
Lrrc59,1475.5021678024918,1300.1468750072115
Thy1,1475.836340208259,986.9251648287376
Thy1,1476.0222907008467,1069.3180622010882
Thy1,1476.2804490731023,1111.9765222137285
Ptgs1,1478.6050596118976,1295.7196868590754
Fkbp9,1478.9121753196418,985.035357440142
Thy1,1482.7347617735404,1248.8500903788588
Myh9,1483.39503509591,1312.8233422765932
Thy1,1484.6211759276032,1213.1532236471523
Ssr2,1486.0344205573494,1061.0261896241632
Thy1,1486.0561193878852,1111.5321346585172
Thy1,1486.1701713004368,1097.3617329809051
Lrrc59,1486.7569869411209,1092.9522452635274
Thy1,1487.1785614839,1126.0689300483616
Myh9,1488.2840064732325,1005.6372543266682
Ptgs1,1488.9652720790036,1021.6382784540374
Myh9,1489.8253444162424,1191.84712201991
Ptgs1,1489.7288497229852,1274.593389584741
Myh9,1490.6516654433035,1294.9191310099218
Myh9,1492.2877915533234,1220.5853319996927
Ptgs1,1492.5873233089842,1264.2243018931144
Ptgs1,1492.632656875964,1240.8593674496365
Myh9,1492.8728585579688,908.2861449857172
Xdh,1494.3442229364366,918.3462133789868
Myh9,1494.708811008005,896.0640866793497
Thy1,1494.9045700148235,1068.3870158790096
Fkbp9,1495.7106344509705,1094.677877124118
Ssr2,1497.7657368266755,1100.5777616104124
Ptgs1,1497.4756991502195,915.4281126677056
Myh9,1497.1704590632792,1055.6471228832131
Myh9,1497.9325813909302,1272.3425044924786
Mrps18b,1499.129682491311,932.41533632454
Ptgs1,1499.498858374168,1232.5907009314396
Thy1,1499.5638208478972,841.9995487034859
Fkbp9,1502.4593258574153,1038.4418455204031
Myh9,1502.9222740084122,1209.8796269932586
Lrrc59,1503.3836089176898,1011.4045410353372
Lrrc59,1503.853758847207,1125.385996440353
Fkbp9,1504.3437470524848,1061.721077599976
Thy1,1504.064066187745,1118.061778544319
Myh9,1503.9551822363444,1066.4922044516773
Ptgs1,1504.3630578902223,935.9741909558484
Lrrc59,1503.9815338534895,1264.4695989270654
Thy1,1503.7598737300154,1040.9205303723309
Lrrc59,1503.999227839491,918.112629618014
Thy1,1504.145134409579,1020.5649864288504
Thy1,1507.206081921364,1072.693134172364
Thy1,1506.8750512808544,1106.2286126040044
Lrrc59,1507.3341042333366,971.1392435936576
Thy1,1507.6762014696722,1001.1769740215848
Myh9,1509.0552139154695,1011.8990538070972
Myh9,1512.2748051479875,995.3641808781877
Ptgs1,1512.020624175169,897.1408721891241
Myh9,1513.2822398120609,929.1273928198276
Myh9,1514.573635231259,1223.5783983263727
Ssr2,1515.1044959969802,1198.3217291045742
Ptgs1,1515.1793835073522,966.63149729602
Lrrc59,1515.279336825805,989.3192795756376
Ptgs1,1516.2059316792538,1041.7180347765095
Thy1,1516.920604462637,1218.9413338282948
Fkbp9,1517.1255039958282,1125.4072983789588
Psmd4,1517.0507926445207,998.0783136618188
Fkbp9,1517.5270458678665,1076.141499917249
Myh9,1519.709717198046,956.3194762874384
Thy1,1519.8625718717965,1149.5280014314355
Thy1,1520.8700359962272,1083.43352773263
Thy1,1522.2942257878226,1019.8351153503868
Lrrc59,1522.821104669243,1252.7245848400453
Thy1,1522.6442866136715,1168.4283520066638
Myh9,1523.2445032757405,907.6648967157428
Myh9,1524.7789377591123,1230.9305231273229
Thy1,1523.902869592309,1097.4139430686014
Myh9,1526.2797850791724,883.5280185459327
Thy1,1526.1671201672862,995.574152594318
Myh9,1528.075127426631,1209.207225360974
Myh9,1527.056646746054,906.9771624786404
Fkbp9,1527.9170948903738,916.3930132000576
Ptgs1,1527.8098154250029,1076.4141972149428
Lrrc59,1528.2031120654617,895.5364837340169
Myh9,1530.293628569378,1068.4251708448403
Lrrc59,1530.1706583799355,1046.0773067856987
Ptgs1,1531.012026859028,1202.3506113326994
Lrrc59,1531.0885030370137,886.9650857870778
Fkbp9,1531.0650337160814,1193.736116641273
Myh9,1531.2895581611224,990.1348647526428
Ptgs1,1531.3780315437416,1051.0980380027734
Fkbp9,1532.2021908470724,1064.403710157221
Lrrc59,1532.206828286106,1083.227765082902
Ssr2,1532.566319813782,1105.6913806003847
Vim,1533.2407028760472,880.7567475017605
Fkbp9,1534.6121427187695,997.0729312074886
Thy1,1534.4201529719585,1038.7400182287251
Myh9,1534.483732136772,947.5624071241546
Thy1,1538.2098412808084,1082.1022300396107
Lrrc59,1538.585056765323,1141.1715978854618
Fkbp9,1538.9727887731428,1163.1031854400403
Myh9,1539.8580903431923,896.7739638119527
Lrrc59,1540.0078425517222,1169.256243622546
Lrrc59,1540.1817667394296,1056.5750406273864
Rps6ka3,1540.3842673869344,1089.3859107612454
Myh9,1544.9384361968596,1147.1471487686088
Myh9,1545.7076588910506,889.4525239490465
Myh9,1546.2276029465409,1081.9105251330811
Lrrc59,1546.7985630939108,1020.928739916054
Thy1,1547.419862921016,964.1586187732216
Lrrc59,1548.5470177110428,864.1887976524922
Sec13,1548.4797496247656,864.2673594948496
Thy1,1549.8004960851931,1097.0279173276278
Lrrc59,1549.4816011867608,1102.9352774403408
Sec13,1549.0950969307123,942.0310000918244
Ptgs1,1549.7655266258216,1151.733569717505
Myh9,1556.659059513214,883.8777889994481
Ptgs1,1576.8257692068494,912.2929933637686
Nap1l1,1256.983734214883,949.1627732625452
Nap1l1,1305.2331382327372,970.4305864886888
Uqcrc1,1309.239887412964,993.889558412083
G3bp1,1309.6214990088752,1000.3806912012976
Gsto1,1309.9001327373394,979.2850921110352
H1f0,1310.1884583658534,969.7848189432332
Uqcrc1,1312.6853567537062,1202.7801314129947
Gsto1,1318.96842315784,1331.1004059176005
Gsto1,1319.3547030018738,1023.792478255832
Gsto1,1319.8825915095565,1208.7745668070745
Gsto1,1319.8634942407389,1003.1152492199424
G3bp1,1320.648479861824,1195.903197877648
Uqcrc1,1320.868857678676,1033.925021971124
H1f0,1323.533405220052,912.0924326711574
G3bp1,1323.8509750567196,1192.4427857644337
G3bp1,1324.7028872982848,1354.5849441975006
G3bp1,1326.7492136676742,1339.084465455267
Uqcrc1,1327.2575125408794,995.9559566774244
Gsto1,1329.50185722665,1336.769718503724
Polr2m,1328.6871157564074,1044.240064493139
Nap1l1,1329.1461929974894,1048.6584900719874
G3bp1,1330.6605613640277,1005.2160895013442
H1f0,1330.47706616889,978.0748676273358
Polr2m,1330.8875719935795,1319.378589663349
Gsto1,1332.252694651883,1296.4000665863302
Gsto1,1332.4948538462877,1089.5268310970373
H1f0,1333.6577474454227,1224.9062438666756
H1f0,1335.3930784906902,1331.831999240192
Polr2m,1336.0620391300288,933.3594027481772
Gsto1,1336.4566890149265,1340.1952126291162
Nap1l1,1336.361795599392,1301.1870340412293
H1f0,1336.8433949602986,1118.4753532273132
Gsto1,1337.2287557053162,1133.4589387647998
Gsto1,1337.4297393740517,1319.1835260893786
Gsto1,1337.2838905470608,1210.6657856388874
Gsto1,1337.6660183809654,923.481272150661
Gsto1,1338.02314137623,1313.939810357181
Uqcrc1,1337.620235150904,891.8234781582244
Gsto1,1339.275673176582,940.5841619095504
Vim,1341.3689120625695,949.5204781846428
Gsto1,1340.5594030356433,1307.0577882584716
Nap1l1,1341.4702309912743,945.474220184558
H1f0,1342.0701618957926,1211.5454203578531
H1f0,1342.4565797731098,902.620416740892
Polr2m,1342.4624607357143,935.3313474019084
G3bp1,1342.9503079741064,1291.2471973600295
Gsto1,1344.4495902273502,973.3862691941224
Gsto1,1344.5303683524455,976.0038195206588
Polr2m,1345.2521914680467,930.031349624846
H1f0,1346.193696558982,1296.6231732216777
G3bp1,1346.7857040994056,964.9289406479764
Polr2m,1346.466506272571,1245.4777818801792
H1f0,1346.6909696665757,1228.0309665702962
Snrnp70,1350.0441297079217,1373.8566479353192
H1f0,1349.5620972780837,1060.6955547104276
Gsto1,1348.97726950353,977.1573093544492
Gsto1,1349.4129551186631,1021.9189492727952
Polr2m,1349.637957727217,1188.3261850449126
Gsto1,1351.182465587306,887.3695009375988
Gsto1,1350.9377285824964,1364.0754406442206
H1f0,1353.264827848461,1094.95553170196
H1f0,1353.1368681366123,1278.768466840957
Nap1l1,1352.97463388089,1011.4757266090865
Uqcrc1,1354.444924621988,1209.6441606868586
Uqcrc1,1355.4926769999267,1326.965411806273
Gsto1,1356.2791512448302,1257.1307539254403
H1f0,1355.946954247311,1153.2993271465673
H1f0,1356.1903658570018,1084.4642970361074
H1f0,1357.0322930024684,1230.5297903233086
H1f0,1357.6108880687598,951.8325240639624
H1f0,1358.3363841931366,1103.5663236460018
Vim,1359.0072381701011,1317.778607070671
Polr2m,1359.6608415564006,859.8551607074759
G3bp1,1359.81891359464,1257.7629963498073
Gsto1,1359.9660419929746,866.1474787790577
Gsto1,1361.2649031788185,1243.0949777741466
Gsto1,1362.3841261701837,916.7111866662716
H1f0,1362.621358014739,1115.4570843095246
Gsto1,1362.1262071118651,1381.981262726066
H1f0,1362.9758665605762,942.038419891286
Vim,1362.7229194370625,1329.7745081656508
Trim28,1363.3225556892155,1365.6478437061426
Ybx1,1362.7980455821644,1364.3223180008536
Nap1l1,1362.858192445276,1365.2215054841909
Trp53,1362.9481586409074,1322.22934379333
Uqcrc1,1363.3431723386898,1321.4930309966846
Polr2m,1364.6487291411563,1226.6033190068856
Polr2m,1364.273319075547,1284.4409343850457
H1f0,1364.821933904796,908.7976393841188
Gsto1,1364.9732658436835,905.1391870526596
H1f0,1365.6735423565965,1204.1321112610688
H1f0,1367.1697341808492,1316.817316509263
H1f0,1368.312799738593,1332.2388035677577
Polr2m,1369.933712215775,1470.890804223351
H1f0,1369.867083706627,1129.9161964561467
Nap1l1,1371.5192550243848,1306.4130505746464
H1f0,1371.61176568217,1323.7680784165414
Gsto1,1371.2173284279147,1380.2820126371248
H1f0,1371.5171566612305,1040.38686628553
Gsto1,1371.8423402061617,949.8776408827746
Nap1l1,1371.780609288509,1454.9631882341805
H1f0,1372.0340816145454,1585.4103050483386
Gsto1,1373.79783181797,1393.767034693529
H1f0,1373.1432990817366,1263.9586905984345
Ybx1,1372.8057318736949,1425.6339683010435
Gsto1,1373.2354785306327,1427.1444235068689
Gsto1,1373.5360999103389,939.9024515563744
Gsto1,1373.84017150751,1362.9465067765448
H1f0,1374.1252872843163,1456.532814339735
H1f0,1375.1885917376912,1569.8957580692452
Polr2m,1375.6743097691383,1026.0860702995933
Gsto1,1376.6114296270391,1410.8236546701253
Polr2m,1376.210429378379,1271.0564170360483
G3bp1,1375.7902821326552,1346.847151727944
H1f0,1376.4940312074682,1580.031744333407
H1f0,1378.4435900821968,1021.2005007536612
Gsto1,1379.3504976329573,947.0002351044004
H1f0,1379.47832916194,1066.1937402459444
Vim,1381.5004472140336,959.2049642740496
Nap1l1,1380.1616557327284,960.1539103276968
Gsto1,1380.9620364093644,1392.6277674460364
Gsto1,1381.075608919683,1537.006202667828
G3bp1,1381.489160478006,984.2950083754884
Gsto1,1382.1614830222018,1556.0911587687144
Gsto1,1380.929515472525,1023.9916097445532
H1f0,1382.2140838672497,953.876300384122
Polr2m,1383.4059941229198,1543.9619238274086
Gsto1,1383.1856356782,1578.3834413228103
Gsto1,1383.256679442689,976.0104550468682
H1f0,1383.8743957889671,1365.0921787560924
Gsto1,1383.9132653707984,1057.481894710036
Gsto1,1384.8471853981669,986.468140190208
H1f0,1385.1863664769694,1224.540500149626
H1f0,1386.5349757402291,1431.965209196229
Nap1l1,1387.2029820224368,1495.3772624814928
G3bp1,1387.243310905292,1412.0185034734325
Nap1l1,1386.8273738883945,1424.5899691539328
Gsto1,1386.972336340073,1013.3594687829632
Uqcrc1,1387.4226644224475,1489.7229441552654
Vim,1387.290753421637,1490.3632861128276
Gsto1,1388.2711251968617,955.8078157014028
Nap1l1,1389.1982841032318,1049.8173673922684
H1f0,1389.5205359011695,1031.9010959266373
Polr2m,1390.0563190084035,1581.3871519881304
H1f0,1390.1151318619925,975.1651554202288
Gsto1,1390.643358312234,1507.639495106734
Nap1l1,1390.0344040089813,1368.3776579330276
Polr2m,1390.679621483625,1564.4087062329993
H1f0,1391.4699212503303,960.4361579754772
H1f0,1391.2397927659792,1509.8580408280854
Uqcrc1,1392.0688680994558,1332.652815038006
G3bp1,1393.0824537811764,1516.6679250147115
Uqcrc1,1393.4872281814582,1494.2500572389065
Gsto1,1393.1053964645353,1587.1648720824533
Gsto1,1394.4318050713373,1526.573626406815
Gsto1,1395.028289579055,1571.1695505287253
H1f0,1395.735842030651,1208.7700719285656
H1f0,1394.986922703,967.2954544723584
H1f0,1396.3338555218954,1508.198572516113
Nap1l1,1396.8092725609904,990.7375668246492
H1f0,1396.497665650978,954.7806517855036
G3bp1,1396.652118763612,1520.1025735295273
H1f0,1397.0298814943867,1530.890748770498
G3bp1,1397.6355984290185,1367.6975887061612
Gsto1,1397.8004386808498,1565.4688871042265
Gsto1,1400.039421662707,1017.502021257722
Gsto1,1400.7637587218303,1571.9817220992943
H1f0,1401.992876528131,906.1390760420315
Gsto1,1402.572134565441,1336.6631737586922
H1f0,1402.9263219847596,1019.4643165800496
Gsto1,1402.8882556382737,954.751030767481
Gsto1,1402.458251966773,893.9976156698388
Nap1l1,1403.2453557136184,1368.699303741053
Gsto1,1403.5242140805362,1039.4081657869497
H1f0,1403.1665817553237,1455.0075531050684
H1f0,1403.77790246644,931.0263643614168
G3bp1,1404.9543956314694,986.7023517685224
H1f0,1406.7972645364266,1391.8766173819529
Nap1l1,1406.6819752407432,1576.5131173273446
H1f0,1408.1906525084496,1190.7675667783087
Gsto1,1408.5733342904928,891.7112545922482
H1f0,1408.0799126867837,1351.912347892301
Gsto1,1411.508022114274,992.36678196732
H1f0,1411.6668001838732,1404.3898926686857
H1f0,1413.4504403585515,949.6762114138718
Nap1l1,1413.7684378640708,1022.6365517066672
Uqcrc1,1414.1246259888137,960.0793614680975
Gsto1,1413.9271429769076,1052.343170662591
Gsto1,1414.383147278984,1438.256066587434
Rbbp7,1415.2264833446002,1320.3834222535338
Vim,1416.1234258330364,1308.574308685018
Gsto1,1415.4015887466876,1349.0191491318644
Gsto1,1415.991894105266,1435.436640786152
H1f0,1416.5589303944405,1498.8657793922869
Uqcrc1,1416.8854016442872,1398.7043216934248
Uqcrc1,1417.1464140128126,944.2893562943592
G3bp1,1417.177896596142,1577.5594778454597
Gsto1,1417.4230628882465,1364.6654352834787
Gsto1,1418.1486496552948,1527.0022566699993
H1f0,1418.3676618962174,1378.455759457383
Gsto1,1417.9668639386737,921.6664448213688
Gsto1,1418.7210527480804,1422.1627550498004
H1f0,1419.1670482647971,1187.1749241316577
Uqcrc1,1419.5151598747398,1395.4998505748536
Gsto1,1419.578824935723,1401.5073165268514
Vim,1419.4378065078492,1542.2113506294816
Gsto1,1420.7360620993238,935.1121582339194
H1f0,1420.359936381631,1155.2899811947448
Gsto1,1420.7514900471856,901.55922685519
Gsto1,1420.2043618917155,1385.8308970126204
Gsto1,1421.187007339316,918.727918936148
G3bp1,1421.3206834436469,976.5235983269852
H1f0,1422.2134008408989,1250.472339889076
H1f0,1423.8050574663453,1254.68535417823
Polr2m,1425.0396144675851,950.3095054058527
H1f0,1424.305636693309,1522.843934403072
G3bp1,1425.0932097905268,1442.0078381627472
Gsto1,1427.3007605294877,1457.7446615102726
Vim,1428.2298256721688,979.43614973212
Gsto1,1430.0093747116389,921.766754524486
Gsto1,1430.5609504080244,906.3515039544436
H1f0,1430.4763736598811,1224.7293732448843
Polr2m,1430.2086093266512,1403.919506679349
G3bp1,1431.5771836250542,999.013335989844
Nap1l1,1431.5736263569097,900.9215230652064
H1f0,1431.5684395383028,1207.7210813421689
G3bp1,1434.1154815172,1366.19266564059
Nap1l1,1433.948012665743,1431.0012107832204
H1f0,1437.274658489776,1232.832209515144
H1f0,1438.9159707025228,1080.586554529288
G3bp1,1439.1115672230003,1383.3565100159226
Gsto1,1440.3574255133892,952.4171237285584
Gsto1,1440.519552428207,1019.3842366191204
H1f0,1440.1193401476576,1378.449582563254
H1f0,1441.043803513613,1444.3858720553235
Uqcrc1,1440.709430119019,1464.0476112312392
G3bp1,1441.89438193984,1065.25438468814
H1f0,1442.6931424928734,1166.8126988059448
Rbm3,1442.409212462764,1346.9602388484595
H1f0,1443.6896621533103,1455.691363669392
G3bp1,1443.9934318186497,1432.8258509509062
Uqcrc1,1444.645600096078,1289.6779755628029
Nap1l1,1444.4792687777262,1028.7017991572882
H1f0,1444.926549420513,1210.920806632226
H1f0,1445.247784091498,1227.451956055149
Gsto1,1445.9447839790223,1451.3846383616924
H1f0,1446.4981484198115,1396.5099133846102
Nap1l1,1447.2873325683809,950.6529609807172
H1f0,1449.3992773101195,1024.6687448574407
Uqcrc1,1448.9141937737213,937.7965687179988
H1f0,1449.5260389851817,916.5036220294728
H1f0,1450.295269863307,1412.1988367257782
Gsto1,1450.7917159019544,1444.4351240788856
Polr2m,1450.8391268984012,1088.7105192447898
H1f0,1450.4341960717347,1428.0992737829097
H1f0,1450.2970030065944,1170.4054948520013
Trp53,1450.947230015788,1219.6108740206728
H1f0,1450.8326073919138,961.201207376896
G3bp1,1452.4366307774417,1346.634586784702
Gsto1,1451.0371160072327,940.5120751014508
H1f0,1451.2420883464058,1318.763695570756
Gsto1,1453.4718143006455,1067.034057189943
H1f0,1453.8594581899454,968.4110111540614
Gsto1,1455.710422196837,1423.7646116456865
Polr2m,1454.7874416519985,1045.4005705116456
Gsto1,1456.0986825010357,1210.3959138184912
G3bp1,1459.6902800108169,1293.0556873036558
Gsto1,1459.3714341332325,1410.0288058708425
Vim,1457.5515013963018,1337.070289586794
H1f0,1459.295336864094,1360.677452454966
Polr2m,1459.3354162384169,1083.7393802890692
Polr2m,1460.3390994658885,1253.167489008052
Gsto1,1459.7422239109094,1263.53960161365
H1f0,1460.2366813333006,1272.843623634576
H1f0,1459.88887714689,1102.2890459867483
H1f0,1461.893246336546,962.007422876494
Gsto1,1462.5215579074932,1368.97304731467
H1f0,1462.2378312104463,1300.878675837143
H1f0,1463.7732680410145,1067.0820005134508
Polr2m,1462.5766869714466,919.05330078658
G3bp1,1463.224878222536,977.7225779201044
Vim,1463.7046637377582,1213.0968431221268
Gsto1,1465.5752150407372,1314.5883312862547
G3bp1,1465.5927375594024,1371.7316366296448
H1f0,1466.6973720236838,943.081275922184
Gsto1,1465.8581493735155,913.1201407338056
Gsto1,1467.6793495809227,1021.5371698018982
Vim,1469.3453484590943,983.6843639132344
H1f0,1468.6874186995217,1042.6592623894646
Nap1l1,1471.2813105775936,1200.6238066169992
Fkbp4,1471.095387653286,1276.0131592608695
Gsto1,1473.2386123623924,1221.9119430577305
Polr2m,1473.8124787207505,1101.4162378691444
H1f0,1474.9964232609864,885.3615735574292
Gsto1,1479.1466553896194,939.0209719236811
Gsto1,1479.2237149086582,886.1963988100886
H1f0,1479.757014649108,1124.82251088595
H1f0,1480.8211991617568,1229.5317604504864
H1f0,1481.778182741672,1219.4700383464813
Nap1l1,1482.4066415205727,1270.1202414934603
Gsto1,1482.31053995994,917.891204016872
Gsto1,1482.1978365227135,1291.9903811234972
Gsto1,1482.8951900368374,1049.8971365807638
H1f0,1484.0965245843386,948.046515236034
Gsto1,1484.0973914787423,1056.358914955256
H1f0,1486.8447528650129,1182.3346088573746
Gsto1,1489.609799253854,1278.0166070624048
Vim,1490.6749644586564,977.5464475223456
H1f0,1490.3939428315805,1271.476890354248
Nap1l1,1491.1643533578435,1302.4617325672896
Gsto1,1494.8437518475816,900.9167469740092
G3bp1,1497.146459827216,1055.9530390995878
Nap1l1,1497.056895193287,938.1716558890944
G3bp1,1498.6078652460235,909.9277901754136
H1f0,1498.3573693030237,1148.0765626231982
G3bp1,1499.0423707552895,1177.8046533017985
Gsto1,1499.757390435274,898.3957743408404
Gsto1,1500.3556930449188,1022.7506365587604
H1f0,1500.7997031112768,1091.9180896526054
Uqcrc1,1501.438927237174,1009.3913271115396
H1f0,1501.65903911851,1167.5754015796847
H1f0,1502.3136356279283,998.772060423164
Uqcrc1,1502.0123367534786,1281.175449805935
Gsto1,1502.4358510736342,1120.2381425174456
Polr2m,1505.3127342061944,1288.9960338560006
Gsto1,1505.4293506526838,1141.9387944622597
H1f0,1505.5502552084167,1129.5028496605355
Gsto1,1505.2399900263003,916.6627323928612
H1f0,1506.7847834943834,1042.5864327323504
H1f0,1507.4565175530693,982.8062622762558
G3bp1,1508.853511474258,957.581500014355
H1f0,1508.5540789235122,1225.3861061610633
Gsto1,1508.702374243761,1007.0956754162796
G3bp1,1509.3821290779802,974.6662117881287
G3bp1,1509.3595006756036,945.5284464189608
Gsto1,1510.2457728773131,1079.4123893940175
H1f0,1510.1256686922595,874.5151153339851
Polr2m,1510.3727745031638,1247.2713130147229
Polr2m,1510.0864980076308,1071.8173506060964
H1f0,1510.498163449233,1202.2508974969169
Tmed9,1509.7979920878552,1200.3733092527104
G3bp1,1511.4136672803972,1032.2157336822395
Uqcrc1,1512.3007934928396,1116.5427870917788
Gsto1,1514.5930865814282,1265.6176077595974
G3bp1,1516.5034651939934,925.0435267685386
Nap1l1,1516.4730549791218,1250.9619239709764
H1f0,1517.0524297772768,1012.6341667083389
H1f0,1517.289083158575,1225.1229728507544
H1f0,1518.6303397010745,942.4392459518364
Gsto1,1518.7957233504803,1236.8319234975645
Gsto1,1518.0101705389768,868.9369605593297
H1f0,1519.837344457587,1232.6225559466184
Nap1l1,1520.7924732251945,1276.8958842696995
G3bp1,1522.1188673807817,950.856980669281
Gsto1,1522.2823763734218,1180.4902036720505
H1f0,1523.162086124851,1090.2668406528223
Nap1l1,1523.2011681172175,1075.2582784005704
Nap1l1,1523.289055391769,978.9985557966552
Uqcrc1,1524.4664648626854,1217.3904818120243
H1f0,1525.0082983608015,968.2994210042652
Uqcrc1,1526.0318118549155,1017.7991929377016
G3bp1,1525.7146884957092,913.6348587816098
H1f0,1527.7580172073767,917.9308442672108
G3bp1,1529.2791558521026,1008.7443725116344
Gsto1,1529.2802491055254,1109.0630042883708
Gsto1,1530.0353091929303,870.4821395860802
Gsto1,1530.334012827064,1129.55477820563
Fgf7,1530.6286883915943,1085.859692099203
Gsto1,1531.2481822552145,1167.0004213995337
Vim,1531.328265761104,1191.895238525066
Ybx1,1529.6833883261274,1192.2215634237368
H1f0,1531.889693217665,1204.8532391545775
Gsto1,1532.1063474143675,1062.2517088983186
H1f0,1533.6790412249484,982.0120097479852
G3bp1,1532.9826245866664,1176.4535433063131
G3bp1,1533.7240318949948,1067.703815151991
H1f0,1535.958125429234,1060.7474424556997
H1f0,1537.796189412369,993.1276829098178
H1f0,1538.2828247348816,1093.5931641273985
Gsto1,1538.0958691024878,1190.8963716472051
Nap1l1,1538.6257252839896,1151.3292955761287
G3bp1,1540.8008438985655,1003.7536043095754
Ybx1,1540.4853239218012,1001.6005885218738
Gsto1,1541.1760193420569,867.9003379125859
Uba1,1542.5651384903645,996.348185927518
Vim,1542.4744268205152,995.5206823796706
Gsto1,1542.8638338741466,875.5390129922366
H1f0,1543.6911748071325,1062.1270440586402
Gsto1,1544.3941625728344,1124.1791910548231
H1f0,1547.545457441317,887.7743806688046
Gsto1,1549.507871911128,973.7063758725218
Gsto1,1549.3823266290538,1002.4489153112552
Gsto1,1549.7185883149846,895.0903705313217
H1f0,1549.4995774235188,1144.314738936955
H1f0,1551.2766959722303,1118.2127786520507
Gsto1,1553.8641372091784,883.603042525534
H1f0,1553.9207806293837,1005.2661563046618
G3bp1,1570.1364225961263,918.0627790345568
Mrpl37,1298.106808645416,963.3126017371458
Mrpl37,1328.7159482562638,1180.4556228382637
Mrpl37,1331.1069387448513,1321.6200718321738
Hnrnpul1,1335.229450867208,1127.9762294457987
Hnrnpul1,1336.215992025668,1017.5477939189592
Hnrnpul1,1337.4770477991542,929.7382590022936
Mrpl37,1347.2426850045408,1278.0238366164845
Hnrnpul1,1357.8027733751371,903.6477309677769
Hnrnpul1,1360.4886407750078,1413.0513861099255
Hnrnpul1,1361.8354694185928,1299.1888594962695
Hnrnpul1,1369.4467994872966,1340.4381670144714
Hnrnpul1,1371.1437386583705,1222.591245662162
Hnrnpul1,1371.6168865348918,892.4920881869011
Hnrnpul1,1371.5986711486416,982.012186542059
Hnrnpul1,1373.0696050457414,1537.364830163877
Hnrnpul1,1377.8171035294408,1290.5472064406972
Hnrnpul1,1381.4206417520372,1088.5305793898235
Hnrnpul1,1386.7469388148982,1073.9687066163967
Hnrnpul1,1386.937938781758,1561.129194353878
Hnrnpul1,1389.8213501348173,1393.2023711663835
Hnrnpul1,1390.6295421986122,1270.4239610480392
Hnrnpul1,1390.5015852632164,1064.8287742167342
Hnrnpul1,1396.0636759708098,943.7808635127968
Hnrnpul1,1397.1147585333051,1535.704248986243
Hnrnpul1,1397.8899206964168,1499.7358515547385
Hnrnpul1,1401.679002460687,1327.3163575883902
Hnrnpul1,1405.4962827218692,964.6489013104092
Hnrnpul1,1406.624261280201,927.6517344423507
Hnrnpul1,1407.6674552513423,1565.6812614522294
Mrpl37,1410.4094059012418,1572.2033952031577
Hnrnpul1,1410.6499422831512,967.9021191510492
Hnrnpul1,1416.2214053497746,1418.0754134392405
Hnrnpul1,1420.3657343783657,1436.044466640309
Hnrnpul1,1421.9281403183936,1495.306253645404
Mrpl37,1422.4649327854818,952.221184082761
Hnrnpul1,1424.6028125930288,1329.0454168738231
Hnrnpul1,1433.490523260498,1370.6369690246995
Hnrnpul1,1441.3720712032018,1350.943126499365
Hnrnpul1,1442.2808368146077,1000.610765497368
Hnrnpul1,1442.0305959097004,1360.5023708459576
Hnrnpul1,1443.1756427869454,1416.4428859444915
Hnrnpul1,1445.5164915532196,1343.829681266307
Hnrnpul1,1454.1353726570069,900.6791021066265
Hnrnpul1,1455.2515487047126,1280.5838158718525
Mrpl37,1457.7152807835575,1335.6662943530057
Mrpl37,1456.9838763271005,966.5984372320492
Mrpl37,1478.6375194472748,1332.6276397416163
Hnrnpul1,1480.9826620689453,1002.1231285807694
Hnrnpul1,1482.3227249931774,1103.2231576392126
Hnrnpul1,1485.667240384168,880.719598549487
Hnrnpul1,1493.3407560457058,1103.782618388225
Hnrnpul1,1493.020445528343,879.8016863117011
Hnrnpul1,1494.7776322433836,1079.6915556619326
Hnrnpul1,1503.7081819693844,1035.2214433826505
Hnrnpul1,1504.7568603286445,880.5559644779394
Hnrnpul1,1510.7072453120209,914.6119370179435
Hnrnpul1,1516.8895515184713,941.8972759230982
Hnrnpul1,1517.4135883238407,984.4022087495434
Hnrnpul1,1520.7399017307353,993.0890884840372
Hnrnpul1,1527.001469672328,982.741491934434
Mrpl37,1526.5330373378922,1186.418554535181
Hnrnpul1,1527.2078894395022,912.7285116475722
Hnrnpul1,1529.9040160184204,940.9949508313524
Hnrnpul1,1533.26908758526,957.940721148547
Hnrnpul1,1534.0411580007894,913.343986318068
Hnrnpul1,1535.0850581308985,1151.1666998841406
Hnrnpul1,1550.5367091969283,1207.9131961185462
Rpl15,1549.6196414218127,956.235544243847
Psmd4,1291.8326563254716,1408.2947193483485
Mrpl17,1308.2101880384143,961.412001966668
Sf3b2,1310.5234520985746,1022.1347698347092
Sf3b2,1325.9893405109242,1264.4946549557567
Sf3b2,1328.1417571856564,977.8518951583396
Sf3b2,1329.5857397845714,1034.832206679409
Sf3b2,1332.1467376816738,1048.995611781547
Sf3b2,1333.431497969575,988.4972354460548
Sf3b2,1334.7821866921029,1003.9198442989936
Sf3b2,1335.5621903202457,1324.3665216905574
Mrpl17,1341.883410820165,1124.7264751285174
Psmd4,1346.491959766955,1177.3992481687774
Psmd4,1348.2098540800862,1152.455616788092
Sf3b2,1347.5682261904,966.4078279825154
Sf3b2,1348.9069825718627,912.3597950849456
Maged1,1349.456568169684,910.5550620166732
Sf3b2,1349.5170094220491,958.6040886608412
Sf3b2,1351.1952543663097,1018.9386426116346
Sf3b2,1353.8128862619756,1167.8409925330602
Psmd4,1356.7832998421345,1094.1937214583272
Sf3b2,1362.7002600462104,1340.9787845002625
Sf3b2,1362.839766353365,931.120761685871
Psmd4,1362.769911136758,1268.534110799356
Sf3b2,1366.9135495160078,935.9939516137384
Sf3b2,1367.711352327185,1094.2510384722127
Sf3b2,1372.858039578916,919.6558476051252
Psmd4,1374.320392152022,1185.7612544378644
Sf3b2,1375.2294474739415,1012.5092331731878
Sf3b2,1375.084615403357,1104.7037822890304
Sf3b2,1375.8353238563172,1258.144528112034
Sf3b2,1378.5320263011786,986.9625714324712
Psmd4,1378.226460364057,1402.3339579064118
Mrpl17,1379.320646368245,916.1364900198496
Mrpl17,1386.3040095425,1361.2571993886816
Psmd4,1387.2599068007614,980.3047787502562
Sf3b2,1390.1873065371578,1311.9137065479033
Sf3b2,1393.6867237906283,1272.4386028271529
Sf3b2,1396.757110026235,1441.530005834965
Psmd4,1398.019330843356,1555.346348166483
Sf3b2,1400.1674223773782,1281.633603761756
Sf3b2,1401.5648418036117,1518.192414620052
Psmd4,1407.3132538759107,899.8877888122986
Sf3b2,1408.3384149747076,1578.1091086895929
Mrpl17,1408.7767488333616,976.7231305153196
Sf3b2,1409.068291642394,1502.967419223058
Sf3b2,1411.2035018318802,957.7935656833724
Psmd4,1414.5791885426,934.2912754815768
Mrpl17,1414.8199797305183,1477.357110465359
Sf3b2,1415.6045093627265,901.2310745496354
Sf3b2,1418.0921222768036,1512.099148254596
Mrpl17,1418.0597463750648,1502.4617897043674
Sf3b2,1421.5033981026268,1332.9534476924896
Sf3b2,1422.7464329417885,1048.5159927407956
Sf3b2,1425.3436612057674,1507.1287274058186
Sf3b2,1434.8841340917004,1477.8349638440925
Sf3b2,1437.898315950229,969.5228626999796
Sf3b2,1440.5459315920073,1157.7293573035442
Sf3b2,1444.736711935761,962.7090996449152
Sf3b2,1448.188747938182,1459.0266110767905
Psmd4,1447.8917747967205,1439.455390078006
Sf3b2,1451.1671613357898,1415.292162451594
Sf3b2,1456.0497053896604,1056.71799841705
Sf3b2,1455.4916871873922,1085.9766642548218
Sf3b2,1469.493470306346,1132.862946877566
Psmd4,1472.6218250391596,989.9545571816408
Sf3b2,1474.3313054527312,881.9628673050455
Sf3b2,1479.860735163604,1288.5064157497293
Sf3b2,1481.1897367114948,1323.3036267820407
Sf3b2,1489.1212708062371,1310.8970290474942
Sf3b2,1490.6262155535,1299.2111405101962
Mrpl17,1493.2321203186375,976.9885449357492
Sf3b2,1494.8659082511049,1027.113702354334
Sf3b2,1495.1829492498978,972.2314996567208
Sf3b2,1503.2547345481073,918.1139248255216
Sf3b2,1504.7632535950106,893.9068636600558
Sf3b2,1507.006605020897,920.41841197645
Psmd4,1507.6707786819543,907.2089370858324
Psmd4,1511.6128431165196,884.2222070986616
Sf3b2,1515.1181830917465,977.9989164627648
Sf3b2,1516.6794178523894,1079.852727711203
Sf3b2,1516.703134413585,920.4490548621052
Sf3b2,1520.8291929823083,1041.1667804075546
Psmd4,1526.6674932363626,1323.4630190958312
Psmd4,1528.124936906892,1155.9663778442175
Sf3b2,1530.925930144031,965.9902682075224
Mrpl17,1532.1956164620506,1171.9723663265595
Sf3b2,1533.5707551819846,878.2019747148124
Sf3b2,1535.0503516828733,953.866593912161
Sf3b2,1534.7717754586763,848.9897432264513
Psmd4,1541.571636594959,944.6565025135438
Mrpl17,1544.874678036754,940.477903722498
Sf3b2,1555.833821702519,980.9664968506092
Plk2,1423.0077607068106,1096.11572552198
Plk2,1450.6770990117132,1264.1914308336763
Mrpl28,1325.6171626360765,1200.1747328747151
Xdh,1326.5157459381858,1368.6745431375468
Xdh,1329.7125552566213,1301.6606579616996
Xdh,1333.5986373889332,1032.0195456170563
Xdh,1337.5014647359596,1291.829889733748
Xdh,1347.8307103855925,997.697498463976
Xdh,1352.777940512206,936.7627569340532
Mrpl28,1353.4650412078531,1000.9915052735952
Mrpl28,1358.4371657232728,1045.5323165314603
Xdh,1361.0263342811988,948.4615136222446
Xdh,1371.064278073275,1398.699376598913
Mrpl28,1372.3289754294192,1409.9855798901583
Rbbp7,1375.7287481051285,1460.6024586841804
Mrpl28,1380.4519014562632,1564.3716559074355
Xdh,1390.0430782358,1439.477801130016
Xdh,1393.3159660804856,1354.925335681771
Xdh,1395.8588501272927,1161.9354661087757
Ywhaq,1397.220508436284,1503.7377079874946
Vim,1396.6968519235988,1503.0150173913848
Mrpl28,1397.116217623512,1042.1656847238842
Mrpl28,1397.536992274972,1035.1642075820976
Xdh,1402.3339285737318,1241.616463701549
Xdh,1403.404011445381,1451.307449485434
Xdh,1404.6209208073612,996.3143771982363
Mrpl28,1406.5361446126385,1510.0774353730349
Xdh,1407.9547908454806,930.8504330690296
Mrpl28,1411.022655300558,1250.3856522231458
Xdh,1412.3302956413995,1399.703210770991
Xdh,1416.781483396508,1301.9097049242396
Xdh,1418.6862185003492,968.39052057296
Mrpl28,1423.6090563741311,1514.3176859964178
Xdh,1424.871070561032,1232.2020774868238
Xdh,1425.1127592703688,921.6108532855452
Xdh,1428.6251922933225,984.8904547789348
Mrpl28,1430.50190155675,1482.2081871463686
Xdh,1431.3235651626867,1350.5400114179158
Mrpl28,1431.5152533199816,1395.8331426950351
Xdh,1435.4836795977706,1256.757632220979
Xdh,1439.4116575983708,928.9716888970732
Xdh,1442.8702370903973,1180.224848621859
Xdh,1446.630289328741,988.5269874610173
Xdh,1450.9171377066798,1394.3269240907732
Xdh,1450.838233862612,974.2934318881788
Xdh,1451.3477043439343,1311.525835754819
Xdh,1454.1335813956762,961.8142644952208
Xdh,1457.9871086945668,1402.5925800618866
Xdh,1460.2000748755356,888.3038823859373
Mrpl28,1468.3686984885132,902.7115313826524
Xdh,1468.7586598431794,1258.8511522886588
Xdh,1474.5375900473862,994.7904982916716
Xdh,1478.7180163695184,930.4435520554114
Xdh,1479.1805199892556,1302.675292800629
Clta,1481.438723524809,959.8302622736636
Xdh,1489.8724404341797,891.3760098399237
Mrpl28,1493.6420051608354,961.7052532269918
Xdh,1495.1675411528752,952.6674232391327
Xdh,1506.9015241681154,1097.1065805769072
Xdh,1508.541021440761,886.3528917984228
Xdh,1510.9222214179465,997.58970196597
Xdh,1517.9340214290676,907.3070235862984
Mrpl28,1521.9320699120888,1253.9220618225374
Mrpl28,1525.6764106351382,987.0429542415366
Xdh,1539.4149176284516,971.5434515976024
Mrpl28,1541.7816939534778,1159.9806839643804
Mrpl28,1552.0004915525928,870.2498026982032
Vim,1262.0112056474766,944.6539661637267
Vim,1266.0346625674072,1385.0792410463628
Vim,1277.666122914785,1379.0913434440654
Vim,1279.9913773590397,1376.780099793897
Vim,1282.7372393765852,1445.238316633687
Vim,1286.2871660172332,976.071758289692
Vim,1288.5813599392002,1418.2555367078696
Vim,1293.9095106827644,965.5212834588126
Vim,1300.2434556009594,1395.3863611737024
Vim,1304.8520609918717,983.3211565664348
Vim,1307.573344508192,983.4450264373032
Vim,1309.8431447001742,1373.951196060854
Vim,1309.0647224184463,993.500292179644
Vim,1313.2561368537638,982.4592678899148
Vim,1313.50215595343,1374.4440034205193
Vim,1315.0541929409426,1203.5268345309828
Vim,1316.514116724292,1010.9828729121132
Vim,1317.1546066294388,1002.833315229882
Vim,1318.1809690291225,1214.4756092540413
Vim,1319.700453150234,911.8368901482556
Vim,1320.0444688982575,948.7447045480474
Vim,1320.8938744569443,1028.368897216375
Vim,1321.274102451874,1350.323056353147
Vim,1321.5050637354348,1325.6204335876623
Vim,1322.571180930823,1200.92736234408
Vim,1322.9607751646186,972.7997862589962
Vim,1324.0379501593889,1043.6392655607046
Vim,1324.5830865826654,1319.0268911788614
Vim,1324.422969929451,1325.423807464342
Vim,1326.6993203245186,1363.2965475944425
Vim,1326.739092514685,1048.4120675855816
Vim,1326.6954841073036,1276.243150112634
Vim,1327.2985794951048,983.8785048840556
Vim,1327.8296686601632,1057.9055867367615
Vim,1327.5170126817566,888.2464355063021
Vim,1328.0475630367428,1271.0836785750166
Tnfrsf1a,1328.2936276335818,1041.8058280082614
Vim,1328.6833890383568,1267.5614665545029
Vim,1328.910118556082,933.8557636621792
Vim,1328.9088351778353,1034.2283831938837
Vim,1329.6278790601689,1301.0092404339025
Vim,1330.0242767031398,1352.862476643979
Vim,1330.190257626959,1348.708464557638
Vim,1330.2915690155448,1211.035097498012
Vim,1330.482836677863,863.4789904147138
Vim,1330.7919231467254,1000.0039971006212
Vim,1330.882563888263,1080.8553364956506
Vim,1330.8406164767484,1194.122104798282
Vim,1332.2045859857285,1003.6525466248502
Vim,1332.42541120675,991.222925924346
Vim,1332.282070426863,1041.036689600257
Vim,1332.5237738461622,1212.5409816439446
Vim,1332.816336917604,932.5879047769896
Vim,1332.6329724781397,1294.7692114636452
Vim,1333.1220172057888,1342.9725710393209
Vim,1333.2916115766052,1251.7390120120367
Vim,1333.688866861918,875.9330261547526
Slc25a1,1334.1624411322932,1235.7988036668532
Vim,1333.9232437685066,1245.1700116362529
Vim,1334.6716259975458,1196.3329503399084
Vim,1335.0671118246282,907.9381967966556
Vim,1335.0473088536703,1270.679519693742
Vim,1335.1003466766035,1184.0699925624035
Vim,1335.710743718706,1043.9342714843328
Vim,1336.299317083934,1318.184871534068
Vim,1336.2017891350215,1274.4768342069435
Vim,1336.6195535864586,1122.8714286878926
Vim,1336.7867986948504,1162.5204781556686
Tnfrsf1a,1337.0593339066136,1033.608282545607
Vim,1336.9746417834065,1065.8391032878262
Vim,1336.8740206246175,1007.0993601748804
Vim,1337.1275169591352,924.3922727382987
Vim,1337.8291726899186,1080.9947704859576
Vim,1337.7378066625388,1216.1893774829498
Vim,1337.9807216565298,1290.3292967053787
Vim,1337.928315222573,1001.5795552548168
Vim,1338.7829803633117,1087.3291557305536
Vim,1338.3812742982884,1210.9262306790072
Vim,1339.0673701331784,1094.8319744984203
Vim,1339.0193955598602,1313.9858142838068
Vim,1340.2080341917074,1206.5731193949157
Vim,1341.2186654527168,1190.733922154748
Vim,1341.0708044705789,1147.649158220954
Vim,1341.8958908197428,1027.3041412176076
Vim,1341.5162561958234,1139.195300407207
Vim,1342.5274464675404,976.2143761224936
Vim,1343.1506135342431,1058.1947620368226
Vim,1342.3399554128926,1045.1675752617302
Vim,1343.2324245096192,1275.6639544445072
Vim,1343.425828057274,920.5971080994948
Vim,1343.5960249328105,1328.9026592270488
Vim,1343.6050378286354,994.499254730697
Tnfrsf1a,1343.567217220794,1034.2451096286234
Vim,1344.230492376361,1087.5409225686158
Vim,1344.48011188824,1211.3331229992853
Vim,1344.1991655571192,943.4577806855372
Vim,1344.323591395984,1240.3537210054046
Vim,1344.844778102195,1118.7598444996945
Slc25a1,1344.888296535384,879.8400735144146
Vim,1344.6513098143869,1108.0881114812294
Vim,1345.0268797461652,1193.6790087608606
Vim,1345.5365971515048,1252.5314259355307
Vim,1345.1254096746743,1047.9104500304384
Vim,1344.9885743390146,1283.510779312929
Vim,1344.5543077887787,1090.0019401490906
Vim,1345.98794750467,932.40781534427
Vim,1346.1968503973878,1101.6611587784028
Vim,1347.256754539955,1061.9451992629458
Vim,1347.1455798201032,1148.8449366959678
Vim,1347.0166251572305,1137.248412993573
Vim,1347.9592459263267,1044.245007059949
Vim,1346.7982496880643,1072.8955445227043
Vim,1347.7627724837478,1096.4587966800027
Vim,1349.2661634156157,1178.035574868273
Vim,1348.734085343742,967.5206820943644
Vim,1348.8328308903383,1165.966590552695
Vim,1349.2659480496604,1005.6058877301872
Vim,1349.2715052806568,1188.847258479011
Vim,1349.549052437045,1138.9385879257195
Vim,1349.53029261944,899.7751386428915
Vim,1349.3038564821306,1020.5961211774264
Vim,1349.5468069091055,1354.182942862528
Tnfrsf1a,1349.8991207923689,1293.7140081784191
Vim,1350.2886558875623,1222.2700380259453
Vim,1349.6609766971128,1025.5485438262265
Vim,1350.830724808014,1171.5028755955072
Vim,1350.999464575511,1270.394209787201
Vim,1350.321818409979,1304.1900742843968
Vim,1351.206997973626,994.7251433805952
Vim,1351.0034911500068,1073.0487762289204
Vim,1352.345369638244,1036.5527232105894
Vim,1351.7049188161795,1084.8164123105716
Vim,1351.614831240233,1162.329618185312
Vim,1352.4628805103257,1150.8221934018425
Vim,1352.6325924640437,1130.9293861096369
Vim,1352.7994559240904,1077.0531926045703
Vim,1353.6734058091813,1177.2159924278292
Vim,1354.5113560950083,927.8141241229164
Vim,1354.8540606329373,934.7056489761655
Vim,1355.2892974597676,1264.6750369724764
Vim,1354.8984216494464,1010.8195261263224
Vim,1355.852106255582,1251.1899115446874
Vim,1355.86975216227,1194.391452323228
Vim,1355.988213476609,1214.13068368265
Vim,1357.2065832670066,984.1175199471024
Vim,1357.4071564888773,1370.160237566854
Vim,1357.7888896962836,1157.118922231626
Vim,1357.6328419703077,1068.205329388751
Vim,1358.001841215935,918.5187548507004
Vim,1358.0493253789048,964.1888120374232
Vim,1358.664878846186,1389.9859073094865
Vim,1358.9531790732462,1123.6339271133988
Vim,1359.179033398312,1173.5352214073694
Vim,1359.8968338419963,875.5112915022637
Vim,1359.2287585379922,972.1380677745796
Vim,1359.8556867495304,1054.3501624640185
Vim,1360.0505977090463,1112.0824077060415
Vim,1360.8407131795952,968.183126115619
Vim,1361.2416726372608,1029.4626666777556
Vim,1361.533815597522,1377.1940674153257
Vim,1362.0354630248034,1348.839768685174
Vim,1362.3753859587134,1020.8507829389544
Vim,1362.4732949962358,1360.2272922739123
Vim,1363.4119415808034,1267.0248842149322
Vim,1363.7444109826456,949.8959594518684
Vim,1364.329209635938,1080.5899737486966
Vim,1364.3730998890785,1241.896914965411
Vim,1364.4852594282092,903.009048284628
Vim,1364.532269481692,1005.076106955629
Vim,1364.2619141469363,992.1342473394432
Vim,1364.6684827581755,1356.6710524107505
Vim,1365.2143779013595,1395.687327557182
Vim,1364.8027618895794,1110.608851068468
Vim,1365.16828269218,968.688281168055
Vim,1365.587235068425,1169.5670732797005
Snrnp70,1364.0078273374286,980.8326163953412
Vim,1365.525850184236,1075.0095669182326
Vim,1366.367027121675,1295.7855144983089
Vim,1366.29214544173,956.9110292750232
Vim,1366.349276500498,1417.630622627629
Vim,1366.749382338203,1421.328359809851
Vim,1366.5755263921696,936.4163598827342
Vim,1366.9680625039837,1139.125377229058
Vim,1366.960514531101,1211.2414337217049
Vim,1367.0997890351014,1433.4279112609129
Vim,1367.994395159386,1007.8343501668488
Vim,1367.5624358857813,1574.974722025749
Vim,1367.645387504387,1266.9636548181236
Vim,1368.034923321271,931.7333763534068
Vim,1368.3044369192496,1591.8365100055437
Vim,1368.6388022357835,1362.3092631479774
Slc25a1,1368.6364345858458,1264.0552842713917
Vim,1368.7486537660943,1084.4718969650696
Vim,1369.5425502314029,1339.07585917203
Vim,1369.7553723782387,1351.8998162723751
Vim,1369.820873516466,1432.292951470948
Vim,1369.580634390455,958.944525340145
Vim,1369.9666292948891,878.316589267638
Vim,1370.8923650975348,964.8800114738416
Slc25a1,1369.9912033711375,1074.5613864677148
Vim,1369.634224361193,1271.2579084903662
Vim,1370.5846793958997,1407.749971095036
Vim,1370.1188321594568,1422.0968418349737
Vim,1371.2955528636635,1070.2202308535652
Vim,1370.73830712079,1213.4990647672375
Vim,1371.4240379263442,1183.1289826326924
Vim,1371.939940658859,1358.3262395828406
Vim,1371.4323856355131,1463.4022100607317
Vim,1371.2674625004856,979.4677234555708
Vim,1371.677684893032,1596.8539337036154
Vim,1371.981164653734,1508.4919984830424
Vim,1372.4212401262223,1435.1961066346898
Vim,1371.6731453658776,1474.337654380323
Vim,1372.9508177761104,1331.3665263953349
Vim,1372.901841016768,936.410113514058
Vim,1373.6075036214384,1415.737873289073
Vim,1373.508759239612,959.8658299303294
Vim,1373.624115906483,1229.8079765605437
Vim,1374.0178065152545,950.6964893663334
Tnfrsf1a,1374.2621901386567,1221.4739141896791
Vim,1374.4328384103335,1343.1386124350377
Vim,1374.252532084429,1081.4552173851712
Vim,1374.5372847057702,1206.7658587935678
Vim,1374.8303068716534,1554.318217374741
Mta1,1374.3826030016337,1534.117167758017
Vim,1375.7895360981936,1239.0630635118907
Vim,1375.7029360902502,873.6424792683206
Vim,1375.5156957502004,1191.722368373667
Vim,1375.812130248839,1494.1195940045998
Vim,1376.5407665249222,1525.3093310869588
Vim,1376.3988684368398,1474.0546472540686
Vim,1375.9858310769057,1411.4580238171052
Vim,1376.0726718071028,1405.5939308272991
Vim,1376.0080627635757,1362.207700281684
Vim,1376.143088485588,1339.5500387936029
Vim,1376.624328619339,1040.1008739950605
Vim,1376.606244659905,1463.933267597581
Vim,1376.4494404676605,1098.7080438905696
Vim,1376.719347027779,1584.427687314676
Vim,1377.0032615924752,1026.0019838654707
Vim,1377.3985165884476,932.95233923077
Vim,1377.21920533985,1550.7549798930727
Vim,1377.5183808258212,1469.2511961746318
Vim,1377.0223128731411,1137.7858306382973
Vim,1377.7244320270795,986.1760950801528
Vim,1377.9800903639034,1397.3996402846285
Vim,1378.2614798962566,1082.7534529610716
Vim,1377.261455142473,1346.8309441235062
Tnfrsf1a,1378.3526607205315,1224.5844224192206
Vim,1378.251196483836,974.865012012002
Vim,1378.001135516034,1042.4145479341526
Vim,1378.5997587632062,1420.4148609029417
Vim,1378.698967173647,908.7734677464376
Vim,1379.328723546441,922.4988412262488
Vim,1379.68263211214,1526.2237570417467
Vim,1379.8087378532937,999.6605562810512
Vim,1380.2254522082703,982.649838052508
Vim,1379.708560315598,1037.8514474243857
Vim,1380.7109252053235,1581.3250587841585
Vim,1380.5873403012367,1575.5593419703282
Vim,1380.8305927270635,1473.7578135595854
Vim,1380.9549269325446,1262.3555899804155
Vim,1381.6353879921123,1386.746908901941
Vim,1381.837636526091,1307.4834978972222
Vim,1381.8538387583646,1569.014027456455
Vim,1382.6503781312715,1459.264073215631
Vim,1382.861612232422,950.164252861756
Vim,1383.5592063084257,1014.7599220156742
Vim,1383.369708452907,1325.3710097485598
Vim,1383.6548634181952,1356.3751395747895
Vim,1383.449896573759,1159.9827390663722
Vim,1384.2536676803627,998.3119166593304
Snrnp70,1384.8854715679267,1524.0521641072276
Vim,1384.4178720487257,1527.047893493244
Vim,1384.0387542760616,1247.2679450467072
Fgf7,1384.8111323305975,965.6853880773288
Vim,1384.4322297121273,1486.766955296687
Vim,1384.2204569558216,1434.1368947049675
Vim,1384.486568918846,1040.0732940504
Vim,1385.1399035687482,981.935216750517
Vim,1384.9233390717925,1232.5265778391956
Vim,1385.1630928130858,1028.2648002459205
Vim,1385.2963146153045,1504.379967697443
Vim,1386.077300021194,942.2286400575388
Vim,1385.8536577513053,1344.2991203563229
Vim,1385.509686522436,925.7580385285744
Vim,1385.5632476335318,894.829818871732
Tnfrsf1a,1386.8101983418942,1289.2115799767544
Vim,1386.0655175336392,908.6059873448404
Vim,1386.7068431798102,971.8900072609893
Vim,1386.108677633513,1364.8512367954363
Vim,1386.1735096969946,1565.3396129102389
Vim,1386.4236559982394,1282.5535910332549
Vim,1386.5702308843486,1473.0599379323844
Slc25a1,1386.32167338431,1385.4204856646345
Vim,1386.6389106067998,1131.4281598815346
Vim,1386.9511582936102,1567.8665835717677
Vim,1387.6935091544665,1262.1862893225211
Vim,1387.2109013063637,1318.134473273605
Vim,1388.200362024109,924.8115525861208
Vim,1387.9884458007632,1376.6269725530306
Vim,1388.1063776766885,1015.3771429099048
Vim,1387.7723512478433,988.2118112319674
Vim,1388.45505721145,1185.755071466696
Vim,1388.5679511052333,1323.3678294019935
Vim,1388.9369621214057,1386.3786136068184
Tnfrsf1a,1388.954545327873,1011.8824349416736
Vim,1388.706709255694,899.8920835055573
Vim,1389.194647926724,996.000897198661
Vim,1389.1857351513345,1049.7542193889135
Vim,1389.0947952394908,1390.3797062006092
Vim,1389.572700887871,1086.2427431406236
Vim,1389.4801065791105,1405.647191026272
Vim,1389.7463654647768,1421.9963501948343
Vim,1389.9348396449188,1035.686970238089
Vim,1390.369255105208,955.2672948213684
Vim,1389.798112013005,1505.9222963526613
Vim,1389.5200943079224,1441.1042745912264
Vim,1390.472363804216,1487.2535156579693
Vim,1390.380889502541,1428.4822204382222
Vim,1390.2782226827237,1296.6711737557944
Vim,1391.088312832629,1144.846515236764
Vim,1391.0119509985,873.3060402153316
Vim,1391.014325431942,913.8834807384
Vim,1391.7152041481995,1026.0196990197746
Vim,1391.5083386324384,1339.4628772163476
Vim,1391.9024837355946,1017.3257822168874
Vim,1392.0440397329996,1312.5899335643696
Vim,1392.3567948466336,1471.8530549352351
Vim,1392.2501810148694,1012.100531338757
Vim,1392.3189138949754,1397.0609381638972
Vim,1392.496777927307,1246.7933059577658
Vim,1392.391099911595,1589.1493109039593
Vim,1393.3236180378806,1281.1421786614176
Vim,1393.0103359808209,1343.3582872859868
Vim,1393.3621524515884,1268.5897951219397
Vim,1393.1147452667828,1052.4331291760034
Vim,1393.3967436299995,1476.7995143733156
Vim,1393.46895971282,1443.6136835206655
Vim,1393.4105001169678,1332.5848953554448
Vim,1393.9962911801651,1426.152723388524
Vim,1393.944441313692,1434.8678815840217
Vim,1394.1720512730644,1520.1919617530962
Vim,1394.2602710647054,1482.4145718641669
Vim,1394.4121095160367,1334.9008799791625
Vim,1394.6652407197537,1602.9748490599302
Vim,1394.7547726792918,1218.7028906385292
Vim,1394.7464413447103,1556.1844867316113
Vim,1395.4252148035164,1571.7581488223752
Vim,1395.0808211947922,1330.3110294530002
Vim,1395.1132797356672,1377.7263010478414
Vim,1395.8575614233837,1360.4346091411362
Vim,1396.1297427962422,1288.3394057003215
Vim,1396.469710215811,1526.0898364021723
Vim,1396.0931469949464,942.5989729480594
Vim,1396.924588547282,928.5782498326604
Vim,1396.8597469981678,1284.0609353084546
Vim,1397.106822014346,1251.3440957331438
Vim,1397.107251210555,1551.9349365494224
Vim,1397.4901345832527,1243.6517380610328
Vim,1397.7736864528422,1459.51931562885
Vim,1398.024067145462,1452.1227468064558
Vim,1397.873942845431,965.8602912754068
Vim,1397.813061220755,1578.3777864328367
Vim,1397.9346308519398,1060.484882569886
Vim,1398.1069160992042,1434.431100300278
Vim,1398.253884421379,1363.5307468020103
Vim,1398.1285188111517,991.8335335513916
Vim,1398.4114050246255,1601.7881728256216
Vim,1398.4815704620262,1008.4235166277856
Vim,1398.549067927424,1420.8985261780542
Vim,1398.8216796887766,1278.1340635882864
Vim,1398.7916887604329,974.8837872033328
Vim,1399.172058928233,1297.079568024058
Vim,1399.485534444521,1558.5476893748314
Vim,1399.713890720228,956.6461401920184
Vim,1399.786695257559,1271.9105184864543
Vim,1400.7051843417453,1462.4661509152995
Vim,1401.3118999851297,1399.2742849475424
Vim,1400.7230276223386,1494.6386679427342
Vim,1401.041855329203,1344.1329732026943
Vim,1400.9374601983134,1486.973518489786
Vim,1401.2213137647475,1444.0194094654594
Vim,1400.773470602512,1001.9013160283558
Vim,1401.2626646735384,1531.2889316493486
Vim,1401.2902601124547,1389.048164484609
Vim,1401.0572929897085,1437.7494468446955
Vim,1401.3310656957256,1350.608856430934
Vim,1400.935483467993,1035.0203882681678
Vim,1401.4909416296364,1011.7600263071272
Vim,1401.0772439933612,1359.7781204974572
Vim,1400.894922990959,1252.4948416252578
Vim,1401.882250342141,917.3399369728924
Vim,1402.358800757854,1571.809292017747
Vim,1402.3852911814597,1585.092630960044
Vim,1402.8793340203797,1323.732230956225
Vim,1403.3642852131293,1270.3436466842777
Vim,1403.447127346867,1523.6079780460268
Vim,1403.720129314651,1074.900101193367
Vim,1403.4279054022347,1379.4597174647697
Vim,1404.02040310271,944.9705742569251
Vim,1403.5707078198966,950.957879234024
Vim,1403.757611606512,1328.1416660164648
Vim,1403.910948401901,1598.6183002573691
Vim,1404.3807781808434,1490.3080049013029
Vim,1404.329852160571,1262.724136678977
Vim,1404.189445826098,912.3711154067016
Vim,1404.3648197249863,970.2625541135096
Vim,1404.985134018874,1176.056208414987
Vim,1404.9774450949417,1251.5742579209095
Vim,1405.8197745256837,1541.3257145516998
Vim,1405.68011964155,1009.0467006856974
Vim,1405.889311796008,1484.4209935196227
Vim,1406.3309352286042,1087.3891294223674
Vim,1406.675706493612,1496.5184811664512
Vim,1407.0838890973298,1440.391470069861
Vim,1407.2720503485552,966.5940344569428
Vim,1407.8489027286914,1291.7804881239613
Vim,1407.6484348038812,963.535720408532
Vim,1408.2819089679292,1492.4567898463597
Vim,1408.792634517005,972.4815743473976
Fgf7,1406.7744118158143,1130.1026772192954
Vim,1408.738168545881,1326.2370566380732
Vim,1408.9454377628567,1340.1026973907346
Vim,1408.635733901414,1421.141995728451
Vim,1409.248203638936,1381.132758998262
Vim,1409.231151016673,991.2770306077998
Vim,1409.745111577268,1477.9582260713269
Vim,1409.9788299229954,1528.7144734517367
Vim,1409.788794201021,924.9870524650116
Vim,1410.0182945459587,1032.564117382173
Vim,1409.9939437366115,1430.2754220978322
Vim,1410.2614284185747,1427.2144017811468
Vim,1410.8599129315917,1501.0335464999498
Vim,1410.3561207323971,1059.3976997922505
Vim,1411.4382268902218,995.8866780305048
Vim,1411.313275424226,1330.4856678526594
Vim,1411.5310437023095,1054.9913156376224
Vim,1411.4573311231743,1048.5384372118706
Vim,1411.4243781766104,1096.089623330217
Vim,1411.758122844691,1436.0514051069554
Vim,1412.0475673074036,1355.3056554246111
Vim,1411.639306289978,1318.3775869560263
Vim,1411.8696598957113,1447.3383553995034
Vim,1412.0528769851894,1519.2417612960803
Vim,1412.0734443880451,1451.2989885215206
Vim,1412.4000879736657,1507.5830966226474
Vim,1412.6059694842832,1481.190144174099
Vim,1413.0163817183286,1388.5503270640263
Vim,1412.942679642001,967.437457706279
Vim,1412.6745042794137,1486.0928726525433
Vim,1413.5659764752018,1378.8315334396736
Vim,1413.590034844873,1468.2165203572683
Vim,1414.3965787575332,1028.6043413110178
Vim,1414.0775631880908,1382.9890989683022
Slc25a1,1414.3011910732157,1557.1050198965854
Vim,1414.7788046951243,1544.6621227104888
Vim,1415.2735790225083,1389.8698044899077
Vim,1415.039116394785,1346.1973796386526
Vim,1415.586674600759,1314.6666373722476
Vim,1415.0492545239042,1400.4866173407072
Vim,1415.170761202707,934.8608590528984
Vim,1415.7006242418313,1441.359492029499
Snrnp70,1414.5103615115968,1338.110766579843
Vim,1416.1406164160812,1490.5669894285634
Vim,1416.25843923693,1480.4226242566529
Vim,1416.1806122715311,1460.424481657787
Vim,1416.1770121184468,1485.0015918412266
Vim,1416.4444839069747,921.3126155807302
Vim,1416.6363534497086,1520.9115210173136
Vim,1416.8659786591336,1051.730511447594
Vim,1417.358959267032,951.672739979245
Vim,1417.386025211144,1062.2354016446727
Vim,1417.3884103992036,956.726013975104
Vim,1417.824744870496,915.656379777164
Vim,1417.196350740183,965.710721444413
Vim,1417.3477033905465,1557.4139868521413
Vim,1417.7823389823852,1435.2742277513316
Vim,1418.063117090312,1013.7057695319518
Vim,1419.0656613645417,1059.2237068295628
Vim,1418.891841098529,1416.8367322356562
Vim,1419.725855475754,1451.4524168825242
Vim,1420.0632290915817,1375.9402820652492
Vim,1420.746112514518,969.3557253052
Vim,1420.014331422664,997.6081000065992
Vim,1421.093982246916,911.454849349312
Vim,1421.45688019225,1285.8748843849953
Vim,1421.8020044993723,1456.1158978700375
Vim,1422.0775037443332,1336.9726394728946
Vim,1421.7750673693129,1311.2356842021686
Vim,1422.5244055777905,1399.6155618734056
Vim,1422.7075831646382,1016.4040159639156
Vim,1422.491716724203,1526.3993823339858
Vim,1422.0304871341175,1466.202875078773
Vim,1422.361115823766,1218.9898309115908
Vim,1422.3680704818116,1476.8015302206163
Vim,1422.5708004035482,1273.7149685148229
Vim,1422.922289905791,1329.5394880982726
Vim,1423.0920881410896,1374.7957112942509
Vim,1423.5426424552566,1460.4428981112303
Vim,1423.6563342314505,1480.5334374823672
Vim,1423.628995479556,972.025349685101
Vim,1423.5834277180888,1057.1470873294445
Vim,1423.713055059078,1048.4692858477208
Vim,1424.562519750703,1339.383394916377
Vim,1424.5890544578697,1304.610342010251
Vim,1424.658975863406,1409.380364437622
Vim,1425.0983310846498,929.2466001743657
Vim,1424.9389924040647,967.65962964123
Vim,1424.761308995763,1266.191801477098
Vim,1425.6882693234052,1377.6162643461405
Tnfrsf1a,1425.9407965140308,943.8192761579398
Vim,1426.6574167562335,1029.58344726841
Vim,1427.7118898184713,1269.2469808813216
Vim,1427.2250182251798,991.278344546662
Tnfrsf1a,1427.161334388976,1197.6661539623974
Vim,1426.986153887863,1360.5043344411397
Tnfrsf1a,1427.4535034937678,1016.6752673033308
Vim,1428.5792337394323,1153.3476423108818
Vim,1428.2435179971922,1502.3660234356255
Vim,1428.7180760475671,1339.7351137335436
Vim,1428.8990882642238,944.6972112846062
Vim,1429.4328780003204,1021.7147145136096
Tnfrsf1a,1429.5111350136494,1028.8214836741763
Vim,1430.532586162296,1445.0878641643098
Vim,1429.9337119601548,1415.390957613277
Vim,1430.3018248362137,969.1257863689376
Vim,1431.0456416871698,985.1736050709048
Vim,1430.966735486508,1311.668000661658
Vim,1430.8826031005883,1401.987583606821
Vim,1431.0269040589349,1465.7474204051905
Vim,1432.1357000897028,1115.3609590343638
Vim,1431.8355475367389,1382.4061153667694
Vim,1432.6546516036683,1366.5909934195058
Vim,1432.6698356641064,1279.253422070003
Vim,1432.8764844192317,1433.572036184187
Vim,1433.238093954562,1260.54600329523
Vim,1433.341645486334,1495.9703469157173
Vim,1433.0845511373516,1378.676924324522
Vim,1433.781453737127,979.9269039469071
Vim,1433.6684696825005,1011.4148507733564
Vim,1434.1913526539497,974.7997324506498
Vim,1434.4670682026538,1044.7000579442356
Vim,1434.1103692210631,1408.8464645151237
Vim,1434.7181574996066,1453.5883955185484
Vim,1434.751616253286,1428.7136686507176
Vim,1435.101038180117,928.0451632339192
Vim,1434.341832537636,1385.5428008985043
Vim,1435.3189192626407,1051.9930887720557
Vim,1434.7180840917003,1313.9564266292175
Vim,1434.8564319359723,936.6448206869638
Vim,1435.8045099034955,950.8130303713164
Vim,1435.85293930161,942.803558220604
Vim,1435.7106244686763,1339.3489342261169
Vim,1436.659171670459,1292.847792200758
Vim,1436.0970233402636,1073.4834779148127
Vim,1436.9975590432964,1418.482322378079
Vim,1436.8522322190672,963.4785883949926
Vim,1437.543677557244,1371.074895066925
Vim,1437.2832371959582,975.7794108219734
Vim,1437.296249570526,1395.2201821335254
Vim,1438.1925549637365,1353.0591828804245
Vim,1438.1031564823477,1320.6244535068872
Vim,1438.4873208176132,1043.1450347097525
Vim,1438.8467448809763,1148.5851868029674
Tnfrsf1a,1439.4954873456927,1067.312297283204
Vim,1439.2304079417158,1199.0580714442626
Vim,1439.818790590149,1410.2298642327023
Vim,1439.88148850701,1403.9071194507678
Vim,1440.0833340899587,1361.7151576297028
Vim,1439.740053690415,1296.0705468436831
Vim,1440.5961825013392,994.2134777798452
Vim,1440.0639716622277,949.100440916985
Vim,1440.890864136678,1044.827444727719
Tnfrsf1a,1440.9618207042436,1288.922516746931
Vim,1440.8750933039262,1365.802563153858
Vim,1441.1079018465152,1285.7202643665055
Vim,1441.3181473532636,1343.796378142401
Vim,1441.346347670653,1392.7373046097714
Vim,1442.3614891251789,1021.8725653745392
Vim,1441.7635352957957,1329.3413124438105
Vim,1441.630312694767,1063.4505567778126
Vim,1442.508963483991,1069.898424217078
Vim,1442.5660164626734,1257.4524658323478
Vim,1442.3527085044868,923.516978435853
Vim,1442.686834643234,1214.3922711648506
Vim,1443.1227280528883,1262.2045323248922
Vim,1443.216304620961,1449.8675313173778
Vim,1442.978484891716,1375.8796546723593
Vim,1443.8824035432333,1442.1200677071258
Vim,1443.4467420636013,1418.9457466141032
Vim,1443.734055503857,1386.6166927760053
Vim,1443.8686299548826,1379.2548145899912
Vim,1444.1237071472524,1406.0345131767974
Vim,1443.795616912364,969.6188708132412
Vim,1445.130492744324,1192.9352445579966
Vim,1445.0588256040714,909.1751338172018
Vim,1444.69837755323,1411.1210691379597
Vim,1444.81254129447,1462.9053715221255
Vim,1444.4536581111588,1363.2273621086408
Vim,1445.1678052630482,1434.0265565877517
Vim,1445.4283383981578,1348.227842054829
Vim,1446.5245119484243,931.0865071812729
Vim,1447.3211661520577,1437.582963739215
Vim,1447.8290084721768,949.0992982657652
Vim,1447.1654776001578,1399.6382243525377
Vim,1447.944057474302,1190.4933146194408
Vim,1447.4748799034692,1393.5807233877688
Vim,1448.539954914859,1043.8754292642575
Vim,1448.0262055364044,984.2089591406208
Vim,1448.1870878406205,1321.055485039753
Vim,1449.2741952776391,1270.4017133909051
Vim,1449.0909787036192,977.9573939517204
Vim,1449.9576781601206,941.7186366690328
Vim,1449.7076532737526,1452.154762132967
Vim,1449.7790225743788,1406.759896199016
Vim,1449.7959774847795,1091.343043301991
Vim,1450.369104847099,890.2929736844924
Vim,1450.2271176685606,1312.1904638650492
Vim,1451.2603738264352,1298.309371422366
Vim,1451.3228888998492,1395.731984551166
Vim,1451.6331423660492,1379.753631019225
Vim,1451.2420403398526,975.3545959262348
Vim,1451.6198345014025,946.23469183627
Vim,1452.3506968274007,1101.8107381324653
Vim,1452.683756181984,950.7577328958688
Vim,1453.0519689143348,1366.0301136446972
Vim,1453.601951843675,1431.8673941289965
Vim,1453.849021375728,914.5638565474184
Vim,1454.211312999749,1420.31867850647
Vim,1453.961149701673,1412.3297769415144
Vim,1454.07245573942,1290.4341474132293
Vim,1454.46616678424,923.057673715408
Vim,1454.6743488908978,977.9521116159056
Vim,1455.6021854833016,1116.466723945476
Vim,1456.2553519477983,965.9379997651127
Vim,1455.677390989994,1084.0578956826694
Vim,1456.557539080096,1415.3569820959965
Slc25a1,1456.804656143071,1089.9833308615011
Vim,1456.6766569597603,1257.4068619740074
Vim,1457.0977701697375,954.2196585759134
Vim,1457.7601353101054,1033.3573163316114
Vim,1457.837375746464,931.502442666389
Vim,1458.372996721262,1045.263814060585
Vim,1458.582248105861,941.543780445912
Vim,1458.3098846506434,1063.462486531312
Vim,1458.779281911522,1264.0314731164144
Vim,1458.6707115552335,986.2547162396628
Vim,1458.4125750198134,1096.8703970960432
Vim,1458.8231014705152,1339.3152819783031
Vim,1459.5321823542645,1072.5125425675556
Vim,1459.5876929780654,979.370628588166
Vim,1459.9213871046936,1302.6695846969965
Vim,1460.137764926781,1411.0662681878366
Vim,1460.6932987853222,1383.5689122275676
Vim,1460.633860402368,1368.8196589132694
Vim,1461.0563053906462,1329.3686538253137
Vim,1462.047862026281,1043.8825008274648
Vim,1461.8394491840577,930.2923826768304
Vim,1462.6654291432446,1229.3869487833476
Vim,1462.7710085897102,1005.719240409547
Vim,1463.0772764570224,1306.9333510927352
Vim,1462.5337579366092,1377.0859749534793
Vim,1463.552403046241,992.1961041584776
Vim,1463.6984570789398,1192.547760951666
Vim,1464.033978135955,1062.321072906673
Vim,1464.3635770224582,1027.0055910292672
Vim,1464.2836516897214,1293.546368878728
Vim,1464.762141360844,967.0547148323344
Vim,1464.3911136359304,1352.2731021346046
Vim,1464.7856191551316,1257.039364904817
Vim,1465.6825076982664,1275.4377621494784
Vim,1467.1828021418703,1194.4658606387395
Sec13,1467.3260390113726,988.1521507842924
Vim,1467.3917080171914,1101.368942285148
Vim,1467.9118284449637,1005.2329695058992
Vim,1468.357100788339,1224.1673530647654
Vim,1467.304198112828,1328.5681995637383
Vim,1468.3214809908516,1314.7875863471395
Vim,1467.7290334641136,1346.4590086344906
Vim,1467.8685787559302,1115.1632311943008
Vim,1468.520350162897,1354.5879199671722
Vim,1468.370822709118,953.9479675496606
Vim,1468.9235796518142,1073.6448771739529
Vim,1469.0602375024937,1147.113516930642
Slc25a1,1469.1033596850796,1295.6612456067348
Vim,1470.028389889865,1008.2819427687432
Vim,1470.4597340148762,1043.8640460914266
Vim,1470.4854780943738,1079.1984098634448
Vim,1470.8055726886937,1217.481917178266
Vim,1470.9504348333712,1030.891432067168
Vim,1471.4412160986258,1083.9503386684848
Vim,1471.7693739293345,1036.5182363628378
Vim,1473.1130253900792,908.6203841248132
Vim,1472.7674782684785,985.0965370623284
Vim,1472.6833428965392,1286.974195374156
Vim,1472.511293489796,1198.5268763854365
Vim,1472.6775382228038,924.2017652200344
Vim,1472.528979129961,972.824543664536
Vim,1473.0061818706106,1316.4086316703983
Vim,1473.3892348355996,1258.6731921365165
Vim,1474.1277179166404,1213.257744986034
Vim,1474.1482124395084,932.8644878090169
Vim,1474.6474507869175,1178.7775516790905
Vim,1474.8272095465063,1031.4252145328742
Vim,1475.2279920745857,1068.870260422719
Vim,1475.5386165287616,1307.1416691175157
Vim,1475.6002828083422,937.735473841557
Vim,1475.7708801995957,1290.0247491394182
Vim,1475.6328012459676,1014.538940812012
Vim,1475.4997428107265,1112.9564624107368
Tnfrsf1a,1475.9957973663504,1098.3427878814684
Vim,1476.1572203822798,948.4160827581326
Vim,1476.1186567756026,964.1900212990766
Slc25a1,1477.8893391213524,1090.1334762946672
Vim,1477.145980027154,1242.6460496205516
Vim,1476.862880824106,1321.7188118639424
Vim,1477.533278845632,943.1130206974932
Vim,1477.9046927846302,1005.3556495851052
Vim,1477.8753405768198,1276.6024500014305
Sec13,1479.2207354309205,1049.7151177085143
Vim,1478.1789657197278,930.861846417634
Vim,1479.3359500361582,1059.5323591566575
Vim,1479.5747202738432,1136.527155127796
Vim,1479.7038302925707,1254.635570349376
Vim,1479.8508254708963,1271.220054226696
Vim,1480.359991134541,959.9612074993458
Vim,1480.3366816497005,924.8307097653328
Vim,1481.492310922518,910.2568520233896
Vim,1481.4009527563385,976.6360777640476
Slc25a1,1481.4632569687917,1124.597533321361
Vim,1481.9706338613423,1315.6270081556872
Vim,1482.2947120846825,1080.8431927607903
Vim,1482.5072041790604,1050.0013740946697
Vim,1482.6040332997363,1046.4079981865116
Vim,1482.5818707061355,987.6989978018332
Vim,1482.4358027521084,980.4838601993284
Vim,1482.5948759358948,1103.8721722188698
Vim,1484.0553782659897,900.6121818763647
Vim,1483.4866004136447,1286.0076565995955
Vim,1484.562457477868,878.1138615395529
Vim,1484.26020772965,1313.1904165231183
Vim,1484.9033340433152,1090.491816383632
Vim,1485.656854756558,1044.7533501956095
Vim,1485.5000371412912,1114.2486471144489
Vim,1486.2001004608655,906.7279353049604
Vim,1486.4078682047798,1017.5301098690549
Vim,1486.682817222331,1250.3313192433225
Vim,1487.1775210580995,1053.0560936714917
Vim,1487.1300282551474,929.3667205454602
Vim,1487.1364394929406,975.1566474137578
Vim,1487.1348148621664,1115.9419448422805
Tnfrsf1a,1487.6618465938477,938.5289515317112
Vim,1488.4096662031477,1065.0492450692032
Vim,1488.4085154384777,940.9537973589356
Vim,1488.8300555320402,954.549990765228
Vim,1489.0501065455624,1212.9070511202526
Vim,1489.0174227718676,1246.374290284156
Vim,1489.210717706083,915.2448914513744
Vim,1489.0799036907138,1225.0173302064968
Vim,1489.5450590561773,1001.4604591913586
Vim,1489.8132059691218,989.9872103797624
Vim,1490.2462201492383,1233.3520163032538
Vim,1490.728351593266,982.9901642972123
Vim,1491.4817958163646,1268.739309832391
Vim,1491.8580079244375,919.1053430649528
Vim,1492.6852215099786,911.2331854943266
Vim,1493.043887754322,1058.4100453774556
Vim,1492.8755744124246,1113.7101143223106
Vim,1493.1771224058343,936.4530283071736
Vim,1493.9775975794237,980.779667057902
Vim,1493.745202034199,851.0978533505902
Vim,1493.9980070221482,966.2413111343816
Vim,1494.4284503017764,1257.5905080472469
Vim,1494.7583184592424,1294.8902244328897
Vim,1495.052699955906,1035.10443708735
Vim,1495.5557480946834,896.0297987856552
Vim,1495.9342911880262,881.007874490521
Vim,1496.1858521267293,1102.0814719940352
Vim,1496.1476791671969,971.1165843208908
Vim,1496.4471354385123,1098.8292397092782
Vim,1496.2130514466576,1009.354077966773
Vim,1496.5853841576811,1091.6631279575738
Vim,1497.4493111045967,1022.3927337080274
Tnfrsf1a,1496.8472568263946,1071.072116821478
Vim,1496.9500105602956,1082.5758951708838
Vim,1497.6556208191582,1249.4825357379625
Tnfrsf1a,1496.8563262713096,1029.4320477489705
Vim,1497.6151366706613,1240.2593269188903
Vim,1497.8580615295975,1243.7491294107476
Vim,1497.550002782261,1115.5213013041175
Vim,1498.4831737801892,904.4708514474294
Vim,1498.997894591068,1054.9565581480535
Vim,1499.6120439145516,1131.6787609875885
Vim,1499.4059544013105,1077.5243587487182
Vim,1499.9959100909205,954.8790494589311
Vim,1501.169256010592,931.2266738739372
Vim,1501.6199757535826,869.4176562221579
Vim,1501.6393010840882,1087.460108087889
Vim,1502.7324166132914,981.95444642774
Slc25a1,1502.3509758302084,958.6208032475448
Vim,1502.8320319121167,915.157394069363
Vim,1503.4718316465712,1140.6826227464442
Tnfrsf1a,1503.852517574944,1234.0016053202016
Vim,1504.4217717429192,925.6526301912028
Vim,1505.1674423314969,951.4818361032268
Vim,1504.6654963119613,1009.1372549403512
Vim,1504.9689309667017,1277.9090728892809
Vim,1505.697815225232,1068.2192987846688
Vim,1507.3879629846588,958.0911316259784
Vim,1507.3506732605576,998.1137188619972
Vim,1507.9892117843135,1143.7766458929052
Vim,1508.9289072253114,1318.1273737245192
Vim,1509.0582951499994,909.576869297386
Slc25a1,1508.5850834271448,937.4359053783812
Vim,1509.5588871028676,991.132619060332
Vim,1509.4631844936175,1053.5768791460607
Vim,1509.2829768700049,969.5780118742308
Vim,1509.3580200818772,1262.1218116038262
Vim,1509.9123846950006,1020.6376188689948
Vim,1510.4186680615826,1120.1611119838983
Vim,1510.507431691861,1321.4020594870683
Vim,1511.394248897002,1221.6971945229225
Vim,1511.7070690529092,986.4415217385778
Vim,1512.2288533253277,882.8019203118621
Vim,1511.7283400930528,1011.4592894669232
Vim,1511.9251751511736,1232.436251296185
Vim,1511.4342689245425,1101.4703845890776
Vim,1511.7016816185028,1229.839121051999
Vim,1512.0728830392325,1157.8330683413433
Vim,1511.8934389672252,969.2515238437512
Vim,1512.8913026095292,1292.3752706327434
Vim,1512.1666866735409,899.9792873612823
Snrnp70,1512.308761372146,1058.4968270194042
Vim,1512.3450621383597,992.636706635258
Vim,1512.7766781971814,1132.2511910245175
Vim,1513.295653696909,917.1951019992092
Vim,1513.8814393618618,1117.4211829972337
Vim,1514.4127764876018,1024.9625173154495
Vim,1513.9145793331106,1143.0255645773664
Vim,1514.0873296767472,1039.7786442014049
Vim,1514.7587899233245,1251.86974367235
Vim,1514.0382006006682,889.5408419909473
Vim,1514.9645109409753,1255.740800574932
Vim,1515.2116047694797,1112.980085894903
Vim,1515.1822573847944,1092.4142045849198
Vim,1515.5882349441902,1221.603207191872
Vim,1515.5946018426998,914.6029870107544
Vim,1515.6887476241654,1183.834128140541
Vim,1516.2506031043636,1088.0548395183291
Vim,1516.2627987406884,1009.2526232183154
Vim,1516.3889353859863,1125.787229922113
Vim,1517.1528845561886,1135.3473037779377
Vim,1517.2977964919305,1129.278013167259
Vim,1517.5780376473035,1142.7008878706956
Vim,1518.762694734963,971.7707389062308
Vim,1517.860034578492,1242.205522423741
Vim,1517.8449149255978,924.8113394517824
Vim,1519.4188478873257,965.7066216926132
Vim,1519.6088440781623,998.0867956145512
Vim,1519.2442834978951,983.7838415400748
Vim,1520.0262903486162,1077.1246979145922
Vim,1519.9834874682433,1181.6202695340446
Vim,1520.2025431264412,1088.2965185915043
Tnfrsf1a,1520.1228188952814,1103.907886888284
Vim,1519.8469162602064,952.2800226602144
Vim,1520.176203528406,1057.3340916607
Vim,1520.84569579142,1120.2496340190569
Vim,1521.2563905142908,962.8239292572994
Vim,1521.3072359322018,838.1836374191358
Vim,1521.4740411690495,1127.9680873433038
Vim,1521.6884624189338,968.7779533778864
Vim,1522.0281339396977,1308.8543832765884
Vim,1522.2541966146457,1157.7185319318144
Vim,1522.1134176989426,1260.9280906075628
Tnfrsf1a,1522.50429751797,1219.4346709784895
Vim,1523.8445038533876,953.0992839744972
Vim,1523.7228158255878,866.3500566856384
Vim,1524.1996314339765,929.0503365247068
Vim,1524.1794508895414,1250.6973929813344
Vim,1524.0340639591848,894.8315201506166
Vim,1524.378719578454,1078.2994219650573
Vim,1524.4050875734904,937.9662199637996
Vim,1524.9576522683087,974.7505507816812
Vim,1524.9805010894222,957.814127150782
Vim,1525.353799484708,1143.997933025557
Vim,1526.002888212122,979.8634970982883
Vim,1525.896139147014,947.7249211740389
Vim,1525.9204237418444,1021.4179859410884
Vim,1526.4771447374096,1265.4244020053068
Vim,1526.534006500238,1302.9966559432728
Vim,1526.7148534844357,1063.735019486469
Vim,1527.1052502306209,1197.8390824866249
Vim,1526.939145957136,1296.3072883784475
Vim,1527.2638659566207,1027.1343780650204
Vim,1527.6687854284944,890.4735689198789
Vim,1527.8406122551746,1011.6041528158636
Vim,1528.4749584489518,1212.1027182597363
Vim,1528.3210210196032,1140.046932921396
Vim,1528.897742938659,951.2023475930272
Vim,1528.679533009066,989.4272481989518
Vim,1529.665363875759,882.5861066790864
Vim,1529.3002398554718,1006.114713841811
Vim,1529.9013164326686,925.5578726734911
Vim,1529.681243536793,1176.7984223391577
Vim,1530.6316853919286,947.018573433312
Vim,1531.0898610779782,935.2400814661436
Vim,1531.1786202216003,959.0008104447786
Vim,1531.7601564354995,1045.182504993826
Vim,1531.384418101858,870.8065049323103
Vim,1531.7266047140631,1076.3089465615242
Vim,1531.7797366708676,1071.2282382489757
Vim,1532.8027285508992,1031.8804133398512
Vim,1532.8381550538568,1121.6789601753635
Vim,1533.2103323530746,1105.290262304678
Vim,1533.077235864518,1068.0225568962755
Vim,1533.2669996792067,1085.6254984350649
Vim,1532.8792222007623,1004.9940188509896
Vim,1533.2234297729203,858.8703020710608
Vim,1534.584224457994,1017.3838078068846
Vim,1535.1349630908785,1089.604015376833
Vim,1534.761292049579,1139.490338203732
Vim,1534.8505875953513,958.9027941305964
Vim,1535.5778758430372,1100.018129507377
Vim,1536.3285091498346,1081.7067790269348
Vim,1535.960941488264,966.6014288595496
Vim,1536.8415036661245,1026.5724209276532
Vim,1537.7519873091228,1013.2451201218506
Vim,1537.6326110418745,913.9771883428332
Vim,1538.9019295882777,982.7614004293832
Vim,1539.1412266511752,951.6085747437515
Vim,1539.336649661751,876.8798134669689
Vim,1539.6409842988603,990.9354279688076
Vim,1539.67365988081,1040.8613848893497
Vim,1540.6792121538494,892.1122075462936
Vim,1541.0598118445296,1192.8977509574192
Vim,1540.852771723243,1152.3183005566862
Vim,1540.9863811101648,1008.8118406703568
Vim,1540.9487894099098,1126.506780159442
Vim,1541.263317667264,1053.1510741722368
Vim,1541.8025979540432,942.6507944175391
Vim,1541.55367917953,1046.0228413089435
Vim,1541.5663442397813,885.8820069678725
Vim,1542.0467538073212,974.6175371354616
Vim,1542.5929130819109,1024.376440924594
Vim,1543.0377417715658,1068.2420988798972
Vim,1543.1690217366677,873.7889741335572
Vim,1544.006276942771,1127.5921141093538
Vim,1543.175325932869,1030.145020241436
Vim,1544.1236010826988,1134.4780890915958
Vim,1543.9308424506337,1096.4523397723644
Vim,1544.510873676142,1193.61756945329
Vim,1545.0597513444952,945.3948572516468
Vim,1545.714726344746,1179.3654800825443
Tnfrsf1a,1546.4566045764302,1101.7516822676855
Vim,1545.5207143883129,1146.9375534987084
Vim,1546.520590599655,861.2053767871571
Vim,1546.092008464658,990.5032730739237
Vim,1547.7147255985035,1112.3794603700558
Vim,1547.7612823967695,1133.7929329374267
Vim,1548.1312833952288,959.380973503127
Vim,1550.3632674552946,1097.5220876455128
Vim,1550.718059753808,1130.3148488291722
Vim,1552.0591965562403,1184.7070869653064
Vim,1552.2595263065955,999.3112793843518
Vim,1553.5655024405712,951.2146009338762
Vim,1552.973496765179,943.4265475324868
Vim,1554.029372279788,936.4425665812106
Vim,1554.6596295305778,1109.9583040500202
Vim,1556.8202024001894,926.426504968206
Vim,1557.0789309412169,963.4829026153762
Vim,1566.6664949433537,943.0434321343148
Vim,1567.5489137952995,920.1467725240768
Vim,1569.2878434924305,900.9637753471212
Vim,1577.716996658708,1030.3828609810794
Vim,1589.1638870662318,930.022625077658
Psma7,1298.5830317416285,1397.4370623015448
Psma7,1319.2988527963894,973.7920511670732
Trim28,1320.822892973127,1203.225800259485
Trim28,1320.6275844211991,1049.923630593914
Trim28,1329.691898701613,1004.8880212020094
Trim28,1333.6249411798194,1123.5325938624187
Psma7,1334.5927923897402,990.333451775636
Psma7,1338.7283973324838,1243.667261309148
Psma7,1347.9687281326878,1207.454300988799
Trim28,1348.496106036945,1009.4687450308244
Maged1,1348.2458505782024,1301.6640960731252
Rbm3,1348.1072908647243,1302.5469748586945
Psma7,1352.2013774341126,989.595221836122
Trim28,1357.40088353043,1288.8241745405446
Trim28,1358.301426321475,1094.1763282297968
Trim28,1365.1469410058116,922.9538907703676
Psma7,1365.745089028323,1011.5532838307882
Psma7,1372.3891467583476,1444.6108860323711
Psma7,1374.8360295315904,1436.480600586534
Psma7,1376.5532091113462,1518.054090057523
Trim28,1376.9342740527495,1596.515599839432
Trim28,1379.3800577915626,886.4329332706901
Psma7,1381.3874249973408,1580.4346941031909
Psma7,1385.1359393461455,1318.830207537339
Trim28,1387.0733913303395,1515.5492523535734
Trim28,1389.4929169816514,1340.9338284061284
Trim28,1393.078470851593,936.8811256652026
Trim28,1401.6622279589558,1447.7619484615298
Psma7,1408.4712705193922,981.5111078865324
Trim28,1411.6697735595164,1502.9106868062847
Psma7,1412.4640011558863,1014.6134015719508
Trim28,1414.6190592532255,1313.400253608576
Trim28,1414.9664130987917,1589.299716628345
Trim28,1415.6856465189526,1064.179368124778
Psma7,1420.134758257314,1333.2440017261242
Psma7,1421.8958035340345,1439.9773718299384
Trim28,1432.4326812155407,951.2234048135084
Psma7,1434.2397640305226,1357.53640541576
Psma7,1434.4057649535632,977.3624372014718
Trim28,1435.6069081763203,1367.4217648046651
Psma7,1447.204850893114,936.9774186061128
Trim28,1450.774439298937,924.495429930902
Trim28,1453.2069471493787,1347.626265530971
Psma7,1454.962033569256,1317.6534884143553
Psma7,1457.153018205992,1410.3080732408628
Trim28,1466.9759350989948,1306.893043319955
Psma7,1477.211010068292,909.0002117782954
Trim28,1486.176022789583,989.743221948785
Psma7,1492.7916218461878,1007.127545437814
Psma7,1504.5930786703589,1010.2046621749456
Psma7,1504.3877599035563,918.3582704707248
Psma7,1507.9879622100675,1321.9028111143602
Psma7,1509.263645977514,1086.804328442827
Psma7,1511.5364275079194,877.3532029681776
Trim28,1514.7385752205344,1112.5525885513232
Psma7,1518.9486868906615,1074.552110360507
Trim28,1519.6469488254725,850.5621059644856
Psma7,1529.0004543028565,1147.8502828593128
Psma7,1530.914643706833,1022.2129557492672
Trim28,1534.5894566707354,1092.8912861769932
Psma7,1548.5058283570177,957.9844118348636
Psma7,1549.8385516716503,1096.4959499196598
Trim28,1571.2001141180874,908.7992949666688
Twist2,1311.01253009803,1355.2610630948768
Kars,1327.9305508772748,1024.321649759676
Twist2,1329.3670233936032,1243.8472401092167
Twist2,1338.1738120765494,1337.506942754479
Twist2,1338.3212665929525,1126.83169837563
Twist2,1337.7825330375983,1303.2565073685412
Twist2,1345.5642294033155,1125.4933233255438
Kars,1349.045697426859,1049.2817943674927
Twist2,1349.2417429014026,1359.373333671066
Kars,1358.3538105512298,1370.1910763523708
Twist2,1365.4093967308968,1117.359943360867
Ywhae,1368.5398542924336,949.0860091707514
Kars,1369.8344967081198,1197.537292429868
Kars,1370.3599231510827,1020.0179273928848
Twist2,1373.9883823835337,1456.4920560671362
Kars,1376.8081760695325,1048.7274129904408
Kars,1378.8285092764438,1382.9201095897392
Kars,1382.7285014736422,1581.7170677722186
Twist2,1383.802730253211,1570.02701062528
Twist2,1384.996502939487,902.9458307672236
Twist2,1386.261637621949,1354.0950414179213
Twist2,1388.6793680164176,915.0603362905426
Twist2,1389.9275911900118,1386.9566992557077
Twist2,1393.2792475038368,896.265734150839
Twist2,1397.373435005782,1520.883582326429
Twist2,1398.6480917105123,958.7286015710638
Twist2,1398.47347685329,1356.5439809125903
Kars,1399.8758727511183,1420.3166564778514
Kars,1400.7665096567475,880.6985966590513
Twist2,1401.7738463291532,1014.0333242125456
Twist2,1401.7215370816912,1301.991487408652
Kars,1402.8201975815086,1534.0438037124063
Kars,1409.269719094298,1365.136830695832
Uba1,1409.6539068757866,1336.6705930466958
Kars,1413.7404750348733,1312.4896002773494
Ywhae,1415.3513151318964,1591.248258035794
Kars,1419.2038489192753,1203.8858873649383
Twist2,1422.9535335203077,1454.670280766833
Kars,1427.867467133171,1150.515105037377
Twist2,1430.0496540353497,1269.120243391942
Twist2,1431.6180844624469,1423.4779742746828
Kars,1432.6331008083994,925.5548342233104
Twist2,1432.962190303538,1025.375164608491
Twist2,1432.9135894816511,1434.5823373850942
Twist2,1438.0610110798991,1447.8792372711314
Twist2,1439.055203262791,992.9876146961618
Twist2,1439.1410901122265,1256.8653161571087
Kars,1446.1381965517307,922.5568847218972
Twist2,1447.3819165652926,1179.874023394009
Twist2,1447.351632526769,1395.832291847554
Twist2,1448.1007580383837,1188.795585613096
Kars,1449.1748394680872,1302.519788267151
Twist2,1454.3096812043989,1017.7012833532872
Twist2,1456.5058275266006,1025.03945041984
Ywhae,1459.378572287408,1161.2835691597115
Kars,1464.3888826482785,1028.228252958711
Kars,1472.4173847255602,919.775738212338
Twist2,1473.56648190653,1200.3356788887363
Kars,1475.1755661859838,916.8903269575608
Twist2,1477.4457999900708,1202.8484031658322
Kars,1481.5615358990372,1005.3783770879782
Twist2,1498.1252205290514,988.9471626121574
Ywhae,1507.60012397547,1002.256720597476
Twist2,1509.3315787845606,957.4315520602768
Twist2,1510.2693849760817,975.9631885789282
Kars,1513.737450443497,956.702016463908
Ywhae,1514.533573710375,1306.8008373396306
Kars,1516.9540385401797,1012.3984476505736
Twist2,1522.3492041800057,950.4966992537168
Twist2,1524.7242704217304,1211.321973004715
Kars,1525.8475760597848,1132.2023484792371
Ywhae,1528.591183231843,1080.0002308416297
Uba1,1534.846422247845,970.476014299082
Kars,1548.8975557202425,973.4337027991136
Twist2,1552.158513798911,936.1689737386116
Clta,1304.310966982987,998.701829316814
Pdha1,1313.2291840799276,1010.0318319016473
Clta,1320.286179520866,902.9761824880956
Psmc2,1324.6383866771691,1026.8308274260469
Clta,1335.1021145295438,933.6468422621112
Ly6e,1336.5863224387078,1284.9624876694602
Pdha1,1340.5598937719683,989.1543737774118
Clta,1342.714500218648,1050.541144943708
Pdha1,1348.52206289144,1292.7815298036658
Psmc2,1350.5860417742658,1045.728912260689
Psmc2,1352.4929558911158,911.029834689314
Ly6e,1356.383210472732,1232.640177950226
Ly6e,1357.685592813167,1037.7268132743206
Pdha1,1358.2116043531423,1109.2912424103577
Clta,1361.0950036561508,832.3094667766723
Clta,1361.0925533233112,1002.8183641042226
Ly6e,1364.2726168602112,1361.5673702173733
Clta,1367.342001870331,946.555487582113
Pdha1,1371.9260192652705,980.6335978914296
Clta,1372.5880947299252,1344.1494158115856
Pdha1,1377.54241840443,1440.9580554917668
Psmc2,1380.727327643787,1598.7262158300482
Pdha1,1381.4511166356183,1404.9645378132104
Clta,1385.7867086091046,1549.3110682375082
Clta,1392.4300507980715,1537.9434626541154
Psmc2,1392.859729879995,1603.3069869890076
Pdha1,1394.5508972622886,940.6701860548328
Psmc2,1395.6074494915472,1457.073173698457
Clta,1395.96311346018,1497.059208019515
Clta,1398.3493242232832,1514.6580003467816
Psmc2,1400.8180252582822,1583.4731781775488
Clta,1400.67195932452,1454.4797643854793
Psmc2,1404.282016390407,1364.0865296452048
Clta,1404.517413628689,1409.4199450867363
Clta,1405.451338802971,1425.143593554485
Psmc2,1408.8936428636434,1318.74672138489
Psmc2,1412.4499742220737,1017.7691082963878
Clta,1413.6034471441317,1287.3888049919126
Ly6e,1414.7260657359238,1015.2757051261616
Psmc2,1415.7738146465203,1488.1627854623089
Psmc2,1416.7844056708348,965.462278729004
Pdha1,1421.058591509086,1408.0793934227147
Clta,1422.4469934342478,1324.8608196112095
Psmc2,1423.9958869630748,1512.8439152741169
Pdha1,1425.0030603721732,982.758359958345
Clta,1424.87838439969,1509.952546403757
Pdha1,1425.7232563660314,930.8379004132524
Clta,1428.458034108167,901.866019423245
Clta,1432.8168505470037,1264.0778186611665
Psmc2,1435.167855091171,922.3159950438084
Pdha1,1436.7639768326226,1347.017363347239
Clta,1438.9774069307357,1291.863589319421
Psmc2,1440.575141937302,1406.4316697043168
Ly6e,1442.5648994134876,1019.225019642936
Psmc2,1442.7521875211278,906.7533407768914
Psmc2,1446.3355932463835,993.4272866597772
Clta,1450.4985343375097,1453.6768441435763
Clta,1452.3180187083465,1346.797169431706
Ly6e,1457.2849500270538,1249.519056348296
Pdha1,1457.8552264945606,1156.7069596473962
Ly6e,1458.4327718615584,1024.0926928845115
Clta,1461.352803595863,939.6292920140902
Clta,1470.886154987892,931.3649710834136
Pdha1,1470.8238535329435,981.3462509446152
Clta,1476.3091352262031,1024.3927485987358
Pdha1,1479.1235361939464,967.5716005923362
Pdha1,1479.664875383703,1017.4988695996668
Pdha1,1482.8140241641054,1246.1504717606872
Clta,1482.7597998736524,919.9309930742154
Ly6e,1484.4522112315908,1083.5635635890542
Psmc2,1487.3620881126471,973.8807346490822
Clta,1489.9344098658758,1236.1694616455566
Psmc2,1490.4680439003912,906.209171216563
Clta,1492.2149965258438,978.7477181286948
Psmc2,1492.3902651276155,1299.9124468931643
Psmc2,1492.7982011960669,933.581965954623
Pdha1,1495.7040346222043,1123.691885358691
Pdha1,1496.1499036365492,1031.6198408484502
Clta,1499.983819040423,981.9601759402348
Psmc2,1506.9522945158194,865.5678373848903
Clta,1508.3272640356165,992.9412044039152
Pdha1,1510.8152411947974,1157.389461084104
Pdha1,1511.983155854508,889.316575063682
Pdha1,1513.8447011172652,913.9389664782948
Psmc2,1514.693903933159,1228.0887483951185
Pdha1,1515.4434406035575,965.1636415386306
Pdha1,1515.412056152966,959.5828237851304
Sec13,1516.148078899274,1149.7358854530598
Pdha1,1519.0006483604177,982.082474972222
Clta,1519.4329278920925,889.5330802960937
Pdha1,1522.0252007394645,1196.1977387217516
Ly6e,1523.1394942551897,1005.868189841088
Psmc2,1527.2657812094146,909.2226740561008
Clta,1528.3142729109584,886.7127444290533
Pdha1,1529.1429842455882,983.1989379870636
Ly6e,1531.496613408524,991.0349091871128
Pdha1,1531.894895499283,1000.2606900525768
Clta,1538.94250289175,893.0231660166753
Clta,1543.9153067415032,1191.8301768528024
Pdha1,1544.743576034861,1141.3179201271478
Pdha1,1544.7631797239633,940.7642725954256
Clta,1546.342226021542,1186.7840083540857
Ly6e,1548.5521770220143,1140.9029630727523
Clta,1550.9468294549324,967.8335175160648
Clta,1550.941127030754,1142.1780248460304
Nudt9,1339.6254208125458,965.5634691309368
Nudt9,1395.6749848189224,1420.832563085925
Nudt9,1396.988990267455,974.6524350698936
Nudt9,1407.6063771178765,1443.4578520347543
Nudt9,1436.4385954314976,1232.50072180252
Nudt9,1438.5904388168642,1467.8793255447204
Nudt9,1440.388346976226,1319.9559999550063
Nudt9,1451.853976745646,1037.5972399562825
Nudt9,1461.8697962210103,1270.2972734270998
Nudt9,1469.7199198031028,890.4609867828879
Nudt9,1482.6787792883915,948.663415524198
Nudt9,1520.4719438454104,983.7373468060744
Nudt9,1524.209221183215,1102.6301338139654
Nudt9,1533.622219027994,901.3495788911752
Rpl15,1278.2701599999864,930.5222729794166
Rpl15,1282.2945915321689,956.7127891212348
Rpl15,1288.012659354675,1408.7498097886871
Rpl15,1300.3126978915875,1358.690768420813
Ssr3,1319.335663608698,1208.736129731314
Rpl15,1322.0779159527326,899.6231569789393
Rpl15,1323.1239652653276,1040.090480199391
Rpl15,1324.7686244467916,959.6826512922052
Rpl15,1328.5159432558903,1373.1526447487868
Rpl15,1328.4288909241095,1166.903657137656
Rpl15,1332.8272950392204,1191.527819701087
Rpl15,1332.7473445911862,1253.60399483967
Rpl15,1332.7601024263172,877.4327624779648
Rpl15,1335.1645128402697,981.3094948404585
Rpl15,1336.8605838426756,1080.848281947673
Csnk2b,1336.812835280943,930.752656406299
Rpl15,1337.0775203948608,1371.7110104608014
Ssr3,1337.9063613102785,1043.69206274211
Rpl15,1339.0707121483806,963.1285617375206
Rpl15,1341.5276642439142,1222.8324018755525
Rpl15,1342.5424290849228,997.8439061021144
Rpl15,1344.2049416118905,906.0750082517384
Rpl15,1346.5221460701407,1317.3959391253234
Rpl15,1347.5374733156812,1074.904712244293
Rpl15,1348.648314586728,1108.4482992201597
Rpl15,1351.4462752829306,1138.4589464575824
Rpl15,1352.279753020821,1310.1694604121558
Rpl15,1352.859035560855,1016.3173619125088
Rpl15,1353.278304460281,1158.5980880939428
Rpl15,1355.0941131521577,916.7363588062714
Rpl15,1355.2966786136444,1108.8764678935208
Rpl15,1356.2219167264498,1045.9195549765684
Rpl15,1356.6762086584356,1294.646673726359
Csnk2b,1357.6658298521309,1230.1324765775346
Rpl15,1357.9191782379326,1266.4067126069826
Rpl15,1358.405642197704,953.025358418429
Rpl15,1358.9819207039614,1093.331614986332
Rpl15,1360.2222859963117,1423.286794593797
Csnk2b,1360.919753716552,1368.5151136064335
Csnk2b,1363.28848308117,1323.5462487285577
Csnk2b,1364.5154090918547,1387.3168934260707
Csnk2b,1364.7965878989653,1355.655942359322
Rpl15,1365.625870350774,1199.584403438914
Ssr3,1366.2263772176452,1063.653881027653
Rpl15,1366.4744373669682,1008.2585896172708
Rpl15,1366.674251270382,1570.864534072815
Ssr3,1368.0215841483987,1077.044592544458
Rpl15,1369.534057836721,1367.5012322671564
Rpl15,1369.4691974117509,1305.803047862566
Rpl15,1369.7904248674035,1180.34451378234
Rpl15,1371.7934976430656,1128.1334964538764
Rpl15,1373.6532677386977,1339.291860468879
Csnk2b,1373.567191536761,1350.0902816542582
Csnk2b,1374.2336698113784,1017.6472994812924
Rpl15,1374.3582276099428,1014.0259684605808
Rpl15,1374.378698247656,1591.2046960085945
Ssr3,1374.2042060186486,1269.5411009817403
Ssr3,1375.4656369855677,1189.8691719346994
Csnk2b,1377.822867257411,1538.629477714038
Rpl15,1378.6763350905428,1424.7485563127598
Rpl15,1377.8330007830918,1395.4405858447192
Rpl15,1381.4283304760615,1279.261890773624
Ssr3,1381.433602068756,1341.7463778281344
Rpl15,1381.5700728101488,1218.234813413961
Rpl15,1381.7532820975507,1160.28209637106
Rpl15,1382.0936672940195,1068.1711472185552
Rpl15,1382.3148734932442,1506.9631134236074
Rpl15,1383.5931176821234,925.155632129918
Rpl15,1384.137898005507,1499.5500230741975
Rpl15,1384.7572960460586,1595.2462047192128
Rpl15,1386.269890787063,1053.6652079615712
Rpl15,1386.695434715083,1557.859633066062
Rpl15,1386.9370022573885,1024.073693224336
Rpl15,1387.3389720912198,1405.1947416853625
Rpl15,1388.4254851808896,1424.373802037674
Csnk2b,1389.1103997428747,1301.505233435759
Rpl15,1389.262528650393,1548.8445273035172
Csnk2b,1389.9874713894023,1470.2579713032123
Csnk2b,1390.518097699984,1355.5093293189325
Csnk2b,1390.692078915875,1477.106431827306
Csnk2b,1391.064519472152,1348.2964404626018
Rpl15,1391.489099720835,1013.1104881989876
Rpl15,1391.6978531265563,1538.8299356629354
Rpl15,1392.9913643047576,1183.24996628144
Rpl15,1393.2574232007803,1415.993583568728
Rpl15,1394.630723351277,1035.5970021867563
Rpl15,1398.595428488116,1532.1113941210026
Rpl15,1400.268393737313,1349.4637651779235
Rpl15,1400.545449062109,1439.8030163628428
Rpl15,1404.1365775665054,941.2822687061588
Ssr3,1403.7712564627768,1015.8385976975092
Csnk2b,1406.5357393787883,1340.1090623231937
Rpl15,1407.2901383312023,1432.2857228045896
Ssr3,1407.8903572267798,1442.3779512193237
Rpl15,1408.3640828593984,885.5157842231379
Ssr3,1408.5282211880717,1251.0728782195406
Ssr3,1409.3245936640635,926.0878448318946
Rpl15,1410.3598783964796,1311.6739167396456
Rpl15,1410.3684152608637,1373.9926718232264
Rpl15,1414.1839125155525,1276.773102851051
Rpl15,1414.914044044893,1489.1458596976618
Rpl15,1416.1718272613646,1045.380140124012
Rpl15,1418.4356538713398,1412.5855652140383
Rpl15,1418.1455370078563,925.0926883651516
Rpl15,1418.658063842603,1268.9515602398808
Rpl15,1418.6007512379858,1392.2028084252177
Rpl15,1419.9096381302468,962.1740908724752
Rpl15,1420.7945759583558,1526.1872806594038
Rpl15,1420.7295766590105,915.0042813352248
Rpl15,1425.031887349552,1491.306772504247
Rpl15,1424.7890525050134,1210.5558928242317
Rpl15,1426.6509118104802,955.4844045947927
Rpl15,1428.0457880718277,1429.9336035628887
Rpl15,1427.8489506665371,1415.033971782631
Rpl15,1429.6172504333704,1001.0421153177672
Rpl15,1430.50837906183,1478.9742105414512
Rpl15,1430.6293072362628,1007.9432079809936
Rpl15,1431.3125172972552,1440.27807756858
Rpl15,1433.006325793976,1241.4316502835682
Ssr3,1434.0817840330585,1213.0376135011886
Rpl15,1435.029374346661,1116.9664107508147
Rpl15,1435.8628974298774,1398.7018239027857
Csnk2b,1437.5042600299168,927.217000626047
Rpl15,1438.1522701799731,1313.681309489531
Rpl15,1440.1962675570103,1417.7042921596849
Rpl15,1442.226923121451,904.1356979580212
Csnk2b,1443.6921535066135,1461.9333434286914
Rpl15,1444.267409038618,916.0388234374282
Rpl15,1447.64668767255,1453.3323879104576
Csnk2b,1448.8736367305446,1271.1909723683254
Rpl15,1448.855105090516,1342.9908961997735
Rpl15,1452.9064529600018,936.1272347938668
Rpl15,1454.437433709576,1375.1504598385964
Rpl15,1455.418016547342,960.9552677436064
Rpl15,1455.5135961775256,1426.0407123337975
Rpl15,1456.0817302916496,1229.328911475639
Ssr3,1456.79565673069,1262.6280300967887
Rpl15,1458.1494377819836,1413.9327049835915
Csnk2b,1458.2298869531546,1231.9419018666235
Csnk2b,1459.728107603054,912.0371615337848
Rpl15,1460.494505646617,1353.516957219938
Sec13,1460.3079337226266,1352.6798042262346
Csnk2b,1460.1964783329845,1282.5266683748237
Rpl15,1461.6194184898327,1294.175061122033
Rpl15,1462.1596415644788,956.031034780627
Rpl15,1463.0520831994547,1032.9867295387858
Rpl15,1464.1855163580135,949.8101960281372
Rpl15,1464.401555665738,924.9019867092808
Rpl15,1464.914984274484,997.384512529424
Rpl15,1466.617208599007,1065.2718375665024
Rpl15,1467.0746669803948,894.8122244853778
Rpl15,1468.3539871194778,1308.9402129644063
Csnk2b,1469.4355092529763,1029.5705124677654
Rpl15,1470.1528106293797,902.5406524960646
Rpl15,1470.607230057704,1355.2935818229107
Csnk2b,1473.5989287878824,937.706316646222
Rpl15,1474.143651164286,1268.3484119694008
Rpl15,1475.3974304620228,1053.4430305761528
Ssr3,1475.344554335932,1182.3181734035688
Rpl15,1476.2770869841354,1027.614204812865
Rpl15,1477.126349573348,1119.3961647519543
Rpl15,1477.5768135538756,898.3281544263535
Csnk2b,1478.238805094978,914.8253554106188
Ssr3,1479.1726234237185,1160.705067335616
Rpl15,1482.220322022943,919.120800213333
Rpl15,1483.4227269849412,1270.0120421775828
Csnk2b,1484.4250502304064,1134.1442792604855
Ssr3,1485.0816117073605,1075.19623859656
Rpl15,1485.7823446324965,1316.803369294678
Ssr3,1486.7115531233694,947.1521738453248
Rpl15,1487.5807296528676,1258.7119923911034
Csnk2b,1488.6739621384822,1291.5038765399274
Ssr3,1489.24150886506,921.1857718134488
Rpl15,1489.5244819419493,1040.1275457965737
Rpl15,1493.3462085412948,962.3190048056398
Rpl15,1497.3347742446704,1244.7731494806835
Rpl15,1497.802779930386,886.8191077809984
Rpl15,1498.5248084180726,1025.173692712725
Rpl15,1498.6986317679234,903.7244702743722
Rpl15,1501.3658402922083,972.4760361791466
Rpl15,1503.6636550644253,963.9750649151596
Csnk2b,1505.2984826055074,975.4985424532822
Rpl15,1505.7097929093516,897.2698382110216
Csnk2b,1508.9696464638737,897.3806601564062
Csnk2b,1508.916695154556,948.9170282414572
Csnk2b,1510.7665081350667,922.1617412290028
Rpl15,1512.2341034318306,1292.5516918553626
Rpl15,1513.3729856292225,938.2150830903412
Rpl15,1514.0998234339436,1199.1917265759355
Rpl15,1514.776084747036,1237.275776987357
Rpl15,1515.7745391711985,1051.1348789337012
Rpl15,1518.273168078528,995.381458838342
Rpl15,1518.8312631926249,876.382776059346
Ssr3,1522.0068096687137,1168.9806145286989
Ssr3,1521.6793170227256,948.6313751219157
Rpl15,1523.30314409007,938.7896595568154
Rpl15,1523.4366700586684,943.3027806698294
Rpl15,1523.5946538731564,1306.1303517897115
Rpl15,1525.2932741022914,1008.1320527406748
Rpl15,1524.767676782557,1167.9894956207866
Rpl15,1526.3274141512816,988.7650205754306
Rpl15,1527.4801852145963,1213.6685727468648
Rpl15,1528.638105322017,1087.778473163561
Rpl15,1529.7558247661202,886.0912958237757
Rpl15,1530.0174996887224,1103.800643727679
Rpl15,1531.0388768392213,1019.4238450005566
Rpl15,1531.8172031465751,855.4331495363159
Rpl15,1533.5720034847534,1006.650853457784
Rpl15,1535.3240660440551,992.732858856064
Rpl15,1535.404129578825,841.2725303101291
Csnk2b,1536.0620570171764,974.2862924137528
Rpl15,1538.130535949079,1001.0605018783472
Rpl15,1541.684332808942,1045.793924591433
Rpl15,1543.175689862206,902.6275722320854
Rpl15,1544.5432554407023,858.9197484515554
Ssr3,1546.689651577988,975.0321991245236
Csnk2b,1546.8605559465582,866.7868570271073
Rpl15,1547.7284517707922,1135.7469485952208
Rpl15,1555.7979701913412,974.624188587358
Fgf7,1279.6593404843532,866.0269368160406
Sec13,1297.467903868733,1452.521147994529
Vdac1,1312.9611391874462,1208.7459353893646
Ybx1,1313.1645486352595,983.7878391185092
Vdac1,1314.7067955188622,963.7557652872348
Ybx1,1318.8948551936696,1012.291226390544
Fgf7,1324.3796602675925,1210.233252349337
Sec13,1327.0784440201369,1336.9016750794367
Fgf7,1329.982852928909,1187.6279285968562
Fgf7,1333.8815985638448,1010.5143511784244
Fgf7,1339.2707183913944,1106.4346469508966
Vdac1,1342.0524192943417,976.3608919684608
Sec13,1349.1705055810294,1373.3485034815085
Fgf7,1351.448132487601,985.4659486181988
Vdac1,1354.9290613356245,1039.2766950518546
Vdac1,1357.3766618091036,1117.4835315430585
Fgf7,1357.3799546393627,1302.0237580383298
Vdac1,1359.8094197957882,1345.868421094511
Ybx1,1360.8310611371771,1392.7632246983
Sec13,1361.4612627819054,1153.3179280123898
Vdac1,1362.937060980627,1185.8720655754785
Fgf7,1363.980185988284,1145.112388941952
Vdac1,1365.231151383419,1386.3405984058957
Fgf7,1366.7031722521092,1048.4034472835438
Fgf7,1368.6354101835095,977.9163241897352
Sec13,1372.1080705744866,1246.169988886538
Sec13,1377.6962300936525,913.2113650092192
Sec13,1379.7206714848437,1444.981593197235
Vdac1,1382.006881217371,1418.3084942586531
Fgf7,1383.0166035784544,1352.7139850172932
Vdac1,1384.70844641873,1420.142269729705
Fgf7,1385.537285298638,1194.032471355726
Ybx1,1386.030340686366,1034.82905334612
Sec13,1386.033064232416,1257.255951446642
Vdac1,1387.8865061904887,1598.8236888010863
Vdac1,1388.2419131847898,1496.8042116491729
Fgf7,1388.1802448452397,1447.213588749948
Vdac1,1393.467266389422,1460.0922777438982
Fgf7,1392.9424410076326,1454.5330138384854
Fgf7,1396.6221817939086,1398.036153347042
Vdac1,1397.769780324672,1276.0990740071302
Sec13,1398.2705261501717,893.6313684663662
Fgf7,1399.3006580433346,1382.6611558541051
Fgf7,1401.739336814728,1287.1067252472346
Fgf7,1403.5521193910872,1273.377620517031
Sec13,1403.8582891628218,1355.845128209613
Sec13,1406.5042504262594,1413.6701399617175
Fgf7,1410.204539960907,1268.630546546456
Fgf7,1411.2437286893417,929.2216128124178
Fgf7,1411.8928256427455,1256.2399052131636
Sec13,1416.400940741947,1456.7152420802397
Sec13,1418.001976590042,1449.464484641439
Fgf7,1420.0675201108218,1067.6214737799444
Sec13,1421.1881895769538,1403.1349492394274
Fgf7,1431.124243136335,1213.1592158893498
Sec13,1434.3482057930594,961.7977842548324
Vdac1,1437.2704238185988,1055.494821232495
Vdac1,1439.6325468564091,999.8621022877865
Vdac1,1440.5619152198356,1031.4867707556552
Fgf7,1441.931899589737,1400.4086336006949
Fgf7,1443.3634513507018,1054.160013107465
Sec13,1446.9164020217636,1012.436255572748
Vdac1,1451.2348126457364,1260.4640314190715
Sec13,1451.1743135660713,1231.432877222001
Fgf7,1452.4178187944844,1191.1837709616184
Fgf7,1456.6078386962522,1222.540381803861
Fgf7,1456.7742677761928,1355.536951483649
Sec13,1457.0357311435707,1348.499958941047
Sec13,1458.9312619539674,1066.0555464188024
Fgf7,1459.8503466076622,1235.2591899193026
Sec13,1459.867196748634,1254.1143182419626
Vdac1,1460.017483179874,933.7962353005177
Sec13,1460.6522773298684,1053.351505290883
Sec13,1463.9026145302555,1011.478061358199
Fgf7,1466.9529512260303,1181.126446896861
Sec13,1469.8334060241384,1258.7603917572326
Vdac1,1471.0281963123607,1028.4998278011606
Fgf7,1472.7564014595105,1346.5085398501512
Sec13,1472.8225351766796,959.297184426042
Sec13,1474.9015108725391,871.9310694542387
Fgf7,1475.3072140322697,1217.1786791451766
Fgf7,1476.4333886432903,999.9558700065973
Fgf7,1477.430418237618,936.066531937723
Vdac1,1479.3969317283795,1258.486351643625
Fgf7,1482.0209066507823,1076.9268966955374
Fgf7,1482.3625844104324,950.9525916390652
Fgf7,1483.8471758346889,1201.134251056059
Vdac1,1486.9934077748928,1075.4703063132156
Sec13,1487.899101543582,1292.9957920055494
Fgf7,1490.5864982961748,1252.4956078225916
Vdac1,1491.5016264668195,888.6235059700797
Fgf7,1493.2919567185563,1171.5346385482867
Fgf7,1493.139768885485,1194.8928839974255
Fgf7,1498.1997715740526,1059.3957049553392
Vdac1,1501.758131811369,998.4634681165936
Vdac1,1504.9448153028882,1254.8458945318366
Fgf7,1506.4697387428105,948.9668177528756
Vdac1,1510.39874768755,1270.0910729546229
Sec13,1511.8029823469778,1003.1962924800396
Fgf7,1513.9902283548436,1212.0309530449465
Fgf7,1519.2075335554468,1046.5681691509776
Vdac1,1518.5669990071126,1310.816203900212
Fgf7,1519.3258769541812,1026.777976125321
Vdac1,1520.8411518301034,936.1462626450846
Fgf7,1522.053455475191,881.6467352796147
Vdac1,1524.3646273462955,1313.7187730903872
Fgf7,1525.0368732233287,885.4434779522021
Fgf7,1530.6985188333465,990.0481494501752
Sec13,1531.8102351169778,1313.7354462626747
Vdac1,1538.7294292777271,888.8768055500946
Sec13,1542.588135973568,1181.89633872567
Vdac1,1544.835954902344,1173.5924883991793
Fus,1300.3746413074202,1405.147395440246
Fus,1314.696230315125,985.1951260142172
Fus,1316.6135043645063,1366.446876916964
Ywhaq,1318.497731496405,1339.0360324950384
Ywhaq,1323.316300606214,1223.4374846215414
Fus,1323.4224146095314,980.3552530308305
Fus,1325.3380405309526,1050.4595232839802
Ywhaq,1326.094792773679,1304.502965397624
Fus,1327.2008375054722,965.959477809487
Fus,1327.9763099310514,1337.0862496015002
Fus,1330.6578875164032,1285.2722687689754
Fus,1330.6521075062724,924.7093215212404
Fus,1330.3899373079585,975.3008627148716
Fus,1331.8178122621916,990.6828236513325
Fus,1334.6444518144936,1166.0210132457062
Fus,1334.4930687685646,934.3183702884558
Fus,1338.142524004737,1257.5113322484558
Ywhaq,1339.2905763115232,1060.5783997296817
Fus,1340.908038148723,1007.5563606624992
Ywhaq,1340.8167471090849,1120.4887674256447
Ywhaq,1343.3734643985076,1187.7790415686668
Fus,1345.106391017162,1260.193693930234
Mrpl12,1345.6506066655538,1125.6365084604813
Fus,1346.6153705573008,1236.2852377174072
Fus,1346.392116177802,995.2387220876752
Fus,1348.521940106274,981.4306615785852
Fus,1352.8859167846615,1224.551620996803
Fus,1353.0495894390492,904.5562090950048
Fus,1354.6467564100897,1205.0700938219857
Fus,1354.5987011806906,1363.8603962654772
Ywhaq,1356.1743666902537,1282.3203325214788
Mrpl12,1360.608926323818,1131.800512841722
Fus,1361.224807948849,1211.7973602590246
Fus,1363.1187591146331,1021.1801913231818
Fus,1364.2127655017744,1333.5874684184462
Fus,1365.4688572904854,1590.062164796508
Fus,1366.5272829729383,1043.9965797450675
Fus,1368.0350099543678,999.4658717788036
Fus,1368.54025781975,1214.516399203618
Fus,1370.1780342157128,1247.421602885041
Fus,1370.074284216001,1188.5219663863918
Fus,1371.5525625235646,1206.9617108194604
Fus,1376.3117262693677,1431.202734450733
Ywhaq,1378.4117953319223,905.2563973046734
Ywhaq,1379.093320615964,1592.2717825932596
Fus,1383.0682814118168,1503.4442336774723
Fus,1383.4666204170155,1319.418137305044
Fus,1384.307479169722,950.6045030542546
Fus,1384.7859741318773,1349.1033018957305
Fus,1387.771156634726,1537.5714292448895
Mrpl12,1389.6462157948754,1261.829089939229
Mrpl12,1390.0838857789674,1364.7676004099326
Fus,1389.8204854602725,1441.7054558376876
Fus,1391.5829735691582,933.944071349058
Fus,1392.0045445446417,1006.394156151538
Ywhaq,1394.0076220850756,897.1156424576949
Fus,1395.192338914861,939.7883928950756
Mrpl12,1396.179308622021,1264.272106723622
Ywhaq,1397.2128334654474,1388.330638141023
Fus,1398.2609324739674,1433.4665886969842
Ywhaq,1398.992278448372,898.4217513141664
Fus,1399.8050179108584,933.5505921703387
Ywhaq,1400.5516538261254,969.6283119520568
Fus,1401.0991307754082,1582.6760452060057
Mrpl12,1403.0081258795412,947.7665605588886
Fus,1403.8801157292196,1302.64648993506
Fus,1404.5047829824775,1575.4575461530062
Fus,1405.1569408645005,1013.0614339783384
Fus,1406.5963304313375,1045.453148603563
Fus,1406.5670149341422,974.2418132391178
Fus,1407.150458324595,879.9757637152667
Fus,1408.0528678434796,982.9341920637914
Fus,1409.2973533497814,911.105915781112
Fus,1409.802162148795,1385.906919417983
Fus,1410.8786995864243,1399.3657164957274
Ywhaq,1411.9143542224017,1275.302108530984
Ywhaq,1412.2307620671315,1404.099993620086
Fus,1414.121705892412,967.477675986156
Ywhaq,1417.0247320646122,1502.9778844940422
Fus,1419.3089725175466,1293.8966323995453
Fus,1420.5270176359504,967.2540417629824
Ywhaq,1420.9879121595172,1348.6982949365836
Fus,1422.24077967746,1304.8230756998962
Ywhaq,1422.222016035235,959.507294920414
Ywhaq,1422.855795906302,1494.0667342547963
Fus,1423.9261293442332,1456.2710967561277
Fus,1423.793047830886,1472.1223760005523
Fus,1424.34889262705,1061.4730786807406
Fus,1425.7115097386054,976.6424563390588
Fus,1427.3374764224873,1419.5600835773198
Fus,1428.860350655192,1340.7061608504025
Fus,1430.0262293496307,1346.10951916834
Mrpl12,1430.7191883643284,975.5232140028806
Fus,1430.9225590475523,983.1499506430472
Ywhaq,1430.550822750815,1294.6907714850713
Fus,1431.9736507263915,937.9705908600532
Fus,1435.9723324904037,936.4539804538188
Fus,1437.6293402107883,1458.2112321571235
Ywhaq,1444.4067316679316,1274.6319911233547
Fus,1445.2537654174002,1222.3002174072894
Ybx1,1447.5331687594894,1270.565048486491
Fus,1446.861178968565,1449.3962303194328
Ywhaq,1447.3487935152937,1358.8973701983896
Ywhaq,1447.8816860445063,1389.1147337104376
Ywhaq,1448.0470783370097,1420.9451405257842
Fus,1451.5664376977154,1317.891973298108
Fus,1452.1495670395989,1075.7339598155254
Fus,1453.7916659023008,1287.233135727175
Ywhaq,1456.5091490020334,1356.8430934555054
Fus,1456.7182827991592,1007.852613694256
Fus,1460.7471121480703,918.8809208075812
Fus,1461.089921759298,1260.3523025115885
Mrpl12,1463.738597931451,1056.2013957304885
Fus,1464.2645933023691,970.2162541024176
Mrpl12,1465.3944982941453,1008.7477680851003
Fus,1466.304194496597,1022.513210938744
Ywhaq,1466.6368845084526,998.3663521957286
Ywhaq,1469.0151091316427,1352.8082244558095
Ywhaq,1471.539252108803,1035.25947083684
Fus,1472.2592888268807,1167.0076051791923
Fus,1475.4166146792957,883.5404709109301
Fus,1475.1877394387795,1022.4416726098876
Ywhaq,1476.7140392528258,983.295278782619
Fus,1478.7333727270077,1189.7937905099218
Fus,1479.2870752261765,1157.488673052521
Fus,1482.4926541721804,1209.5819790660769
Ywhaq,1483.039325228482,1034.0519088571457
Ywhaq,1484.442084502607,1024.723813345483
Fus,1484.2830586075368,1039.8910784892464
Fus,1484.329643991299,1079.930222653
Fus,1485.775449269512,1208.364315131169
Fus,1488.0369148916357,914.9481235051202
Fus,1488.974126692063,1084.4829028337151
Fus,1490.740016918578,934.8442565859364
Fus,1497.5409715377905,1005.6778446423696
Ywhaq,1498.3879679213137,884.5493927551167
Fus,1504.9085079571855,1060.4615556901604
Fus,1505.665742087013,937.8152626769232
Fus,1508.216746573073,1252.1624092930451
Fus,1509.050951403753,1321.035440969898
Fus,1509.5427322513513,1112.6517018351758
Ywhaq,1511.1329466116629,994.129467323955
Mrpl12,1511.5466586746008,913.676339092605
Fus,1512.841091907615,895.3676774938111
Fus,1514.588078229469,1255.2308117345578
Ywhaq,1514.1419038677063,960.0084153726168
Fus,1516.635928973816,1126.0582729042112
Fus,1516.5294063979695,1239.3651224507316
Fus,1519.4609314203242,916.9003601358252
Fus,1523.0008626204087,968.4469502152438
Fus,1523.1254920824415,1250.2823930532873
Fus,1523.5380480228118,902.2434118738964
Fus,1526.9837046077107,1021.1416833867502
Fus,1529.3387154370164,1154.856468643771
Fus,1530.1133850316935,963.5739250647688
Fus,1529.981998499746,1001.3733865661288
Ywhaq,1530.3103554325005,916.2557705562062
Fus,1530.919817415283,1285.5041807016576
Fus,1530.920393065422,1074.2025453724525
Fus,1531.2217522578044,953.4876211666162
Fus,1534.5072209834784,932.2700022071034
Fus,1534.8253711007228,1191.5923436940536
Ywhaq,1535.772247829313,966.2054279821308
Ywhaq,1540.312497676911,960.1309760251718
Fus,1543.8994986410116,886.5214116390086
Fus,1544.9125875919956,867.9790159497703
Ywhaq,1544.772636453606,974.2735920973712
Fus,1545.206310164117,1174.4369764078035
Fus,1546.813688590854,900.4315892186454
Fus,1547.345567517075,1149.234486459522
Fus,1547.5613337208777,1175.1374725898938
Fus,1551.7158171414449,1129.28746980123
Fus,1556.1090121038571,941.2837463017506
Ywhaq,1563.0861689419585,973.1342608073523
Snrnp70,1302.3481531349232,993.9825652981244
Snrnp70,1325.324588459945,1265.984192258238
Snrnp70,1325.2664298858722,924.1719291742854
Snrnp70,1328.109503253753,979.6483906403952
Snrnp70,1330.6220907972477,1071.6860431780376
Snrnp70,1331.1113162751392,1368.5048137627414
Snrnp70,1333.183757179624,920.4828932066192
Snrnp70,1335.8299815308856,1047.3586552180943
Grina,1336.0862441910674,1202.2675786820346
Snrnp70,1342.025906378501,896.5292821981734
Snrnp70,1351.8373489877222,965.6206204320248
Ybx1,1354.7380530355165,1259.765490307166
Snrnp70,1353.418055280035,1261.0662724198571
Snrnp70,1358.713222492236,1066.0294480294897
Snrnp70,1362.7169963992728,1404.5316366018726
Snrnp70,1364.7742924499616,1319.297080000161
Snrnp70,1367.4042464575632,962.5353052333325
Ybx1,1369.2303355240142,916.0296393982115
Snrnp70,1368.2061824589755,1024.7656933564226
Grina,1376.3781277540174,1302.8148940316796
Snrnp70,1377.042493819794,1514.9656076881024
Snrnp70,1377.670850952864,1207.8951850218118
Snrnp70,1378.6608363807948,1178.4123898787689
Snrnp70,1378.9737159585638,1372.1595209608292
Snrnp70,1384.8949090088051,1536.09329136548
Snrnp70,1387.5622453175365,922.2136629593508
Snrnp70,1388.9556060798698,1580.488794347912
Snrnp70,1389.5031603102243,1319.25451215386
Grina,1395.9469412178746,920.4841392326796
Grina,1398.7520116597457,1394.793636866564
Grina,1400.0859463379684,1418.8865236586355
Snrnp70,1401.1373915113968,1382.790271221667
Snrnp70,1401.8462973464716,1603.519755682668
Snrnp70,1402.513400804453,1457.5957641054918
Snrnp70,1406.6683665483124,1385.365187737258
Grina,1408.1412763168864,1476.1961605663705
Snrnp70,1411.1507823453387,1424.1679052965676
Snrnp70,1416.4482477601246,1428.212758008286
Grina,1417.3261920921602,1216.387560989825
Grina,1422.6039677147785,1176.1651098908785
Snrnp70,1426.260388173344,1233.8901546872137
Snrnp70,1427.143901464093,950.8194824769532
Snrnp70,1434.0617829520793,1018.171280151559
Snrnp70,1436.4017794174172,902.209875779894
Snrnp70,1447.5510134963451,1384.5657248041252
Snrnp70,1454.724910335945,1386.2013586370022
Snrnp70,1465.6021466115776,943.7609020875244
Grina,1466.2042292035335,974.730848554413
Grina,1468.9133416713064,1123.871532506751
Snrnp70,1476.665485521468,1023.993815212924
Snrnp70,1479.0017893780362,1108.9965336707874
Grina,1488.9936514758865,1258.2684419924028
Snrnp70,1491.58896943647,1082.9697190702718
Grina,1493.455134849059,1090.9853773996188
Snrnp70,1501.2864629038716,943.3069566477608
Grina,1502.030746567124,1144.356601818808
Snrnp70,1508.7689143310024,1050.534362969992
Snrnp70,1512.524268299344,980.5859169442246
Grina,1519.9104802376146,1214.4378283757258
Snrnp70,1522.827705167088,1218.5542166850073
Grina,1525.9355177858429,1139.4682200775117
Grina,1530.259369537107,1009.0716424373402
Grina,1531.430761411768,877.8157637060447
Snrnp70,1534.7661601966552,1111.872092495178
Grina,1535.0136550897364,1133.2469447939884
Snrnp70,1542.7709798754263,1161.9280551366635
Stt3a,1308.7485970826278,941.0097915238952
Tmed9,1322.901801803802,1205.8141335238738
Tmed9,1330.707943203108,1252.0166853146611
Tmed9,1348.275616661973,1229.2950206974492
Stt3a,1352.8571860549496,1232.2429094365316
Stt3a,1372.401158862096,1387.7668838984043
Stt3a,1375.128150789768,1249.5928999190735
Tmed9,1384.1183568919562,1308.0575142419266
Stt3a,1389.0132561622008,1346.4392572285583
Tmed9,1396.7120316675043,1284.3170977216348
Stt3a,1407.1441549992612,960.7909168268096
Tmed9,1408.7516059996622,1247.3135194046038
Tmed9,1416.714120238959,1235.3396839780617
Stt3a,1420.337937774772,993.5511060018454
Stt3a,1425.1629937175746,1354.713886198744
Stt3a,1425.0607769073863,914.5802634763324
Tmed9,1426.2955469469916,1409.8362763289133
Stt3a,1438.2150435387875,1302.6889165468142
Stt3a,1483.1326177655217,1253.7751289900953
Stt3a,1487.9104682743211,994.5415633176608
Stt3a,1503.2369516557178,1129.5848315896342
Stt3a,1511.4162272510475,1006.5266800657467
Stt3a,1525.8195776846687,1013.7932932574496
Stt3a,1529.0248621445412,1122.528755993513
Stt3a,1531.75079455479,1177.3278456420198
Rbm3,1314.6849263587242,1231.4510121023611
Rbm3,1333.1148754625551,1128.1570130460352
Rbm3,1339.2642363479615,1208.8311492532637
Rbm3,1340.6664741489485,1142.200091360222
Rbm3,1341.9588181764325,1197.944069187712
Rbbp7,1344.966171865792,1375.314569500746
Rbm3,1348.3695312337404,1222.035078031337
Rbbp7,1349.757242895882,1006.5065740962168
Rbm3,1356.9760647820626,1135.453203640925
Rbbp7,1368.3389618208123,1416.7229373978953
Rbbp7,1370.4985578471403,1364.6823343826345
Rbm3,1371.8383306263215,956.1551697457116
Rbm3,1372.259884818664,1527.7848754385168
Rbm3,1372.8821202540278,889.9105456468014
Rbbp7,1375.1051941214644,1242.7713882677897
Rbbp7,1378.5974213604873,1380.4542930519249
Rbbp7,1381.756696721473,1449.9127726724073
Rbbp7,1385.6917432023852,961.672107348481
Rbbp7,1389.4910849506407,1022.823081724214
Rbbp7,1389.5136572192514,1395.239346490528
Rbbp7,1390.3131243758758,1434.138796106244
Rbm3,1390.84502757858,1558.428991875035
Rbm3,1397.260504630289,1551.393871286068
Rbm3,1398.8195994934838,1519.8357457178386
Rbm3,1399.3874961870065,1601.0510576323777
Rbbp7,1401.4207438995013,1490.13403380321
Rbbp7,1405.90048118625,1532.3652964145426
Rbbp7,1407.2219074203042,1553.482745020532
Rbbp7,1407.5767874051646,938.0885928878612
Rbm3,1414.1886433722284,1367.902769272009
Rbbp7,1420.0859325128615,1468.7333124849215
Rbm3,1425.9050062065498,1219.305194021361
Rbbp7,1429.3296470433231,1388.4101530390567
Rbm3,1430.179106094006,1416.6360628646771
Mta1,1431.167253715106,914.5784829361068
Rbm3,1441.219888909182,1124.0257297829946
Rbbp7,1445.1397236599853,1409.2854847369413
Rbbp7,1448.4738293723876,926.4602020784914
Rbbp7,1448.2969061484573,1427.7871971021418
Rbbp7,1464.2164892961976,1044.0343724888287
Rbm3,1469.006636966306,1061.8878694414152
Rbbp7,1470.2266998236494,1289.5692364296403
Rbm3,1471.2475077615354,972.5048825882658
Rbbp7,1480.1324792364132,1021.9091948587134
Rbbp7,1482.01275340373,941.5065077328773
Rbbp7,1484.7663619606117,917.1237312762628
Rbm3,1485.6423105623887,1157.669854309651
Rbm3,1485.5941858477436,1274.6229870520467
Rbbp7,1486.0569268667036,986.8035678099887
Rbm3,1488.6149981336512,1149.1603446709514
Rbbp7,1498.4978164370618,958.7319147198126
Rbm3,1499.1288316086434,935.4383659242736
Rbm3,1504.3961452921044,1226.3146593882109
Rbbp7,1524.0684241992835,971.7861344276122
Rbm3,1532.1629468268145,994.7911777428956
Rbm3,1533.5091121438932,1171.4223373262296
Rbbp7,1535.2227206904672,1014.041888330266
Rbbp7,1550.0171530196208,889.7148474380245
Rbbp7,1550.6147752273328,879.940681321965
Rbm3,1551.248482663118,1104.8245919567737
Rbbp7,1555.3348692470383,890.4124099386423
Rbm3,1564.0393170838763,992.1212433824512
Mta1,1320.9586415876315,1004.6999349527596
Mta1,1325.3439801199263,919.1563759964772
Mta1,1353.1960375380722,1232.2787773253924
Mta1,1378.706663183026,971.6174490153958
Mta1,1389.420502287827,1380.77247726552
Mta1,1391.3463884870885,1040.3926483815758
Mta1,1405.359906369877,1116.7296167542268
Mta1,1407.6988385048494,1585.7187831855736
Mta1,1410.8693404533417,1142.261381939406
Mta1,1412.9647789540873,1554.2870444031514
Mta1,1414.24217459245,971.8370405939216
Mta1,1417.9263984953425,1046.8129441197889
Mta1,1428.9180539424503,1293.366362213028
Mta1,1478.1709554349404,1024.0162558354496
Mta1,1483.7502483545416,1263.3710683576835
Mta1,1501.0793315113635,1144.1107532194258
Mta1,1504.824143051897,872.8353982192424
Mta1,1521.4692644114496,910.1910766549232
Mta1,1529.386889918313,1310.1702785264551
Maged1,1322.4967340335145,1051.330554461006
Maged1,1323.5661918862004,1019.3108140195064
Maged1,1331.1272912450545,1335.8019855594243
Maged1,1331.788232416187,1302.3453373484035
Maged1,1332.417798675382,1186.9495885100032
Maged1,1333.5554929747498,1263.9740395898236
Maged1,1335.6907692378877,1082.4930664797191
Maged1,1336.8275734451336,1191.6688377087007
Maged1,1342.8449842713844,1112.673493147115
Maged1,1345.9072533869653,1000.2714084095668
Maged1,1348.5366141682905,1123.2754839077604
Maged1,1355.5881156762453,1360.4797598631255
Maged1,1357.1194973367578,1192.7371118161504
Maged1,1359.1684630906252,1234.250707012212
Maged1,1358.386958970469,998.0479128713636
Maged1,1359.3245236301968,1078.0689318133184
Maged1,1361.5542590758962,987.133343673362
Maged1,1362.4724671528568,911.542472783451
Maged1,1364.7796474187046,1380.2666033449536
Maged1,1368.1792639807088,972.2200493541308
Maged1,1369.4212136635535,1389.45791536663
Maged1,1369.5579160059542,922.9924045617024
Maged1,1370.3095752112868,951.431483248052
Maged1,1372.9027623245593,1365.8219529608473
Maged1,1373.1094209682233,1255.7677848085127
Maged1,1374.545112989861,1123.3429696732028
Maged1,1376.490237705137,996.190102922307
Maged1,1376.9916835596528,1387.4508119787383
Maged1,1378.680888203784,1507.4718475237294
Maged1,1378.8956892532892,1268.3617691057398
Maged1,1379.5113796171645,1295.3353714437917
Maged1,1385.5171403193458,1311.524776401989
Maged1,1386.8567953388265,1269.2759195322633
Maged1,1386.7579964427057,1561.1125805521688
Maged1,1387.812992110711,991.256933176945
Fkbp4,1387.4746400509707,900.5755306758599
Maged1,1392.0040747272951,954.0793850632574
Maged1,1401.5364611382586,1553.918547241925
Maged1,1402.281189323268,1486.0361715352217
Maged1,1403.2911714397826,1318.4208278524488
Maged1,1406.5220936497462,1468.484833565493
Maged1,1407.0462971116392,1311.727530080088
Maged1,1409.0485758285108,1028.7460633962453
Maged1,1410.409420770504,1392.208716371384
Maged1,1412.0292356145244,904.29078713623
Maged1,1413.8715460979925,1528.8061400820334
Maged1,1415.1974871558382,886.4441638890837
Maged1,1415.6377430752796,968.3162609409284
Maged1,1417.285462182154,1259.3046281483716
Maged1,1419.517421011673,1356.3518524092588
Maged1,1422.1797023931165,1000.3256967152224
Maged1,1424.0099122042889,906.0126181339448
Maged1,1429.331868723423,928.090582968644
Maged1,1429.9650460289904,916.487627225709
Maged1,1431.4542769706152,1443.99527325204
Maged1,1432.7022992785169,1450.8454635775156
Maged1,1437.3961638946837,1433.1417302578566
Maged1,1440.7974787239905,1281.3432910795152
Maged1,1445.5701295855538,1017.8913812157368
Maged1,1450.58560827481,1350.2142309512046
Maged1,1451.5815175090925,1424.237534617365
Maged1,1452.6100910204802,940.3604322589574
Maged1,1453.884501181907,1262.0002524352117
Maged1,1454.6896772887883,915.2259645426792
Maged1,1460.2788368993622,1192.4788229282592
Maged1,1465.1607218138756,1043.0088355818634
Maged1,1465.3173732293133,1022.6420738532448
Maged1,1468.5035328962686,1281.992020636558
Maged1,1470.952505733791,886.0071083462349
Maged1,1472.7553057576386,1017.2062290787004
Maged1,1473.617795729146,1270.0134094720406
Maged1,1477.0056454737105,1084.6952828858666
Maged1,1478.2736721028743,1028.0124598831587
Maged1,1480.637767651189,884.4567122483807
Maged1,1481.216587667645,994.8937361026772
Maged1,1482.011448478822,970.3459445255012
Maged1,1483.5127477785288,925.5549913234688
Maged1,1486.0679574337953,985.4005633043038
Maged1,1486.7252169019307,968.6861552069004
Maged1,1487.6235532584317,1233.1174203669912
Maged1,1488.6311556672251,995.761889490009
Maged1,1489.0243709255049,982.5557739538032
Maged1,1491.8863432309922,1010.4441542215836
Maged1,1492.696920499615,1270.3195957676774
Maged1,1495.082045112275,1092.885072129425
Maged1,1502.514164990078,1125.9684266909148
Maged1,1503.032328548154,1096.0262768204914
Maged1,1503.5161017218632,1138.0850554738722
Maged1,1506.3024224572298,943.8616225080576
Maged1,1508.0716869024814,913.5559980871276
Maged1,1509.1705468337354,904.4975341443268
Maged1,1513.880777004803,1050.2376139043304
Maged1,1516.0722374014526,1022.20148066689
Maged1,1516.374496190219,1146.9404758264627
Maged1,1517.79799630238,909.3779210646576
Maged1,1517.8928761671618,887.660535492826
Maged1,1518.211436758424,903.8942232041716
Maged1,1521.6487593303711,1012.9418127429116
Maged1,1522.746320673151,1091.6129933296772
Maged1,1524.8779821788537,1148.8750880200073
Maged1,1527.390776207459,1139.4758156043315
Maged1,1528.2590325951132,858.5673711846448
Maged1,1528.1248305324789,1035.292024258892
Maged1,1531.6926622136334,1061.7674740157995
Maged1,1533.653098034101,967.3264741776936
Maged1,1534.1680079648236,970.3400894995192
Maged1,1535.039026899553,1155.0025840564406
Maged1,1539.2190120059274,1113.2849125210373
Maged1,1550.834632093678,977.7571377880856
Maged1,1554.2676026125946,883.0311774094728
Fkbp4,1305.7666854938568,981.9360470929928
Fkbp4,1316.0188261465769,985.4108104776716
Uba1,1317.816809577259,1008.3620936008832
Uba1,1322.0886991653051,998.1923997306624
Uba1,1322.2214310355548,1016.5624547262412
Uba1,1323.1754555584491,1193.7288485846748
Uba1,1329.271827792339,1311.9434461410308
Uba1,1330.1618207191989,1191.788073290601
Fkbp4,1333.882805488236,984.9824579974544
Fkbp4,1336.2703621655994,1101.0858181947578
Uba1,1337.0306309573084,1266.8163884008814
Fkbp4,1342.910952929312,1319.4196131994345
Uba1,1343.8706784245692,1313.8177280384557
Uba1,1343.8100251024769,1149.0816336868832
Fkbp4,1347.191028991865,1345.1927417430677
Fkbp4,1351.391415368539,1327.945591715869
Uba1,1354.7631749264156,1335.0185682229735
Uba1,1358.7125869172808,1347.9928502538694
Fkbp4,1362.6268415641312,956.9807183643554
Fkbp4,1366.9742654948989,1398.734013598405
Uba1,1370.0984056372536,1429.80966362891
Uba1,1370.3470072048212,999.2209538387008
Fkbp4,1373.5934245664484,989.9096440723144
Uba1,1374.264793612541,1093.6626974213873
Fkbp4,1374.8739413671603,977.5593146040686
Fkbp4,1374.9410262561717,1318.2375085520673
Uba1,1376.6549999976323,924.770469211064
Fkbp4,1377.019748805402,1047.1054682076096
Uba1,1378.1131359319788,1347.4566578109748
Uba1,1379.2132475871758,1484.5018077846566
Fkbp4,1378.9049615056351,1281.6453721802718
Fkbp4,1380.701458801071,1571.6103815634733
Uba1,1381.231558479211,984.2910313992736
Fkbp4,1381.6292981067118,1535.123148135577
Uba1,1382.3280587752947,1502.7425235376606
Uba1,1383.1817113852137,1596.6231038758692
Fkbp4,1384.3184131477424,1036.9065469648583
Uba1,1385.7107520815298,1482.6489364344943
Uba1,1387.4996654972124,1284.9062722620113
Uba1,1388.8208916725937,1601.427452358959
Fkbp4,1389.9574612033184,1360.7569647590765
Uba1,1389.9532797387965,1498.465069162732
Uba1,1390.541365478873,940.627330761404
Uba1,1392.0089395814018,1418.926841990936
Fkbp4,1392.3960538310978,1068.6467718649792
Fkbp4,1394.732689115558,1383.7882669117726
Fkbp4,1398.0021329089527,1388.2008826882238
Uba1,1399.4025250229367,1406.6011613541834
Fkbp4,1399.5485683992767,1467.646583249209
Uba1,1402.4318716486569,1513.216705348499
Uba1,1402.5409261793857,953.5234201144348
Uba1,1404.1112481164485,1496.7027994589057
Uba1,1406.654818233921,1579.3711812279068
Uba1,1407.758722820027,907.3581840718746
Uba1,1410.4763673451987,1510.6263118325733
Uba1,1412.9529889876262,992.0978591307996
Uba1,1414.2841377374823,1533.3808526507933
Fkbp4,1416.2712450762367,1309.7968239896709
Uba1,1417.7196700482343,1479.904705459997
Uba1,1419.5981339922157,1003.3692337809532
Uba1,1422.241476890145,1340.8314687329353
Fkbp4,1422.800266016951,1466.6651594413345
Uba1,1427.1663105660025,1471.5710833529638
Uba1,1428.5185306336766,1406.93389120879
Fkbp4,1432.1341728097696,1346.0571846657765
Uba1,1434.7451179496506,1337.9873209180291
Uba1,1436.4026134325454,1459.4522107308917
Fkbp4,1438.450095171563,1012.5173273501708
Fkbp4,1442.8998411391235,998.8973945780116
Fkbp4,1444.7661420509824,988.9691614868184
Fkbp4,1447.5987205590784,928.2822509508012
Uba1,1447.9273062891486,1284.1835507127355
Fkbp4,1452.0103023528004,1033.7252551175047
Fkbp4,1451.772656732585,997.1926957521156
Fkbp4,1459.9535422450936,911.1978904361604
Fkbp4,1461.785724007706,916.3513330911226
Uba1,1465.926085310432,962.6174919988592
Uba1,1468.265207560683,913.9265656964876
Fkbp4,1468.8759065472716,1194.471405110151
Fkbp4,1468.9569777885004,994.3090826323694
Fkbp4,1471.5132938828517,965.7964809452232
Uba1,1474.6853822585065,928.8645164938076
Fkbp4,1477.653040572373,924.4699500469844
Uba1,1478.99726462939,912.243461912878
Uba1,1479.260715669545,996.410908111062
Uba1,1479.980305973193,916.577309788098
Fkbp4,1481.9762947698987,907.5994088788274
Uba1,1482.6438906435749,1028.8880770259498
Uba1,1484.1943910813416,933.751281450972
Fkbp4,1488.9062113476086,1027.5288179204788
Fkbp4,1489.9121219032509,1102.4638360972283
Uba1,1490.482581598899,1137.382116104625
Uba1,1493.488828194285,1035.062770447179
Uba1,1495.1729746830886,928.5755052078008
Uba1,1498.8556327547824,1267.707964459516
Fkbp4,1499.6252558178844,885.463647453616
Uba1,1501.8427887058776,1176.6771912079937
Uba1,1502.7779454779657,897.088896203241
Fkbp4,1506.77983655048,934.4605286547708
Uba1,1508.532180644336,1260.3865401721062
Ybx1,1520.501163983378,880.8652791123749
Uba1,1522.4818473938508,954.8964796923212
Uba1,1522.8072998619127,983.7922234849136
Ybx1,1525.348391392013,980.9724178151084
Fkbp4,1527.727304950619,988.2559491110412
Fkbp4,1531.4961189982596,860.1141934327475
Uba1,1534.8566511233832,1075.9785570494764
Fkbp4,1535.586466146461,1165.671254682787
Uba1,1535.9904579347972,943.098896540268
Fkbp4,1538.693666230983,1186.2743550039845
Fkbp4,1539.4509969089668,1069.395473649406
Uba1,1539.9848938220434,910.9086559796796
Uba1,1544.5184065040612,1122.2202208349408
Uba1,1556.627573180053,879.1954761391382
Ybx1,1268.6015216891124,937.1119316796068
Ybx1,1288.4706691072795,946.1820774617884
Ybx1,1291.1282726714471,1409.3961537281111
Ybx1,1299.4758515979809,804.0872624370667
Ybx1,1302.5658661401042,1372.3052569774072
Ybx1,1308.8928449625953,1432.2980539866332
Ybx1,1312.383364017306,1371.963588279093
Ybx1,1312.225239261752,1023.928522022788
Ybx1,1318.3364880914976,1219.5380322257738
Ybx1,1320.1227279687305,1342.3481808723366
Ybx1,1321.6219530811463,1210.099199184914
Ybx1,1322.8661113221583,1171.0188370519286
Ybx1,1323.233558703142,1316.203651896456
Ybx1,1323.653271759775,981.4108373660632
Ybx1,1323.671585035013,976.4714061576316
Ybx1,1324.5063522687776,1249.8957576575988
Ybx1,1325.5893180832068,1191.3030576506435
Ybx1,1325.4165101696185,852.2833543980389
Ybx1,1327.4618752909803,1236.9990672397914
Ybx1,1329.9367185031572,1254.9525160384972
Ybx1,1331.2910571013167,1008.9370048683106
Ybx1,1331.7931027183477,1314.855943391837
Ybx1,1333.486845614516,1049.6254412566018
Ybx1,1334.6816819322626,1134.9204727237948
Ybx1,1334.399656356455,859.9445441317682
Ybx1,1335.1065083279486,1088.114618303472
Ybx1,1336.0184840517084,1073.3444832658352
Ybx1,1336.3838977177434,1195.7851648238948
Ybx1,1336.4145743368952,1359.554338059506
Ybx1,1338.23816400905,983.644896937082
Ybx1,1338.3594309227813,905.102627885049
Ybx1,1338.722524314139,1339.417566933549
Ybx1,1339.1323498623262,1334.779255701962
Ybx1,1340.1965060638845,1070.9460069925003
Ybx1,1340.8329531278932,940.602544585964
Ybx1,1342.0616027692213,1064.614038008425
Ybx1,1342.689713698986,907.2710980240752
Ybx1,1343.2021600301284,1078.7551920731023
Ybx1,1345.1299037604472,964.480111589058
Ybx1,1346.0010349852118,1199.720363051146
Ybx1,1346.0684502964166,1280.746894816469
Ybx1,1346.2502379784823,1142.437224223704
Ybx1,1347.6407355819988,1305.98196329668
Ybx1,1347.4756405816574,999.5224710078918
Ybx1,1347.464242083292,1058.2555846374437
Ybx1,1347.6955631763944,913.1344873110168
Ybx1,1349.5324532055763,936.164574334826
Ybx1,1349.589820000162,886.5237368860267
Ybx1,1349.487711226279,850.7071196008789
Ybx1,1349.2815372592613,1094.206029561734
Ybx1,1349.5540597326362,1166.1762902553064
Ybx1,1350.3562157024608,1145.197176132333
Ybx1,1350.3515483699805,1206.471951368139
Ybx1,1350.531399447502,1237.6245158962745
Ybx1,1351.6378308701696,1263.562626685169
Ybx1,1352.383858765548,1360.3101050824423
Ybx1,1352.4878271922382,1134.0195136683449
Ybx1,1354.411302016841,1052.0995116107938
Ybx1,1357.3710274564671,918.5118176667304
Ybx1,1357.0935812916705,1271.605204060972
Ybx1,1356.8872877657918,1249.0265734577974
Ybx1,1357.3705114744478,1097.73565397344
Ybx1,1357.4994354679989,1200.4861771596493
Ybx1,1359.1418065767496,1140.4637874034188
Ybx1,1361.8777612862748,1168.964534217023
Ybx1,1361.4658715879814,988.0204547476004
Ybx1,1362.666736966724,1147.0545703135904
Ybx1,1363.1655850121406,1347.1366264648625
Ybx1,1366.409175233117,1016.406871397958
Ybx1,1366.4724710224516,1139.828840003002
Ybx1,1368.457896882941,1091.9659296815844
Ybx1,1368.4515417032903,1583.9345002509883
Ybx1,1369.311483184984,1304.526652267401
Ybx1,1369.0911056445473,1292.6694216422102
Ybx1,1370.077995877703,1195.3768939737424
Ybx1,1370.1389213988316,988.0143026829496
Ybx1,1371.2086092230563,1072.8660219987369
Ybx1,1370.984179966094,1013.721954367153
Ybx1,1372.142576450823,1064.9420744030313
Ybx1,1373.063780643905,980.7907755141072
Ybx1,1373.9677234889357,1198.1211437690677
Ybx1,1374.155091297686,1178.3369584259067
Ybx1,1374.2136080835364,1497.1558224115215
Ybx1,1374.2971637986468,1045.7585195930485
Ybx1,1374.6568235400955,988.5113441875832
Ybx1,1376.239743498351,1358.4639555318008
Ybx1,1377.2532463071648,1486.41304387134
Ybx1,1378.2997919944078,1246.8748219866
Ybx1,1378.1855182744196,894.2637446742528
Ybx1,1378.572457692027,1492.038633006283
Ybx1,1379.1951351346988,930.3601071281224
Ybx1,1379.5182024985836,886.6563271875696
Ybx1,1379.4657044055143,980.272275611797
Ybx1,1381.0688524754562,1130.0319282508826
Ybx1,1381.2278922775045,1594.445402499059
Ybx1,1381.7777266445323,999.9342954926948
Ybx1,1381.8220222887387,1413.4804724065546
Ybx1,1381.9201944872093,1119.8835832818556
Ybx1,1383.0102674225109,1455.822838006036
Ybx1,1384.2134056557395,885.5191763440382
Ybx1,1387.1218274753396,908.0317627751556
Ybx1,1388.2250790184078,1365.2765906004092
Ybx1,1388.969748607696,1405.79797101876
Ybx1,1389.1529478006153,1072.3905488360592
Ybx1,1390.0586923453411,1259.2006159490795
Ybx1,1391.1046675452726,995.9316682786596
Ybx1,1391.3949705221648,1410.7655097388945
Ybx1,1392.1841330550667,1283.8163813266915
Ybx1,1392.6452601741016,969.3498858197024
Ybx1,1392.7766435053802,1474.5390286554916
Ybx1,1395.3084649932794,1493.0429557156556
Ybx1,1396.466147586968,997.6135857561558
Ybx1,1396.9270461782369,1394.282468557038
Ybx1,1397.0372655119672,1444.4118226068808
Ybx1,1397.7204645851357,1516.2033835738796
Ybx1,1398.6612339504322,949.0666722216752
Ybx1,1398.066160193047,980.5676012869956
Ybx1,1398.9459491334387,1053.0147059846577
Ybx1,1399.6753376884217,910.6405718025964
Ybx1,1399.7870747077425,1359.358397577425
Ybx1,1400.209918893214,1252.7910939823391
Ybx1,1400.750446277392,1005.2788294616608
Ybx1,1401.3345065681913,1227.9492293857031
Ybx1,1403.0093664155895,999.3595685222228
Ybx1,1403.5491485327434,1157.6740923266937
Ybx1,1403.9637239326748,1037.9233322116977
Ybx1,1405.7691742635557,1479.3629356247454
Ybx1,1406.4299602110082,1347.439882572579
Ybx1,1409.77130947238,1127.478476701417
Ybx1,1409.753189236233,919.7639919852716
Ybx1,1410.3565235659185,891.6663648012737
Ybx1,1411.0638322867658,907.8960393415912
Ybx1,1411.0440389933692,1342.2846945244476
Ybx1,1411.286911404237,1558.130726806912
Ybx1,1411.5307642389878,1532.647686143463
Ybx1,1411.7711137009835,1306.6776555440574
Ybx1,1413.764262467494,1247.1398862831388
Ybx1,1414.786349246468,1000.2877744946192
Ybx1,1416.0620115972206,1544.271717678278
Ybx1,1414.9720534970852,1108.0223099232808
Ybx1,1417.076775220778,987.9887119810096
Ybx1,1417.4512233463572,918.2650137624393
Ybx1,1418.22827663419,1071.388462149674
Ybx1,1418.9627897018877,1251.8371543919652
Ybx1,1419.4415780822007,1496.2363731272471
Ybx1,1419.770095647573,1285.3953052901898
Ybx1,1420.5106741676864,1527.6223578126908
Ybx1,1421.2165206778304,1137.675874800937
Ybx1,1421.4433713426283,1399.9438892732392
Ybx1,1422.0917090741495,971.5225614963726
Ybx1,1423.1653943659096,1052.7537547107977
Ybx1,1422.7574589115277,1331.9708649412553
Ybx1,1423.8527370932616,1491.2054964678618
Ybx1,1424.866515656684,1271.0425852409985
Ybx1,1424.9449741352928,1326.634383215367
Ybx1,1425.5089678530912,1218.4945430390055
Ybx1,1428.0473162377643,1312.7067205654662
Ybx1,1428.1875494449278,1492.9213670652937
Ybx1,1428.538836515993,1255.012678926125
Ybx1,1428.2187132219997,1522.9754963553924
Ybx1,1429.469804262348,1490.1343788272825
Ybx1,1429.4319004566328,1403.701232574109
Ybx1,1430.5983541771247,1317.6553019316766
Ybx1,1430.864001807016,903.9033468097432
Ybx1,1431.8511806937197,1215.5960948584116
Ybx1,1433.4681652719314,1002.0092225155544
Ybx1,1433.7589120527132,1470.801824384531
Ybx1,1435.388051028466,1269.1562441896074
Ybx1,1435.587148058988,1010.728579614554
Ybx1,1436.1857064713554,1035.265487370485
Ybx1,1436.217448469076,1399.9895060917474
Ybx1,1438.363177324393,1044.106963831121
Ybx1,1438.3619592076006,1237.3804563040276
Ybx1,1439.605318512176,992.3939884375952
Ybx1,1438.9476496448965,1105.2040979704016
Ybx1,1440.2106783959523,1467.155523875433
Ybx1,1440.1296063139928,1422.164750127219
Ybx1,1442.0221120515569,1370.693141244612
Ybx1,1443.983098825192,904.312919748465
Ybx1,1444.7066984148814,1132.435690239338
Ybx1,1444.2776465613251,1296.8346227035888
Ybx1,1445.255055390872,1278.550735676185
Ybx1,1444.82178479248,1434.1679350583458
Ybx1,1445.9614865915914,1361.9882034873658
Ybx1,1446.0066151043748,1025.9007713608776
Ybx1,1446.284032070219,1147.9004233827775
Ybx1,1447.355145980208,1068.496488815632
Ybx1,1448.0377470306407,961.3888762565653
Ybx1,1449.8953995231898,1017.4907675994828
Ybx1,1450.6220934244143,946.9154864983844
Ybx1,1451.483759136327,1415.2470159878817
Ybx1,1451.9860821569182,902.067668963492
Ybx1,1451.6166402150486,974.8656812611858
Ybx1,1452.276311263897,1401.8679966249294
Ybx1,1452.6266974269831,1369.4531283377416
Ybx1,1455.144881457978,1273.3910496869496
Ybx1,1457.5429393281695,1002.750004079664
Ybx1,1458.7086320523097,1036.3746032295394
Ybx1,1459.4173639564472,917.6951721142776
Ybx1,1459.9509952290805,958.537815361319
Ybx1,1462.1478270832654,1252.648596203053
Ybx1,1463.195365283278,1194.3084524882056
Ybx1,1468.799932625947,965.24388040056
Ybx1,1468.3449747482791,947.0285728516004
Ybx1,1468.7055716259342,1195.0393139090968
Ybx1,1470.0309932535265,1325.072455061768
Ybx1,1470.6499355518033,894.1672757019692
Ybx1,1471.3632147999629,1012.5569349091606
Ybx1,1472.935966446874,1253.3365765248757
Ybx1,1473.8060966208166,965.5936091712476
Ybx1,1473.7997644122786,1313.7016334782718
Ybx1,1474.9234167189984,911.4508005941468
Ybx1,1475.670114606624,1062.8187899642228
Ybx1,1481.7882449223755,892.6249881054705
Ybx1,1480.691068235589,1269.7904971621035
Ybx1,1484.0070441689447,1116.322996208512
Ybx1,1484.1855512480206,1313.780000353424
Ybx1,1484.9001795276452,1272.86644421932
Ybx1,1484.69904675745,1281.9040803765035
Ybx1,1485.632593853037,1039.115263199805
Ybx1,1486.371383906896,1084.5014419087618
Ybx1,1486.6457441415464,911.8789529719876
Ybx1,1488.9753402988017,1033.1549669066333
Ybx1,1489.9392776446157,1285.9796877809924
Ybx1,1489.9691578002248,1294.2158598190972
Ybx1,1490.2483416473117,991.023772687501
Ybx1,1493.1465641645314,1117.372470334969
Ybx1,1494.405086046752,1284.49469473907
Ybx1,1495.218253571148,956.5006087412662
Ybx1,1497.8236971044569,1173.929443310266
Ybx1,1498.147628107886,1109.3153816425695
Ybx1,1498.750535197507,1272.2766858531838
Ybx1,1499.6468414086817,1115.3649031890682
Ybx1,1501.6500944515078,1190.9098731566123
Ybx1,1501.734255308216,857.0859016850955
Ybx1,1501.9785882742017,1248.049846679873
Ybx1,1502.0378865272037,932.8721009345984
Ybx1,1502.131688290623,987.5323570852872
Ybx1,1503.3357666816082,868.256673255799
Ybx1,1505.2083570903274,1277.055105847369
Ybx1,1505.6920339237547,926.0319694923636
Ybx1,1506.0101941330026,944.063280597341
Ybx1,1506.5898380741369,959.978738716393
Ybx1,1507.0162138894016,1315.5496193398526
Ybx1,1507.982276695335,1302.5059121773263
Ybx1,1510.4985122350377,851.6114608461595
Ybx1,1510.3628947493082,1308.4067947984706
Ybx1,1510.9816489310767,1162.3515572133908
Ybx1,1510.909092017841,1248.6906526971384
Ybx1,1511.1891128727248,1037.3201309262872
Ybx1,1511.7142349030607,1177.3036460160292
Ybx1,1512.7968564077069,894.7779370174819
Ybx1,1512.4169713370036,1237.6609337218858
Ybx1,1512.704073405162,940.2626055374903
Ybx1,1515.2707528373624,1289.9062234339924
Ybx1,1514.4974352344473,1250.6136142880755
Ybx1,1515.2977758846048,1319.887210475403
Ybx1,1516.1405324274588,1309.66455218503
Ybx1,1518.785495265761,1285.4696021363022
Ybx1,1519.2817128688966,902.7410848378332
Ybx1,1519.185932508679,1136.9324330307818
Ybx1,1520.807440892694,1296.9662428169866
Ybx1,1521.931425769481,1190.77190931269
Ybx1,1522.465965283508,1152.954199410716
Ybx1,1523.257281241043,950.2227058793184
Ybx1,1523.5861899140157,1015.284638220992
Ybx1,1523.3441159606896,1244.3195116533052
Ybx1,1525.37116300323,999.9303517508836
Ybx1,1526.032743587036,1258.643716110743
Ybx1,1527.706027935288,952.8055473179484
Ybx1,1527.7916912188275,1170.5605891087318
Ybx1,1529.4673836480615,941.2459412689666
Ybx1,1530.3653330530049,958.2180834553964
Ybx1,1530.595028530763,1312.4111953595898
Ybx1,1531.0145263278214,1210.6899950693685
Ybx1,1531.8873470399274,1156.3909930779469
Ybx1,1533.1716067047882,1181.566170498163
Ybx1,1536.747444933032,1189.1828855124288
Ybx1,1538.3835974625445,876.4461416932454
Ybx1,1540.2246284060764,1148.0996199000683
Ybx1,1544.647465104388,1197.721537452674
Ybx1,1551.4211078463873,874.7036603672019
Ybx1,1551.7982427872016,1092.5785289633488
Ybx1,1552.0650557113722,1132.90293789428
Ybx1,1553.3636437608188,1109.2417778792635
Ybx1,1567.3376190130853,915.2826050875872
Trp53,1343.9766804166852,1017.0893322986832
Trp53,1358.293554304276,1203.2648185092794
Trp53,1363.9555713917466,980.162565773806
Trp53,1364.9183436107753,933.0784619520088
Trp53,1401.9945093654244,889.0084468275058
Trp53,1402.514244562495,1500.0880294132592
Trp53,1404.4837093012325,1574.998347566035
Trp53,1425.042323701884,958.0387120600088
Trp53,1444.182956843299,1192.9323626899468
Trp53,1479.550260099898,1330.5794267739025
Trp53,1480.6939012087391,978.6547922318272
Trp53,1520.9463268206805,975.2660957670754
Trp53,1529.2943511638498,932.7176003121136
Rps6kb1,1438.422819013853,1199.3084330254978
Rps6kb1,1468.5852415899226,1285.6107173555254
Tbrg1,1333.659879251913,1076.0447544867625
Tbrg1,1346.9544754552817,1043.1514288494443
Tbrg1,1351.794311860365,1396.598710900993
Tbrg1,1352.9946379434607,1188.788813214282
Tbrg1,1353.222153979111,1114.2714421034102
Tbrg1,1353.938352585545,1368.7805963227042
Tbrg1,1368.910097957378,1286.9215050301348
Tbrg1,1372.9913377363318,1434.8348638958666
Tbrg1,1374.4652362788302,1374.4402720591345
Tbrg1,1374.9374120972143,1031.827610753739
Tbrg1,1386.0592677324646,1356.110687102588
Tbrg1,1397.3416776296644,1485.098812904845
Tbrg1,1406.22562694822,1430.466667712456
Tbrg1,1412.8051041658016,1227.3393498928394
Tbrg1,1433.8738429534835,1516.1811908482694
Tbrg1,1444.790193346621,916.4878518610587
Tbrg1,1448.3076241961944,1290.9421664538747
Tbrg1,1451.0719272989356,934.7760883335671
Tbrg1,1453.0982902861667,1437.8588825173165
Tbrg1,1464.6963577269485,1378.0144253504156
Tbrg1,1472.4409667310972,1238.0870973913147
Tbrg1,1477.0267417592006,1197.321279239104
Tbrg1,1490.0147494370667,1303.1022974378243
Tbrg1,1494.9325700336285,1250.664681530763
Tbrg1,1498.0049900649992,894.2695512511448
Tbrg1,1523.503851440445,1075.241722085403
Tbrg1,1535.3426574432203,920.6892048923085
Tbrg1,1554.3714649204098,899.4130855680656
