gene,x,y
Cops7a,374.9603288716444,831.6538980910179
Arpc5,376.3002399786554,871.9033602717343
Arpc5,380.7505858945914,855.8045656786486
Khdrbs1,381.1823076924579,875.1072679001146
Ugdh,399.6453095102126,766.9653655816314
Oxct1,399.6498301063597,766.397343906037
Rpsa,402.0524033663936,858.9764417910021
Eif4b,405.4721586615542,783.0733452694531
Spp1,406.4162616496063,775.8985389260279
Cops7a,406.786724680691,864.838811232473
Spp1,409.2592316814385,764.7559425479301
Rarg,409.8404354314605,752.7091178358093
Arpc5,414.8518664270376,772.3377342749166
Oxct1,414.8901382816255,799.091617031138
Tubb5,414.1965488556513,798.2608708764033
Rarg,415.27351587635087,797.3195871797097
Lmna,415.865325272642,797.1136727162402
negative_control,415.34529700838414,797.3086226752173
Hdgf,417.0328395303713,730.4455183948296
Vim,416.6004387705578,730.5769307213963
Eef1g,421.2813188344852,860.4738496087955
Ppm1g,424.4933554899389,822.6448096829301
Ppm1g,424.110742248577,701.1267258540089
Rarg,425.70467783206254,809.465677616201
Hspa8,426.4742593457467,825.8919249864771
negative_control,426.8624200553111,825.9869616999247
negative_control,426.6404070633567,695.1397280700962
Spp1,428.5280551206079,681.8963412730776
negative_control,429.8604743300714,643.1029307435438
negative_control,429.77237370698657,743.8964635873208
negative_control,429.4155621452458,743.3812625797216
Ppm1g,429.5400701745946,771.30171052171
Ppm1g,429.86339724312353,652.6890487370327
Vim,429.7128362757559,829.5457910314813
negative_control,429.1140043431087,828.7352167157562
negative_control,429.8749071270587,829.622361885317
Maged1,429.6481232451218,830.3408863139138
Sfpq,431.8608537629134,666.6606243516478
Mbd3,431.9060879928346,667.191406172872
Rpl18a,430.1674480477439,666.5854246943968
negative_control,430.1791455727907,666.7707415377577
negative_control,431.57609487308986,668.4043396228266
Tpm1,430.88071765885934,667.689017511924
Vim,432.5649337690463,693.0787792589675
negative_control,432.2476997995578,692.4062858808378
Gsto1,432.0613618156048,692.796221869129
Mrfap1,432.1025346414184,837.1909913686738
negative_control,433.2942368491381,836.9476729718479
Trim28,433.1614572752642,837.2897694771135
Khdrbs1,433.40383884019946,729.0591481198685
negative_control,431.9620030733943,746.0127658291348
Myc,434.9126329451311,789.1896090357542
negative_control,433.7210761292166,790.1256216889229
Cops7a,434.2816799056036,789.1363004596809
negative_control,436.1563937001872,706.0730735843384
Rab7,435.99569523498167,706.749528856726
Emp1,435.72927642978857,704.6158683687454
Mmp14,434.162479320348,703.6621146268037
Timp2,435.9532634968476,704.018541461842
Snx5,435.2915618764996,705.6485234596807
Hspa8,435.852236137824,751.4319494659879
Uck2,435.080268936891,753.2745810654945
Mtch1,435.4296425369855,751.9801861869289
Lmna,435.7642263244076,750.4782620703515
Ubxn1,435.82175715716687,753.0675962752423
Psmd8,434.7020123974701,751.6602154680102
Spp1,435.5418368312822,781.0221989519944
Ybx1,435.1299555611663,781.1399332741432
Ssr2,435.4157818329654,782.0445482331647
St13,435.4431857417492,782.7112258234506
Vat1,434.5014533481987,783.1504817117011
Tsc22d1,435.2880734296276,684.7278158804631
Spp1,436.0656983293564,685.6807156479754
negative_control,437.0393915084448,710.6442293457651
U2af2,436.9253819882163,711.1049089505718
Spp1,436.5604858250327,711.1801424577493
Mdh2,438.6891890985799,711.8795345656104
Spp1,436.7525184394388,645.2356879033381
Spp1,439.3479575732912,695.980413782944
Cnn2,442.32891366883,748.8229925506912
Hnrnpk,441.8505559084606,747.7362722899087
negative_control,440.8753522753515,748.5693157086699
Eif4g2,442.37656598770207,748.0076951225981
Vim,443.1624878498823,747.1200438285191
negative_control,439.6553443844359,748.4829843195316
Hnrnpul1,442.6667830991561,749.0532771143838
Ptbp1,443.44329692076735,633.5094507447243
Pdia4,443.36851643393214,634.1418807633399
Rbbp7,442.3152679848061,807.4699684815618
Khdrbs1,442.49702966899,805.9062784710713
Ywhaq,441.6774614116598,788.5683825661417
negative_control,441.6974884100882,790.5123749849083
Rpl18a,443.678477300736,788.2820704800981
negative_control,440.2665497007176,790.091853452425
Rpl15,439.8836653252106,787.7844174134872
U2af2,443.4891112398593,790.0348191884718
Psmd7,441.03620314824445,788.9525325492091
negative_control,441.6749475474454,789.4509162839493
Mbd3,443.2457087499848,788.8072372681047
negative_control,441.9763891595259,788.4162907284456
Pkm,444.5612390456754,787.7549544444075
Nr2f2,438.5192018031029,789.5501508671769
Rpsa,443.6857755439966,815.1865153142368
Spp1,445.32538627114906,618.3260291364136
negative_control,444.2314310365401,619.0306283206667
Spp1,445.3737891430089,669.8293897757168
Ppp2r1a,445.6427224063006,668.728592397876
negative_control,445.7496792944662,637.8915373896441
Vim,444.3537386850818,637.7137563607643
negative_control,444.4254916435364,638.3629570478039
Tspan3,444.9462957244726,637.9522716375815
Vim,446.9749012891775,764.331130909477
Sfpq,446.525107674326,763.2741184795744
Khdrbs1,445.1932888371687,764.0979850197474
Efemp1,445.9508996641281,762.5644323924762
Spp1,446.24597269955314,730.1139860918274
Tpi1,446.22868457914905,731.4811699942122
negative_control,445.359198709183,732.1390717925422
Ran,444.7906483412181,732.1266199616242
Ugdh,447.9952004357054,746.2578608115964
Ncl,446.7040183156055,746.4604002327569
Psmd2,445.6580776367068,745.2181068921204
negative_control,444.5734517522096,743.9696577837781
Idh2,445.84898731615647,744.1581401546632
negative_control,446.2923423183702,745.1086931547264
negative_control,447.1411858519508,836.9099561989789
Hnrnpk,447.6730891164704,801.333197537997
Eif3f,447.67414283429855,800.739645963124
Rarg,448.9692565619776,694.9929866218027
Rpl18a,445.1178269727018,702.5048960559775
negative_control,447.6555199591186,699.2415656331577
negative_control,448.3931820103783,698.5910479907211
negative_control,446.9372494171512,699.0658742147953
Tpm1,445.7587288103473,700.6355658416846
Thy1,447.7993377559565,697.3684389471406
negative_control,446.0433604052743,704.023702816545
Pdha1,445.4252594558957,702.8706829248493
Zfp36l2,446.10630923456085,699.4844338082253
Spp1,449.2426424168596,648.2218421466057
Ppm1g,450.4319179849775,803.6121585249232
negative_control,450.2312264421509,770.4461014410192
H1f0,452.395337353388,779.2352408046704
Trap1,450.3442546822733,780.595639268473
negative_control,452.1110642501084,780.191840524298
negative_control,451.4509437462601,779.2775103452346
Hspa8,449.5153874084894,778.4683232647121
Hdgf,449.4233890460329,777.0637301119247
negative_control,449.8909092126481,776.9832083212768
negative_control,450.1169131727708,780.2445185993373
Stt3a,450.3347941862527,637.2276100465622
Lamp1,450.8897669073357,635.197717018669
Gas1,450.5525073857302,635.7318876940224
Spp1,451.104418798428,624.610896658737
Spp1,451.4794272668344,710.1941522507028
Ppm1g,451.6067116860573,845.1332424111025
Eif4g2,451.7171495128306,845.7797504056277
Fkbp8,450.6505058820662,845.4667927928156
negative_control,452.5246627654917,725.170611323793
Thy1,452.6772867037935,726.6291769143087
negative_control,453.2925368830965,724.9070358441267
Mrps5,451.86751144586106,726.419902222577
negative_control,452.7656034695715,726.9097300032549
Rarg,452.0276676318059,725.3304226780609
negative_control,452.8375614161304,663.339001841772
Spp1,452.39184459357546,661.9005942375688
Mvd,452.604818014283,837.3682680965176
Spp1,452.8507822654514,682.4460538345965
Mrpl28,452.2060473949842,683.1101280564171
Pkm,452.640359920294,683.3610216571502
Spp1,453.4013671446597,596.6518207484935
Puf60,452.5911293686389,744.4224682819811
negative_control,453.9628526960146,744.3138943284267
Eif3f,453.6849252603613,744.8730771310036
Lmna,452.0685104433678,743.4804382265638
negative_control,453.2228109910944,744.1139768404244
Pa2g4,455.6418214816869,765.0981253488203
Gas1,456.64129370869193,764.5039885419737
Spp1,455.0416217705216,765.1833102183193
Msn,454.7224325554563,747.8678909129457
Sfpq,454.2511770808885,750.0828833449849
Spp1,455.1894309916465,749.2048874249037
Psmd2,454.9517581513737,749.0451386034991
Uba1,454.9374817703496,750.144188910079
negative_control,455.3544096467542,852.1223967120224
Mrps9,455.1131693705862,851.4622721844324
Tcf25,458.7856513034274,774.1998740649531
negative_control,456.15937475368,773.197291799247
Junb,455.07981307468606,772.2824444777116
Nfe2l1,455.5993915137195,772.1942193193015
negative_control,455.5370519094164,772.9103238485604
negative_control,455.68692031210577,771.2408504348937
negative_control,456.1822443131256,773.6345771738204
Taldo1,454.76807178692286,673.6102088202526
Arpc2,455.0165616099306,672.8233102997766
negative_control,455.57396069613327,672.7483506136002
Zfp36l1,456.2870712418271,828.344113289811
negative_control,456.4881657338093,690.8313587848895
negative_control,456.6016951005741,691.1739331648246
Arpc5,457.3316740646384,589.6039428789768
Spp1,457.0815761112625,674.3076491665628
Ptgs1,458.0980132044652,704.2515094384343
Spp1,457.6278747715319,704.0159630512994
negative_control,458.9469775519572,703.2852814037295
Rps15a,459.8671659245209,768.3684446777304
Rpsa,459.3574026385941,767.1058577098645
negative_control,458.5105798777607,768.3346561843175
negative_control,459.1287831682727,767.5698079551557
Mvd,459.1754613610307,623.6586151156271
Spp1,458.8096834051877,678.347081008823
Loxl1,460.0640261933863,787.0163783130367
St13,460.38992214249953,785.3998168529208
Pgrmc1,461.1512450691175,790.5781866074792
negative_control,460.599823353167,786.2228596001846
Ndufs2,462.0966552355432,786.4500252366884
Nfe2l1,461.68950129668326,789.0334328432259
Rab34,462.27163580896206,789.9604422281207
Mtap,463.1434857234336,789.6439721108851
negative_control,461.8080638973106,786.9880189656237
Ran,460.6978672720565,787.0505816209453
Arpc5,461.02242596936514,577.8656112465036
Spp1,460.1064483731398,608.6549237416291
Rarg,462.9164861469693,874.2446378077753
Spp1,463.1522830222685,626.7227655051275
Spp1,463.46091039140674,645.5067307885635
Rpl18a,464.7558998274732,645.2372832721121
Aebp1,464.2031386953376,644.2056622165693
Clta,464.1639671202197,644.8336595163194
Hspa8,463.69254413603056,645.9042113147307
Tpm4,464.3059215236856,652.7597048552735
Vim,466.4262884063882,794.0932826689827
Zfp36l1,466.042714109954,793.8448899835188
Stip1,466.5670624814293,793.0696999029607
negative_control,465.7890874281312,794.4497953046578
Hspa9,465.870653512095,619.0515198920784
Hdgf,466.2981592905933,617.7434968964743
Tpi1,465.8917077394535,617.1627224508131
Rpsa,465.6456606718273,618.465701406785
Spp1,466.7573335105426,671.6562220142389
negative_control,468.2852535872953,763.5892307380586
Eif3i,468.64726110993513,762.4669715124065
Vim,469.3302401629172,763.6901129603182
negative_control,469.8231710440387,763.0795547742398
Spp1,468.79215722186393,578.1302980035637
Ptbp1,468.1339731396168,755.6404674377618
Ppm1g,469.0100697299176,755.3440265773634
negative_control,469.680468364283,701.2813177314669
negative_control,469.27908109072473,701.518835374197
negative_control,469.8186676951453,701.6809292646612
Cops7a,470.45123529309535,849.2188892940072
negative_control,470.8274386150081,637.4023660947585
Spp1,471.46056992449815,637.9918196584459
Tpi1,470.530034842545,638.5725530218463
Spp1,471.2954076813226,708.213761842965
negative_control,471.7384081999908,693.0334018446042
Rbbp7,471.6510806688698,692.718960332845
Prrx1,472.9902091581158,693.6486527097638
Aebp1,470.3675626521499,692.9877333651483
Lmna,472.06154365205066,810.2639046790749
negative_control,471.54570674825214,810.1053226452884
Tpm4,472.0670727138438,767.9628172594679
Thy1,474.6481180289716,660.5006906014778
negative_control,476.4689710551606,659.6213385076228
negative_control,474.5915810308479,660.7230710874519
Spp1,473.1095487967308,660.5412932403515
Spp1,473.9866945990482,666.2413023584331
Stip1,472.6913552861661,796.7447996720321
negative_control,474.1486390169742,796.1973421498252
Hspa8,473.1906422501153,795.6141263058116
Zyx,472.6787936392269,795.557832041637
Myh9,473.1505539831249,797.9166074836368
negative_control,473.7736296511757,796.1562835199489
Vim,474.7032914080991,795.6332846161047
Lmna,475.4968474908071,753.2668892084056
Timp2,476.5091340651935,754.3653996091693
Ndufs8,474.6298077722929,753.7079421515871
Vim,474.6277180073012,753.5389350994981
Vim,475.2872992736425,649.01981923009
St13,474.8350180192756,649.3734975564554
negative_control,475.6604250372876,687.5236295305194
negative_control,475.1056199085176,687.8594163867458
negative_control,476.89128363402574,686.8523602387394
negative_control,475.8763702523529,687.5547772101918
negative_control,474.198048259132,687.5373934098956
Rpsa,476.6820042513567,687.5810854436443
Efemp1,473.6995497836942,672.376065990964
negative_control,474.0985790270005,673.0927974897676
negative_control,475.2940352143729,673.0806919595591
negative_control,475.3350410070005,673.6935562548165
negative_control,475.1415460934505,672.4477668639672
negative_control,475.6416242791661,671.887803273493
negative_control,474.97000589296925,672.4707088645657
Cops7a,475.3826049781001,784.0866344045462
Spp1,476.16598245756256,572.1587499392002
Spp1,476.0488350076416,636.9724070179033
Vim,478.5464596072906,720.6211555804606
negative_control,476.7147927802456,721.5532847042069
negative_control,477.17583645796265,722.2060859530087
Vat1,474.719796459282,682.8946979526831
negative_control,475.8785850307413,681.6403835669029
negative_control,475.8285194438139,681.4439263366799
Hspa8,475.8412858411901,763.8070074409602
Spp1,476.443011582568,763.893183551089
Khdrbs1,476.67750018167214,678.3773633819471
Tpm4,477.2165692068164,740.7348822782315
Cops7a,479.1641530869016,665.4333972705556
negative_control,478.83213595643167,666.1186376361377
Taldo1,477.4148295419986,667.2331721236309
Tspan3,479.0731881374156,667.5423434761935
Rps15a,477.3833534969131,666.7233799009148
negative_control,479.1782990053022,670.6645301281367
Spp1,480.0448602680101,663.4060186199503
Tpm4,480.7791918338377,691.7522905203732
Spp1,481.1384343348692,722.7346005076
Mvd,480.9910861819913,547.2158030929595
Nucb1,481.6368187000068,712.8578807802246
Rad21,484.3759185998833,719.7347615389757
Pdia3,484.1160180239832,720.5720656014863
negative_control,484.28094737287375,719.8746912464694
Ltbp3,483.49605128969176,700.9476258254738
Spp1,485.40747100049015,727.2248882359181
negative_control,486.5651434177488,727.2212328116991
Psap,485.36238191502,543.4386140648628
negative_control,485.9336503137578,776.4573198381596
negative_control,488.2089725131735,775.2319210191692
Rcn3,487.9144369379621,773.86701795413
negative_control,487.3446939971609,775.6619107188203
Zfp36l2,484.9868307137318,775.4702736706766
Mdh2,483.9041806781718,775.0674735681357
Ybx1,484.1866579630085,775.4962846807828
Emp1,484.9869529733865,775.143611117336
negative_control,484.0083799468272,775.7910695136709
Spp1,485.76197234027495,754.3260689283403
Rps15a,484.6312521513904,753.9758813208584
Mrpl20,485.4109038350724,754.1926554361874
Ppm1g,486.9897134828726,831.2670732190312
negative_control,486.4569350097868,760.325877616754
Gas1,484.13597106981626,649.0981392658314
Rac1,485.35369727583645,647.4014623959235
Spp1,487.40426878969,649.4471882765647
Txn2,483.8301642659375,649.349542503003
negative_control,486.4324036546716,647.6655407522136
Ppp2r1a,483.95947810306194,650.6520331491872
Txn2,487.6328545690948,648.4519069931198
Rcc2,484.74229370032816,647.0741034805735
negative_control,486.9789972248948,647.1241167576997
negative_control,487.398384577218,423.347532362341
negative_control,487.73066801341054,423.3375854361897
Ywhag,488.55754966224106,422.85453852108327
negative_control,488.0237403367943,424.4692677813955
Prrx1,488.7116948715917,423.7775825983472
Spp1,488.1571987713182,578.6662647168118
Spp1,488.565202811256,667.0236939759544
Khdrbs1,489.4683230227763,814.1219076206299
Khdrbs1,491.3594157375058,742.3356417102012
Myh9,491.5989728691906,489.69553594301567
Spp1,492.0813359463937,661.744775135588
Spp1,492.0096526928045,637.5057410572513
Spp1,492.62051469545247,689.3164477997177
negative_control,492.5493713423588,763.6110454218959
Thy1,492.4406824908026,765.0363861416481
Vim,491.3481778968778,763.4800245400197
Actn4,492.9601951520548,765.640935422542
Rarg,492.9659000005141,499.3900692730099
Spp1,493.2432979944733,739.2384724995152
negative_control,493.4828212209437,663.0764043004933
Ppm1g,493.2589195339164,723.1467158034303
Rpl15,494.6530337186256,665.7227813481732
Pgrmc1,495.0545170224559,663.215088313342
negative_control,494.61972482774127,665.8326180748692
Spp1,494.37975706726047,644.5676480423531
Spp1,494.06543951198825,544.4561195492444
Rad21,493.9145584694932,462.8334965156067
Rac1,495.7911296686037,463.7040487735188
Ran,495.5209438759899,464.2217795294628
Vim,494.9622054288407,463.5451849425994
Skp1a,493.1311240883728,463.0718678509776
negative_control,496.6659569028933,770.8496464559231
Cops7a,497.27309583092926,483.48379264992127
Tsc22d1,496.9027319627341,726.6719508284398
Ltbp3,497.9229140939024,545.4056567243449
Ywhae,496.5664835309776,754.0642055328602
Sfpq,496.610168439096,756.2705736682817
Hspa8,497.04647780818095,752.9661364370211
negative_control,499.2585656331346,754.0741867915261
negative_control,498.03105908700593,753.4080689939339
negative_control,500.5347015429176,660.4592815499275
negative_control,500.09289545591616,763.4105810943123
Vim,500.5637974403112,514.0297467112789
negative_control,500.67441718639895,513.6271528683386
Cops7a,500.8456046610792,540.1825466002205
Spp1,500.5219634595013,590.2034030028549
Slc38a2,501.215863414626,652.1128797118129
Spp1,500.7988985914613,564.3611539683708
Tpm4,501.6942756281219,767.7977389850317
Mmp14,501.6717285491887,761.9105273855707
Laptm4a,501.5204411865458,761.070926890583
negative_control,502.2967600021387,761.6092837939153
negative_control,502.1312277571128,761.6860404999087
Cops7a,501.7086707843515,833.6745880868414
Spp1,502.2314843918186,468.71388755537896
Cops7a,502.79523452282217,683.3123468816972
Gas1,502.49711999605,504.3269071533316
Spp1,502.1463959815703,504.1558764273768
Vim,504.244363510645,690.5693853613195
Mrpl15,502.9362470429338,689.7683078982595
Maged1,503.9378207586101,691.9124257312561
negative_control,503.4473226198023,690.6874035713051
Ncl,503.204758166902,690.4115730638648
Cops7a,505.2529102313031,717.146916984627
negative_control,506.3782258450513,690.7344090655733
Spp1,506.43502875273055,683.2841715191711
Tmbim6,505.7337547717693,763.462808709976
negative_control,506.439136307,764.4271483342799
Spp1,507.8687115848394,476.2530488799951
negative_control,507.76038047884776,476.88470744582094
Spp1,508.48570789411895,531.5941915981589
Txn2,508.8170497119765,770.7055106953677
negative_control,509.2052236110993,770.1538119280248
negative_control,508.89029332838754,770.4318666214323
negative_control,508.7341538384172,771.554742864049
negative_control,508.0198193273363,769.6952845331041
Cct3,507.1042103622075,772.082139886935
Pdia3,509.8781778026017,657.9676604148892
Spp1,508.8512053501372,658.02322158379
Pdia4,509.29347284815753,657.8576040886926
Cops7a,508.9354826119964,671.1568401358205
Rpl15,509.1515898167914,471.9040982482983
Ppp2r1a,510.2935769537052,473.3748837050409
negative_control,509.0165203324664,472.0088298544888
Spp1,510.141498921026,687.8609760033445
Spp1,509.89993208561424,641.5399877035828
Cops7a,510.9296581345512,449.3299895324304
Spp1,511.30133284323614,598.3497900744148
Khdrbs1,511.5526702949064,511.0005267106503
negative_control,513.0884589625721,469.6981418931792
Tpm4,512.3897927305985,462.6033482049312
Rpl18a,515.8920446245183,530.8990149947701
Polr2m,514.286870398048,531.4937588415969
Efemp2,514.0402362840482,532.0106410367614
Lmna,515.5804701307986,531.1058416891772
Rpsa,515.4267612511342,735.2185522638301
Mdh2,514.7622335894694,735.6303406618277
negative_control,515.5093165006728,736.2135390535124
Khdrbs1,515.4098497483643,442.5806782688391
Loxl1,516.2886742542217,467.6929471448463
Csnk2b,515.979242580458,465.5303897988894
Rarg,515.6504614632074,694.0810424249474
Rpsa,517.8299858254657,694.4872283928383
Spp1,515.799941990981,537.6553513248984
Spp1,516.2710028413283,545.0061868016335
Cops7a,516.8271970541235,532.5827332207297
negative_control,518.1030723779496,495.02301322949074
Rarg,517.9747343952369,455.6440038869021
Mvd,518.6826673650274,442.86079543575886
Spp1,519.5855909966467,725.9592364637119
Rad21,519.0075770375419,714.8383611449976
Hspa8,519.15564905107,716.2654070768502
negative_control,519.4461780965551,714.8484239262685
Snrnp70,518.5977572607147,715.5548296851139
negative_control,517.5474163417855,715.8228594317915
Spp1,520.3881050976186,672.7209099337254
Rps15a,520.4720334956114,663.0222779634737
Spp1,521.2386940931431,662.718170778041
negative_control,520.1175229126677,663.1035843418448
Mrpl12,522.5957729852327,463.7452439104672
Ercc1,521.8769653405882,462.66378314845934
negative_control,522.1480709239952,462.5324029031665
Spp1,523.5407622271782,593.7148551799179
Spp1,524.6582343813398,476.1413317022183
Tpm4,524.3125827166491,509.280017983436
Zfp36l1,525.0094360506819,471.95323195457945
Rarg,525.0699958341379,622.2570305465417
Arpc2,525.7158373254189,751.5514106456311
Zfp36l1,525.6399917483988,751.5187158731793
Tubb5,524.9670560222162,751.8969371204803
Cct5,525.8805892513532,749.2553003672715
Tsc22d1,528.9242151514267,538.7369096141955
Rpl21,527.9705714618932,538.513847670465
Spp1,527.8693404425112,541.5689041184099
Spp1,528.7604634078166,618.5467425800679
Spp1,529.4342195762068,583.1133361178352
Mdh2,531.0079552072043,453.6807628378695
Spp1,530.1138956764947,555.1866030218332
Spp1,530.9986459529084,526.35326865083
Zfp36l1,531.8555339129331,477.1907722816536
Khdrbs1,532.3892044018792,536.4424527129462
Prmt1,532.1227633374871,719.2501018187048
Gsto1,531.6380458064284,719.8199791758004
Vim,533.7674707523701,717.9337717157304
negative_control,530.2651602612017,719.6471851896939
Spp1,533.421389781738,717.4070674951649
negative_control,532.4950585116248,719.4366428893325
Morf4l2,532.9162658653763,602.1833704615956
negative_control,533.5767781622901,601.8502795609047
Maged1,536.3270668464963,602.6910475515898
Spp1,535.2487528060198,690.2953224040641
Tpm4,534.7178298677251,475.0930043444064
negative_control,535.2885530304412,606.6221325365015
Spp1,535.1640086747067,459.6654729000665
Spp1,535.5985557425065,575.0891644167032
Spp1,536.1949507370247,594.0736154557453
Arpc5,539.0259195422934,568.4299168560935
Spp1,539.4549246475084,488.2400597125644
Spp1,540.7260925878625,577.5414142429559
Spp1,540.7207600630002,691.0439349153297
Vim,540.7487143124705,478.2891490241048
Vim,541.8153703375549,499.22447988358783
Spp1,542.0633143327461,702.6637175925016
Csf1,543.0534661984934,607.583152808907
Ssr2,541.7023177412092,606.5174371347639
negative_control,543.4210489706636,607.1032481068776
Fbln2,544.8435030492171,607.4326369510065
Mrpl37,543.2317634854636,607.010783108868
Spp1,543.5467367118437,487.2614794732329
Uba1,544.6301157032084,462.8353965585822
negative_control,543.6259652253577,463.9092761874428
Hnrnpul1,544.585648420901,468.63878905863095
Spp1,544.1458558657357,468.1125047790568
Lmna,545.8843214765778,470.3598158253725
Rpsa,543.4726338781746,468.9631057081433
Psap,545.9203233398653,468.8245696321211
Lamp1,545.145401961817,681.4299123229966
Emp1,546.5678001305614,680.753408039288
Slc38a2,544.6686011042535,681.0340794405157
Eef1g,547.3540793778241,682.2318743104092
Thy1,544.9961796494356,680.0976170652702
Spp1,546.0235924863501,546.1952857179588
Rad21,547.7598490962259,689.0113514609632
Spp1,549.5536048801713,639.8748551732444
Tpm4,550.0139574656109,486.5811300008867
Spp1,550.5546980029128,612.5898428603714
Spp1,552.2229006785112,567.9976855973304
Zfp36l1,552.6203428134331,477.8603729203057
Fkbp9,553.9744867030457,581.9055137543803
Csf1,554.0142809199505,581.6794366321561
Spp1,555.1070845710063,628.0455471715413
Tnk2,553.7608324193161,627.6280199372966
Spp1,554.902341778422,645.0909323302901
Tubb5,556.0944860831617,646.185114001597
Spp1,554.8017495390177,574.3440112070734
Psmd4,555.0510785446011,456.6700992389012
Spp1,556.5356327366466,589.9322637235754
Spp1,556.8917638229855,676.3574745047687
Spp1,557.2468756827336,465.0573488050279
Cct3,556.1690992558193,465.945580763858
Ncl,559.4488195882021,480.6836016134897
Psap,560.238907520313,454.2710722055955
Ncl,558.965142818834,453.4094911968062
Zfp36l1,560.9521876439109,560.3663106023987
Zfp36l1,561.2539812772885,635.4569907812324
Actn4,562.7949749020473,645.3519097447954
Rcc2,563.210969365022,645.6452382387463
Prrx1,562.6721619686957,646.0372760550677
negative_control,562.6836449923381,646.3267714125416
negative_control,564.026527117222,646.7284960309139
Tpm4,563.2286062945377,452.07846405010537
Spp1,563.8162329295046,637.9068100393353
Spp1,563.372998470226,572.2719605820485
Spp1,563.9014589352357,582.6009404923758
Spp1,565.0463532180894,456.6648607414949
Spp1,565.3026024564153,658.6160190637343
Rarg,567.1695663871651,606.7215238611186
Ybx1,566.6988242180335,495.67396915214727
Tpm1,568.1304477350055,496.0940893468049
Prrc2a,565.4672256842632,496.2200505966893
Khdrbs1,567.3873591157347,627.4855456471636
negative_control,567.5496519757459,640.9912441282968
Spp1,568.3404232509656,674.9501226869786
Psap,568.1380565656634,663.4267485935475
negative_control,568.620110539318,663.5239053390515
negative_control,569.2712743580046,664.4215524839192
Ybx1,569.9623206223984,665.9290913458833
negative_control,569.5142201162248,665.3084320146719
Spp1,570.3518310966974,631.4280399890989
Thy1,569.2063350516871,628.8957508950209
Il1rl1,568.7533992523561,628.6788322795248
Tmbim6,574.6715587311896,664.8297837377356
negative_control,573.7520201727108,665.7504730296664
negative_control,574.8288227842826,665.5188429195401
Spp1,573.104025630473,569.1523292478317
Rpl18a,574.5982971831113,643.5653226093614
Spp1,575.7274266099674,476.3113655241156
Npc2,576.2995758514298,656.6981769608468
Spp1,576.0470664831591,657.2718820591599
Pdia6,577.5709928614341,657.6629323931772
Cs,577.2790297751686,658.2463221200727
Spp1,577.2055343674839,624.7471492079325
Spp1,579.0087439181505,663.9529494153691
Mrfap1,580.6800497775873,648.2407474379817
Spp1,580.657385223898,647.6235119515289
Emp1,578.0065885655283,475.77494962757936
Spp1,580.3137280964547,475.4017548734615
Il1rl1,580.0209193698244,476.2033969053592
Tnc,578.7789198140915,476.101024774352
Rarg,581.6837627493134,452.23137062765255
Spp1,581.5844770261607,602.6792569463116
Ppm1g,583.2756351025928,614.2896514130521
Spp1,583.900492728786,648.7565401817359
Ptbp1,586.3561635048635,456.08811378536046
Ugdh,586.0996142705745,454.9929505145058
Spp1,586.0113843693416,653.9563110006937
Spp1,587.2329133152685,471.8434635941068
Ppm1g,586.4028275973868,644.0274109701759
Cops7a,589.1603887758051,629.6274593336722
Rarg,589.3364174618227,482.155471940228
Spp1,592.880591266301,635.8494302966093
Lrrc59,592.5542322830335,634.2628215236659
Ptbp1,592.4970058153904,536.141774424896
Zfp36l1,594.4583493537098,460.2980922231459
Spp1,594.6955506491895,508.97847556440365
negative_control,597.0232677151026,641.8110241407795
negative_control,595.6816887099501,641.4734939102733
Spp1,597.6013279692756,516.8580282645179
Mrpl35,600.7613415376902,547.7677234566258
Khdrbs1,600.1860199531911,495.4881297948909
negative_control,600.2702611244152,622.1972391250846
Spp1,600.8530179346578,459.9670580699048
Maged1,601.6153459927456,460.9389414651284
Pkm,602.5662894262395,459.97284900993367
Il1rl1,600.1312397265982,460.3321881177865
Csnk1a1,601.4182296149838,460.64029044066814
Ltbp3,602.8071850761967,499.5279091114678
Thy1,603.4658941486351,604.120419764085
Morf4l2,602.5413239421373,602.987275507234
Spp1,602.6515773173762,603.247518492904
Hspa8,602.6229507829745,604.0217488222235
Hspa8,603.4208312580619,650.7937353790996
Got2,601.5854096050366,650.9938606501482
Tspan3,602.4444584018571,651.5542083451869
Rpsa,602.8892715261296,479.0643223357018
Tpm4,604.0546150089586,542.7759324310181
Spp1,604.66137753453,468.2777518816735
Il1rl1,605.3714057962602,503.1637779044044
Aebp1,605.2453330741378,502.41201047997527
Rpl18a,605.6224926683844,502.47290662037017
Spp1,605.5371826214196,478.5297562801917
Vat1,607.4253044265689,587.8228639233919
negative_control,606.4254357528605,587.9730270989976
Ncl,606.2384157049999,588.9101975286065
Tcf25,607.2232828053503,587.0694877782307
Spp1,609.610229537534,623.2646486647773
Rarg,610.259614737973,632.6464073503095
Ppm1g,610.9074417739707,547.8298437039613
negative_control,613.9502172613765,571.3585892926919
negative_control,613.74639578458,572.9551501437994
Spp1,614.7325846421239,489.3327530329126
Spp1,615.4113942594611,588.2827007780826
Spp1,615.4354598807038,502.6528335252133
Spp1,615.43647599595,611.3517587288819
negative_control,616.7052372679461,631.7873097019873
Emp1,616.3829328033734,632.505443711359
Lamp1,616.5568093669251,632.8946707413313
Stip1,617.396699322073,636.4027599607001
negative_control,617.2376706480393,630.605555481527
Uqcrq,616.9595547447194,632.3428753584526
Slc38a2,616.3738848988856,634.536104854456
Uba1,615.392878509524,553.193423506884
Mrfap1,616.3010656764047,553.1576363125605
Ptgs2,615.0656237291313,551.2380530756732
negative_control,613.9804736071329,552.0700065801786
Ppm1g,616.0007935232218,552.4595329787571
Cebpd,616.2399895482168,552.1145012068799
Prpsap1,615.7409163448478,593.4801029816385
Spp1,616.0761013511187,592.9588467684578
Rpl18a,617.5515749135373,528.7955536259097
Ppm1g,617.4073033237448,528.367540059051
negative_control,618.5512197733158,606.9506691970904
negative_control,618.9388510606125,607.3241812481566
Mrpl35,618.7263344785531,606.4612638814247
negative_control,618.6324713242248,607.2892614877451
Spp1,619.277771185155,615.1014609622944
negative_control,618.7226627260175,628.477176518061
Nfe2l1,619.1236294728701,630.9059683096852
Arpc2,619.1185235868917,630.0850005676123
negative_control,619.733321470513,618.5952852647057
Ncl,620.6031582741584,583.1254675103746
negative_control,619.6333890325618,583.6554295784267
Psap,620.5031564979506,582.525341937844
Ube2m,619.2852800554066,582.7206264386477
negative_control,621.2220098302597,583.8240933719171
negative_control,623.2630608323493,496.37688749238
Aars,625.0461290018046,496.14740696027246
Arpc5,622.621268844386,474.9231784676581
Lrrc59,622.8991321211296,605.2023219676115
Spp1,624.3023472414385,596.025661040007
Khdrbs1,626.3855478696705,626.622379996204
Rarg,626.6664188980617,601.2452174612024
negative_control,627.2082761911313,485.6714625096894
negative_control,628.2394614979714,572.0870798113012
Snrnp70,628.2750249884328,495.3187876579559
Ltbp3,629.2290686539802,495.0942528005419
Lamp1,629.9148940561025,495.4841288779264
Eif3d,629.4596628198905,499.9112663034185
Psap,630.4290800863431,499.6183331249368
Emp1,630.2093074362084,499.6746490949977
negative_control,630.4674848133164,499.0842947713943
Ppm1g,630.545309601692,609.7382591402255
Ppm1g,630.8761821550329,509.2515900719379
Spp1,631.9782567968872,530.7673538839758
Txn2,630.8546376066107,486.5271224920949
Vim,632.4857586914991,486.5897798616581
Prkcsh,631.1004653464483,485.3962002689743
Zfp36l1,632.1253843243238,485.7218634143832
Hnrnpk,633.9968804798443,485.381361130997
Arpc5,634.1044187201767,636.9870746182221
Polr2e,635.445063179781,482.2237680246237
negative_control,635.2293823833398,482.291767285879
Eif4b,637.4000124154283,573.4544186826325
Spp1,638.5612287099236,570.490254139221
Zfp36l2,638.3071249299852,570.9273385191931
negative_control,636.9942931050624,571.311735419577
negative_control,637.5957014216631,571.299039938372
Snx3,637.9737153491071,572.872656893216
Rps15a,639.0068093585404,491.2791474188331
Ckap4,638.932048807131,491.4829859256896
Arpc5,639.0119384197567,595.771237987705
Psmd7,641.7644754554917,594.0496148517328
negative_control,639.4949083901721,593.9863839167715
negative_control,640.3688396533905,593.6516279529048
Morf4l2,641.1846152905324,593.1374277897448
Spp1,639.4708425722025,531.2949503522403
Sdc4,639.3720659191789,581.6443722763471
Tpm1,641.1714619682843,582.5624486468229
negative_control,640.3867711622406,582.6340873471893
Ybx1,638.7466556986817,582.349558563088
negative_control,640.0066766783829,581.6830015670606
Il1rl1,640.3435231753882,583.8911482779278
Gas1,641.4635811207834,582.0871481170536
Ncl,641.847032562517,583.1778885688539
Ppm1g,641.9321603810881,510.019288735029
Tmbim6,640.6769434054036,485.4280510953683
Rpsa,642.422316471888,580.8365222636235
Ptbp1,643.0169026239424,579.4199056016382
Mmp14,642.5441909482608,551.8264461949328
Rad21,643.8359976982576,552.1042646357216
negative_control,643.1875032823726,553.0555854660968
Ehmt2,641.8336957022184,555.1438475989066
negative_control,642.0893173769248,554.1890623045911
Cops7a,642.9852201366688,636.5673015603473
Morf4l2,643.9264648606984,635.604723486029
Spp1,646.2406777008199,567.1751813116903
Rpl15,646.4409057446917,603.4039808783493
Gsto1,647.8722859786001,486.90480840597934
Ctsb,649.1110978862104,607.7396349838035
Mrpl28,650.852104388625,608.7237577641212
Prrx1,649.5652047075961,609.6947668293308
Rcc2,649.4885769392245,608.6249391450294
Tpm4,649.4677699680401,598.7214876052112
Spp1,650.5267419714398,567.5932938770757
Rpl15,652.5238533627546,524.8828805706814
Fus,651.3036327801825,524.606258017089
St13,652.2730732939316,524.2261868243892
Rpsa,652.0033254669091,523.1294293204485
Spp1,652.6512107495927,475.7742254142173
negative_control,653.5845978062638,496.1754171753964
Il1rl1,651.8187333906066,603.1074775343845
negative_control,651.7296539831875,603.6186848279236
Spp1,653.0104393831233,605.3728987947109
Spp1,654.6966416790711,561.0006060983123
Tpm4,656.362092095312,494.266291964025
Gas1,658.3263361267634,523.0000824197681
Prrx1,657.0990696857301,522.6107214385669
Spp1,657.343749868374,522.6074747005555
Spp1,656.5638143177757,612.624583733477
Eif4b,659.7267696898689,581.3531832344091
negative_control,657.8865117687085,580.7104150253678
Ybx1,657.7843112376031,580.2166185016922
Arpc5,658.0074241595975,578.976239327077
Snx5,660.2179366193023,580.5760028702567
Mtap,657.8496594963174,609.3808276466707
Tpm4,658.5763898003455,608.0018642415457
Spp1,659.1026180257692,556.7751111668224
Vim,659.751335704154,498.8385163972698
Cops7a,660.7985267744896,544.7498773688393
negative_control,660.7411174483681,552.4965351259183
Vim,658.939635562967,567.810459933325
negative_control,660.9661890971392,570.9368376947746
Gas1,658.9628729436804,572.2522358212373
Rars,660.146909590939,568.6420454970748
Oxct1,662.2152783599574,570.4612414654713
Snrnp70,656.860455597197,572.775186934474
Eef1g,659.6048975374363,570.2624270718361
Pdia3,660.2699353651302,570.100103257377
negative_control,657.5124291474206,572.6257744357029
negative_control,660.6404423447176,570.1908842348379
Csnk1a1,661.3668675789613,572.8219684387841
negative_control,659.4076200356692,568.5071723198276
Fgf7,660.8565805758183,600.1903528353633
negative_control,661.3399219239544,599.9673638530056
Actn4,663.9014724795848,533.6435241505401
Cops7a,665.1744347190978,533.2080429995458
Rbbp7,666.2499857797378,533.2370193997322
Nr2f2,664.576343574354,576.2874524696601
negative_control,664.4006974526172,577.4524685825927
Cited2,664.8352108574048,576.6662953913999
Khdrbs1,664.9750717895591,481.4614204404486
Skp1a,665.9245648030587,481.8409269302511
Khdrbs1,666.2917466711203,593.1308599112211
Cct5,665.6927254673883,585.9202145994791
Mrpl12,664.5279646976558,586.1705039462078
Ncl,666.7086398847027,585.4024633115687
negative_control,665.1005870449835,586.4875036438616
Psmd4,665.043748480614,585.7885981269624
Khdrbs1,669.7197724749599,533.0275661224293
Khdrbs1,668.9290618183493,510.5605601962387
negative_control,670.3147000549313,568.4279142042103
negative_control,670.4861115019162,569.754654700758
negative_control,670.4564464516707,538.9747951857458
Tpm4,672.0679225550953,607.7240658141291
Rarg,672.0815330262074,563.0787502185433
negative_control,674.3121532088348,492.6304444443214
Spp1,674.8843783900304,605.3706486721107
Ppm1g,674.2086617289656,544.6072196430614
negative_control,674.4063934650723,529.9139929467042
Eif4g2,673.7612869225504,531.3682235135996
negative_control,673.5651707374868,529.7217508384176
negative_control,674.276680129831,530.2416696027017
negative_control,675.402303063833,531.2299895634205
negative_control,671.5662597527802,531.03824792252
negative_control,674.5140126154778,529.1285767059906
Paics,676.4483531209551,531.194008406429
negative_control,675.4615978215425,520.2264715877817
Cops7a,677.1086519113976,549.6116419414958
negative_control,677.0669571963003,466.3257756081173
Spp1,678.0723015631734,544.0937491682358
Ddx17,683.0540416002941,483.3015865125501
Nr2f2,683.2738232060171,482.85550105341326
Zfp36l1,684.694026941265,506.78678916285565
Ppm1g,690.0193486698315,502.3599244960348
Khdrbs1,690.2701930711928,480.7615659486305
Ltbp3,692.5017062453546,560.7619107409606
Hspd1,692.8104847133886,559.8556647304031
Zfp36l1,696.7898725160478,473.3706654608813
Rarg,699.6046295637595,504.7637752052596
Ppm1g,699.3975608031649,476.4522792002289
Pdia4,698.8725344408863,477.6225712906945
Mtch1,698.4079874957698,478.85372080683806
Rpsa,698.3056341788167,475.89802241370535
Ppm1g,701.4870216147134,508.845533831196
Rarg,706.9114188876624,597.1865321826652
Spp1,713.4728179000373,478.0488119024276
Ppm1g,714.1214830968953,505.531872796416
G3bp1,713.7090373115598,488.3129537697867
Mvd,716.1327519272522,548.7849270265797
Mvd,716.8887937166837,544.1846878638581
Twist2,715.9307064863591,543.4279209217509
Ppm1g,718.3859230164346,488.0571291599939
Arpc5,718.5842091026185,529.6089195370247
Spp1,722.1184703474884,483.3419899853646
Gsto1,722.5948634464517,483.9912829640023
Lamp1,723.3102765944218,482.6119460697123
Ncl,724.7308497727902,568.7447028224818
negative_control,726.1605513767046,493.4220500286166
Tpm4,729.794155248429,545.5653886231765
Lmna,732.3409226902697,520.2781115715163
Ptbp1,730.92641627422,517.0401014920063
Myh9,731.2254152438446,517.0752410352802
Khdrbs1,733.6832235860361,567.4805667503806
Fkbp8,736.6421802761611,481.7787481698424
Rarg,737.6759983864683,494.6340130935774
Ppm1g,737.6486809426488,485.66307864770334
Vim,736.6749708948373,578.7253243181522
Mrpl35,744.4544262016739,575.7170720339876
Tpm4,745.0953082481074,571.2621921975157
Mvd,745.3669551133064,496.0997160494766
Mbd3,756.8317085034337,593.7784564298452
Mvd,756.6491863801433,593.2203142545245
Zyx,758.8040560495774,594.2127658923855
Sdhc,764.7503681708577,598.3082382126471
Eef1g,767.050216488371,530.9634698178247
Rarg,766.0061068145378,532.4963051471196
Txn2,767.7103129955806,542.8574705772426
Mvd,774.9810364164812,543.940746857112
Spp1,784.2079018321062,571.4236599810451
Tpm4,785.1736968449213,557.3337742482399
Ppm1g,786.2102992574596,590.1722537113498
Cops7a,836.1709332323558,618.1611425581756
Ppm1g,845.3406696782083,645.6472005222619
negative_control,849.9886717955391,651.8661425706691
Rarg,873.6582292346592,685.4922333238096
Tpm4,878.5787821867264,663.3867492987536
Rpsa,371.4982195153423,862.161075297752
Rpsa,371.9988641353633,869.1885323868091
Rpsa,381.1957906930628,832.5209763950106
Rpsa,382.8424392383119,873.405917085078
Rpsa,393.9009924038796,839.5949807180558
Vim,398.29918766110393,813.0290874745252
Rpsa,397.47799482082416,813.6385482317833
Rpsa,400.4943446326673,851.901784905498
Rpsa,400.0848044873386,764.661071499024
Rpsa,400.7893004532922,774.8240847143954
Hspa8,400.1377723111185,775.672870780245
Polr2e,400.7806181182,813.8928428000726
Lrrc59,401.5429732085068,814.1111134289335
Prrx1,402.39291232713794,787.3132031656087
Rpsa,405.844809338626,889.2028675933168
Rpsa,407.4447567161428,755.9028367475113
Rpsa,408.0494297168529,789.1773519171453
Zfp36l2,407.3316233645397,813.5988933879852
Rpsa,407.6999897510101,804.0334181082799
Polr2e,408.9413426269622,850.3871135298791
Rpsa,410.33485043318814,757.3918200595452
Rpsa,410.993983657728,856.9188911606994
St13,410.8996488126764,777.7591665567018
negative_control,410.63475023290727,777.0301270403938
Prrx1,410.8061703631613,783.2800805625058
Vim,413.2112976701519,806.1335393762483
Rpsa,412.0474401489177,806.012894685343
Rpsa,413.6400529095752,889.8404800328274
Rpsa,413.31589701039,824.4428940684058
Rpsa,414.2897824597815,800.3408182283006
Fkbp8,414.4918685405644,809.0004265892583
Rpsa,413.8875118931456,764.2004170041482
Mrpl28,414.1281232417047,763.3656676292378
negative_control,414.8217896450162,766.1384292230516
negative_control,414.221341879338,766.154454785442
Pkm,414.5205898504034,763.3207598080439
negative_control,414.72688430462506,765.0655428542283
Eif3a,415.04974679298897,779.7817173105832
Zyx,416.78587071069535,778.0798515485221
Maged1,416.9218268674926,780.4298093977168
Vim,415.8650734796487,781.5813676790334
negative_control,416.64434028972,779.8569644572892
Malat1,418.0794472805699,753.7144973970169
Vim,417.0627641019606,752.5094720078946
Maged1,418.4860548857952,753.5813836102475
Psmd2,416.7394738176008,802.7687084735971
Snrnp70,415.7780344735317,792.1169971101617
negative_control,417.2752453660628,792.5561846829273
negative_control,417.5695730171378,792.8983337496351
negative_control,416.02961304650415,794.0791151025899
Rpsa,416.9983586700204,753.8138198371724
Rpsa,418.6832979775356,756.9374147377396
Eif4b,418.5260069316364,818.8432224803636
Vim,419.84175058902736,819.354278790281
Ndufs2,419.2616644860599,717.305886195097
Rpsa,419.2794814763069,816.5157115027837
Rpsa,420.04796047946144,798.1176780135438
negative_control,419.47560590011614,771.7173289126724
Pkm,418.6806499598939,772.7210596095847
G3bp1,420.5910570848391,772.4507636110109
Ctbp1,419.2092761597633,771.9953189633659
Rpsa,420.6886208855814,808.9179491330324
Rpsa,421.1975046400065,850.2943814077034
Rpsa,421.2666099789208,753.7676765394802
Gsto1,421.8124701859527,728.7882302595236
Cct3,421.9276544614104,727.3595271445761
Rpl18a,422.517954764477,884.0343419452776
Ncl,422.88810535364473,883.8133415243881
Uba1,424.8937245780854,883.7701142455725
negative_control,424.6454026273569,884.163437227397
Psmd2,421.4392081034962,881.9748679287537
Rpsa,421.3466190503182,765.158020967318
Rpsa,422.86726592424463,791.2061219067684
Zyx,421.61744146048846,749.3774521606709
Aars,422.4824880091346,747.8637494430903
negative_control,421.0803475746668,748.5016095628466
negative_control,423.4190564166784,796.078806346633
Morf4l2,422.503613211864,796.6123770100272
Eif4b,423.726640366403,798.011887957986
Rpsa,424.4438334392993,726.0555102431554
Tubb5,424.1756885928823,718.3030226845552
Psmd2,425.2725430911223,719.0461730301952
Hnrnpk,422.7179848150884,719.2418625935935
negative_control,423.0022980239826,719.1170377996082
Arf1,423.9808129985678,720.1515626385238
Ugdh,421.84955895885327,720.0411350900608
Lmna,423.1561004766783,717.488591001328
Rpsa,424.6691653001572,815.4733412443899
Hnrnpk,427.56752096479386,743.0387734537262
negative_control,428.03892914042353,742.585092557511
Rpl15,428.1328054977596,744.1999635519484
negative_control,428.2082474486959,742.7922952682851
Psmd2,427.1860400981726,653.2164071566087
negative_control,427.13300148125234,737.7325357987895
Hspa8,425.9777921837666,724.220885892197
Ckap4,426.9274303317232,724.7127271838827
negative_control,425.6258349200925,723.9422054518639
Eef1g,426.874615676645,725.0285200872091
Prrc2a,426.6032299388749,723.4640782882317
negative_control,428.07010476526455,766.6822682061611
Ptbp1,427.883650635355,816.3231421656958
Polr2m,427.57048269280347,817.0069547285393
Cox7a2l,426.3460387668623,817.9699072222925
Prrx1,427.6075548930981,817.8020385308555
Tsc22d1,430.0209280692568,887.4580203489542
Myh9,428.82412846212605,887.8229603717923
Rpsa,428.0204522813596,889.2182616128065
Gsto1,429.7477259596208,887.140480584887
Rpsa,428.6963627919719,823.6998098890472
Rpsa,428.9386187195608,647.0257960939167
Psmd2,429.031914326998,675.1324763141077
Rpsa,429.4465073514168,848.9501528916394
Aebp1,430.3403347962602,684.6736762114806
Vim,431.4378669790441,738.872874684778
Fkbp4,431.26293642334826,739.3417431307955
Rpsa,430.1892156836883,738.9847240321627
Rpsa,430.59332205592335,706.8661131528912
negative_control,431.18986462514056,753.448213141746
negative_control,431.42055620443625,753.6207277476452
Prpsap1,432.7659587619371,756.6848559030675
Gpi1,432.0174759289374,753.2682618921801
Rps6kb1,431.4317830490238,755.934243790744
negative_control,430.4861795710153,753.2906040003874
negative_control,429.4635433939513,753.352519805166
Rpsa,432.0243533317479,730.7422252204992
Rpsa,432.7821886569817,766.2147193496608
Rnf11,432.4052202250919,821.9681997199779
Prrx1,432.3238808337245,821.1688244924981
negative_control,433.0188106951575,643.8519435528882
Hdgf,433.0944987299183,634.667096325687
negative_control,433.2830310123103,634.8838145587063
Malat1,435.4150690830545,633.9987393720719
negative_control,433.2560250100885,832.3477306978488
negative_control,432.87007071505377,832.7209611030448
Ube2m,432.4670348499611,831.249624375502
Prrc2a,432.1277265293873,832.469607255633
negative_control,432.7753064345949,832.1942920508451
negative_control,434.95319389779706,757.4165669645282
Rpsa,434.3979258450463,861.6441731316612
Rpsa,435.789212805505,882.2633818916286
Fbln2,436.6449463861962,642.2282373776098
Ywhag,434.696077019516,653.49396390391
Vim,435.8512849246375,654.2410017444961
Ptbp1,436.0984453008441,653.4158585704258
Rpsa,436.35942071884176,653.3584708658077
Rpsa,436.9246299070263,658.9553507461314
Rpsa,437.7430466424677,757.2452489900159
Rpsa,437.505827432928,829.0848218280051
Hspa8,438.22272686875885,830.54506073312
Ptbp1,436.1544832965884,829.2400844533379
Rpsa,437.7895040632717,685.8173663394357
Psmd2,437.8852860101315,800.2878917857098
Rcc2,440.1002921585109,735.80449744724
negative_control,445.20412479734114,734.5620602243571
Sec13,442.9666891584882,735.1226591031623
negative_control,441.3040653040613,734.5211909028415
Msn,439.78253462840695,734.3295893472277
Zyx,443.9570549920786,735.7090366014056
negative_control,442.0597127885573,734.0328032918349
negative_control,445.3136849069867,734.8544107587929
negative_control,440.554999348468,734.7906739448408
Vat1,443.00782506408143,734.5428044661898
negative_control,445.7288462230008,734.0538773450684
Ndufs8,438.4329298507808,784.4285911054327
Mdh2,442.50149381758695,783.1369080852112
Vim,443.76100365686347,782.9354947747424
negative_control,439.5653843029923,781.1257786390452
Psmd2,440.67906568081554,782.9693835329416
negative_control,438.8541320799754,784.8831547375235
Gsto1,441.0715549556823,782.6354120990582
negative_control,438.5129119205243,781.3490759114586
Raly,441.1047803565367,782.9323573086456
Maged1,443.1565333988932,783.2108018742831
Tpm1,439.452660002429,783.6277977377174
Rpsa,438.9813557968374,673.7567027039295
Emp1,440.4681933682844,637.6009257082611
negative_control,440.6143905671995,637.3670453725365
Gas1,440.9898337347237,636.721030304235
Fbln2,439.62832331284415,637.0947413558281
Tmbim6,440.736216705174,636.8077147611185
Aebp1,439.9160193715672,639.3968445831873
negative_control,438.1836823952973,664.7850463333638
Msn,439.21665136845695,666.6559741368003
Rpsa,440.4261169959861,726.0646600137011
Ugdh,440.874558591856,728.8050010876848
negative_control,441.2149779723936,745.3874366776382
Grina,441.0254859926409,744.5236152590396
Myc,441.5325551804584,804.3468209082868
Tspan3,442.1803801342588,640.7103043703056
Rpsa,442.704505592156,852.9162182483193
Rpsa,442.4786784381004,757.1453647341044
Fkbp9,444.22005617770776,760.1352648145412
Rpsa,442.5137147409579,760.6489797997854
Gsto1,440.5649912115596,761.2137921815591
negative_control,442.7584675617825,758.3208914608073
Rab7,440.8764230986176,760.1385083413743
negative_control,442.9273936144664,759.0492840168217
Ybx1,442.2070555789002,756.993317090989
Rpl21,442.362289891658,757.7747302167438
negative_control,441.7423397923976,759.2579440556791
Ctsb,443.2758732900231,672.663365700969
Rpsa,442.9677744105781,705.7100193157181
Vat1,443.5969728506162,850.3115367264438
Myc,443.9549154393504,785.6902972446723
Lmna,444.4436838402359,785.4829347749799
negative_control,444.6236426264069,786.0825566166084
negative_control,444.3602972519761,659.6730275116635
Pcdhgc3,444.11533941498806,659.076017298748
Rpsa,444.15467072547983,809.5873791192888
Vim,445.3383483635218,802.2531320402393
Cnn2,444.1707140060145,802.3113762425382
Laptm4a,444.1576358911502,802.81155207189
negative_control,443.6435048175978,803.1628624780518
Hspd1,445.1711395896556,803.2119056931365
Lmna,446.5437000209629,802.268276678334
negative_control,445.2630493229302,802.635908331009
G3bp1,445.4935853938488,824.1776146357065
Mdh2,444.3277398567144,823.5131678361929
negative_control,444.0484396689961,822.1438860760783
Psmd4,444.38985641829936,822.8376232427628
negative_control,444.2164129136128,822.2166357549014
Vim,445.03134784145726,821.9687575688649
negative_control,443.4430779609906,822.3713444462916
Cct3,444.7469171138512,720.6614878031753
Mrps18b,445.6959564722092,721.0041872487027
negative_control,444.5979357196814,719.2323655578955
Myh9,444.6590385730193,719.3959266626631
negative_control,444.5070360985209,693.5365839450458
Vim,442.62391270583305,692.3845867742647
Hspa8,444.6393323058335,694.3491583014774
Rpsa,445.6609219813572,693.7982596364471
negative_control,444.3102994479741,692.5925387486743
Ctsb,446.3444859959442,702.4645987173018
Aebp1,446.6500788832763,682.3707286141951
Rpsa,446.68934065294286,755.4288149549412
Rpsa,447.2871721684104,814.7009798194974
Ctsb,447.57172907479446,609.1166467388307
Vat1,448.5309719553711,659.4525174763826
Fkbp4,447.5887165206795,659.6557849914515
Eef1g,447.3861528654878,661.176405874697
Psmc2,448.8366203754876,659.5773990328901
negative_control,448.81129630166095,660.5793553803994
Ckap4,449.96794445277993,659.1246950428932
Hspa8,446.8981575230704,709.0632671199345
Gsto1,447.4741356191327,709.3788204370159
negative_control,447.7598573407388,708.5931876260606
negative_control,448.6202540027526,709.134354907962
Zfp36l2,447.9185374917964,787.1230245933117
Hspa8,448.4180938055919,786.7781415850527
Prrx1,448.1337540941904,786.6877849229841
Arf1,449.17495117048486,787.5405930721477
Tspan3,448.2144764381323,663.8611486126732
Npc2,448.8782955178326,662.4152201564016
negative_control,448.0828591108983,663.8340868175673
Rpsa,448.3750581618744,748.1147436970299
Psmd2,448.9940954374762,751.504474772264
Psma7,448.75153885011287,641.1131957821817
Thy1,447.37494849949866,641.3738239807465
negative_control,448.1935866202091,642.1879137260311
Fbln2,449.9138446692121,648.1503686788551
Rpsa,449.6924921474281,825.2441897633876
Rpsa,450.9192437910884,741.4983422361512
Ncl,449.2267520076476,668.9520609995502
Rps15a,450.2061220920298,669.1896461750357
negative_control,449.20549916183865,670.7085883678737
Aebp1,451.2055304396364,670.1437514662227
Cnn2,451.9905361221087,696.6724445514322
Psmd2,450.9817757869873,695.100413294048
negative_control,449.2373014499859,696.6387014685995
Lamp1,450.5692201962384,696.3148465917259
negative_control,452.3597256630459,695.1936179715151
Rpl18a,452.8016203580846,693.2600018661597
Ptgs1,453.2192078893474,695.490779149239
Rpsa,451.4135980578444,806.914061092298
negative_control,451.1946517478034,713.9731530366321
negative_control,452.77400305871606,717.5648801365093
Aebp1,451.5044898036308,716.9996264792494
Rpl18a,451.2520072584455,717.5033561189812
negative_control,452.2394972749046,716.6091832826351
Rpsa,451.9402155456045,615.7037572025165
Rpsa,452.3582323796557,647.2952337046477
Rpsa,452.1839162268273,843.3916280163697
Psmd2,453.7136341420849,698.4238840078253
Fbln2,453.4424869773204,640.6067369217021
Rpsa,454.80787301682784,757.4014099180336
Sfpq,454.9365319265293,758.2790839623225
Prrx1,455.9056476818101,809.3204763839235
negative_control,456.8776287092755,808.5080165232372
negative_control,454.2119505270587,742.4440948590773
negative_control,455.78913455550463,741.6912761068212
Tspan3,455.70238898005374,787.8686797043416
Rpsa,455.6664600575975,679.0628536631456
Aebp1,456.361227293873,611.0344874493858
Rpsa,456.53604442384994,622.9434523330414
Aebp1,457.18731390258574,752.493032205068
Rpsa,457.3461064576039,842.2685276914992
Actn4,456.3539390568975,682.1741817052585
Uba1,456.140496879999,683.0377242819357
Rpsa,457.7356562252678,683.7804731356472
Mtch1,456.7111561884402,683.6887376581916
Rpsa,459.0117439723045,643.853358634616
Vim,458.6852638696639,785.6123324439827
Lmna,458.52269544659407,784.9893510581321
negative_control,458.8896948054776,785.8149374759629
Rpsa,458.7016595060786,837.4609665262242
Aebp1,459.3904632099422,725.9211376848081
Prrx1,458.8652487456983,736.6745558387349
Hnrnpul1,459.305583247649,827.3272936531048
Hspa8,459.6301279680071,827.6557959439974
Rpsa,459.41622606360966,826.7612818043115
Hdgf,461.2163179723258,816.8092233350415
Mdh2,460.857704512445,816.9226604895268
negative_control,460.3442659854389,815.7391625859268
Rpsa,459.27592448244974,815.2667863491532
Rpsa,461.5857606263823,833.6374511213128
Rpsa,461.3032877345505,829.9075280026389
Tnk2,462.2510553891206,676.5715135882897
negative_control,463.99269913590666,674.6381532720161
Tnfrsf1a,463.7065848033689,674.8829540761326
Msn,463.6558140274309,675.7780110866177
Lrrc59,462.6760403261903,676.5762733416454
negative_control,463.1834734386213,674.6770761010587
Rpsa,461.9767721126897,619.4025152433882
Myh9,462.967767720981,778.4133131759244
negative_control,463.407053207308,778.4176619498731
Rpl18a,464.33152632923367,777.8495761370403
Fbln2,462.1212551629236,585.389821535377
Rpsa,463.2140266964992,869.2114266952751
Fbln2,463.5492598849849,700.6661364354076
Vim,463.397195938228,693.8096949758665
Fbln2,463.6780738514401,693.3160835238768
Tpi1,465.0474470454756,695.1617248705863
negative_control,464.6381618284131,694.0459896940421
Rpsa,464.82663371566593,872.7535809575947
Rpsa,464.9372338243303,639.7965552355652
Nucb1,464.2785554415332,640.3212652685424
Fbln2,464.6851800929516,712.6865386462597
Rpsa,464.5584747173082,615.7538960873758
Tspan3,464.4349196344944,588.4422927590911
Csnk1a1,463.4217805918451,627.9475122142564
negative_control,463.9756477502317,627.5149048535695
negative_control,464.0545174956216,627.1946530016078
Prrx1,464.9186706162889,625.3088326639252
Rpsa,465.5119201050031,854.0616197476841
Hnrnpk,464.3336343426471,828.3351490462774
Ywhaz,463.47417712380576,829.788392093131
Gsto1,463.9134302684834,827.6192873270593
Mrfap1,464.3373185586836,828.3090473208865
Rpsa,465.6876628163336,762.6631452592867
Fbln2,466.785988680317,612.4743552378102
negative_control,467.7088206181459,731.7641708824925
negative_control,467.00304629093455,732.0396481660831
Rps15a,466.2641152624328,724.6930723772277
Rpsa,467.08839096947975,724.3337468897512
Rpsa,467.7725681833252,576.4710627614536
Trps1,467.6392282678957,806.6980125008606
Gpi1,466.81217097297,772.6170220157444
Ctsb,468.8095276187768,670.1483875259333
Rpsa,468.7409679727352,660.6307356683737
Rps6ka3,469.8893852227092,808.9197834202275
Psmd2,469.0587272591382,809.888149700848
Tnfrsf1a,470.1822162496933,727.759009535358
Rpsa,469.31483767594057,707.6621780083242
Rpsa,469.275688907524,790.8379218706241
Rpsa,469.2753310051736,821.8553086067743
Myh9,468.9008071843695,836.4541144464988
Rpsa,470.0241221818018,836.5861218610514
Fkbp4,469.0167769389592,835.3424621655431
Rpsa,470.562974886668,684.5493666254372
Hnrnpul1,469.9309981249756,750.9770306802973
Eif3i,469.4799545607188,750.2420148615231
Rpsa,470.7796820920788,631.2450527930096
Tspan3,470.6033459052321,710.8805780731491
Ybx1,471.5751331282801,744.0089308247329
Eif4b,471.0356241576893,744.22823114192
Sec13,472.5963934257796,744.3596255332062
Gpi1,469.6044076016977,743.599456011113
Psmc2,472.9753046032689,744.2904383282068
Tnfrsf1a,470.7497996301609,743.6113961291546
Psma7,472.08543181279583,743.613037558523
Ctsb,471.0759307111604,615.5504927300638
Aebp1,471.74107055681446,668.6630703447775
Rpsa,471.80345878438834,564.4568990937742
Rpsa,471.4037507427672,794.1839531849889
negative_control,473.7357573008768,750.2540723407069
Csnk2b,472.6596052905107,750.3156696670712
Sfpq,472.71275169873087,747.2624041546711
Oaf,472.4866933110864,751.313562602568
negative_control,474.12323671273214,751.7727794655249
negative_control,473.6291275725968,749.2920362333965
Rpsa,473.56411176927816,700.0956352217503
Psmd2,473.8169214443774,747.0628303512565
Rpsa,473.22302621109975,697.4997825804114
Ctsb,474.6367392637224,561.8570747249242
Rpsa,474.7286915293865,731.4339685969811
Rpsa,475.0662085454357,806.3293095931808
Aebp1,475.4494286785973,549.1799230200552
negative_control,475.1683706522177,549.9282785649884
Lmna,475.214091316562,548.0751157025722
Plin2,474.5686058401104,549.4591611125034
Psmd2,475.8679537505053,705.7397070003915
Ssrp1,474.9168351021912,736.7188817450325
negative_control,476.0492883503072,736.7539475589815
Hnrnpul1,476.1810105675734,737.976509705584
negative_control,477.3596419897273,737.2506014253277
Eif3a,475.6646240078898,737.0926667002466
negative_control,476.3335559997506,735.6600129255613
Clta,475.12160234425113,734.993779677823
Myc,477.12846628295466,691.3921136453536
Rpsa,477.685941849316,759.7764746383529
Rpsa,478.0372909763125,542.9327691091031
Ctsb,477.84726393327975,766.4909937741099
Aebp1,477.4872675446654,776.672414368219
Ctsb,477.56711133902456,645.5458293658538
Rpsa,478.3414875123746,598.9732976221194
Rpsa,477.6434657009504,824.572078585551
negative_control,477.9484954531416,724.2970658285849
Ybx1,478.15910674879217,723.5940158412842
Tspan3,478.214616329558,568.5708472513177
Rpsa,478.1453866228912,573.4572779598519
Rpsa,478.6601785334899,677.4564734312647
Sf3b2,480.1313571746,677.2796898432397
negative_control,478.07609940960174,813.1787951181545
Prrx1,478.8693392420385,560.8226716781635
Emp1,481.0518781048078,700.6593054254186
negative_control,480.7767346922508,700.4334153369957
Vim,482.4523205164235,699.1259413732445
Eif3f,478.40077360635024,700.6120534754134
Ctsb,479.2369015725399,693.8443692813884
Ctsb,479.8397563275488,733.3395184571363
Rpsa,479.9937136661517,685.6466482940024
Rpsa,479.67197602882976,845.1649510350786
Fbln2,479.5828674812229,616.30778320417
Aebp1,479.5107255125168,628.9505304207846
negative_control,480.9155103259683,711.1303987107013
Rbm3,481.7334656921921,711.6267028122973
Tspan3,480.2824840555245,744.9838243133545
Hspa8,479.8925274202287,744.2392705429066
Fbln2,480.4494310106148,639.4826546065927
Vim,481.8328149274405,727.1504488842642
Sdc4,482.6197331945552,726.3203529946248
Emp1,480.4452672724808,726.6395343277704
Rpsa,480.6043162495441,727.603944058438
negative_control,481.2705221560944,726.6812459077797
Rpsa,480.7876137622826,633.6443541341208
Thy1,480.7493230240305,646.2568884575012
Mmp14,481.0717290121557,648.0599044049331
Nucb1,480.8334616038336,646.9658010046222
negative_control,480.8628221364729,645.9154857532951
Aebp1,482.2166396724038,647.8923414043851
Vim,480.0313198180779,644.8501777588456
Emp1,480.8324806682143,679.3417334570718
Hspa8,480.6201185325788,676.2326494514296
negative_control,481.8114639219594,677.950402344846
Aebp1,481.8429596883772,643.6618512325397
Nedd4,481.5743468960633,642.9196605141861
Rrp1,482.2703387328132,643.2643043509579
Emp1,481.8764811246612,644.005229867451
Zyx,482.3886356911694,735.0710332913801
Rpsa,483.1862330568845,717.4620062216438
Trim28,483.76384967267137,779.4366044633276
Plin2,485.6504823771468,780.4923067818061
Lmna,484.9031746641581,779.1423673995523
Ubxn1,483.98829743331504,780.6778565873353
Thy1,483.8509844346911,779.7167367921887
Fbln2,483.24068459063074,721.2425492782218
Hspa8,485.3616602165024,814.8440971614375
Vim,485.66052006945415,815.7815782550833
Prrc2a,484.6411038234548,814.7990100892099
Ndufv1,484.668038074397,816.0012171058524
Sfpq,483.2436667765194,816.6340624207583
Rpl18a,483.8059316314709,816.5986532294017
Ctsb,483.2379521762503,685.4174782210195
Psmd2,483.50682501853737,700.6682263455324
Psmd2,484.1952210900665,690.8976191457937
Vim,483.8123722618599,792.0392224132902
negative_control,484.4568949136344,792.4610771514028
Emp1,484.1122140698719,790.8035327926623
Sfpq,483.4273869471094,786.4824795414885
Mtch1,484.018876648236,785.359850436829
Lmna,481.380443003169,785.5955708860145
Rpsa,484.70123373449246,786.5568714465367
Gsto1,484.9449914626018,694.1698181093282
Ybx1,485.9360775859983,694.0470945338596
negative_control,484.89626871361673,693.9192709040492
Rpsa,485.23021808650697,694.4260622745512
Tsc22d1,486.5269595795518,694.6366306591917
negative_control,484.8636081030039,762.7497753590158
Prrx1,485.91278001068224,664.6722297122279
Prrx1,486.47300423696265,543.6200167484701
Msn,486.8735175515376,756.2193215899968
Mmd,488.1205745257005,756.5349576677058
Rpsa,486.7676085037374,713.23945151643
negative_control,486.7587243319656,712.6707253971176
Hspa8,486.6301367078702,823.692610429951
Fbln2,486.74956236372543,751.4669421204919
Rpsa,486.87189161862,565.4535950215579
St13,487.7123987687031,699.9761136391618
Eif3a,487.9415932468915,698.198447140689
Rpsa,487.39105988396,535.7701314204656
Rpsa,488.19939187745297,839.3946579782635
Rpsa,488.26310360081686,526.4418462006806
Prmt1,488.8793422429327,734.9779683617592
Rpsa,488.7283564341113,686.0540055309381
Ncl,489.45323540251394,501.6432958370912
Psmd8,489.2810524230079,500.64354817064526
Polr2e,490.27736891757246,692.9600713620182
Mdh2,489.93868492716985,693.7088897610085
negative_control,490.8165885988749,693.6920586488162
negative_control,491.2146264604402,693.2907073830455
Fbln2,489.2618146142143,680.293462715956
Fbln2,489.5867930600659,762.2093374116662
Pdia3,490.7139024210833,763.9178120154356
Prrx1,489.8581000972407,548.4890007761637
Actn4,489.6172850094133,809.2658223005792
Rpsa,489.4640429258719,810.2365266200289
negative_control,488.3433490952764,809.4207366464691
Tomm40,488.676420539805,809.0165509957006
Ppp2r1a,488.9140498661022,809.0393422676457
negative_control,489.8045250032904,798.9966041556731
Rpsa,490.9373956971973,735.1658747600937
Rpsa,491.662022981576,502.1696629042389
Rpsa,490.97606501682856,541.8117684887604
Rpsa,491.4763761950282,498.2785200537284
Rpsa,491.9389021861176,652.1796988150693
Rpsa,492.38070434877886,561.7693489138917
negative_control,491.494060419207,681.3588515280295
negative_control,491.7805732723404,682.229425525572
Rpsa,492.4921377493473,831.5396161078843
Ctsb,492.5981770190165,709.6137989202168
Rpsa,493.08771977385294,571.412981989808
Rpsa,492.7944893460615,670.0379139179379
negative_control,492.854577798816,675.2673504785595
G3bp1,491.9998136633183,674.2314644249
Ctsb,493.0043765877997,674.0184040714187
Mtap,492.03848904618906,674.0245169439197
Aars,493.34459930635103,420.5719073955154
Aebp1,493.3399035488952,584.3678388594828
Myc,493.8364585530925,657.5233552743825
Psmd2,494.8163224758232,750.3062734285277
Mrpl16,495.15313136949794,451.16453821000016
Rpsa,494.81114053083616,450.7608230142294
Polr2m,494.7650889463432,449.90947161564975
Fbln2,495.7164657513265,747.5750637971619
Rpsa,495.801048234286,793.6088290716184
Fbln2,495.5099653873964,705.751105561639
Thy1,493.92356726477055,705.6578061188748
negative_control,493.1524815704788,704.6527948058402
Zfp36l2,495.7424951338606,418.855433694278
negative_control,495.4334779345314,419.36556674430926
Rpsa,495.92395711274816,432.5585207837573
Rpsa,495.5779493352784,526.9431113324993
Aebp1,495.9861499776406,737.5815687258785
Rpsa,496.0701074940621,658.5935368865518
Rpsa,497.320866303452,562.7621046372301
Nfe2l1,496.8705447270348,473.64913112815776
Msn,497.06777925527774,475.40829286894177
Hspd1,496.51859373199113,474.2019969130633
Polr2m,499.14349160829954,476.52952020864376
Rpn2,497.2862050570071,474.04207697094176
Rps15a,498.7537130790744,475.8472739865375
Rpsa,496.8018170501434,808.5760089564536
Rpsa,496.99304161719954,649.5712643394079
Rpsa,497.66131981576456,496.9830866790978
Ctsb,497.4738199082682,516.4936963564126
Rpsa,497.9386006680032,566.1135648295108
negative_control,498.555113690387,670.4565544531827
Rpl18a,497.3078636116216,528.2549986946103
Ctsb,497.4690709537286,528.5426013437591
Rpsa,497.8486900525229,772.3354412669031
Rpsa,498.3941385903863,755.9221680824278
Rpsa,498.9114346273187,692.8531996146689
Rpsa,499.3948983743978,787.9098474087417
Rpsa,499.3704345937661,469.79468742933534
Hspa8,500.66354633646336,470.1837864043789
Thy1,502.9067365223967,467.2815448598334
Ybx1,500.5103819211311,468.4107988743896
Nr2f2,500.40824509495496,468.6180424665906
Psmd2,499.69201341052167,542.8770949178002
Rpsa,499.3264136711766,716.9651576450619
Rpsa,500.282124717266,829.2927188830199
Zyx,499.0863334450162,417.55765811038646
negative_control,499.5828125959504,417.33161322873855
negative_control,499.65477955567786,418.3329653430601
negative_control,499.9922737014596,417.2592796799936
Rpsa,500.7863905512995,483.309750309873
Nedd4,500.99117393900826,730.4091560582157
Malat1,501.3577539293024,731.1562899708106
Fbln2,501.0508315345817,731.1763173890944
negative_control,503.87620885151375,731.0901265160081
Rpsa,501.3282780675255,792.4513175924875
Rpsa,502.0272682461777,806.8814403856018
Psmd2,501.871878040843,736.0188775383286
Sec13,502.2726416234934,737.734837804421
negative_control,502.1402288390345,737.0990201265262
negative_control,502.1309171614143,737.8581778510836
Prrx1,503.1872634355311,491.2020835006098
Fbln2,503.3174507089197,654.0144317535701
Fbln2,503.5437600288652,498.3938562163573
Fbln2,503.4203982663048,477.8610057115949
Ctsb,503.5352006884059,647.446884813801
Aco2,503.691387296512,697.3066966881123
Tpm1,504.3381735796841,696.4291050439083
negative_control,504.7568482171689,697.0417218499224
negative_control,503.6914869196045,697.6282292407074
Vim,504.5085568213257,696.9370542196025
Eif3f,504.222361939112,447.5533786359487
Rpsa,504.5431332638212,457.6089741979679
Vim,506.0512880202256,725.0732117866426
Thy1,506.7711310806856,726.0057089820054
Zyx,505.39705323892673,724.6843689412958
negative_control,505.3539613175376,723.8757483364291
Rpsa,504.8038567240135,693.2472397341226
negative_control,505.7249338162925,736.238358520083
Hspa8,506.17499444448487,736.0002088721827
negative_control,505.6920993891957,742.5486715302453
Arf1,505.2825999688802,757.3181465302804
Aars,504.707454932413,754.8158713298325
Vat1,504.4752339732373,754.6091955010781
negative_control,504.6587340291407,756.0499805662542
Morf4l2,505.4102268884389,753.7551619421795
negative_control,505.565043622854,753.8214791939719
negative_control,505.8218973550904,481.45189042246017
Vdac1,504.81700949581096,465.42114223110127
Fkbp9,506.4730956678965,464.7791686433045
Vim,506.50324798120585,465.4635388798675
Fbln2,506.5366641306142,464.07317802071486
Rpn2,507.7268988107446,687.6225154829867
Fbln2,507.5434115073706,498.781966269185
Myc,506.9492961386562,603.3674109223241
Fbln2,506.57070072607615,647.2316114319669
Fbln2,507.5589443203688,515.5013257220721
Aars,507.3796357658581,794.4302733292311
Myc,507.6868092678958,654.0949674648226
Ctsb,509.1701067597111,514.0836029451539
Paics,509.41709849272536,776.8274918071345
Zyx,510.90814884470126,776.4114536722896
negative_control,509.29042160722855,776.4194923726101
Hnrnpul1,509.75134531776695,778.6132076481409
Rpsa,509.4626395777312,777.6427725760132
Ctbp1,509.1683636116186,775.9702092163351
Rpsa,509.7219529071672,710.0897724864955
Ctsb,509.8646199155009,619.0371095782928
Aebp1,509.0800483885511,692.3032208366728
Aebp1,509.6082137096083,701.4712448507241
Rpsa,510.1386470542249,454.0734974593231
Rpsa,510.645326488809,458.0705045671903
Hspa8,510.27509115792617,460.8464341724472
Vim,510.98523933014974,461.791597880379
Psmd2,511.5181031258113,684.7756564698576
Prrx1,511.6800775430616,774.240683650338
Rpsa,511.7183252326711,782.0805303892078
Fbln2,511.69004436553377,697.207641579396
Rpsa,511.8180812038371,573.9555662089789
Hdgf,512.9124397406912,573.253769946391
Malat1,512.4621562587726,573.0057889595661
Rpsa,512.0076139957642,429.6418828836538
Rpsa,512.8059601731964,657.7445838270036
Aebp1,512.8129898534725,635.7580688130507
Rpl18a,513.5217978733414,772.4305743293473
negative_control,514.3139476442719,506.6914120084447
Rpsa,513.3720780935739,466.16235643771455
Tmbim6,512.9061051155327,722.7432884244296
Pafah1b3,513.3262006554695,494.3939012651832
Fbln2,514.2183956757908,493.720102093146
Vat1,513.1693392943279,760.7452208804091
Ptbp1,512.7980881769371,762.1848845646336
Psmd8,513.8707371392497,760.5810345129689
negative_control,514.220097160455,762.1753689188796
negative_control,512.137076081144,761.2069096980276
Rpsa,515.4751165686278,713.6732549098468
Rad21,514.5824041873126,705.0749475835518
Laptm4a,514.4808318224937,704.965806941647
Got2,513.7267073057307,702.3212297447169
negative_control,514.6370586057211,705.1838699189291
Rars,513.5690580011316,705.0040811800184
Fbln2,514.9649141401212,701.5787544769819
Rpsa,515.5675000928412,525.8092557283037
Rpsa,514.9454173460326,683.4176143095907
Rpsa,515.7879495071426,439.3550340296762
Myc,516.2030041591531,747.5930837916828
Rpsa,516.1769808225376,606.3726728322795
Oaf,516.999549750875,744.0587561977223
Tubb5,515.6283637859005,744.5865355282431
Psmd2,516.5869069957389,744.8172021407679
Ergic1,517.9350893842986,744.0727321774646
negative_control,518.6325359658799,745.341677155501
Fbln2,516.5666064905909,468.44884121092
Vim,518.4547630786144,519.5884421695347
Rpsa,518.1656399869636,520.6670489595124
Ybx1,517.4851955162667,613.5466005475384
Arf1,517.6274965301627,612.6337285447856
Ptbp1,517.7537294853797,610.8733236381006
Ctsb,517.8601098494333,612.4012314411985
Malat1,517.6686987037516,612.338681601594
Ctsb,518.0989962920642,729.3597715240005
Rpsa,519.1654378386274,738.2065958920991
Myc,519.6836924256816,705.449455109295
Psmd2,519.9951342002116,618.1129953549569
Myc,521.1099219633886,670.9758902641115
negative_control,520.7138712777645,477.65864544638856
negative_control,522.7080373285914,683.7176827395608
Aebp1,521.1717267456418,682.4045253230952
negative_control,521.2596178779115,682.7323261342643
Arf1,521.9523594163782,747.664660566039
negative_control,523.0003259626816,747.7291987746676
Psmd2,521.8301026920198,746.5201182224448
Msn,521.7395763758343,748.5382756452051
Pkm,522.3967035702743,748.541774572576
negative_control,522.3806541088486,746.6954797874923
negative_control,522.512813865806,748.1500568941096
Prkcsh,521.6032663930157,509.9482174107903
Fkbp4,520.8019096831047,510.2068154781133
Rpsa,521.4266021794792,733.0861489545816
Rps15a,520.8509914365465,732.7994853911835
Ctsb,522.1212691072575,716.2244854656992
Rpsa,522.3322888424462,685.728605439149
Ncl,521.3596101619719,461.4816961703921
Fbln2,522.4664969130495,459.0479188019377
Eif4g2,521.7663355023099,708.072707014757
Rpsa,522.4610327888556,707.7389332539037
Myc,522.5007374766625,504.1547989297658
Csf1,523.6887518418508,503.1901257766068
Rpsa,522.4892279865313,530.531492879762
Rpsa,523.2208811570467,703.8220432318751
negative_control,523.663733111761,583.8889385968602
Rpsa,523.4767601015562,524.3222972489392
Pgrmc1,523.7219485083451,524.5060106943581
negative_control,523.8332697868414,523.153151372902
Prrx1,523.5349513766321,638.1095635619479
Aebp1,523.3069584344394,664.6670322171497
Rpsa,524.2087217722494,456.04556384585305
Myc,524.5976916388705,567.7311770334143
Rpsa,526.0027865923158,474.0464865389318
H1f0,525.1197453143993,720.258976143964
Fbln2,526.2671698632582,654.8085201133811
Vim,525.5354272603865,711.2744381833738
negative_control,525.7875847922231,712.785367441585
Rpl15,525.1448333058114,713.2286213303953
Rpsa,526.5202868953029,451.7400869265846
negative_control,527.830284729936,450.6479382205253
Psmd2,526.8275277691222,469.8469864956025
Rpsa,526.7280504872896,462.4567615032811
Psmd2,527.5866844113516,615.3167243378285
Prrx1,526.7322459347935,642.1500642899697
Rpsa,527.2029558134084,714.9281419494828
Fbln2,527.2696027897425,729.850812228299
Psmd7,528.1235752629001,685.3655832650649
negative_control,528.3688662441921,687.2389217342684
Hsd17b12,527.6430506918783,661.6572997371951
Pdia6,528.1835552992551,662.1994527631587
Aars,528.6548979165156,574.0776996086997
Rpsa,529.5186271460817,733.8175106725237
Snrnp70,527.7711800747629,733.5056293785892
Ctsb,530.335392078035,615.1845735692361
Rpsa,530.1276879111122,696.7793924196676
Myc,530.3567022478408,461.80233089995033
Rpsa,529.7486923318079,582.6363793284642
Ctsb,530.4899069053088,701.3376905871801
negative_control,531.261382913119,723.0181636391717
Rpsa,530.8069574763143,429.01669086121296
Rpsa,531.5248169711808,500.8268700080485
negative_control,530.5134262695074,706.46148543313
Rpsa,531.7051402692839,662.3843392359703
Prrc2a,531.5069978241,661.8005897688893
Rpsa,531.6237587064292,690.9095913683929
Pkm,530.4416282621584,690.4982553682603
negative_control,532.912932587987,450.650158040952
negative_control,531.1459499929877,450.7961875541928
Rpn2,532.5749023828002,450.9794563613922
negative_control,532.0350321281774,448.8027036161092
Ctsb,531.9799196480686,482.93071146787327
Prrx1,531.8496756598107,562.0815577363621
Rpsa,532.6161458500294,521.2887361070735
Rpsa,533.0759819321055,535.7704837158669
Tcp1,533.7463268258929,550.0441807443884
Aebp1,534.1167575562087,551.5896140906725
Prrx1,534.0770261756142,501.2942761346487
Emp1,534.9388954235636,649.4069199431476
Thy1,535.0255637321973,650.7974420073899
Prpsap1,536.4980001191038,651.4355748777103
Rpsa,534.51545973166,649.4417329482491
Rpsa,533.4828871325686,635.3831225190013
Rpsa,534.4916796526625,709.367754830217
Aebp1,535.2779305255855,693.3259359884539
Rpsa,535.5116097043203,439.50243071761423
Myc,536.0638455907667,681.2869639045798
Aebp1,536.7878363531479,596.5482628499917
Aebp1,536.6970150788151,684.6958518960573
Rpsa,537.0787654089787,505.4183269089006
Myc,536.5593214011998,563.5836804400748
Prrx1,537.3161909639412,567.6342881796845
Psmd2,538.0834568502567,447.0134297600845
Psmd2,538.6678339718703,614.5195760701196
negative_control,538.962245421272,462.6716628230073
negative_control,539.3882226024897,462.6107659541572
Fbln2,539.1266434273975,497.6158175916229
Ctsb,539.0769465970883,692.5302598918593
Rpsa,539.2379584608922,536.7510184937264
negative_control,539.1397715573044,477.70313898034215
negative_control,538.8525473492817,713.9738205287133
Snrnp70,540.4654208001679,485.25179155699954
Tubb5,541.1813195853692,486.0773246719209
Csf1,540.3079470051171,485.5254688876541
Fbln2,539.143546402164,486.0735679078245
Eef1g,539.8147217699668,486.7504244977341
U2af2,538.6720722277983,485.3159102780408
Prpsap1,539.7687720741835,484.40238013617466
Rpsa,539.7407149244787,657.4273422338073
Sdhc,539.9165241171949,659.5636358150252
Ctsb,541.4877129120418,646.6576338246273
Rpsa,542.5189453863486,570.7688688736522
Ctsb,542.8061481263628,456.1269944175386
negative_control,543.7358942188114,713.5654206862339
Aebp1,543.4237823838722,652.1181839307136
Psmd2,543.4778530339144,584.2802966038757
Fbln2,543.3183874922693,631.1768122340421
Ctsb,543.647024585515,551.3012207383897
Aebp1,544.8782294383475,496.5132633725013
Tspan3,545.525297539334,708.8965053096656
Psmd2,545.4719337919155,446.8498984797078
Fbln2,546.4358510688619,633.2527070941917
Rpsa,546.7165203469576,512.0397765217863
Rpsa,547.58798210142,454.4470015998347
Snrnp70,546.2972556005207,500.7441777869125
Rpsa,547.9485499770627,499.9726394214397
Myc,547.7020863271159,654.9053014499734
negative_control,547.5258754751185,653.7166011306538
Snx5,547.6680728188436,653.7461675952126
Rpsa,547.9492688292282,461.033911069932
Fbln2,548.3482956101425,591.7300619722937
Vat1,548.2383545059391,480.37751143406285
negative_control,548.894403376135,479.03876762433936
Sat1,549.5305794174676,479.668169591048
Rpsa,548.8964073707311,472.2070359173567
Rpsa,551.4454990212785,643.4260365269098
Fbln2,551.5907884631981,509.713904085791
Lamp1,551.9262006728536,471.60126138264496
negative_control,552.0142780430867,471.7212016571897
Psap,551.3885291075633,471.1114415649021
Pdia6,552.0399092162976,470.9458390651928
Mrfap1,552.3843661758633,496.2618702265411
Ptgs1,551.8233206847068,496.50114445698085
Thy1,552.6251205397509,466.8882499566355
Fbln2,552.3618153397775,466.4590366263973
Fbln2,553.1168064127511,650.1401757928722
Ctsb,554.2645917869296,664.5279025046395
Rpsa,553.8727328913603,686.3936835817103
Fbln2,553.9959004686654,545.8647805618826
Rpsa,554.5303152339752,695.4362069837659
negative_control,554.3854602008721,480.5853632433496
Prkcsh,553.5649100334388,479.43941792899614
Rpn2,554.1940478369478,480.2204180884544
Rpsa,555.5112207022496,527.3458790995393
Fbln2,556.2071845757172,619.3202170324946
Rpsa,556.4178580431494,655.2982581205971
Rpsa,557.0666678073383,539.3656108207631
Rpsa,557.052767748141,575.6829811531068
Rpsa,557.6977001132143,628.137686173017
Prrx1,556.9914205749686,592.3903825382741
Rpsa,557.3466380584791,566.8317001447385
Rpsa,557.191841573594,514.9004896785176
Prrx1,558.5999334748274,479.0827867774953
Rpsa,559.201365800132,492.2073390559479
negative_control,560.0080113868216,473.8099439174252
Timp2,559.8055747372207,473.1172791177694
Fbln2,559.7232504822856,473.4431407936796
Cebpd,559.2689035050739,680.2267355499426
Ckap4,559.1277077722018,679.6678939935053
Aebp1,559.2758640945827,678.1878334531322
Gas1,558.5772533797114,678.9141344315378
Prrx1,560.1913905392184,484.54737155669466
Fbln2,561.3371211504242,557.325092130733
Rpsa,562.042266708784,660.0318985059015
Rpsa,562.5097773660132,543.1400857047481
Rpsa,564.149750034055,633.4262323802477
negative_control,566.5634344686363,655.4393644736922
negative_control,565.7262359357755,655.998530812318
Rpsa,564.7977340696089,615.9058214839514
Rpsa,566.2937024482814,532.2807392361618
Ctsb,565.9717835585654,466.10237065191336
Rpsa,566.5149676550739,672.3570204299019
Thy1,566.6281839447429,672.9972333652435
Mmp14,566.9157364250975,673.2642575441388
Gsto1,567.3575132067608,672.7122494716137
Rpsa,565.992128399821,648.5502524788938
Rpsa,567.7833165241886,488.0067183555741
Aebp1,570.0801407010448,654.2034996282097
Fbln2,570.5452932954621,573.3598218275313
Ctsb,570.5740519674121,554.1773230685726
Rpsa,570.624398363201,461.9119088053948
Aebp1,573.391250785499,561.1498154485417
Aebp1,573.5327972712353,633.9660527591973
Aebp1,574.1217581281387,630.9203224388182
Actn4,573.0995683039796,466.16548184212496
G3bp1,573.9935244108951,464.8726743611254
Psmd2,574.0420515776161,465.4405522938156
Aebp1,574.269094580995,576.225024255672
Fbln2,575.018085357997,570.0359975322893
Rpsa,575.4645227626941,646.4532286663571
Fbln2,575.847023324284,650.0997968817966
Psmd2,575.6653141976121,455.9910635509888
Maged1,576.3151347226394,662.9492722364429
negative_control,576.4678736276721,662.1595664877386
negative_control,576.8153494957598,655.8259136500413
Rpsa,577.723352084922,520.3957418108045
Tubb5,576.7560776750233,478.9011978967176
Ctsb,577.587205788699,481.1306834196562
Lamp2,578.4889013117962,462.4014407462927
Zfp36l2,578.2817311457566,460.7292858767536
Timp2,577.9709504702977,460.7420618840277
negative_control,577.6186989307912,461.0579942861877
Rpsa,578.1537744751688,596.3892138743498
Tspan3,578.662506783286,502.1567221382674
Ndufs2,579.0085989847248,636.9880819259663
Ctsb,580.436430412187,525.2323835517403
Rpsa,581.029774514632,651.318145367165
Rpsa,581.4956896068378,580.2405682934714
Aebp1,581.0974913459985,497.4251704076335
Rpl18a,582.2925471778346,594.7512092509522
Ctsb,582.4790195550617,663.2389262144243
negative_control,584.6611931695453,464.3147032085153
Ctsb,583.7716800677146,471.0532101266201
Rpsa,584.0506633255368,522.0620914029184
Rpsa,584.0131073377505,647.0847643128627
Myc,584.0374595885693,495.2867872117599
Aebp1,585.4211327959868,651.2208755432188
Psmd2,585.7159170073048,528.0322840440471
Rpsa,586.2153325131264,637.5193317054591
Ctsb,586.9176666754863,641.168325450148
Sec13,587.1726324105348,481.0457036222872
Tspan3,587.0437723663139,480.5939311159429
Rpsa,587.2103825799179,631.2674227311247
Myc,587.3707359472469,519.3133118969369
Ctsb,589.186660913221,654.1568978728976
Rpsa,590.2378284273173,547.4041275896527
Arf1,590.8169240789555,492.0568183571281
negative_control,589.3190497612651,493.1246275461062
Rpsa,589.6106025213808,492.70162151105086
negative_control,589.8742916534328,492.6706064057317
Rpsa,590.0014126243261,618.4966796309561
negative_control,590.0587114976116,612.1579759092544
Tspan3,590.6509080847778,612.576952440337
Tnc,591.1344874258713,612.8063587946348
Rpsa,590.8966539700988,583.576383151518
Rpsa,591.3694899986007,511.1740238680841
Rpsa,591.3737290265993,463.3704914480687
Fbln2,591.0431640775166,471.24846695236215
Rpsa,592.2905865739122,527.4776277000241
negative_control,592.0290344864939,630.5741419119296
negative_control,593.0633616421975,630.7219272410429
Rpsa,591.9194485972673,627.8893364425205
Ywhaz,591.764859843372,458.9647011757941
negative_control,592.7153552432017,458.1488236747661
Rpsa,593.449164922737,638.1817484502831
Ercc1,592.4844037774011,637.0102364289589
Cnn2,593.7928275893967,638.2502876708958
negative_control,594.0396644225885,479.1982827879045
Rpsa,596.4315961927638,593.5742574284093
Fbln2,596.3089533139025,515.3153801866262
Prrx1,596.7764963555554,644.2076170911515
Ssrp1,596.3864857689603,653.088538107299
Prrx1,596.9540798738487,652.8173960379803
Hnrnpul1,596.8278920926845,652.1989259026213
Rpsa,597.2407570448258,473.7973940257557
Zfp36l2,596.7137359307821,609.1307727014541
Aebp1,597.1423481332315,608.2364464390446
Eif3i,598.4408804913693,627.8868328197481
Prrx1,598.1683260389455,509.0461778297316
Rpsa,598.8615461488284,505.9511318984536
Aebp1,598.946739750656,620.6003653202729
Tsc22d1,598.8607137603715,528.981050251829
Aebp1,600.7655044787496,530.0396156739276
Mrpl37,599.5299024766157,466.0223511125647
Rpsa,600.5994749294623,647.7706727318006
Ptges3,602.2702141920744,568.6401012436818
Aebp1,601.6044380734177,640.0179820908818
Prrx1,601.6549733986558,487.7560084534601
Eif3a,601.9928985649127,487.10604873155046
Mdh2,602.2067868800578,487.1857798891895
Fbln2,601.6848319596394,610.9326589196355
Stip1,603.6531787699429,635.4976512722449
Rpn2,603.8451343412319,635.5857515830919
Tcp1,604.8142199252788,534.8838910445447
Rpsa,603.826563907854,534.4020507786298
negative_control,603.6557615341842,546.7566643498577
Myc,603.5954383983043,575.3755093841405
Tspan3,603.8286724589086,645.1508599706906
Aebp1,603.7553631028711,554.6944689144921
Fbln2,604.3319652867011,505.4378055632104
Fbln2,604.857755151174,467.1457319504709
Ctsb,604.6462380577614,565.6553035161213
Rpsa,604.7293459392677,526.6427060298977
Rpsa,604.4686629777545,498.8653320659491
Ctsb,605.0951819429731,638.5697838204734
Slc38a2,604.6383744505615,637.2559993023726
Vdac1,604.8993815842484,636.7641714096534
Emp1,604.9458665171202,638.3249935264323
Mtap,604.7432350524655,522.4531818769515
Rpsa,605.5867270774245,521.4142234024794
Rpsa,606.1443124654188,597.5668630750899
Rpsa,606.4466490124545,642.8959971518933
Aebp1,605.9366330910849,534.3140534300859
Psmd2,607.2062786724985,484.2577367209672
Rpsa,607.2819157368738,607.5802905413368
Psmd2,608.3611647075326,523.577800915384
negative_control,607.7901893211238,631.4754118616669
Rpsa,608.0510997079879,469.4108598000935
negative_control,608.3867346747038,488.5169457257121
Slc38a2,608.1699929451443,616.2814481638893
negative_control,609.182662535349,615.5119482407094
negative_control,609.6332390885165,615.3277994436376
Maged1,610.0712141259985,615.1772124525505
Vim,610.7436785375746,616.3936733861937
Prrx1,609.5201019753293,495.72676318430064
Rpsa,609.3156867776668,539.8604777689025
Fbln2,609.0433834905722,620.894741201682
Aebp1,613.7409430043227,620.9333570622105
negative_control,610.6048156916106,620.2636222163962
Vim,612.2360055267094,621.5852846453897
Oaf,611.7560096716055,622.1557118942312
Hdgf,612.3115751342712,620.638578422777
Rpl18a,610.7513471372622,620.7961127138294
negative_control,610.382613506807,621.3966467709049
Igfbp6,611.6784498070768,619.8318108826355
Srebf2,610.3813333731632,464.6021381178576
Rpsa,609.7078100060102,465.3005116737866
negative_control,609.6897718608333,543.00032663907
Rpsa,610.5809116757773,546.0153398118747
Rpsa,611.2206640813665,551.4640849075554
Fbln2,611.146035636785,579.8346395251408
Rpsa,611.5627037118529,568.8232687649743
Rpsa,612.1878431971038,504.17406049865787
Ctsb,612.0607922962397,602.8597672492867
Timp2,612.3528255025285,601.6314896752286
Ctbp1,612.8540318368988,600.9311179670519
Mmp14,612.8384601077287,604.5886169659465
Psma7,613.6294596124022,603.9612376719246
Rpsa,613.9941675519046,645.2297362580603
Rpsa,613.9771232836023,611.5392092051617
Aebp1,613.9887184022934,533.4114290619713
Vim,615.1947461660903,638.760431398345
Aebp1,615.2327344128378,639.3558527416519
Uba1,617.8552410184486,481.1730247914171
Tcp1,616.3833366897012,480.763300888132
Eif3e,616.4538277884207,523.5814565976084
Aebp1,615.0782482551926,524.4962576289444
Rpsa,615.8775020896935,489.24967711917833
Ctsb,615.626675629044,627.9404299692133
Psmd2,616.1559061151321,511.05724295846977
negative_control,615.8708726034245,511.5855249891301
Uqcrc1,614.9437027921502,511.0469898698966
Ybx1,615.5769993980113,511.9989763790605
Rpsa,616.9366141031795,564.1635601438202
Prkcsh,618.3060727589403,493.7597723878513
negative_control,616.5416014490211,494.62011420705056
Eif4b,616.6715747936648,496.1156562025931
Psmd8,617.1674933412273,493.6152017174884
Rpsa,618.0118885838958,542.337568842285
Aebp1,618.8025207268452,609.359330368519
Rpsa,618.584656914217,590.8225872770145
Malat1,618.5122671706272,591.7496416668321
Rpsa,618.6297837077301,501.8672079350812
Fbln2,619.2876758148693,530.377107064313
Fbln2,619.3043351888612,639.4969748585293
Rpsa,619.149080257094,603.0718798954882
Fbln2,620.0495295057761,517.378742534451
Tmbim6,619.7953819009654,515.718259737818
Ctsb,620.3209521265381,531.1309136813753
Fbln2,620.2517394203448,642.1172828927072
Rpsa,620.2545718740881,498.5936946627752
Fbln2,620.7373862023487,568.6580885361674
Rpsa,622.0492208298463,628.7231718854352
Rpsa,621.2882538423404,612.7577798316823
Fkbp4,623.7327375399045,559.5748612091895
Tpi1,623.9178574165401,559.379142212125
Rpsa,623.6387806217233,560.9171207989033
negative_control,624.3225084064102,558.7868223764534
negative_control,625.4452989542001,558.2240368345335
Psmd8,624.3923563232977,554.4825637926265
Fbln2,623.60031760267,619.0195390907732
Rpsa,624.4794259434177,638.3770882668897
Ctsb,624.5247138997009,539.1341663604826
Npc2,625.5444986787445,523.9834719535047
Tpm1,626.3169302280663,523.8662395456628
negative_control,626.3668905656651,523.7621738772302
Rpl15,626.8436358409484,524.7963597183123
Rpsa,625.721003915109,522.9319921068026
Fbln2,625.1104127255924,477.6493299091593
Rpsa,625.8907800589413,633.8201381202925
Srebf2,627.2413428441748,586.8351557934067
Aars,626.3008251564879,621.8574362632196
Rpsa,626.0653425836381,640.2580919504751
Aebp1,626.6546911550184,532.7348707396077
Hnrnpk,627.7289592301162,534.9388431436389
Ctsb,626.8480145570375,528.6131714344913
Ndufs8,627.0254981251651,528.2459679735787
Rpsa,626.9423566019856,564.2406438521489
Rpsa,627.2265465087568,553.2333322884313
negative_control,627.1353168813054,616.0318767532804
Rpsa,628.9526356505421,519.9186563900585
Rpsa,630.3111261763379,580.9402443431067
Snrnp70,629.3088645110739,488.05596905763895
Hspa8,628.2901962999399,488.1680200960153
Rpsa,629.0355599529082,487.2088376841647
Fbln2,629.8689693075311,474.80312165821215
Rpl15,629.0409692937367,553.686172154921
Aebp1,629.9718239057806,555.8676945473985
Fbln2,630.5928095477905,604.8089890048401
Rpsa,629.9667312680028,626.4462365582662
Ctsb,631.197864696383,573.0959592858069
negative_control,630.9183997265538,505.91780272645406
Rpsa,631.133978988985,525.131475826698
Vim,630.3207454167284,523.6010495283858
Aebp1,632.2189167862454,498.4521757415405
Rpsa,631.7169594965613,517.0694261464614
Rpsa,632.02208248049,561.0595257907812
Rpsa,632.2413082725487,558.071222515364
Igfbp6,633.6295414115294,483.7787190500667
Aebp1,633.044191331665,489.47522278190695
Txn2,634.4596831829712,488.4879277070461
Mbd3,632.8396307945138,539.5258053771727
Gsto1,632.806273565121,585.3424245588185
negative_control,633.9627435267939,477.5841429783775
Ywhaq,634.4330069172706,501.621109675774
Rpsa,633.0294795939311,609.9839163586972
Psma7,636.7323565233165,602.7669250661597
negative_control,634.9498777698482,603.7892953016603
Morf4l2,634.8277084589598,620.5206059607042
Fbln2,635.7749260979663,621.974886087209
Gas1,633.4977090828993,618.9740985260711
Mtap,634.6604331650138,622.7251125947059
Il1rl1,635.4832352169801,621.1813603682212
Fbln2,635.3139093271527,596.4121365016742
Rpsa,636.091373230116,493.79261489662366
Prpsap2,637.3302467364491,495.8368874119617
Tpm1,636.4712185308216,492.8888723774837
Aars,635.5302809364722,634.9523618137263
Fbln2,636.4209303036059,532.1473561492803
Rpsa,636.2446094585815,527.1937088358226
Fbln2,637.3078389562872,518.8881069754635
Tubb5,637.9028321066448,519.3596071538218
negative_control,638.6300261936223,517.7642779796255
Aebp1,637.8639107382957,609.5863793551868
Uck2,637.7184726699979,609.5096134615611
Mdh2,637.0975988662242,609.3940861394328
Rpsa,638.4517684268025,546.0901867130785
Aars,639.3795939323743,552.9878122939824
Aebp1,638.4256948037531,505.99443684729056
Rpsa,639.2643948697207,522.1693541569628
negative_control,638.7687922427883,579.4263772220926
Rpsa,639.6908829541678,626.4203199358258
Rpl15,639.6218370293366,627.3922480292715
Psmd2,639.5064559439986,585.7949291467523
Aebp1,640.24649508256,494.5137177398248
Prrx1,641.1014545147896,483.1414437961732
Stt3a,642.288178139526,609.487264380706
negative_control,641.7095297748324,609.6088496710156
Ctsb,641.846273995651,608.7401462252063
Mrfap1,641.2242337660853,576.1439473901621
negative_control,642.071328245459,576.2707673538596
Tspan3,641.1282973323246,605.6141661243282
Rpsa,641.9424836146169,617.8335151405613
Ybx1,643.068224083033,539.3663663473957
Vat1,642.5078171610276,539.6572292209156
Pdia3,643.54003936505,540.2968484772051
negative_control,642.2038483059786,540.5352482282093
Aebp1,642.556763777973,540.1257619075297
Nedd4,640.5470392972724,520.865939666593
Mtap,640.6299827695467,520.0135494674657
Loxl1,640.6164705869504,517.488087163819
Rac1,641.3943070740853,518.5638348543969
Aebp1,642.2142446144796,517.8747823277856
St13,640.5607071852266,520.4560335856014
Gas1,640.8574439147145,518.0265369185502
Tpm1,640.62486116747,520.264322311738
Rpsa,642.7834746578411,467.4039604976475
Rpsa,642.6741999093954,476.7977048959168
Vim,642.106587032297,542.3399275371978
Prrx1,643.3166582171762,567.0158299895162
Psmd2,643.4756677178035,507.9030265667125
Ctsb,643.2681379178979,530.3821602871286
Ctsb,644.023949004766,572.4674026148737
Arf1,643.0647219397338,572.7976435641435
Rpsa,644.6259605314068,602.6116215894419
Rpsa,644.7908030258956,491.98105882807374
Psmd4,645.7903370769741,624.3094726436217
Snx3,644.5192647451785,623.3127117459055
Ckap4,644.5037572559065,623.3501512155365
Eif4g2,645.7041441692867,624.5204226790954
Aebp1,646.6196434778226,493.4100218940319
negative_control,646.5761515793502,539.2743588778657
Mrpl38,646.0261921231211,484.7450095990638
Rpsa,646.1254996340135,483.4570288568693
Mtap,647.0902955846609,484.6233343158696
negative_control,647.1246864902793,563.2657599598026
Rpsa,647.6542310527288,487.2358660710223
Vim,646.2316758439583,588.1846660633449
Ncl,646.6602697400009,588.3397289243602
negative_control,646.7639179881089,589.7716856679276
Snrnp70,648.2109098106381,602.3193465842531
Aebp1,647.9417964124336,536.7670818571839
Psmd2,649.5426922852687,614.1765159214392
St13,649.7702012207433,617.0039906766054
negative_control,650.4409550195766,614.7668170402519
Aebp1,648.6125926615003,520.2618939492703
Rpsa,650.9914323800093,576.1285997560501
negative_control,651.709517326589,612.6616731464237
Fbln2,651.5676549244474,611.6334216363343
negative_control,652.1319117166079,612.625473685544
Zfp36l2,652.8594956235379,612.2389131598077
negative_control,651.4545247921762,494.4969081672489
Prrx1,651.9725762301405,509.647396129066
Rpl4,651.7401172704921,560.1491131754061
Ctsb,652.2370937409063,580.0132369055634
Psmd2,652.9020136403233,502.997398791177
Ywhaz,652.9807873961204,596.1957808816826
Fbln2,651.8957000455794,596.9202480857346
Rpsa,653.6388559856753,584.8633957869174
Rpsa,653.3834324760174,599.1885373583929
Fbln2,653.107289061725,499.98735979929074
Aebp1,653.0441261921062,569.0435745698998
Ctsb,654.1654721893424,481.30975407026
Rpsa,654.1844854407598,564.4984407256138
Csnk1a1,653.4424842729463,530.3517753431554
Pa2g4,652.8862749772095,529.7999447501993
Hspd1,653.6157804054525,531.35653548242
Fbln2,654.0021632488857,532.0401725898241
U2af2,654.2165903318598,554.9002519197497
negative_control,656.0818575303869,554.9361693174426
Hnrnpk,653.3702554080191,556.4867039707996
Crlf1,654.5633292117905,556.0258851478789
Malat1,655.5439554261299,557.1024881247621
Sdc4,655.8575928825736,556.8541449622346
Emp1,654.6547292041065,554.6193824880073
Fbln2,654.7098392566224,602.5691747760566
Hnrnpk,657.9755803368491,604.2115211157967
Ncl,659.5005930839593,605.2309351609796
Fbln2,657.1065316725164,614.9062729243263
Got2,657.8354685202869,462.604417996339
Loxl1,656.8334156928217,464.2061274984737
Ctsb,657.0895891262776,611.6949126588149
Prrx1,657.375876468366,537.8204337519189
Eif4b,658.8745742653778,589.644730915203
Aebp1,657.9533745566937,588.9052597347517
negative_control,658.2942626375284,590.1561251330743
Eef1g,660.1947027851589,588.3221506531206
Timp2,658.7599292360298,589.691047724138
Npc2,660.6258390684225,622.2828646376898
Rpsa,658.6516163921192,622.4652637250044
Prrx1,658.5774679807153,490.12214198304696
Xdh,660.0235897164825,573.7104754638359
negative_control,659.5550754939345,573.0811831359943
negative_control,660.5696864893653,573.0994364630988
Psmd2,659.6120056801444,478.6000599310569
Sec13,660.3486413992372,549.544892641565
Ctsb,660.8743850810268,548.9076244558069
Tnc,661.8127003124982,549.4138525873857
negative_control,662.5886484206703,464.8732025652216
negative_control,663.2384530734593,464.2271561804705
Rpsa,662.6286595410955,474.2259800303802
Rpsa,662.97762619527,584.8348669321683
Rpsa,662.2523421519538,524.8583371121623
Rpsa,664.8671627062184,615.1852293604115
Rpsa,665.223181263492,579.682680299615
Myc,664.7082037090883,477.0873675474628
Fus,665.0672312799222,475.5743076526297
Eef1g,665.7053087948909,589.7310474684693
Rpsa,664.9463006035808,623.4495149351038
Psmd2,665.1783095935322,595.9452531774729
Rpsa,665.7529006444356,563.3708089864737
Rpsa,665.8413407741346,546.9606457758996
Fkbp4,665.1255616448584,546.2250712017009
negative_control,667.9647109194556,518.1172849773692
Fbln2,668.0618661518774,519.0644470425308
Laptm4a,667.9974799081531,518.9425848617384
Uba1,668.3998655426744,556.0165278111322
Psmd2,668.3038783548852,499.5361471643977
Sat1,669.6701186904463,543.0430410767935
Prrx1,669.3003267788063,588.8739780727833
Prrx1,669.5968266218799,583.4782467304158
Fbln2,670.4981770627612,546.5817387818533
Lrrc59,671.27839387732,547.7407525988278
Ckap4,671.3580354360361,546.4066744112572
Hspa8,670.6132421826856,547.7252057376159
negative_control,673.0705648117846,547.4907566060272
Zyx,672.5371735326737,546.4278131323822
negative_control,671.0970284341374,604.4687095002664
Hspa8,672.0304241478277,604.4638109595546
Ctsb,670.9762940960188,617.4486547792183
Vim,669.2839849162457,486.5733221831075
Psmd2,670.6328645142731,486.0322384018439
Rpsa,672.0784459892708,511.3975211239774
Rpsa,672.2195435679148,561.8340168060133
Cnn2,672.299232613476,561.1869723006217
Rpl21,671.3499386976243,561.4109584219041
Prrx1,673.0629071834092,578.0053239310706
Psmd2,673.353412455338,483.5313960356071
Prrx1,673.4973837091223,611.0617326097124
Hdgf,674.509850229354,527.2445824066506
Tpi1,675.1310682340278,526.5614934011213
Rpsa,673.5992538656079,526.6019050855914
negative_control,674.1752675254165,527.0013531371756
Aebp1,673.5448569019238,521.2417062160681
Npc2,674.6391717639221,521.5624550164422
Aebp1,674.7726278129687,545.3898661951155
Nedd4,675.7358723170239,577.2999917118327
Ssrp1,675.3054836627692,576.2999159078087
Psmd2,675.3434025146329,589.5764593213275
Ybx1,677.4038368474255,591.4225774419157
Sfpq,676.6489300198443,590.2944491212999
negative_control,677.3492006130809,591.1990586183484
Ywhag,675.3976183403572,590.6668555193835
Arpc2,677.7690355461801,591.7369083012519
Fkbp4,675.4110720183787,473.4204768162876
Tcp1,676.2331533809904,471.4983926774258
Rpsa,675.6613674301623,560.3856298939401
Rpsa,676.0570327089049,477.7235273465895
Psmd8,676.422869939513,474.2844849489912
Rab7,677.1502333088304,474.35651363856925
Psmd2,675.2926400423612,617.4938816979267
Rpsa,676.8934881930788,580.4910885253094
Rpsa,677.6974467388374,481.6514982851704
Prrx1,676.9421606045969,511.1919432119003
Aebp1,677.7646714135549,604.5276123290416
Rpsa,677.1142325230228,594.4173455335207
Prrx1,678.1537898837821,564.8474746648906
Rpsa,678.7082320216875,503.54911811083946
Idh3g,678.632595508477,537.1184555030836
Hnrnpul1,679.0877963203372,536.8694268227639
Hspa8,676.6547927981336,537.7980308300146
Tcf25,677.5972851830624,536.0873555097819
negative_control,678.168536013727,536.899206001879
negative_control,678.2827962481265,536.4013426912156
negative_control,679.8227363633832,536.5435770449296
Rpsa,680.369365905296,492.70428421650246
Fbln2,680.4126049736823,585.840649984002
Rpl18a,682.7167618398337,469.0269263890338
Twist2,682.0690560545203,468.6758002847517
Mrpl38,683.6838306943189,469.0830588100734
Rpsa,681.8290040351287,569.0783641837749
Rpsa,682.9105735526114,615.937476318844
Psmd2,683.1128391195456,505.1198751126602
Rpsa,684.4516943044821,502.1679747546722
Rpsa,685.1899356564024,489.1986942898853
Zfp36l2,685.719115193805,544.9452292398793
Eif4b,685.0376248229286,544.702315046655
Vim,686.5486650258823,544.6672173349059
Psmd4,686.8089613613922,545.4671689179323
Hnrnpul1,683.7094880137897,544.1588305945687
Prmt1,687.7910770050031,574.7568134050046
Psmd8,687.6165142258462,573.9446596172719
Rpl18a,687.8175160873917,574.8466625940166
Myc,687.4545341643495,541.6041147670202
Prrx1,687.4967826443711,603.5100668774154
Rpsa,688.7241907773168,525.4843907126979
Mrfap1,689.7256137740961,601.5767988870615
Gsto1,689.2345103633928,601.9958655682518
Psmd2,689.877513069914,585.2206394268369
Rpsa,691.2440873749438,475.9450468586108
Pkm,692.0424988898201,470.015821081891
Nr4a1,692.0253385456878,469.4635408762922
Gsto1,695.3779331561462,469.9902980156785
Actn4,693.4561496424265,468.74958684043656
negative_control,691.5390865098914,468.6626573223772
Rpsa,692.9102722371822,559.3677650106708
Rpsa,693.1298893330644,502.6036983706492
Prrx1,692.6590538385287,540.9549635523155
Eif4g2,692.4096469538999,541.3877970260445
Rpsa,693.8295291865375,620.6443781753019
Rpsa,693.7823246579208,574.7286834884626
Aebp1,696.0270361923368,550.8765741390858
Rpsa,696.7595946144892,576.934657052314
Rpsa,696.9355550676088,611.7916680977045
Rpsa,696.6842370384767,469.1253812399994
Rpl18a,698.6331150067534,494.0280816194853
Psmd2,696.9614309887801,589.0599305410392
Pdia4,699.7447789217931,500.3635120316108
Hdgf,700.0201827308169,484.849314080862
Prrx1,699.6706861336911,512.8687442142416
Csnk2b,701.4463712265118,547.7829960671303
Hif1a,700.7736637038653,547.6207166578652
Rpsa,701.0957501797079,546.6236744552501
Psmd8,700.9111385942723,472.0527221220625
Rpsa,701.6461308380144,564.5298487294015
Psmd2,702.1405498678365,530.3659839211468
Aebp1,703.192221488639,481.7624677204208
Rpl18a,704.0086318165746,506.95742111565175
Mbd3,703.425499494502,491.8875510264721
Rpsa,703.2969854770863,493.0309751018468
Psmd2,703.0711916296309,573.8526969530158
Rpsa,706.859190413445,531.0345588707106
Got2,706.5684603351757,532.1988303057972
Msn,705.8514683051857,531.8190991508208
Rpsa,707.0536232739667,486.44304425474286
Rpsa,708.8859492720483,528.5324836883111
Ehmt2,710.6297652033855,480.1025106361365
Aars,709.492397012547,479.6366772428202
Gsto1,709.0032675113375,478.4987297975455
Rpsa,709.1322340457745,472.7094787671619
Rpsa,710.2823668400258,588.2279360384201
Prrx1,710.3748927847837,512.0657823638514
Zfp36l2,710.6961677393576,526.801640860407
Psmd2,712.0703309136367,559.8401741544546
Oxct1,712.014339863189,561.2067473350435
Psmd2,713.0685754247354,501.296227170928
Rpsa,716.8120746138725,527.2421268530981
Rpsa,716.4274217065152,546.0196064259408
Rpsa,716.7951902262911,516.426694294018
Rpsa,717.1426580744044,475.9567564966804
Hspa8,719.2333127388667,521.3568305381725
Rpsa,719.5657057794886,496.12328479257616
Psmd2,721.5046581068,525.4766412178066
Prrx1,721.6941672448089,562.1010521018621
Mbd3,722.1521796704945,531.0003124837191
Psmd2,722.7548719986255,549.000032587605
Rpsa,723.492925754883,517.8333397425248
Ywhaq,726.0573278967122,512.6863530151188
Vim,726.5227027612414,511.5152609256726
Ugdh,727.8503622057137,484.1416118181419
Rpsa,727.1496700037011,484.7654901333217
Rpsa,726.7080538132969,525.7400394021132
Rpsa,727.1834027350228,568.775176161069
Rps6kb1,730.8965863751365,528.8466682060435
Psmd2,731.9421108032562,525.7170263378487
Rpsa,734.2788158192526,534.2712799430673
Rpsa,735.5382086670367,544.524880581292
Rac1,734.6314776096094,494.0286573993019
Rpsa,737.3427873735559,494.9436535380556
Zfp36l2,734.9851569562306,493.52254284548167
Nr2f2,735.0727602185623,493.94083881678336
Ncl,738.3549218849813,494.6995329031066
Rpsa,738.0747055204132,530.1265744319321
Rpsa,738.8931974352046,556.1526700106405
Vat1,738.9747683217792,516.5892890374565
Zfp36l2,739.1243400272973,515.7331578487792
Rpsa,738.8378234669938,522.2909193660769
Vat1,739.559883287089,523.8089104850451
Rpsa,739.0187518607651,581.8946919737868
Tspan3,741.0450601692309,482.63634570079495
Rpsa,745.1093091135006,574.7268151216865
Rpsa,747.363475135383,560.3435596717347
Rpsa,749.1741299571927,555.8326603008636
Vim,751.6479198360172,539.0697859758675
Rpsa,750.0950926177662,537.9759480276833
Psmd8,752.2738434522053,581.7006088098193
Vat1,753.117468789883,564.9264836197185
Rpsa,756.0378565655608,601.1250945913396
Rpsa,757.4576091333822,549.3611168684479
Rpsa,759.4234844835237,536.912130681756
Rpsa,761.5460448527065,560.2677840747049
Psmd8,761.447540618741,601.3500644880285
Aebp1,762.318546502466,576.5204700820113
Rpsa,766.0739228801787,585.8224922860705
Rpsa,767.2954944962191,537.850216967339
Rpsa,771.0412855930338,592.1104361666679
Rpsa,773.2940203802974,588.4508577299416
Cct5,776.7827115304519,562.0455632135192
Rpsa,776.0076344576788,562.0539208539069
Vim,776.6235351502264,561.4593340202499
negative_control,776.5126111184952,560.4721114782599
Gsto1,779.6065709861949,590.2423560636455
Aars,779.3583577285319,591.1299064459007
Psmd8,788.6356287522111,571.0392181786227
Psmd2,791.0767440832882,577.9463915758561
Rpsa,798.6235573689679,621.6504512560371
Rpsa,801.0883189976245,615.1937260527504
Rpsa,818.2668439590743,587.3402728577122
Rpsa,828.5580183455663,609.0449080744108
Rpsa,842.3602359994937,623.1979132780099
Rpsa,846.1836801730522,656.4656800532803
Rpsa,847.9639786282482,648.7616516780266
Rpsa,853.6964568542991,669.5705001590986
Rpsa,859.9917819024297,625.9384242617095
Rpsa,870.6913700694917,670.1967900040531
Rpsa,890.7222435959491,726.5390081072273
Mrpl38,376.4881086700324,868.717085793013
Crlf1,394.1215156175724,841.315633353213
Ywhag,397.59266862655136,802.0667422956099
Nr4a1,401.0697406382253,793.6930507057049
Ywhag,403.01130485625214,800.6088822995038
G3bp1,402.54678017180106,798.392827406702
Ywhag,407.6743119412344,766.249585912323
Nr4a1,407.990543488534,815.3562487591338
Nap1l1,410.6024228174449,762.0850548273984
Ywhag,411.4818051580029,762.9778266749164
Eif3e,413.6383499372373,820.2981324053283
Ncl,416.9459182858629,726.2444570364557
Rpl4,416.6334016866384,725.8513649230545
Rad21,416.3606933804687,727.6203369448071
Crlf1,417.731988676608,744.6501448915227
Nr4a1,418.3927383187237,832.5559019618563
Hif1a,420.22426297279856,802.7303443025226
Ybx1,420.9633434118108,803.7172707018434
Vim,420.4129039985789,807.5350474645512
Hspa8,421.98410321406607,803.248347112739
Cs,420.5992896537115,803.1236334086146
Myh9,422.3130308534629,802.2064775155288
negative_control,419.5389990651888,807.290639530184
negative_control,420.5037722873034,804.5316012043295
Eef1g,418.83694402889097,763.6583851060471
Vim,418.68662860725686,762.1269999125102
Rpl15,419.66791309505055,752.0776899697053
Ywhag,420.8658982595196,751.1077318919713
Loxl1,421.3124340804416,751.6276769390886
Npc2,421.301503864343,750.4074590961246
Morf4l2,421.4756320061649,713.6878434946398
negative_control,421.30901078496015,713.551243042298
Rac1,421.8031044369239,712.6199010931703
negative_control,421.292508122781,713.8477877118903
Nr4a1,423.6160463306537,774.3900983653806
negative_control,424.0321003345005,774.7980648907048
Arf1,422.7070170515433,774.1235508030784
negative_control,426.1287406126723,799.8539736182544
Hnrnpk,426.3019206627014,883.621226529438
Mrpl38,426.69302825822,701.9461587474789
Plin2,426.5187003982608,672.171560079655
Eef1g,427.1720904284011,671.255850019998
Pkm,427.143435008296,763.5105555411403
negative_control,428.7381126911939,764.2509195095292
Vim,427.5243965441812,764.0279489948009
Ywhag,428.69872237282834,807.8880066283789
negative_control,429.0585313875631,858.7234221045667
Vim,430.6966505334673,858.5552387730077
Crlf1,429.51328633753576,734.940018070086
Gsto1,430.82294430346207,774.936152648761
negative_control,432.5730007112164,775.4130180392599
Vat1,432.253719114828,774.8000995784608
negative_control,431.76017487384695,774.951685546253
Mdh2,431.6557683207103,659.2848012974636
Raly,429.65126184207816,658.9364734001126
Fus,432.0859269631766,704.3571819362369
Arf1,433.18983516914415,797.7921091705997
negative_control,435.49477959763647,798.4155596130707
negative_control,434.1347469557154,798.9785402716855
Tpm1,434.1188869343218,798.88128590169
Ywhag,432.6846850130962,800.0191637856242
Mdh2,435.57374853873296,799.1944360067903
Plin2,433.0029550336444,808.0196408829818
Ubxn1,432.4702291967589,809.0863437477111
Oxct1,433.7468700185156,808.5775984416802
Plin2,434.0038507845041,724.8611394148268
Ndufs2,435.1950044970814,841.2491497131712
Hspd1,435.3763463535352,758.7265172519677
Cnn2,433.76287596894,759.3375132089506
Vim,435.6612382593148,759.8071040380623
Eif3i,433.9128589792557,758.7614098735911
negative_control,435.88540781500086,773.7556170480815
Gsto1,439.7062026419287,722.2055712855652
Hnrnpk,438.86372504590025,702.641196351257
negative_control,440.1804925718793,703.0068880806807
negative_control,439.8641339200032,703.4141248513093
Sec13,438.4149751454056,703.2438836125131
Vim,440.0448989535368,819.9493416959773
Eif3i,442.1962526401494,819.4335454303064
Tpm1,441.443711523427,736.7656482230967
negative_control,442.65941056658,736.7190791246803
negative_control,442.69438735707394,808.3977870109524
negative_control,441.7090900755236,721.5761298790949
negative_control,441.3502985573485,721.7082259273404
Ndufs2,446.2082777664098,642.8759177789728
Ywhag,448.0483989280796,747.9105823989338
Mrpl38,450.51788606510166,690.5668051116025
Igfbp6,451.90148643505415,622.2282627078731
Ndufs2,450.971170049236,630.9181321968763
Plin2,451.36780115219807,808.939763510109
Rpl4,451.3491861265375,774.9032136402817
Plin2,454.5588127703565,686.4403309624797
Ndufs2,455.0003197466843,710.9293057808017
Rab5c,455.437008581466,724.8250483816598
negative_control,457.01026617795895,723.6513342417098
Hdgf,454.75756668418063,724.2301154590748
negative_control,457.3343304541724,723.2423642331265
Mrpl10,456.0614062887702,741.1956637182295
negative_control,456.1612753194506,731.762398828446
negative_control,457.6514796995327,732.4968606502756
negative_control,456.7706778791101,732.3478840653735
negative_control,456.2500107403897,730.4122687095332
negative_control,456.79541441499225,731.6438701110515
negative_control,456.1789081015353,730.2000356133775
Rpl4,457.6585595040594,765.0594063961698
Aco2,460.86922401844447,764.1841159382805
Pla2g4a,459.2102453093662,763.8882927457739
Ywhaz,459.8024276880551,764.6155040066878
Ncl,458.5379526694626,831.2213584805743
Plin2,459.00028389271006,830.7129447789133
Actn4,459.2981467393592,831.495456769989
Ywhag,458.1341061060287,745.5476745952917
Nr4a1,459.3535293123282,856.897961327398
Rab34,460.74372602413325,607.9511566054105
Rab34,460.7676594087487,867.2702055943058
Plin2,461.1371140266951,823.4166756838611
Ndufs2,461.8178568783388,811.4749866065098
negative_control,462.57445895122623,803.7694583418642
Rpl18a,463.388805116452,802.7027763537028
Mrpl17,463.7838966203007,805.0468748033444
Mrpl38,461.84312024402016,803.82933435419
Nr4a1,466.50662291233056,734.1879962650219
Hspa8,466.8071523784636,759.3038644513144
Hif1a,464.895273810793,759.9133127863928
Crlf1,468.4484109401408,670.6041799122612
Plin2,469.96333875119154,605.5317710940237
Ywhag,471.6465853861853,815.4913956633292
St13,470.9376324494099,760.6647348892653
Cited2,472.30328042034114,761.4512937887843
Uqcrc1,471.006700677317,760.747584236902
Myh9,471.6735491693579,761.6639441699215
Mdh2,472.85510445137606,763.1354892136844
Pdia3,472.712284915435,762.9933324414902
negative_control,474.0082504379321,773.5239418722551
negative_control,472.742722310081,773.9110660249376
Ywhag,475.1145589728656,774.2557824181256
Rpl4,476.3448960669888,779.1759416768766
Rpl15,476.76430910669177,694.1649505022677
Rps15a,476.9289033391112,693.9288794841233
Tapbp,476.8765390532181,715.5155039959776
negative_control,479.9915557040659,675.4891809822092
negative_control,481.8312298458992,742.4775134120582
Vim,482.536646571086,808.5194898281459
Skp1a,481.9853316488482,809.5399815331783
Ppp2r1a,481.8172812137588,809.7223717150907
Nudt9,478.6956478219452,809.7308348984286
Xdh,482.0630962724257,809.5634682534484
Timp2,482.77904002720106,551.3090821339822
Mrpl38,486.7581615247021,541.9841859413507
negative_control,487.8340099770596,806.9000310516905
Pcdhgc3,488.29290875455183,755.3236752785981
Rps15a,490.4914922437141,755.0904584275651
Lamp2,489.7124901404874,755.3687420760173
negative_control,490.50256402660017,755.7920879923496
Plin2,488.5360086003082,755.1930317908218
negative_control,487.3077285461562,753.3687360284298
Rpl21,490.6166434410884,746.4309411704082
Trp53,489.9838324493178,745.6357016994468
Ptbp1,487.98301443408695,746.8792212114508
Crlf1,489.32071948219567,746.1394738400217
Tnc,489.71047237874063,660.7823253830129
negative_control,489.0267809258074,659.9685307897669
Paics,489.4152518669089,659.4624423696561
negative_control,490.385982296344,659.6568327780029
negative_control,490.456919857311,660.0259814054871
negative_control,488.401164785102,659.0306180780283
negative_control,488.64784422119806,658.5314066343403
Pkm,487.398522918642,657.9178485301725
Ywhag,491.0190293099314,434.6473472050941
Ncl,492.24896280361423,434.4740555184039
Mrpl38,491.0203772987212,608.3587991349418
Mta1,490.17286699680864,781.6058755911932
Neat1,491.7616073158392,561.5383615721984
Eif4b,493.45342470499855,483.4364917604525
Mrfap1,493.9569807800768,482.1794180787609
Plin2,492.894208909494,483.1091921574889
Crlf1,492.6484408832491,699.3400459703943
Ywhag,494.96695904369153,492.32730596030194
Plin2,494.7081822813665,536.5529183619944
Srebf2,494.3236861855679,717.1316989648456
Neat1,495.6259937773289,621.5632308146231
negative_control,496.82750363363857,682.234765069439
negative_control,496.3130004123417,681.0514548815233
Eif3f,497.4226626933904,682.0871503192783
Timp2,497.2369762597156,680.5835422440992
negative_control,497.8859655118781,682.0677145517834
Nr4a1,497.3626696326199,470.5943052822437
U2af2,498.482911060224,750.4021142308261
Timp2,498.2891248449943,749.6747174181796
Rpl4,498.5980517664496,667.3193112221312
negative_control,500.0250384862625,497.8059669441959
Gsto1,498.2803904280487,498.6349650412444
negative_control,501.0975189894575,698.9894955561917
Crlf1,502.5090992284803,507.89658493725767
Ywhag,503.67579692233176,454.005646828366
Mrpl10,505.5219399203436,770.9959146439094
U2af2,506.59089859358886,759.3379288390195
Ywhag,508.3784307601279,428.2261630640921
Tnk2,509.1913278279072,755.9481170461686
negative_control,510.21429123951407,754.8189947023454
Plin2,510.0851014257257,442.9095315935599
Rab34,512.0216848258864,418.1866576458194
Neat1,511.70289174184063,587.1057606115185
Neat1,512.2411480733967,598.2885025147402
Plin2,513.707202992749,463.7346583170456
St13,515.7597267633441,720.8087395958481
Plin2,516.5143412603193,719.6201769507286
negative_control,516.4949141813192,719.6066363281999
Ndufs2,515.9472310960005,549.3376128808397
Neat1,516.7648338319158,545.2545350012845
Gpi1,519.0504338737046,764.2654127904641
Rpl15,518.9341067974876,764.4507366209134
Eif4g2,519.5391540353398,764.6712658105317
Ndufs2,518.5920639927742,582.8823886407124
Mrpl38,519.966773741101,740.85590060803
Mrpl10,522.2712303506744,712.3544099587207
Nr4a1,523.681644798385,744.8486845925095
negative_control,525.4410880209301,727.7332275883797
Eif3e,526.7358727063836,467.34099877446977
Crlf1,526.545375949823,467.1427352320211
Prpsap2,528.9014582286604,646.6305532200652
Nr4a1,530.7707967198667,747.2610615897117
Plin2,531.9440913672408,518.1234171853564
Neat1,532.9590519732855,593.6728207570679
U2af2,536.0337631672372,586.4747637419996
Malat1,535.5687527874677,605.0934204033281
Lmna,535.3636814770381,605.063829748854
Mrpl38,535.9444996066568,606.7444713891683
Neat1,535.1432300718295,614.6978351265163
Plin2,537.4054662051665,485.36110914676266
Neat1,537.9406232742379,595.4484568620671
Ckap4,539.6723842712247,454.6942667425219
Mrpl38,538.772576427479,455.99152707858286
Neat1,539.4690439961448,591.0247043845122
Neat1,542.4186935469572,608.7335000659206
negative_control,542.590601783444,658.4921031015463
Ywhag,542.9653583498075,600.9641010842911
Ywhag,546.2484508687903,462.0336772800156
Lmna,545.7175935057312,486.5180007487901
Psap,547.1206704660708,486.1385215275926
Neat1,547.8547532461552,612.2747272229279
Crlf1,547.8190380848309,470.0726965150585
Plin2,551.6431841378335,452.37659797051913
Neat1,552.943492801159,632.0737922440005
Neat1,552.5386308418244,578.2488897446734
Neat1,554.6083701998293,635.9795416392335
Mrps18b,556.5935762755978,543.168715571353
Neat1,556.1078244408905,578.7907921440635
Neat1,558.4605026650325,582.970804091194
Plin2,558.1436723370705,471.6756481305094
Plin2,558.3124040679937,448.75018979019154
Neat1,558.6738112949997,625.0178740232689
Plin2,561.9031182020118,658.1473322117264
Neat1,564.8660758321175,606.7944700941268
Nr4a1,567.8144046740551,477.0969893565642
Plin2,569.1208228752696,563.7672415767466
Ywhag,571.0488759199565,674.3781451795926
Neat1,571.4099347107917,568.3445209770696
Neat1,574.5949111341135,604.5200379707741
Gpi1,577.5367162319965,463.44905461247663
Vim,576.6678612558624,463.9646242711075
Pdia6,576.3425488122084,463.3992388182492
Plin2,578.8221516026515,487.7090621657912
Emp1,584.5538990296632,628.9241755753235
St13,583.8387177365316,629.9243360427535
negative_control,583.8961635477631,628.5874130715431
Ywhag,584.648441546015,646.0076910519193
Thy1,584.8265356878984,467.10428485912064
Ywhag,586.9813601839808,474.54941131376125
Nr4a1,587.6049070715317,478.6965236112225
Plin2,592.1238643800017,511.23520612486624
negative_control,596.2078124745767,472.12516803976325
Nr4a1,598.629853623436,589.9204581789675
negative_control,598.1594679884578,590.4024324523853
Eif4b,597.0836190429824,590.7424277344368
Lmna,597.6270544994911,590.5198614211524
Ywhag,599.0641664540836,487.1466053310365
Nr4a1,598.9362336131004,615.0383489242101
Plin2,602.6750599514633,525.3813721400261
Tnc,608.0041585039739,641.5144612640788
Ywhag,610.292753880055,591.8153676241573
negative_control,612.1796560391014,490.7095084915125
Rpl4,612.8548584266828,474.235416956874
Rps15a,614.3628591235715,481.9052387579221
negative_control,614.3889952006584,481.507216957509
Plin2,617.1981987170404,468.5478471291549
Rab34,619.2038200200964,576.9051889720392
negative_control,620.4181833607653,476.06464991310895
Rpl4,620.2960103534278,558.5455078684073
Plin2,624.0283219076945,484.4425526017076
Ywhag,628.160961750535,472.5160925632839
Plin2,629.8504524783073,478.1888894467946
Nr4a1,629.8881614547522,594.3095862222332
Thy1,630.3305269634361,594.3523875622066
negative_control,631.6595643978072,594.4226680247766
negative_control,630.5501571166068,595.4395944005314
negative_control,633.6722109300886,559.4757203072943
Rpl4,634.0542888420474,564.2220084457158
Plin2,635.568771041057,476.45142311025313
Eif4b,640.4420549453099,542.8987012613603
Snrnp70,638.3047647822443,541.5230941947382
Thy1,638.8119052626023,541.544246846872
Rps15a,638.82039864372,542.9769674400811
Npc2,639.9948138383174,543.3226971583897
Morf4l2,639.9238956977499,611.7722879392464
Lrrc59,638.6753477558325,611.5265627123827
Msn,638.555776838396,611.8273285669062
Plin2,639.7847551841317,510.5638959619535
Timp2,644.1474763666894,511.2376835675415
Ywhag,644.2834525876443,511.92644627998783
Plin2,645.788410177327,544.3849889238878
Vim,647.2220222130472,477.5909318730821
negative_control,647.8861701106559,477.87740591168887
Hspa8,646.7191160967616,476.8877997628471
Rpl4,647.31422884097,461.315480448436
negative_control,647.7727333489504,603.9774214681817
Snx3,648.9319717870436,565.5447031701232
Eif4b,649.6899125937562,566.2889161640211
Plin2,648.8428318223575,566.1734037143522
Raly,651.2976101597553,633.1090540972849
negative_control,650.5288510361042,631.9541535404945
negative_control,651.5181732695961,616.2265243273353
Ywhag,656.7623724197801,618.893549721226
Nr4a1,657.8414513950393,624.1930465125255
Rpl4,658.0759092589714,592.9819657895757
Rab5c,658.0938028830733,593.7197905323529
Ywhag,660.0233849848978,585.9731857859671
Nr4a1,659.201672383109,554.0130935178709
Nr4a1,662.0036636306837,466.4747538165507
Snx5,662.4887878999936,617.3432878903978
Ywhag,662.9436904491567,600.3405923616932
Rpl4,668.226541385538,579.8120486168159
negative_control,670.2992239032175,606.8925616724534
Plin2,671.1154145448033,576.4668375676395
Prrc2a,670.8956874896734,577.3464539874161
Kars,671.4073822415567,575.5918912737741
Ywhag,671.8920484188301,568.9096575513977
Rpl4,671.694349089862,594.7527331720054
Nr4a1,671.7396191392044,538.1234392140235
Ndufs2,672.2549181869671,467.86642241771455
Timp2,674.571430142061,506.1872381923298
negative_control,673.9921254942507,505.20001488508746
negative_control,674.9443664067321,506.1278522093877
negative_control,673.9609584600216,507.2768701416774
Pkm,675.3784450661201,566.7078271590592
Snx5,674.3238097042774,542.9228650916627
Emp1,676.214727563336,511.1464530791592
Ptbp1,677.2435857535933,512.3537461787914
Plin2,675.4389310515513,511.7027548886813
negative_control,676.7530410965284,521.9531717091745
Rpl21,677.8395467119703,488.5711061909061
Ywhag,678.4317157402118,467.9274639997425
Gsto1,681.016373517415,544.3749900048211
St13,681.8858438707833,544.081938614901
negative_control,680.7840748857545,544.5050672412057
Ywhag,683.0942396402527,567.0175285219419
Ptbp1,683.9979023948055,519.8037758236302
negative_control,683.4356178016375,522.1678998150483
Plin2,686.5811547811696,548.059021011521
Mrpl10,686.7088315970158,509.1043531403201
Mrpl10,687.0591744250514,484.4661880272598
Crlf1,687.8195754070792,523.4800151789775
Crlf1,692.1427607298523,546.8931456718736
Crlf1,692.1640138468492,528.1205916001497
Hdgf,699.9172089916437,543.0141742848551
Lamp1,701.7243509270951,542.1297965004392
Nr4a1,706.4882814670939,560.7373623312387
Ywhag,708.6274864769357,487.5978634927636
Eif3i,707.7421179739682,488.47368598709113
Mbd3,708.7776660765312,489.0461681376154
Plin2,709.2124351579233,567.7843009930396
Ywhag,709.547251017489,498.7990428992083
Rab34,712.6803822618243,533.409633507066
Nr4a1,713.6214430204554,564.9809211720344
Plin2,713.5691902394622,512.4317601674484
Mta1,712.7466298110248,472.6333702081649
Ptbp1,709.9569542689717,470.9408029442685
Mrps18b,709.9350571736837,470.3757944003032
Cnn2,711.4362705480709,471.5938342852199
negative_control,713.8520466667957,472.1362686717199
Eif4b,714.6954887953412,497.01244865847457
Thy1,712.4121445431538,499.0641641281301
negative_control,714.5743004139531,496.9238935171648
negative_control,715.8523537667032,497.2663024816758
Ndufs2,715.9280701855863,488.1148411135561
Nr4a1,719.1039690221461,509.14010636718353
Rab34,719.1972744665461,533.3085848023122
Ncl,733.1931941837746,559.7420823041673
Ywhag,733.2638549902027,559.6351255986096
Ndufs2,735.865860509257,572.0765784453992
Nr4a1,737.9684278998841,489.26241394139566
Nr4a1,751.391271553716,574.2524017500301
Nr4a1,753.2127119307141,588.6860952068754
Rpl4,753.3514935383896,558.3056510219172
Nr4a1,753.7830594564879,584.4373941494136
Rab34,763.0222390407478,544.2916604763709
Rpl4,797.2634294712149,623.7653292088219
Ybx1,823.2340047369271,630.7142754507266
Ywhag,852.6126071221944,673.5688648991083
Ube2m,370.44398258412247,831.551916516382
Ywhaz,376.14161151443767,848.0238619371105
Rab7,375.89495799466255,867.6896913669697
Tpm1,379.092548073588,864.540560509276
Cox7a2l,379.8577644167669,849.6669334280574
Eef1g,380.167815354191,872.0183116024838
Tpm1,384.7965752285863,872.7297569764927
Mrpl20,390.3366842206044,863.5405004616352
Eef1g,391.171207135546,837.837986175247
Pkm,391.7355297996471,806.0546838081867
Ywhaz,392.98302988355726,859.571147049819
Pkm,393.7039057709759,866.2624260457759
Eef1g,394.9604858952149,797.4785136637198
Pkm,396.2305309414744,808.3134404675185
Rab7,396.7199690938679,774.7354483674993
Pkm,398.0508250236657,815.1192503289789
Pa2g4,398.9433973744717,780.1597957537803
Pkm,401.4347144442065,867.5899913152813
Pkm,401.79513994609135,807.0200849074959
Pa2g4,403.377477825037,879.0968760538904
Tpm1,404.0249771988524,839.0029846951629
Ybx1,402.125545350712,805.7351866218228
Eef1g,403.9301835557302,805.1611193725603
Eef1g,405.6883463913068,783.8720337368007
Cox7a2l,405.8444546264773,756.3289646982613
Tpm1,407.12373183627057,808.3375213113295
Tpm1,406.82881519996255,828.8196735074047
Gsto1,407.0676774573668,855.4097379239961
Tpm1,408.3611965089223,871.3386499052704
Pkm,409.0013947339095,790.3839177309625
Pkm,409.2503189215424,835.8907746410057
Tpm1,409.57297177197,811.0488410701862
Rpl18a,408.7246670652762,810.5025212060498
Eif4g2,408.2670320961669,793.141351078098
Malat1,409.0345783150577,795.8516586264775
Fkbp4,409.8528916321642,796.8325060485341
Ywhaz,410.04551205014695,796.0368209169442
negative_control,410.7792680561077,796.5667944873733
Polr2m,411.5943772010602,802.9586446134517
Raly,410.1297959293445,801.6169103079551
Cebpd,412.6881881776978,802.3393427251066
Gas1,411.80994406955335,801.1523528171625
negative_control,410.1676087697051,801.2967195232534
Tpm1,411.2631643727245,802.1393882751493
Il1rl1,410.9603551631124,801.3916208267668
Cnn2,412.2517833348816,804.1225335306505
Pkm,411.512749817175,828.8249655670646
Pkm,411.37685593074855,846.550772411016
Pkm,412.29037848736215,883.0565631267417
Msn,413.3690675559884,782.931275427283
Pkm,413.0007347211606,753.2563543212743
Hdgf,413.5176129927962,753.549675919511
Pkm,413.7453165879678,786.6549927538091
Eef1g,413.67075051033095,728.7333165285512
Eef1g,414.11053020852216,814.3955027172851
Pkm,414.8401625927746,817.8282340689268
Tpm1,416.46364821390256,876.5048433968531
Eef1g,418.6554782689747,808.6504401510575
Eef1g,418.8251770045832,780.223513416453
Cct3,419.25358364836086,779.5041123897644
Cs,419.3311527932544,780.9574998202651
negative_control,420.2021237824747,785.043796023113
negative_control,420.0832246154547,785.2143696772057
Pkm,420.6153074276793,708.0835678516308
Ywhaz,419.9110552949819,875.7283129048235
Tpm1,422.5827036618167,836.7693580548523
Cox7a2l,422.0713853850229,810.1172356354714
Hspd1,421.9081366962585,786.2819021279875
Eef1g,423.3041632578103,851.8391744950085
Tpm1,424.6957650408178,764.9045282993574
Tpm1,425.30750479436944,676.7725473652956
Pkm,425.1579199324841,802.5464659351164
Igfbp4,425.8929370878928,736.6930758684553
negative_control,425.2843743120639,694.8737161965012
Tpm1,425.3994876879758,681.3185954691921
Pkm,425.6600439491456,756.7494095755953
negative_control,426.41244225595176,876.0442380002643
Uqcrq,423.9737974223346,876.6125498612479
Cox7a2l,426.4346650330601,861.1333226043907
Thy1,426.0665876764827,715.3198316959538
Pkm,427.1468408749407,752.6386720250762
Mrpl20,426.60498783154793,665.1648039281731
Eef1g,427.7486814319244,682.7640798559074
Lmna,428.5670676360792,791.1284131276848
Ywhaz,428.5799095919731,791.5324946257293
Tpm1,428.3486578670148,849.0393777250005
Tpm1,427.958943414816,870.4582310305793
Tpm1,428.96449470649,814.4777744783921
Pkm,428.85173184329926,798.6852438615488
Tubb5,430.2096988842732,798.002021465061
Eef1g,429.626844831587,701.1428061212375
negative_control,429.07232167119713,800.760094963184
Mtap,431.5135287240351,886.5912326363086
Tpm1,429.8756715477694,745.4215973269808
Gsto1,430.62720049127086,836.1257431158286
Eef1g,430.4014578335948,811.386643592997
Ube2m,430.68963691804777,786.5263522003397
St13,431.4016973787665,786.1508740047344
Morf4l2,430.9852249327736,786.5868567198854
Ncl,429.0653054820504,786.0813640797475
Tpm1,431.2521628610575,641.4446236612448
Pkm,431.10158646386645,764.8779924829158
Tpm1,430.6379927273022,824.6047134081368
negative_control,431.0137292170517,824.3645448231991
negative_control,430.2348892624687,825.4485007444043
Eef1g,431.6939377451753,696.6953582270734
Hspa8,430.8265515904889,693.4944560449835
Ube2m,432.2382131385332,879.2377923081712
negative_control,432.54146384956414,717.8526348501588
Pkm,432.5893224641811,719.5131264891845
Gsto1,433.2209455454227,720.1861358301429
Lmna,434.0887953599287,718.607391727471
Pa2g4,432.8588145037878,687.9117664588381
Tpm1,433.1207942455539,648.0285657740444
negative_control,432.3363720703503,668.9234554681741
negative_control,433.4935797643677,669.7746393865324
Got2,435.3310068335436,669.4914918712195
Hnrnpul1,432.9163083242869,668.9551197305179
Msn,434.8878432753583,671.2985032019951
Eef1g,434.9762495055236,639.8805093305234
Fus,433.8912952116566,804.3642328970552
Rab7,434.02637629942967,804.7325558597062
negative_control,434.2783478358088,714.9645354622609
negative_control,434.5073173943198,793.0007800147132
negative_control,435.26352539047537,793.8975109370915
Ube2m,434.6936334065987,792.325640492441
Cct5,434.6129310251218,795.1053300420455
Rpl18a,437.2664279402502,793.3477044113631
Myh9,433.6970460061965,792.9109708111129
Msn,436.0833025906541,793.5783452603749
Pkm,435.2290048097271,739.0362012549363
Cox7a2l,435.3610306616531,724.0636149939585
Pkm,435.2073399220181,779.3042279285937
Rrp1,436.3459037141117,632.545636737096
Tpm1,436.0564314724837,631.6400881686085
G3bp1,435.0516963398642,885.3468800534581
Eef1g,435.8560840505693,865.9878802481813
Uqcrq,437.5015144338249,679.3427184370744
Rbm3,437.45179480098295,680.1763871569167
Emp1,436.1451895049112,679.8925810224258
Xdh,436.5781738791022,681.0610966810439
Stip1,437.0150908145102,681.3008764974559
negative_control,436.8142040446024,680.0842598767425
Gsto1,436.8044715588424,680.3338917524818
Tpm1,436.3241097594008,840.1317474687459
Eef1g,436.0069626049989,833.6865833512561
negative_control,437.5641011204349,701.8448629624702
Cnn2,436.4937301535924,813.5140084241843
Gsto1,437.1700429509449,813.1756138632642
Xdh,434.0881864484308,813.0806844234297
Ugdh,437.0046479698657,813.9052046184881
negative_control,436.7432234116585,813.971517547054
Ppp2r1a,435.1071399877949,813.1086152652758
Lmna,434.75363006333146,812.9107162052028
Pkm,436.3934731240285,815.1855364919463
negative_control,435.5377024653674,813.037152789995
Tpm1,437.2751337633843,620.8628952448877
Eef1g,437.1468123809098,847.8024386829082
Tpm1,437.6437586364036,736.1786273072944
Tpm1,437.77999509706433,758.4398823908905
Tpm1,439.6091442273361,646.0904296278425
Hspa8,439.7112851046253,672.254712411697
Ssr2,438.1483085715728,672.6548415660102
Hnrnpul1,438.85052121348747,881.6648061638477
Stip1,439.2543585559474,882.3056398112526
Mdh2,440.5790702963319,882.4619991505028
Emp1,439.4524839769908,881.2210222555166
Rpl18a,439.0541939750226,881.0225973007683
Eef1g,439.0374022033448,752.752322590196
Polr2m,437.4737489977407,769.427181153566
negative_control,438.0632209860052,767.6264655231865
Skp1a,436.7413445565573,769.9488064111055
Myh9,438.9442638254951,770.3606029585601
Nedd4,439.913419592511,767.098559255823
negative_control,437.89410231835234,768.9469944701348
Nr2f2,439.10991087394814,770.7301850778057
Eef1g,439.5909327508142,769.3735785697083
Csnk1a1,440.1523372027754,630.1386683045644
Hdgf,440.9392335041201,630.8111659163059
Polr2m,440.1760645193847,629.9862379451139
Sec13,439.2257031078904,764.1041357758603
negative_control,438.70060641875375,762.2053371066781
Rbbp7,441.75676791491713,676.565076049004
Eef1g,440.6075583433249,677.2854828940701
Pkm,441.3918120868675,648.3354315406409
Tpm1,442.33322595777736,621.5548183109729
Pkm,441.137305649381,888.3995692738224
Cox7a2l,441.44496795252303,724.107928432876
Vat1,442.4915209008257,724.1436479623069
Pkm,441.6682169330601,793.305343748666
Emp1,443.0277141914007,671.5443711905289
Pkm,443.494753231893,728.0221365630031
Pkm,444.5933896124196,751.5221497218485
Snx5,444.33878952912215,652.6707567048354
Eif4g2,445.0089853498925,652.5644756074931
Eef1g,444.5000678091309,675.7479709089235
Eef1g,445.7189595606491,607.7020446409508
negative_control,444.52237814514217,707.5322667658529
negative_control,444.6854121645556,706.9416645540074
Thy1,444.9710842586716,705.9684636769322
Cox7a2l,444.8455944212445,885.8848861575261
Emp1,444.7232504524361,613.0905696075333
Emp1,445.63920159453295,646.8132217462769
Eif4g2,447.2039467576292,761.0294700409527
Tpm1,445.5770317050875,846.4174092376935
Eef1g,445.88702474241774,634.7698496133044
Tpm1,446.1773468343432,683.834645773174
Vim,445.1978443928888,772.961136640416
Tpm1,446.1733798239105,773.0690854733566
Hnrnpk,444.6772652650444,773.0091197465752
Eef1g,446.1354622319974,783.2125976641541
negative_control,447.2753022985934,784.2887178187256
negative_control,447.5239460714557,782.9102347853244
Tpm1,445.7353629674085,713.6705751662314
Eef1g,447.2807540831938,817.6587645434406
Pkm,447.3052125254914,620.0126822400271
Tpm1,447.881642616335,821.197326256853
negative_control,447.7119958177684,775.4347757165018
Idh2,449.13932643637895,686.9616963707379
negative_control,450.2667419015638,684.8372664591966
Rpl15,449.21492559606975,686.4014256384562
negative_control,448.5428902396452,766.7616762782361
negative_control,449.2132635429542,766.5509083833911
Tpm1,448.4782979095882,720.646695265816
Emp1,449.2152091081847,637.4654632233884
Oaf,448.5674923805591,630.5559696859485
Emp1,449.972473654207,631.4279202257346
negative_control,450.06050928121664,780.7434926618843
Pkm,450.22024295223,796.4687946953188
Tpm1,450.061807268201,603.6349329137295
Ywhaz,451.068216281641,687.1911042971815
negative_control,450.8163141905063,720.3307576588647
Rad21,450.3383801562937,720.7370692220043
negative_control,449.7108328618247,721.2805512996858
negative_control,452.1073896785401,840.6125369125897
Lmna,451.8421105044682,839.3380255823092
Ptbp1,451.9046478034807,838.9097818290387
Tpm1,451.9352297818503,811.5928303560172
Gpi1,452.3747849314319,811.3841849674666
Eef1g,451.3233040975664,788.9322460507036
Eef1g,452.26029563055255,808.5295946409021
Emp1,452.2323113529935,699.4576790645885
Ran,452.162225859912,700.3208355956701
Pkm,452.4277775437885,854.1308481198431
Eef1g,453.3545751044066,635.4975074243248
Eef1g,453.5023252988464,835.7644897765967
Pkm,454.1751470922759,679.3137218043206
Emp1,454.36322619831833,598.7946680707159
Tcp1,453.1797981174467,721.232558783035
Pkm,454.4261658238892,720.6043793607516
Tnfrsf1a,456.65215456377865,666.0726993975463
negative_control,455.0366850883386,664.0309604989127
negative_control,455.6958505982864,665.2210864036207
negative_control,453.8103758200682,663.6349437213082
Hdgf,454.6791418071125,642.8338390146587
Ywhaz,455.22987902007526,643.7099492148805
Pkm,455.14994912639446,653.7340610086612
Hspa8,456.0952903203555,714.0260952694739
negative_control,456.893583054372,714.7924053725084
Pkm,457.07657223728586,874.1436047464855
Mdh2,454.78990647903936,811.2124954519251
Pa2g4,456.6224095525666,810.713564189532
Hspa8,454.6158905929885,811.5904873867946
Emp1,458.1017718715297,609.3834601326262
Tpm1,457.2196609526037,785.1982693799523
negative_control,458.2846094123537,710.6108708697709
Emp1,458.07673324287526,803.9322540586998
Ptbp1,457.4572282374306,804.3430473012393
Lmna,459.6766468590653,801.4553675863256
Slc25a1,459.977013459897,800.8539806504423
negative_control,459.5721852619935,801.4133634540698
Tbrg1,459.2247554852436,801.7612975564974
Eef1g,460.4431635019064,836.0078862063959
Emp1,460.0885039086789,648.6836559854746
Tpm1,459.76075555783,822.2133318360216
negative_control,460.7240997902148,712.1450358469174
Sfpq,460.0470093137913,710.9917667818606
negative_control,460.56379801076247,718.8946690898138
Emp1,460.2099562475965,597.0984142754031
Vim,462.653890094364,771.3773110304694
Hspd1,463.8977177150069,769.4209423710311
Tbrg1,461.26333682163215,769.8411700850684
Trp53,462.0745893147032,771.5083764338581
Emp1,460.962880323748,693.2072613205668
negative_control,461.22245869716426,637.7056630846392
Rcn3,460.7721101256739,641.537531088895
Emp1,462.30735101352025,641.8168645509761
negative_control,461.1368118314917,641.488694689177
Vim,462.6550937873822,642.4284111341722
Lmna,463.8282863153207,642.222354544907
negative_control,461.059022683663,642.6816780974636
Tpm1,461.3131180245416,827.8884831128262
Rbbp7,464.52091644519146,796.2881507005378
Emp1,462.59927800988623,796.8531349224012
Vim,462.8876293891418,796.4656650004634
Cct3,462.1287874091113,794.887922999616
Emp1,463.2692493799969,565.9799429690697
Pkm,463.505455560007,774.7937797939048
Arf1,464.0588736217173,779.9635299580201
Mrfap1,466.623957274194,781.9718896372693
Cct5,464.47411437655455,780.5752089528976
negative_control,465.4804361606599,782.2263016359188
negative_control,467.81671642084274,780.7089805886809
Pkm,464.7689491368544,618.375323993091
Emp1,465.41532673291664,749.2476304531358
Tubb5,466.346237602519,648.2700233649753
Eef1g,465.2022517595259,647.7091682072398
Mrpl20,465.74968279314623,688.51342237457
Npc2,465.51878194725566,738.675023494926
Pkm,466.7209556530927,853.5020033985835
Cox7a2l,468.0242018605202,847.9160987491655
Eef1g,467.9086441135201,796.1853364465788
Rab7,467.7414894501008,621.044575306839
negative_control,468.2786438121566,640.4817386238308
Emp1,468.2259393304722,582.8472435232608
Ube2m,468.35494878957377,767.5156005773722
negative_control,469.4672977025312,766.7246466564003
Eif4g2,469.58384535451626,766.0301348676645
Emp1,468.9243760179314,634.3754666596632
Eef1g,469.7754591961706,598.2716841984259
Ywhaz,469.4453767816853,790.5092915378277
Eef1g,469.55366353800775,838.4764812729875
Gas1,469.8135005250092,612.3933944295261
Emp1,470.3878473866448,612.4552766744558
Arf1,470.7576668576367,802.6805801028473
Emp1,470.5843052131133,628.5600630045158
negative_control,470.8939950229869,827.6707734135974
Pkm,471.2969218153352,825.2867385074114
Eif3d,471.46553023268825,825.9085150618922
Sf3b2,469.74839677156814,829.5738408285404
Tubb5,470.9558160839715,813.1962849434715
Vim,470.1434147178591,813.0349478443916
Tpm1,470.6845073888005,633.4980131045975
negative_control,469.9547259317585,635.9992928321481
Emp1,471.0512106284085,567.1633689552336
Tpm1,471.4724334068197,832.6809138919441
Hdgf,471.60449482243655,818.305039209106
Vim,471.8962999435547,719.7549267795687
Cnn2,470.8240725613175,719.2102989847893
Snx3,470.3999539052896,718.3451480880328
St13,470.42919587630985,717.5259145441116
Eif3i,472.2762625005144,719.7390644840684
Gsto1,469.4627479089967,718.0815592664226
Hspa8,471.4022405030076,719.5396413192583
negative_control,472.8832827922481,732.0960707825286
Rab7,473.28882959899255,735.3964142922955
Tubb5,473.47562104987605,734.231037292146
Emp1,473.2684633566415,635.9994458325359
Ube2m,474.3483847444351,801.9042628884954
negative_control,474.31967886230734,668.9374312148575
negative_control,474.9207872892613,708.2765677868377
negative_control,474.1314449332306,709.0035587951203
Rab7,474.6994869587112,727.4539814027963
negative_control,478.7836414177933,789.3107979211485
negative_control,477.4745006636782,789.1448949984125
Ndufv1,475.46141924540905,607.8124495228706
Pkm,475.94376504149966,608.454699166195
Tpm1,476.5914075636,859.2607544729091
Pkm,477.1553363059587,838.5065149211141
Emp1,477.5923950352669,629.7448680585043
Maged1,477.43390075862015,631.2029172047529
negative_control,476.4666240837324,631.4491889710897
Ssr3,475.9317556875232,632.0975504391507
Pkm,477.8828548487463,683.4181106037656
Rpl21,478.6511245977516,755.5197458515355
Cox7a2l,478.7889464985998,755.9628647524036
negative_control,478.3199840463858,756.6343766233954
Emp1,478.79425058798506,621.0684633845074
Eef1g,478.757827450647,782.0677584614336
Eef1g,479.13314773715,545.3066953453217
Rab7,479.4536868621123,680.6478286130587
Rab7,478.67896314288913,762.4940780159939
Tpm1,479.5043218740876,614.8081589342451
Pkm,480.5079606525477,797.5337814202861
Txn2,479.5241524545367,734.8499052560032
Maged1,482.7144260456399,834.3890261704587
Ncl,482.5725425819203,833.9688513639455
Vim,482.9287879461223,833.3343277567717
Eef1g,481.8804964264264,833.4497629001752
Ptbp1,482.5344748781241,833.8220215514177
Emp1,481.24232747265535,685.0153764447705
Mmp14,482.1589835670224,719.93829442899
negative_control,481.6880978838026,720.0686827111364
negative_control,481.3190387135576,719.500467004314
Rars,481.1036938912832,720.9497759435026
Twist2,480.4718515922757,719.7020823437655
Pkm,482.5188951896287,695.2179180424278
Emp1,482.07733896339874,549.0773530744996
Tpm1,482.3093528827038,767.2165944604961
Pkm,483.8066069340918,825.3757609246104
Hdgf,484.4766462883069,523.05711643618
Eef1g,483.6071380061687,523.4123541912372
Hspa8,485.5955705424748,523.164693161558
Emp1,484.5032640098258,665.2077687343111
Emp1,483.8792856076493,558.9342662154874
Emp1,484.86531110330975,534.4224604718329
Psmd4,485.4812479908238,811.5871759562598
Tpm1,485.5194915749928,653.6766552853085
Raly,484.6650828963831,653.8191915735257
negative_control,486.198006766886,653.8453495129372
Eef1g,485.796980642896,745.7981535804342
Twist2,485.8787378938285,744.9816227152959
Pkm,485.9330782002287,554.4572041501558
Pkm,486.297688411032,715.8376464967043
Emp1,487.47212085068185,531.8365917309028
negative_control,487.1872390015059,740.9656367498121
negative_control,486.9971311666548,740.7308398287671
Pgrmc1,485.07495261464,739.7691149788154
Gas1,485.86839294748665,740.2356276938546
Emp1,487.91660857189584,675.1291775973073
Tpm1,487.2047741563812,722.1145857575842
Hnrnpk,489.494313372101,786.3637256613114
Ndufv1,488.4368590589221,785.7548391219727
Pkm,488.6493393742931,785.5765484864004
Lmna,488.0724645912137,785.4483067397317
Rab7,488.9571727948922,763.4827453040142
Pkm,488.3128061773132,432.5470837642768
Eef1g,489.0617172702555,577.8613780394858
negative_control,490.2394975072476,790.3211625992
Lamp1,490.1914227201232,788.9257516533606
negative_control,491.8041769795586,791.5870843675225
negative_control,490.9009640470371,792.1658611858551
negative_control,489.8859495592673,791.6065997525025
negative_control,492.1207013915637,791.6661448957743
negative_control,489.9632284556831,773.3872670941762
Emp1,489.4237715798123,757.1719349310995
Pkm,490.3797412816412,819.750547593379
Eef1g,490.43018323853966,799.3839414756847
Emp1,490.9067160500706,633.3742759891675
Ywhaz,490.9515768148652,511.6922145032215
Ybx1,491.5879877455189,780.0799877659114
Emp1,491.1130195360265,567.6545373592937
Xdh,491.2261000024422,650.619356962029
Ybx1,492.5449707168484,649.8676947698603
Rcc2,491.95628583069015,649.6255135800517
Cox7a2l,491.2894480179612,516.8117989491287
Emp1,491.4189832622247,533.0165805207814
Pkm,492.9853917608164,687.9515326042355
Tpm1,492.7959890869322,804.3090810894803
Eef1g,492.4949577311789,660.2273670374825
negative_control,491.747413194004,422.4050568790428
Pkm,492.9160192416863,423.3377831020493
Ybx1,492.94659616016247,473.1584833439727
Pkm,493.2865062770345,503.64661680658776
Rpl18a,493.6433772832862,647.7698234247373
Thy1,494.39445319802303,646.4541630813657
Ywhaz,493.997682304408,646.8139408759575
Eef1g,493.8370417573468,637.7544691583607
Emp1,494.3563726918599,759.1300839770439
Ndufv1,496.2315014515207,783.0180266486478
Ube2m,495.6968889404668,784.0795300785597
negative_control,495.4909565606964,763.2823946882746
Ptbp1,495.358283461954,762.7372791695994
Pkm,495.4797568582172,700.5022866200346
negative_control,494.4292811034817,743.3252551013768
Gsto1,494.8461048773976,742.9160758948167
negative_control,495.3560869600304,742.9434807897817
negative_control,493.7003567393224,744.1591382884707
Tpm1,495.7197507695771,491.6648293643619
Psap,495.3354863153155,682.5975641167283
Emp1,496.9409058030444,683.6171772159411
negative_control,496.8938326670293,750.9925485639271
Ywhaz,496.940503344177,580.3828724864389
Prkcsh,497.524009201556,635.5783263394145
Eef1g,497.2818941074336,634.5528830091904
Tpm1,497.9093502303434,800.9635220541586
Ywhaz,498.56265648072144,814.4100833752904
Emp1,498.1203913601341,689.3409514544085
Mrpl20,498.7284063247949,845.5913947844205
Eef1g,498.4578047983106,761.5924284009204
Timp2,498.59146026623097,774.0315524034781
Sec13,499.5281282741189,774.648264784732
negative_control,499.3353098833381,775.224350013527
Eef1g,499.3082042811353,459.8490585231388
Tpm1,499.7814963060122,419.7688083711559
Hspa8,500.8423085511489,720.4329466101909
Pkm,501.86878217124365,425.1022401978755
Pkm,501.4631632710725,771.2251178318878
negative_control,502.47787573900536,671.7207015005542
Idh3g,503.42499241734566,672.2751879769181
Pkm,501.5538158577291,787.6409150977642
Cox7a2l,502.6022448572368,417.7203066139183
Arf1,501.960044012043,577.6293310207041
Tbrg1,502.15191967729504,577.0503479569022
Emp1,502.61362839002857,577.8153191390162
Cox7a2l,503.437090935224,565.000776172866
negative_control,503.35966473588144,471.29451750023134
Tpm1,503.3167899256069,471.156337348435
Emp1,503.4009702817341,538.3927273128365
Pkm,503.6981798491172,651.5730202918829
Ckap4,504.151958415724,503.8909739508296
Pdia3,504.0257351310297,503.4980068045676
Tpm1,504.0880785433944,502.6197890618179
Lmna,502.6679890843279,793.8754071841652
Ywhaz,503.7893753794519,793.2853427370981
Gas1,502.7590230269196,790.8086254011082
Prrc2a,503.6106963499376,791.1900978389447
Pkm,504.1464680568176,590.0460253375625
Ube2m,504.28046005258,555.8638668985525
Sf3b2,502.6236642568382,778.4212633126477
Pkm,504.23377846729,778.6016648939856
Tpm1,504.4533843979375,660.4885416776713
Ywhaz,505.0732177459506,457.6794023019648
negative_control,504.13583214733694,759.1696792013214
Mrfap1,503.2821388711289,760.774357405051
negative_control,503.71606456266886,759.8582577874167
Cnn2,503.5994621234627,758.7882490340312
negative_control,504.48410649749474,758.7451803115157
Ybx1,503.1207702714775,758.4330385389569
Emp1,504.9797857050129,498.4363025558611
Cox7a2l,505.8784967104002,507.89052822656726
Emp1,506.40934696971135,491.85297379094
Ssrp1,503.81330308713257,421.1574116297389
Pkm,505.9801228195148,420.9253128397282
Pkm,506.2214507903022,798.0866523246885
Tpm1,506.6363664831009,457.7224952120285
negative_control,506.6516764276596,761.0392677635831
Lmna,506.8455599266224,677.7246924285504
Eef1g,507.2225267771164,659.1024203533016
Eef1g,506.7729404339676,445.7062332711851
Vim,509.1340329608808,719.235549713816
negative_control,507.51035277459664,717.6956499578662
Psma7,509.0326270749741,719.5759653798448
Eif4b,508.23467737671007,718.2379049215272
Mrpl15,508.71063182239857,718.466700823469
Tpm1,507.4735425846315,754.3226801387611
Grina,510.85124601544135,517.8544273516159
Eef1g,509.2328197577589,517.627653554954
Eef1g,508.3916824755256,625.1965955928935
Emp1,509.338605611342,571.5758199049725
Morf4l2,506.6094856958406,746.1856229278151
Pkm,509.3042641007344,747.0583087091022
Vim,506.5794957304626,745.1411809904594
Vdac1,507.4287088801941,746.23228222476
Tubb5,508.36303355013297,460.1613504522362
Eef1g,509.52403341000985,459.8596810019078
Raly,507.50746739421015,698.3321461798939
Idh2,508.7225084243085,698.5060047270201
Vim,507.2882202912712,697.6714582648787
Malat1,506.9822854797101,697.4259841880792
negative_control,508.9493134953484,698.4876281047084
Ncl,507.86758599105167,699.9006109446392
Efemp1,508.46690484882487,699.7839612843866
Eef1g,509.5853870999808,525.414196206294
Pkm,509.56381740269296,801.6693896073522
Tpm1,511.0688455479843,493.0590627020741
Pkm,510.7674680746893,451.19944145793033
Eef1g,511.2743606862517,793.9164338451787
Tpm1,511.1058968093411,533.4437859229056
Eef1g,511.3382838531848,415.4552336420801
Emp1,512.3403873185022,472.1336453939141
Ugdh,512.1939899658969,745.5225206185631
Msn,511.4498904019316,746.6781833347138
Prmt1,510.94456817196175,746.4782858029209
Pkm,512.2930658765766,770.1280768482115
Hspa8,512.9341653855711,504.86032740235737
Rps15a,511.2040770657559,503.2985358268586
Eef1g,512.1829255389588,504.282889195685
Cox7a2l,512.3148413360487,422.911142062298
Eef1g,512.5156151403781,803.7530692432127
Pkm,513.3093543918791,640.0410582187063
Emp1,513.1184904082186,647.9403174719598
Tpm1,513.956046919949,543.3897305325329
Pkm,513.9382491770951,506.6783548396414
Psap,513.3484971399314,676.3039454858151
Mrpl20,514.7638698170941,675.9662794742658
negative_control,517.1506093982885,674.4731011703462
Rab7,515.9084132724699,605.1018421037295
Eef1g,516.0246909703394,453.543399756736
Eef1g,515.9955098598091,486.8448018787326
Thy1,516.5638851424343,609.4517227223121
Emp1,516.3644506837276,564.7658635170586
Emp1,517.1852891710929,689.3691578748808
Txn2,517.3324162732044,738.1415981310694
Pkm,517.0050477730991,680.9023373328785
Pkm,518.1048233147586,696.477722278694
Emp1,518.6283671687685,506.2046135253301
Pkm,519.2057705048713,447.53821921638416
Vim,519.3548034297459,717.6588476805337
Emp1,519.9239132587571,459.4130399896035
Emp1,520.3778331587512,478.25869983236055
Ube2m,520.1581464731242,650.7269471367883
Pkm,520.298794233103,506.0522814686224
Emp1,521.045957246645,517.3791133681932
Cox7a2l,521.2622994237199,442.2076790974599
Tnk2,521.9721262731327,452.3025072555638
negative_control,522.096416239109,584.3811365269221
Rbbp7,521.3301204706912,584.6754485697106
Emp1,521.0244615478816,598.3696117283098
Emp1,521.2148403258325,656.1816963821368
Tpm1,521.5463633476652,753.9714118771163
St13,522.6826736804277,753.2960684646752
Fgf7,523.0531688995018,754.7833267251398
Ybx1,522.3431476422661,754.8093571952618
Emp1,522.1985271021304,730.754860006163
Emp1,522.0905565171217,574.7048956789124
Eef1g,522.4529741833792,775.4147037802078
Eef1g,523.2333454164805,456.4831611533356
Tpm1,524.6210676856152,488.8604235864985
negative_control,524.0093248109434,672.7964968783276
Eef1g,524.7137298484902,762.059940043581
Cox7a2l,524.6877964852914,744.9329344485654
Eef1g,525.5376568998952,597.1851617517699
negative_control,526.2748206869275,731.950658877505
negative_control,526.7398651346327,682.9143616079591
Pkm,526.037542929721,449.17071606724016
negative_control,527.7710912049901,612.0303343669907
Emp1,526.8359719834127,460.4040288252791
Pkm,527.6265164690232,670.1111920148685
Emp1,528.2609769842288,474.6009771406034
negative_control,528.8756279414367,504.2161565982234
negative_control,528.6965336691893,450.83814174178747
Emp1,528.5928915992007,516.7374221660846
Lmna,530.3567296620942,734.7950699994999
negative_control,529.4271147805091,734.6273493088247
Tubb5,528.8964776794472,735.1094550731375
Pkm,529.6204585699381,467.6264605925561
Rps15a,532.092982948156,698.2599240821557
negative_control,530.6666616134133,698.1485884843793
negative_control,530.9697803322488,698.1401050983118
Cs,532.9139090457433,444.79518608560113
Pkm,532.1995866430873,444.6641635912992
Mrfap1,532.9294585702783,723.0740134455251
negative_control,533.3907182971084,723.5086778371551
Mrpl20,533.0508422074755,528.54026089436
Ywhaz,532.0390390459777,728.5373652417823
Tpm1,534.5016871294652,714.5870625400341
Rab7,535.4024238303127,500.1184404517145
Ywhaz,534.6772792492219,461.9732770683464
Vim,535.5822099658482,449.7462322481838
Kars,535.2354102121694,448.4995146490248
Tpm1,535.3006797150298,448.6009360047629
Pkm,535.7785328501686,694.313252035673
Pkm,536.4501563831961,595.6887900434265
Emp1,536.9470949766181,480.644557561701
Hspa8,537.0635305269423,716.8294501310129
Eef1g,536.6664167233856,718.5450735157991
Npc2,536.847734897786,451.31251057995286
Cox7a2l,537.6264317097778,451.6487348036264
Rab7,538.1533385503031,443.4034170693186
Eef1g,539.2183107866866,631.2096138232969
Pkm,538.4467977817899,723.0356279788626
Emp1,539.7215439193973,693.0352621976699
Pa2g4,538.5823315821344,465.0496676680131
negative_control,538.912013003201,666.0017564415991
Eef1g,540.9294961908681,535.9028767155388
Vim,540.2145338570169,439.0415464539989
Eef1g,541.4124467297642,439.0414768862221
Thy1,540.6539902484307,705.8992089239096
Hspd1,541.0897249627061,705.3956131901471
negative_control,539.9229470830959,705.73294888805
Eef1g,543.2741934703984,445.3849454274617
Tpm1,543.8515840199625,451.0465059041479
Mdh2,543.3115280067009,450.7178140876197
Tpm1,545.8257945118719,711.4675130089292
Tpm1,546.3229281463362,465.45998788847226
Tpm1,548.5546700567218,646.3437815987432
Pkm,549.2535382222171,536.7133977384212
Pkm,550.7633984554769,607.7229428892039
Eef1g,551.2083192062266,670.7307447863639
Ywhaz,552.1965388582435,481.0868572059376
Emp1,551.8417942454746,467.96367100810176
Ube2m,551.9998314613922,489.5031848104453
Emp1,552.6490938145904,629.6422940014869
Lmna,553.2280684201082,501.51274312230095
Cox7a2l,552.7277094754883,501.2403969393709
Emp1,554.7419917268253,471.19951344585365
Emp1,553.66136634915,583.6346614394727
Emp1,554.6730333808484,677.3731663571438
Emp1,554.344313700778,483.6951698342615
Pkm,554.8551090181792,680.1768269684837
Eif4b,554.5438391898276,518.2575498087622
Tpm1,555.2289446112911,519.2729266422436
Trim28,555.6216976216898,660.7340834684837
negative_control,555.3938972706198,661.8618133017421
Tpm1,556.8862684827866,651.504528552645
Emp1,559.3743238273918,598.7978556715084
Eef1g,559.6283943550142,567.9893385422452
Emp1,560.13879440086,466.363744903792
Tpm1,560.2157530857235,686.5450520587813
Emp1,559.3654900973331,459.6919362285807
Emp1,561.6277324846137,480.0406838781203
Hdgf,561.4550635250179,637.418235874188
Eef1g,562.7437043311321,488.6413056409236
Eef1g,562.5573194658904,459.808554104631
Ube2m,565.1936126406322,452.2178199848856
Emp1,565.3659007748515,558.6419815687523
Eef1g,565.4100418227404,576.6747763215212
Nedd4,567.2042427668562,681.2093563972347
Pkm,566.4206065723935,503.3315480336141
Emp1,568.0691860700973,672.3526714843642
Emp1,568.3677013781283,633.1028569974395
Pkm,569.605283729604,641.8032986312728
Nudt9,568.6826808905541,641.7419276662727
Emp1,569.7942697366609,670.0688735977362
Emp1,570.7429067062255,648.1768455315463
Pkm,570.5942155288365,564.686368464234
Lmna,575.343669778277,491.9663036374772
Pkm,573.770107451109,492.5691470220553
negative_control,575.5151183047672,490.6923737962528
Tpm1,573.918345229495,621.7987363287818
Emp1,574.3462498877182,626.0144902988656
Tpm1,574.3939142841609,542.8191992377908
Emp1,574.5729135273496,613.0428303317484
Tpi1,574.3079819477157,632.46445794444
Eef1g,574.7499538923607,632.0583569407582
Pkm,575.1447270658958,464.0371707980884
Mrfap1,576.3542348844294,644.7870618739221
Pkm,574.7935028273112,645.537931903542
Mtap,577.3056055623434,498.4587426491681
Tpm1,576.0466072245808,498.7278084842496
Emp1,576.6697209981819,558.6187596920743
negative_control,577.8784313923188,485.066104938791
Emp1,577.8569370695321,572.3279176876827
Emp1,577.712857953406,656.704356308401
Pkm,578.0678895426704,520.6963616920789
Emp1,578.8818693030784,620.6739643074598
negative_control,578.9318743521821,501.4707658902335
Emp1,580.1930648097408,494.7781028951288
negative_control,581.053370402047,456.4851516108943
Pkm,580.2456442887708,456.66602147712666
negative_control,580.8672162464009,455.7738647215997
Emp1,580.0095434220093,567.7823851143646
Pkm,580.0087863547118,598.2188149577121
Emp1,580.9316653870249,467.6139209940537
Emp1,581.1877887113252,485.9116730832611
Tpm1,581.9461265633788,585.9241943029062
Slc38a2,583.4032689769621,585.2303691803612
Efemp1,581.1407329315259,662.4187439802893
Emp1,581.8256138326485,660.982636402171
Tpm1,584.3325285342341,453.30114127562354
Emp1,585.3885804748841,525.3033693893458
Pkm,585.3324618262784,492.35099459004783
Rpl18a,585.7654122053384,626.5032114314497
Vim,586.3721562642964,627.2351260870809
St13,586.1559156903114,626.1098855172688
negative_control,585.865295277709,656.0198174780608
negative_control,585.8342904161407,656.0594251134146
Pkm,587.5114044793471,619.0680807028825
Jun,586.47859825824,466.8674834435548
Pkm,587.7351904035372,465.14634013190914
Mrpl20,588.3709229091235,592.7426103614339
Tpm1,588.3584748719229,495.9679237823372
Pkm,590.4744539746782,567.446111353978
Timp2,592.2461338530267,606.0710654471055
Pkm,591.7224556017633,496.6048579750464
Cox7a2l,592.8153742173262,602.3037475412456
Hdgf,593.2847234988018,602.6425265683738
Zfp36l2,593.3911554968801,602.0361261404228
Pkm,593.4528963928666,645.694401417209
Ctbp1,592.9882144920382,625.149137722462
Emp1,593.6801727368218,624.9183375601704
Cct5,594.0177293579277,626.2819417968583
Tnc,593.1356873918858,626.1362563370255
Emp1,594.5453578944662,474.3371904299944
Emp1,594.8938754510466,530.7329406843029
Emp1,595.4460690489768,459.8581204229828
Zfp36l2,596.7498018329026,486.7298445342404
Nr2f2,595.9792813592092,486.4998040923495
negative_control,595.776478972605,485.923191875324
negative_control,595.5467578788758,485.7623284336915
Ncl,597.3459212778855,485.4751879668642
Pkm,596.5772999883211,586.9543077348719
negative_control,597.6172242491185,469.394245236117
Tpm1,596.9405899176784,604.5858430508144
negative_control,595.9181234608753,605.6581166644285
Cox7a2l,597.833302291596,524.3734612135135
Emp1,598.186593834765,516.5821805856536
Eif4g2,597.5567870199246,506.8368472225184
Tpm1,598.5773951102825,535.7171450672621
Cox7a2l,598.6274046850051,481.205298158776
Emp1,598.4341134362144,618.2503424281153
Rab7,599.1051377480876,591.866339703241
Emp1,600.4513576278498,639.6920157222611
Pkm,600.8231679137928,555.0323268532724
Emp1,600.5002915157268,487.3327771676384
Emp1,601.4277450252534,647.3291933518029
Emp1,601.682562847978,625.4352235007036
Psap,601.7398748496345,625.434322556307
negative_control,602.8071985138512,625.6342989072893
Fus,600.6523371143071,624.3859054689182
Emp1,601.6856675383889,631.0047232467466
Nfe2l1,602.0023517612369,631.4984939702674
St13,601.9166921002432,630.0710273478888
Pkm,603.6896014049858,514.9936011295055
Tpm1,603.8176528818617,612.2956746977966
negative_control,605.6480558187818,481.8542122043647
Emp1,604.6575233039196,481.1314802979911
Myh9,604.1193149831186,481.93528583739726
Eef1g,604.9793939853362,615.8120942823707
negative_control,605.0173072624241,468.7214683763223
Ywhaz,605.4629097220819,544.232842606019
Pkm,606.6736380843674,627.7947032374443
Eef1g,606.2422981533527,464.0671458856693
Pkm,606.5518431828422,524.5861286940857
Mrpl20,608.0213649415717,631.3829029253355
Tpm1,609.8288064247441,586.8335154355284
Pdia6,610.075438278259,555.0379011899972
Pdia3,610.4407202009186,556.1528214053628
Nap1l1,609.794348352587,555.1356281927656
negative_control,610.9093268188965,554.9420093412679
Emp1,611.9597729193562,545.1975277917358
Emp1,612.3449223354986,595.6368786450986
negative_control,613.0225130438511,491.9301518372625
Pdia4,610.590301185153,492.23927529748937
Emp1,616.4493710967698,467.3658794184617
Got2,615.4110208529085,467.9543379007189
Eef1g,614.8115781904031,465.6827209572558
Tpm1,614.5331416394464,504.49441520909903
Ube2m,614.5550253748467,623.709384913655
Ssr2,614.336680420565,528.0103918083008
negative_control,613.9254590624072,527.8593366089177
negative_control,616.0042455532965,480.83415893754034
Sec13,613.975880980639,546.3327235094856
Pa2g4,615.9666973710741,547.6398310132404
Gsto1,614.5881616150108,545.1694748764814
Ube2m,615.5909350146345,586.8947057532822
Emp1,615.2589015744582,498.9261550886318
Rbbp7,615.8362437258863,566.8353888415666
Eef1g,616.7372004283285,567.6952908319241
Got2,618.6022847946847,472.7159561449004
Eef1g,618.8585719261077,533.8422256882743
Emp1,618.8232398623526,615.4128433983108
Ube2m,619.6117588242168,501.6364100767886
Pkm,620.2771234857777,470.2784502361644
Eef1g,621.9991576568575,538.9635868687319
Emp1,621.4159603427256,608.939186444619
Sec13,622.2739120190723,607.976435864791
Idh2,622.3215225882501,608.1995361005288
Tpm1,622.3685185616788,511.84568238795146
Emp1,622.8015404162118,494.4480741589682
Eef1g,623.1575773850308,468.3675301162706
Pkm,623.5619138197757,508.60209062246906
Tpm1,624.6964584311639,477.8714433117002
Ywhaz,626.886173824916,517.2107312531109
Mtap,625.7453897537047,518.5210980379404
Emp1,626.0755036496583,616.5061677225923
Sfpq,628.0041030870066,612.4143218436077
Emp1,627.2949982639024,496.95420653001474
Eef1g,627.2908575275637,580.7035463739544
Tpm1,627.9044441821699,515.7949485092203
negative_control,628.2758020970583,589.3291679609885
Pkm,628.5238668047016,490.0243015423708
Rab7,628.5176683514231,471.43264445798457
Tpm1,631.0383488358797,641.9060711729769
Pkm,630.5631050486877,519.2922936986148
negative_control,632.1652370378227,529.1552397948817
Pkm,631.97462583715,526.9627155292369
Pkm,631.8564224825523,611.6282303318426
Eef1g,633.1689591422963,562.688959637474
Emp1,633.1868982513137,499.4988883400918
Emp1,633.6839327441993,573.9271621320291
Eef1g,633.6425296621242,557.9254994814004
Ywhaz,635.0952484524341,637.886100362727
Rab7,636.23324702313,519.8744140992105
Pkm,636.9200355933317,608.2820768532698
Rpl15,635.987014489172,627.4950090210584
Uba1,636.9512247568897,627.0411345379669
negative_control,637.6279650275442,626.953565873268
Cox7a2l,637.0089727182104,524.8269639606089
Tpm1,638.6936678512889,496.8502363180167
Pkm,638.7879655804119,545.745339807653
Emp1,640.2018432254418,532.9341209519557
Ywhaz,639.3078787422631,533.0241013217831
Nedd4,638.230454531544,549.23901332804
Pkm,638.9036328596931,549.5887134230478
Tpm1,637.8616476132938,487.0266169389033
Sfpq,640.0903971184053,479.6420298631326
Emp1,640.9557384731612,479.8473360688804
Tpm1,641.090678656271,477.2515955706328
negative_control,642.5714419341671,476.5186151409338
Polr2m,642.3549680786376,492.7155833942073
Emp1,642.0212648767596,492.0723331098051
Zfp36l2,642.921733808292,494.05975038025497
Ybx1,643.7878527663255,492.650979555626
Rps15a,642.1610737414802,493.82843649767904
Emp1,641.6874205519425,569.959922300694
Arf1,642.712699061659,569.9727661695645
Eef1g,641.7561491265369,509.53826053874593
Pkm,643.8583848521334,626.6883996281423
negative_control,645.0319291095782,537.536638083952
Pkm,645.7012275255488,629.3081888306301
Pkm,645.395194149376,551.2413474202715
Pkm,645.5436787198039,602.6236027689522
Hspa8,645.2890987033688,632.6329233352333
Ptbp1,646.2289217398916,634.4042317959761
negative_control,646.204326794717,633.0809793270339
Cox7a2l,646.7621219076921,523.5689383131947
Igfbp6,645.9513505151576,524.8319969130046
Rrp1,646.5596970081426,523.4458164062902
Ckap4,647.0819746687425,504.43910324244
Srebf2,645.123693293771,481.5781848767418
Ywhaz,646.7242490154738,482.4523711229054
Emp1,647.6113883675899,618.2576633698106
Pa2g4,648.0679198112412,634.7809656146269
Emp1,652.0438066873377,476.7827726255491
Ugdh,649.2075568032265,476.3332504698904
Uba1,650.8750565161438,478.6228505058991
negative_control,649.836317121157,479.326021993949
Lrrc59,651.7420105312626,478.6697089535184
Cs,650.7030981212645,479.7707552770484
negative_control,649.2551442060417,479.0785927699576
negative_control,651.0919637840655,477.35809274808594
Pkm,648.2465595371414,479.6129833711641
Rab7,648.0946022224641,580.4233732215664
Pkm,648.6632146594659,573.2563385691159
Pkm,649.3563781662617,576.9592594255344
Eef1g,650.2242513947278,560.6903707830434
Vim,649.9620227017714,588.8679014455535
Mrpl20,649.5806720389976,590.2767094865115
Vat1,649.1013547844058,589.0614103867895
negative_control,650.2571689641654,587.396425227281
Emp1,649.496457851773,565.2162735074627
Emp1,649.8422342542061,525.4427771523044
Pkm,650.5380279660753,584.3501835625378
Pkm,650.6591928118281,543.0066245723597
Eef1g,650.8725656709588,629.1079725231328
Vat1,653.3905561357512,540.5937085294897
Uqcrq,654.0411015660491,534.7563873424572
Morf4l2,654.7896804490483,535.8230452063433
Rab7,655.6138133963434,533.8688939480355
Tpm1,654.907360974385,516.5813087601648
Eef1g,654.9718847364304,604.8297165518786
Eef1g,656.9849338258617,498.7212195694035
Rab5c,655.1873083417161,597.3784657692783
Pdia4,655.4185798345144,598.3858918514364
Tpm1,657.4088084447121,593.1441521860816
Eef1g,658.418119420403,533.1778917407768
Emp1,658.4525470338364,487.4268426880198
Pkm,659.2210299411793,562.2549070416371
Eif4g2,658.9297603074474,615.4988567994423
Emp1,659.7840029935331,492.29835744374543
Ybx1,657.8658591638156,602.7581985852045
Emp1,659.2961641541151,602.12677413909
Pkm,659.9985282717084,578.1550335905689
Eef1g,660.2853295295041,620.4652340240134
Eef1g,659.8641148369763,605.0186800581113
Pkm,659.4292588069593,528.7144859990701
Pkm,660.9319071423928,534.4748135726453
Rab7,661.2168626957683,596.087471020471
Vat1,662.1947250528992,599.0329484431988
Hdgf,663.6834640829223,598.8879775536751
Eef1g,662.178331016291,491.5592462614719
Cox7a2l,662.6503624513938,496.6486705049889
Tpm1,662.8917314862007,566.7301158904147
Cox7a2l,663.3382543941498,487.0333679502022
Eef1g,663.7755417316611,544.9409833437796
Rab7,663.3430605865169,626.4414247132955
Rpl18a,664.1444152561742,525.9823914673923
Tubb5,664.5017291103022,524.1720381259977
negative_control,663.8916641298672,525.0209505711061
Mrpl20,663.9384627795434,523.236790190733
Nfe2l1,664.6414757510372,526.531870870053
Eef1g,663.897146113155,474.049671346607
Mrpl41,663.8620474761797,582.8663526178618
Ube2m,664.2267977049477,581.9531280171491
negative_control,664.5504967652885,557.0258454187255
Pkm,665.2355046818559,527.3289301461974
Tpm1,666.1841669511616,485.6518924123364
Tpm1,668.4658641090205,572.3534093731545
Tpm1,669.1225205456617,504.4163812579684
Ybx1,670.6792723110035,503.9297101687691
Mbd3,670.630465906386,504.4942942024787
Eef1g,669.0060756473624,496.4572713179911
Pkm,669.344607460982,599.0591059526834
Pdia4,668.1585167917247,559.1666325520642
Snrnp70,668.5363365952041,556.6513371776283
Rab7,669.8222985256996,560.1801400474928
negative_control,667.7950282201745,556.8484919133632
Prmt1,669.3519540942982,557.6648314820158
Pkm,669.2388621296514,586.0303221302896
Sdhc,668.2615815414189,585.0448802879703
Emp1,670.2505931918745,552.3799333751289
Rpl18a,670.4715126802598,524.9886718742537
negative_control,670.8088741194999,523.4098718091491
Npc2,671.0667570638316,553.2291811947064
Eif4g2,671.8612571841677,556.2574401481355
Vat1,673.1334599738993,555.8709457908362
Il1rl1,672.1145012848693,553.426302138051
Rpl15,673.9297255950336,556.4247686911297
negative_control,672.4804524320207,555.8449639682209
Snx5,672.8354667936547,554.5513635350709
Zyx,671.898977119626,568.498768609762
Lamp1,670.5090928272107,567.7623035507042
Pcdhgc3,671.6659418299992,568.8242206796401
Eif4g2,670.13845677692,571.8982920639035
Hspa8,673.6975333824955,568.1698673889493
Timp2,671.9974020292988,566.9858695363325
Arpc2,671.3003752057895,570.1557454779925
Zfp36l2,672.2748036687351,565.9500649620804
Eef1g,671.9833110632325,513.6300699840555
Tpm1,671.9909331479371,483.8193395216362
Pkm,672.9933971479829,541.5357335242286
Eef1g,673.0869282904854,471.0864404403424
Cox7a2l,673.2976978476581,490.65098034638726
negative_control,673.9970114402024,606.0350211311222
negative_control,675.3061353765047,604.925948323887
Pkm,675.135704610664,604.0005611255694
Rab7,675.9825519443252,563.1002637578847
Vim,676.2909295863262,558.4625032844318
Eef1g,678.1484993975679,557.8369579376489
Tpm1,678.4615311331372,609.4937195524057
Pkm,677.9441403658792,548.2925476318212
Vim,680.5731588813103,578.0326324419069
Tubb5,679.5047188523107,579.4264089445761
Pkm,679.3387955440562,579.4105277477152
negative_control,680.4751758283035,518.5609903486462
Tsc22d1,680.1730157821038,519.4983011684533
Pkm,679.5923546938585,556.9769345780411
Ube2m,681.2758022042383,511.85991044442176
Mrpl37,679.5843457923746,501.837564004209
Pkm,682.295969390267,619.1714687835705
Eef1g,683.6789299842501,582.0865474222878
negative_control,683.009457234698,475.280744361873
Tubb5,682.9312894787183,475.8677867370608
negative_control,682.1597203953402,474.9135364152389
Myh9,681.8333217106808,476.0413753532384
Gpi1,682.4289223973016,475.7663537442388
Srebf2,680.6015204949967,475.5319491490257
Ybx1,685.6500191641449,567.8661531786081
St13,685.0101532137678,599.687777053608
Tpm1,685.5991797511092,598.7575255675209
Pkm,686.9143208121066,560.449672504227
Emp1,687.114580903429,482.7582690704754
Tpm1,686.8144930994642,540.1484460337358
Rab7,688.1410854985951,509.3609933786558
Rps15a,686.7475568711425,485.3853086153018
Rab7,688.3121163387273,486.8609417154775
Eef1g,688.5123361650112,505.7567413869026
Pkm,689.3947688711951,492.11820733363896
Eef1g,690.4821777414136,627.5161635861682
Tnfrsf1a,691.090418064774,627.0560297348198
Tpm1,691.0656303210196,607.16866043779
Tpm1,692.9900406645862,493.2380317907256
Pkm,693.2540584335378,562.3810448541402
Vim,694.3058695001766,583.8699225695506
Eef1g,693.7485534780265,584.2957959957394
Emp1,694.2870572600332,500.4607481404606
Pkm,694.1737771217107,529.1102267725648
Pkm,694.6231001998149,637.8004210288927
Pkm,694.8965796171831,485.1902756456335
Tpm1,695.4285584266139,536.8025300812326
Eef1g,696.5553033139257,498.70797408068165
negative_control,696.983198194594,497.31312180883214
Pkm,696.8527564931285,599.0589374060928
Mtch1,696.564338782384,553.3306830280171
Emp1,699.148807922384,512.2684744792368
Ube2m,699.0146761389346,613.7830806931572
Tcp1,699.3731565624805,612.9625613376236
Rab7,699.8422373608831,505.05495293832286
Eef1g,699.8638070853038,641.581391130557
Tmed9,702.8841296046207,496.508227072615
Ywhaz,702.0555752874009,495.9465976147363
Rps15a,703.1787467768407,494.3834306004432
Nap1l1,702.4213684678878,495.4280225742475
Vim,701.8073367987519,554.3765823496217
Eef1g,702.7266740883758,555.4547023718299
Maged1,699.7418204977948,553.1042203807087
negative_control,698.8731767619336,553.6490042463515
Rpl18a,700.4508648330263,553.6899400318799
negative_control,699.395583379603,553.480872544996
Hnrnpk,702.0364651674057,472.6125103737927
Eif4g2,702.8024720179344,472.67296613758657
Fus,701.8842829155058,472.75208691517287
Gpi1,701.9313961985904,473.2118684967137
Eef1g,705.3672366861679,508.0285225270768
Eef1g,706.9735204195551,563.9765182780623
Vim,707.7051938009623,494.58658774682647
Eif3f,708.789362707245,494.21737261661656
Emp1,708.787225618573,531.8929302754752
Pkm,710.1247417882764,569.607017364759
Pkm,710.9912465861382,524.3797985535685
Eef1g,711.8177487952154,517.6289164777519
Tpm1,712.8707209443427,475.5276833278774
Rab7,713.5330416008271,554.6433892578414
Emp1,714.2535472889616,561.0222668422862
Eef1g,716.3359951430489,559.3367490509452
Tpm1,715.218318020089,501.3620614289231
Eef1g,716.8036180909135,513.5268187360364
Tpm1,716.7755150822912,483.2990867954976
Fkbp4,718.7860333514222,504.22775327267226
Eef1g,718.3015888922316,505.08177158827885
Vim,719.2190984032068,504.1122654614918
Eef1g,719.7378021971953,535.0918484168444
Mtap,719.7420741986289,534.4640397612734
Hnrnpk,720.5258979133213,534.8168033665918
Emp1,720.275719882003,478.4911153809206
Ywhaz,720.8892483004231,525.7747508736061
Ube2m,721.4972807103861,576.3570898245035
Cox7a2l,722.7501831580547,475.690032388547
Pkm,721.5383689693665,502.65284116055466
Pkm,722.8670802129502,556.8394502674936
Lamp1,723.4885054788526,557.4135693719786
Pkm,723.0528229310144,538.5181162481842
Nedd4,724.455003005354,520.6045504903325
Emp1,725.3942402578905,522.2015850259934
Pa2g4,726.2205025907983,532.6877502119672
Ube2m,730.1050298950069,531.7722332613914
Eef1g,729.9932892207846,475.9650685786742
Rab7,730.385256181384,512.8241139204703
Eef1g,731.7229254165921,525.963276754333
Eef1g,732.4757153119983,506.5250566425058
Tpm1,732.8073727544577,482.275844044821
Eef1g,732.368022494442,544.4545103533488
Rab7,733.6784167857536,485.89805934860544
Pkm,734.5074933029817,563.1681347338297
Snx5,734.8338023407471,580.7384402114433
Cited2,733.6142282361575,580.699707255473
Eef1g,734.2744678234524,580.3957477728771
Pkm,735.0129181805587,515.2718745763606
Eif4g2,737.06789462491,548.9303974290083
Eef1g,737.3700173223029,556.9976011809523
Cox7a2l,742.3255067213945,517.8889122767955
Ywhaz,742.6731085735602,546.7797576158288
Eef1g,742.159609405451,577.4359469250562
Eef1g,743.6422759177683,554.0637923438242
Eef1g,744.0639999743951,527.1685613581539
Pkm,745.6702648653161,561.2769050028659
Cox7a2l,746.5309956417865,490.8128293016276
Ywhaz,746.6768377435544,539.2409012696332
Pkm,747.3873674281881,572.3821473447465
Rab7,752.4483883722443,573.4519040126511
Mrpl20,753.1006697127933,553.055326917496
Rab7,757.0250593631929,545.9515138839591
Fus,755.8949280914719,543.5341393880426
Pkm,755.5307931807197,570.3809136592769
Emp1,758.573080705929,517.2575833002695
Eef1g,759.589147345668,521.818016488626
Tpm1,760.6951035489724,545.4900909723835
Eef1g,761.5296476715469,571.8165604078117
Rpl15,764.4555501740755,536.0334526682359
Pkm,762.7100629824172,536.5411870871434
Eef1g,765.3218291198131,547.719904448863
Tpm1,764.8050774228514,595.186400774269
Tpm1,766.6608337987092,576.6795701797446
Pkm,766.8070858067952,544.4821054915225
Ywhaz,769.4005112406551,587.6053925271924
Tpm1,769.208450676023,572.4530658437894
Eef1g,780.8879175380202,585.2685240539739
Ywhaz,788.6207756329088,579.8804328691112
Eef1g,791.1098006658132,595.4052885198563
Eef1g,792.1825813570775,591.1839912040531
Emp1,792.6718939589434,583.0262619914018
Pkm,801.6108553674076,572.3228749596905
Eef1g,802.5869174845218,608.8100675866885
Eef1g,804.4253771996051,577.4311622700807
Cox7a2l,806.9134137284735,607.0270514886392
Pkm,810.1134668700837,600.9747386645795
Cox7a2l,816.3909246981759,615.8062880982299
Eef1g,822.3901567351106,626.9377803172431
Vdac1,828.8154492367426,634.2664591569534
Polr2m,829.2579473519182,635.190742027022
Rab7,841.157235458061,616.9877434087168
Eef1g,843.9025973536343,661.2807883502674
Ywhaz,846.0141193748606,641.0905179239069
Ywhaz,854.2996136899235,671.689174372162
Eef1g,865.215807949784,652.147376424518
Eef1g,877.0725598934894,664.1039375257079
Eef1g,880.2210223831887,696.5448762414017
Ctbp1,885.526188971055,696.4985189202994
Eef1g,892.7905254251648,668.6250338638752
Ugdh,381.8888950484722,863.992145306479
Ugdh,388.65648486887824,842.838528086808
Ptges3,391.3632940982083,796.1857005936579
Nedd4,401.2053243606982,811.2067827171713
Cct3,405.5880516957761,762.2680534432619
negative_control,407.2737532305076,780.7856266905097
Mdh2,407.5892426260963,781.591891179178
Rab5c,406.134520405125,781.3732869663518
Cct3,408.093922920742,814.4075553562349
Stip1,408.5389944848564,814.9979340005023
Sfpq,409.909903285061,815.336725071304
Nedd4,408.02504208628056,769.9787257915076
negative_control,407.3964096582363,769.2663142298718
Gpi1,407.8629710766836,769.9757909632383
Lmna,409.1364346119684,791.9166751299429
Ugdh,408.2675722534768,874.2345193615123
Ugdh,410.1785531474183,811.8109149657879
Nedd4,410.9856024840776,817.1418751585707
Sf3b2,410.4156840007707,817.7048644241497
Mtap,412.73331909047545,817.7007218290332
Vim,410.0720752262638,749.3708412757344
Gpi1,411.4309437266842,747.7828441018931
Rpl15,412.3188430896644,748.6975593840052
Rps15a,411.40995749321127,748.8394304724644
Nedd4,412.55156049655335,732.792220692631
Ptbp1,413.3635413001992,788.5656955753075
Zfp36l2,414.68054355737706,774.0618097455273
Polr2m,416.7868090648016,774.6435568502635
Hspd1,416.4226882813372,773.0722119593825
Nedd4,414.8250319751969,774.849977322535
Hspa8,416.9571913281801,773.3200265650205
Nedd4,414.7444267902504,826.4529851020293
Cct3,416.454145973803,835.9325007065834
Mrpl4,418.1554903877036,756.1748936774729
Nedd4,419.76533335750975,776.9749960548141
Cct3,420.25497725226063,719.5266458329063
Vat1,420.2164269934209,876.5610713659571
Lmna,423.75442736840927,758.8750906226231
negative_control,422.5799034150386,758.4116667387029
Taldo1,422.8805023181133,758.5836016123496
Prmt1,423.2831256537016,759.821261829512
Rpl18a,421.2033580515424,757.7773355013858
negative_control,421.0589978517078,758.7419603817616
negative_control,422.8303979469589,758.9320340081949
negative_control,421.1494365767665,740.67745886577
Ugdh,421.78700699736,842.3783071785115
negative_control,422.65793221965566,750.7609437880799
negative_control,423.5627949409225,707.9702656174713
Arf1,423.5743016923112,766.67627246027
Ptges3,423.87328533377297,767.8584220140134
Gsto1,423.7120310173992,767.2788513800024
Psmd7,422.70871264249536,768.5145085667116
Rbm3,423.40849107539646,764.9136306295903
negative_control,422.5244967877512,767.3781881908046
Ugdh,427.4184378552188,770.4638824537011
Hspa8,428.41274272179686,792.875003228021
Vim,432.3884782932195,718.3353103168537
Hdgf,431.5804572330098,660.2347570484668
Nedd4,432.7148440083385,817.1545702602782
Rpl18a,434.31621023191326,710.8428578423243
Cct3,434.3021744319927,834.6881664818784
Cct3,434.3874104282098,692.2898043650328
Eif3i,433.73735426737903,691.640683284696
Nedd4,436.4232813052865,739.8359251783138
negative_control,436.12947755300826,884.8702227446071
Ugdh,436.2014387633852,727.8502505110657
negative_control,435.9678007321106,826.635091519086
Cct3,437.1967424416407,809.8868911640781
negative_control,437.1645882149196,744.1755039691226
Ugdh,439.1969504743636,858.2962914178397
Fkbp4,439.3928941283237,804.7345768045842
negative_control,439.6078730173492,804.5498684819064
Uck2,441.1446577456368,830.7757339031025
Ybx1,441.0026851169093,831.1546410907193
Sf3b2,440.5320205381122,808.460357863222
Ybx1,441.1589235765503,741.6042673680446
Nedd4,440.7176841050724,741.1082461511745
Ptges3,442.3309662448445,618.0224074521102
Mrpl4,441.5548937270228,834.6473960201204
Cct3,442.49655161766543,655.5420522539224
Ugdh,442.2071599279933,850.6071826911603
Hspd1,443.0724236171949,876.8118710077867
Tnk2,442.37762095517263,877.6900785727569
Rac1,444.3482800678333,876.7936703932114
Csnk1a1,441.1055704088743,878.2975432278616
Mrps18b,444.0204632678847,753.6310367119271
Hdgf,445.8737015188486,753.3959823095638
Raly,444.3730022569702,886.5451494760265
negative_control,443.9390186494255,887.7406858599804
Gas1,444.50453319947366,631.9470585289328
negative_control,445.911091098391,631.5256127995123
Tpi1,444.5486812270668,632.3723950612841
Pdia3,447.06488321521965,632.363592601426
Vim,444.5469092028935,631.5059125023972
negative_control,446.02601044628,631.7591278901141
Ptges3,445.86106234311217,724.4637559647643
Cct3,448.37154041240944,795.5236073912904
negative_control,448.1540912646129,645.3614791741356
negative_control,448.515058388796,645.4421380009372
Ptges3,448.8826620452289,867.5395304831915
Nedd4,452.883107275476,606.6419421466364
Hspa8,452.0393358715331,607.693091211304
Ybx1,454.8387316005553,769.670940540026
H1f0,454.6691062399357,767.4684408317661
Ptges3,454.48014907862125,734.1196376546363
Myh9,456.730236857818,692.5935251274242
negative_control,457.78739093536734,692.9816314763968
Ssr2,458.56152737145305,748.1153032693782
negative_control,457.7654692084965,748.4690903606468
Ugdh,458.72422675992016,676.4618574311453
Nedd4,458.99052101194286,825.6482173431232
Ugdh,459.7255119295896,851.2875858356534
Uqcrq,459.7741752033118,852.7571940567767
Nedd4,461.4941511138599,606.3462383360938
negative_control,461.7092277331648,759.0753097034454
Nedd4,462.31729205794966,696.3977616920492
Cct3,463.45918818590405,812.8485630488417
Aco2,465.5020346804866,749.4599577040127
Cnn2,463.90325585014375,749.8539038001294
Nedd4,464.520923472131,748.6730730457359
negative_control,464.7097702543556,727.2789108511612
negative_control,466.2622327972661,686.8272220175083
Nedd4,466.4641906530312,875.1292100885062
Nedd4,466.6350460238588,826.9235594815725
Uck2,468.5975479244002,694.7032122109185
Pdia4,468.26916767045327,694.614091983578
Ugdh,468.7741423092312,617.0306778781103
negative_control,469.6482182000601,696.7760851859009
Ugdh,469.68298237052056,696.3049114958226
Nedd4,470.1346076621918,566.5702924132402
Lmna,469.6920826691802,709.9210073631793
Cct3,470.4133781988456,709.7956100365645
Rcc2,471.72743773022097,667.7335924004915
Msn,470.81763919204514,667.2442044218665
Kars,472.4634568978693,634.6671718982184
Gas1,472.0041271554335,632.9345721215456
Uck2,472.70127605929525,633.3231367424215
negative_control,477.3330628109726,811.2993977875116
Cct3,476.200192805406,811.7358014130858
Nedd4,477.1774494773474,705.964500945334
Rpl15,479.0963319305952,779.0658324618905
Ywhaq,480.24533687911816,779.6264580641714
Il1rl1,478.34948768202105,778.3145978545679
Ugdh,480.7607589605988,776.4088767992957
Cct3,480.4740383823412,554.0363888194026
Cct3,482.060732624492,581.1189933477806
Nedd4,482.4753576624642,714.6417395328936
Mdh2,485.34283724038863,713.0092915965389
negative_control,485.3865246343344,711.86390984353
negative_control,485.7994283929305,711.1187188910676
Zfp36l2,485.7809550897849,553.3931971696499
Ptges3,485.91787707267895,553.3528727668538
Lmna,484.9349886591033,554.5128346435125
negative_control,487.0278382665539,531.8850877614561
Cct3,487.6221989625035,650.6224084443024
Ugdh,488.088477603266,813.921399236181
Nedd4,489.7896136245356,425.8261477131701
Uck2,494.5330693615763,784.4638493091372
Nedd4,494.9537010082231,752.1957340364031
negative_control,494.142952257198,751.3325494530936
Prrc2a,493.04681759472624,752.5296860745864
Ugdh,494.7484436916452,764.0620787232023
Mrpl4,495.7523874262295,665.0991063664451
Ugdh,496.3198116983606,500.0808190937431
Nedd4,500.2431394962072,814.36940607872
Rrp1,500.0582767262175,457.1432807302283
Uck2,500.3720965002044,457.9258857014343
negative_control,501.010849383551,457.8591061557464
Myh9,501.5018991844876,757.8863499953644
Vdac1,502.1204740846755,753.9155412315317
negative_control,501.7146590112321,757.3827235677641
negative_control,501.6545640473647,754.956785964153
Rpl15,502.1366661363476,820.2309237212914
Nedd4,502.2760633457276,653.8350164106075
Nedd4,503.23514307141,516.5423631262898
Stip1,503.2928583683747,664.8377481390271
negative_control,503.3415112228008,664.344299287735
negative_control,502.7452950574793,665.3137759826509
Nucb1,503.3636311429068,415.9625234763749
Ugdh,504.355818810761,416.3215500091383
Vat1,504.6243536681897,451.5197835398532
Ptges3,505.1521112605083,450.9645167381592
Nedd4,505.761633971708,798.514146689986
Vim,509.455027493544,749.4065346120727
Ubxn1,509.7936167382252,424.2174625116778
negative_control,511.2284329125218,507.4150962490908
Ptges3,511.84819185669113,493.2202967468909
negative_control,511.3855143828292,467.0384971391881
Stip1,512.1446508551087,466.2510648255883
Cct3,512.8700152092847,464.7034912635142
negative_control,512.6077249270147,693.0078460633853
Nucb1,514.4346318602527,685.076721796243
negative_control,516.2782729408384,760.9413904721971
Nedd4,517.4033882869885,435.96654689134095
Ugdh,520.0579131329331,672.3463841573921
Mrpl4,521.1311853648625,650.8832292479718
Ptges3,521.6215167664762,481.7701624001268
Gas1,523.5865390585273,517.3576030383566
Nedd4,521.8756394328217,516.4477800630314
negative_control,522.715370916751,516.3411699599507
Cct3,526.5053233059956,731.3469558480286
Uck2,527.0683982588031,672.5452521582044
Ugdh,530.832075726692,731.091182538244
Ugdh,530.7827710909309,456.0472218825627
Nedd4,530.9056667015916,459.19679253952506
Pdia4,532.2075397361934,683.1362945629379
Mbd3,532.7438187796,682.8583004527015
Mrps2,531.9273350969703,531.5875883833278
Cct3,533.2109287584457,481.3899894085909
Scarb1,533.5254792370174,510.7672212207981
Gas1,533.4299157631535,511.4293989599957
Cct3,533.6020311924492,469.3085530292102
Rac1,532.8431151088366,469.8524618696355
Loxl1,532.921449043149,470.14515793165344
Vim,534.9970645188979,515.6929050085846
Ugdh,534.87254534355,652.4789632125738
negative_control,536.7282752757403,496.1905888436062
Tubb5,537.8089331195362,497.8084074557946
Mbd3,537.0316365444502,496.8934799424395
Nedd4,537.6467502337529,674.1653671325661
Rpl15,537.6992949342887,675.0700426532871
Nedd4,540.3338974507232,666.2738394961469
Ugdh,542.732969655689,716.3157366265623
Nedd4,543.9680375322367,649.1022796881305
Uck2,545.12918338696,506.9997556763541
Rpl18a,544.464803249661,450.0389464289279
Nedd4,552.4337357882966,465.0987550347432
negative_control,553.5800234711047,465.0840085032421
negative_control,554.05512813906,464.5856378518105
Ugdh,553.1425896325537,569.9118028690194
Nedd4,557.7517136114075,510.7142503200173
Ptges3,558.7693467011311,644.8821870631764
Uck2,557.9444155599908,455.9589964324272
Idh2,560.55531246768,503.42002082221336
Mbd3,565.7330688951507,472.31435040756526
negative_control,566.4386330809559,472.3716823315723
Actn4,566.8192988805689,452.6767560632212
Uck2,567.2679430088116,452.22510576658425
G3bp1,566.595785593865,454.5003899566703
Cct3,574.9550320461269,515.1336592614028
Ptges3,576.331079534096,469.4684019914564
Ptges3,578.822661502548,511.639275214207
negative_control,588.0546319493322,485.09367808839465
Ugdh,588.005349831496,478.0918959197956
Cct3,594.3843267798269,654.76250649175
Nedd4,599.6307687680334,462.9995545348568
Nedd4,599.9693299388675,488.4104395243794
Ptges3,605.9982841748509,644.902776714814
Hnrnpul1,606.2316409097468,645.5648283368454
Nedd4,610.8614944381532,535.7138864627118
negative_control,611.3427721712599,587.4321068380037
Oaf,611.8400101297655,628.7316881744932
Rpl15,610.6232253551224,627.4383816153334
Pafah1b3,611.2603597216182,628.9565710367089
Nr2f2,611.3394733109684,628.0227676402262
Nap1l1,609.0075952853654,629.7736865534233
negative_control,612.3557249661735,627.7970579299906
negative_control,618.8800934426478,478.9887317455318
Nedd4,623.1578471457133,471.4908643111337
Ugdh,623.8143372947693,479.0449278248019
Cct3,627.1864989139177,505.9873196472647
Hnrnpul1,631.8485159189038,629.6164395790485
Cct3,633.5725707497995,615.5687204161615
Lmna,632.2705602644072,616.364942050756
Eif4g2,633.2416040635857,616.7824567074418
Prrc2a,633.0287044341171,615.6108675437065
Ugdh,633.9170487246557,534.6757579227983
Psap,633.8691565753722,536.0483183967567
Ugdh,634.3981199544385,516.2114512943626
Ugdh,641.78945267427,515.5188315560388
Nedd4,642.8469524065129,582.6894731532557
Nedd4,645.7001350070617,572.0748128497032
Ugdh,646.4637923960751,561.6577590116782
Nedd4,647.4244564802294,508.7990958660709
Hspa8,647.4178965271841,606.016495665915
Ugdh,648.392755904687,632.5324462146862
Nedd4,648.5599550051353,495.8719916899757
Ugdh,652.9268971832304,627.3225215856382
Nedd4,652.9399645778092,506.0347335508462
Ptges3,653.6672678148061,479.1254865110992
Nedd4,654.976929727534,527.1759388363308
negative_control,656.2063072513351,558.6348192854002
Nedd4,657.0013640787873,538.150772897242
negative_control,656.8020707395017,482.1625654707081
Uck2,657.1700133359953,603.188267496177
negative_control,657.0016022812861,519.8257726879256
Ugdh,658.5387403550835,473.8703503069822
Cct3,659.0039096584284,533.6965040650493
Cct3,659.6311191434224,545.1264961825067
negative_control,659.7210752209602,577.6714984153357
Cct3,660.1649771229894,613.2931480783424
Ptges3,665.8680030464346,467.6029748057152
Ugdh,667.9377333775581,465.2654533365947
Vim,670.591277816831,464.911780805733
negative_control,667.9185573839318,465.2444064246088
Ybx1,667.3546382826555,464.8011877483245
Sf3b2,668.6459407752382,466.3123032114491
Vat1,669.4797442296318,465.28701530178085
Ugdh,668.4809602876189,578.9032752404793
Zyx,670.6020530115153,609.1798529236085
negative_control,670.6923883454392,480.9525794290937
Ugdh,670.6640180747457,477.04070866649175
Lmna,673.3265557486645,598.7543686507672
Ugdh,672.7765181181858,599.3921635738855
Actn4,675.6746782434277,614.1523385339699
Vdac1,676.4317401938451,558.7092035020811
Tpi1,678.4791385923131,528.3062315063582
negative_control,677.7589184752696,528.1380677744102
Nedd4,678.5029431139621,566.0963713148067
Ptges3,679.3927113749131,498.8467323558676
Psap,676.4833403250648,498.6834030303769
Nedd4,684.6104889908678,551.7294260842491
negative_control,686.4292539083565,525.5158896375615
H1f0,687.0506390873983,525.4169673878419
Ptges3,687.1083119044213,536.8773443553671
Nedd4,687.4976802408536,531.3488334733919
negative_control,687.2819048805563,583.6958784412236
Cct3,689.8235174154494,513.6672803739789
Ptges3,689.5023047206892,606.3980318980991
Nr2f2,689.9726252013152,490.9953758883376
Ugdh,693.174320096157,615.9335988933165
Nedd4,694.4550460757584,519.5901938148132
Nedd4,696.6569840981924,589.8500449391408
Cct3,700.0707930402948,545.8018752170522
Vim,699.7578554150259,544.1495557519404
Uck2,703.3608748983539,629.8864792776832
Mrps2,705.1147219207467,472.8791096810843
Rpl15,710.7061271750943,519.2919661240757
Cited2,711.8603525297718,518.8214586665642
Tubb5,710.6665668762394,519.7526394766189
Arf1,711.092187576688,519.6947847008532
Rps15a,710.5199898621767,520.61603921217
Ugdh,714.5898601644155,533.4429779565772
Vim,717.6961424935331,538.0137053882653
Hspa8,720.3082662396714,497.3146843863022
Cct3,726.3472376757504,505.6600626528336
Vim,725.8070192997093,505.4751955674991
Lmna,725.7579115878232,505.323315835022
Ptbp1,725.7990240833631,503.5438923514984
Lrrc59,725.9069500677635,501.8940800769025
Mdh2,725.713314064755,504.91434697421226
Ugdh,728.8042136947297,491.4444130474479
Cct3,730.9038304678859,517.4571578355511
Ptges3,732.134036848445,481.0724666499652
Mdh2,740.5539227299012,520.9372610145284
Nedd4,741.2969301932196,520.7266256129647
Cct3,755.4555310283718,531.9841347642861
Ptges3,759.6123155679785,532.9258680052504
Cct3,762.1652941113651,599.09465878525
Nedd4,775.1389449809012,579.5968082142404
Cct3,778.3755384120515,555.437968774008
Mrps2,781.8322642289882,570.8100057262501
Ptges3,781.7529719981808,547.2956369305638
Uck2,785.8913988375855,606.3521585044064
Ptges3,786.598448291514,581.362619348047
Ptges3,791.3596345514259,614.0334734635803
Ptges3,793.3516702768073,584.1543933258673
Arpc2,376.5369531327957,865.7165717859502
Arpc2,386.8534871453023,856.6898021673885
Eif3e,399.81714324482607,880.9215586809308
Lmna,398.6421539483546,881.6493858378909
U2af2,401.0620406083769,784.2971904837277
Got2,401.3513862061069,793.7634953578709
Gsto1,402.6336758647217,792.4971914364037
negative_control,403.5633957877921,792.9988811845219
Uqcrq,409.2823106818772,759.8691298553699
Pdia6,415.9366873081884,743.3353389099852
U2af2,416.44040264994766,747.6323750231452
Gas1,418.2252897409645,781.5045773230688
Arpc2,424.8187716237537,807.4594793329239
Actn4,426.7759340080615,807.0049309846399
Skp1a,423.9347064879772,705.3894507640115
Vim,423.8041546678178,704.4711339853995
Got2,424.201579640674,703.6218642933281
Ddx17,425.1173646874287,785.2260348730017
Vim,425.1908442486082,785.1390247583734
Gas1,425.2076151568259,785.4201026055949
negative_control,424.2965069138679,785.7731600196723
Tcf25,425.0835541758988,741.0850694307035
Gas1,425.5571510550599,729.5566767368293
Eif3e,425.5789688086497,783.2048272656001
U2af2,425.6510869463047,744.775017117259
St13,425.7407016207263,743.0999978981108
Got2,426.5360597612084,769.184294740315
Rcc2,424.5944567712346,769.4583158948493
negative_control,426.21974491791616,769.2473344552945
Gpi1,427.43585947491454,769.0603469748203
Eif3f,424.8129614191526,770.0249740958855
negative_control,428.9958583373738,777.3317862958934
Nap1l1,429.8773848688495,814.2242263451911
Uqcrq,428.5991291410468,815.4907463655313
U2af2,429.7186905608805,748.5789814022155
Msn,429.5866885662328,747.6191727577601
U2af2,430.3343240067944,704.0066080592601
Gas1,432.941952489588,771.4816085311381
negative_control,433.3282634067333,771.6417584090798
Arpc2,435.2642073150229,779.3360459290179
Gas1,435.54820132926494,647.0061838938386
U2af2,436.0540805065924,724.6022054145882
U2af2,435.6076009340062,834.0034237451493
Stip1,435.8009646566297,718.3848498403136
Gpi1,436.9647351273677,717.9660114030986
negative_control,437.59207430472753,731.066259869557
Pdia6,437.9129347720333,696.4010229038751
Vdac1,437.08457650422895,651.3952485664961
negative_control,438.9979419711266,701.2664530316638
negative_control,438.3647174510987,790.0728421856713
negative_control,440.4895440374207,746.6800837475282
Uqcrq,439.3789133218344,729.8453788130452
Pdia6,440.7297423757619,686.3906100264248
Pdia6,442.33857071458107,623.0382248095534
Arpc2,441.19505902761495,795.4667751942017
Actn4,441.4737095162111,706.0719211637582
Arpc2,441.80383801828833,799.8866282306456
Uqcrq,442.05052663915865,814.154455029448
Eif3e,444.4618071595131,671.9740399074248
Uqcrq,444.8878924772944,740.2220124145342
Fkbp4,443.8191093477036,739.5929741264137
Arpc2,446.35581699927775,836.6033648322261
Gas1,446.7503497360774,713.4751593178775
Gas1,448.4929796068254,616.1835658721801
Uqcrq,450.93760047221497,748.0581406371336
Pdia6,451.8985730535309,637.6711122768099
negative_control,451.8218170372448,708.6977959959407
Arpc2,454.0333229360364,861.4546300476355
negative_control,455.4967428826,721.3099218379944
negative_control,455.3898856802853,602.7899196641729
Arpc2,455.3977097026967,702.2526364587471
Pdia6,457.5082763451891,602.6091605082667
Arpc2,458.0257027259995,705.9817265648556
negative_control,458.8013412741752,648.586355595357
negative_control,460.9016634917456,813.0024516003863
Cnn2,460.6376910512782,811.8038649937331
negative_control,460.85748365387497,811.6604930444201
Gas1,460.4573557988484,699.3731253864887
Gsto1,460.72150479576993,649.6502147543299
Hdgf,461.4399847960861,650.5260916897458
Arpc2,460.7077376192008,651.733583853091
Eif3e,461.2907203047375,865.9327542231845
Got2,462.6816415722356,783.597855208189
Hdgf,461.6271293915596,781.4080862889393
Arf1,461.6350167184611,782.8172156500987
Prkcsh,462.9492279082624,736.034915599128
Gsto1,464.31879931390006,736.1442746693599
Uqcrq,462.8472803736109,756.7299722736848
Hspd1,463.0394946010706,756.9362598425273
Prkcsh,463.3027380935716,602.7348946521316
Tcf25,463.8021839978469,869.7244550606116
Vim,466.8068630598864,711.6389784795631
Pcdhgc3,467.7525313459879,711.8935154194014
negative_control,466.0704833200275,710.8731101775118
Prrc2a,465.1366938584294,710.5784456425654
Prkcsh,466.7862988987965,576.220010569629
Vim,467.77229969435575,693.2510258738939
Arpc2,466.4929209586085,810.9848191051103
U2af2,466.4748932887878,767.6321649249003
Prkcsh,468.5841750952204,652.3852801361442
Vim,471.20347474230186,704.0846679347067
Nfe2l1,471.558793686817,705.8713100594672
negative_control,471.0051776703183,705.6519607555399
Pdia6,472.9700523374069,701.2615853700474
Got2,473.04318417772953,553.3852477254118
Pdia6,473.6624201430967,640.9541260750455
Vim,472.9900744518759,785.4542570476456
U2af2,474.2589805564753,785.4725810640538
negative_control,472.1476357894578,785.728687861312
Nap1l1,475.9092659585695,804.2343828953395
Arpc2,476.0433117015705,805.2601797774842
negative_control,476.11617597987527,803.0940402428566
Gas1,476.476713386716,802.1860983942869
Arpc2,479.4331846599905,807.6587337374169
negative_control,480.0370574655711,774.501409913359
U2af2,480.5520987171676,618.4733113597347
Timp2,482.3748025524078,686.9878062388673
Uqcrq,481.400205026581,687.5273785353043
Sec13,480.9846817995966,763.8864239416463
negative_control,481.0089790653339,763.5862061375406
Cnn2,481.8223781851906,672.7190025541325
Myh9,481.6767541248024,671.4202429339533
Prkcsh,481.8248928596549,673.6514287882932
Pdia6,482.4560270355134,731.1070679992326
Uqcrq,482.76493058382727,830.2502581638645
Pdia6,482.5310951526784,722.111609510114
U2af2,485.5561653347731,733.0150852208005
Gas1,486.75726377030094,524.5961418978204
U2af2,487.4547975598824,758.4365528755923
Prmt1,487.6884135785812,758.6963688552921
Prkcsh,487.8245324956699,669.3120056256432
Txn2,487.4061947713773,670.9841333008773
negative_control,486.5312806729323,671.1587274610214
negative_control,485.6076637196284,672.5183035151141
Pgrmc1,486.7276088754395,669.6345444013742
negative_control,487.0317179910196,666.4815700758732
negative_control,487.2703775872468,664.6452671608961
Gas1,487.9921314887949,666.1494613691737
Hspa8,486.4300910968096,664.238765542257
Mrfap1,488.15622655919503,781.198496299325
Hnrnpk,488.10184550960815,780.225245308605
Tpi1,488.083896462044,782.0622075542465
G3bp1,488.4585241484388,780.9790108325153
Pdia6,488.98070224198136,678.7304387172467
Tmed9,488.4134324516209,677.5224168617591
Prkcsh,489.8733559309379,804.0775372122009
Gas1,490.0382333663409,729.1665754181872
Got2,490.2619968574625,428.2607144260928
Stip1,491.56788958627607,796.181484898453
Vim,490.5391556732935,796.5331406719729
Hspa8,488.9520407253955,795.0338646721808
Eif3e,490.696870861216,796.3719307951002
Hnrnpk,491.7342048508466,796.8291346498339
Gas1,490.8306554235586,642.4592096956644
Eif3e,491.49634028095824,520.1812715727185
Tcf25,491.3966097692883,509.7419262758619
Got2,491.4896637372927,657.09017671816
Zfp36l2,492.20455926737816,694.5631875654318
Hdgf,492.9722455074426,823.0471866070153
Gas1,492.4322012009397,502.32579067024574
negative_control,493.0037327571041,526.5585555181756
Sdc4,492.8511242127758,526.3510279025459
Uba1,496.9698879088772,425.48248828790514
Vim,498.5720033957722,424.2708907678741
Oxct1,495.4845635654129,424.4351489753008
Tomm40,495.5908837382884,424.461207946212
Tcf25,496.6094944156399,801.3102434269986
Eif3e,496.6627801784974,461.4080338031005
Uqcrq,496.94637165854624,777.1679354479481
Arpc2,497.6668406024506,501.43206521368575
Idh2,496.58907489402446,646.1966777185454
Mrfap1,498.1699825685216,648.1854442313845
Vim,498.7036226857348,791.9122719801788
Idh2,497.817590543788,791.3729871828708
Ncl,497.47435853231065,791.1727621217088
Tcf25,498.1035463119829,791.7905904626813
Gas1,499.33467196574793,471.9441155655561
Gas1,499.1259306869384,746.8509534772361
Got2,499.7176093834877,811.8394399154229
U2af2,500.25311466363615,534.5175968742438
Gas1,499.95377713829527,673.8903000932903
Gas1,501.23330480879775,486.1768212824697
Prkcsh,501.026088024136,489.7570388455829
negative_control,500.8175087607605,490.7717280948206
negative_control,500.6349830978694,488.032433387229
Prmt1,501.2827053432472,493.9696249318397
negative_control,499.9877066008684,706.3888144763663
Nr2f2,502.4379771822279,422.2133523307618
Prkcsh,501.6187432417547,480.47707070037904
U2af2,502.8982271429535,703.5346755454106
Hdgf,503.8407497765842,748.4206432774389
Rpl21,503.7717741227901,750.1009649995726
Pdia6,503.6101979141105,748.8701757344342
Gas1,503.41066298350216,514.4016970816901
negative_control,504.374001919836,668.447567287677
Msn,505.1283563217587,668.1310217694379
negative_control,504.7756786840333,666.14529954753
Prkcsh,506.0390572391258,728.7457732381638
Pdia6,505.7285162893071,496.2171206923773
Gas1,506.7704179833248,624.4338493714622
Got2,507.18468878365553,812.3766261867053
negative_control,511.9299198442575,757.1369424069613
negative_control,510.62643963545867,754.8515225863214
Pdha1,511.6816695575621,755.6840666533342
negative_control,510.5971636454154,756.3356938536583
Arpc2,510.8654502159279,622.6059225241763
Arpc2,512.8176563925907,550.5365006303225
Rbbp7,514.1828504276806,697.6880112383329
Gas1,514.8229141582456,454.2910374343352
Oaf,514.0016157789485,534.8340688146491
Gas1,516.691184441827,529.3134994312345
negative_control,521.1351247637882,457.0159991401634
Tcf25,519.9778897442656,458.2348906330394
Il1rl1,519.7744711676593,502.17916871148736
Prkcsh,520.9283728708333,576.8010775524014
Gas1,521.6853551137385,439.295138810848
Gas1,522.0123492133114,496.35960723375695
Gas1,522.4481323403375,513.3338596228562
Ckap4,522.871772559334,732.8552462497
Arpc2,524.1423189279295,733.8531826137058
Lmna,526.5054880958467,685.9223122384261
negative_control,525.8598179744338,685.1799484423673
negative_control,524.6208823072217,718.882839291082
Arpc2,527.2023198396587,728.7864060899498
Fus,527.3051655969955,562.4233328913314
Gas1,528.9338066578589,519.401915947547
Uqcrq,529.1949299822827,429.1531962376117
Got2,530.1508109802542,684.4413799007178
negative_control,529.2674339324634,743.1716927138771
Hspa8,529.4855982428646,741.8361881210136
Igfbp4,529.5254015779136,743.1334524334227
Hspa8,530.76239371072,715.0553986752424
Pdia6,529.8415632304063,525.4550042998926
Eif3e,529.9850777267595,479.2255943423132
Arpc2,532.8270740540369,641.4975889992699
Gas1,533.0810386665946,530.7594623907238
Pdia6,533.0105124166704,559.4236877271276
Got2,533.9102117875105,655.545156577183
Got2,535.3809229259699,456.68065870921686
Rpl15,539.0017612177224,437.7440133705329
Snx3,537.8898031534197,438.7132508140844
U2af2,537.6336334007335,438.7320374743928
Slc38a2,539.6797109614315,545.8216877808111
Pdia6,538.3157870678084,546.6601174216651
U2af2,545.1694434664425,698.6756734714265
Vim,543.9974857353907,672.2549166233451
negative_control,544.9185336449367,671.9487555948089
negative_control,544.8653432189767,672.6293433322824
Rnf11,543.9265414988419,670.7579420756052
Gas1,547.4035911013066,463.8447317809377
Prkcsh,547.9467724223846,546.429327195573
Eif3e,548.9286674193187,452.5002977207735
Ppp2r1a,548.7990654523726,450.7152227264378
Sf3b2,552.365210664811,448.4313974770407
negative_control,550.5989092597381,449.3841431592374
Uba1,552.3266141630446,602.5547030025987
negative_control,552.7320728367288,449.5847214301968
Gas1,552.3266134990862,582.1065686266443
negative_control,553.5496820442223,453.6109899023428
Tsc22d1,553.0265893464119,454.0807124030191
Pdia6,554.9321234471703,460.8669454833622
Gas1,556.8290758396295,567.8634131009611
Gas1,559.6960064584712,481.0010843260659
Got2,559.4167106870132,458.8902555424478
Pdia6,560.3300043769248,662.3121892360755
Gas1,562.6485851561912,574.9729737938738
U2af2,564.4336414273416,664.4840913681974
Arpc2,566.1653184708996,492.97499714395326
Tcf25,567.4888280180634,609.0813366276817
Uqcrq,568.7082220594647,556.7003947587575
Oaf,570.8244345832616,638.82692611148
Pdia6,570.8273384000156,646.8243338664437
U2af2,573.2585235708549,560.2731001650563
Gas1,574.6468964581506,497.3729346044487
Malat1,574.355345779139,496.6676221166838
Gas1,575.9829988187012,632.5748659314852
Ubxn1,575.185309740536,638.8646073099078
U2af2,577.3197421755647,455.6492363927115
Hspa8,578.2577764758196,457.0257217795243
Gas1,577.3367496963538,648.8691695718485
Uqcrq,577.9097493286623,614.1753068731833
Got2,578.7636324989232,485.7034199511192
Rpl21,581.5011694259001,642.3016302039841
Maged1,581.1501705279571,495.7195074242444
Mrps25,581.991151967058,494.40482739931366
Pdia6,582.1125420512703,646.0948386251695
U2af2,582.4452719862048,475.4206924208318
Gas1,583.5381472808921,601.3025876705384
Got2,583.321848474202,653.9189417257245
Arpc2,583.7965680753822,609.5447087978447
Jun,583.6589020928382,612.1097058585018
Vim,584.9147467707675,518.7309581288749
Hmgcs1,584.7836517022276,519.0488517231485
Pdia6,585.60972064336,572.5166729603042
Pdia6,587.5269153611621,582.5420335108101
Prkcsh,589.1450662613095,544.0875805959342
Gas1,588.2912572521179,488.4793510269441
Gas1,589.43963764397,620.5389922190416
Got2,589.5227173897694,469.6078720749064
Gas1,591.4889631519807,635.047702913708
Pdia6,591.3881706967826,482.247793356176
Gas1,592.4296861378681,550.7721272207074
Pdia6,592.4001354837405,606.9678654790082
Grina,598.1572757685119,636.0480572548662
U2af2,597.0461829784247,635.3581351133662
Tsc22d1,597.1475560405016,615.3121723249722
Gas1,599.5451286149628,523.9833239156391
Gas1,602.0040645320939,470.18680559932267
Arpc2,602.4384926775462,531.9031573604134
Eif3e,602.2000113870766,556.0962649820332
Eif4g2,602.890370582688,597.9301187250771
Gas1,607.9747702434864,496.41862585977583
U2af2,608.3124084930936,575.0709925687303
Timp2,608.2002666722411,522.2183685339174
negative_control,609.9909904504298,521.7440510380742
negative_control,609.4782923811674,521.9873397259747
Gas1,609.544938817558,595.6321284292063
Gas1,611.0268249195352,508.1435391220877
Lamp1,610.8566739820329,506.8728051889384
Arpc2,612.1197331129288,480.79829066711767
Uqcrq,613.9701125170457,503.62718137251306
Gas1,615.7138117181438,620.9000141881138
negative_control,616.0243205916161,620.106163278102
Eif3e,616.4435194936824,483.5161328449114
Pdia6,618.7600238378719,602.0408209619411
negative_control,619.284864296979,486.4273142629288
Gas1,620.3249424147112,517.2032772544682
Gas1,621.0742605353529,542.9535374948407
negative_control,621.9734883435044,597.4113382684077
Ssr2,623.347513089963,598.7709724706823
Got2,622.7952584126838,582.287619814668
Prkcsh,622.7930543222774,471.8783357226944
U2af2,623.7461789548182,518.0128341935755
Prkcsh,624.4499665605979,625.0928786215072
Nfe2l1,625.2528970021432,494.5444169583191
Gas1,625.1702624585548,477.5012707419381
Prkcsh,625.6062906473074,487.8919787935622
Skp1a,625.1639547324182,489.50503028815575
Tcf25,626.5453283765999,548.9556435742223
Eif3e,627.1427249143157,542.4530558100006
Gas1,627.4174764035431,513.5664192031879
Uqcrq,628.277612961833,564.313209132068
Tnc,632.3706411994202,601.1757889979192
negative_control,631.0478728150466,603.0339629402341
Thy1,632.461925253544,545.3891467934822
Rcc2,633.6325374221228,545.0083482096315
Pdia6,634.0378826457874,509.54195198264574
Pdia6,634.4639957449942,612.6211809362371
Prkcsh,634.438748575305,494.0536235157589
Gas1,637.0851958158805,476.11007040738434
Pdia6,637.5415234642211,576.1083307041077
Got2,639.3329734011379,530.246795674513
Gas1,638.5492095387367,622.7303753407576
Prkcsh,639.4398617504675,548.0868517235099
Gas1,639.7234010767224,513.40335768899
Prkcsh,641.5184189385146,544.3904999077827
Ubxn1,641.157265582425,474.9676103358413
Actn4,643.9151534953429,475.4240410996386
Prkcsh,642.823011465331,590.8939775130266
Pdha1,641.7379763988991,586.0534704774286
Gas1,642.675944468547,586.5128696765902
negative_control,643.563089122988,586.3680710358808
negative_control,642.8685229337882,586.2642195718813
Pdia6,642.9609360449685,529.541622832264
Got2,644.1585711036121,594.3443135306948
Got2,645.1187216084732,567.7342956208397
Gas1,646.6194630015013,576.047963540853
U2af2,648.488735774245,596.8301992675315
Pdia6,648.4543628008526,550.3099252142405
Thy1,651.2045760482447,570.725988907256
Slc38a2,652.0782222872197,571.8276983166663
negative_control,651.7333844625542,569.6957777440455
Ybx1,651.8734546719063,618.6236345264091
Hnrnpul1,652.0965946614697,617.7814860157455
negative_control,654.9488222335897,494.8228525555903
Got2,657.2159667697398,495.91395333176325
U2af2,657.15372645805,627.6307670054904
Arpc2,662.5134613170785,589.0094952830425
Hif1a,662.3245859334913,587.8349217861208
H1f0,662.471981134269,588.213745842472
Lamp1,664.3367429654936,572.7491235674177
Gas1,663.5950061257407,573.4922941995064
Gpi1,664.8371127992266,572.6955721681562
Psmc2,667.7304864793646,521.2850187055259
Malat1,666.3695852268131,521.7194806661785
Eif4b,667.9767972484356,521.5701432742452
Gpi1,668.0868723885533,521.1354774957158
U2af2,667.4170947865277,498.88818590395294
Rars,669.0260822579787,552.723558712778
Pdia6,668.5020769463407,551.1638320799843
negative_control,668.8447798640132,537.0914463987519
Pdia6,669.0061536296856,502.9070814418063
negative_control,670.7641380955238,488.5869494648608
Got2,672.7640905414243,561.3063090180367
U2af2,674.3879451713386,512.0080454298405
negative_control,675.1263519165095,495.8990147459284
negative_control,677.1882849882234,519.4766473270407
negative_control,677.8219080890651,519.1933764263545
Csnk2b,680.246540274524,503.54353057908367
Cnn2,679.5190670399097,506.3766163679072
Arpc2,681.7000187608626,577.570313379171
Sec13,684.2421976469598,600.340993480035
U2af2,683.1396162078727,598.4386883255572
Arpc2,684.3050396404881,577.8105251211675
U2af2,687.736602609777,493.9122976269294
Pdia6,690.938843608734,534.859907654781
Zfp36l2,693.9296704271517,522.3004675457823
Vim,698.0125218863402,496.7434698297828
Lrrc59,698.4694323777555,496.1706153375612
Eif3e,702.6125542957252,533.9808584195206
U2af2,703.2224339369835,480.07750903356657
Rcn3,703.9094776806865,470.4160149434447
negative_control,704.7474935140469,470.20604418715766
U2af2,704.3035303155079,604.1784060776731
Arpc2,707.0029686029046,554.0296406377162
Gas1,706.1246317181442,539.7806165112123
Arpc2,711.5482164888458,566.9450543636019
Eif3e,713.0681140511933,552.1501468349601
Got2,713.8585592610314,566.8988274234351
Tcf25,717.3141936303231,561.1934826825428
Gas1,720.5197480004961,485.0341664632423
Uqcrq,722.8091393202224,553.0770308682186
Tcf25,722.9374400850731,474.0949335277895
Eif3e,724.9691714552379,575.7584659046993
Arpc2,726.998453514512,549.0827358321245
negative_control,730.1430579462684,563.5474337653459
U2af2,730.6905348024721,483.8208395965531
Arpc2,733.2122491398075,531.6417572749829
Tcf25,732.7134201380371,572.3515171828245
Arpc2,733.4587707499996,477.619544011927
Pdia6,738.4729137207675,535.8280695015023
Gas1,746.581996085913,546.7593777446291
Got2,748.7304565567812,530.0641762821988
Arpc2,750.4200831242961,497.70534108455416
Uqcrq,757.0127500958886,601.6963904234714
U2af2,760.2949744238945,536.4399887563555
Hmgcs1,763.6203413310111,531.7649734537958
Arpc2,770.7574729112978,546.149366911794
Arpc2,774.2527833536126,589.4246100294713
Got2,774.7797067847795,576.1011395910963
Got2,784.3570951902997,604.8814598375601
U2af2,785.6524848186425,585.3632810846519
Arpc2,785.5896477520353,582.9398110310411
Gas1,786.3515549937509,575.6006460321396
Prkcsh,787.9288867183238,596.9052601288797
U2af2,789.2266244105865,571.6830045609474
Uqcrq,823.127922943728,612.8548385941037
Arpc2,827.0018640450237,601.8767338606065
Uqcrq,848.4239224019323,639.8706077139353
Arpc2,866.8072713624396,639.4304739864414
Got2,881.4832341304804,693.7423814229192
Eif3e,900.6474434187337,693.7637664990294
Ncl,377.0058231788454,830.8012068381454
Tpi1,376.86183027694096,847.794881244562
Tnk2,378.8962710654797,869.1271264502532
Sdhc,379.8930010491218,861.1078051043446
Mtap,386.8104259649536,864.9238765955654
Tpi1,397.2435962185672,776.714431849198
Vim,397.9459607686504,776.285856310578
Cs,401.7318313696409,785.6271682942541
Trap1,401.0881464380778,786.5558722578409
Eif4b,401.7574815129204,850.1524981779717
Hdgf,403.2386923202403,768.7502382443363
Rbbp7,403.19550750038775,768.2201635685105
Mtap,404.8250984871024,781.08296522101
negative_control,406.293205990245,764.0872197066872
Eif3i,407.3607255482676,871.9903375974277
Eif4b,409.73735135394577,789.5597483900917
Mtap,409.5271472659605,783.8339973774198
Eif4b,410.5147829494858,767.2522457902276
Mtap,414.3525889261109,803.736642453787
Rcc2,418.8059075927771,814.7140395088999
Eif3a,417.69968105543785,814.5155465564591
Mtap,419.7002255254252,731.6281375183936
Lamp1,419.80150120870775,731.356972093496
negative_control,420.8792788633055,731.4917873714516
negative_control,421.1484681239952,773.5689882330169
Eif4b,423.1644452671309,722.647815444511
Clta,422.432190817573,761.783254917782
Raly,423.10200296271074,761.9632167681584
Ndufs8,425.79891728161726,710.4067413876559
Eif3i,425.37110204393,699.7054046397017
negative_control,426.1854333771525,810.7073677581493
Tpi1,426.6189757657636,798.4866086964602
Rbbp7,427.0989358435652,797.9286599190078
Ssrp1,424.9843466650399,840.7030089233943
Eif4b,426.7743869119482,842.725898452681
Rars,427.75158648891926,721.0346050589893
Mtap,427.6153512890912,816.6103698759216
Eif3i,428.0564665070309,858.1123487770635
Eif4b,428.9604780034344,699.3767559086778
negative_control,429.7784703581004,783.2367927362302
Vim,431.8765943568576,759.1509941320476
Ubxn1,430.0427946785344,758.302517775688
negative_control,430.5021755491718,759.4104941186778
negative_control,432.0939549704602,759.7339685556904
Sdhc,431.1597980094922,869.2098724793022
negative_control,431.8761368030914,722.921296832038
Sdhc,432.2099993637318,854.3132321527228
negative_control,433.3564186347536,650.0956050330955
Lmna,434.4490545201729,785.0367317419115
Vat1,434.14271362060776,786.7216192939381
negative_control,432.2233159961145,785.1897393015045
Vim,433.6136370634538,890.8288734975156
Rps15a,433.4316406616811,890.3209613356399
Eif4b,434.8297720466784,681.8682922508343
Gsto1,437.8159702853849,779.1369611794762
Tpi1,437.73155434204347,882.6377944317837
Sdhc,438.0895237106036,878.359278132843
Tnk2,438.54992367217255,835.7912194739574
Prrc2a,437.62537169235344,693.50755515126
Thy1,438.8979928797331,695.1272400173589
Psap,441.9707843305989,689.3738679683466
Igfbp6,441.0443525441684,688.3162696485327
Rps15a,441.0196446508945,688.3874546396294
Sdhc,442.725787432795,867.4577026888305
Slc38a2,443.2651420812182,775.7413171761996
Mtap,443.2844949330283,684.2618860027283
Eif3a,444.3170396878626,673.7883107513964
Slc38a2,444.089234311549,643.7452328851757
Eif3i,445.6096473786397,623.4480149516559
Ybx1,447.2142492406365,796.680740441429
Hdgf,446.8556459907205,796.7166681629915
Vim,447.97252492545306,796.2181900474677
Tpi1,446.8565887079327,836.3092828982617
Ehmt2,446.67650875047065,668.0095327332551
Eif3a,447.3979965088279,852.9744974725384
Eif3a,447.0773223769853,624.1569359106572
Mtap,448.10726666694507,715.3044365833159
Hspa8,450.1946943562415,808.0192079751528
Eif3a,448.875276890428,807.5271293990361
negative_control,449.9127951990089,807.5261594806815
Tpi1,448.7487322846872,768.0688574121009
Slc38a2,449.01128694121,630.6148135002038
negative_control,449.6137742879655,818.0558827523133
negative_control,450.427330126427,819.6889374242256
Mtap,449.7998871450904,656.5636505846705
Rbbp7,449.1075581914589,657.7830241361711
Psap,449.9253635311229,612.6952259352304
Lamp1,450.5346235317367,613.4364700719537
Trim28,450.8306522496034,612.9730541775448
Hspa8,448.9590366025696,613.9482212440283
negative_control,450.50542924663085,612.2537745269401
Sec13,451.0204779334503,840.2654675992906
negative_control,449.74843202249406,795.6987401956603
Fkbp4,452.5838045265675,872.6828321541212
negative_control,452.127765581206,874.0715473388497
Tpi1,451.8278070560764,703.696015836547
Tpi1,452.7722544204741,711.760149967391
Mtap,454.1921381468061,759.2718694760619
Ubxn1,454.2622213099799,634.932320748271
Igfbp6,454.0973927870148,635.304838869494
Lamp1,455.7943472249511,697.4603876133738
Eif3i,455.2215039453549,697.7034121438605
Eif3i,454.9233133985856,784.2954404730265
Tpi1,454.4346540109988,639.5875782862406
negative_control,458.27088749940606,717.4097786440477
negative_control,457.6275927662771,716.7180558199973
Tpi1,459.1715602388475,646.0529292425407
Eif3i,459.2716401818952,792.1994311142371
negative_control,460.1131089920831,745.7684569570833
Mtap,461.4342626173938,827.30097013665
Eif3a,463.44694863343983,873.0239772038738
Tpi1,463.5966473244637,877.6035267198795
Mtap,463.989874556755,704.000744039757
Mtap,464.3551956520985,597.0509102345517
Eif3i,464.9698108071982,842.4763309363248
negative_control,466.7991616633981,758.0447745901026
Hspa8,467.5252599203,787.7644891282199
Eif3a,468.920588536194,779.2052072042841
Igfbp6,468.551585799221,619.9416719833446
Tpi1,471.0392529360914,829.920532222311
Psmc2,474.6274456147372,786.4681309754114
Maged1,473.5286781239318,786.5464749262434
negative_control,474.1358187754769,787.1523514717261
negative_control,475.79574444014526,787.2152556106969
Igfbp6,474.0958239970441,745.3750218172604
Mtap,475.2340623803671,646.8688522405814
Mtap,475.583292051422,702.8416274613793
Eif3a,477.6901952968658,770.3778152721551
negative_control,476.6478460782411,710.0402037240367
negative_control,477.56533411179953,709.0085673123199
Timp2,477.841770481028,743.2650160763527
Eif3a,478.0946922728716,743.4867514935466
Mtap,480.3633287832664,576.5595594573576
negative_control,480.7034337970273,767.0460163367194
negative_control,482.25998702995975,704.1331020040463
Hnrnpk,483.270078483532,679.0177444066844
Eif4b,483.1686199071269,677.9454876293447
Igfbp6,483.00086319509154,553.4944380824671
Eif3i,483.5137477300416,698.6882115510916
negative_control,485.3582604226453,801.6608321269885
Snx5,487.0012803518049,737.6394700129194
Fkbp9,486.2671422178655,737.098922054145
Ehmt2,487.2462523992085,662.8168958591716
Eif4b,487.4888505766125,523.451011564871
negative_control,487.4920253027981,753.0994803360368
Eif4b,488.0663865239872,658.6872991669891
Tpi1,491.4656650313714,507.78235701407255
Mtap,492.0307697956791,783.0216822557044
Mtap,492.1141671984013,472.51214512418414
Eif4b,492.15150610412456,693.1748972487788
Tpi1,491.6506879485789,662.6468079747274
Eif4b,491.7784756500629,748.9351263192552
Hdgf,491.6605452748466,748.7207444409161
Mdh2,491.8560595282076,747.1655644345138
Gsto1,492.78788703515966,814.7102687547747
Ybx1,491.3667795990498,813.876316960383
Hnrnpul1,492.3903803920999,814.2124124866866
Rbbp7,492.8144668779212,767.37782699558
Slc38a2,492.66213219975833,534.8395314129737
negative_control,492.8549310754098,735.7676499879713
negative_control,492.63996729185226,735.1523382459653
Mtap,492.0849239878624,491.5866255075526
Eif3i,493.4617236159568,497.6221713364801
Eif4b,495.9835041981848,709.0710433137693
negative_control,497.6924281430122,723.3898108339399
Ywhah,498.90854752917227,455.7979861359895
Eif3a,497.6607916596761,465.48357736321896
Igfbp6,498.6919015158739,655.7992491636992
Mtap,499.7675206332633,714.50395445395
negative_control,499.7418397211561,752.4532707075891
Tpi1,501.0310530610087,458.7635401941211
Tpi1,501.4690371175452,658.7842028699979
Mtap,501.8931240367316,419.2922357549688
negative_control,501.9327130671974,477.7393856065152
Tnfrsf1a,503.9572405509472,732.4140842258754
Mtap,503.58541389047934,483.09427257483617
Tpi1,505.1883617981957,468.90900526508506
Ywhah,506.42250330866034,787.4760857052917
Eif4b,505.63476730594914,787.7056099205028
Nucb1,506.167911312929,663.0451310001204
Tnk2,506.9248738069614,413.8933545063432
Eif3i,507.6164080781762,721.9432474277598
Eif3i,509.7688047896454,633.3867755723076
Vim,512.231850074934,736.2630748274089
negative_control,511.5708268213557,737.212134642336
Slc38a2,512.8858909748224,595.0435578347475
Tpi1,513.6439669870315,578.3082719679564
negative_control,514.483791250051,740.9524066190071
Eif3i,514.5678047950297,746.4449344333948
Eif4b,515.3079671607693,490.0091691270152
Hsd17b12,516.1223241857621,491.2106487021024
negative_control,516.8260447642336,489.99851123282656
negative_control,516.8756337688727,490.49466481698295
Igfbp6,516.6131035495331,699.8635504663308
Sdhc,516.257096652057,685.7050510362249
Lamp1,516.8236447682579,686.045168143111
Slc38a2,519.4728233152781,514.1408672652371
Tpi1,519.583376423722,436.6848440316267
Idh2,521.6585426455605,757.042261392576
Sdhc,520.7156555063034,489.4622272005449
Mta1,521.5760419471271,740.375846258995
Eif4b,523.2505719494108,483.9112892708563
Hspa8,523.7266134457369,479.9501417394123
Slc38a2,524.3118429284048,480.0568505919676
negative_control,524.6956351585218,467.3298838255234
Tpi1,524.4058645245176,467.6657338682405
Tpi1,523.6599073643146,497.3391621205084
Sdhc,524.6153690542673,757.1746758997346
Slc38a2,524.8061308101633,661.7278752464989
Ehmt2,527.5644433265461,440.9538273635576
Mtap,528.1302211519426,445.749785233869
Sdhc,528.0437344783611,505.4688217933837
Slc38a2,528.8593765879821,460.7965417192392
Tpi1,531.4364757691236,530.4435106692673
Mtap,531.498761997808,456.572051947888
Uba1,531.7039305270102,708.6283797805296
Ssr2,531.9805341965017,708.0734620586622
Vdac1,533.2442882596804,488.7049658559823
Gsto1,533.2920861349944,489.2898818159539
Fkbp4,532.1914627555611,725.6832906628953
Igfbp6,533.8224967847318,613.8877691654432
Tpi1,538.1429761233267,456.60144068164846
Eif4b,537.8677669047311,450.2251399160516
Slc38a2,538.1955697280497,496.8390291704792
Tpi1,541.0115770952849,723.5055760580883
Timp2,541.9019636109354,463.7276112272042
negative_control,541.8296318110039,463.86065262534265
negative_control,542.5025178038097,463.6415656392704
Eif4b,541.8484661282412,463.2965029847608
Tpi1,543.5275961871187,706.3797638648746
Tpi1,544.6363486445116,513.5427001930393
Eif3a,546.0178863747901,616.1229582764187
Sdhc,546.1691754016481,507.82941168370667
Slc38a2,546.9508899845601,583.035746118618
Rad21,547.8857593295903,583.2614516243514
Slc38a2,547.815733294318,603.086068876539
Tpi1,548.8295249100372,535.0344753416623
Eif4b,549.5473440185013,587.2857973081201
Sdhc,551.1372897140901,461.1938208368508
Hspa8,550.0146588668615,451.4671751786241
negative_control,551.0863980464324,451.26790514355366
Slc38a2,553.484884452326,607.4103462703991
Tpi1,553.6318425187852,485.2834547901023
Igfbp6,553.7404610409485,654.9216075869184
negative_control,554.7176671538177,654.0762472528818
negative_control,555.0646754468892,654.0797339360043
Slc38a2,555.7027816192538,621.679814670448
Mtap,558.0970120468216,648.5848816935866
Vat1,558.0447610437297,648.2736351439019
Slc38a2,560.6389511791605,654.3058067866968
Raly,559.5031188199282,493.50386380655584
Slc38a2,566.235817194178,608.3136272779225
Mtap,567.4185465010872,506.82132391107706
Rbm3,567.5077474171242,676.969524410594
Npc2,568.9628148229915,676.0460388592733
Lamp1,568.3087670237851,676.4064693000987
Srebf2,569.8289810559788,632.7004152686077
Slc38a2,573.4774198850761,563.416168379563
Csnk1a1,575.9944913167594,670.3718736780545
Ybx1,574.8482575615784,671.1470664244822
Slc38a2,577.8382962395949,584.841346564348
Mrfap1,580.1614963053521,504.8054573250755
Tpi1,579.9522243910498,505.7820164065559
Timp2,581.7245949207024,505.1965794413256
negative_control,580.715787328563,460.9840240108648
Tpi1,589.1339773577413,497.891713110889
Tpi1,589.7015964226264,460.7974339883721
Psap,594.7027763854633,515.9953420490972
Tpi1,596.0022690261862,619.767176915747
Eif3i,596.7268714518801,649.5305725940972
Lmna,599.0029648103994,508.1229456069549
Ehmt2,598.5795202829332,528.7259992033979
Eif4b,599.729212635893,476.9248840903507
negative_control,600.6365006882019,470.0526090386893
Sfpq,601.4138083821647,470.16806515603423
negative_control,601.2639604342281,515.9656750643425
St13,601.7296784394097,493.4386785250515
negative_control,602.1078948953126,492.6111900118793
Slc38a2,602.3833343360561,566.0212105672674
Tpi1,605.4328675483065,556.9286078761634
Sdhc,608.2438311778892,512.4986931190923
Igfbp6,610.0091402253125,625.7611002150813
Igfbp6,610.2345105120526,634.2324787870539
Slc38a2,610.6483648680238,603.6392280774654
Slc38a2,612.036321285802,517.4857188229867
Ptgs1,612.1434315839397,469.7152101007792
negative_control,618.3473841726378,611.0965276468775
Ckap4,619.1161178313749,612.0484850015598
Tcp1,617.2104300130726,610.9530419550841
Eif3i,617.8501367295273,588.3865244154932
negative_control,618.023989248742,612.0841632250696
Tpi1,617.4902459213013,487.5437255635176
Mtap,618.7914246188456,553.4688272704664
Slc38a2,620.2885948072494,535.1671081381153
Eif3a,624.3696067927183,533.4901443611718
Eif4b,624.8033479881472,629.0918409264664
Sdhc,625.6940241761168,606.1151175975708
Slc38a2,625.7226871744584,552.7725440327599
Polr2m,628.682160893494,612.9511882196673
Eif3a,629.7779200633388,477.23232782900703
Slc38a2,631.8023324354219,533.7598174857455
Eif4b,632.6827884266185,520.0735050167335
Slc38a2,634.1168657617937,498.69658975132506
Igfbp6,634.8797710528343,534.8934027137042
Slc38a2,636.5210980632526,490.8780174028972
Mtap,637.6240178961267,486.7055963139999
Mtap,637.7599905473907,516.6813528629727
Mtch1,640.5247539030199,504.60283034033216
Tnfrsf1a,641.0066347031586,504.59044939294296
Slc38a2,641.0735274137508,505.6290458557398
Igfbp6,641.8621291023671,502.3105342764953
Igfbp6,642.4767532118387,575.2086485062114
Tpi1,643.2851278884382,579.0688913258277
Eif4b,642.8543296132439,631.8348146719327
Eif4b,647.2210821619315,534.8840820268304
Sdhc,646.9911362632125,464.7324917574074
Rpl21,645.7703457128518,466.9331236312296
Trim28,646.2013262482094,622.0033475773719
Ehmt2,650.2128195489527,627.0902100022518
Slc38a2,651.6836538570903,506.0783392917889
Puf60,651.0956448875469,466.0988832895586
Arf1,652.1853978046014,464.266917724651
Snx5,654.7056257896877,465.8558976465949
Tnk2,652.3196837410131,465.666576846045
negative_control,654.2567924846518,465.57494815749646
Rars,653.4033886383802,464.99691235308666
negative_control,651.6573456977723,565.3942714176003
Slc38a2,652.3610023593371,488.426601058273
Mtap,654.2652954223435,617.615018135649
Sec13,654.7520013784986,589.9956227605101
negative_control,654.7871326538807,589.3810264033082
Tpi1,655.6905165873628,512.7529653831848
Mtap,657.9982382813291,468.6920752542255
Tnk2,658.8541347979808,622.4438635234936
Lmna,660.1600575743715,494.92643025297286
Eif4b,659.7348677412756,494.7552528643573
Tpi1,660.0112481015348,614.5892983401344
Ctbp1,664.4961384187513,482.7655375304521
Skp1a,665.6875603347099,535.0463634135232
negative_control,666.0722274543036,537.5808280907762
Vim,665.6214563965689,536.3595664367923
Ybx1,665.5995621100465,535.9137877814838
Eif4b,666.9171990799965,593.1187241690728
Sdhc,668.2097068756843,481.8890295116675
Tnk2,668.839171877867,486.21351409676765
negative_control,668.0802094261784,473.11087018567696
negative_control,667.7166103326023,547.478116979571
Mtap,668.8162206998584,566.6310069324848
Eif4b,670.0168850828593,474.6852060880374
Vim,670.366630062762,517.5422377937145
Eif4b,670.7101662785524,596.4664734509212
Mtap,672.9155270995711,492.97154629070025
Tpi1,672.7670625040962,489.6557004440264
Mtap,672.8368837199478,476.693477960628
Polr2e,673.7806624596036,618.2564134575344
Mtap,674.8510348429504,522.9234949808042
Rrp1,679.287134732187,472.30411577300697
Mtap,681.9156052293561,492.68976207535593
Mtap,682.4595540674154,583.5947585356782
Mrpl45,681.6767388633915,525.5551334271283
Sat1,682.2002193882504,526.3831461032325
Tpi1,682.3795953572445,526.7809504194669
Slc38a2,684.2614496036457,538.5494152842055
Tpi1,684.8201793342033,529.8671050962471
Eif4b,685.004019752883,592.6826198278673
Gsto1,689.1867648767156,475.3479909922714
Hnrnpul1,689.0929985844314,527.405580907926
Sdhc,690.1680312589172,506.0766588641461
Mtap,690.9027881730497,612.1197536186639
Eif3a,691.1684534862799,644.8827312039102
Rps15a,691.6543505053459,565.1103172335843
Tubb5,690.1074759569485,565.1158547392466
Igfbp6,692.947412322441,578.7295332007703
Mtap,692.7148827632816,506.36312829641
Eif4b,695.7871289637674,529.8287878559868
Igfbp6,698.8825029668269,595.0019965832056
Tpi1,699.4802604362346,597.312890257447
Eif4b,699.2012822428615,526.6485069257494
Lmna,701.462648718477,545.5671744888621
Tpi1,702.2635949135174,601.8854771733854
Tpi1,703.8017183098468,551.8526656995008
Eif3a,705.4726854384894,592.5638215494226
Eif3a,706.1027650562272,562.4388272065867
negative_control,707.1423533560667,514.2180776331115
Tpi1,710.779456959438,517.6490674535787
Ncl,713.8513371686091,474.6284866339145
Tpi1,715.4786776985663,543.5226883222831
Tpi1,716.6598295558097,491.935884865914
Igfbp6,719.3596805186589,499.7379428331193
Mtap,719.7664980294098,511.7629336209581
Msn,719.6080936863511,513.3725262170274
negative_control,718.7246675160744,512.0642750827512
Mtap,723.3834472374036,566.0968977604706
Eif3a,725.3233626946154,551.9532692673691
Mrpl28,738.8620460711406,498.7123085234453
Rps15a,738.5923585262485,498.15937348845193
Tpi1,738.7580194412751,497.5845996198303
Eif3a,743.4470505313459,546.8877831313116
Eif4b,747.5522743630444,581.0873099795239
Eif4b,750.0238115217562,519.2006371239115
Eif4b,753.0641923370479,563.7701637826
Mtap,754.5330426380274,601.4500561573783
negative_control,757.1559787034646,539.1938571989361
Tpi1,756.8165881655682,545.3437616157953
Sdhc,757.921583664793,577.4887704801948
Mtap,762.6237115108703,546.1527618023255
Eif3a,763.337010447644,541.7972342568237
Eif4b,763.9305005084418,525.873805684595
Eif4b,774.785223118522,601.7421678217951
Eif4b,775.3440412840648,561.4001951742923
Tpi1,775.4544348952235,547.4590201595291
Eif4b,788.7944331303333,591.0444197235338
Igfbp6,798.2615375489818,576.7650541121599
Tpi1,806.4671263303808,601.4758074968804
Eif3i,809.8315361352234,595.5397122899308
Oaf,809.6399906315388,596.5268107221975
Sdhc,820.9795207253339,618.3257250038746
Eif4b,821.8142175811671,632.6042435306188
Eif3i,843.580996681625,655.1016031890103
Tpi1,871.3046847120675,686.179910349797
Tpi1,871.7922593521785,692.2788873855067
Eif3a,890.313042627901,680.2166332992371
Rac1,384.53833384612585,864.2685837514173
Snx3,392.9899012677868,837.9385488888479
Hnrnpk,393.5600685080525,849.412414942326
Rac1,396.435744264632,795.1653501374276
Rpl21,397.0463566803679,814.1882459443026
Rac1,398.37148856294885,806.8699694240713
Rac1,400.0996317139228,885.6757840684455
Mrpl45,405.024089604851,812.656718857537
Hnrnpk,407.1691214092256,781.2537090986162
Prrc2a,409.1485688098884,824.8686667066246
negative_control,410.7514754293341,754.5927815199518
Prrc2a,411.7720373370872,841.6688159443404
Rpl21,414.8188071159525,734.5405893219171
Hnrnpk,415.1873324712559,877.9926469254069
Hnrnpk,416.6638239829874,832.322211153313
Hnrnpk,418.4346307102788,777.6047837439654
Efemp1,419.33317252066,734.4409127862689
Hnrnpk,420.3485127060647,809.7685676939348
Hnrnpk,421.1327751664951,717.4417825282424
negative_control,422.5839682540661,776.4667948152018
Hnrnpk,427.5388798331296,669.5581690136039
Mrpl45,428.46463490542106,657.6947814752498
Hnrnpk,428.4300260344903,826.5168485752189
Mrpl45,429.86224003438144,803.5556378967295
negative_control,430.5934786312004,733.541255518528
Mrpl12,431.6527968581271,675.9011119599909
negative_control,433.1502632728512,675.9224637691132
Rpl21,432.0286987590374,872.1642678220728
Hnrnpk,433.4906985502703,679.3020125333585
Taldo1,435.06085841440967,755.5145763642373
Hnrnpk,435.68433618238646,740.0360948873796
negative_control,435.75644866008224,689.3542557057941
negative_control,435.0619186866168,688.9901128539713
Hnrnpk,435.4287132324424,719.9743426319532
Prrc2a,436.0196486401496,644.4123366681468
Morf4l2,436.54481996789457,742.6654312975122
Prrc2a,437.1084844413434,742.296937379062
negative_control,437.0724296696984,746.4548133797733
negative_control,436.5781475285266,745.6495718137307
Msn,438.6280041702191,747.4370579896809
negative_control,437.1092878735788,798.7733948943078
Loxl1,439.2121597984335,670.3810132124587
negative_control,439.7819678329662,698.4443689735185
Rac1,439.7726080907178,801.181431447407
Hnrnpk,442.9410484786922,634.1820925641674
Rac1,442.6327541967617,615.8714513627533
Rpl21,442.73023021401946,828.3095303982991
Rpl21,443.7233149156628,677.391781689325
Paics,445.5834691386742,836.0125923378455
Stip1,446.17058059619774,635.4636924428413
Prrc2a,445.64359039143847,636.0300929117689
negative_control,445.9504837338293,706.6386026569897
Mrpl28,446.6431688345901,706.391170269484
Tnc,446.5204744909804,654.6186548266891
Hspd1,445.78739751767233,853.1030870643848
Hnrnpk,446.241741152704,852.8245225503277
Hspa8,445.8797215779212,851.9633659083831
Prrc2a,447.2018021590918,816.3917655011628
Mbd3,447.1871555363629,774.4717651165299
Ran,447.7873374662142,773.3257347177472
Rpn2,447.2448067528359,609.8489436858476
Hnrnpk,447.805833089352,727.6147747321866
negative_control,448.2627574010021,718.9626288457698
Actn4,448.62511721481553,717.2924112083736
Sfpq,448.120903509727,718.1339896105058
Prrc2a,449.4456415647798,733.4949103570054
Kars,450.354930763218,872.2976001572699
Rpl21,448.49469111249255,854.4306217931361
Efemp1,448.8865730529197,650.8157090795589
Rpl21,450.4501754591895,785.6326416257244
Uba1,451.4993110541437,784.8764556730755
Fkbp4,452.64058399149246,783.6047723370292
Ybx1,451.11260247474905,750.848445116328
Prrc2a,452.4137702239569,787.824375296108
Hnrnpk,452.8397093849019,651.2894121444779
Actn4,453.98268877916615,660.9579327935962
negative_control,454.2979452903093,661.3362130974847
negative_control,454.7927298621469,689.8370162515348
Prrc2a,455.0120444270112,809.7284490980832
negative_control,454.21469566351794,717.9784791867468
Mdh2,452.80841020461855,718.829769819201
negative_control,454.20820887312414,716.961855272619
Hnrnpk,454.4592714888499,875.3872716449113
Tnc,454.76978290572725,597.6242832681021
Hnrnpk,455.3189468114891,695.04490527713
Hnrnpk,454.64021139511095,830.6329335531358
negative_control,455.1339836599201,736.779511700929
Efemp1,457.3860088683341,792.8009639833975
negative_control,457.2952107477128,792.6489960258325
Tnc,459.3049511609081,645.1723220379829
Rac1,458.8510897051543,867.4807946554943
Tnc,458.1776791184959,615.4414941331157
Tnc,460.0968510031,689.300961491958
Tubb5,460.2936961794538,675.291588332369
Hnrnpk,459.89263097857344,675.4077246807733
negative_control,460.6445419786549,676.365985548902
Rpn2,460.3550864997918,797.6771995888548
Rpn2,460.4412968550291,587.0709363220762
Rpn2,461.69591647477387,704.5348738741255
Prps1l3,462.7105058894197,848.7957995906264
St13,462.8448373599728,824.1037289373219
negative_control,468.0320612862774,799.3182054749104
negative_control,468.7208915345556,800.2046086114326
negative_control,468.2942418992564,798.9843984264539
Vim,467.6053797193388,821.2918128077922
Tomm40,467.1685203782454,820.7964704522252
Prmt1,468.0103460255187,821.9119042909774
negative_control,468.5844241766901,821.4127890859766
Hnrnpk,467.7696980621183,628.990836084697
Hnrnpk,469.2574738443141,794.0941943829444
Sfpq,468.6331487064195,794.1865102730934
Hspa8,469.3980955149596,792.8431022088938
Hnrnpk,469.8010187144628,833.0181222685197
Prrc2a,470.1758366198288,645.9581688053175
Rpl21,470.4159642449914,868.7700950519118
negative_control,471.0066036088416,822.6091971597294
Tnc,475.300369234617,579.7089721695073
negative_control,475.3800404104645,684.9715868782948
Efemp1,475.6685968794967,640.1198072106599
Hnrnpk,475.74938128319167,795.7930990955249
Vim,476.7502549490458,807.7197084387532
Snx3,476.3900295318839,808.4017804065229
Hspd1,475.95060192955657,808.5929116844843
Tnc,476.269686792366,597.7418217004233
Prrc2a,476.4526796185799,677.8273120418763
Rac1,477.2073140796979,635.461811166862
Rac1,477.1098313883927,832.7812465470807
negative_control,481.29746988962967,815.729059245358
Lrrc59,481.4347088740354,816.7196194554356
Hnrnpk,481.9541169583069,637.2553002578541
Prrc2a,482.9853155176782,710.7685643944956
Mrpl45,482.7655554524836,789.6955409283794
Rpn2,483.4891297792004,656.1320666536953
Hnrnpk,484.0428997493425,527.3415923703333
Rpl21,483.48033461731535,743.5848644496864
Thy1,483.0974591210547,770.83367451243
Rpl21,484.8580568109737,853.0327690684608
Hnrnpk,487.4262701588712,426.8778755646057
Mrps25,490.6783974493252,835.4838494016972
Rpl21,491.795744595379,483.45425661005913
Prrc2a,492.4966431309856,826.2048640895844
Pdha1,494.80290111178016,451.5328458330398
Efemp1,494.0660017260874,551.4805889990838
Prrc2a,494.4144558396312,637.7936765027066
Pdia4,493.8525023206796,638.3099351150365
Efemp1,494.6653172888487,725.0719234990565
Prrc2a,495.34230410133097,793.8248091656739
Efemp1,497.1158450556147,685.7361855125234
negative_control,496.7691899854913,686.5626074061017
Rac1,496.9566683294082,721.0938618336791
Taldo1,498.3688357837501,698.972906040365
Sfpq,499.5188511461517,652.6572559429607
negative_control,499.47178726221085,652.859677363778
negative_control,498.4555835684928,654.3103567297311
Tnc,498.9696200505292,650.16897517045
Hnrnpk,500.3143650361026,657.4601740496622
negative_control,499.9524477818063,706.9511445035055
Nr2f2,500.4743506826823,743.5065769221412
Tnc,500.91600198997855,745.240668324288
Hspd1,499.6401178988007,744.6135937053843
Polr2m,502.3645574208035,679.4125109768406
Taldo1,502.7645920732413,632.3931354939436
Tnc,505.41488297727767,472.3372457224568
Mrpl45,506.13391794820905,512.6318186496401
negative_control,506.3983002240575,785.8149839117611
Mrpl37,505.4710760630604,449.3297427268722
Rpl21,505.8172366118238,448.4046433979906
Prrc2a,505.41967940599096,533.9983508344169
Efemp1,505.7107313657966,736.1498357937539
Arf1,505.79313894217086,504.81926876099374
Tnc,507.1462972985343,504.6678433944701
Jun,507.47175290228745,504.2765178647295
Timp2,507.78881204673706,681.5099415601405
Vat1,507.0413431521945,682.3344239287215
Paics,507.75596830621305,682.5293464596595
Snx3,507.9521867840143,825.0865247417715
Taldo1,508.669330306157,552.0834598219108
Taldo1,508.26752147442267,784.4961199558534
Tnc,508.5102425724895,525.2186204774874
Prrc2a,510.0380342638806,425.4064600955052
Rpl15,510.0918610141638,676.4772758606016
Hnrnpk,510.3892244060647,677.6005949114967
Trim28,509.1163725305563,781.924182281001
Rac1,510.706975161627,780.9085459744916
Rac1,511.1959212330759,510.49992811161576
Rpl21,510.797537453665,748.5465315190739
Snx3,512.0060120701776,539.5656973270058
Malat1,512.7469815497574,538.38283301527
Hnrnpk,512.6764071144053,451.719575726237
Snx3,512.7499466404826,447.4920347018256
Rnf11,513.3147063080415,728.8238184374136
Tnc,513.5973029406733,730.5210043324236
Rac1,513.4688963117547,457.9958576318228
Maged1,514.3376962841304,443.6831081097507
Efemp1,515.1037772971104,761.9342817248539
Rac1,516.2468261010456,699.8686144943258
Tnc,516.908619032599,682.5269992123195
Gpi1,517.9484339875437,494.46977820929976
Snx3,517.8687118874484,543.7199760382616
Tnc,517.6838871835937,531.494546011246
Efemp1,518.6572587373848,630.4148436909755
Tnc,517.7793049593836,741.7783599460823
Rpl21,518.1915689016057,783.9999804064511
Taldo1,518.6083470358426,654.6702288089036
Psma7,519.7365891558454,463.7420431938302
Rpl18a,517.8713157496682,465.0169178451333
Hnrnpk,520.1585969720729,601.8181404462317
Rpl21,523.2595571407558,728.7995036584945
Rpl21,522.4513081460675,453.93118878089047
Rpn2,523.218772582186,725.5403062354642
Rac1,524.4436624516604,623.629205353253
Prrc2a,524.9544063060009,599.4536143980042
Hnrnpk,525.5755347335196,639.9923646173116
Snrnp70,527.6903610674858,447.9227205611743
Prrc2a,527.8059076252855,491.4240782409166
Tnc,532.2969999337417,502.18100355299214
Tnc,533.2414309878003,557.2234862266997
Rpl21,534.4963057609034,649.5694751708712
Tnc,534.1817931393064,713.6540468707971
negative_control,536.3915748876761,605.1589823969126
negative_control,537.355419262648,688.9870262908515
negative_control,537.8784967721854,464.3451615112846
Hnrnpk,540.5305771592576,672.895438603335
Mrpl45,540.1691578960996,698.9718566660279
Hnrnpk,541.0725320468957,718.0656574457743
Vim,542.6108617073822,474.84282911119806
Taldo1,541.7538777248748,474.0100369632138
Taldo1,542.1837341046555,450.7548556094503
G3bp1,544.5956089109001,514.5050460070731
Efemp1,544.6393569125605,472.722242974069
Taldo1,547.1712079548356,691.1745514953684
Rpn2,547.761443066318,458.4859011962162
Rac1,547.9199658385744,487.1219396774784
negative_control,549.1969931634351,680.1580376764781
Mrps25,551.4862537319857,603.6913399698775
negative_control,552.0699594441786,466.4869578751028
Snx3,552.6934130601204,693.2420403510483
negative_control,554.0365609553809,499.63993021320414
Snrnp70,554.0624933508747,684.8884534996439
Prrc2a,554.8478893714777,458.6426255556215
Zfp36l2,559.9583245268475,506.6434895344895
Rac1,559.5944266255133,506.6795091981072
Ssr3,560.2219237838549,505.4854804600228
Mrpl45,560.577454729342,667.0321588509278
Tnc,560.9193409271304,630.7533360946604
Rac1,561.1745677994619,500.5375818584115
Tnc,562.5835979573524,594.961405657248
Snx3,562.951494091554,687.2912433361103
Myh9,563.6501024284287,679.563649344539
Tcp1,564.7604685062428,679.6914336687079
Prrc2a,563.2186136259065,609.6632750122136
Malat1,563.7475611287053,609.5968711542674
Rpl21,564.5433416799062,452.47815572172186
Efemp1,569.8823557813671,478.68431401422055
Rpn2,569.6907916879015,573.5051806579261
negative_control,572.7703235826298,550.3052875257879
Prrc2a,574.2233099454045,542.5171220380107
Prrc2a,574.2027907716365,500.2881686785645
Rpn2,574.0334258605018,586.2452539615598
Rpl15,575.5318834507817,551.2845013026963
Prrc2a,576.1793768495384,550.3166706756847
negative_control,577.5856784604088,627.1324101919464
Rac1,579.0953254983206,483.52534639394486
Prrc2a,579.0370710685152,471.7538158888426
St13,578.3079358605016,489.7285092996526
Rpl21,584.8657903655362,484.85000626900046
Rpl21,587.9044145591429,610.6084378796616
Uqcrc1,589.6476445445741,613.9466177907693
Timp2,589.7467817596784,614.3078629166349
Rpl21,589.8491600079154,614.7232375644493
negative_control,589.4189989298338,613.6526517172899
Hspa8,590.0771957129916,614.4749946847055
Pgrmc1,590.8507645218709,627.5916154109708
Sdc4,590.3449860673431,626.5964230614683
Prrc2a,593.5445795121848,481.9584747708839
Hspa8,594.2075359644955,454.21943968905487
Eif3d,594.0177032103129,453.98757451078
Rpl21,594.7459850115961,631.7076611577918
Tnc,595.9878700569683,646.4563478706461
Rpn2,597.2310794419134,508.390886080694
Hnrnpk,597.5678372956792,466.7950397709952
Tnc,599.9519550220298,518.0168299374906
Tnc,600.4941529294994,553.2598804344937
Tnc,601.9382923111464,472.29397230426696
Snx3,602.0398474303304,648.0928556234076
Tnc,603.0791623271052,464.4070159777434
Rpl21,603.9244078759561,546.9142842803883
Tnc,606.4805825629479,472.0271454237918
negative_control,605.4640457694563,611.611141933336
Hnrnpk,606.3480977160788,624.3395672404563
Prrc2a,607.1354946540102,651.3120128191076
negative_control,608.4689117368949,481.6223534570039
Tnc,609.1117629140106,549.6824096596827
Prrc2a,610.1841514968891,561.8062298879224
Tnc,610.9216249529836,580.2755214538458
Tnc,611.34555179025,534.0663689072218
Snx3,613.7510134446679,627.4724163228535
Tnc,613.9735266418387,597.0933386822009
Rpn2,614.1884547091637,484.2225092826676
Hnrnpk,615.8036934359397,617.5471313251699
Efemp1,616.6225879298946,623.0296365786957
Grina,617.7028088880512,538.3459183171018
Il1rl1,617.4178078995483,538.2803999560482
negative_control,618.4212995484237,485.2373932633752
Rpn2,620.6269158822828,537.4188530424251
Prrc2a,620.6781259765587,639.5483602281986
Rpl21,621.5216289416051,646.4385561411568
Vim,622.7213592984033,588.6383312535236
Maged1,622.921398843268,590.5217431673384
negative_control,623.8407481583365,589.627512259541
Psmd4,622.8514175439474,588.7377810589272
Rps6kb1,624.4993088863692,588.1685688078742
Ncl,625.9520411593609,473.2955691441517
negative_control,624.846892607771,473.1218285615471
negative_control,625.6759830376882,472.93148373291626
Tnc,626.64010146192,541.0365315142751
Prrc2a,627.3075850983168,489.58505267813
Tnc,626.9281577172571,594.3304464084464
Rpl21,627.6893633652081,625.1491822223938
Mtch1,629.3343401560152,571.1493123007507
Tnc,629.5434708524061,570.576938876332
Mrpl45,633.7827224346364,539.7627690558592
Taldo1,634.8859010067026,562.7166370557862
Tnc,635.4703265543942,609.5151299699743
Hnrnpk,636.0831082951626,537.0421544176589
Tnc,638.6557090939907,494.8113579918503
Snx3,639.5120599797488,474.0190946610543
Taldo1,640.42246171737,461.31612250746593
Vdac1,644.095842899851,630.9571076190327
Tnc,645.4816989032493,556.2205777626117
Nr2f2,645.4730287212458,557.2085513297397
Hspd1,644.1195336128359,555.7604557870253
Zfp36l2,644.9225900361976,556.0130397949423
Prrc2a,647.2628989736056,487.47378984213793
Rpn2,648.3210691949162,529.9937312442844
Tnc,648.4080513131722,510.4477342650688
Hnrnpk,649.0191026293046,601.288038022328
Snx3,649.5606737522965,633.0096657783906
Hnrnpk,650.860138041571,605.2969396829316
Tnc,652.1364639061678,574.1473885013567
Rpn2,653.7983254237914,500.7719318733201
Efemp1,653.9864483527195,476.88244050896606
Prrc2a,654.6654061924669,564.1698882303808
Prrc2a,656.9727376980217,545.6753801873738
Rpl21,657.4889933645702,622.4574920280054
Hnrnpk,658.7769838843428,552.1034732476792
negative_control,658.4292885583717,491.4155967882126
Prrc2a,662.8976651934361,574.4085926769637
Prrc2a,665.2090316334602,567.6667633925548
Rpl21,665.2332176920648,490.45963031156657
Vat1,662.4290921621043,488.935433781283
Hdgf,664.4516183062044,491.7621191915258
Csnk1a1,663.2822605171677,489.6953110842244
Prmt1,663.9070042637047,491.1832563499129
Mrps5,666.9656742925224,548.2845261501842
Hspa8,667.0717273853627,548.7351581045614
Rac1,668.1513672752353,547.0472246593745
Hnrnpk,669.2908428879216,575.2905705497974
negative_control,670.833164656226,521.2627310355184
Rpn2,671.2053780377719,550.4959585723362
Hnrnpk,671.9924351668716,609.8905340340466
St13,674.7438452147632,465.9287494803201
negative_control,674.3449014924411,466.48995889838096
Tomm40,675.3884482193631,466.5523995506262
Rbbp7,674.5946599995139,466.06532084963305
Tnc,674.4978133737168,517.4584751910104
Hnrnpk,673.6713362190267,571.4276991235874
Hdgf,674.2643748900739,595.8305990938225
Cct8,674.5600612850269,594.9291187385423
Hnrnpk,675.809391455666,617.660169852355
Ubxn1,675.5876304621481,581.7176978331634
Rpl15,674.9922984701786,582.1188069958164
Ptbp1,675.0234192862656,580.6382194878952
Rac1,675.0421439670596,581.267701653941
Timp2,674.6754977519718,480.8800604263029
Mta1,674.7213846638476,480.0989080796183
Sfpq,674.7881593216322,481.0593360736981
negative_control,676.4920502570434,476.9028448671909
Uqcrc1,677.1569425895705,493.0308414543204
Prrc2a,676.7930484563811,534.5273187345324
Prrc2a,676.840227840619,569.0228623717353
Tnc,677.875800633065,525.8575066865675
Hnrnpk,679.7875616853435,502.20328649190384
Hnrnpk,680.9987827904479,600.74515220552
Prrc2a,681.5806452336753,471.7965534228677
Hnrnpk,682.7331105332954,535.1737888598661
Rac1,684.8440994344162,530.2593582236792
Hnrnpk,688.1035317353924,491.1060816929952
Taldo1,689.5631408916652,559.2585065372912
Rpn2,693.8340062937174,532.8903064740239
St13,694.4050408873768,516.8515316972688
Vim,693.5790436231657,519.2584769519794
Hnrnpk,695.5076011408296,572.8164966477656
Taldo1,697.4549446263696,590.044179485441
Rnf11,699.7327240710047,469.72839685075934
Timp2,700.8722920547832,470.6571734077895
Rrp1,699.2996024342949,470.23896595923526
Actn4,700.3381766884988,470.3721034660695
Rpl18a,699.5383790085133,470.4592160732532
Maged1,703.1849956517381,556.262261480394
Tubb5,703.3312023677136,556.0677897501826
Hnrnpk,705.2115007524826,642.6485655351456
Rpl21,705.1790235152815,479.9232071285671
Prps1l3,707.2993555709606,569.1475873602201
Rps6ka2,712.1987228883374,527.0905061797368
Arf1,712.9042547636878,494.039594018669
Rpl21,713.5577642666888,493.9515671952584
Hnrnpk,713.8918162454247,555.1931565869254
Taldo1,713.571865224792,482.6865569165466
Taldo1,716.5746542542432,485.93848036331735
Hnrnpk,716.6705015322661,510.53590447902286
Prrc2a,717.0722309488402,528.0295191325706
negative_control,718.0779900353373,499.4820866062745
Efemp1,719.5398894528132,531.0245342769967
Hnrnpk,721.5380742306601,555.5467458955309
Rac1,721.8261827917032,577.5362110893318
Hnrnpk,725.9833088322862,494.9818635732016
Prps1l3,727.2941276543031,482.9819767926444
Taldo1,728.0022495722005,514.7822110566353
Myh9,727.9409946199411,573.4776014610202
Gsto1,729.1587944282783,573.0405292187238
Ybx1,728.0423289642979,573.988292828541
Hnrnpk,728.5757838853567,573.460338776317
Snx3,728.3413266481103,531.6446112480589
Vat1,729.3232594854336,530.342293424193
Rac1,729.0589832881735,538.7379115303208
Rac1,732.2853843117841,578.5258923047174
Rpl21,734.7303205433163,537.7276092045923
Rpl21,736.6409809869896,542.1609532354767
Hnrnpk,747.1051736457043,576.9566130540602
Cnn2,748.2146415792554,578.2571222212885
Taldo1,749.4087525566545,570.5741948760633
Hnrnpk,749.1472770220994,521.8066060725736
Rac1,754.5667028651759,588.3558449911494
Tnc,755.9785419533441,572.1687281376389
Hnrnpk,759.2228130628021,520.4789268208564
Prrc2a,762.2428233866835,559.2040033898103
Taldo1,771.1988147193855,599.0953648474192
Snx3,771.5115662028971,544.7531255016542
Hnrnpk,772.5165825471926,571.2874487453325
Hnrnpk,795.473094985837,601.2966321276201
Rac1,815.0234474429574,608.0814233820399
Rac1,870.3054370005426,683.5248644897861
Rpl21,876.2753058855806,648.8075764398994
Malat1,375.1903111409388,850.3501605964984
Malat1,377.692517112271,834.1734887406544
Malat1,380.19747375806026,846.5334433455637
Malat1,390.0042338047198,841.4588500005281
Actn4,393.2310078202104,815.7990325593628
Rab5c,395.7141171687229,799.2175918324575
Malat1,400.27569159969136,813.8543967847311
Actn4,401.7469062508445,811.3907492978966
Actn4,402.4420072617072,771.016325599295
Malat1,403.44044532936255,881.1507628705658
Sfpq,405.1207430667917,813.56464713504
Uba1,405.23873970913326,802.6785239465393
Malat1,411.29480166373327,790.282797333427
Sae1,413.24321080437807,769.5964978345894
Ybx1,413.3078386293033,768.5856630066365
Hnrnpul1,412.9585745354157,768.8100626217216
Actn4,413.6917961842307,776.0557430647268
Actn4,418.0851226317664,851.327703174676
Actn4,418.8146858732719,808.6186067772558
Hspd1,419.9130177331622,737.6719394485791
Morf4l2,419.7196369681062,738.2650512242585
Morf4l2,420.35101382581234,801.1467877171206
Cnn2,422.1115552320067,811.4145745263144
Cnn2,422.8423564356199,725.7194410218672
Actn4,422.7991361702201,822.035231107656
Cnn2,423.83527499212346,699.1888046939075
Morf4l2,425.1403368798783,687.9148178322415
Actn4,425.7541625192283,696.229472546562
Malat1,424.5037712987551,823.9617587071218
Malat1,426.9750858967872,865.132535807744
negative_control,427.7993473366764,819.8449926304244
Myh9,428.408052621164,809.4501096955812
Rpl18a,427.92867514802754,808.5793335602684
Actn4,428.0838173574508,758.1792557230862
Actn4,428.84888855403767,779.277044807097
Actn4,429.506476361884,678.3545412933089
Actn4,431.1291522756508,628.01787022857
negative_control,430.545531639578,731.0665835175944
Rps6ka3,431.7959781852287,731.6185145387542
Actn4,431.5099264077202,751.1877886784373
Malat1,431.75338206076094,815.3156237219478
Actn4,431.7386447228697,639.2550043597407
Actn4,432.2399965204558,623.696335586822
Actn4,431.9218578240424,708.1113332691095
Aco2,432.03633963383726,707.1571420049002
Vim,432.8348386993013,673.1589541077385
Malat1,433.7290373366499,884.0130443892997
Tbrg1,436.3560661622341,873.1725738253887
Actn4,435.1349774924559,728.0390199111814
Malat1,435.8005535325881,886.8984645387349
Actn4,435.9360368626977,621.551898892752
Actn4,436.52721377612727,846.8722508879323
Cnn2,437.08723929315687,891.2613706362146
Actn4,437.7515018397105,834.2890378923969
negative_control,437.7170702356515,779.5694581329008
Mmp14,439.1797533307961,652.6174646663038
Mbd3,440.48846780444313,808.2918715887441
Actn4,440.12043102521415,775.2494884985224
Morf4l2,440.5717664321487,822.3003149810247
Malat1,441.277790725399,739.9707975867123
Puf60,441.7444617825777,854.0343501440732
Cnn2,441.538241160618,854.1607609101416
Actn4,441.7066105735154,714.7233236575668
Mmp14,441.9733078740369,671.0238966143378
Cnn2,445.4714593275208,872.3967752248711
Cnn2,445.44971028969024,887.8946766589095
negative_control,444.9118852315714,797.6328948146809
Morf4l2,445.0398258273647,798.5148133801441
Csnk1a1,444.7045771591416,798.1507316296768
Rab5c,445.9294988079896,808.0423801409568
Morf4l2,447.8088929370687,723.9820305783561
Actn4,448.1703996015394,621.6456942035525
Mmp14,448.6795983669757,627.798772288298
Il1rl1,449.4855007425298,655.1680536129159
Mdh2,450.0172683261653,766.449391084227
Ly6e,450.573466450719,764.8560946303378
negative_control,451.0633788603823,765.9415142080893
Malat1,451.3067965176827,828.1509023691061
Actn4,451.42615884629936,627.0902368723035
Sae1,453.8366771794755,857.7725817949606
Rab5c,452.1406571659933,858.5532457880038
Morf4l2,451.990872818002,652.8457153557965
Fus,451.7262377993039,755.8968241837018
negative_control,452.1298893914196,754.1637707430334
negative_control,452.1371842206878,786.3999186416182
negative_control,452.4137214729925,785.236323931507
Il1rl1,453.5602352720317,686.8247059149354
Puf60,454.9699771164634,738.047982832175
Actn4,454.79115245576776,708.0462852830237
Vim,456.2193119717922,795.8564558622144
Mbd3,455.0383549838022,795.3756567202211
Actn4,455.7647717318698,796.9363406783664
Idh2,454.6537694296591,795.3996576502201
Cnn2,457.35267288325474,616.7778740041899
Rpl15,457.5472756058628,617.7044340353741
Tmbim6,457.1535100342628,616.2992208361283
Cnn2,458.2870164105378,798.2704611019467
Rpl15,459.2826370373658,798.8270104691326
negative_control,460.0616243592172,627.2959986493344
Morf4l2,460.34085179008457,702.3132748809185
Sfpq,458.9772409836981,702.5898811029671
Ddx17,459.835111319101,702.585021709742
Actn4,460.7914408548146,679.0553152185624
Il1rl1,463.24511429601694,599.1311181625181
Malat1,465.2133850504398,612.2254213606359
Il1rl1,467.6743457648577,610.0977329978534
Actn4,468.759204868363,590.0652419114474
Morf4l2,470.34182858224113,623.6509910524795
Actn4,470.6558030007216,600.8543272607903
Cnn2,470.7609895809305,779.2639659935231
Actn4,471.96850427408464,820.8236412866031
negative_control,472.8960484618863,668.3873848190535
Malat1,473.9667292956325,601.4421809072408
Actn4,474.9295427464106,799.7586162699433
Cnn2,475.1985377094292,843.2678491510699
Actn4,476.4854588382288,643.0219192781411
Malat1,478.1354990913672,616.3383708892509
negative_control,478.4632276488468,708.7718648718419
Mmp14,478.9243978871364,771.6714421314807
Malat1,479.2422918817113,589.0859770737413
Cnn2,480.57495375246657,806.3824988392512
Il1rl1,481.0102697683732,735.5973187249259
Actn4,481.2763102477271,568.1810171537808
Morf4l2,481.8594209880002,549.4017171884296
Tmbim6,481.7807843340244,638.3770782557363
Il1rl1,482.0247707126344,638.9516848376653
Malat1,483.04306563921625,611.7877953839254
negative_control,484.1737709873852,789.5478473614659
Actn4,484.118880240804,597.435789649389
Rpl15,485.8244711254771,803.9423664433946
Actn4,486.5748631241123,845.1806355901932
Mmp14,486.409834021798,529.910546508546
Actn4,487.4369662027208,829.5422047640675
Malat1,486.6710071126642,569.9323429162703
Cnn2,487.5605177118871,812.8923650033953
Ybx1,489.4968155816548,723.5083880670325
Hdgf,490.1291569530004,704.5427484479136
Mmp14,489.99809782465775,515.5226403724473
Malat1,489.7476305217868,603.726376331857
Morf4l2,490.3688453102868,421.9579258976827
Malat1,490.1301391236822,578.0015507244435
Actn4,491.3554400081492,626.47393860351
Dpy19l1,491.5566044214612,643.5266031309892
Actn4,491.759060309904,725.2920108156093
Il1rl1,493.0681685484992,689.6541851999655
Cnn2,493.0040131693594,421.8946636957926
Cnn2,492.8445015827877,476.1018614338725
Actn4,493.351494591378,757.3620890428505
negative_control,494.0234195849527,789.5783161364002
negative_control,493.061772731912,788.874277471253
negative_control,494.8456011832183,711.3190521070139
Il1rl1,495.0486684078453,718.8205995648511
Stt3a,496.0525744026856,638.8351765388923
Malat1,496.19122318115,801.7822089378649
Cnn2,496.7773944341519,650.0102978406014
Il1rl1,497.0685467759787,510.575630074252
Il1rl1,496.7911700236932,724.236468650198
negative_control,496.9496367460481,518.4161716446837
negative_control,496.0583681573007,518.5440842165509
Ddx17,496.2376169437373,518.7351422431102
Mmp14,498.4617520262965,537.1835747061016
Il1rl1,498.4869702246781,780.8026988971529
Oaf,499.2097287347044,662.9290459291911
negative_control,498.8941873589771,663.937590893737
Efemp2,499.0304964367758,664.6532531898753
Il1rl1,498.8498960541389,747.2674816989186
negative_control,499.214665219316,668.3678961301048
negative_control,498.9462778050589,703.1245948584715
Actn4,500.5797624507104,496.0907226473763
Malat1,501.7985165407466,590.2849539736887
Malat1,502.3648643364046,629.6066009538711
Actn4,503.0532370913221,475.6133968286472
Morf4l2,502.4165776678433,772.3899721742874
Actn4,503.06623351302494,453.6383148457162
Oxct1,503.2158354117852,764.5440399147585
Cnn2,503.24194661056345,764.4753881449699
Morf4l2,503.5517773162623,495.6812949766739
Rab5c,503.3534943221282,745.1013226415625
Actn4,503.6941647562096,782.2829657703908
Cnn2,503.974360069464,798.202756960936
Il1rl1,504.11342632259743,693.9494258377027
Morf4l2,503.7804246187419,791.8547713110459
Il1rl1,504.3408718574608,626.8565689361174
Actn4,504.7627347613076,788.8988399077944
Il1rl1,505.8184203517265,539.8926228289021
Il1rl1,506.2179958248176,608.3478835536133
Malat1,506.3026683841789,661.8095691999555
Morf4l2,509.1227170692451,465.2375071446252
Mmp14,510.74466894399785,683.7934032338585
Ssr3,510.2995029861394,790.5663085414415
Actn4,510.28262431063047,791.2978270198237
negative_control,510.26586433362127,791.6196526467365
Cnn2,512.0373342943802,767.8401325199511
Rpl18a,512.0089574818827,705.930674482137
negative_control,514.8904332792346,737.7452807293473
Xdh,516.5436015565942,755.117118596294
Actn4,516.3846043659088,755.4010978057306
Ercc1,516.9481105194437,755.6134606522606
Timp2,514.7707836915304,559.6958941279979
Malat1,516.2270643954472,750.9776418084369
Timp2,516.0065562015074,691.6519858480954
negative_control,516.5461500622679,691.2067067496095
negative_control,517.2807797071152,691.2249324401084
negative_control,515.9568794712118,690.1474267919405
Il1rl1,518.4924347013228,699.170834069586
Cnn2,518.7431434871179,546.6779827205817
Il1rl1,519.7178055331626,556.0665738452323
Actn4,520.5763984717184,483.6238901758401
Eif3f,519.1555351253548,671.5727960463373
Mmp14,520.8322410138521,527.2087007375515
Rab5c,523.5128757655573,512.433013876534
Mtch1,522.9699420339426,534.4150082416317
Eif4g2,521.8470757617155,534.135604323328
Il1rl1,522.8990706933071,533.1117802230267
Malat1,525.1070655286882,670.3610952010688
Malat1,527.0545695282509,447.8304115058418
Malat1,527.5741050510392,613.1725633592533
Mmp14,531.9452517873759,580.6216578781499
Actn4,532.6913358750994,467.7614093586415
Il1rl1,533.1304643763303,682.4326014732341
Malat1,532.9677604527681,611.5176652245495
Actn4,532.5468165190582,463.99714626046847
Malat1,534.1678317414201,638.9485601720298
Malat1,535.1315078335642,570.1949159566921
Rab5c,535.4963592885064,733.699082848339
Il1rl1,535.8476092873314,616.1176904962348
Morf4l2,536.3580277261009,695.872141989216
Vim,537.7468060721158,691.5792869244818
Ybx1,536.353535561489,690.8260551149145
Msn,535.6638519491066,691.429486700506
Malat1,538.0109252118081,592.2989811586496
Cnn2,539.2679190837738,465.1184621173997
Actn4,540.0043991012757,706.3975924398385
Malat1,540.257061708535,646.3239415385426
Il1rl1,541.8363006852715,529.787175688355
Malat1,542.7842542387516,578.4826364329517
Actn4,543.8592839541906,448.79468845538526
Malat1,546.75546118534,637.2633571205893
Malat1,546.0194663841866,553.7401578016936
Malat1,546.879228955751,594.7740790964747
Rab5c,547.1661252093417,597.4863444278017
Cnn2,549.6816040747135,577.9664152319478
Actn4,550.5068949216318,652.1842033036244
Malat1,551.2892925674408,625.273842958399
Morf4l2,551.6685604919055,696.2275065120655
Mmp14,552.426606897353,638.7252534202322
Malat1,552.4265701697833,613.2175183171618
Rbbp7,554.6069736115866,663.4277368970264
negative_control,554.9343578047915,662.300980370624
Morf4l2,554.872322782204,447.5380936902126
Mmp14,555.8975549506297,647.6253204056857
Mmp14,556.7858704091537,473.2124180450826
Malat1,556.9599124056355,621.5441738434741
Malat1,558.1721449621889,606.3430743293502
Actn4,562.7876388517813,454.7220757612458
Il1rl1,563.3713626485571,556.5266367494396
Malat1,563.4382460380368,605.3035312662211
Malat1,563.638694199339,566.71174382009
negative_control,565.0046385137157,474.5487987772668
Il1rl1,565.7892122085611,461.1971453601008
Malat1,567.4846084015358,608.1895379097014
Malat1,568.2513416769675,603.5472356693343
Malat1,568.1681504865154,616.5711715804824
Il1rl1,569.8030966252423,640.1549264614671
Vim,570.0284303213184,456.9213945774365
negative_control,569.7275341209237,456.6479372451097
negative_control,569.6273988220514,455.6875879637788
Eif4g2,568.9902574891042,457.22082491115714
negative_control,571.7591425448978,665.3857374463239
Malat1,575.0947794669016,673.5366762472878
Mmp14,575.2416893363284,661.5679916331251
Il1rl1,576.9821861398626,509.740917441426
Actn4,577.5215004571246,515.8109781825933
Cnn2,582.2877065994795,500.58923957847344
Morf4l2,583.5502705911528,642.4858663312699
Ubxn1,593.7591018193759,621.932958180054
negative_control,592.9350726046866,623.3205236545531
Actn4,594.0425039388767,454.0017967398376
Il1rl1,594.8604715015679,458.6059926796685
negative_control,595.8498455706404,596.3409712707074
Mmp14,597.3993997821221,612.2683473577637
Actn4,601.9101490822452,635.1914880370433
Il1rl1,602.283114995628,615.0917222265969
Actn4,603.7452866788203,551.168776829433
Mmp14,605.0682510375169,625.1697964155903
Actn4,605.5658820827182,655.3001361618274
negative_control,607.6916187426027,519.2013987159397
Il1rl1,607.4440799146213,646.6568439470229
Gpi1,607.3733674395952,479.4492199732725
negative_control,608.8692947412719,488.4353846746912
Actn4,614.0563070508788,515.5189455240679
Malat1,615.0232876608594,485.9614193906704
negative_control,616.1261023549891,583.9508880897447
Sfpq,615.9596956998894,584.7135797485993
Prmt1,615.887738407674,584.1389288772474
Vim,617.5237386860906,588.914465218314
Il1rl1,616.4628802210732,588.678782024381
Ergic1,616.3417245908679,587.8900357879285
Il1rl1,616.7031339762261,468.8748785230159
Rab5c,617.0856196180588,547.1179965200739
Morf4l2,617.4306539019756,625.7701951380142
Cnn2,619.0425359145491,639.2728369271647
Ndufv1,619.2532320020623,512.5098406048623
Polr2m,619.1563743788668,513.7967552684689
Rpl15,621.0919369710396,512.0257061326547
Mtch1,620.4452376436175,511.7148114411725
Il1rl1,620.0709193848325,512.573143495343
Il1rl1,619.5943373192517,489.4491082957191
Psap,621.2530188106327,479.9661434126811
Actn4,621.3397470532441,480.16308050821
Morf4l2,622.2747645557315,469.51979300170245
Il1rl1,623.8214097255873,630.383083189783
Snrnp70,625.0641449553207,616.1535340117873
negative_control,624.1444079169138,616.2371242002524
Cnn2,625.1444817901269,567.2157837716236
Actn4,625.0042230287615,490.4239325223328
Il1rl1,626.1121590548377,516.5170617458505
Rab5c,626.4293333059031,480.9200553229591
Tomm40,625.9358232307908,481.1591504599217
Il1rl1,628.0870757078555,571.6490833906306
Cnn2,628.1942864146372,489.20515609122697
Actn4,628.9907530673412,532.0286659695716
Ergic1,630.368428006776,532.0649341705773
negative_control,628.5811071454209,532.9534233909411
Malat1,630.8008718465765,636.215215686333
Cnn2,630.7017376160329,483.0557564974283
Malat1,631.1091260795706,607.6516684179348
Rab5c,633.2369838820695,627.6683472083114
Mmp14,634.3056537771708,596.0133440401979
Il1rl1,634.3358150781153,476.8580203705634
negative_control,635.2877362477134,569.967423425943
Mmp14,637.6210592022014,490.021009402239
negative_control,637.9413061608954,489.54502214355415
Actn4,639.5521931850858,628.7121862685369
Il1rl1,643.3556163180878,564.9693492682208
Il1rl1,644.5397483007437,502.4792161368784
Mmp14,646.1374719324566,544.2512887104173
Il1rl1,645.592880477433,579.5916637594532
Cnn2,649.164928994338,489.1973893065488
Actn4,649.4411965719715,535.4160322595465
Cnn2,649.4594839133235,523.3080954767765
Rab5c,650.9566667012356,563.0454684509126
Ssrp1,655.7547480337322,616.8783220454109
G3bp1,656.3426576288362,618.3384193381617
Rab5c,656.9687952646293,476.9867963781031
negative_control,661.9239037365113,617.0833336697635
Tsc22d1,661.1323564719021,618.0320095022158
Malat1,665.550704849539,610.1538150126896
Rab5c,665.2229917414359,602.6694884950288
negative_control,668.6413269586781,494.1270288656044
Trim28,669.4891137135083,494.6715075242393
negative_control,670.9349806103546,494.526580581914
Actn4,670.119996624038,527.1096941412267
Il1rl1,670.1012344485122,497.7159138184059
Actn4,675.8752095638774,517.5677541010248
Actn4,676.9128487879661,532.2660816846743
Morf4l2,676.7461340633014,542.4807656900718
Cnn2,678.8422320372629,540.3576236750216
Morf4l2,679.5739299920415,588.8334789151137
Rpl18a,681.2667852618247,559.1000483468395
Actn4,683.3560692839598,572.4966200131339
Actn4,686.6885692318085,496.4505446686949
negative_control,688.5774314177733,470.8809498042344
Hspa8,689.1281723511981,544.0984338803161
Csnk2b,688.2103067141024,543.5461415707144
Rpl18a,689.1961082709597,544.8631750952769
Vat1,690.2629040933386,544.338232583569
Actn4,689.0833779783072,539.1305582313345
Vat1,689.2694080205353,539.012500853937
Zfp36l2,688.9646601441344,540.3248586771895
Rab5c,690.2352216822978,594.8646708696593
Rab5c,690.5417636237662,570.4366542874327
Cnn2,701.6255013340583,559.8606032102697
Ddx17,703.3466160651853,549.3605049000871
Malat1,704.4579478697835,499.7497625541724
Zyx,704.6033950547436,494.8857345930127
negative_control,706.3984420678529,509.5086231545893
Actn4,706.7580783990984,487.5560847180074
Uba1,708.9717051514681,477.3924165980814
Mrfap1,710.3027396604532,478.2060881460121
Malat1,713.0556921498444,613.686442967602
Vim,712.2020705815828,515.6598073824947
Pafah1b3,713.5249156867186,540.1778901898612
Ncl,713.3199663803109,539.788330397903
Hif1a,713.6978204974414,530.5378142301624
Cnn2,714.6059426062741,531.5251971252399
Cnn2,715.47685143515,518.3953063476054
negative_control,721.639524694339,497.617388092099
Morf4l2,724.3387968515774,544.7337118440837
Actn4,725.3123897637258,561.8657571066549
Actn4,726.6432671583677,567.9607363913422
Actn4,729.0556231279005,571.0927656140852
negative_control,729.6585610672512,489.5359080466613
Actn4,730.518042436982,515.5771637917483
Il1rl1,730.7846132271087,511.735287508527
Il1rl1,733.1795965866955,546.5437677466078
Il1rl1,733.3018359194864,482.2876029777841
Cnn2,736.9357130653435,545.0929650036715
Tomm40,738.1717640348049,546.2124191041445
Rrp1,735.9902242255987,544.8376552823129
Rps6ka3,738.0918149405688,545.77795322303
Cnn2,739.3786256718638,554.2052120906282
Cnn2,746.211391365802,496.292715461237
Naca,747.4879795147733,546.0855870959012
Actn4,750.375734677013,505.0300716473396
Cnn2,768.7564619092233,573.438877891714
Actn4,768.7000750698373,578.1485949453356
Cnn2,771.0549869735727,548.7750055840563
Actn4,776.9324753516413,549.8452263050616
Actn4,788.536724256882,564.0010364563262
Naca,796.49371872035,588.9847193307663
Naca,802.8361201044339,602.3929122623922
Cnn2,821.3127432852061,609.8788083415507
Il1rl1,904.1966492495025,678.945179647834
Npc2,375.6599282500271,818.464026943445
Rpl18a,384.15174262220046,865.7582421852861
Tcp1,383.8745769506244,866.5274371293121
Tsc22d1,383.6013162570857,870.4116054184032
Tsc22d1,390.435391625702,785.5226854587455
Tubb5,394.5167905333839,810.8338050945204
Mtch1,402.0304660290037,881.3976458216952
Tubb5,402.3139619802512,861.9057263379722
Fkbp8,403.4548572930183,847.6199507641984
Hspd1,403.4173848960094,762.8910822530521
Hspd1,410.5214934217694,754.93295731361
Hspa8,411.8814014120407,842.368578912265
Eif3d,412.05129709239566,842.8423148670895
Aqp1,414.4663083712835,786.043524113934
Fkbp8,413.7417235793368,789.512566664426
Rbbp7,414.3072144786033,818.4219966273048
Hnrnpul1,414.83949219842833,817.1683188485677
Tsc22d1,414.7745842617691,817.4450425553355
Lmna,416.851588899069,820.3065157233364
Ppp2r1a,416.6469533745175,822.0453192370743
Rcc2,417.094648702258,821.2037593762404
Snrnp70,417.8463862328664,821.2921859249544
Hspd1,415.47790823166696,741.7669632983174
Aco2,418.5008897009124,743.2380187040653
Sf3b2,420.8912663108125,877.7373902936029
Mrpl43,424.15719239568745,692.3178858300518
Mtch1,424.2592979019611,855.5532344641576
Npc2,424.2220487609177,882.2594549134601
Hspd1,424.3469035722784,792.4573097377316
Csnk2b,424.0475013963373,709.0080777932878
Tubb5,424.3655250752836,763.0828328952757
negative_control,425.3093735732902,810.7468034737368
Npc2,428.8989976880428,776.2935631215788
Hspd1,429.2154432422644,818.554056801016
Csnk1a1,430.421067634183,819.1191272124748
negative_control,429.14126935667855,751.5270513435258
Vim,427.53569272511805,752.9964170761042
Fkbp8,428.629692322037,762.0009567094174
Hspd1,430.0417037256046,868.884275443603
Hspa8,429.2129983493761,730.7658049074653
Hspd1,430.0095256093191,754.2982345650297
Mrpl43,430.7094479061259,784.2671581755601
Fkbp8,431.2493207969,661.7613608593145
Npc2,432.2331694091429,844.3834781023695
Hspd1,433.59144356881967,678.1673866766739
Tubb5,433.3310349490544,734.1657521297342
St13,433.8850543776756,733.6444107124648
Rps15a,434.0854778336066,646.5641270505296
Hspd1,433.5441917770106,645.5679485776768
Hspd1,433.7920871400694,721.816437008271
Tubb5,433.7773323730436,873.1265223898824
Npc2,433.97113133848177,653.4981116900385
negative_control,434.4396788119735,711.2618754061334
negative_control,437.75212908169647,633.9414009585926
Tsc22d1,438.6852598033398,758.1460676328353
Gsto1,438.91645874953343,774.1183137707349
Mrpl43,438.8521527047571,825.1685850962388
negative_control,440.64639877638166,654.6364074235953
Npc2,439.84401951178654,686.4036578675405
Tubb5,440.8789629428843,720.6404531534433
Hspd1,441.381655838178,704.2366657886348
negative_control,440.4187890365109,700.4333487371886
negative_control,442.2564907134811,662.7434618004106
G3bp1,443.2379186856712,630.477751257294
Hdgf,444.2883228346777,651.0245636995228
Thy1,444.7830545811074,649.7592953132939
Tsc22d1,443.4135464583479,651.1023750004989
Timp2,444.3469141615866,667.3433338837946
Psmd7,443.7669891915593,666.9693317219038
Npc2,443.6485842035616,668.8007212699704
Ctbp1,442.1104855035796,668.3277208434855
Vim,445.64767151085096,716.0323253201625
Hspd1,444.997554454705,715.5951467044229
Mtch1,444.4491708710586,626.8319145194675
Ptbp1,447.8094236212979,819.4271293289012
Hspd1,445.4300302358854,742.3067788185499
Ncl,446.84516067980417,741.5161297460061
Tubb5,446.2042720833818,826.367576243437
Tubb5,446.9659697764731,841.2512757247075
Mtch1,447.8736848641337,869.713856034197
negative_control,449.1723098277456,753.6592476901538
Tsc22d1,449.19783497434094,726.1656678437633
Ybx1,449.01747813472304,821.2426876665322
Mtch1,449.41976946210514,822.1155510625995
Mrfap1,452.0156124590203,819.4116623282237
negative_control,451.8362686597163,712.0697394471538
Tsc22d1,451.60787798968136,648.2552371678088
Npc2,452.1967242665489,673.4938412245351
Mtch1,453.096649958336,763.7981118064095
negative_control,454.14116352899015,652.6864138631781
Eif4g2,454.78141259516485,783.6719883300487
Fkbp8,454.53474882912514,782.3529111893864
Lrrc59,455.0526795568296,593.7197620443303
Ncl,454.40031533206064,594.9842231682524
Tsc22d1,455.1023871187574,594.934636350665
Pla2g4a,455.23576583080313,594.1971467878452
negative_control,455.5577621788988,595.6974748842792
Rps15a,454.2133253371397,835.5150910805401
Pdia3,456.572320047837,677.5081267633525
Hspd1,457.6921019436911,601.1103983634075
Npc2,458.30906430692016,664.3972085206225
Tubb5,459.281395498462,758.1133788501354
negative_control,459.5296130300927,715.0021833872149
negative_control,460.49341608076907,825.3671380054852
Mtch1,461.4461390583148,748.8252864725948
negative_control,462.8639770014165,712.5121012774905
Stt3a,462.7351480736687,711.9672101827704
Pdia3,463.1684432139074,704.9391549995205
negative_control,462.497161028004,704.9249910903787
Mrpl43,463.6878493914726,809.7154901082562
Lamp1,465.3282080567192,605.3481070752186
Ywhah,464.8858231583654,605.8375556472834
Npc2,463.9087494227177,605.3937706819202
Npc2,465.258873147988,654.906059835335
Fkbp4,467.7158402949083,874.3096031440598
Mtch1,466.86210772311904,696.9316286741507
Npc2,467.8440064397168,673.5737180776873
negative_control,468.19488081136944,825.5538279777677
Hspd1,469.1783930447677,827.1008440387299
Vim,469.8719926037176,748.6033864777235
negative_control,470.5689870033054,639.8713223257221
Timp2,471.6958693875854,776.1274504855112
negative_control,471.3425297167719,775.2040559768827
negative_control,471.28608250712045,775.2440220325695
Ncl,471.2302597959976,776.1291241225617
negative_control,470.8065597087162,774.3612469496378
negative_control,471.14957830085785,811.0053525530356
Hspd1,472.77317140126064,722.7225683584517
Pdia3,473.7993111534364,632.3876071698509
negative_control,474.1258395792088,652.0531898185066
Gsto1,474.4116428586544,727.5982507943584
Npc2,475.8783670184736,642.720786952987
negative_control,475.16670209676886,793.1574752971911
Tubb5,475.2804413481111,695.8959839723537
Tubb5,476.8614139906427,796.543410727147
Npc2,478.8604246982454,717.2644322169049
Rpl18a,478.4712835159511,734.767547350597
negative_control,478.74874752227015,774.9873501708375
Tsc22d1,481.3907123468321,533.1937266706329
Npc2,481.4779994209114,657.6671403075293
Nap1l1,482.00800053876014,797.6427084819918
negative_control,480.98263828641234,797.9346364391187
Npc2,482.36146970621104,692.7750618059699
negative_control,481.97317346598754,676.3583064746983
Tubb5,483.2148964801263,591.7521257862837
Fkbp8,483.59392036576935,810.0340531032862
Npc2,484.2816640276524,528.2898474344958
Tubb5,485.1430548215716,792.854956812884
Npc2,486.1575808552816,638.3218784556636
Npc2,487.031542490874,645.7358630443728
Fus,488.1533632005962,801.4883345292568
Mtch1,489.26738224508296,523.7302919316822
Npc2,490.4869096242069,676.6551776087458
Ran,489.7073375454828,800.7940074295155
Aco2,490.4360021694269,669.6402603517408
Plk2,489.40636822207273,821.2229291322218
Aqp1,491.2153121840024,555.1581521179612
Tubb5,492.0994571097822,603.2059789758209
Hspd1,492.13385596800606,739.9670736149604
Prps2,492.8200000977289,421.14391822457617
Tubb5,494.2045194683745,820.3208133777719
negative_control,494.1291141184265,713.14468462233
Fkbp8,494.1324536164053,702.7283313145265
Hspd1,494.0981477188019,787.852698676076
Tubb5,493.7041415876984,760.6933075386119
Pdia3,494.5675856741373,642.1207416373818
Rcc2,494.7506342598973,799.2367624649036
Tubb5,494.6736255110037,797.7345684719153
Tubb5,496.8419418868765,666.7123739867333
Tsc22d1,496.25777064682416,510.3597429795939
Tsc22d1,499.1543375305984,621.7777468762584
Mtch1,497.8116169260293,709.497427384182
Npc2,498.8127668133516,519.7018470292724
Npc2,499.2774443609604,600.3250606545311
Fkbp8,501.3225743726034,646.8660070891392
Vat1,501.6103133570927,784.0568968507581
Cct5,501.7509919354386,784.5573990585812
Sae1,502.9566450999332,784.5381914945453
Npc2,502.24026406895325,631.1568380793063
Tsc22d1,501.79229908095147,456.0643278166352
Pdia3,502.6798516096893,563.2531129749984
Prmt1,502.8915246436033,452.8226239439776
Hspd1,502.8069103591131,451.7875722789245
Pdia3,503.23752780922587,657.9538252092476
Npc2,503.6845061559166,637.842342771153
Lamp1,502.78673022206334,638.0028096018235
Tubb5,503.3178242869656,450.2832164985635
Tsc22d1,505.1476252805374,596.759833162155
Npc2,506.1393483181522,547.5140828955082
Mtch1,505.3919018859253,727.9889509814108
Sf3b2,506.3836661494668,748.171389554251
Npc2,508.16365832634136,557.3097411508829
Tsc22d1,508.10462847730446,505.5204291805105
negative_control,507.056186929696,766.2741937001209
Tsc22d1,508.7409779788647,765.7320833012532
Hspd1,509.6285839541123,800.2452018373065
Mrps18b,512.6344088848072,751.4158618056146
Hspd1,509.2686593602781,752.3640709554693
Tubb5,512.0852760766816,445.6469392033214
Tubb5,511.3719959951419,774.0301087890101
Npc2,511.5711797742306,598.5643152394034
Tsc22d1,512.6341907048712,778.8824846949419
Vat1,514.3052350501974,753.827076650029
Tubb5,515.3935811448928,740.9300853940902
Hspd1,515.2941089240173,610.0670779490354
Tubb5,516.3986039885135,484.2266522196903
Tubb5,516.3543192503112,438.1340624341535
negative_control,517.5842146175276,680.0135847758664
Tsc22d1,517.139227919244,511.3146027781679
Aco2,517.723904363736,727.4368049210774
negative_control,517.3424407445234,759.9540641519616
negative_control,517.7553917755456,760.1199078384677
Tsc22d1,517.9852981792842,651.6288585281368
Npc2,518.6700811349624,722.6200980412979
Ckap4,519.3510236931605,723.3289804452106
Npc2,519.8451734100952,740.1490527596939
negative_control,520.0565991892634,748.1212568186791
Mtch1,520.3303862206332,471.79128987418727
Tubb5,522.6090667839652,742.2866095617393
Mtch1,523.2654544031931,680.1240363290824
Npc2,525.4395747563547,722.7650812509623
Tubb5,525.6875415855488,506.614714359494
Mrpl43,526.9873180197001,693.8080507541168
Npc2,526.8491143794047,497.0775089237536
Tubb5,526.8853250809894,502.1867347058289
Prmt1,526.0051946685885,510.7980373401835
Eif4g2,526.3501879573591,511.3243729496458
Psmd7,526.9605594487177,509.79798463833833
negative_control,526.8636405130836,509.4625628763743
negative_control,525.7211140444374,510.0159343504635
Lamp1,528.0714192639582,509.0051559268979
Npc2,527.9508064164295,704.2738108670029
Npc2,529.4617721743894,715.097189723296
Prmt1,531.4503643448854,433.7789511507085
Tubb5,533.4477953175713,580.0194491247153
negative_control,533.8760884632192,549.8992207975166
Tsc22d1,534.2846226177875,477.4345833265938
Pdia3,533.808767331117,714.1924573969568
Tsc22d1,534.9881452411408,440.7172361690009
negative_control,534.4548420544584,503.9550214367892
Raly,540.9270179841841,715.6837648974428
Hspd1,539.2431023794695,716.4522703283869
Zyx,540.4660386556727,695.3119413364195
negative_control,540.1586690652391,696.4204827062988
negative_control,540.1559425690775,696.7136938558489
Npc2,539.9841554331995,558.3114257498117
Pdia3,542.9309042477748,512.2838766536127
Tsc22d1,543.4399117177841,690.3287858333206
Use1,544.3390896541034,706.8455944262953
Npc2,548.0064933849269,647.6241486868848
Npc2,550.3910782551629,689.4435427368634
Npc2,550.3350652045667,469.9198961046005
Hspd1,551.8710540070019,463.13906962378286
Fkbp8,553.4761787528793,564.2697649379178
Tubb5,553.3955055180666,487.1612061313436
Npc2,554.6419136810146,529.1076726328703
Cebpd,555.5525186377396,483.2574863370533
Tubb5,554.5849701043983,483.1042639682251
Mtch1,557.9786550261845,614.085953480082
Pdia3,561.3203936712111,685.282397875507
Pdia3,562.2177108100464,629.8510695389883
negative_control,563.3638018548488,670.1311336615786
Npc2,564.8338592420968,674.5104469151541
Pdia3,564.5625177718548,646.5915522455413
Npc2,565.5541839414494,635.7322725018012
Pdia3,567.024036698909,473.58481498547286
Tsc22d1,568.1430100158185,569.2358101031954
Npc2,570.5585524829382,455.8678293306793
Pdia3,570.6563789782107,563.3788331978657
Aqp1,571.5020739659963,612.6489497947741
Arf1,571.5692082278605,642.2885399076382
Prmt1,572.1953845961906,642.0308255991409
Npc2,572.624806218645,602.5091040878688
Npc2,573.4905704103778,509.8035352311008
Sat1,572.7972464413684,455.419020278778
Ubxn1,574.8155210169182,457.55623106910576
Fus,573.638708506043,456.0955190334212
Hdgf,572.0150803752117,453.3977242268381
Tsc22d1,576.6388145568499,602.4747331546647
Rrp1,580.3931934700686,629.676644924346
Mrpl43,580.7955782827408,503.6380658577635
Mtch1,581.6440592453422,486.6672513529752
Tubb5,582.517473088285,577.8776998122671
Hspd1,582.9893247749668,513.6450664636195
Ddx17,584.2283421386313,626.4947981916672
Npc2,584.1150710135671,626.8667114056807
Rnf11,589.3217941195718,622.2038006055084
Rcc2,588.1445965494858,657.7111397692111
Gsto1,590.2635103921207,658.1015077121833
Hspd1,588.6517284514763,657.8211222396926
Hspa8,588.9578242588434,657.2117995777587
Npc2,589.3569164782999,645.1170293848329
negative_control,590.0886982879387,487.1983351115307
negative_control,590.551460685485,479.7491660971528
Gsto1,589.7364898686887,478.4816761435921
Pdia3,591.5222184870771,598.7611984081088
Pdia3,595.0517997015764,520.3623948060537
Npc2,595.9085454041649,659.705936845596
Tubb5,596.8662425808416,462.6217004404525
Mtch1,597.8830024305983,484.296316944625
Npc2,598.5865453488314,539.7618460214944
Hspd1,605.0341207139065,595.7031030234156
Prmt1,607.0128724354555,467.95658871875526
Tubb5,607.4215220860258,490.4946034152472
Fkbp8,608.468965346198,508.70026261748944
Tmbim6,613.0392314273129,615.0634252593251
Ssr3,612.1931331046767,616.3629319384542
Hspd1,614.3727302027145,516.2728277680612
Tsc22d1,615.0033420304919,632.9427161123486
Hspd1,614.4612841949001,591.3311327505659
Mtch1,615.2568999763996,570.3250272987569
Tubb5,615.4626818642333,607.2934272698279
Npc2,615.7655623033302,502.4989144263397
Aco2,618.6150680845824,479.6380227146863
negative_control,619.6299458015803,621.7011560657926
Npc2,621.9824408290885,636.3473271218382
Pdia3,622.0476193304819,603.4380423820762
Pdia3,621.8812783355406,614.1536583008816
Tubb5,622.818719962641,530.430019710757
Npc2,624.4406805594563,609.2479341864838
Hspd1,626.7808204866003,590.7197443764356
Ppp2r1a,627.9084705517774,539.0544597542535
Hspd1,627.9931535032426,504.4159398507857
Npc2,628.6283099157545,515.3203407138569
Mrpl43,630.4627931151431,575.1359562276962
Pdia3,630.4547548109106,485.6379149939905
Tubb5,632.0395262644422,639.1222438264132
Npc2,633.7353205244273,507.8841659677496
negative_control,634.614715877609,491.5348824930583
Arf1,634.3340343194951,546.3939064464155
negative_control,635.1761593408855,544.8416824469108
Npc2,635.0221464979536,539.5151755823952
Npc2,636.3968962238428,583.368545134843
Hdgf,636.5785887970885,583.7193398844616
Pdia3,638.0376008292262,484.0895058701573
Tubb5,637.5147070764807,477.8437103169473
Lrrc59,637.9918990809258,551.3978569883539
Npc2,638.2910981916616,528.4371466948929
Pdia3,638.3883364054911,512.7604785059723
Aco2,640.9436133854829,483.463379612874
Tubb5,642.7007481427086,547.5574778979129
Tsc22d1,641.8720181536044,489.8909944816296
Npc2,642.7923700622548,562.4774985839595
Hspd1,643.4528305617632,479.3724219093324
Tsc22d1,646.4322202511382,613.2236426124787
Mrpl28,647.7783343869983,559.1870831000155
Lamp2,648.5836222176811,559.9712548710736
Eif4g2,647.8851342317109,558.8776392408399
Npc2,648.239871388505,535.2009799504297
Prmt1,648.4030610280117,506.4443193340501
Ptbp1,649.674064359751,597.761289206536
negative_control,651.1083001188808,596.6281297705021
Npc2,651.8584649218042,523.6241859384706
Tubb5,652.4869585615447,470.49182453053646
Snx5,651.0109607092852,470.66724014704965
Ergic1,652.545507692937,470.6274920320007
Tubb5,653.8150778951828,510.5298630264018
Tubb5,654.1717581272717,462.4337799118029
Tubb5,655.3988582857646,558.8996233507092
Pdia3,655.3081569881593,542.1566602830442
Fkbp8,655.5131687690637,484.5661629520287
Aqp1,655.160515374261,614.560093731237
negative_control,655.6499517407009,557.2031648269988
Thy1,658.612622782852,565.2519915205884
Gpi1,659.3913369848583,564.6703968259401
Tsc22d1,657.2687378013177,565.9055489368773
negative_control,657.1161235913621,583.5100256980309
Hspd1,657.0258816399736,534.8655937464807
Npc2,659.2742860187882,497.25901393264496
Ssr2,661.063060557078,550.3813714772908
Tsc22d1,661.4899272935592,577.1173997179767
Aco2,661.4146660779256,581.4522175922825
negative_control,665.2551899091229,561.9360559174497
negative_control,664.7162940811193,561.4461780742386
negative_control,663.5100763135458,559.6562488297491
Msn,664.7746539855802,560.8729152162758
Hspd1,665.9217951843933,594.0425868822097
Tubb5,665.0789915434655,587.4499520970423
Hspd1,666.0981493116816,494.6392683492779
Npc2,667.2112150158265,568.039215946396
Aco2,667.9651004238095,587.8071932197644
negative_control,668.2074635804963,470.51943509689096
Tubb5,668.7399522656813,562.6571362701618
Npc2,671.4445284443768,609.812309288647
Fkbp8,670.4665484122505,597.2348987925418
negative_control,670.7825077808244,537.4088075970819
Tubb5,671.8615682795274,618.2032759329891
Tubb5,672.4995063570086,490.17145332101416
Hspd1,674.2651330543773,609.6777950495878
Tsc22d1,675.7210005334421,496.0837916553464
Mtch1,675.5918483954465,577.8637560445403
Tubb5,680.5161656012223,501.35786957364166
Hspd1,681.0526253808686,480.5540859130869
negative_control,681.9144274087128,537.8581434880948
Tubb5,681.9708992610603,511.30287404015
negative_control,688.5104798433694,521.4189919753285
Hspd1,691.3674323704397,619.6866726197702
Hspd1,692.8760692619218,639.969978859255
negative_control,694.9962003445128,479.61775366699993
negative_control,695.1551564465921,478.7687523593217
Junb,694.6421193951917,478.6445737062667
negative_control,695.6272586419327,515.3387044027547
Lmna,697.112355334868,488.6273450083498
Hspd1,701.5517329902841,540.1270394801779
Fkbp8,703.708846160729,473.9886281483332
Mrpl43,705.2601072868655,565.0015628161958
Aco2,706.8957762399363,484.9925927516025
Lmna,711.8345319328257,499.72491348547953
Npc2,712.5908773824301,500.3009669245612
Tubb5,715.417507512566,554.9766584819666
Fkbp8,716.1169449833845,564.3136038666061
Npc2,717.3184246752476,481.99109791073647
Hspd1,717.6202303332899,572.7998334826577
Vat1,717.3888479461409,572.0128455701631
Tubb5,718.4831173632083,547.4799658177558
Vat1,719.6478603085193,519.7862159259282
Tsc22d1,724.6894106833566,475.794904569362
Tubb5,725.7344412131783,496.4848454278017
Tubb5,726.070979559476,508.0636597626532
Hspd1,726.7467011751169,484.5681895206753
Zyx,728.1319225705997,476.4447581196896
Tubb5,732.1937595569254,486.2142535474476
Prps2,732.447957593762,581.075528060357
Hspd1,735.9720463379153,532.4037308171702
Hspd1,735.7284032559189,563.3929576878877
Lrrc59,737.4997309527159,553.3843586192669
Hspd1,739.6670132946774,540.0120101583157
Fkbp8,745.6159790850646,562.9429095796459
Hdgf,744.7777245034035,572.7843077950007
negative_control,745.6299753575005,572.1427380047464
Nr2f2,744.5359828399409,513.61945254466
Lrrc59,745.6156371469197,513.754428740297
Npc2,747.6761017618435,536.761202194739
Npc2,750.2409146593857,526.3549349805968
Npc2,751.6396404796683,559.3488650770933
Mtch1,755.0990420549122,539.5957406992852
Npc2,755.2612099436489,584.0483588916647
Npc2,757.2901474536636,575.745414837194
Hspd1,780.7784919884577,581.7230132633231
Mtch1,787.5087324782588,588.8587281552694
Mrpl43,815.4432029239005,629.4283840107407
Npc2,830.3188847592379,640.3003894036959
Mtch1,873.1481269578102,661.1914872898943
Ybx1,874.488016333717,665.2951563955575
Ncl,366.06510044068455,833.2120209597546
Snx5,372.91940676208986,833.2458259917137
Ncl,376.33434124958006,850.2345258208286
Ncl,382.301747366466,849.015554205344
Stip1,389.645702830819,847.8781157913733
Ncl,394.10709838181856,860.0217936156469
Ncl,394.4792166164916,838.6641039869991
Ncl,401.3269856053529,866.0858940123487
Ncl,409.3872717389737,882.0948339123039
Ncl,411.3446087056626,834.4745579127073
Ncl,413.1251838241634,891.32794646956
Ncl,417.7716462891266,749.2456668615264
Rps6ka6,417.1052823609608,793.0400691250717
Snx5,419.0278534164055,790.8791238817247
Ncl,420.5613862167164,733.7204297032062
Stip1,421.1257996554398,708.7776002099275
Ncl,421.2558876222911,715.6745465546287
Stip1,421.64262416617646,763.843722073774
negative_control,423.8848431798471,877.6241176586149
Oxct1,424.9409721948568,698.2473385164438
Oxct1,426.2559939298362,840.3266028240415
negative_control,425.2889183263816,772.3032169395315
Maged1,426.9482791730333,772.6403168491787
Fxr1,427.17506493969694,642.3736420617586
Ncl,429.7713875499195,639.0677588285587
Ncl,430.0888620549837,810.0195537178826
Tomm40,430.5380145017909,790.7332315046845
Stip1,432.1421765497384,794.1080441489771
negative_control,433.028843577892,723.9316987796927
negative_control,433.1127953850586,725.2652368746394
Polr2m,432.9972764180064,726.5698787227185
Ncl,434.966302537027,662.3283183652833
Ncl,435.2385853122773,829.1326184174466
Ncl,435.8106913477585,886.610961632569
Fxr1,437.9843647350162,857.2844389289912
negative_control,437.3580079156112,818.0160187744885
Gsto1,438.5799687941997,628.4625889977208
Sfpq,438.6407803468083,812.1609933387467
Ncl,438.5329487545106,834.81329302077
Ncl,441.179101291874,871.1273688189386
Fxr1,440.893943389274,847.9841794454348
Rcc2,441.4840530243058,829.3744607032929
Stip1,441.0577912564085,829.239888567076
Psmd7,444.64258502587296,828.9084455253562
Rrp1,445.63465824303154,678.630415223791
Vim,446.6433952095071,681.42335855191
Ncl,447.5006733829088,810.0962198950114
Cct5,446.8085043298848,805.4785017801057
negative_control,447.3274358585995,805.2843226127911
Ncl,448.2318182021637,761.6349491946414
negative_control,448.706534665047,792.4996110638338
Stip1,448.33574803503393,767.891144813924
Trap1,448.4852980492583,755.8029404081581
negative_control,449.45750335179855,701.8196008753126
Ncl,450.4382041921192,821.7100142048934
Ncl,451.7484502264932,814.2388557031145
Stip1,452.5989515636795,689.8255628803195
Ncl,452.5963229328858,662.057625727765
Oxct1,453.77764460503965,617.496887116821
Vim,453.30846804656846,793.3678019092943
Trap1,453.1371823837538,794.3028750621843
negative_control,453.11660339015896,792.1953746139047
negative_control,454.8217869892502,775.6388258952622
Stip1,455.31240457776187,842.795820904021
Snx5,457.71597195098207,622.2583268560583
Snx5,458.3302101189001,808.3176936302705
Oxct1,459.41552782306144,856.2554895868718
Fxr1,459.6134374020402,592.0073793134674
Ncl,460.579227323401,819.9188176535506
Arf1,461.5264084066259,869.0683965248272
Msn,459.6735706559741,867.4965229401873
Hsd17b12,460.87895907173777,594.8986626536944
Oxct1,461.693570412958,754.2876422329575
Myh9,464.0285330219551,708.1190101799154
Stip1,465.9850296278763,614.8795038684766
Snx5,467.7557748091061,611.9954167684818
Sae1,467.5999187062706,761.6874577576345
negative_control,468.9742547680573,761.7572806775604
negative_control,467.51413065322754,761.4581467056179
Fxr1,469.0830926473308,603.2080521215115
Rps6ka6,469.0147744575039,860.5933168008321
Snx5,470.0296349878199,682.9339409980555
Ncl,473.5181583856629,812.332925274749
Hspa8,473.8431361415412,778.802923310163
Fxr1,473.2232053731281,778.6011462008134
Ncl,477.3666399564431,758.1036115661992
negative_control,477.0260448328541,758.4223410466074
negative_control,478.6847631446908,757.1501989195797
Prpsap1,478.3712142481231,684.2128316638235
Ncl,478.4449768446862,795.8165371135125
Timp2,480.2814800116167,633.5246622186697
Fxr1,481.5208802014741,655.395149172585
negative_control,480.8949477665397,774.4792639180673
Prmt1,481.9605562479605,849.4321714217097
Snx5,482.2877162749992,550.3491852176712
Ncl,482.3004791098321,675.3815084975273
Ncl,482.7586755713631,798.6429276292833
Stt3a,482.9290015613881,663.6354839324218
Ubxn1,482.0724730948283,662.2458772338769
Mrfap1,482.0460531044118,662.879539666434
Oxct1,483.1118617736138,667.780776200435
negative_control,484.4605807586957,706.9269359303951
Ncl,485.3856829111697,824.8672621288996
Snx5,488.9535622217821,612.1188448150265
Pla2g4a,495.778806059398,535.0937607531612
Sfpq,493.9041058448478,535.514824661108
Snx5,494.3787556384625,757.420447970042
negative_control,494.9259999818759,715.5988572923031
Stip1,494.7832113105399,793.3517422751682
Ncl,496.3872204226045,785.2188907582286
Snx5,496.6851351191415,688.1279888917505
Hspa8,495.98729568469855,687.0715405130088
Csnk1a1,497.0386598590084,448.08670985233874
Fxr1,495.93565980617205,447.9445343084488
Stip1,496.9412024374703,778.186925632171
Hsd17b12,498.455045439288,544.5628036126449
Ncl,498.78137102304936,460.79624901812247
negative_control,499.8074510916297,668.6622452423782
Ncl,499.7771374761206,464.8717532032855
Trap1,502.3819233970861,548.4839362604774
Stip1,504.27076275766814,448.8663668319518
Snx5,505.45092841618,521.5167094533068
Fxr1,505.7035300848805,460.6824600224702
Hsd17b12,506.3762319245023,731.0220928372114
Rpl15,505.65516226497886,730.3981865853918
Oxct1,507.99405678289935,612.8303989466768
Vim,509.791818290166,417.0166338876061
Sec13,509.4406690755638,457.3562281047121
Ncl,511.33410627947626,784.1685783946084
Rrp1,511.7872902281306,566.1929830303361
Oxct1,511.93966769194265,425.1591548029589
Fxr1,512.9501010659053,805.720632559698
Fxr1,513.1017017617089,580.0500211050688
Rrp1,514.8725070840652,441.5309427588265
Snx5,515.6765753552515,709.4590520835918
Ncl,518.1276355935634,663.1862147703794
Snx5,518.0040299604141,742.5969307815029
negative_control,519.916203240565,751.9787117877175
negative_control,523.472687079967,680.2593360311471
Oxct1,524.937288650307,706.2937039372932
Hsd17b12,525.2218310027612,654.0859706811987
negative_control,527.3432355191267,677.2811583707846
Ncl,526.9544572064112,443.8764288906888
Ptbp1,526.8706593261613,443.7210206845469
Ncl,526.7473732116753,604.2462353734637
Hdgf,526.7634589783695,472.2524684758839
negative_control,527.0080511217491,471.6787645070149
Psap,526.6536648656429,472.3961197047177
negative_control,526.765904027272,471.2569322281563
Timp2,529.0094500863985,454.5662411565093
Stip1,532.2666116149319,455.1908369337722
Trap1,533.1380682445342,623.5153030050432
Snx5,536.4017779479086,673.7653820005067
Snx5,537.0698658483118,720.149881071045
Stip1,537.8539726812813,443.1736314491256
Rrp1,538.0872507711854,439.212135952491
Psmd7,538.3914706568875,650.9386672115868
Ncl,539.2454569001009,710.6988569373231
Snx5,539.3031622868258,600.3202683207523
Rrp1,542.5010661853344,570.5345241601545
Rps6kb2,544.450430463715,578.5770311350792
Oxct1,544.9717850090727,549.7629162603502
Fxr1,550.3865791503936,462.3795111270647
Rrp1,550.481492340612,475.117236702112
Stip1,552.521774180408,684.1481615227833
Rps6kb2,552.0927814239801,692.774556405207
Snx5,554.5437513324832,542.2464896757166
Fxr1,557.7744092723312,460.4602263223837
Stip1,559.0525749751771,656.724484152222
Ncl,564.7696149634892,478.1522885857137
Oxct1,565.8505658617058,503.5131358124114
Hif1a,565.7049572756874,507.6956039311007
negative_control,568.3843001445741,454.7836326267497
Rrp1,571.1369277585659,480.6801257764925
Ncl,570.668346920833,493.43133966355
Hsd17b12,578.2322755991896,607.0593177791966
Ddx17,579.5318899858671,605.7902292855572
Rrp1,579.2217209417745,571.1686816237441
Rrp1,586.8240759048479,628.6228978101772
Thy1,589.6856320644963,454.3627805687128
Hsd17b12,593.0356236280502,650.4920888119611
Rrp1,595.5553452449825,506.8671011668632
Snx5,596.5414637373703,517.4474452621172
Psmd7,599.7965804064692,627.5396492761241
Ncl,600.6188941327094,507.23919707818334
Ncl,603.2868701526664,615.2786161915858
Ncl,606.731164807582,602.8694998701533
Ncl,607.4744806834892,492.9966108374718
Psmd7,607.8854659454321,512.6427136894772
Rps6kb2,607.9949123891973,481.14451751679866
Ybx1,609.2626176978447,602.9185873609125
Psmd7,608.5189702822884,649.5015278597098
Ncl,610.9144184109339,652.432079584374
Rrp1,611.7647335983492,487.2001409096064
Fxr1,611.9758080298511,624.4130730405333
Rrp1,616.023380108308,496.4883314579606
St13,615.7001782085334,532.4429940458131
Stip1,616.5666916509915,641.9516659290628
Rrp1,616.6523970921668,508.7618568504349
Fxr1,622.7230390568257,597.5288920862164
Hsd17b12,623.8381789125025,620.9660948967157
Ncl,624.6969939787172,500.70314814377167
Trap1,628.5821083477516,605.5867267988272
Snx5,629.8104732426854,615.3889586118858
Vim,632.5607525842564,570.4393112902358
Rrp1,632.3595945484652,558.8289230429461
Stip1,636.223798072771,623.5037907989561
Trap1,637.013266589383,514.0732682300276
Rrp1,638.1975612283909,609.9234621437267
Rars,637.7896667847775,480.1225354732156
St13,646.8538341462768,600.385099745916
Thy1,647.3184644672513,501.2316016745378
Zfp36l2,646.3679272704906,502.75265814908073
Ncl,647.0269984298546,501.55958492435127
Cebpd,648.7211984032401,500.6475847011978
negative_control,647.8708889628548,530.4743115978475
negative_control,652.0042471716893,587.7382493892851
Stip1,653.8706672248818,526.2839770724061
Snx5,654.3782966692315,535.9197194081314
Trap1,655.2718429273184,514.6131420264885
Rrp1,656.1335715417814,617.1878469551713
Ncl,661.2505296165484,489.7489865923106
Snx5,663.4515091789718,498.0752764680191
Snx5,665.3636163745928,558.1076726980224
Psmd7,666.4277807324045,468.1402017708514
Ncl,670.1903889873317,622.102192572679
Fxr1,673.0984487810365,518.7019350089548
Ncl,672.9884610906347,503.8512740630273
Ncl,674.1441392141869,564.532829374914
Oxct1,673.7161857530432,597.6277182297332
Stip1,682.1302270223857,566.2202673140221
Stip1,683.5049329144845,583.01370111141
Oxct1,687.9473799897897,603.6778637245449
Psmd7,689.0415750423095,483.2740440743525
Msn,689.0447289181238,483.340452736032
Ncl,689.9486414922224,499.9902404502684
Jun,691.5793966344675,504.87273591238215
Ncl,691.7820337165781,584.0253251769548
Ncl,697.0602558583132,495.4652194661915
Ywhaq,700.3602577134777,491.2219538826348
Snx5,699.557332714234,490.4647305484415
Ncl,700.6128152732966,615.0729453806606
Ncl,709.9681714142125,490.8329692240305
Ncl,712.1165270347132,479.13613359545855
Stip1,713.4068208221156,482.3724384782497
Oxct1,717.2853364080794,506.53764445227415
Cct5,716.5957594325663,541.4304728715322
Psmd7,721.8304798623928,541.4818394596889
Rrp1,722.2397694640563,499.4382760735017
Hspa9,721.7375273308724,499.700180822724
Rrp1,723.672161482688,519.8972385861549
Ncl,723.425902110322,533.2400785460229
Psmd7,725.9795073914809,534.3003197986427
Ncl,727.769517805733,508.52180058122485
Xdh,727.5703874225865,488.62357827122094
Ncl,728.0455097418895,473.5779512207631
Snx5,733.2502451701931,510.50258506994817
Snx5,736.2073026543449,486.8021889275253
Ncl,735.8662186863291,575.9240954202847
Rrp1,737.1962825305218,536.8402476047896
Psmd7,736.7644425655815,583.2634435933946
Ncl,739.6672326422984,543.574752345696
Stip1,744.8289630010482,516.9672226438138
Oxct1,750.9702477788928,541.5874371116457
Ncl,755.2366942153117,550.4720407723355
Stip1,759.2492603104849,541.1212351318864
Snx5,772.6765026032889,600.0163450233
Ncl,775.8003869852837,595.1601945177808
Fxr1,775.7524138831654,546.3801118273096
Ncl,777.02194359901,580.6243923442896
Ncl,792.8892485648987,597.9217618193366
Oxct1,794.0759861202738,585.0035748610134
Psmd7,810.7811265036125,614.3180437111992
Snx5,816.6062367572665,601.3873581817144
Snx5,822.5268400554207,635.3742691263031
Ncl,827.096925897092,625.2354497991832
Ncl,827.9772607760254,620.5754803581116
Snx5,830.4171517112098,642.0056105640024
Ncl,838.9135790975406,650.0913781528343
Hnrnpul1,842.8080938582418,616.9556195632277
Hsd17b12,849.7953330623609,635.6066029274643
Ncl,860.0550317621577,676.6663867663024
Psmd7,862.9957109706593,640.5270017880518
Ncl,888.7492128573006,687.2778050430792
Ncl,892.5578250578401,698.6693473377888
Ncl,911.9374147738058,749.4450420637141
Eif3f,365.8174073890826,864.0744897818151
Eif3f,381.2035317488302,841.8429547518515
Idh2,390.7316405902989,865.5427111031621
Cct8,398.2868314348102,787.5786059271618
Ptbp1,407.4243249972926,850.8397158245609
Ptbp1,408.25545148437976,752.6803897265456
Ptbp1,409.7076770256225,826.0910272531962
Mrps5,410.1274997168315,835.3242735462319
Rad21,415.7283308927008,758.697799070371
Hspa9,416.427202528516,764.5548187606039
Idh2,416.9752436762458,724.4830423674
Hspa9,417.55513013486245,772.2134477756008
Hspa9,421.1753331393256,743.0373380839137
Eif3f,426.3245204651136,746.6471521653112
Rpl18a,425.7599381652583,634.5800529877473
Rad21,427.7042091069845,731.066548671394
Hdgf,430.66269436875126,805.4296960792219
Cct8,431.10896859958433,876.6556390908765
Ptbp1,431.9822109912475,642.0207038165568
Arf1,431.9782108387183,646.5825396254133
Vdac1,431.8122653354396,792.5996940421612
Pafah1b3,430.8428307954608,793.1158764644798
Idh2,434.2839693559525,626.6165442875853
Hspa9,435.6885035676394,853.6803707773861
Mrps5,435.4712221809558,649.1425890818789
Eif3f,437.5620162693657,875.448625066196
Thy1,438.6187141519839,626.2790558352709
Mdh2,438.4351063451654,626.0561689784926
Hspa8,437.0243254679783,626.8789861050097
Ptbp1,438.5546907543549,639.4236606957586
Ptbp1,438.2395363630485,824.7453349918079
Hspa9,440.1785227311546,860.6629655081405
Hspa9,440.6098005216313,839.4558803856352
Rad21,442.18005726882166,751.1003994675989
Rad21,441.3526025800824,774.8008458625168
Rad21,442.4464188127942,826.3830311428288
Hspa9,443.0807437003863,629.8685890358213
Ptbp1,443.8680012179359,767.1641586376912
Rad21,446.0061268085177,710.5199598187744
Rad21,447.9740865941719,814.581101487388
Lamp2,450.1592576626925,628.9587754991276
Uba1,451.59339980083007,763.9302800630911
Idh2,451.4052063377191,649.2647950370357
Rad21,452.9482634519427,614.0075010633294
Mrps5,454.42067782810375,732.1127293976768
Hspa9,453.81166433720574,846.3439404131445
Idh2,454.06255493930894,656.8535272769534
Ckap4,454.3367710902149,640.5149833806822
Lamp2,455.1486876049698,754.0723927436622
Eif3f,456.8723109824061,779.2082620566183
Csf1,457.4434977698353,697.0010302127625
Csf1,457.6844389766349,586.4121247555317
Ptbp1,457.93863752024384,787.3587474643729
Ptbp1,458.8491705798198,695.3599534476459
Maged1,461.7017558675401,809.6270120049816
Eif3f,462.4684583448418,672.2339499256018
Lamp2,461.9149201030209,691.8760843163462
Ptbp1,461.9359008153162,765.795839366984
Ckap4,462.0662368043169,593.3526102462437
Eif3f,464.0267795333209,720.7020456605292
Rad21,463.91861303346354,703.9702427142352
Ptbp1,465.4585799599571,788.7427557767205
Hspa9,466.0796144219835,790.1297021338423
Rad21,465.899486351044,817.9925562267032
Csf1,466.7228331560681,627.2720000722616
Idh2,466.9087538339306,830.6527699378745
Use1,468.4526898152385,699.8699785327493
Idh2,467.6712775035751,814.3236430625086
Rad21,468.8310682897163,714.816792749463
Lamp2,470.5676188042909,706.4902015406103
Ckap4,471.9669827792918,627.3336181732523
Ptbp1,473.78912293355336,721.1729864817615
negative_control,473.527306461444,645.7681818523818
Ptbp1,474.99172301561725,644.5929996173483
negative_control,473.2425098672304,645.594503083208
Eif4g2,476.50521778717336,703.2550136128859
Vim,476.4538039326989,703.5498340501108
Fus,478.72072818299904,784.6456019598103
Csnk2b,478.4184212732747,784.1307535625102
Hspa8,479.2835196339773,784.3229002526525
Ptbp1,479.68473011025554,813.7134906335488
Use1,480.884010548966,850.5501114064681
Idh2,481.067644548348,740.1110579607815
Ckap4,481.3611201701253,547.9963054302928
Idh2,482.39972364056325,797.0446266724351
Ckap4,484.74823462130536,734.4263563327709
Lamp2,484.8879160182466,427.4206424992887
Csf1,484.9239226422482,628.0899737305963
Csnk1a1,488.58183972306574,534.3377228309355
Idh2,486.95641511864335,782.4271425474183
Eif3f,488.7550534093908,636.0371649057942
Csf1,489.3886929242467,538.4658031761771
Ckap4,490.0522783169657,731.1612358351675
Hspa9,491.3304406311847,547.5422669461916
Ckap4,491.5701028382541,529.7038170707898
Hspa9,492.0594801441649,421.1302761403074
Ppp2r1a,492.8464213332652,824.7626478706051
Ywhae,493.3047733602206,825.0001763739649
Hspa9,493.0962747695122,719.7186334388318
Rpl18a,492.645415802133,718.7559009960659
Idh2,492.5403031943148,648.4818255161458
Hspa9,493.97613874030026,778.1239118102708
Hspa9,494.94694264905365,473.4245073578371
negative_control,496.6809661371133,504.3555512747723
Ptbp1,494.8542553794599,505.08194343277415
Lmna,493.3667316025268,505.0047227855073
Cct8,495.6887428500794,826.8885433501205
Ckap4,497.436318203267,687.1052799360867
negative_control,497.2205419344148,718.4359995205186
Mrps5,498.3558491691089,510.7334810380048
Rcn3,497.7138401465264,510.078712735336
Rpl18a,498.1733480160276,511.1572035149052
Csf1,499.34033893029857,515.4263059691204
Hspa9,499.98989981141193,462.7195480164422
Rpl18a,499.0630978486539,462.6041065043696
Rad21,499.8091483019184,575.0311113912771
Lamp2,501.3057203401105,648.0367715105808
Ckap4,502.5035287981635,494.567678705201
Gsto1,502.2733672583172,494.8708280472523
St13,503.3619342512993,481.6003186181876
Vim,502.97319802066215,481.1199679283946
Hspa9,504.2233445273815,515.1157651111716
Ptbp1,505.0774926505784,426.0508473660518
Cct8,506.4203961655173,466.6459667244735
Hspa9,507.5152594155783,550.6571806330197
Maged1,511.2396020465507,787.0112845392961
Idh2,510.6742657626554,689.2166950279131
negative_control,511.0549734829068,673.440943322159
Eif3f,511.04886742546455,673.3351564174409
Eif3f,512.9877463803389,552.9307449023657
Maged1,515.7607359798972,501.8285938367714
Rad21,515.1880882028242,500.5914504341957
Ckap4,516.3011685225754,666.9672154150163
Idh2,516.9460782759015,446.6394466411125
Csf1,517.7605381055816,504.10396304580473
negative_control,517.5802752564819,523.4175799756151
Rad21,520.7511524385927,449.8057220708676
Idh2,521.3292260667001,679.8070738682535
Ckap4,524.3712308684411,684.2680598405391
Csf1,525.4112933667108,462.8343652130909
Ptbp1,525.3827104102802,694.8642793598513
Rad21,526.2261385543375,575.4602710712952
Cct8,525.8870418723111,528.9473982094042
Hspa9,526.1890623912268,684.4140793828392
Csf1,526.9021389212768,481.0220833091232
Ckap4,527.3717283099971,523.5184460447275
Hspa9,527.1889472601677,736.7154208807558
Eif3f,527.7030287222794,437.202951257746
Use1,528.0932999552767,680.4285293304579
Ptbp1,530.4027118981944,430.522582296168
Ckap4,530.8957714857975,498.6356939594036
Csf1,533.2002508385197,538.629642249385
Lamp2,533.5231500436457,485.7584572697304
Idh2,533.743095820755,438.97474356470286
Ptbp1,537.396871913533,465.6581623140041
Hspa9,538.2059276137119,720.0616859932575
Ptbp1,541.7630870549514,717.1499397143299
Hspa9,550.0822549051092,565.4036121737702
Ckap4,550.76816848986,453.9587701494712
Ptbp1,552.7500233283481,652.138230077946
Rad21,555.3137956592611,487.0628332956863
Ckap4,556.8757561136072,612.4235118980466
Eif3f,556.4162168866658,504.2733242839142
Rad21,558.087366023279,455.5472175927366
Csf1,558.0223019263511,572.3076815288061
Ckap4,561.5166149595696,460.094200127617
Prpsap1,562.191545923449,458.8154823246169
Csf1,562.9206019713455,453.4988154481995
Ckap4,563.5305995349098,574.8448523702991
Eif3f,568.7422206480747,485.3702364685045
Csf1,571.8835985832767,470.5719922644463
Csf1,573.4248150863032,587.2485229309414
Ckap4,574.4055821670601,643.6413128257198
Ckap4,575.9581845187869,489.76322645890485
Csf1,576.5570857719949,513.0960375352162
Csf1,580.3576289960616,468.5533321513013
Rad21,582.5264724323331,520.4432920820509
Csf1,583.510820989413,574.5970021922026
Eif3f,584.1552867541128,624.1809066208693
Hdgf,587.303684934021,625.7194680157743
Ckap4,587.6995859485023,625.9576096894115
Maged1,593.5017157059794,484.044295164262
Ptbp1,592.564004987419,515.878337314069
Idh2,594.1096470092255,472.4265390083418
Ptbp1,598.4967142832606,540.062405915417
Ckap4,598.9094691784146,473.1784234058529
Lamp2,602.3434254868087,621.0303576306765
Lamp2,602.8560447147804,627.8092932386835
Idh2,603.9962079457189,469.65483027121314
Ckap4,603.4466185306865,638.528302339028
Idh2,606.3409740006049,583.7417962696492
Eif3f,606.8566417680463,511.0536451073783
Ptbp1,607.1967376464625,635.5603132688176
Ptbp1,608.3311196553373,463.3602048390143
Csf1,608.9260898143948,597.9951402278019
Rad21,612.6536986608678,521.8054208943479
Rad21,613.9979534643626,617.8196372362164
Idh2,613.2776188143861,513.2201494986621
Eif3f,615.0788971496547,538.6893607948095
Ckap4,620.2027655916644,647.7312734514679
Ckap4,621.3868331624072,533.6532241671716
Ckap4,623.0881481362343,571.368915001347
Lamp2,624.2238601997554,606.8047648463223
Eif3f,625.6340114748151,621.4820036593234
Idh2,627.7124650673306,484.1562197541565
Rad21,628.1131920859765,565.1027883928533
Rad21,629.1305354053079,523.6258594167336
Ptbp1,629.8535724808373,600.5327715062087
negative_control,630.1468628975035,603.1758050865964
Hspa9,630.7614204670554,627.948381203261
Ptbp1,636.2844032215617,592.6922112841805
Ptbp1,639.1140959210333,515.5517292070244
Eif3f,642.4785462576538,528.2558640841971
Ptbp1,644.1179007373981,480.07334020359934
Rad21,644.9140398422513,541.0074492640337
Hspa9,646.2563027312261,533.4449289199235
Rad21,646.3866053746447,589.4535158120783
Hspa9,649.0314860980457,497.2292532131246
Srm,648.6966138141652,582.292567539279
Idh2,648.3922813249551,623.7698276132814
Hspa9,650.162041968122,505.559146846237
Ptbp1,650.5790046675602,607.03548566968
Csf1,651.5944442285253,507.0167836468136
Hspa9,652.4374023211843,554.6895112982405
Eif3f,653.0217638391417,619.9424485741442
Idh2,653.7389030237196,595.1741936803335
Nudt9,654.3628213462323,482.6673484249799
Ckap4,659.5901223353278,535.6685775791516
Srm,660.5843407258355,500.96462733869714
Ptbp1,660.968016299716,610.3246284345197
Rad21,662.1292276016993,532.5386979072039
Lamp2,661.5976109192795,550.204403730111
Rad21,663.1256760410304,545.8680993088853
Ptbp1,669.049587699999,605.9976317193652
negative_control,669.2109307115229,585.0337633745662
negative_control,670.4670652029918,599.2186047569671
Ckap4,671.7130264125026,497.6498212587006
negative_control,672.2252218905181,517.1899060343087
Rad21,672.6646374661902,571.6871364807887
Fus,673.4663223343283,624.41464423399
Trim28,672.9737166362904,622.6705473047167
Hspa9,677.34204922176,540.6591115716836
Idh2,677.1629941589858,611.6771837707734
Ptbp1,677.6267128568035,502.6985965151644
Ckap4,679.2212615317726,545.6164626750558
Ptbp1,681.1839396637116,573.1676876467405
Nr2f2,680.7993747817618,588.4357019597644
Hspa9,681.8981244701638,587.0284967059993
Lamp2,682.6476883928251,517.6785685033503
Ptbp1,684.1665268092507,611.8748545684253
Ptbp1,684.3045364662707,524.1494112126036
Eif3f,686.4975189067665,621.4438440641892
Rad21,689.5626095435022,537.3035027664224
Hspa9,690.01756977231,569.1063496410263
Mrfap1,690.8070623813594,569.155640145452
Csf1,690.6661840918465,532.3537194274708
Hspa9,693.4374132202618,482.6350015621124
negative_control,694.2811642447768,471.2065521568125
Hspa9,695.4425266944862,502.2272606603926
Ran,694.6966929483248,501.8906819218116
Eif3f,697.1705909369205,608.8410967251011
Rad21,697.7520400372478,504.11136411216745
Idh2,701.3027702592797,552.8118651328989
Rad21,704.9152600073375,505.96104085998206
negative_control,705.1306465019227,506.5262819782931
Idh2,706.3297772082165,587.8909142071225
Idh2,710.2900872904579,515.5700701077316
Idh2,711.670675796278,581.8109950331191
Idh2,716.5616162880385,577.9459845135361
Ybx1,721.2953377097015,508.3687597330946
Sec13,721.484259633094,506.9739477351225
Hspa9,721.0276372761125,494.5222591212464
Ckap4,724.4992664358915,517.6783478492391
Eif3f,726.890817239905,520.3830085922357
Ptbp1,728.6934309077667,562.1176057549887
Mrps5,728.9669176966015,480.58548722170906
Ptbp1,731.7966969862391,571.5714558037627
Ptbp1,735.1957939883298,500.5642912704545
Cct5,741.0187524125805,561.2466977922777
Ptbp1,742.1196187674105,547.3230081152703
Idh2,745.051912244043,552.9114376900117
negative_control,757.3605148329351,539.4643685618886
Hspa9,758.8350144743454,597.9990823839975
Ptbp1,766.852723340259,562.629082044864
Ptbp1,773.5538779367544,596.0709580904233
Ptbp1,778.8945188673778,582.4706436337617
Rad21,782.8865815517928,607.8640062625504
Ptbp1,786.8482160289032,593.4305824943449
Mrps5,792.0895194257887,588.9316351685093
Ptbp1,795.4078421800349,597.8234958818853
Eif3f,821.9481815653924,602.0679300863342
Idh2,837.6621443939893,618.1766100564694
Mbd3,379.6703404411773,873.134092828335
Mbd3,398.4226231218231,769.2574684454203
Mbd3,402.7240341140283,849.0367574021525
Gpi1,406.4108931151678,835.0937376588522
Gpi1,411.5358730612812,789.8775966745497
Gpi1,412.34119907889846,784.3008240891184
Gpi1,424.538039459407,868.6785659261257
Gpi1,426.6956725154026,759.0158216693349
Polr2e,427.690912999179,674.3564267366021
Laptm4a,428.8534999375313,827.5680612762352
Sat1,430.4931987786763,780.8452691497769
Sat1,430.8064255179679,838.674346931592
Polr2e,431.50738394174175,672.7339514863245
Gpi1,431.6894116590167,770.533139131088
Gpi1,432.6553179160179,625.4875853372747
Oaf,433.8454656017748,699.7836039282541
Polr2e,434.2565581635239,806.7334761230911
Gpi1,435.2624101297382,691.3036583400433
Gpi1,435.5855566350055,749.6799961851284
Gpi1,440.1601125662111,752.3101006478894
Myh9,439.677095650661,753.9459202046199
negative_control,440.6525291553745,625.6633664322094
Mbd3,444.6982798754592,826.6334964006137
Mbd3,445.1710781286185,854.870689902669
Dpy19l1,445.6092344618095,637.055826785225
Gpi1,444.734055519165,764.9136051499163
Gpi1,446.9434795001141,768.8072081107939
Mdh2,450.4612400294943,706.168909239764
Thy1,449.2787948440056,704.5279861291153
Maged1,450.79124080223033,706.501545253069
negative_control,450.2568586430045,705.1574684211271
Gpi1,451.44116828024136,815.0564643798806
Fus,451.9564746545206,815.110272601514
negative_control,451.548366193361,626.2384388450216
Gpi1,453.021797136885,662.0875114484415
negative_control,453.72742105770544,754.6362730013788
Mbd3,457.5933048844443,586.9093480460492
negative_control,458.10046475046704,783.2403273274633
negative_control,457.1530329512783,783.5465940140498
Gpi1,459.5871115868406,672.9574987711705
Sat1,463.2231183737397,666.9990975848402
Gpi1,462.7826421986785,574.3220192933903
negative_control,462.5136162367742,730.1055799157225
Polr2e,462.95772658532616,728.7436229745049
Prmt1,464.4033472343832,793.0914930277204
Rcn3,469.2938517839503,615.0762640098836
Mbd3,474.2204603042762,827.7575830732956
Gpi1,474.6611074740123,715.8865144670043
Gpi1,478.7977552385439,716.2348913786424
Ssr2,480.2757011707256,660.2420998988613
Fgf7,480.5876454462776,660.6352473977977
Gpi1,481.1389807326176,623.3292328112223
Laptm4a,482.0934184846007,788.1045909618101
Gpi1,486.1418606109683,676.7460742657812
Gpi1,490.1860679906336,700.7990200325985
Gpi1,491.81682304554334,678.960226567169
Gpi1,492.2173172613676,802.270972598539
Hspa8,494.1366305671425,458.8043811801364
negative_control,494.2960851417103,458.6521187310567
Laptm4a,496.9061145084897,630.216773726267
Gpi1,497.5732750296826,668.1746698741515
Gpi1,499.4489868775255,746.959591381281
Rcc2,500.86813279400974,502.9799862371488
Laptm4a,500.1551141057587,643.5688203699781
Gpi1,500.49195947288086,428.557069742911
Polr2e,501.6250638260651,802.6022254853922
Gpi1,501.7957095853647,453.9018548374945
Sat1,502.68553916709214,624.6584987509701
Polr2e,503.77816446931774,535.3722101469958
Gpi1,504.2086071342464,528.2525441314147
Gpi1,505.1983929687823,780.4753097472488
Gpi1,505.6774895256361,466.1305980589507
negative_control,505.6090804767807,743.4125665942811
negative_control,505.610646597728,775.4959875872117
Gpi1,507.1918152844785,428.3669992737984
Sat1,507.4900441486551,538.2905748076774
Polr2e,507.2292849327916,516.7430941430653
Mbd3,510.6397145914551,661.2523728267278
Gpi1,512.4313396597629,800.3117683135117
Mbd3,515.7890464912289,508.481052548559
Laptm4a,516.3044333948105,478.591121313729
Xdh,516.2129168147328,478.6016694821861
Zyx,514.3775585221492,478.763200055684
negative_control,517.92099326737,472.14228905585554
Eif4g2,521.2000775696847,665.8113236400843
negative_control,519.8675547682542,664.7550232570533
Pdia4,527.6273642679695,695.2713912815475
negative_control,527.9717253246911,695.4100359668762
negative_control,527.8221125710767,695.1984222524449
negative_control,530.7471510382688,592.8546606043931
Laptm4a,533.8365609967394,720.0609041553665
Rps15a,534.7693704846134,721.4011860089513
Gpi1,535.5303731190229,595.4741215647938
Mbd3,536.8413757731948,481.9563524860007
Gpi1,540.2748910270706,589.8325231361364
Gpi1,546.9363340866089,468.1554290226237
Lamp1,549.7894837821668,660.0643716520094
Uqcrc1,550.6794055487144,660.4558094390154
Jun,553.0619055265133,602.9005765893188
Polr2e,556.9228004293456,452.96944790042784
Laptm4a,556.8745802049873,483.40082906941103
Gpi1,564.446689551185,679.4049710020854
Gpi1,565.9861703560231,538.9481935106417
Laptm4a,569.3798248309765,663.2378331129471
Mbd3,574.1499666822547,490.0868817960567
Rcn3,579.998345573193,469.650317059296
Srebf2,585.768934702624,503.8172135484545
Sat1,585.8018036992829,503.3108435566776
Sat1,590.42439798135,518.7487869272849
Rcn3,596.6619108470111,588.4783127860441
Lmna,596.337991819745,496.5019952252596
Vim,595.9377466190142,496.55840447059927
Rcn3,597.2665493650704,478.3145014292765
Polr2e,601.7775662885596,549.5630274653756
Rcn3,604.5306759230169,577.4954801210728
negative_control,603.9654456925025,519.7072201067083
Laptm4a,607.1708788853269,649.1560477695155
Gpi1,613.0607703634741,625.5498615127634
Prmt1,614.281124733468,479.2195793872439
Gpi1,617.4602984607475,613.6283130933997
negative_control,623.5295337702769,480.8611493469746
Laptm4a,624.9321158582861,611.2338750031952
Rcn3,626.8138288577552,603.4671631919233
negative_control,626.4836703114318,504.5681266314986
Thy1,630.5584775700569,587.2368072752729
Mbd3,630.7728863104096,587.8590507919313
Gpi1,632.0342253975705,632.1919421101353
Laptm4a,633.1029787357181,593.4443974898049
negative_control,637.0177674881483,553.902450997353
Gpi1,641.4242615427783,542.9532913115597
Lmna,641.4960357570052,565.3640775842432
Gpi1,641.1567579086181,564.7768399086684
Gpi1,648.5400801115723,471.14049589621743
Gpi1,657.0622985970424,600.2621608436914
Gpi1,660.0503150258587,467.80290689937664
Laptm4a,664.2811129490766,521.8796589259288
Ergic1,666.2934901123535,473.198545024918
negative_control,666.6816269679167,473.065883914119
Ptgs1,666.9145302236232,475.0888398061198
Arf1,669.5523360930061,481.9697588057768
Mbd3,676.258916404192,554.2185718139631
negative_control,676.8126211040758,516.4971015383964
Gpi1,677.9424445735121,617.3239830168125
Gpi1,684.2309960894647,479.4461271570945
Laptm4a,689.442532411362,489.1443761364065
Polr2e,689.8116218310755,623.5436084172992
Gpi1,691.6865150367308,515.6731393943062
Polr2e,692.6113191913574,521.3200375704278
negative_control,696.2792276195071,476.1775527086141
Mbd3,699.0297506664515,503.024860085026
Gpi1,707.4059870970817,541.0544351607917
Gpi1,712.5279897652734,559.0263408885409
Polr2e,724.2497234398936,490.3744125596377
Gpi1,724.7802588096506,505.43079681828897
Mbd3,732.5448139497247,564.4240447368279
Cct5,742.5854116147988,530.8133884337652
Sfpq,743.3932482371318,531.5773022829001
Eif3d,743.1055127231969,531.6405255985076
Mbd3,748.823649641695,597.6611960456147
Mbd3,753.7381117581789,603.979761726411
Sat1,782.3654648463934,600.6392541626294
Mbd3,801.0737435270885,571.7584365001596
Mbd3,808.3659521982647,578.5542411569845
Sat1,816.6144070670516,626.232348315263
Gpi1,819.5987824433635,597.776519601372
Mbd3,824.7409914870999,607.8656271325627
Polr2e,836.4681867155059,640.9448915725557
Gpi1,870.3595749872351,695.7479068960213
Vat1,379.4557507139915,869.1291581091104
Rcc2,388.6612378337192,841.0038718101005
Tcp1,412.4854226160883,810.5338999648296
Lmna,413.45143713002216,791.3273193245697
negative_control,413.72877672123496,791.0423220782951
Myh9,416.91108862429655,746.165235654153
negative_control,417.311347637576,767.485689048113
Vat1,421.2371078148335,829.203066018222
negative_control,422.0088708888108,725.1406715750283
Vat1,425.35817992875866,792.6068220982509
negative_control,425.9510785655167,795.7096246417022
Vat1,429.20580722838025,710.5703718253524
Vat1,430.4229672349885,662.817906327323
Vim,431.799138802914,666.1951279360562
Rcc2,430.7225637744805,805.5908357436247
Rcc2,432.18541056258783,674.9966166456311
Rcc2,435.6138503090177,736.3864737758628
Rcc2,436.6559189334139,648.4274514814392
Vat1,437.8309767416401,714.9283662194731
Vat1,438.39984684423735,816.6684254590216
Vat1,438.46264098699726,718.1976498329593
Vat1,439.03138507468174,776.4770765575117
Arf1,439.5943795940581,776.9603298090901
Tcp1,441.85751516329145,673.4001566969014
Rcc2,442.8531622959931,678.5727323339811
Vat1,445.5858195949599,685.3697404399873
Vat1,445.7929903045334,712.8383438356133
Tcp1,449.43847738433055,691.3722506945874
negative_control,448.9673301161456,711.196162770212
Vat1,449.58051462812045,720.1474003174269
negative_control,450.1638540617538,651.6474747170837
negative_control,451.0460263479509,651.2837118915018
Rcc2,450.6247301889501,815.4245731289832
negative_control,451.5835207981983,772.8594123033201
Junb,453.95422336859946,611.4462467990007
Sdc4,455.5354707789418,644.2641557751311
Vat1,454.4038063765876,816.8382488080103
negative_control,455.5568667682978,798.5659513091325
Vat1,455.4862324305089,747.370821912693
Rcc2,462.3685298036622,779.8223205681138
negative_control,462.8247157182832,728.4061997265707
Vat1,463.6172140761325,601.0778470344196
Vat1,464.9472279710442,721.6508034079189
negative_control,467.5842920398711,825.4494561818068
Tcp1,469.1115934613954,854.0100650144559
Rcc2,467.5795722867774,812.0622848916036
Vat1,469.0126026941547,733.0689195220756
Vat1,472.3335265947274,838.1979284133606
Vat1,476.81048811780414,858.4221023823484
Vat1,478.4564821390063,793.1353167847508
Mdh2,482.121824277661,698.2299263991424
Tcp1,484.0497887387704,756.7675992759773
Vat1,484.57390828210646,840.02883975181
Vat1,485.2538916373076,642.4493382629369
Junb,484.72749516787,547.0203206689068
negative_control,484.8474492214482,640.8401315769795
negative_control,486.59856622012114,651.6034519047532
Cited2,487.283567896739,777.7679035083052
Ybx1,487.2127875729758,535.5732384750855
Rcc2,488.6661738171212,570.6780744538858
Csnk2b,490.6914659446113,735.4319053289196
Vat1,493.2822880468418,710.5154939647593
Vat1,494.1349414559214,419.3908243065079
Tcp1,496.755965118687,533.4912138112802
Ywhaq,495.8671638089925,768.586273351149
negative_control,495.3870461631748,767.6509959576415
Rcc2,496.7462612339296,807.2632464549674
Junb,497.9005287790884,451.39752269520704
Rcc2,498.0988587200819,420.1308867867104
Vat1,498.624550852545,459.9233615499432
Ssrp1,503.1293829610036,720.903581328646
Vat1,509.32881452600185,785.3627697526786
Top2a,509.1834284446572,753.4871165260353
Zyx,509.8857993346183,445.2541178763223
Rcc2,511.5484734026829,429.5466854024607
Vat1,512.1141230801147,680.3031840505873
Vat1,512.935829454211,711.6962554528125
Junb,513.519201183005,445.995549328445
Tcp1,517.6082802159951,688.5256744166117
Vat1,518.4744647941332,480.19494453939393
negative_control,520.1513566421071,704.6461648164529
Rcc2,519.2082155193835,705.6667970909424
negative_control,519.1478366808669,530.0432975273209
Junb,519.9147401273055,762.332057730677
Vat1,520.300531495175,766.8758528156777
Rcc2,522.3713614616262,500.61758099282
negative_control,525.0791723661187,672.5513504335993
Cited2,526.4270801366088,532.3379564558288
Junb,532.139672311342,432.93987400912806
negative_control,532.4976931517115,676.9676327202651
Vat1,534.4308332649316,687.3813881001132
Rcc2,533.2932419260424,737.777428823016
Rcc2,538.2878806240576,716.075271900121
Vat1,539.1404486161503,703.0420933121804
Lrrc59,542.2947476904899,468.005051360562
Uba1,541.3471720888192,468.6443457039839
Vat1,547.3503063756323,484.7886987146516
St13,558.1135292553735,689.286730249801
Vat1,557.9912827359353,689.1139758951509
Rpl18a,558.5045370374344,690.4421724613119
Cited2,558.5292170740449,590.6657986696946
Vat1,559.9922296278378,507.9293607514661
Vat1,565.169697409281,484.6075483186034
Vat1,571.6530821563658,570.3105439105366
Vat1,573.539175889943,457.4210758017823
Vat1,577.3732277937418,621.8583022681703
negative_control,579.5353026818213,468.841431107871
Tcp1,584.1450756500448,614.3025462408064
Rcc2,588.8512768416438,473.6103934298408
Vat1,593.1452400791346,660.1277482619288
Tcp1,594.0261540500692,524.0430335923045
Vat1,598.1636802483908,485.1254432063221
Rcc2,601.5220861933158,648.8686399478165
Vat1,604.4243448350865,567.2972341427942
Vat1,604.7533710904329,656.0457154582964
Vat1,605.390484438964,539.194672031219
Vat1,608.4283490130933,462.2732096875199
Ptgs1,608.9676010967811,596.760943315
Vat1,609.8393154949796,625.5693570333237
Rps15a,611.1186212487784,638.917533673115
Vat1,611.1427574996651,640.0783118150462
Sec13,612.4255610434222,482.7445960342776
negative_control,612.4907183229391,482.6698574313928
Ran,612.3374912237384,482.1915316776587
Vat1,611.5925515590857,594.5095701646817
Vat1,615.5590632811159,521.9925426010803
Vat1,619.8914003973318,534.0900666357646
negative_control,626.1438345861789,489.8262719729011
Rcc2,629.0167421307499,540.3105795453205
negative_control,632.6560468557637,495.25349045866886
Rcc2,638.3369470913631,465.92993820657546
Ptgs1,639.8688896096406,488.4072015149709
Vat1,639.4620152076171,593.8253221323496
Rcc2,642.5573979008286,632.2206390649566
Top2a,642.3752927394391,481.0814857647455
Vat1,643.1971350157705,462.5993552307509
Rcc2,645.753861356729,578.1255435231992
negative_control,645.9554450275429,624.2424396777806
Junb,649.5942212200325,494.81792210474606
Tcp1,651.0092710659133,504.46467471992713
Junb,657.4222910337782,486.3967037425044
Tcp1,663.964976420112,621.7850594941776
Rcc2,663.8184101915109,570.0829635234636
Cited2,667.3141497070237,587.4901534986911
Vat1,668.3109376263623,487.4092291548192
Vat1,668.8736132365789,604.7215965480099
Vat1,671.320621595155,472.6514310789199
Vat1,674.4231325396556,607.9611185375647
Rcc2,681.2107274632581,576.3412541586168
Rcc2,684.4046987586457,557.183202851236
Rcc2,685.6219549139195,526.9876405057028
Rcc2,687.5007109919129,596.6896948411036
Vat1,690.6928063868679,484.3363239314253
Vat1,690.9799537187946,494.5545967307554
Vat1,695.5214430318675,556.6631834911908
Vat1,699.2326642428941,485.7581773948229
Vat1,701.807323047865,574.9324720915394
Rcc2,701.9396697869273,476.6403527234685
Vat1,705.5065359703144,546.7383154672823
Junb,708.5497138313472,505.0835055075684
Rcc2,710.827460194988,544.8633757278949
negative_control,722.1467419578014,565.7070874405309
Vat1,723.2989621040454,542.8955247065786
Rcc2,729.9647359097255,491.31821095838194
Rcc2,734.9475554502937,498.80321069066304
Vat1,736.0762212165907,575.2877168270505
Vat1,736.5589662863847,490.7090567137476
Vim,741.8306676902077,576.2403395918159
Clta,743.4139898537675,575.7137366244875
Cited2,742.3835923418551,519.4462444140967
Rcc2,747.1377724281394,552.787147936865
Vat1,747.0492468311069,517.2987717971421
negative_control,751.5283905221941,576.4667396014815
Vat1,750.5472130086856,575.9345469834257
Vat1,751.4985323021533,595.2301739718707
Tcp1,761.9638230534488,519.8203713341345
Tcp1,763.48056929777,564.3311449674669
Junb,777.5357939259013,553.6107644774696
Vat1,781.8526426604196,587.7119197897372
Vat1,799.7110919121742,594.2121993142753
Vat1,824.1420731820197,637.5009416450744
Cited2,832.8023159271206,643.930730613535
Vat1,837.9780264749398,637.1452162496292
Pafah1b3,397.3801175720081,791.0012886576903
Pafah1b3,425.32807005638574,721.9551185702586
Pgrmc1,445.5765610789948,723.4109074640093
Pgrmc1,448.0673864248839,631.3588941989603
Efemp2,451.9769745808593,706.4076780001476
Pgrmc1,452.4404988900202,600.3515134073532
Pgrmc1,456.6461098483365,608.9498978626538
Pgrmc1,459.0055756709135,680.3755649758866
Ergic1,463.2682115867085,837.6374532837685
Ergic1,463.1537566430848,592.1635257674245
Pgrmc1,468.7986277644603,551.7264870493768
Ergic1,469.841913132451,628.1320242042477
Pafah1b3,473.43827010551473,820.5937518699737
Pgrmc1,473.612063908005,646.8238094337448
Pafah1b3,493.391537773961,702.1430379500683
Pgrmc1,495.2158453388933,758.2092690794025
negative_control,497.20443933237885,741.4853331536987
Efemp2,499.0287496144549,717.4855056888925
Efemp2,499.3908070609952,796.4391151291427
Pafah1b3,501.1023992824641,500.1963230665178
Thy1,502.8361898851373,648.0232187373856
negative_control,502.95097278402073,657.208605707207
negative_control,504.2074624381058,415.4896059700295
Pgrmc1,510.4179677480219,597.2770992607192
Pgrmc1,515.7696907018458,648.4748425263587
Pgrmc1,519.3296706476533,684.0560355313013
Ergic1,523.3116479959998,448.3855267607571
Efemp2,528.1674228266454,619.4737718574902
Efemp2,529.1039586159181,678.5340686925913
Ptgs2,528.9036697178084,606.149470029831
Lamp1,535.7427501638911,519.9198167147131
Ergic1,534.7968561361898,519.1734525828165
Efemp2,543.0288495539786,613.4439887161943
Efemp2,550.7059346044621,702.0443537956337
Ergic1,555.6937186807833,465.3220084768875
Pafah1b3,556.6324948559125,595.2476266990984
Maged1,559.4419675359565,498.2867316500328
negative_control,558.5925131649497,498.22085825542325
Ergic1,559.393768809074,498.5760552435964
Efemp2,561.7995629778367,460.4250749141024
Pgrmc1,562.2045313515102,467.1507580306305
Pgrmc1,567.1880006228073,658.8023914076883
Pgrmc1,567.6233219684106,566.8483801033049
Ergic1,570.526011519477,489.2971650293194
Pgrmc1,582.1480283311395,610.8865351795637
Ergic1,584.2686344069486,601.0079401683647
Efemp2,585.4747679277077,471.024327865168
Efemp2,586.4402763711576,618.6380415818555
Ptgs2,592.9435697826891,591.3540520580133
Ergic1,600.5739259159956,480.6257536570087
Pgrmc1,602.5780451084624,544.8534401970769
Ergic1,606.5618494853873,490.4306245841909
Pgrmc1,610.478342051669,502.2945941158947
Pgrmc1,610.9395641292735,518.8522803027759
Ergic1,616.0328824341557,539.3751082484738
Pgrmc1,617.1961839879065,648.1578110671704
Thy1,618.0382769169911,574.7014935245584
Lmna,618.5366786582221,574.8239592997179
negative_control,624.2952660755685,614.8392195344555
Efemp2,625.105985835659,595.1600415973762
Pgrmc1,626.9781720980875,504.1726416413421
Ergic1,626.9694427522791,491.4879020920862
Efemp2,628.6400567076267,538.772151176021
Efemp2,636.8698520232954,521.8512387571942
Efemp2,641.3418127875842,500.7609432170466
Pgrmc1,644.177896232693,571.428061527222
Ergic1,647.6459187187648,496.49659691622014
negative_control,650.5717649439546,594.951274355815
Ptgs1,657.4717111650284,611.2370246296173
Hspa8,659.6926622342845,535.1082098872362
Ergic1,659.707139507891,534.7824012701794
Ergic1,662.4532748530893,579.3028658451142
Ergic1,669.7676466371206,525.9802308354101
Efemp2,673.438245549667,607.9596491595516
Efemp2,675.0648145890569,621.5251019436048
negative_control,679.835571734069,466.6116092706608
Efemp2,682.4337628325451,505.7529962477341
Pafah1b3,690.674552540739,517.7847820208309
Pgrmc1,733.0450833762228,532.5373861013422
Pafah1b3,736.8989312330168,502.52617130995446
Pafah1b3,767.0782194227774,578.4581343484635
Efemp2,770.028827342513,516.5434352891709
Pafah1b3,821.1268980229922,599.971223961104
Hspa8,369.3285688825888,853.8368670063845
Txn2,373.4233734541348,865.8062230503933
Hspa8,380.4532857830881,861.7330514694487
Hspa8,383.54094781595705,817.1564586805097
Hspa8,384.4355433598902,822.3652097439683
Hspa8,396.5284657722451,770.7400942609898
Mrfap1,398.4826868253042,795.889650124729
Hspa8,400.6453694695432,789.7773862996031
Paics,401.1106934317895,790.0283494324501
Txn2,400.5806241261766,770.7433921438272
Raly,401.9563416703204,781.1401163094903
Hspa8,403.13938062177,884.0397252488008
Rnf11,402.6249982872127,883.3590468764191
Mrfap1,406.0862584577001,824.8004407068998
Hspa8,406.4891063249318,755.6063597471682
Hspa8,406.8896627758233,794.9266030006701
Hspa8,409.29722261158736,761.7134062033001
Mrfap1,409.25359689844015,883.5737725474289
Vim,410.3322016385904,738.2730786097939
Hspa8,411.6394370032849,796.4726626955593
Hspa8,413.9411735845802,892.6774716442796
Hspa8,414.7106424176463,767.8594275391297
Hspa8,416.1307247008156,746.3181513120189
Txn2,416.21911652187873,737.792626972781
Hspa8,416.4612279717992,883.0195647112853
Hspa8,417.651880150427,754.3317169172826
Mrfap1,417.7740231185598,777.2399405541496
Hspa8,419.269943155837,816.881907053314
Hspa8,421.5840155034669,821.7146615467359
Hspa8,423.8348352880441,794.0784476329303
Hspa8,427.09920237871177,843.8290351196231
Hspa8,427.2606287018098,850.3643636765273
Txn2,428.1338885537928,675.8166507882055
Raly,428.1261845580676,860.3951366963643
Raly,429.4661396656636,677.7415449683199
Hspa8,429.6113782673084,874.2323147498836
Mrfap1,430.868750166062,876.3816952404203
Ercc1,433.186123731583,841.0010322787093
Mrfap1,433.20449503010974,846.6679771846455
Puf60,434.6388606161771,628.0862812670846
Ppp2r1a,433.9723467361558,627.6973916039299
Hspa8,433.4556071054448,819.7430269878603
Hspa8,435.5450579776413,637.8693344048157
negative_control,436.0258286897547,717.6108503577352
Hspa8,436.3266866722029,763.0018888206098
Hspa8,437.6352962774346,808.2193391723002
Mrfap1,438.3185721835009,833.1002543628894
Raly,438.1884030146702,642.1621165864988
Mrfap1,438.5602493724898,723.4371616765362
Mrfap1,439.3697135199351,799.3544926558362
Vim,439.20549919323054,621.4203542154214
negative_control,441.0991856690464,753.6305525733654
negative_control,440.8455672434861,753.5223063182796
Hspa8,441.6459377648135,846.2248726763619
Hspa8,442.1494340183504,801.9709092487711
Lmna,443.3561217950963,771.653907425934
Mrpl17,443.3482565002896,772.7795743402105
negative_control,441.3530804632624,678.8580837108198
Hspa8,443.5819193920263,741.5704060420082
Hspa8,443.6785396762796,830.4550507876183
Hspa8,444.1799323532046,689.4604565473164
Oaf,444.9280094295807,666.289062135693
Hspa8,445.6019870736448,871.4994064919063
Oaf,446.9376212770027,625.9623469893115
Hspa8,447.652016211486,820.668752020933
negative_control,447.52000441385127,686.0040347768436
Hspa8,447.87648521578535,604.2568910427939
negative_control,447.5759935662915,772.0914485730567
Hspa8,449.388844270494,599.3348531927911
Hspa8,450.8485446559,624.7098458851207
Hspa8,452.1370647183873,831.8211332767507
Hspa8,453.35892635939695,657.2877337152975
negative_control,453.36325493312097,681.4722355532517
Hspa8,454.3601832973207,672.5881896433373
Hspa8,455.0034955820543,801.6944680695096
Raly,454.9222543648882,787.8585111991779
Hspa8,454.904852018095,625.0507400536935
Gsto1,454.5285184465297,624.1125910516344
Hspa8,455.7798136776089,679.9932559498345
Mrfap1,456.8376960067623,589.5615511046399
Mrfap1,456.9841001532519,686.5392823358752
Hspa8,458.34847764792863,842.8175356567191
Hspa8,458.6722506176592,863.6911203594134
Oaf,459.5163356635487,641.1945169102294
negative_control,460.4261928849872,628.0694980031703
Gsto1,459.0405729069208,629.1040125504082
Hspa8,460.2896284509106,784.2015018797952
Hspa8,460.4604118616461,792.9012383435027
Oaf,460.6492643632454,606.9942924430284
Hspa8,461.00989691306427,646.6983109764094
Txn2,462.1347878932005,713.2791103259865
Hspa8,461.7197769087717,629.479208953419
Mrfap1,462.3014114602077,815.3944450998594
Hspa8,462.545169469984,740.2141566461653
Oaf,467.3330732477568,571.5978637947187
Hspa8,469.0396801729533,668.9546247340458
Hspa8,470.7073531221452,623.7890933809776
Raly,470.5928711452323,578.9899347299016
negative_control,469.9007523823238,664.0366697455938
Hspa8,472.2188131673765,708.9729533455283
negative_control,472.1504862849464,721.6221545903543
Hspa8,472.8948469431353,562.2633199979692
Hspa8,473.7182823662037,572.6948212578812
Oaf,473.9625687252646,549.9384606392983
Txn2,476.0706505683354,573.085413362201
Thy1,474.1080478603878,665.1420813720179
Hspa8,476.242125774044,718.1571832813025
Sfpq,477.60343480884046,824.6226062819158
Mrfap1,476.99640732082537,812.8436479994707
Hspa8,477.580123685255,640.1480430204604
Raly,481.8277513786133,715.5736103053423
Hspa8,482.71781163894593,754.0569311877518
Hspa8,486.5799540841162,790.8086131475186
Hspa8,488.6287211450014,434.8648698769443
Hspa8,490.9072024564903,691.5399681542466
Oaf,491.7319071894023,578.2701351286687
Hspa8,493.0492209382323,430.9791522724576
Hspa8,493.35783713800646,426.221394818378
Mrfap1,493.1779209045984,543.1391000848256
Ybx1,493.684292703456,785.1043802308307
Txn2,493.76913173049,783.4640281230854
Mrfap1,493.7151980328186,772.1074861387623
Mrfap1,494.3161528304946,805.5284526653472
Mrfap1,494.9047804004229,665.572446341811
Hspa8,495.4665528014253,584.7823691091331
Rbbp7,495.874416697793,775.4483675739784
Hspa8,496.11445495368224,534.5842572138787
Mrfap1,496.66137935668,431.1483368610741
Raly,496.7315022377725,737.0841630959071
Hspa8,497.0999701733157,744.162938764397
Hspa8,497.79661354141103,463.0457373829927
Ercc1,497.7566449712707,720.6517259209783
Oaf,498.4854865851469,539.1699984152345
Mrfap1,498.8024014964281,831.4396434583501
negative_control,500.1559532027508,754.0421812743957
Hspa8,499.9634587140882,818.8432385200406
negative_control,500.71457467737787,782.0107437588516
Hspa8,501.28519840140245,430.1348640490134
Csnk1a1,502.4181230711565,744.1696321980324
Cct5,503.27035636520833,723.1650682648685
Xdh,503.90064724506107,723.9440087505554
Hspa8,503.96905691288265,463.5502538773147
Mrfap1,503.9433708334341,737.6335157610031
Gsto1,507.0033646963163,414.3691194930837
negative_control,506.41281108719227,750.5891543165491
Txn2,506.5667213654176,773.6706997745168
Hspa8,508.735942677308,446.7618141887649
Rpl15,509.7320187480311,682.1599839690618
Hspa8,508.85189350112194,454.8607864716385
Ercc1,509.1953254261721,527.3884641831969
Hspa8,509.0312147858047,470.968175012203
Oaf,510.9385734147253,499.1693739658921
Raly,510.2823861253405,412.7970414313592
negative_control,510.8339828425098,439.8700586667341
Csnk2b,511.1978831290651,491.2642830376404
Rps15a,510.81871184171575,719.4175578672382
negative_control,510.8524405954242,720.8625129124222
Hspa8,512.7633536256049,768.4063937194452
Hspa8,512.4597702968368,443.9564012090472
Ercc1,513.2643928770108,793.9884888953569
Raly,513.6966609888261,465.03088301117657
Mrfap1,514.112669753529,483.858536718621
Oaf,514.6314941457487,487.4617663145016
Hspa8,516.236233950788,774.5869774707588
Hspa8,518.221691605577,516.0385124569958
negative_control,518.5678581300327,655.4388522003865
Lamp1,518.099025450777,653.9050142961946
Oaf,520.0629733898,525.3273252987875
Mrfap1,521.4542946426332,472.8141631794596
Hspa8,521.7459380422688,469.0125072532399
Hspa8,522.9656136729471,475.2708523429865
Mrfap1,523.460783887411,453.7919856153612
negative_control,523.2360795979645,737.3500590024956
Mrfap1,524.1443781870915,737.7310630512709
Hspa8,526.4386735006268,562.2175068829704
Hspa8,527.6229696462871,748.1661973020523
Rpl18a,526.7098399986178,747.222842962135
Mrfap1,527.2399810858635,476.6113022690349
Hspa8,528.1220471439311,489.8336727095619
Hspa8,528.8810148065695,651.376357896366
Hspa8,529.8498880180734,441.23155087563816
Hspa8,529.9876427755919,444.1414405053847
Raly,532.2208447057276,462.9356630231189
negative_control,532.6496653146296,447.11437520679306
Ercc1,533.0937040425736,728.6784118954815
Vim,536.1246635590605,687.881668576128
Oaf,537.6026807213062,598.0601963461693
Hspa8,538.7553772931356,650.9751043432582
Oaf,539.412293980055,497.32653215074606
Hspa8,540.0752473242111,702.4428625311982
Mrpl15,540.831194299186,664.1997204990225
Hspa8,541.615204989814,450.47090896816
Zyx,540.4052955407727,450.30593275029776
Oaf,546.2344304804723,705.9687448480439
Ctbp1,546.9694221256282,706.0309830936051
Grina,546.04157289088,706.3324964046684
Hspa8,545.8483304448744,713.3910287015273
Tbrg1,546.6139864021919,453.64053096234943
Hspa8,550.0735321490055,666.8325970463226
Hspa8,552.0295565412899,447.21359467393705
Hspa8,553.5892699234918,535.2356031488196
Hspa8,553.6415096570704,588.2246455703099
Hspa8,554.0724299275461,671.9507809284527
Hspa8,554.6233690284687,646.8046403808884
Raly,555.2219156397368,614.1962404219341
Mrpl15,558.1004675195038,502.3621381928847
Mrfap1,557.9562586136966,484.4702006352944
Hspa8,559.5167205995114,456.87505602392304
Oaf,562.6294729021947,571.3290339661401
Hspa8,563.0510706574069,533.6025939338731
Oaf,568.3350468444138,543.3759703013623
negative_control,568.7172091749989,472.5635814511156
Hspa8,569.5558127925019,628.5961500912659
Hspa8,571.2517387863387,604.7813686588402
negative_control,571.6399324375423,665.4973646845611
Hspa8,573.1827957883132,498.9693369225311
Hspa8,574.5266861620362,490.4361686545061
negative_control,576.2908243902855,636.7271410542437
Hspa8,576.9247018765792,637.8779494607663
Mrfap1,577.9650512109263,467.0277013115685
Hspa8,578.261800071187,555.058418701111
Oaf,578.9295845596232,564.2406367773136
Hspa8,579.8389730172495,488.0179995373146
Mrfap1,580.5413730590493,627.0126533308544
Oaf,582.12067240206,583.7158349878988
Oaf,583.2909248009449,471.3715089769548
Mrfap1,584.3579025701315,603.904613609911
Hspa8,584.6307228946275,506.2198095430922
Hspa8,586.8081378484084,644.3930652040318
Hspa8,586.8707553208328,452.13123073453727
Hspa8,587.8562694789983,606.9606775092008
Hspa8,589.0002348197442,626.1091818527284
Hspa8,594.0461186005008,661.5712477784473
Mrpl15,596.7022412285526,456.5937132053481
Mrfap1,598.2769239363864,525.5472977419676
Hspa8,599.8266929019426,566.4205873277193
Cct5,606.8795990832124,496.993097597218
Mrfap1,607.7543997774915,498.19021060596833
Mrfap1,608.7997129529015,613.6144699727511
Hspa8,612.2402364083488,557.029012683324
Hspa8,612.4030892671617,617.9726564928696
Hspa8,613.7037433446709,609.7356934564642
Cct5,613.934589781796,609.9449446788236
negative_control,614.6371849201623,609.5466915469801
Raly,615.8892692067958,474.55516916872114
Ercc1,616.5122286931789,560.7961144733678
Raly,617.9093741708053,536.1720911199474
Hspa8,618.8702481542039,619.7132856368353
Oaf,620.6015576346731,555.9033189466012
Mrfap1,624.3470392705927,471.0464254654898
Raly,625.1696434504815,628.2189985451269
Mrfap1,628.0757106102521,624.0396611350272
Hspa8,627.2875395451681,541.4386674022489
Hspa8,629.8498968088769,523.4373887596014
Ercc1,630.2175903301157,512.3252445620109
Ercc1,631.0502178390925,624.0896673888748
Hspa8,630.7422450144013,563.64171337348
Nucb1,631.2504992830637,494.81282010700977
Hspa8,631.4659322735091,583.4972988542122
Oaf,633.1471857109378,584.3386678279642
Hspa8,632.4354202110695,559.9212043490278
Hspa8,632.3092717549033,606.7271453790235
Oaf,636.9145911945925,543.3212263482245
Raly,636.3521845526742,588.2530201063594
Hspa8,636.5954775062746,488.9932524703405
Hspa8,638.4394790407853,512.6782785140006
Sdc4,637.236175031099,512.106194766026
Hspa8,639.872429258662,624.1486703385701
Hspa8,640.661778422373,612.2494626210671
Hspa8,641.5083401854627,565.755910610296
Slc25a1,642.9935797377916,522.0400222076195
Hspa8,641.4356128221302,521.0681843190328
negative_control,646.673456532963,527.6273713846821
Mrfap1,649.9830788049308,620.2886498343272
Mrfap1,650.2660662328465,508.2181910430169
negative_control,650.538637524625,507.73973649186
Sf3b2,652.2666912323843,615.1442917808456
Hspa8,652.8489282222333,575.7744334286742
Hspa8,653.2359030043477,546.8854107033624
Oaf,652.9610017964562,535.690398142865
Hspa8,653.7022472758078,480.1182012403538
Mrfap1,653.7862244345188,506.8744592917189
Txn2,655.0554732794469,512.9926457660586
Vim,655.2085994682757,560.3313382634005
Hspa8,657.4031385056494,517.3563441914084
Paics,657.0079300727656,518.4334237424532
Mrpl37,657.7254393799951,517.4276813418969
Mrfap1,657.5650335338787,526.7902519528889
Ercc1,658.7038202023082,540.5613907151792
Hspa8,659.8138030888683,557.4612192847301
negative_control,662.257410076751,552.9823755336099
Hspa8,664.6317955092768,601.4230204219425
Hspa8,665.535690485656,464.6704650739198
Ercc1,665.8376899641494,591.5334639910834
Hspa8,664.8445117634435,481.55208216463024
negative_control,666.2524095603742,538.9264093451682
Hspa8,666.8672628171331,617.9921164057947
Hspa8,669.659125485748,593.9843009762709
Hspa8,669.9216424274089,540.5335666736255
negative_control,671.4303451897073,572.7310369321168
Lmna,669.9431513469885,573.8740306331367
Mrfap1,671.3670756571225,587.6251834952014
Oaf,674.3301036072328,552.5559624795054
negative_control,675.6708310412837,548.1222204919776
Hspa8,676.4774863582079,559.6941513611491
Vim,677.688331186527,501.9182709650447
Hspa8,677.7519722563334,505.23283465664304
Hspa8,677.980614877152,565.3822050316
Mrfap1,678.5496169661656,584.2430746833004
Mrfap1,682.4624803022659,502.0847653224835
Oaf,682.85885893777,480.6148374477405
Hspa8,683.235628265857,536.1594704636848
Oaf,685.453555456429,517.6453686557926
Vim,688.6728920620471,469.0170106666703
Sdc4,687.2932521315432,468.69567245068913
Hspa8,687.0940914144219,505.6915565665793
Arf1,688.0938426058744,505.9631221135247
Hspa8,687.4079123669903,596.3650125418036
Hspa8,687.3548920476908,535.8843603919997
Hspa8,688.7211759284847,539.5166566375933
Mrfap1,689.5011335165977,598.6433774069751
Oaf,693.5385185151888,491.73231532623726
Hspa8,693.6502198108727,597.4707632391728
Mrfap1,695.844861897457,610.2926549968189
Raly,696.9443587012893,626.0158882535035
Hspa8,697.8829578366947,555.9327976959888
Hspa8,697.3243313040158,533.2092428939287
Mrfap1,698.0915759338759,541.7193238210965
Hspa8,698.9064012111144,549.076543053438
Raly,700.2017705519073,479.95019246120296
Mrpl15,701.9348516119006,630.9043522170494
Oaf,702.8671302200016,569.45623755507
Txn2,702.7497883050943,615.1267308491658
Oaf,702.9518725713554,470.2840002696375
Hspa8,703.9279291410847,539.9189264525808
Vim,704.066374424558,491.27424066574446
Txn2,704.8840227218616,506.7174709256734
Hspa8,713.4470221702813,551.6788017321229
Txn2,713.3434323240607,568.5919462738855
Hspa8,725.6562613626037,488.3251216357869
Hspa8,726.7800442922648,540.5361739784485
Mrfap1,727.4776164165739,579.2042268526018
Sdc4,730.2815171072108,482.02364047648
Rbm3,729.5891464827359,481.7131971548973
Mrfap1,730.3910712003858,488.7189526247632
Hspa8,732.2486481950518,571.0570299164194
negative_control,732.2212868285533,520.3970451905037
Mrfap1,733.2869634975717,548.4067061656251
Mrfap1,733.9804026312811,541.9244199064005
Mrfap1,738.4158808935002,556.9349095326975
Mrfap1,739.1193595083921,497.30204856227897
Raly,739.3285145862487,582.7066915938885
Ercc1,747.0664830064877,536.9564739945865
Mrfap1,749.7599035083413,551.2703104608548
Hspa8,751.624504194423,532.3652284602821
Hspa8,752.1247867404693,585.6653154807731
Hspa8,757.5741020206698,585.0812889779669
Mrfap1,772.5291647341666,582.2707694304424
Hspa8,777.1693754401464,568.5123601581541
Hspa8,795.8885594666883,588.2115635843154
Raly,815.4635780780698,623.2464135802072
Raly,816.2755551112643,617.0713153979485
Raly,819.5299633931761,594.9603183020218
Mrfap1,836.1646357397175,615.2796132781755
Raly,846.9413011125635,647.9926791332056
Mrfap1,868.819128972711,646.5249006132779
Hspa8,888.2625846847056,710.7838469688043
Idh3g,378.1234773462692,846.3809391466966
Idh3g,401.9710681013729,787.8501490949957
Zyx,406.4993382935502,809.7940995051899
negative_control,410.8498575265264,803.9396361081883
negative_control,411.8729868494253,803.5059735724401
Rars,410.8258051711287,807.2685588648615
Sf3b2,410.4966241261949,806.7089478556152
Lmna,411.9405624252007,784.216604141624
Cebpd,412.1348619850779,780.4200425630723
Lmna,413.1251216347748,759.8323744712146
Lmna,417.9742685982676,834.2199426818828
Zyx,419.16320487572335,767.2108104664771
Lmna,418.8384776253353,727.3358051546959
Zyx,420.6029453970796,839.6281820733898
Lmna,423.4058556554948,812.888280984704
Zyx,423.9436342368297,863.8162770730917
negative_control,426.4075445154448,762.490493124045
Lmna,426.9336757667965,772.5752961743386
St13,428.5269405819852,771.9934532434073
Lmna,428.4609255890822,812.6325120088236
Zyx,428.5431058676848,701.2248101029711
Zyx,434.20186323442425,624.6275499720998
Lmna,436.04854088205417,755.791484402825
Lmna,436.2705054344504,630.1507270130296
Lmna,441.3677099428495,650.1199515058418
Lmna,442.5069986338435,869.3575381683622
St13,443.4732335842794,811.2088249725173
Zyx,443.4249084777539,811.6044825043687
negative_control,443.6120421008516,812.350124199054
Gsto1,443.0742614453604,811.1075001943594
Zyx,446.1199948459823,811.924293954122
Zyx,445.8096881175993,881.5655391947971
Cebpd,448.92985811132,810.0909376164041
Rars,449.6965450420981,694.1336800883787
Lmna,449.8658676238607,815.4828575355336
Zyx,450.2108714693139,704.8457957840911
Zyx,452.53676717635767,717.3365158038912
Lmna,455.6164971961605,805.2638967186007
Zyx,457.3542203924918,723.9427498375222
Zyx,458.9380365035708,837.5422828636047
Lmna,464.61230103793326,804.9650360881661
Lmna,465.7764906326768,626.012923360906
negative_control,466.3888142278414,738.0620227432762
Lmna,467.2284901981102,757.2532833748164
Lmna,468.3154142726567,818.2879521265502
Rars,468.3312777082786,795.8809107198655
Rars,471.62025911681445,866.7268752781667
Lmna,476.0340948253479,555.6815911196124
Lmna,476.5151860255884,680.348389873361
Zyx,476.64959013799273,552.2628487312069
Thy1,475.867182656346,552.6774690246369
negative_control,476.3693638971863,686.509958499654
negative_control,478.1202323066638,671.7071239740471
Zyx,483.3961331195961,819.9650785735166
negative_control,482.9651814992636,806.0338872772276
Lmna,485.2802279748415,589.3213430197533
Zyx,490.4193666669357,493.35558138531337
Lmna,493.6357111877453,799.0909758269124
Rars,494.0827403777544,717.6202667140643
Zyx,494.53804779770337,748.6821110015944
Lmna,494.78769779629306,789.344276325316
Lmna,494.914339517977,447.5071007095248
Zyx,497.6028989766195,704.6400487626383
negative_control,497.5837565345224,656.1450099948904
Jun,498.2299204729133,537.3386548271486
Zyx,498.8095171408447,814.6127084360083
negative_control,498.3062405419624,492.5924446174668
Lmna,499.8980221117957,792.0960892984265
Idh3g,500.242365558639,733.6764955862498
negative_control,504.7652454076276,655.584416763887
Zyx,506.1026229892825,475.1181867918615
Lmna,508.6056007143005,449.8156907475292
Lmna,509.9916894750146,750.1035591239253
Rars,512.9007612385371,643.4728178415917
Jun,512.5485129937794,474.9774540728729
Rars,513.2141671032582,446.8064672902155
negative_control,514.0813648497307,720.7208536666975
Lmna,518.4032683935009,523.2220390102894
Rars,520.471446471298,446.6622907944858
Lmna,524.0152702698535,444.3771491999442
Jun,528.6529375693311,466.19130202920337
negative_control,529.5055944130331,505.606143679876
Jun,530.7714011562914,447.2050194097697
Lmna,532.0866176048546,515.232085055215
Zyx,533.2817691993425,657.8326799139077
Zyx,534.5373612784942,484.1316811003212
negative_control,534.3433987507234,719.7650144367731
Lmna,537.2348696584036,435.9618853947421
Lmna,546.5793359550703,494.8541481186908
Lmna,551.1720397278688,519.7551607646093
Lmna,555.4770738079991,447.0577713728953
Jun,555.839399669868,551.50600827444
Lmna,558.3315148280242,667.3227519419903
Cebpd,560.5553006303594,562.5333972894722
Cebpd,561.0167714321531,568.1332578028862
Idh3g,561.1450641689831,654.7190959964556
Cebpd,563.4828592702967,492.5685022953693
Vim,565.7879154530979,612.9418175171857
Lamp1,566.2990251795361,614.2258297456528
Lmna,565.0468010933071,613.0040751987606
Lmna,564.8849159105055,464.2340105427687
Jun,567.4154402282815,539.5040683017413
Jun,567.2759752463303,460.15225775927945
Jun,572.6939861731527,531.8128789759077
Zyx,575.2633491710726,630.5558482384681
Cebpd,576.470549627287,574.8078339008749
Lmna,577.0978851962641,512.3150258224774
Idh3g,578.8455131804737,591.277918651097
Lmna,581.6160449437609,597.6156829253985
Zyx,582.8695413646387,521.1095889737724
Jun,583.5542376395388,527.5860065745344
negative_control,590.7178956866126,602.961175501223
Lmna,595.6494931632259,456.13143020782695
Lmna,597.5207761737504,538.8529353315844
Lmna,601.5308265084703,627.3278067185245
Lmna,604.0258645086351,463.5197961640571
Lmna,609.4554387561791,538.3709938187895
Zyx,610.9039727505303,503.901528291128
negative_control,615.7992715205442,618.8599931031973
Lmna,616.7135567703938,493.5897214049586
Lmna,616.792238796537,477.8892823062128
Zyx,616.7555045179072,562.3552608704077
Lmna,618.0105228606411,648.8446315707945
Zyx,621.1528186857615,623.543337906667
Jun,622.6486224635265,633.9197254907292
Lmna,622.798991707741,472.9294154389439
Rars,629.1663364068033,576.3489913626371
Lmna,632.4647924542326,583.2428544006498
Lmna,633.1015696137678,622.5402627611106
Jun,635.4970808720341,553.1160722171645
Paics,636.3796666213091,530.1353592052691
Cebpd,636.3645211359399,580.5738583024095
Rars,640.2790810900557,637.2213925561099
Rars,641.5370390106062,490.1353382601216
Zyx,642.0736604659032,496.43006671509977
Zyx,644.3391961662702,460.93842185049726
Rars,647.0800582148606,568.8003334440713
Lmna,649.3942454780713,466.60658463377627
Rars,649.9262588854175,621.8934122120352
Lmna,653.1786824048777,519.5226039501185
Cebpd,655.4325744527508,485.22927256810175
Rars,656.9600445168921,545.4688821444139
Cebpd,661.1630894015988,534.2644482399339
Lmna,661.0584288976831,562.4906408378614
Lmna,662.0235591939163,600.6674240805319
Lmna,662.7118908635962,596.3236374847552
Zyx,663.7985153411645,489.53392423667407
Lmna,666.2671125748222,575.1462432731498
Zyx,666.2875276270196,484.8108701064221
Lmna,666.9777054195495,496.12739479975306
Lmna,668.1093669719983,479.09470717847546
Zyx,670.2797432335765,467.7083544408309
negative_control,671.844586512578,530.4388142537571
Jun,674.1510354697696,514.1955174498408
Zyx,675.6087267780431,603.1442544296154
Jun,675.3588218012623,588.643140077948
Hdgf,679.6818613586929,591.3191010317462
Lmna,678.7481818674662,598.303748701027
Lmna,680.3360396680233,606.3978113287623
Idh3g,681.3405761184437,563.3226657088367
Zyx,684.5435223636441,585.5606471530187
Lmna,684.5114331336576,531.8887765864808
Zyx,684.4096242858018,520.3221459830149
Cebpd,684.38972081622,500.96868937896494
Lmna,685.1095468352993,510.8527612714881
Zyx,690.3772759251132,489.2836816966634
Zyx,693.6012165849186,472.6099185470956
Zyx,694.4030535375832,485.5168376764725
Lmna,695.0723083441262,525.0262015489036
Cebpd,696.2924634591484,595.8734133631168
Lmna,697.1134753509718,508.6728920967795
Zyx,697.162186784338,560.4740155062634
Jun,700.2407146576352,535.8047731438959
Zyx,701.4347453167595,559.4777237791818
Lmna,701.2032637129918,483.14274848639815
Zyx,704.1279946674388,535.8888036273657
Lmna,705.736294163865,560.2272522611584
Zyx,706.7340164732325,500.0956873408504
negative_control,710.4974384495656,514.5790384813273
Zyx,710.894723261664,527.0644854400525
Zyx,716.7643351200045,481.0447409436835
Lmna,716.7528796810993,472.5077509114709
Lmna,719.1299366212123,501.7281098700476
Zyx,719.5848014778419,580.2834252355957
Lmna,721.0797484899547,495.95955596096337
Zyx,720.7888964109709,555.346456800072
Lmna,721.2608949298043,474.5289451283378
Zyx,722.4112740160052,503.3945110581568
Lmna,725.4403980320136,545.2998053541424
Zyx,727.7377999932,556.9265641812844
Rars,729.4575436521192,538.538483907063
Zyx,729.6322999340103,509.6109140292855
Zyx,730.5751592816289,554.3689642322881
Lmna,731.6820959254347,490.779720781496
Zyx,732.4500056077172,542.4998066018302
Zyx,732.896237752668,576.8472845215496
Zyx,739.8121524357889,549.4663425033045
Lmna,741.0930268316941,545.7866953115891
Zyx,742.7031792851863,584.681143194294
Idh3g,746.572957306249,521.4719836181888
Lmna,748.8314491166262,516.094560939905
Cebpd,749.0884815597899,494.85411111041583
Zyx,749.5664992485454,574.1629573455867
Zyx,750.293070432029,563.3504826446833
Zyx,752.1899565792631,589.7342530614716
Zyx,753.5718026891425,568.6223402675125
Lmna,756.9473770339231,533.441418664856
Zyx,758.1644901243767,519.3832426464536
Rpl15,757.7578435796066,519.3661091036473
Myh9,759.1799316728467,553.2152007421076
Zyx,763.7689705969431,576.7700936454605
Zyx,775.1206385060351,589.3843730562205
Zyx,775.1007832355655,560.2539823726734
Lmna,779.5536089543539,599.300761935512
Zyx,780.3566997424848,585.0761660539627
Zyx,786.4926789283492,597.6746388354601
Lmna,792.1807153084683,588.1082752045265
Lmna,793.3485218962089,576.31766838583
Zyx,808.8994856157298,588.0514997548482
Rars,815.6140091577312,589.0296402419433
Zyx,839.2836709391064,640.7211866785387
Zyx,860.1420274494421,662.1703585586173
Zyx,871.7998157808986,640.9818719517804
Hdgf,397.80880774909343,879.5828300914868
Hdgf,398.60188501236513,834.035565624094
Nr2f2,403.7007657635542,874.3812966264238
Msn,406.9481726028732,812.9436008676502
Msn,407.1952359893811,881.4994858806135
Msn,410.2222522338908,860.8793537109646
Vim,411.8157153467472,786.1538935502995
Ddx17,411.8924860008314,787.1618933249206
Hdgf,412.980010806548,882.9464999878494
Hnrnpul1,412.5491078986951,813.4122114275507
Ubxn1,418.4218538508293,787.6197691142306
Rpl15,419.3028640412056,847.4417802786177
Nr2f2,420.2455958508188,847.9074748304467
Hdgf,425.2015342471276,662.4048844845
Hdgf,427.3561923299735,867.8783206316039
Msn,428.8974354405513,737.203894943643
Hdgf,428.7999257721525,672.0431285449936
Hdgf,430.6295406958267,836.320371137985
Ubxn1,430.5419252833098,705.910002346401
Eif3d,431.49580185550747,814.1405171688564
Rps6ka3,430.9119774169163,813.1908422389095
Eif3d,433.2222693487861,639.8149079768864
Hdgf,433.764337206364,869.29584787211
Hdgf,433.7007341425727,661.2230607843547
Hdgf,436.1806584552886,745.2447549999408
negative_control,435.766296859729,684.3617317195041
Msn,437.84501184101487,808.6628486386575
Thy1,438.4079227401476,709.8468796865
Tmed9,446.4739731641523,660.8592490075109
Tomm40,446.33218621591374,860.9297570127678
negative_control,448.8006525410078,671.5009071735744
Msn,453.9089455612591,623.4822717467424
negative_control,454.5255655867991,610.9050057802123
Msn,456.1617325392471,809.9265933396441
negative_control,456.4000314653768,734.2580706255258
Hdgf,457.9370056886193,839.6323684407271
Hdgf,457.0455477988445,816.2276011769293
negative_control,458.3939384015731,687.6006198513439
Msn,459.19739825712657,626.4064339519086
Vim,461.5731343885976,777.6187633585407
Tomm40,461.3907870436559,743.714226738186
Hdgf,463.3581239314122,866.952483995356
Hdgf,464.1581126607866,690.2540660642768
Ubxn1,463.9287146558646,612.8754167414543
Msn,466.7259910942638,796.5220090382152
Msn,466.8797657661964,851.7116799743302
Hdgf,468.4243199417243,772.7453827215988
Hdgf,470.2577422176991,834.7665920791509
negative_control,469.92726892373855,673.9833825871679
Hdgf,469.81998871606834,752.7775866409772
Hdgf,471.0234886266421,662.8952290974934
Hdgf,473.5739596342341,564.2178634812662
Ubxn1,477.02560521345777,701.4568078615664
Ybx1,476.3273156395486,700.9503209863651
Ubxn1,480.7349265235373,840.6646511429317
Rbm3,480.9398938411312,752.6339665285475
Ybx1,484.6102247828528,705.0700148003641
Pdha1,485.1521896111447,704.1694736672888
Msn,485.27091123699387,807.8918661412847
Tomm40,485.9145722990922,623.9786304925248
Tomm40,486.1604775410026,773.3550292754193
Psmd4,486.0758807763781,425.5084511256068
Nr2f2,487.306216024158,787.1571442472632
Hdgf,492.9044070900162,669.1018608874473
Hdgf,493.6451667988373,773.510991421785
Hdgf,493.6797134620118,767.9903989729173
negative_control,493.9971187286564,490.79484965785446
negative_control,499.01124533163977,743.1534581292192
Ubxn1,499.49519386136666,757.5290984611742
Tomm40,499.76140530234136,575.9679113042376
Sec13,500.60444878022247,703.4388979529579
Gsto1,501.1420460390947,702.2570964185899
Tomm40,504.2518769427817,433.9207759381333
Ubxn1,504.6651073573085,651.1697877663763
Hdgf,505.2164812294983,487.48330099142447
Hdgf,506.5299388401483,802.9233097648848
Msn,507.0768344509792,494.3558324128319
Nr2f2,506.89448477933183,628.437009727942
Msn,508.1606973893501,444.7718262792033
Hdgf,508.80867989134265,421.58131498584993
Msn,508.47776702123394,414.5651610630137
Hdgf,510.8881698176272,686.4489529333682
Msn,511.8695094024032,752.1555142056437
Fkbp4,511.8149613049675,753.1566836611718
Tomm40,514.5166940770448,504.50773021909504
Hdgf,514.4993086743027,777.4880547458677
Tomm40,515.3803316594045,783.1167067281888
Hdgf,520.3006353260778,627.9602951228809
Ubxn1,522.1344772814334,671.489180698181
Nr2f2,522.2655485392306,562.8073539892541
Hdgf,525.4229039864906,439.96167778556656
Hdgf,525.6965249713892,786.0301449262093
negative_control,526.4478276231729,724.1362733867907
Hdgf,530.0752674917283,599.8373512497019
Hdgf,530.0480097091987,676.4895290018052
Tomm40,530.4524104163472,535.9267768987778
negative_control,533.5137771890879,503.4644087668301
negative_control,536.465775757473,452.3929516972297
Hdgf,538.1039710185934,696.1743000373591
Hdgf,539.9300910016502,492.2365809397356
Ywhaq,542.957255733017,716.4060819288375
Rpl18a,542.634991601889,714.98225818612
Hdgf,544.7701999981011,496.4275480368318
Hdgf,546.3619083505182,484.19339856441536
Hdgf,546.5587487210857,526.663205607585
Nr2f2,547.3794120889835,444.1065926790986
Hdgf,548.6825891992671,468.6697058020632
negative_control,548.8453089715017,463.59155759642965
Hdgf,549.7150919082733,694.5603215217161
Ubxn1,555.7280614676403,475.55182961271794
Hdgf,556.205133024986,577.0648145518423
Nr2f2,558.2004602218805,667.1609286229043
Tomm40,560.1764561999298,515.4579770123185
Hdgf,564.4687914335293,637.6541053232901
Ubxn1,566.481607908424,504.8675904771047
Tomm40,568.0890450365594,586.248811211343
Tomm40,575.1545869623584,474.1296835539448
Hdgf,575.7480133449128,660.0584858286841
Hdgf,580.1339392964201,498.73788523679286
Tomm40,581.2238997098441,668.5504851002125
Hdgf,585.5419879389459,521.4164888159551
Hdgf,586.8478555568408,609.899347279269
Maged1,586.4794189737057,657.0708405843263
Hdgf,588.4384176628491,598.0196464782324
Hdgf,588.8475684098047,621.021869187302
Msn,595.0244962298921,613.5301293790149
Hdgf,596.9925767797314,530.3810395224225
Tmbim6,597.2847502690607,615.3384187808986
Rpl15,603.0796724728691,541.6223986841146
Ubxn1,608.2435386827484,636.1784798826437
Ubxn1,608.9465179929882,567.4559339940843
Rps15a,608.5240572794497,566.9498663127149
Hdgf,608.987360432979,511.0717409422052
Ubxn1,613.8296986206105,539.4917450886237
Hdgf,619.4689161070266,634.7663458847276
Nr2f2,620.9223308789705,648.8809519414987
Hdgf,622.5922001643253,545.6158381708956
Srebf2,622.3148428616328,545.9202084784271
Hdgf,625.08978771086,535.6353718220679
Nr2f2,628.0554562953292,608.2589150493152
Ubxn1,632.3909086688399,598.9839919659516
Ddx17,632.364330587921,597.6357203517089
Myh9,633.6847670991497,598.9096384797034
Hdgf,633.3258124241045,529.2038317885973
Hdgf,636.7180759678148,566.2859350426235
negative_control,636.9736295090541,593.5954879098772
Ubxn1,637.6071089393882,592.0213354554653
Hdgf,641.2829733585991,631.4725946031726
Hdgf,642.9382513899087,628.1629881711385
Ubxn1,648.045213191408,482.4588648117468
Msn,649.5849729475253,462.3977893601896
Hdgf,651.2912422849413,513.4034688698569
Hdgf,653.9612888572076,573.5704406356224
H1f0,664.1846992279512,568.5494185370421
Ubxn1,669.4632152283893,491.3483892698232
negative_control,670.9465054796623,565.7896571676899
Msn,675.2365200652355,471.4687319111201
Nr2f2,678.8334193274349,572.3216054479471
Nr2f2,679.5305944025799,469.25287278021966
Hdgf,679.1307645463254,597.3530521296326
Tomm40,681.0319129804191,506.0820826603272
Msn,682.998071779215,522.8071570194516
Msn,683.9519247808784,488.0339393642332
Msn,688.0131599230795,613.6348742663642
Ubxn1,689.287077980098,493.0108916945094
Ubxn1,689.4550589954516,590.7957170508145
Ubxn1,691.0935654170928,582.5181621662534
Ubxn1,693.1709462528553,597.6782676444661
Msn,697.7920678387189,555.2243378414934
Tomm40,699.7435900534437,478.7465372660608
Msn,702.7546015832532,538.9172512728297
Ubxn1,702.952467444796,558.8535418629846
Hdgf,709.1176117017111,544.2342424901686
Nr2f2,710.0218844726498,491.1509666901087
Nr2f2,714.4701808533565,475.1992359266133
Nr2f2,720.8988135530494,542.0947463079581
Msn,721.2820548178584,545.9391427148998
Nr2f2,726.8250687259899,477.158861895006
Nr2f2,727.2855742903606,520.597563758577
Nr2f2,733.0231897964904,512.2158638964246
Hdgf,743.3495610371026,543.8237115213628
Ubxn1,746.2963019035916,522.151637769188
Ubxn1,746.887026925011,532.8839509182039
Nr2f2,748.2609556548828,526.2256515476836
Msn,757.1058911181836,575.1900737434231
Ubxn1,761.4291779269067,554.0917317195317
Nr2f2,777.3659230572767,605.6541753242288
Hdgf,778.7340049502335,551.8733566324981
Msn,794.6285650346185,577.8367491283494
Nr2f2,817.3704406006811,595.748988481079
Tomm40,817.6208704363614,614.8643320959058
Hdgf,855.2181576278178,663.9442510530766
Hdgf,931.548014879862,726.380646756324
Hdgf,947.4874177258658,737.4789446647623
Eif4g2,392.1997500062674,870.8197744698716
Ctbp1,413.2111737902552,817.1792375836326
Eif4g2,414.1180249101859,822.2290064413014
Eif4g2,415.1910107145813,741.1728967240961
Eif4g2,422.99697587442057,807.9932041961416
Eif4g2,423.1919859409783,696.8159424502933
Eif4g2,431.8939181980992,747.0341446906685
Eif4g2,433.7628737006144,680.8025702556491
negative_control,436.6186701496375,765.9839394302111
Vim,442.31101551226806,707.64221563876
Eif4g2,440.660689517134,707.5986866983468
Eif4g2,442.5273919637083,810.1060355414741
Eif4g2,446.3805497051177,720.438593280159
Eif4g2,446.51190817574536,686.9199706373665
Ctbp1,450.5992490238665,639.4025476538831
Ctbp1,452.2237545283151,633.6814830649921
Eif4g2,452.610230897186,716.054866000865
negative_control,453.6216556052527,776.2966202206926
negative_control,454.15586523307786,742.5184783761607
Psap,455.6197888466132,751.869404899848
Ctbp1,456.2926095908619,624.5131623083645
Eif4g2,457.06130757053313,834.9950631571287
Psap,458.4540534360261,666.8867143203022
Eif4g2,465.25848542125993,877.6062919728181
Psap,466.29129384329593,561.7594855338903
Psap,467.4472792267512,651.5478846941902
Eif4g2,467.4093216720296,670.9695442328481
Psap,469.8484903099469,553.2516717173473
Eif4g2,471.2250152253749,857.2152194527881
Psap,473.8760407327033,696.3652846651344
Eif4g2,473.7752042348868,722.7340737201023
Eif4g2,477.4712886963594,766.5563107663972
Psap,481.6194400237282,573.8760521795084
Psap,486.77219110970736,841.0428403376802
Eif4g2,486.1377763322709,427.33600285568826
Psap,486.33439818529257,533.5220974345815
Psap,486.7256839172255,615.9837601703983
Eif4g2,487.80091517877,702.3693170873439
Tmbim6,489.5015580368745,752.8928243171961
Eif4g2,489.197657167823,753.1208370482341
Eif4g2,490.80452965038336,531.9277964531838
Eif4g2,489.8232494695535,426.028362155282
negative_control,491.5258300654618,790.7645890183551
Psap,493.463831947008,509.3796200927179
Maged1,494.8784623815333,740.5405327774664
Ybx1,494.6820237839277,739.5613153748645
Ctbp1,495.00320277027777,566.653767474919
Eif4g2,495.9830005133505,787.7361311793085
Psap,497.3881112713136,663.4837499270952
Eif4g2,497.731846615316,645.1512923886695
negative_control,501.5387797247504,502.76305222290273
Psap,502.61218383692,496.3014417309184
Eif4g2,504.2651171423778,789.9895827970579
Eif4g2,505.12877396302815,495.8213254434061
Eif4g2,507.33604575400847,468.0225926905051
Eif4g2,508.7479505177317,763.5496640876465
negative_control,510.642975325905,665.6840185109136
Eif4g2,510.7182617588178,552.1065243597266
negative_control,511.0225995140878,678.6343790242106
Psap,510.8860558734051,698.8689703756296
Eif4g2,513.5301969698544,493.9032672864069
Eif4g2,515.5169819930054,743.5547864619697
Eif4g2,519.7221003725784,744.3328433981637
Psap,521.1102769604177,739.0431198749691
negative_control,526.842218730937,552.947407475622
Psap,527.6403620340769,716.1350408797682
Psap,529.1310812697949,605.0021698962632
Psap,529.6800959465193,508.7342672118491
Psap,534.6917928108448,666.3167971869474
Psap,534.6162172361121,712.7686338389889
Psap,538.7617599205389,567.4911386788216
Psap,539.6291814098139,687.32490872889
Psap,541.4030857647595,586.0433214878469
Sae1,546.8648203702495,688.6373115707036
Ctbp1,547.0361463181079,625.1189873852157
Eif4g2,547.4310906880318,501.92858397077646
Psap,549.2046936190269,454.6851160323813
Psap,551.1473906725514,490.2495118367503
Psap,554.2836366018523,564.0548695929947
Psap,555.6394638333919,467.5193653765053
Psap,556.267477622741,682.1042902863002
Psap,560.6601065295233,469.07528952865175
Psap,560.8600971747828,571.1561265517716
Eif4g2,561.9105011194421,669.951590855853
Psap,561.9235629610677,628.1528843183165
Psap,564.9509410445154,622.1175653075678
Psap,568.6168587333203,477.6412607752918
Psap,569.4756103484252,560.6065024796544
Eif4g2,569.9353337253208,512.7925085029337
Psap,571.1060618984798,551.7076594461744
Ctbp1,573.2271544826674,638.0126383330232
Psap,573.3482357317662,653.9237916737274
Psap,575.5598672273984,668.8670458356312
Psap,577.1483036275325,644.6301669101791
Psap,578.1761484400606,496.1838747520194
Psap,578.6583983518942,458.9133178626551
Psap,578.5078619241477,629.6107847763285
Ctbp1,579.7437670187596,557.7869034003111
Psap,584.3773100674994,627.6930148751371
Psap,585.551902876129,642.2024586245402
Psap,591.834980338592,655.7935919836088
Lamp1,597.7630635617276,648.310071661221
Eif4g2,600.6911001592825,630.4711329077593
Ctbp1,601.1343744741959,475.8574283007675
Psap,602.4158345182536,545.1256562943003
Ctbp1,606.5228647939844,523.3609609807078
Eif4g2,607.4016641307392,653.8537349448079
Gsto1,609.3142914130666,472.5750722467284
Thy1,607.7553674344232,473.3086242244301
Psap,608.7021915088083,472.1532687404715
Sf3b2,610.310635336974,515.8287670018194
Ctbp1,609.860364322017,516.9201175771973
Psap,610.886451248699,566.7960468008121
Psap,613.7141791941018,641.1607646286748
Psap,615.1430686744126,514.3065633130539
Timp2,617.6188631252871,596.0338532573278
negative_control,616.993963289867,595.497220712142
Psap,618.1238707732219,646.7897988131983
Ctbp1,619.2062480070258,525.054730188843
Eif4g2,619.7939612729888,577.7768615997406
Ctbp1,621.5267841278954,505.92850460914025
Psap,625.0127433357105,624.1804321557537
Ctbp1,624.9608596024161,603.5523247259177
Psap,625.6114089681713,535.0548228154312
Psap,626.4127637105985,606.0684641919664
negative_control,627.8200019520707,487.13618593466
Ctbp1,628.3108054197684,573.7170135948738
Eif4g2,632.3143527478009,621.9897180619234
Psap,634.5163927902364,629.3994972321949
Psap,635.0964465568352,517.4646588804407
Psap,637.3333796950875,582.6101410566317
Psap,645.4795208512858,561.3120433476658
Ctbp1,645.6540688154934,469.3320544044466
negative_control,646.5985572131293,585.7571946190809
Psap,647.2167312350794,609.1600082560835
Eif4g2,650.4365937354794,603.0491018576138
Psap,653.8275227188484,610.3213425900933
Psap,656.2078523091179,480.49774234572544
Eif4g2,657.7840246621445,492.3646214637023
Fgf7,656.9462765954337,578.1066931868703
Eif4g2,658.0071150658816,578.1735093706548
Psap,659.5162977299638,565.893213783894
Sdc4,660.6624211088828,554.829390994728
negative_control,658.925003100723,555.2763862841764
Psap,662.2691586337119,559.7963696676138
Eif4g2,663.3830202747806,612.7951897852339
Psap,666.1009105837927,572.6897283801216
Ctbp1,667.4318011523706,493.0913764788322
Psap,667.0544054612147,524.2152002812206
Psap,667.373031196772,500.90938192634434
negative_control,675.27805300428,518.5716310412125
Eif4g2,680.9850496749082,596.97236792394
Eif4g2,682.4195295394803,532.4345132940024
Eif4g2,686.7475050917583,609.1107224355475
Ctbp1,686.4605184939023,486.5557759092511
Eif4g2,690.594070392803,602.9603098163484
Nudt9,691.1620996922684,602.8391420861436
Psap,697.7992415671814,511.7888255766181
Eif4g2,704.7750955432998,481.5395213197173
Eif4g2,707.3044303715922,538.0263364401296
negative_control,707.989381132538,515.5379176031939
Eif4g2,714.3356750359462,501.6434750641809
Eif4g2,720.8188774388868,553.414985009319
Eif4g2,723.7457558329057,576.2920328729109
Eif4g2,731.5819571889876,496.89630742079095
Ctbp1,741.3138045495232,559.5898293564302
Ctbp1,765.9739976886765,581.3005163713344
Eif4g2,768.6395099126703,609.4224586312846
Ctbp1,787.0992805285312,575.8125038541966
Ctbp1,798.9816496165172,616.4336995681791
Eif4g2,813.5992702115398,605.1767812152075
Ctbp1,833.8345693661228,645.6463458032931
Eif4g2,840.3296520904262,639.8817789657992
Rpl18a,373.3667577149823,825.7529526288395
Rps15a,380.9757896893146,813.043654870117
Ywhah,384.9273988041134,849.8094055940654
Rpl18a,387.3842980471986,840.6739119843223
Rpl18a,390.2804646618149,814.1893432687275
Puf60,390.7816400526841,847.539344705906
Rpl18a,392.03097076356914,800.1952179099924
Rps15a,394.82435567004114,880.58384103101
Rps15a,402.4559972707059,859.9109444763392
Rps15a,402.888234837567,868.0340510610779
Prpsap1,402.6214131382959,782.8544095000054
Rpl18a,403.9137526419509,828.296667589415
Rpl18a,404.87227783135273,777.1103544528783
Arf1,404.9068976971108,800.8438812530696
Rps15a,405.01497166450906,801.0672766214527
Rpl18a,405.924949673858,879.0941556368887
Rps15a,413.70417697529535,745.0729646982479
Ywhah,419.65356694254126,768.217277285487
Rpl18a,420.484746325743,699.8503703278075
Rpl18a,421.936581930001,844.9279176706726
Gsto1,420.9206714167013,845.5907594831305
Ywhah,422.2565137403919,703.1529012100676
negative_control,424.2816511558536,735.3277027214574
Rps15a,425.4608565646676,680.5369912198532
Rps15a,425.7719785053826,851.2185428916416
Rps15a,428.5072271338589,739.7626697258188
negative_control,429.5186247552365,796.1563521226419
Rpl18a,429.6464255815448,640.6762253056414
Rps15a,430.358169207509,895.459856641866
Rps15a,432.1231346617989,653.8119121337344
Rpl18a,431.8649045846559,827.3412293835531
Rps15a,433.888786007382,760.8171862982246
negative_control,433.5260977031821,702.4298606681893
Rps15a,436.06410562025656,725.3431048944974
Rpl18a,436.1355212412059,632.5465005934258
Prpsap1,437.9271937478288,735.5120537012072
Rpl18a,439.8568024103554,697.6339318933026
Rps15a,439.93280144885534,623.276842065631
Rpl18a,439.8737964025388,843.4510009646106
Cct5,441.3228578463524,771.9779773331757
negative_control,440.637460886519,772.6893888580879
negative_control,441.567850655323,646.0692053632447
Gsto1,441.3918448346416,613.2541734802147
Rps15a,444.4271427294388,608.5694499818039
Rpl18a,444.5038590204807,840.8249239223522
Rpl18a,445.4074661026704,710.5289475330962
Rpl15,445.2425051736579,833.8314591312064
Rpl18a,447.47418425972046,605.020988952194
Rpl18a,448.88133151907465,762.332639747849
negative_control,449.4575038190428,665.5227446432041
Sdc4,451.2602605970999,640.3714567385715
Rps15a,451.166419472436,680.6974579829882
Rpl18a,450.94887894697735,599.588572431029
Trps1,452.09479004142094,689.3270466272924
Rpl18a,452.4925143460805,711.6405106514875
Ywhah,454.1515165703793,753.1509139866168
Puf60,453.5189287183066,688.0271313244791
Rps15a,455.8606955341447,849.1329012326603
negative_control,455.6433887357989,726.1850318214712
Rpl18a,458.8508015040606,762.4485565584022
Ywhah,460.598773388132,589.8661682907268
negative_control,460.3695298631045,679.0710183012583
Prpsap1,460.4191732741892,576.7149477163864
Ywhah,461.71398396641257,773.6731150349044
negative_control,461.6282583084872,734.4095090083781
Rpl18a,461.6811430739221,753.0410480044827
Rps15a,464.4590585090684,877.0202896440281
Rpl18a,464.3041951516921,811.2143348411835
Rpl18a,465.9985657801766,596.739108441447
Puf60,466.5568971218023,631.911565964778
Rpl18a,466.5299196581512,718.4496903510533
negative_control,469.6559319475648,710.0804966412993
Rpl18a,470.9953282342482,799.354354313423
Rps15a,471.89830247788296,596.1950447517129
Rps15a,472.41126586680167,732.0863459147948
Sdc4,473.8002638784229,636.7478710220357
Rpl18a,475.6633554749727,792.9218582538915
negative_control,476.2856062754671,701.1578734384636
Rps15a,475.9226733642789,744.9245570481338
Fkbp4,476.0611237731184,744.0045168124834
Rpl18a,476.2201815310892,587.0082973063932
Puf60,479.074803302183,638.255773641739
Rpl18a,481.454303934286,669.5282524575484
Rpl18a,481.4557077247056,577.1041786588778
Rps15a,484.1446684315296,736.3913704670834
Rps15a,486.2964447858343,430.1178931848504
negative_control,486.9231627616905,768.2982193861747
Sdc4,487.2036801052265,677.5207853959187
Rpl18a,489.431190457342,743.6267210023284
Sdc4,489.43366161720667,739.3623856944741
Ybx1,490.7394606605661,807.9878244052915
Rpl18a,490.14580935446577,779.540707441247
Rpl18a,492.1489623258181,454.359191313648
Rpl18a,492.1575210126129,492.4401160196628
Trps1,492.8410613326,618.626586628299
Rpl18a,493.51361112514974,480.3598732432725
Rpl18a,494.1553179886921,466.7618752254352
Fus,495.1308336698954,659.7667173948765
negative_control,494.8571186489205,661.1875250704771
Mrpl28,493.9115336694692,746.6085802839657
Puf60,497.820043568869,480.6715915685766
Trps1,498.07035171271656,771.4731342244523
Uqcrc1,498.9944184641339,771.6764547676414
Puf60,498.4310351159777,802.7163304122683
Rpl18a,498.80455905865085,685.2470752674249
Rps15a,499.97318001215535,809.8400991711767
Pla2g4a,501.2133421473425,811.8994374202139
Sdc4,501.24049853155793,581.4232600457112
Rps15a,501.7128881873274,561.1979430015789
negative_control,501.5373831953348,705.7382070144018
Mta1,502.4089940687643,534.5259301375279
negative_control,502.1759402218935,534.0876520498077
Sdc4,504.8028887651926,639.8748860379617
Rpl18a,506.3105610499973,676.818659486253
Rps15a,508.0748577721353,551.8058359166928
Rps15a,508.19348714979657,453.82685153350144
Ywhah,509.1140835626243,797.975466193798
Rpl18a,509.61223513233233,488.82096078350514
Rpl18a,509.89381152808176,445.0310843592963
negative_control,509.77799002684594,789.087020613148
Sdc4,510.57944765351294,580.3212026584912
Ywhah,511.0250653019386,740.2837630218868
Rps15a,511.237445505474,566.2611047870112
Sdc4,511.9774137920128,641.5034883667968
Rpl18a,513.0305048269993,692.4467578638775
Rps15a,514.3567334627539,483.7099695782071
Rpl18a,514.5200197129027,801.7081583717178
Rpl18a,514.2383543524553,514.9571284832649
negative_control,517.7925548188347,758.5655664913896
Rpl18a,518.7315942348239,483.6828742317304
Rps15a,520.4973269303367,605.7603675190826
Rpl18a,521.1037028612275,771.9310355965677
Rps15a,521.761721740881,471.54905233843857
Prpsap1,522.6373148122664,536.4728823145992
Rps15a,522.9357803106676,511.0957558774393
Puf60,525.8331452446889,731.8480391932549
Sdc4,524.8879033238784,516.0974071321232
Rps15a,525.9104009682253,507.4523953780332
Sdc4,526.3568724656132,629.0732717902813
Rps15a,528.519624104627,432.6281105909679
Rpl18a,528.4974686883788,711.77489447169
Rpl18a,528.8374779969643,752.3115327920902
Rps15a,528.9020903225535,462.2044003326634
Rpl18a,531.3071215228093,439.0769528347513
Rpl18a,531.8493367820473,491.4621534287927
Sdc4,533.1333305938983,611.658807477641
Rpl18a,534.1486014212581,711.8465868130212
Rpl18a,535.3942353274673,479.9141908629713
Prpsap1,539.275881105455,687.5449385106276
Puf60,541.7869361905019,578.8969231600979
Sdc4,541.927373515709,543.3583710634347
Rps15a,541.993754057349,720.0164970353871
Sdc4,542.7132404356544,494.8793784067548
Rpl18a,543.4083750836917,491.2167480723116
Trps1,546.0298750363977,543.4380566976959
Trps1,546.4725629978446,537.8237270075052
Sdc4,548.3026579737599,558.3495126784696
Rpl18a,550.8122043920926,498.31922722850936
Rps15a,553.9943415282189,644.1172511937234
Sdc4,554.7666918101327,585.7394385203712
Sdc4,566.2719923340176,629.7462754198033
Ywhah,567.3657317926684,547.8643173839175
Rps15a,567.5746681085884,512.9648654143905
Rpl18a,570.4378327832364,520.1236396164836
Sdc4,569.886245666263,583.8161529414137
Rpl18a,570.6628137271858,672.045581809848
Ywhah,575.8964648782979,486.7232868319997
Rps15a,577.6841732139392,511.2230027814552
Rps15a,577.321901036965,672.2902505982598
Ywhah,579.9578107346267,613.0442859804049
Sdc4,579.8918251611194,499.7403419517273
Ywhah,582.6880738168816,619.1999179500623
Rps15a,583.6736465218246,613.2269191050549
Rpl18a,584.3743093407764,472.499294455721
negative_control,583.419129397592,473.27484073174935
Ywhah,586.6343412132748,468.20209264005257
Rps15a,596.3250294637485,516.0443065026661
Rpl18a,597.2886944906414,495.7670891384533
Rps15a,598.903042452626,634.9110256930603
Lrrc59,598.8004859001496,635.9730723347429
Puf60,601.4760241387232,458.9055259759986
Rpl18a,605.1071385453489,614.6378117764864
Rpl18a,606.80129969621,485.4700175076896
Rpl18a,606.6503489057181,531.329527777059
Trps1,611.2541463855936,646.0043274467596
Rpl18a,612.3241044688,541.7904244613754
Sdc4,614.1551499746281,476.4004283933779
Sdc4,615.3289168286964,572.5237734976394
Rpl18a,619.5813716124691,493.0384899117717
Rpl18a,622.2018675881657,482.6818850097701
negative_control,621.581177981641,633.0029787879208
Rps15a,622.4891764588394,540.2825693647924
Ran,623.8555331018417,539.6424170911158
Rpl18a,625.9704794075647,476.0150991305114
Rpl18a,626.7515486895055,596.4090512462083
Rpl18a,627.1793332062797,612.0099164288866
Rps15a,630.1044973408771,524.556250712925
Rpl18a,631.0024938376072,634.5119197915894
Myh9,628.0474989623252,634.7119786942084
Tmbim6,629.6675483138417,633.1555775537836
Rpl18a,632.5452778400726,503.1455823940076
Sdc4,633.285402555033,611.0667766388711
Timp2,632.860961917509,611.2225259424193
Rps15a,636.5862275238121,568.2979576463704
Rpl18a,642.5537727712147,559.2004007740616
Rps15a,644.9095630464449,609.5382841293535
Rps15a,647.1823883590653,520.4290788542356
Rpl18a,646.807474381045,580.6858987915134
Rpl18a,647.6143169481668,517.0752191294823
Vim,651.6954715741217,515.6532159687798
Rpl18a,651.152678799268,516.0087579853822
Rps15a,651.5746894660242,535.0975865497524
Rpl18a,653.5375399297752,626.1901193345667
negative_control,654.1930657826613,577.8440913511538
Sdc4,655.3000668071948,602.0664222092438
Rps15a,656.6262119368614,574.2092439174454
Puf60,656.9969107396715,627.0207024624275
Puf60,657.1378042718359,493.0679305767154
Sdc4,659.1362319560341,525.3155670635967
Prpsap1,661.2890136238208,624.4402910140554
Rpl18a,663.5760932373157,552.926356128203
Ywhah,662.9045531500735,577.4593220343768
St13,663.4917364399107,592.6688312051858
Rpl18a,665.4011072916295,617.125910976818
Rps15a,665.5056967949463,612.2360704935624
Rpl18a,666.181309857591,496.0965745696839
Rpl18a,667.2026565578681,608.5126019263319
Rpl18a,674.1199450537108,483.9829104514074
negative_control,673.3409591359275,508.66856072052207
Puf60,675.765219639961,508.730809364842
Rpl18a,674.875960383446,503.7750357450078
negative_control,674.875594361841,549.5856286875853
Mrps31,677.0845838076916,567.2550011576675
Rpl18a,678.3961335796221,515.3050618935731
Rpl18a,681.4472668291135,602.3933230889907
Rps15a,686.3210828262825,630.5043359839524
Rpl18a,686.6578421005751,521.0375046964103
Rps15a,692.4375574800711,573.6983360094034
Rpl18a,694.1023713992936,505.50148737612665
Rps15a,697.988212275767,603.0112443757655
Rpl18a,699.9157407443195,588.836230046857
Ywhah,702.2306044408239,625.1858834883196
Rpl18a,707.6856183241003,597.6865285831834
Rps15a,708.9964869090641,488.3848074240457
Rps15a,711.5430960431098,581.4023761329324
Rpl18a,711.9677307473435,531.7350483401347
Rpl18a,716.8785082225768,493.523200780499
Puf60,720.03965917511,488.6515788403221
Rpl18a,724.0306512572129,501.9696893387747
Rps15a,731.3296343897171,503.1779641721807
Rps15a,734.3296924010742,582.5809262087143
Rpl18a,735.7450019263188,557.7871730573661
Rpl18a,740.9087685512397,561.7987101668218
Rpl18a,742.0328581232081,547.4274651115155
Ywhah,748.8579232509287,523.2667452951039
Rpl18a,751.5422616605953,577.5087917158518
Rpl18a,759.408435970489,539.4627884590894
Rpl18a,771.4617904047138,565.3956238607594
Sdc4,772.0066301877346,549.5243995734728
Ssrp1,775.8164383532574,598.7412071955587
Rpl18a,780.0860123554587,610.818385095004
Sfpq,784.819495938774,592.7415657030125
Rpl18a,791.5561265067913,593.443397812958
Rpl18a,794.3312615422349,575.7372073377526
Rpl18a,800.7804310204018,612.5799246859735
Rps15a,807.643492209366,592.4042902911426
Rps15a,808.0671685547402,613.3863583853522
Rpl18a,812.8517378514824,587.4708150493783
Rpl18a,817.5360913347902,610.4545904423508
Rps15a,825.1016509548415,614.3826233842523
Rpl18a,845.1608704430387,646.1978058654541
Rps15a,855.830121563228,668.3046852522409
Sdc4,858.2784799354154,687.1749136684701
Rpl18a,867.6132420662632,616.6974055535261
Rpl18a,901.2514307314968,732.5682292036605
Rps15a,914.0614481745724,743.5855730607983
Arf1,375.21897629562966,827.5165353086317
Paics,389.9387083447726,861.8449871633
Arf1,395.95096969279257,805.8931599687405
Arf1,396.4898630360245,794.6919637074637
Paics,403.0359709672992,777.6510070158656
Paics,416.0328954019294,897.7382810452899
Paics,421.3989825000417,787.7962547489012
Paics,423.6505601194955,751.5137877342117
Arf1,428.88881414037394,726.0697642668723
Arf1,430.01067365260366,696.6885774455827
Arf1,434.25240325593984,870.3192547040918
negative_control,435.0999977441092,818.6829251133458
Arf1,435.38237232657593,836.8915106820224
negative_control,441.06491862061966,792.4930211764666
Arf1,449.7394448292209,754.7771765379015
Mrpl12,453.55539123329936,794.0044909224067
Arf1,458.7634583585542,693.6369558460176
Arf1,466.4700675931857,854.2764638423748
Arf1,470.282163192918,788.052267186667
Paics,469.8414143786253,821.507271470282
negative_control,475.09093540891394,679.1923615519
Paics,481.4950563425702,807.1670289420539
negative_control,484.1398122202969,796.0294121050634
Arf1,489.749993672685,641.2895644072019
Paics,491.2222462099765,673.4887784782602
Arf1,498.02684232683646,800.106183000975
Srebf2,500.13079444325234,621.8526568248288
Ndufs8,500.688338387214,684.3548117159185
Paics,503.7450671082689,795.5490395531957
Arf1,505.651873349825,454.5121752764682
Arf1,508.7256172247685,767.444744796879
Srebf2,508.9996376114901,653.8109914923095
Ly6e,512.7671579985085,505.3795776168113
Arf1,511.7580513307749,505.5137203053465
negative_control,515.5871536184007,517.1025842285588
Arf1,522.8949496944648,742.884293712046
Arf1,533.3405449857585,710.2484388585547
Srebf2,535.9324065613456,670.0109414571983
Arf1,540.9713542916188,508.5984880747879
Arf1,545.9980010361162,466.9979414268868
Srebf2,547.2247216784972,584.097145728925
Arf1,551.657155399058,687.1645187164843
Arf1,552.0088648628703,478.4245285713568
Vim,558.8787236154021,495.7534969106489
Paics,568.7885945270496,525.4418205773503
Arf1,572.6551043145605,474.1268214199499
Arf1,585.6761496259411,454.8517044001705
Paics,595.8131185793571,525.3690026139138
Pdia4,596.5570594276727,618.0205757243199
Paics,599.7766610173328,641.9690643023275
negative_control,600.794119619429,641.435539747087
Paics,602.7138187804744,495.7548712591793
Vim,607.3471642561476,518.5507501206575
Trp53,608.3749489127412,518.2890125072015
Paics,609.5453153671682,469.13448623314224
negative_control,609.9478510493248,599.530197413447
Srebf2,621.0116780314336,622.5747262212652
Cct5,623.6270464901679,490.2740546830042
negative_control,623.3206061144873,490.3211448284957
Vim,628.6600923730978,510.9081529153368
Arf1,631.9986713612464,518.5946763030914
negative_control,631.4770556667294,597.5095795740211
Arf1,632.5610394131113,476.7467747049307
Arf1,636.2318932878517,568.5524040802499
Paics,636.5805347888564,560.0086122272758
Arf1,651.2992801349687,487.29740655161993
Arf1,653.2759821930622,575.8645325315786
negative_control,662.5448751080813,594.8285169190417
Arf1,663.3949718146098,556.8847823840367
Paics,666.7015505936342,597.6726542778896
Paics,668.7852335914612,580.1647058603653
Arf1,672.3537450519789,556.472424724329
Vim,676.5793522993117,611.2278679184305
Uqcrc1,680.4154814974173,530.1549966315308
Arf1,679.903364292277,528.1832478591363
Paics,690.8766135552685,625.063154607292
Lrrc59,690.7617706988028,624.8421635038122
Arf1,692.4281369302997,594.5126390461162
Srebf2,707.4461427454631,471.322046573581
Paics,709.3533979507727,552.8465597849417
Arf1,710.1059787006375,493.979816468287
Paics,710.3699461065158,499.3616899694125
Paics,711.7731035777254,574.718390920697
Paics,718.7746704608714,496.67573226452106
Arf1,718.6962756829523,515.1329794477261
Arf1,720.9350600732796,568.2211667611463
Arf1,724.4331822832225,483.3616365030707
Paics,730.3465711665535,521.7669855864201
Arf1,730.7675240821429,580.757387500765
Arf1,731.6095018678272,475.8713329340583
Paics,741.7431660834749,534.7635140908013
Ndufs8,741.7310448118513,561.667734358255
Paics,745.1365708556002,576.3386134594284
Arf1,748.917182187635,511.2946609720291
Arf1,751.894656084665,579.155933425309
Arf1,753.1595648001545,601.3199242183691
Paics,771.7084607301217,552.1445088469068
Paics,775.2388478394979,603.287611004393
Paics,810.7064647034537,615.6564004747391
Ndufs8,815.1777364328757,619.8011085230773
Arf1,857.5587902561892,629.4884950474315
Arf1,859.6834493975327,670.5913199733798
negative_control,432.23852913934815,781.3060109104674
Ndufv1,434.2042127173936,731.9261141099373
Ndufv1,435.3815005638076,774.9871564306042
Ssrp1,436.2154802928737,774.2355424933564
Ndufv1,447.1510293764253,768.8811203758185
Ndufv1,448.0063501435392,811.6357167209792
Ndufv1,475.9234135789765,603.0400675844919
Ndufv1,495.51177293694064,811.2552813353223
Snrnp70,513.7340109813941,742.5226533892985
Xdh,512.9155991011376,742.2066407813169
Sf3b2,547.9676287665815,575.8086870761001
Ndufv1,572.2382326552342,491.7882504720745
Ndufv1,635.87301125863,591.7497669869746
Ndufv1,658.5986710000711,531.0023832812698
negative_control,661.6916033984422,561.6220168339528
Ndufv1,669.4601848356026,534.026673663692
Ndufv1,673.0019958146256,540.76527780522
Ndufv1,736.7641396394836,581.3970897275109
Csnk2b,404.15483311211534,790.837628675617
negative_control,421.551764072634,767.8475455751361
Nfe2l1,436.3511892920518,692.5108096042104
Timp2,440.9618952287668,632.491037880345
Timp2,446.2559679784687,610.9945078863483
negative_control,450.9202041310053,661.2133358618445
Timp2,452.2906162551774,600.0401611614036
Nfe2l1,458.4463942605798,709.9084375694868
Timp2,460.0252723729318,588.9060909345583
Timp2,461.8469599091823,607.3467934327541
Sf3b2,460.6258514618589,740.1083106452812
Timp2,462.9204759829231,819.6809160307537
Thy1,463.6013159521497,604.1934275541103
Timp2,467.60306644732,712.8118473705833
Vim,472.92887911775074,676.5040894796952
Rpl15,472.8973012026356,674.8544384183297
Timp2,473.0580426345636,675.2853079794932
Timp2,479.2840150172094,670.122640485499
Timp2,485.6171055559713,546.0622365310392
Timp2,487.4716226678025,624.3151794794629
Timp2,490.0824796711043,572.7600131298408
negative_control,497.2304921403364,724.8178193082335
Timp2,501.0749482740104,540.655070864277
Nfe2l1,502.4881011098576,473.0247890767832
Nfe2l1,505.1120121917106,488.1691858691338
Timp2,506.6990940082574,779.1628156345419
Timp2,508.2165436203235,630.4973120914542
Ssr3,508.5422431964202,648.4004647577697
Timp2,513.053630942168,640.1397218250925
Nfe2l1,517.7676714774514,443.7120749363787
Timp2,519.762578009487,684.7483100241519
Nfe2l1,519.7101138196914,640.2114459845662
Timp2,523.8091814568468,477.36795903309695
Ybx1,526.2298086790685,526.4127641762665
Timp2,532.8034308289391,669.0079863342683
Timp2,535.5735035040867,664.4754518188515
Timp2,542.0070904085153,710.3892296464486
Nfe2l1,546.6128565603984,668.9415121853481
Thy1,546.9601286016715,704.2570040957594
Ybx1,547.2468343630505,702.6593022343307
Nfe2l1,551.4753731175778,586.3132385471657
Timp2,552.6369709564792,611.0150536273849
negative_control,560.3145780536781,674.5287261827641
Timp2,568.0867816112282,560.0816122191745
Timp2,585.0150438469432,514.5714389522327
Timp2,595.9131078461368,620.2285159904834
Timp2,599.1604487015794,514.9943481492041
Nfe2l1,609.273250518457,468.02913980366645
Nfe2l1,609.2139973231235,475.0738705259176
Timp2,612.4739727723004,589.9989021291927
Timp2,613.1427164282404,558.9719681459039
Timp2,613.2833890018856,496.9162386663187
Ybx1,615.9300714168927,564.659352251061
Timp2,617.7070780587882,541.7624353425002
Nfe2l1,618.8483874449853,624.8797318754081
negative_control,621.6327408387738,500.6791117427112
Timp2,628.0752956847675,596.4976365091866
Timp2,643.0640386021798,549.5341353749396
Timp2,644.4184155453538,533.351495590229
Timp2,647.9355739201566,497.27609179733577
Timp2,651.8586386050582,566.9395830596716
Tmbim6,662.41667468546,471.9325926671109
Timp2,666.0808731255569,580.9677538992662
negative_control,669.9686693905984,520.2711768339509
Timp2,672.287321474953,552.1414281664315
Ybx1,677.2655705691016,550.2234024172622
Timp2,677.8769247516811,479.0239867739599
Timp2,688.0026188775807,474.5213886705104
Nfe2l1,718.7711620125893,549.2138346515793
Timp2,736.3117003989481,553.0965205716936
Timp2,743.3477643833673,535.074812612283
Timp2,750.1708906175601,521.0201272504239
Timp2,751.9340650687203,510.8261727762508
Sfpq,379.7511941771256,840.803430606123
St13,381.0187323207704,829.8291295357701
Vim,400.17119392467794,801.2304336957073
Csnk1a1,400.08235453450834,800.8108302515109
Sfpq,402.14777914341664,782.777221626465
St13,403.5335793652814,769.7009164105391
St13,407.5865824609723,754.3685816203188
Sfpq,410.7859866076407,769.3085700213421
Sfpq,416.3010076905676,811.3830897763872
Prmt1,416.0818500966195,811.6181482238371
Csnk1a1,415.97790579026616,731.0392136451967
Ssrp1,420.3443767861924,854.2663131664993
Hif1a,420.0707854848529,746.3127071332756
Sfpq,423.1606960661216,788.0835211375779
Ssrp1,423.3834109758899,794.119622067058
Sfpq,423.9945776194551,702.4944511728303
Sfpq,427.76513753857546,712.446579723736
St13,430.29229279732,811.6302114287756
St13,432.8479591888968,880.4074446038173
Hif1a,432.35958847743296,819.6501187097703
Sfpq,433.1479465020503,728.5804354944748
Myh9,435.2749149691414,694.1140010246488
St13,436.49377918924426,794.8826448310108
St13,436.0518130576983,871.075989752415
St13,437.9691945907158,677.4021376822262
Hif1a,439.9922197928095,717.9916180886614
Hif1a,440.1125509075736,661.0845985315664
negative_control,441.0980004042693,779.1333237767702
Hif1a,443.90758176917,627.2873518017159
St13,445.928875364812,755.9315964747027
St13,446.3918903437028,685.4023510339555
Csnk1a1,446.7245675569147,791.1385553045234
St13,448.0826307961087,828.9949361767274
Sfpq,449.1095695500284,620.0882253180207
Hif1a,450.1695553406632,838.7184852319613
Hif1a,450.4790123158208,851.1592924097001
St13,451.3543600640619,788.7421344513743
Sfpq,454.0635198402273,801.85295926489
St13,454.06555258848994,769.6966160627733
Sfpq,455.27850160132994,831.9589670166438
St13,458.4378957693581,860.6761224831206
St13,467.7713689030335,786.1112984890866
negative_control,476.6546487141823,708.2541997887001
St13,482.45335756603697,838.7233175019
Sfpq,485.26758177537545,666.740249555637
Sfpq,485.8727110116147,569.1755622090504
Hif1a,486.473223875787,784.5525331669833
Csnk1a1,487.2302902445545,800.917632836377
St13,489.3584253265778,505.2159392783656
St13,491.14272773847927,732.2426706133514
St13,492.6224913951046,447.3943390309032
Csnk1a1,492.6194779708102,809.3987303409373
St13,495.2293162932815,540.7977588531048
Spon2,496.5862603210754,508.0012716142104
St13,497.50099080395984,433.2528245441119
Ssrp1,498.5725834752553,697.5294538491569
Sfpq,501.2465173829832,565.6026223077695
Sfpq,502.28455995813385,774.2087083808484
Sfpq,506.0973294331749,424.7685147699665
Sfpq,506.5686565469838,799.4109455887485
St13,506.9781424863873,685.6728235297647
Sfpq,506.8643142897893,752.5762894302358
Hif1a,508.1106403594406,659.7130584567985
Csnk1a1,507.9851842097045,789.911604404178
Sfpq,509.8219518258709,560.4511327659698
negative_control,510.9871026056121,643.3623961710274
Thy1,509.7674329667972,643.6395065023224
St13,511.8199983140375,417.22741312574703
St13,512.8187158530988,774.583803906449
St13,513.9554994466465,443.549310476155
Csnk1a1,516.8237057286623,545.3985139139146
Ssrp1,517.4266205559869,453.8760216757192
St13,520.6812642664065,481.5255299673404
Ssrp1,523.766425643803,661.4074330723124
Sfpq,525.8658511646016,639.7069839291889
Csnk1a1,526.4424311904062,560.1620935089684
Csnk1a1,530.3898079298154,622.1476524459491
Sfpq,531.9962027394632,597.3463865428987
Csnk1a1,531.6144071216913,681.0009331928977
St13,532.4313625185248,447.2768019694057
Sfpq,532.6375051965249,602.6378747679207
St13,532.8444532452536,650.6771016989474
Csnk1a1,533.0854567269758,435.79961491374326
St13,533.8425543138876,730.5628242784508
negative_control,534.5193782956528,506.8084065797231
Sfpq,535.6729330250589,441.64457332984944
Csnk1a1,538.4269815626151,668.3310857904349
Sfpq,539.5286299792381,624.2834247851774
Csnk1a1,542.6498285600526,500.8572753445144
St13,547.1437416198071,600.2865179486762
Ssrp1,546.1873108018416,576.0422515603691
negative_control,548.6052125517311,665.8399787984623
St13,553.17954677888,678.678823566301
Sfpq,558.0835408396578,557.0569977516767
Hif1a,560.3913737341917,573.8530840767703
Hif1a,568.5376233284946,510.6731217050488
Sfpq,573.6315001319442,460.6535156419635
Sfpq,574.0383507132836,611.041011533362
Sfpq,580.9640288905051,665.7644139128654
St13,583.5643422432624,459.87111380363154
St13,584.8698971306023,595.6349336404677
Hif1a,587.612553899181,524.8444250666405
St13,596.4433222489121,459.6615888176967
Hif1a,601.9426067098967,519.0228311317818
Csnk1a1,602.0840091199635,564.7715496882458
Ssrp1,603.4814133067313,612.781367267573
St13,603.6289444842118,569.5208245249803
Clta,607.2570623750714,608.0385637110966
Sfpq,610.4599322080732,585.3886086847112
St13,613.1319556093814,471.62683187950313
St13,622.232599247328,499.70102057409366
Hif1a,622.9120092131819,616.8736973500371
Sfpq,628.9171161406509,634.1421957007991
St13,632.4516196788834,626.8444358848201
Ssrp1,633.6928896726895,536.6721464936979
Sfpq,644.2146458804808,523.8948199959946
Sfpq,646.0876392880685,497.7706152138619
Ssrp1,648.4331097788296,562.9163745814726
St13,650.3098916080202,513.900476912312
Sfpq,651.1637385544827,604.0121547493277
Csnk1a1,651.8517035505932,628.755580055479
negative_control,652.1882591115271,502.83135297079446
Sfpq,652.3681881628054,570.7311222266057
Fkbp4,655.2404105122383,607.4884255510051
St13,655.1348980851428,608.2445397861078
Skp1a,654.298321955099,608.0215923616475
Sfpq,662.3984069751783,581.1628308684328
Hif1a,662.3042588151649,617.8665558449572
St13,663.3598513798388,564.9954053313322
St13,666.5495982847362,582.9053378503079
Csnk1a1,667.403307681688,603.6328442755735
Hif1a,668.2373103161801,485.3860522569328
St13,670.2637441814769,472.407267463896
Csnk1a1,671.26487157836,597.8526729336223
St13,670.7366785860395,621.7083086867947
St13,673.223379546549,609.5848261282226
Sfpq,673.8550942203624,582.6830344749242
St13,674.2695878255655,594.288048307915
St13,680.1936260977457,511.2355676013955
St13,681.7278030090009,550.9018948581509
Csnk1a1,681.6134881512901,568.7715775767952
Sfpq,685.2929559586883,519.7751168683642
Ssrp1,690.9581247483193,597.4915636830963
St13,696.2205345143457,485.9929227580355
St13,697.1988080170227,505.3784856478272
Csnk1a1,697.8578107500713,600.3825734778358
Hif1a,703.5594007122334,505.2377755415277
Csnk1a1,706.0470295246545,491.5556293126287
Sfpq,708.8838343188294,499.7999938769319
St13,709.1758353322155,583.9213145981964
Sfpq,711.4390036443448,555.7038258921009
Sfpq,716.1751745125363,498.9375053725678
St13,719.7265144278185,479.26003688225296
St13,726.3055642700932,486.1558835413655
Ssrp1,729.977022796352,553.1612163396037
Hif1a,730.824729881052,542.9709211091157
St13,732.2013683754486,478.13643625545217
Sfpq,738.6197636594318,561.0457536066948
Mrpl44,740.6736478957711,555.5543996407122
Csnk1a1,743.390623642362,542.1915473163573
Sfpq,760.8886341259631,593.1848729696665
Sfpq,767.5053529654538,525.8779738213863
Sfpq,781.8993206550444,583.3158572119116
St13,793.6516654375599,568.0064031322745
St13,810.0953416099348,622.5675569724756
Sfpq,813.8591205844593,613.9858147889747
St13,815.4939640119015,596.461534299759
Sfpq,833.8331811483565,610.6303105854591
Sfpq,905.1714867406972,728.4887000977459
St13,929.848593498217,643.7484627362405
Ran,377.1268452692079,851.111980191598
Ran,397.06771640056536,808.3822804351524
negative_control,403.9381307315188,789.7737470943291
Cs,404.39234095683344,812.8048222651663
Lamp1,410.5312362241286,756.2220184996643
Lamp1,412.2464397661299,836.4990175122194
Lamp1,418.2526392173067,740.0118615835
Vim,426.7006561806581,759.4102138851542
Cs,431.4080406951479,796.0252493556657
Cs,431.2910731961189,676.7270367146108
negative_control,432.64552151965273,734.4574722031318
negative_control,433.56267971911257,733.83585173281
Pla2g4a,438.15878085075445,691.2194993881557
Ran,439.2461863559548,624.2878330618855
Ran,439.5691484765122,802.7810666034321
Lamp1,444.0715285031396,675.5846749867333
Cs,446.9778183205885,680.3182715441367
Uba1,448.7366082912061,733.3721253605052
Cs,450.438955426984,649.3343671385057
Cs,455.5494681489819,693.5530842358602
Lamp1,457.8408836144497,756.5907329511793
Cs,462.9405971163623,819.4416815896288
Ran,465.76662868508896,737.0323298769041
Ran,465.9676170338575,727.4602012774747
Pla2g4a,467.1115881510765,771.9571872915134
Ran,470.8761382053751,780.0347738609594
Lamp1,470.7693621105399,576.4582125938595
negative_control,471.46678514682105,692.9910824415302
Lamp1,475.1005056829331,639.7002470197019
Ran,476.323236204855,839.4842494833305
Cs,476.625617218923,570.0921036847328
Lamp1,478.90535210912566,726.6005520634529
Ddx17,481.5238279945196,741.9283120946285
Ran,481.9930197761661,690.9601868285733
Ran,483.194613061119,618.314809231061
Lamp1,483.4817075218144,699.2542124813522
Pdia4,484.555199441128,656.1552459150724
Pdia4,485.1469369538922,556.4121960664982
Lamp1,485.67541423956993,581.9992520847029
negative_control,487.8321241340941,779.1150889414968
Ran,488.577041778007,822.3779044443811
Lamp1,490.2012426714545,677.4224190954399
Lamp1,493.0783145629098,510.5363365119436
Lamp1,494.8727377773097,545.4545176387988
Lamp1,494.9098240794259,716.0948210320237
Lamp1,495.3434486687661,651.1726501536677
Lamp1,498.9250857992826,480.2903828974722
Lamp1,499.3387805515412,516.585460216362
Lamp1,499.8730209479679,642.8354404740935
Lamp1,499.4578219646296,484.92116140202177
Lamp1,501.5548950160549,689.7924071325453
Ran,506.5160441001245,420.4522970431133
Lamp1,507.8874100218955,473.09197295387753
Pla2g4a,507.7969222339638,760.924914955186
Lamp1,510.71780669312034,801.950276552642
Ddx17,511.7339360920464,477.2253734358272
Pla2g4a,512.9086548648958,780.5124322301355
Pdia4,514.4175366609559,523.892640155096
Cs,518.1875670876151,448.24237896957806
Ran,519.4181203169435,774.2350710550174
Lamp1,520.1503808109919,585.8059691928643
Lamp1,521.6156765595018,724.0553571273014
Ddx17,522.4626424361521,600.0903976279503
Lamp1,523.1564659705454,760.6025785210779
negative_control,523.6517058921819,670.294838902174
Vim,523.5218219624865,506.00051136097
Lamp1,527.7944872516764,604.1503066162229
Pdia4,526.950803358161,718.3337352270736
Cs,528.018979958762,521.3780255168624
Lamp1,529.2587465634476,516.8496746458101
Lamp1,531.4180608404866,563.5337333873558
Lamp1,532.3935633991599,630.2254135964492
Pdia4,537.8949638907781,599.6486566094275
Ran,538.3132013039905,589.4327728103384
Lamp1,544.4371695750117,709.796572191765
Lamp1,550.9109931904727,486.46376288401206
Lamp1,552.2957376638401,665.588195407159
Lamp1,554.0706193267915,504.6002311903109
Cs,553.9473868689381,475.43056471568366
Ran,555.4014735253783,520.4165906328752
Lamp1,567.1075871948864,621.3199865909785
Lamp1,572.1796899853539,647.8396405029446
Lamp1,572.107821916907,493.1006632609341
Pdia4,576.0668256199008,461.2470229006865
negative_control,583.1437166248713,485.76548142477895
Ran,586.9822394147044,656.2507235671474
Lamp1,589.030523677309,643.6292468482845
Thy1,590.5612013446281,602.586378426109
negative_control,589.5757075786001,604.1146544610576
negative_control,588.8413255444875,636.3432859407662
Cs,590.7500292954306,463.3822351371507
Cs,593.1113668636344,522.8746101218932
Lamp1,595.0268740140657,653.6330107273563
Pdia4,602.8614877860817,496.7289123225289
Lamp1,604.5821231582102,560.5830720657298
Lamp1,607.5661132649276,558.511622128018
Lamp1,609.6508653169678,494.70420696493
Lamp1,614.6053266903978,504.09164187649833
Lamp1,615.0924959245211,612.4458297003209
Lamp1,617.0086727893699,640.1413379247117
Pdia4,619.1779981917317,597.6910256354108
Pdia4,619.4388325993137,615.1763453844479
Lamp1,621.0955932636087,646.0077694114441
Lamp1,620.916338854115,596.5296015921839
Lamp1,623.1968225469589,641.8107222402193
Pdia4,628.384630826221,555.9614149990051
Cs,631.1657799122887,473.1755450451013
Lamp1,635.852537884261,605.2271384066054
Cs,635.6149748168912,529.5113397810015
negative_control,643.7776204910053,578.1221094159719
Lamp1,644.1444843560176,499.1870571173391
Lamp1,644.1656132733841,566.138862206092
Ddx17,644.5256700963791,495.3851003477599
Lamp1,646.4208822409423,615.6426643026484
Pdia4,653.2054492769121,578.935334168448
Vim,653.5220864191508,582.4505791996683
Ran,655.4559240299476,468.8297385640238
Cs,660.9053503625961,526.8348545290683
Lamp1,661.4774976132118,469.1973055848971
Ran,661.6841457058915,522.4780877296428
Rpl15,664.9620603852172,520.0686001213033
Lamp1,664.8801368416005,466.0563074244527
negative_control,669.2595899059602,574.1591611611947
Hnrnpul1,682.060850785083,497.7945675677336
Lamp1,686.6192221231468,581.467365786258
Cs,694.6278682541358,497.46624517409913
Rbbp7,693.7339898447439,536.046041634404
Cs,705.3256224023561,558.0585789730659
Pla2g4a,706.6980068582213,553.7063109834185
Ran,712.4101425911737,534.945625613704
Ran,721.4939931609381,560.887731109018
Cs,736.1949510756353,568.2373231931807
Ran,736.5705552634646,559.4196010806561
Ran,738.4387073622034,529.9697576842482
Cs,738.7596620929476,536.2716650859753
Cs,739.3548982754877,518.3247668930946
Cs,746.7722597106989,594.1446452765526
Lamp1,751.9414760161563,604.791189420332
Ran,760.2127376894716,539.3971680995248
Lamp1,791.7976254106417,609.9663854934287
Lamp1,815.1524543001909,589.8956364900803
Gsto1,830.4982815213797,630.0930279868583
Ran,843.0250924858034,650.5948313522124
Lamp1,901.603463595736,673.5052007774501
Lamp1,922.2963680020024,732.4219125743739
Rnf11,376.0863059394777,849.9799390492883
Zfp36l2,402.7273555580007,821.6084106983569
Rnf11,403.0613076407839,833.1060560495316
Rnf11,404.7779071278704,866.8678449358681
Zfp36l2,405.6087789619156,772.5584216456236
Cct5,408.76044006798,768.7989721208869
Ppp2r1a,409.3120475573201,764.2287676990211
Cct5,409.61576119823536,884.2800959843199
Mrpl17,410.1920643935684,775.0089091314188
negative_control,410.7331239903015,794.0661314429678
Ppp2r1a,413.8374583108388,778.2056000162377
Cct5,417.03911824632775,737.7800002676313
Cct5,417.6741633956804,883.2272902803185
Ppp2r1a,418.8743700670651,887.518448079199
Prmt1,418.3710212984556,720.172985939079
Zfp36l2,420.6068299726725,835.1676025835444
Zfp36l2,421.0900191290949,709.6354096367497
Ppp2r1a,421.8853796970053,770.8859912420137
Zfp36l2,422.45417659849136,722.5066432123315
Prmt1,424.58898452492633,748.778433581246
Zfp36l2,424.9440842533796,741.6491626013021
Zfp36l2,428.0078333505383,797.3643591835569
Ppp2r1a,432.6038911359783,763.2556652860853
Ppp2r1a,434.7559813544621,661.8780429379242
Rnf11,435.525874850982,889.6542434872143
Ppp2r1a,438.0916858676058,621.6804088111717
Rnf11,439.753841578342,674.4065986190939
Cct5,442.4825565446886,686.2728802773215
Cct5,443.4695786354391,655.5524070340999
Zfp36l2,445.0128310234196,681.9054443592797
Snrnp70,445.8331260343014,861.6887381944922
Zfp36l2,446.3318031043676,861.6700926488921
Zfp36l2,447.2989856582718,832.9750492872864
Ppp2r1a,448.5540272439948,840.2440271443465
Zfp36l2,449.07937549123545,775.9264129386988
Zfp36l2,449.3307535402197,643.2798395049488
Rnf11,451.5859849768025,753.7499020940631
Cct5,454.1901681203415,684.7401820739519
Prmt1,457.7268196892373,746.6303604704229
Prmt1,458.4747065880143,848.5332388431517
Zfp36l2,460.6937820686028,839.1010899907337
Cct5,461.073500292264,752.2731801112991
Rnf11,462.3448047379036,807.7070532308556
negative_control,463.40711294795074,809.085407394133
Cct5,463.62751703512566,695.927708337256
Cct5,462.8323836658513,740.4808223065094
Prmt1,467.21735944113857,805.6871612230982
Ppp2r1a,472.8587627687558,766.8862659370807
Zfp36l2,474.04331405738577,757.6039258231835
Zfp36l2,476.4766935260985,859.912375326753
Cct5,477.5189585836789,778.5090967269458
Maged1,483.9124155519756,784.5015679456229
Rnf11,489.7254369257125,421.5929313618316
Ppp2r1a,491.3128358041936,512.9215595706094
Zfp36l2,491.6544728981228,818.7672820554333
Rnf11,495.8065326711773,470.6716405879231
negative_control,499.2763406230987,703.5984928339905
negative_control,499.625294528523,602.7227035367126
Prmt1,501.3981754983663,476.0337777816963
negative_control,501.8283810833787,797.2698381800202
Cct5,502.25175748704095,510.3164812815725
Prmt1,503.7495834666877,800.3609666120275
Cct5,503.8066701700122,774.2004879707317
Cct5,504.23848633931385,705.6181856450796
Uqcrc1,509.32612569833503,802.9912824895868
Ppp2r1a,509.2666943649089,674.9171041717491
Ppp2r1a,509.5927930502989,699.9978888511089
Cct5,511.1356744760147,771.604536327235
Rnf11,512.5314166136226,787.0799522918742
Cct5,515.3966951368353,477.16545756092
Vim,515.4577178496353,684.2975044009916
Zfp36l2,517.4496864053735,591.679096418559
Skp1a,519.5764336495625,753.3775796381805
negative_control,520.1977205149536,752.9845809054221
Zfp36l2,521.920653087258,557.6028145061357
Ybx1,520.5882862985972,487.9245759361266
Cct5,522.1652223119853,590.0790064878154
Zfp36l2,526.3666161762358,476.4465283892157
Prmt1,527.2987582526606,754.9408037627546
negative_control,527.12207580729,720.8081704265261
Ppp2r1a,527.8751105734823,514.6870153552842
Zfp36l2,528.9292573020414,590.3423960825878
Zfp36l2,529.339978295963,728.0742335150115
negative_control,529.3105262769402,708.9229308838551
Zfp36l2,530.3355224756782,496.7814274717439
Ppp2r1a,529.9937155415114,446.4074072635475
Zfp36l2,532.0736710407751,466.7917946910016
Cct5,533.8288693595587,738.4527944453308
Prmt1,538.8591962512194,493.37659365299146
Zfp36l2,541.4742379227804,502.06447361255925
Zfp36l2,544.0917197007589,541.7253490369167
Prmt1,545.2587090757502,650.959160825571
Zfp36l2,546.078371837136,692.4645030450527
Prmt1,546.6087952499959,459.7930565745704
Zfp36l2,547.0331574570121,548.8193368561267
Zfp36l2,547.1802293265488,598.5618641692815
Zfp36l2,548.2268822822932,587.3897816518314
Ppp2r1a,552.3667594871156,477.479433847182
Csnk2b,553.2853892040941,692.1002918101744
Ppp2r1a,553.1909405981964,482.4679930096826
Zfp36l2,555.7692467409263,570.6714259350479
Zfp36l2,557.6019938467164,552.3832717428159
Prmt1,564.1524331626829,499.0206512683724
Zfp36l2,566.2658326813096,462.260551892821
Cct5,574.0723124591274,513.0185906170445
Cct5,577.4544415968819,555.1472942652424
Prmt1,580.3771013659541,477.0942095319082
Zfp36l2,581.37765395495,504.1651084178612
Zfp36l2,582.1420016339607,555.5144856738814
Cct5,582.7053835042333,633.374628074477
negative_control,583.711468255924,619.1484650213087
Zfp36l2,587.5907811881011,532.2951423763324
Zfp36l2,592.8850997228708,494.388827870428
Zfp36l2,593.1797538130002,513.6126191828181
Cct5,595.0546322041354,655.583805912109
Cct5,598.8370759756439,574.857712930245
Ppp2r1a,599.0247782122102,523.8298809562226
Rnf11,599.1617973266603,635.4540211454978
Prmt1,608.4612305092124,550.5490915257947
Cct5,609.3823760166887,533.2324601051226
negative_control,613.054034593675,498.00183294935846
Rnf11,612.3849665008586,617.6669507303736
Zfp36l2,613.7662076277799,516.3728398430948
Cct5,616.4471689545429,526.582432005014
Ppp2r1a,617.1730723287133,501.28222821891006
Zfp36l2,619.9505609666014,513.4943799568009
Ppp2r1a,623.019095533975,567.9717540117108
Cct5,623.528149053645,615.3125918909554
Cct5,626.2150517965647,569.522120601551
Prmt1,626.8932709823628,563.8293453802246
Zfp36l2,627.3752878203192,589.8745322990467
Ppp2r1a,633.9044855161771,519.0322728423615
Zfp36l2,634.8860220523792,579.2899917626896
Ppp2r1a,635.8391502610523,512.4924263104762
Zfp36l2,635.9032381449285,480.555237880831
Cct5,637.0684512301448,508.69105623262703
Ppp2r1a,637.5730633973681,620.789934586805
Ppp2r1a,642.387459585661,604.9786689347382
Cct5,646.6943308527477,552.5921752328635
Ppp2r1a,647.2422247446702,584.2618376852304
Prmt1,648.0997637850589,512.6392567405294
Prmt1,650.9629141572173,498.1640207613343
Prmt1,652.8697844899506,625.2049050820684
Zfp36l2,657.6923614047239,542.0386154134766
Prmt1,659.9148076590766,563.6176624704433
Ppp2r1a,659.3593097858586,554.3408803721375
Zfp36l2,659.9761251539553,593.7547350523671
Zfp36l2,662.9647256955286,484.8154969893016
negative_control,666.7844672838369,601.0521360646674
Gsto1,666.9847245281945,603.3933641506906
Cct5,666.3470122312117,615.6210740828238
Cct5,670.0352368997139,587.1737851089151
Uba1,674.1686966819838,578.7977033788942
Prmt1,675.3028775589519,493.25092029847286
Maged1,679.4876123257008,594.0167184803108
Zfp36l2,681.0078068133778,564.732112902082
Zfp36l2,683.7253561623222,493.4863131137946
Cct5,688.0145112090752,490.7745354933533
Zfp36l2,688.7575508248079,481.59475454721377
Zfp36l2,694.8269696043233,603.6155454592317
Zfp36l2,704.2237200913626,544.3628108279449
Cct5,706.4379688514582,480.5960035463947
Prmt1,710.477849110509,486.1358906094554
Zfp36l2,715.7652891426118,534.519231771364
Rnf11,716.2081647166743,538.7697068846775
Ppp2r1a,719.3125484951179,484.7287948537429
Prmt1,720.7459811345857,567.2351980830174
Cct5,723.153483008127,563.5637542212451
Rnf11,724.2139222247322,538.3553907401362
Rnf11,725.1865455192051,499.7601910561293
Zfp36l2,735.9590843938257,572.3646469868098
Cct5,736.5837968402307,556.966902619897
Ppp2r1a,738.4116493261735,567.576419328943
Prmt1,761.4919802835994,529.8224481386558
Zfp36l2,778.3945016968644,575.9088925051877
Zfp36l2,788.5840126573839,605.4871073996395
Zfp36l2,822.9600711376348,625.5242877725383
Ppp2r1a,841.729842860794,647.5738339525933
Cct5,842.7596996859975,634.9345349925668
Prmt1,849.0716459198737,654.7897809631206
Cct5,864.8004017405444,639.3851356790124
Zfp36l2,882.8924179291145,651.1620393085461
Mdh2,392.35329478638863,777.197194501119
Mdh2,398.72846342682703,810.4508679661279
Mdh2,398.9488870776511,778.6859421740655
Mdh2,401.26802410831874,884.7293417803224
Sae1,404.6745970473463,811.1661739415429
Mdh2,416.0467279383821,756.0878481188298
Mdh2,424.1241077370233,737.4155716323007
Skp1a,425.5328500886509,732.9911917393333
Skp1a,436.0638475550858,871.0085018077018
Mdh2,438.3485979536896,658.0781426125684
Loxl1,438.4045739277052,688.0834710493241
Mdh2,438.89861228884166,648.2758110304344
Tmbim6,440.824492553868,663.1768164626083
Mdh2,440.88072070233983,799.6232509023
Tmbim6,446.85695504274526,656.1995828725802
Tmbim6,448.2093699165459,602.7293398204426
Nucb1,456.913644138964,758.2919898918294
Mdh2,462.4217035927008,839.5984869051499
Nucb1,463.9335617185279,649.2604183608375
Loxl1,465.2646986223151,568.9551324040335
Mdh2,467.1276881338159,690.5493165155303
Tmbim6,468.90900323811377,571.5998871907605
Mdh2,472.2065074175477,756.1804580175052
Nucb1,474.6544809278703,546.151578813236
Pcdhgc3,477.10460351289015,554.9933136894597
negative_control,477.1866432318743,723.9017339707726
Mdh2,477.9415541501298,611.5160543782326
Loxl1,484.0953911761492,544.3619659469393
Tmbim6,486.0615628817635,801.7671735186726
Tmbim6,486.24516803148725,641.4947700369161
Tmbim6,486.7985722906757,556.3790214582125
Tmbim6,488.7621330597717,635.1658546117186
Loxl1,489.29063782674393,515.944329088231
Mdh2,491.1040116550394,812.8417402318803
Sae1,492.8703930653275,649.2320632478738
Mdh2,497.3802282231722,780.0876942032482
Mdh2,498.6514982616171,648.6937750393597
Skp1a,502.01548400698783,819.3040724485363
negative_control,505.0748679466644,775.9474998546879
Mdh2,507.8988222195522,611.7658931768763
Pcdhgc3,516.6092816229514,696.583312419837
Tmbim6,517.2434806921126,650.2872942023414
Tmbim6,520.6650696176831,743.8588642672255
Sae1,520.8147011406677,770.9495196064295
Pcdhgc3,520.6464769539551,508.0136185040352
Tmbim6,521.7245970699651,571.3277237201207
Nucb1,522.4682109647898,456.0930929419503
Pcdhgc3,522.9900847378045,461.0185059181052
Loxl1,525.1908380959478,719.7829626573896
Pcdhgc3,529.7264143852183,657.9364480065724
Pcdhgc3,536.7577241375939,534.8620485448828
Mdh2,537.4983193218817,468.8385739937427
Tmbim6,538.3824258823754,552.7277155487359
negative_control,539.2538204974078,698.4881552335307
Mdh2,540.8338593068536,501.2187920276854
Pcdhgc3,542.8159281679712,486.09791268867
Loxl1,545.0577106022807,475.8911446220424
Tmbim6,546.101102039557,552.4622527308204
Loxl1,546.7181681708528,624.2573649538101
Tmbim6,552.1242066449504,508.75352351012816
Pcdhgc3,552.123313233284,474.7779337620578
Vim,553.4597374952298,579.8389668933804
Mrpl37,552.8576782631787,580.3177896982374
negative_control,553.7676703332788,653.741979480641
Skp1a,555.4716947913705,587.424245069985
Mdh2,557.5619102950449,644.925846040555
Loxl1,574.1209146805809,648.254832771088
Tmbim6,578.1461838830807,639.6391413907753
Pcdhgc3,591.2750101525389,502.6598846771246
Mdh2,592.282185141645,457.287912450467
Mdh2,594.5405205047464,507.196960727522
Tmbim6,595.8682684170428,484.0219203971317
Tmbim6,599.6545250719939,504.0709760165635
Mdh2,601.3568691241131,609.9682041374397
Nucb1,602.154717249414,466.0430629157108
Loxl1,602.8269029702741,617.340988631941
Tmbim6,603.8801514055976,643.7343884685288
Pcdhgc3,604.8040707711032,510.5982397781317
Loxl1,612.8743477244491,479.0187405890587
Loxl1,613.9386356332391,527.8894241706344
Tmbim6,621.226985257292,638.0282372891722
Nucb1,620.5431410866604,593.9211155196737
Tmbim6,624.6886181141995,478.32519566454624
Tmbim6,624.5688184973401,619.2092126126993
Fkbp4,628.9793888351,491.2104701777598
Tmbim6,634.237650949536,530.1367577189984
Sae1,636.0760765070004,538.6299506870538
Loxl1,638.2970973721956,503.8673140334769
Nucb1,638.9513397263554,574.2657890719618
Tmbim6,639.8405909644362,480.7310321455189
Tmbim6,640.0807017201627,586.6651566279672
Mdh2,644.1576314098276,495.0656137216509
Tmbim6,645.201973095169,532.0423482206568
Loxl1,647.098878007914,534.1301644780318
Loxl1,648.2528260124213,618.7753984265722
Skp1a,649.1121637725422,599.7230850851627
Mdh2,649.7456250821788,487.9484818772647
Mdh2,650.881635081048,548.1872970833876
Tmbim6,653.7174380095571,472.35116707596046
negative_control,660.8866683300394,575.8470053484871
negative_control,665.308946574542,475.6043928172427
Pcdhgc3,666.486714156395,612.1531378468194
Mdh2,670.8701314665008,468.0273666854863
Sae1,671.6635665186506,574.3898309003662
Vim,678.0426152812374,552.1601307361353
Loxl1,677.1997453346983,498.8116576789989
Uba1,676.244860960869,504.5133730948395
Skp1a,684.4479539988471,602.7002205374072
Skp1a,688.2423485087472,590.1721611963249
Mdh2,692.814321835391,533.2244308583204
Tmbim6,694.6695964814644,530.5929000315274
Mdh2,698.1419485080957,502.2512589027225
Csnk2b,697.2276199235994,502.1338302028164
Tmbim6,726.3582989994093,524.7722619911021
Mdh2,728.8849460171219,490.8284860976672
Loxl1,736.3484524129846,577.3297039581994
Skp1a,739.1421811416359,541.7309782637683
Skp1a,746.4300768008527,535.1541700100248
Skp1a,756.770084962528,558.0221201667592
Mdh2,759.1175755870444,532.7541858206595
Skp1a,765.0538010320984,574.0307402728401
Mdh2,765.5267572005378,547.2462195953012
Mdh2,771.739017287468,555.5016143365823
Mdh2,772.3287357532811,570.5363823825737
Skp1a,794.5492772099199,599.3790902233777
Mdh2,826.2289509705108,618.8821758963427
Mdh2,832.1922220465973,636.2280796052311
Mdh2,831.7157365727966,631.1285477286577
Mrps18b,371.9569167787676,857.3047880060634
Ybx1,372.1763143319218,856.0521623556265
Lrrc59,374.7109698315923,819.3397011804827
Lrrc59,396.5340755639063,802.1354762589367
Lrrc59,402.1279545357437,776.0082123645889
Lrrc59,409.4166190930484,873.0409286491214
Ptgs1,412.7743292986335,760.7764726094812
Mrps18b,413.95550789319554,801.6565078477295
Myh9,416.2609425366084,761.7333401038951
Myh9,416.680008969846,755.830699158538
Lrrc59,417.3463912477636,844.4701294166128
Myh9,422.7082604267666,850.7314528435311
Mrps18b,424.33574943187625,877.9436614141338
Fus,424.2356153295088,729.5615690389915
Myh9,423.43594093106833,762.4154606406471
Lrrc59,427.5788644255681,824.2386339680007
Rps6ka3,430.2319123863568,726.9163918133855
Myh9,441.4118892234511,845.3707595234587
Lrrc59,440.8827605578971,623.1192409297021
Thy1,444.84359163101647,625.5437005865563
Mrps18b,446.3068408865093,880.8169779071704
Ptgs1,448.9450955404082,623.7085566540271
Thy1,451.17885882735527,620.4474389857746
Thy1,454.4780453544978,601.3411900682047
Mrps18b,456.3331140710161,625.9665141357722
Fkbp9,458.5113514209442,725.2717525370156
Maged1,459.72766796781934,731.7855988484437
Myh9,461.9973138963796,743.3171074221355
Myh9,463.9048176499698,824.6110816935986
Thy1,466.0575987630749,715.0068130977922
Ptgs1,466.6100016339624,652.2500816265392
negative_control,466.6461613769097,799.5387186705317
Thy1,467.4818261508297,585.9807742448509
Thy1,469.5833398185408,756.9234686233441
Myh9,470.2539579490349,821.944160412642
Ssr2,470.69108416024727,617.3023531349728
Thy1,472.0399387539069,579.6884596623524
Ptgs1,473.3296485791576,625.432256880842
Myh9,474.9104002596473,773.1672334829623
Lrrc59,479.5207793340483,796.5425106398843
Fkbp9,480.050325133981,687.0905875561944
Ptgs1,482.4335843188917,748.2241247751176
Mrps18b,483.89876022931793,585.2164791897343
Ssr2,484.5126442897631,755.422237515386
Thy1,484.9149969251319,702.7676881359521
Myh9,486.1656141457019,431.09360981460645
negative_control,486.35995710822135,691.1359195467159
Vim,487.0284049657115,691.2949873156672
Fkbp9,485.944994243056,691.1830319665332
negative_control,486.3426542060418,690.7885860531378
Ptgs1,488.35391343635695,577.6790746352208
Thy1,490.91892693429554,510.1621729772421
Myh9,492.15297413370354,782.2741501959076
Myh9,493.2412181994925,788.6026217078154
Myh9,497.89341840764007,793.8656659019116
Thy1,497.754959428944,734.8095654334387
H1f0,498.83523243433285,532.457686721229
negative_control,498.1230347382949,533.9540188896341
Fkbp9,497.89487930541327,480.5723065737809
Ptgs1,498.2444822829133,719.346698378696
Fkbp9,499.8875186536389,520.0377070860502
negative_control,500.89153333162415,674.7575519690987
Mrps18b,500.3468381154206,523.8395965368163
negative_control,501.6063643346048,802.9620540227376
Myh9,501.1068257388191,449.3011659968357
Thy1,501.7506100063414,533.7826883069991
Myh9,502.49359599220327,791.9485390801004
Mrps18b,502.7683952974722,549.2150601963511
Gsto1,502.3058161416258,767.2278246954286
Myh9,503.2817325464271,766.6675669397168
Thy1,504.4347724752738,688.9368305399717
Ptgs1,505.91231218221264,446.4599017088975
Thy1,505.5657516455519,622.354270059584
Thy1,507.0960200922054,815.2457024103674
Fkbp9,509.4153782321444,726.6076364272385
Lrrc59,510.2450725178242,792.3790570884029
Ssr2,511.57314281218544,601.2689670252013
Ptgs1,511.4808682760306,536.2394934167137
Thy1,512.6035362125292,613.2314995181233
Thy1,515.7516926936081,487.9533472719568
Lrrc59,517.4881452516456,700.317121357884
negative_control,518.5985500959105,668.9444494718938
Thy1,518.6201103854016,650.8663236239883
Thy1,523.9746301235912,664.3759300272104
Lrrc59,525.3400764169642,503.8725331899664
Myh9,530.5648796004804,457.2199794124699
Thy1,530.1645835679425,727.272934116709
Ptgs1,530.2893831331007,539.0990252351385
Rps6ka3,532.0070541003504,459.7905617559656
Ptgs1,533.7310633105702,475.094731517897
Mrps18b,533.5724532100857,670.3284176470677
Vim,534.2602844616333,512.9433334721185
Thy1,535.0601667897146,513.1904712516107
Myh9,538.0487365754224,545.5252299623796
Gsto1,538.0408077202528,446.25109996707147
Ywhaq,537.9032813862924,446.9143409693728
Thy1,539.0156355917077,474.99100503660696
Thy1,539.0451566723586,671.6148864566173
Thy1,540.4488943945485,690.2039361240322
Myh9,541.0510040423625,495.79677512931306
Myh9,543.7834965958872,441.7477835835886
Ssr2,546.6791793854586,447.1979456953623
Thy1,548.0242313265542,468.8971149615656
Thy1,548.2088036954299,459.7152571764494
Vim,548.0873161338573,459.6154899987406
negative_control,549.3530277062016,665.5100503308715
Fkbp9,548.8357011057092,667.484304621916
Mrps18b,549.2225368747067,447.98608593234616
Myh9,550.928266768299,681.2109802978308
Thy1,553.2692126243319,642.6971997943209
Ptgs1,555.323261167865,616.3152174866912
Mrps18b,557.1149486215261,653.4571029625075
Thy1,557.6920170633765,683.5767192195184
Myh9,559.2127829565623,674.6079588432151
Ssr2,560.3959970047083,632.0237430734107
Ssr2,561.391589540121,461.7165068439446
Thy1,561.3711620080701,452.0546510261321
Thy1,564.2629195809898,555.7325865862191
Mrps18b,567.9870177958409,574.0414828993628
Ssr2,568.1636287440424,470.2325337879476
Ssr2,567.7307709704385,466.0912655366248
Thy1,569.4147599386073,614.5772430341705
Lrrc59,569.5497901133533,552.3418570971743
Ssr2,572.866592563905,597.8179055030321
Thy1,578.8324819584469,611.5532414959741
Thy1,579.9200122293877,641.266551488781
Fkbp9,584.0597548788518,598.7055932051243
Ssr2,583.6902445894091,579.1147382251133
Thy1,584.0467892905383,519.4667443724487
Thy1,585.2136251523223,475.3161805443186
Myh9,587.1236262019992,454.8843464893063
Ptgs1,588.1525223607503,525.3232189270975
Fkbp9,589.2729997164644,584.0297683644862
Mrps18b,599.8734193593019,637.3740543106419
Rps6ka3,600.792823928334,516.5348160309137
Thy1,600.7606551182398,596.6458221503773
Fkbp9,600.8641631312375,509.42958760339593
Thy1,603.8505992790956,639.2548917713691
Ptgs1,604.3651467604127,486.20284026277056
Thy1,604.1542334086637,625.8677365272242
Thy1,607.1348039147977,623.4307029620707
Thy1,612.8735441368082,583.7912325665106
Thy1,612.0874831692937,611.6691891050818
Thy1,613.622695577182,635.619451498737
Thy1,619.14921819915,481.4091723847041
Ptgs1,619.4726179621034,624.6228338393335
Myh9,619.8709269878825,644.3610895415086
Myh9,620.118687416267,524.2844223029288
Fkbp9,621.3316259486461,494.4642211486567
Thy1,622.343021437465,628.0295056501805
Thy1,625.80738949896,618.1925480457445
Fkbp9,629.1165467619586,525.9520003801128
Myh9,629.9840394281719,623.2507885573852
Thy1,631.1142936418373,600.2381130851778
Thy1,635.3245693701165,534.6284301595098
Myh9,641.5799716503609,501.3097624947895
Fkbp9,642.8572801401151,535.7686957061456
Thy1,643.5423567877576,515.935065230164
Ssr2,644.8770282938393,520.9407363902654
Ssr2,645.4809507004967,526.2837125114065
Ptgs1,648.4818626267535,507.5329395572253
Thy1,648.9136081533359,535.138717721045
Myh9,649.2505339471511,530.6452902819118
Lrrc59,651.9490170183143,593.8653208560436
Lrrc59,652.7691282672743,552.0758130093341
Lrrc59,654.3692765716913,508.1230350257953
Thy1,654.7053897606435,544.6186589424487
Thy1,655.8256424163226,576.2391812191722
Thy1,657.392625234527,559.0471936724001
Thy1,660.7726730980726,547.2011931963725
Ssr2,665.5824004413053,564.7548223849557
Thy1,666.0907799187972,547.8314848830079
Thy1,666.0787189269623,543.1194414481818
Myh9,675.0069232158294,574.765937127426
Mrps18b,676.4085869885687,481.8256624675404
Thy1,679.7327352834479,544.426556769359
Myh9,680.8920763932571,563.3083555011494
Myh9,680.9930573038537,471.06811009637465
Vim,683.2488616782966,587.2650085948137
negative_control,683.1193645137557,532.5758571681039
Pdha1,683.9276328518895,570.2715574736758
Myh9,686.5501076890773,511.1777582613844
Thy1,686.8681213718587,503.7097192195889
Myh9,688.0412363797506,550.9619860510475
Myh9,700.7335713494977,469.5772766460328
Myh9,701.8519880935002,639.1919653650522
Myh9,702.4728996270745,479.1013799110573
Myh9,708.0925269209131,556.584392637422
Myh9,710.439711744441,563.0667166706959
negative_control,719.1752517663369,498.2772322636998
Lrrc59,719.8561755747429,544.9332939633451
Ptgs1,730.0352426213258,540.1066446063771
Vim,728.6127675483744,539.5637177944935
Myh9,730.0414649223092,501.5577227762452
Ptgs1,735.4886604993818,508.9444352835425
Rps6ka3,735.9984426419336,531.1662152545937
Lrrc59,736.4065347930087,567.5375320160587
Ptgs1,736.3905620522099,563.2637282452024
Myh9,739.766847695144,511.8485612472996
Myh9,741.49897769527,599.1132301894378
Ssr2,746.3778922944646,499.0988474098604
Lrrc59,754.1105257298384,579.1340757012595
Myh9,762.9112076558431,530.289066552453
Myh9,765.1073637946271,567.8507583876246
Myh9,767.2720197654545,561.4020440867514
Lrrc59,770.5124685004489,557.8845564863514
Lrrc59,779.8592326571323,592.7666660511003
Myh9,785.0122521268704,583.8859115033983
Lrrc59,797.3859974975495,601.4916919441466
Myh9,811.2287939743464,605.8928786417456
Thy1,814.4436905123202,632.4375374439256
Mrps18b,826.4042847903685,615.1328609935053
Mrpl37,853.5428952898118,667.8042701285748
Polr2m,368.83409998657714,859.0293430154155
Gsto1,370.9281158251548,860.3286285421966
Gsto1,386.2430470734951,852.1365244509849
Gsto1,391.1699479553341,849.4959527512331
Gsto1,398.25787548625374,791.7136763303831
Gsto1,398.2925088050993,874.8969665269066
Snrnp70,399.6506582962992,867.496274456608
Uqcrc1,398.8754871420901,815.7300559139107
Uqcrc1,399.0278965629768,838.165941050399
H1f0,400.5604926509893,835.9900108391962
Nap1l1,400.6999760712454,807.139271202388
G3bp1,404.4213625673558,760.6452317526563
Nap1l1,408.6005601652365,787.6698141328294
Gsto1,412.79431889115045,855.1628323450816
Gsto1,412.98535652734216,841.443468122787
Gsto1,419.0056841101199,890.0695205162971
Gsto1,418.4941076553126,756.7682474931723
Gsto1,420.281869728697,882.4475148778882
G3bp1,420.9878287581,707.7180428046145
H1f0,423.6254265415552,688.4509145064229
G3bp1,426.2064511734388,839.5643199527663
Gsto1,427.4937484626177,829.1431597792275
Gsto1,427.0565758336761,752.1058985599278
Gsto1,426.5345690384663,703.5693628753304
Gsto1,427.701551823838,863.9121201153638
Gsto1,428.3979761046454,882.5375853532746
Gsto1,429.5880423748377,746.8379669674755
Gsto1,433.5254014401274,878.2997310773362
Gsto1,434.36959398356805,744.3400473022127
Gsto1,433.8559626817896,624.4776320648559
Gsto1,436.443567025046,856.5792256016872
Gsto1,437.2161646289432,819.3237964693901
Uqcrc1,441.0918036730452,797.1813200853454
Gsto1,442.4061972683403,887.3928744520098
Gsto1,444.4424386942745,817.8626458750127
Gsto1,444.46288705683537,659.2223546311363
G3bp1,447.1626283905707,702.0805722091702
Gsto1,448.1662379028087,859.22829181728
Gsto1,449.3922246577131,617.6861611717326
Gsto1,449.8687638239408,823.2911764374225
Gsto1,449.2558423606134,600.8887809548787
Gsto1,449.3520181029245,843.7540903060733
Gsto1,449.6489959972513,873.8748653979732
Uqcrc1,449.8257687859736,681.0155721225324
Uqcrc1,450.5401428274659,861.0155863925567
Gsto1,454.2364676670077,829.5194388932467
Gsto1,455.1588452768453,855.5824962755709
G3bp1,462.39888413584447,735.3454806860677
Gsto1,461.8653329921978,692.7299053727482
Polr2m,462.2444626648348,820.0262479569458
G3bp1,462.3601740805125,687.7911514766522
Polr2m,462.6236095785104,866.1725969192353
H1f0,462.9492129734738,767.5115922302411
Gsto1,463.5099473323852,841.6555779462814
Gsto1,464.7735945285654,835.8325206562922
Gsto1,469.5106936114816,725.001719739721
G3bp1,469.9302761660334,834.645905984071
Gsto1,479.57081777437264,839.7930145423209
Polr2m,482.36538856844254,708.4968280311153
Uqcrc1,482.79029177093327,612.5731543097938
Nap1l1,483.9516136122861,777.7247023849762
Gsto1,485.36396985552665,544.9103391799404
Uqcrc1,487.5846623338875,525.6813013778161
Polr2m,489.7911869096474,429.26330683601896
Uqcrc1,490.6020615672167,698.4843784535008
G3bp1,491.6373865317595,785.626615467912
Polr2m,494.5528907987745,780.345958066173
Nap1l1,495.6032522107022,429.5895790190772
Polr2m,497.1671461043999,734.4045085724729
Gsto1,498.6268885666215,563.8523240686563
G3bp1,499.2258410311504,780.7926138237299
Uqcrc1,498.8093870280384,742.8489435652855
H1f0,499.8854236485844,671.7794643715981
Gsto1,500.9755820829836,453.100924782994
Gsto1,501.1157034109421,431.073664309068
Gsto1,501.07672157074217,690.2867264128175
Gsto1,502.4730604993224,660.9620501732342
negative_control,502.5766562461312,697.9512720627429
Uqcrc1,502.7338236787036,464.2165775880728
Nap1l1,504.5268057301094,771.1909375866953
Gsto1,507.0276396301316,617.7184480360476
H1f0,508.5032637827171,532.1924587432127
Gsto1,510.274656768132,456.8019254456183
Gsto1,512.0844737268146,620.5643566679735
Gsto1,512.6817740518059,794.4423001299118
Gsto1,513.3416002682225,768.5002903610732
Gsto1,514.4703142499308,478.00257049494286
negative_control,513.499070891132,737.6624162663796
Uqcrc1,514.5358765029096,798.1594693871524
negative_control,518.1143996992741,640.8034617256787
G3bp1,518.2652557403999,469.1841457736956
Gsto1,518.5152416137912,539.0061636974563
Polr2m,520.3794988024779,491.7381678691329
Polr2m,520.9877282589238,767.0799538323449
G3bp1,522.5635296343557,495.8925786829624
Gsto1,525.4433761877383,715.0031989602167
Gsto1,528.7223083276416,675.4120250487772
Polr2m,529.145503363294,584.2963927830267
G3bp1,531.7028465882725,741.2777725841203
H1f0,532.2025554183263,594.0073320508309
Gsto1,534.9329373854218,632.9105397598105
G3bp1,533.395316613578,479.3739140774517
Gsto1,533.3442461134156,725.8430978594458
Gsto1,534.1151747348435,736.8136500903645
Uqcrc1,535.4922009658533,434.5371148058061
Gsto1,545.9599229159475,496.7848821852453
Gsto1,546.8207585027076,698.594882244274
Gsto1,551.8041691200964,501.00981112137
Gsto1,552.6822698064515,641.638884463515
G3bp1,554.5292370697887,454.69006432014834
H1f0,554.7074266512334,496.07898328061856
G3bp1,555.3612735558588,472.2815316573896
Polr2m,563.3736810214672,588.4453662872653
Uqcrc1,563.8667789584654,547.8584526421674
Uqcrc1,571.2680120984654,559.9562196001493
Gsto1,573.7398907673663,505.1841361526274
Uqcrc1,577.5610508790594,641.0889799120315
Gsto1,579.9604112953702,494.6160322965616
Polr2m,583.1072373558934,479.4830262026541
Gsto1,585.8784335131043,482.6771296868641
G3bp1,594.8938868798721,505.9388632590213
Gsto1,595.3389274758275,651.8730926142196
Gsto1,598.1837276804739,525.9988471019143
Gsto1,607.8823340485602,570.7485731144307
Polr2m,610.7879759333541,498.8647951351589
Gsto1,609.6444389918103,466.7961424373553
Gsto1,611.2752521527724,651.9704706669194
Gsto1,616.2067814941144,591.6742599858005
Gsto1,618.6421151344539,637.219128992844
Gsto1,619.7248802696631,481.7378398433907
Gsto1,620.5760380131123,622.7353259246922
Gsto1,622.2604858728855,546.1426931235542
Gsto1,622.6403290815762,477.6054714095306
H1f0,623.1172093671001,506.2298124047254
Gsto1,625.4843806289612,487.9535441103706
Polr2m,630.5836979008017,533.8133935539672
Gsto1,634.849417172212,517.5949821374477
Polr2m,638.4408970339096,584.0017426790929
Uqcrc1,637.7623551581056,624.3840976997735
Gsto1,641.6718665580908,599.8491887645797
Polr2m,649.6462715882618,468.87781848601776
Gsto1,653.7098157146224,485.48486372153
Gsto1,654.7222108022202,520.7517873886229
Gsto1,655.4170499444192,598.7059447585344
negative_control,656.2034803158222,580.5820062656719
G3bp1,660.5231239215316,576.2874822146479
Nap1l1,666.5395928595177,492.7309472763136
Gsto1,674.2479481319558,537.296072962763
G3bp1,674.7166527782379,525.2491905016795
Nap1l1,674.1354699140891,484.2730210170836
Gsto1,683.5377933403875,484.2092154360033
Gsto1,684.1420269244196,539.0984522019658
Gsto1,688.2011325604276,635.8599958570869
Gsto1,689.5162267804676,494.327820279276
Gsto1,694.3249830683288,514.1139774481528
H1f0,695.576319138355,523.2458338307638
Uqcrc1,699.1595353534747,502.9569224177924
Gsto1,699.2172223625064,527.5009005403882
Uqcrc1,702.2751470089222,638.5421214169455
G3bp1,703.4984733567316,604.6903849840312
Gsto1,704.4535529394562,486.43752263589175
Gsto1,704.5716273312719,626.1937943728869
G3bp1,707.0638523992859,493.7976514499855
Gsto1,711.38128405296,506.875327083253
Gsto1,712.4398844217704,497.3459887729422
G3bp1,718.5654514839985,577.2612582420277
Gsto1,723.191209193232,528.448449519137
Gsto1,728.5006434110528,486.6130725083877
Nap1l1,730.1787241410199,579.9831014217772
Gsto1,733.297404544301,562.6030196619015
Nap1l1,738.879181497099,540.8179000573678
G3bp1,739.7124005652818,512.0817665188124
Gsto1,741.5834960417653,537.5916239305506
Gsto1,747.6865287074963,535.0620224589261
Gsto1,747.1938712033525,581.3957656862311
Gsto1,749.7865974313017,541.0413482028805
Gsto1,751.8506610355091,582.4367665217749
G3bp1,752.2494278601691,550.3322063041378
Gsto1,761.5835763338907,536.1467726701136
H1f0,764.631122087522,593.6929736755271
Gsto1,768.5007106897324,543.6092741435376
Nap1l1,789.3121305803678,569.3444409026131
Uqcrc1,790.7517779795149,567.3087653035683
Gsto1,796.7149741807723,607.9205808577906
Gsto1,798.9386249479701,596.8375315689954
Gsto1,807.5360906854014,598.2910901859369
Gsto1,808.9601311770522,626.6679493243022
Gsto1,813.4228396489497,625.5460273724171
Nap1l1,825.2517609885977,640.1906148783107
Nap1l1,850.3036150239392,651.7409338629473
Gsto1,868.2021601080135,672.4802997515758
Hnrnpul1,405.4975478277467,878.3492406929918
Hnrnpul1,419.25445337581095,726.1348345831318
negative_control,433.2851360402344,701.8843027463976
Hnrnpul1,453.95453099343626,808.7843596709105
negative_control,462.8984542672266,731.2372709553579
Hnrnpul1,463.2600921734469,667.2805211243343
Hnrnpul1,464.9167311213824,814.8674132547983
negative_control,481.2989629726012,665.594817595723
Hnrnpul1,483.9632888343377,835.4038118167173
Hnrnpul1,487.41015632619394,818.1675996862082
Hnrnpul1,487.8685455299987,696.4673053412921
Hnrnpul1,494.3189938713396,499.59677639052745
Hnrnpul1,494.9048735857366,461.6677929504612
Hnrnpul1,496.686522913304,450.87637534695534
Mrpl37,497.8216380134725,422.3294764558879
Trp53,502.9378472851892,586.7386883463795
Mta1,501.9951039722971,586.3559541572454
Hnrnpul1,501.51528323802415,587.0977366442174
negative_control,502.8825689187777,710.8095609690183
Hnrnpul1,507.0184959702224,788.5465993792536
Hnrnpul1,508.12954663351866,711.865041640243
Hnrnpul1,514.5413493843722,471.3799010479238
Mrpl37,515.2353169989659,450.5416809258107
Hnrnpul1,521.3372701613565,441.71787095929983
Mrpl37,528.584125332643,589.5294523577783
negative_control,547.9500820355007,444.0928579057292
Hnrnpul1,592.2648531367323,467.31944091020114
Hnrnpul1,611.9761937789905,635.9058125774484
Hnrnpul1,630.8569988556383,501.6002879757704
Hnrnpul1,636.7198127388441,487.0006373104792
Hnrnpul1,661.3801870446154,487.0791665040024
Hnrnpul1,666.1063019195481,580.7575704685397
Hnrnpul1,681.4634543607682,529.8435079753265
Hnrnpul1,686.2274560377383,590.7481701737916
Hnrnpul1,696.9414082105043,507.8832841818984
Hnrnpul1,701.3653603233081,576.9208650926353
Hnrnpul1,721.3330011048199,552.3339366972956
Hnrnpul1,727.2982928235805,539.1845492331818
Hnrnpul1,728.6206388538285,501.2758881584531
Psmd4,392.70083492095193,866.2244944909968
Psmd4,406.3115977942881,803.2331994324292
Psmd4,423.66809106313366,879.3774818048379
Sf3b2,432.5717248589976,677.7760373193528
Sf3b2,433.6036085651088,886.1245785023475
Sf3b2,434.1474928249082,720.0537792885928
Mrpl17,437.6892767168008,818.9169695986495
Mrpl17,443.983733214774,850.8016824491085
Sf3b2,446.0305586547644,729.2558787290114
Sf3b2,446.6193316900177,830.7429877065977
Sf3b2,453.5912153392606,834.6473508909968
Sf3b2,481.2281567484147,772.8660962644055
Sf3b2,486.83035337594913,749.3686041567537
negative_control,490.9305989388297,770.6846266334135
Psmd4,496.60384308276485,570.3904254452935
Sf3b2,498.2756186734545,827.4901174782444
Psmd4,500.98496446261015,484.3293857648048
Mrpl17,505.2256050881355,513.3180986172706
Sf3b2,506.6550893549119,448.4794112322828
Psmd4,510.5087897954447,706.9658577794063
Psmd4,514.576384414386,460.9772792885103
Sf3b2,514.6004549842437,770.4880503043928
Sf3b2,517.3547114849341,499.9727566543365
Sf3b2,521.069920364765,444.152867456488
Sf3b2,523.8299024398094,674.9255368547639
Sf3b2,525.9656277086743,594.1991784400101
Sf3b2,527.5325525437112,747.5279175716117
Psmd4,537.8576086888211,568.7620119783703
Psmd4,541.8927771493702,641.3833376832836
Sf3b2,545.5441701634254,606.9864820502374
Sf3b2,551.9054690814836,682.6443819093693
Sf3b2,551.5168220403318,460.54618501098383
Sf3b2,552.0639309195401,496.5071322583598
negative_control,555.0829776211708,674.3046706508956
Psmd4,557.8871373354434,682.3219704118368
Psmd4,558.88274909559,554.7294474630521
Mrpl17,563.905798184031,457.4949927714311
Sf3b2,596.4354454961274,521.7120938534256
Sf3b2,607.1707413228569,514.2266929786407
Sf3b2,608.3955313526625,650.2255985807474
Psmd4,630.6643564937749,563.3439568002792
Mrpl17,650.3675457113341,602.5064889475885
Psmd4,668.6784643286701,621.8732718265335
Sf3b2,680.5317529298205,596.1194662074154
Psmd4,682.7908590707707,552.1662316361067
Psmd4,685.7874223469175,628.1594964669692
Mrpl17,694.9562141036945,503.2242022213364
Psmd4,697.0487778738759,545.0939681300615
Psmd4,697.781057278768,533.2568840326807
Sf3b2,707.7251182704341,550.8554038242609
Psmd4,709.8784994993405,571.5476615363855
Psmd4,712.8368784323636,518.4452609771566
Psmd4,725.7882478102272,567.0365059372014
Sf3b2,742.9563707987663,539.7440127318822
Sf3b2,774.4303911432627,579.4636385570514
Sf3b2,776.8217517938344,553.792381973884
Sf3b2,784.7125091497919,565.1477963878344
Psmd4,795.6658467943836,577.2482215466937
Sf3b2,802.9147031728294,624.7356148852588
Sf3b2,825.2416306857996,611.6588733469202
negative_control,419.666452703477,778.3339493949139
negative_control,451.8230884718808,745.1067714041992
Plk2,478.54785104036506,827.8279646325831
negative_control,484.9829102511637,618.5866548258356
Plk2,539.9380488461796,689.3058551717405
Plk2,630.729539459368,572.2955309786739
Xdh,395.3041984869108,873.8767322814297
Xdh,413.3257078867547,797.5929076027162
Xdh,432.0892527885019,678.2745509557548
Xdh,433.1356901665364,780.0132442876135
Mrpl28,437.6104937563047,646.5625395301903
negative_control,452.0787163583215,753.4216330238843
Mrpl28,451.9345045708758,756.2061713907297
negative_control,453.684172534768,611.133043904987
Mrpl28,464.01426520945495,600.0379428327469
negative_control,467.5985268100789,703.7002128318536
Mrpl28,471.7555099881856,745.225417824249
Mrpl28,475.41038133300094,771.3027794085496
Xdh,479.4022433509036,558.6121090783954
Mrpl28,481.34635824147387,679.5353568890505
Xdh,495.83178970993936,492.933417522848
Xdh,518.7730009718377,767.5849689445811
Mrpl28,520.9810618941261,687.2353104602561
Xdh,525.2200915379123,747.0997791041316
Xdh,528.3732257454774,447.0777928410112
Xdh,595.4518681250267,480.02114750946106
negative_control,604.9477118828509,494.40600398120273
Xdh,611.2431338460756,510.44767462895527
Xdh,625.7634211049921,604.0493186297551
negative_control,639.0578956556594,478.2024061950564
Mrpl28,651.1473335099507,521.1669514549569
Mrpl28,660.0348963390302,488.6632121194537
Uba1,663.4856564449948,556.3715325375252
Xdh,664.2412515555351,477.3633238251359
Mrpl28,695.176159945024,485.2251644704917
Xdh,702.4195851495216,577.5678941113415
Mrpl28,714.3221615884253,475.9817057098048
Xdh,769.9729509181823,540.8998867992693
Xdh,775.0779781838999,573.4475507783103
Xdh,808.7293374410408,618.5731890910529
Vim,387.0494561727297,875.9216926941048
Vim,388.61373709817536,872.330674013133
Vim,389.62789790359386,822.8318519179836
Vim,392.6836723071215,805.430615040223
Vim,410.8041670025439,818.5764767967815
Vim,411.4518187969318,798.9206919607384
Vim,412.7846529325802,770.557388890141
Vim,413.2804710031677,732.7436913039287
Vim,415.7799540374402,815.1457038747892
Vim,417.05337244511736,796.0541647083431
Vim,422.5666223207765,685.54120875542
Vim,423.5120900939767,829.6973981109618
Vim,426.80436915034136,684.397296170275
Vim,427.2377279633886,692.3231755338286
Vim,428.64668267194,876.197061945875
Vim,429.5997930690946,651.2010403793824
Slc25a1,430.63299852894977,800.6505662423749
Vim,431.0108431055661,677.6666201280102
Vim,431.5048822864392,776.4716651099491
Snrnp70,431.7777675332615,803.1799856300242
Vim,434.4139072975634,665.0846414649191
Vim,435.1678540705503,702.6368090535112
negative_control,435.2273141392433,756.0485840309088
Vim,437.1616777617688,629.4162086443273
Vim,437.1058798463823,738.2155950906853
Vim,437.0817566981039,785.0473380680971
Vim,438.6586895266949,887.8146819215971
Vim,439.75143726552096,879.6938884350884
Vim,441.0541120434975,767.3136021964601
Vim,441.1120894492019,641.5968035635958
Vim,441.6747452020346,800.8884164954724
negative_control,444.03242473423376,767.6794307465419
Vim,444.5500999771671,819.0626340163176
Vim,444.3681809128918,762.0560838951699
Vim,446.33780780837697,615.1371132683286
negative_control,448.2672730891886,693.6609493952797
Vim,449.2847531862207,600.5354113336256
Vim,449.53801921809327,814.0832917979136
Tnfrsf1a,450.0853076418713,627.6912742335894
Vim,452.2145306770246,752.5402154881333
Vim,452.6275984685936,873.5445672461096
Vim,453.3861370186358,623.8009461845081
Vim,454.1123384634776,826.4072105142368
Vim,455.7666982593263,780.0861636445588
Vim,455.4883927796941,836.5092738128459
Vim,456.460274944879,859.363064488492
Vim,457.0158793466152,716.6037296340859
Vim,457.5833823430341,596.910143554355
Vim,458.2923169421996,780.798093657996
Vim,458.3166393352178,750.5857512867659
Vim,459.5049874748049,742.0707663224915
Vim,460.84741196390985,575.03833883927
Vim,462.98030360068543,567.4135345582856
Vim,463.510503904165,475.05188618560487
Vim,464.5204650657505,731.6286936558557
Tnfrsf1a,465.01762853918274,780.7604966852396
Tnfrsf1a,464.7904960910517,668.7085117372417
negative_control,466.608893187891,784.8513793569998
Vim,467.7866653316197,749.5876581232772
Vim,468.7590095112108,578.4735352545381
Vim,469.7538794599444,773.8188664336872
Vim,471.0615097932899,851.6157773515188
Vim,472.1195865928365,709.7506896696354
Vim,474.6798850638044,719.0649304526819
Vim,474.8294220141599,767.2747284260279
Vim,475.0330596709748,695.8396625495001
negative_control,475.1781011871326,724.4992267639408
Vim,476.2800404845988,747.9901694843921
Vim,476.6198763421635,820.0368110627444
Vim,477.23238026630895,799.0297255266717
Vim,477.497257137157,815.7999077440222
Vim,478.903041872972,791.7922841693562
Vim,479.0271153680016,630.9473397902888
Vim,479.114149220198,682.7961936050104
Vim,478.013570939215,736.1817023213628
Vim,480.10278722788,831.8718820077604
Vim,481.3133558573911,743.2128335763282
Vim,480.4853933860822,819.6555367445708
Vim,482.51058349312257,772.4241850880483
Vim,484.0470182971728,768.1329429054966
Vim,484.9412560905327,800.8683348403214
Vim,486.3160216571888,673.9566562363786
Vim,486.74907912130686,533.941337650029
Vim,487.7520454334955,609.6892506771753
Vim,488.4933742166587,807.6335112879981
Vim,488.7159691365313,637.0100617778935
Vim,490.0312864425074,559.9891609895762
Tnfrsf1a,490.43789311204665,696.7235910230054
Vim,491.2926362786369,789.1678623940498
Vim,491.4322660647632,508.8316395395385
Vim,491.268096954643,731.7169243865831
Vim,491.2667122798249,722.7845631946043
Vim,491.1607194347569,524.8160041096573
Vim,492.0825840475433,706.2286215919393
Vim,492.1273357853836,533.3960671970267
Vim,492.69651494623656,478.6394274917079
Tnfrsf1a,493.9862519036684,580.5820548128286
Vim,494.4188513959933,813.3031347290937
Vim,494.2950641036704,506.0732423021981
Vim,495.1501874511824,754.1549377800593
Vim,495.6706321422811,494.0167673662406
Vim,496.4869836904589,796.3764163530423
Vim,496.3402283939493,482.464721563878
Vim,497.3138120750885,786.6094499536949
Vim,498.051187015552,557.0427115012756
Vim,499.0545076040245,487.1429084483392
Vim,499.3900365662898,421.3339438880052
Vim,500.8849447985076,557.8351307777039
Vim,501.7740869015688,716.6100545253946
Vim,503.9165023084327,741.7336845017671
Tnfrsf1a,503.7579410226762,487.1707859044945
Tnfrsf1a,504.3485636222704,657.4668469739652
Vim,504.77975206253967,763.7623369004182
Vim,509.234328524271,680.9498042027594
Vim,510.5703175964738,695.8310095502075
Vim,511.1629739594126,777.7179645504992
Vim,511.5133624063064,428.64577545594113
Vim,511.43320843158426,648.3441643049097
Vim,512.0761390914843,784.6789415331141
Vim,512.0428181494691,726.0171064228828
Vim,515.7191689408801,775.9274840326616
Vim,515.8727421966662,729.5597074074045
Vim,518.3627165333503,651.7476293242571
Vim,519.300221511121,733.7927015548848
Vim,519.8022253542337,667.0193656868238
Vim,520.7217889653556,501.0423258997741
Vim,521.1612196498766,766.4365264330893
Vim,522.860818751143,495.80854962180985
Vim,523.8096422403195,714.5337724620715
Vim,524.938778103583,444.1173404866559
Vim,524.9741836131154,730.0823294000987
Vim,527.4708801906593,692.5575689914804
Vim,529.3444492758045,488.7565785172408
Vim,530.5739107146486,667.9214635149476
Vim,531.8865415195296,439.0074334293827
Vim,531.7025079810235,488.9034483417684
Vim,533.1547845095691,436.51141870226
Vim,533.7003712835368,497.8435851085933
Vim,535.5715769288336,711.3994147963695
Vim,539.3967931195182,602.8248404919084
Vim,538.9934487891527,706.3473898668684
Vim,541.255302152231,672.3874051330688
Vim,542.6655756333585,692.533928924054
Vim,543.0296326572524,598.6579447762899
Vim,543.8507450934485,494.6235598493205
Tnfrsf1a,544.5020259422885,701.2518546810063
Vim,543.9250418965181,452.04442888588295
Vim,544.8455427513433,709.8965586498973
Vim,545.5155542771665,654.0282568544251
Vim,545.9045543459624,449.1200647148415
Vim,546.3334755406954,453.9989851406866
Vim,547.4890103318936,645.4145936825627
Vim,549.1502477793601,605.3283333159375
Vim,550.5239588304577,450.0809527565288
Vim,550.6808962586767,445.3040057423692
Vim,551.7381709532654,513.1368790761935
Vim,561.1891097281859,652.7394948526953
Vim,561.6482146745602,638.4176983096252
Vim,564.8412433552893,536.5120352439487
Slc25a1,566.9305959650161,634.6067730451791
Vim,567.9814106911415,620.2705865406748
Vim,569.8969980254586,626.841620397543
negative_control,570.8737813499331,503.8796951073124
Vim,575.1353282678891,641.9484641961648
Vim,575.9899809264629,457.29980084631023
Vim,576.623300204838,660.3338112459943
Vim,578.8469279613435,570.6407701069552
Vim,579.9119436124313,479.8041005725028
Vim,584.6590992915914,511.2509347060502
Vim,587.4809453021537,598.0122464084147
Vim,589.510021260001,468.8797601662939
Vim,589.956674476192,627.368656411707
Vim,591.3373498064784,452.7844365070925
Vim,593.5640300882544,519.3465103306289
Vim,593.844386981036,536.4775320926685
Vim,594.5842165878518,482.849046754952
negative_control,595.6467202654766,529.9389948558336
Vim,594.7585788740294,599.0201091086658
Vim,600.5464172174065,497.5155449654159
Vim,600.4409054633186,618.3987762076786
Vim,601.4533816079237,500.0842255879865
Vim,603.4151933364133,530.7587329647251
Vim,605.4113147859823,571.5443541680711
Vim,606.2602910973649,616.0963407060094
Vim,606.4988359578622,650.9069862734347
Vim,610.4537991164113,502.4671273704025
Vim,615.3081167118096,617.3962235474619
Vim,618.513871896474,620.6040278657521
Vim,623.015581231208,553.3388845457549
Vim,624.4069165880362,626.9763427511119
Vim,623.9528979755712,519.4269155852544
Vim,625.3656520552283,548.5316079139398
Vim,625.6690919802581,610.6378448619693
Vim,627.6062511552564,470.8382535226274
Vim,627.103697596705,543.6970871483888
Vim,629.385968388019,583.3666050512581
Vim,632.1762413804354,520.7072989357325
Vim,632.3722650553641,505.5315729347921
Vim,636.0762924652694,577.4455515653306
Fgf7,636.5291130199245,579.4679501083465
Vim,637.8364256411257,480.7090834860334
Vim,640.1473843102519,572.8525151667156
Vim,640.6480196253253,579.5107045386229
Vim,643.9134943897823,584.5087894142318
Vim,645.1327054154181,627.3600754644428
Vim,646.960603616788,598.2041940055701
Vim,646.5831763861885,608.4000425282119
Vim,647.3853577924974,537.4391346163463
Vim,650.9075688267558,543.3648629911316
Vim,652.0029920696735,472.1828484346476
Vim,658.5825123676593,617.7464922808584
Vim,660.2268206103067,588.0835946129225
Vim,660.7119424785367,564.0776704902071
Vim,662.663738749454,490.82743224461126
Vim,665.094512299993,475.0340788867953
Vim,666.118751746465,530.2959674972517
Vim,666.8942591454129,497.00622208767606
Vim,670.5123703965712,566.5305291391448
Vim,670.974535244617,619.9292525077906
Vim,671.93715672768,513.8619771274542
Vim,674.3265854523812,497.1619549132539
Vim,674.2914075770885,482.5083519112818
Vim,676.7990925033484,535.0735462188493
Vim,678.5771798201815,589.4600152944802
Vim,678.5698004549532,485.71087253233793
Vim,682.0777960565788,511.9190293682256
Vim,681.9891295913236,561.1142417102135
Vim,683.8909215506318,605.9002886635769
Vim,684.7317458925777,540.7257820098325
Vim,687.0953280572561,534.7915359193182
Vim,687.5316997956686,477.79505451546834
Vim,688.1152085162681,487.48124461837966
Vim,688.1938302250996,578.2172203840604
Vim,690.2168061733165,619.2958473057477
Vim,690.8490459006558,567.2949306723284
Vim,691.0381779590839,513.5385181246494
Vdac1,691.9067515278459,475.060039280253
Vim,693.3486300694941,561.3311376843326
Vim,695.5283729566921,481.1317354512624
Vim,695.6254804443988,506.0186080760906
Vim,698.7451950469862,548.390764517011
Vim,698.314936501221,525.9300181832431
Vim,701.3230664033606,563.1575601840898
Vim,702.2859828635364,539.1360247945553
Vim,702.5739416261349,476.0678771179309
Vim,704.4596870162585,503.12492800674966
Vim,704.5187057646283,550.464019403636
Vim,704.5534094120704,545.5955048829261
Vim,705.0219228317358,557.4608655117689
Vim,706.3065927753219,510.5468812985912
Vim,706.2047595861901,541.9035202062844
Vim,708.2606566118848,486.6748139654
Vim,708.370785118325,551.1217582906862
Vim,710.0016470909642,570.3787134094284
Vim,710.912490711315,498.40724361778666
Vim,711.0634831724301,504.42911534756
Vim,712.7494341893231,571.4255852786093
Vim,713.0411191961966,546.3038240787496
Slc25a1,713.2954366412421,480.9324429394185
Vim,715.0035921944116,506.7435593434879
Vim,715.15315506119,557.9394114783825
Vim,715.4828502873958,530.4825113538984
Vim,716.36708397229,573.1323392719545
Vim,717.3223372232256,511.6490468224037
Vim,718.9319537009326,475.0600686327569
Vim,721.3291763113057,519.5078491927572
Vim,721.5067589845274,550.6834320664418
Vim,723.1093043571186,569.8877239718777
Vim,723.4820281289512,493.45853503408034
Vim,723.8733856559581,573.5364922438646
Vim,724.6331844445144,528.2056110898791
Vim,725.3293518441316,545.5000231503791
Vim,725.9731517266545,550.734348735679
Vim,728.9688002281137,494.359135785062
Vim,732.614380423135,535.5603632711261
Vim,732.2843576258665,565.838011657117
Vim,733.8545122244486,501.0410575224896
Vim,737.5307091779397,544.4578323684365
Vim,739.4313927653848,549.228991003267
Vim,739.5647592237978,510.1178702671556
Slc25a1,750.7904892458814,561.9678027820695
Vim,750.960999691642,598.3696436200884
Vim,750.339225270564,543.3987189061979
Vim,752.8056586585358,533.4030295261234
Vim,762.916454934522,590.8607870105276
Vim,763.6849567018139,546.9579275652108
Vim,773.9085344375472,593.9512134972081
Vim,774.1875978312064,575.4232590849441
Vim,775.253559610511,539.5889442428702
Vim,779.2193202184942,580.4762811368823
Vim,780.064788415789,593.8233728948805
Slc25a1,780.3858680831463,583.3662172047508
Vim,784.0238399081609,578.7100858146587
Vim,786.2843653644964,567.4306417331887
Vim,788.117348379478,597.8113371412541
Vim,791.3323983587343,589.5769227279216
Vim,796.8774981285106,611.2354557539753
Vim,798.0820320875773,589.5707132195822
Vim,815.5458420618959,618.3528138403726
Vim,819.6232885992996,601.8279085630754
Vim,824.7285565180673,635.7373729551391
Vim,832.9217489430894,609.6636112201711
Vim,863.1344518896851,652.965196910432
Trim28,413.3453219336057,837.478131470693
negative_control,435.6097579694117,768.2694313934952
Psma7,438.02568390129375,867.7656690282033
Trim28,442.074043378357,808.8144016719841
Trim28,444.8538930626133,610.0291077164286
Trim28,449.0324319250391,724.7347611036366
Trim28,450.2042754009415,771.1092783434876
Trim28,485.8379490284793,633.4894257301371
Trim28,506.5262562851885,455.1766055944811
Trim28,508.2144813547849,653.7279226845868
Trim28,519.0146441573422,672.9280988419599
Trim28,524.3729748262205,462.5662930989384
Trim28,525.2128956735905,574.9936120414951
Trim28,535.5727460345048,726.6919522028456
Psma7,542.8731218626542,453.6350623139091
Psma7,544.4853668743059,685.1304324103473
Trim28,672.0592451792306,619.0105682404118
Psma7,677.3955285408686,603.5689908741948
Psma7,684.2948085315315,554.5974203418954
Trim28,701.0376554726587,605.9938277389497
Psma7,701.0383299244531,603.6114383275083
Trim28,708.0131986232743,559.2305302134832
Psma7,721.3679338479626,575.9159410015176
Trim28,722.8166983111157,482.9118659047057
Psma7,754.9717812639611,546.3564412081732
Psma7,768.8441099211655,547.3468340328449
Psma7,871.938709036313,640.7715367970436
Psma7,878.0572618803174,642.27025425635
Rpl15,442.4582204427933,664.1536058406648
Twist2,444.8567505692311,730.0624998181893
Kars,460.56176082697897,841.0152777205296
Kars,470.0619449912433,652.2837598546931
Kars,473.3864459746399,759.7206735755752
Kars,479.3790001755078,815.9251742347118
Twist2,483.9969262461658,534.7220833684139
Twist2,501.0443916452052,424.1212701256173
Kars,504.4456652799616,683.3319299779214
Kars,504.3829734767137,595.4355932375886
Kars,520.6676124367576,452.41909014571655
Twist2,556.6681519088405,659.2311471306409
Twist2,607.8962828465537,571.4908440547795
Twist2,616.1183498771094,526.8652835454354
Twist2,641.6493284608573,497.9840507074667
Twist2,652.4867252924967,466.69601127849785
Twist2,653.0483664656304,511.4081518733007
Kars,665.8413826423545,596.4798084904238
negative_control,669.89258380152,513.2600013935714
Kars,705.5647325890553,589.6362682403748
Twist2,706.7009987191404,546.5685444665412
Twist2,712.941841866678,493.1775701267192
Kars,717.613290711438,475.9109671787088
Twist2,736.5331487480626,564.1378769781256
Kars,754.4977512060335,590.4580929650065
Kars,756.6748314235477,546.1385165563763
Kars,760.3737577780944,595.0920043796351
Kars,767.3549145992193,571.3874030189548
Twist2,771.9022980333855,535.0974103898723
Twist2,771.9158603265893,555.8388440315581
Ywhae,783.7427478587092,593.839292615158
Kars,788.6691365400392,588.7937093551824
Kars,820.1432827010337,616.3819805141515
Twist2,883.0434004979894,651.4974560505059
Clta,391.77288032718747,794.2803616918518
Pdha1,411.2207178964818,808.3894127380433
Psmc2,411.8112654144265,789.3976134214199
Clta,415.4923644605781,750.6289040522158
Psmc2,415.8161933373744,847.2704564103852
Clta,419.7242478018362,832.0466078475862
Clta,427.3072881263827,864.1326470280044
Clta,428.4984138850669,655.9579447271901
Clta,432.90753763052015,684.1843586242312
Ly6e,432.7591446860695,671.2810891937943
Psmc2,438.8794570081108,797.9828946620624
Clta,444.8688573898322,770.6387117058075
Clta,448.9129784110979,836.8998100237957
Psmc2,450.05296092413687,811.5093910584064
Pdha1,459.21040530811786,872.1333356214329
Psmc2,465.0138110958353,624.5934439247759
Psmc2,479.31668651133054,710.2797114959826
Pdha1,489.4666513504965,508.8322855722584
Clta,511.0214033883266,786.5995054195871
Psmc2,513.1385444323573,439.1509064717831
Clta,519.6821038606092,449.5346846790575
Ly6e,520.3087051594367,460.883795914621
Clta,524.0525160439022,713.6783424952253
Clta,534.5044785818666,483.6414601807954
Pdha1,538.3513848913688,481.83907228715015
Pdha1,550.4366698884505,495.5097082214626
Clta,560.8848249137011,495.7980814278421
Clta,561.6549975629353,686.1391707111569
Clta,580.4063525539229,483.0176457022546
Psmc2,611.7500740333635,599.5378510562252
Pdha1,642.3715996590231,634.4018560563295
Pdha1,665.7171513146703,531.580810758136
Clta,668.2529262347895,587.6217409529535
Clta,681.2851411906731,524.2626660517531
Psmc2,703.7901088925698,476.0660976244672
Psmc2,733.0164896174667,556.6916891051875
Clta,744.5868714576771,542.2023892025728
Clta,747.8572319714311,546.226081646349
Pdha1,749.6842792907541,541.191355131683
Clta,750.0366782545129,527.0181259369955
Clta,764.5851164873133,543.1730995427376
Psmc2,766.5472123471412,603.7226458727995
Pdha1,858.1312560365297,649.0181960446114
negative_control,431.2114400217755,788.548436953527
Nudt9,477.97946073307935,806.4294221735961
Nudt9,495.29267144951,797.0356171148076
negative_control,502.8877263327941,649.6877561200805
Nudt9,511.5627613742501,481.7502631333252
Nudt9,535.2887920427324,467.9267096385319
Nudt9,541.990350968321,528.5969528119075
Nudt9,678.1007253948534,576.5858861423554
Nudt9,698.7764269842128,546.7033781070172
negative_control,788.2001099976494,566.3289448322224
negative_control,809.0403569325541,574.8065971603708
Rpl15,366.9082940468921,859.4587572180178
Rpl15,400.1109924257998,849.294342168172
Rpl15,401.7070143764776,777.3314893520596
Rpl15,403.7428375253339,820.2387962011587
Rpl15,405.50820210512825,750.5076344487562
Csnk2b,409.8576709294814,887.4361355755923
Rpl15,410.7411246445937,839.5696644799949
Rpl15,414.92926551360415,894.9748151836513
Rpl15,415.98274060032605,813.4682874300365
negative_control,417.1178305467545,779.7604531449597
Ywhaq,418.44356815116106,750.6682121085319
Csnk2b,416.54013406253824,751.6375509278189
Rpl15,423.0603324249106,733.7105649407841
Rpl15,424.8504172703101,866.048365087026
Rpl15,426.63268008015945,693.3627207479392
negative_control,428.24094370370176,653.6973351875997
Rpl15,429.52331484526906,882.4321870440447
Csnk2b,430.8573811740876,773.8398512571729
Rpl15,431.0529511256813,648.6343222125988
Rpl15,432.3589574676808,768.3823244487805
Rpl15,434.86191059289456,843.6875430665852
Sec13,436.3272210712396,827.7146983931054
Csnk2b,439.2241330874113,815.4671685648791
Rpl15,443.7519895195682,644.7846504709956
Ssr3,448.739337313689,605.5191086780379
Rpl15,450.1706591570916,680.5036842254756
Ssr3,451.8731904217574,708.2267365885941
Rpl15,455.75117712616014,759.4621260791971
Rpl15,461.5548227939403,768.0531599614347
Rpl15,472.0029262141014,756.7568760631995
Rpl15,472.83704372723815,862.1431396671954
Rpl15,472.7660493053082,625.6979422955651
Csnk2b,473.3651790864702,802.926547824799
Ssr3,474.669934057947,778.4703531892874
Ybx1,474.8775481335279,578.8463410113052
Ssr3,475.70780961589406,598.8869314832829
Rpl15,477.33602171626296,647.654291425308
Ssr3,478.1738038052742,709.8462322637521
Ssr3,480.1457637575886,679.4500581240218
Rpl15,481.99270917488974,708.5581686718426
Rpl15,483.9018903637848,633.1904365142599
Ssr3,484.15045739470537,641.2409524231693
Rpl15,487.4693661277303,642.6190225502911
Ssr3,489.88869474381016,546.5694531304637
Csnk2b,497.9881009356295,742.9995786129978
Rpl15,498.771663735792,715.0566622777781
Rpl15,498.1146812065358,617.1528103327126
negative_control,499.02728907111634,787.024931692062
Rpl15,499.7551402528969,688.9664174800469
Rpl15,501.82146897953646,607.5524535905977
Csnk2b,501.59272711533913,459.0531471342573
Ssr3,509.37525171071326,779.1032155051408
Rpl15,509.36827935418535,812.5732149090956
Rpl15,510.1575647407429,737.4474743666059
Rpl15,510.5616913378192,788.1533417611845
Rpl15,513.1677910562474,732.672214153818
Rpl15,513.508899227692,742.2001222813483
negative_control,517.6523526178106,762.3614201214028
Rpl15,517.7645066351706,778.5316342001679
Rpl15,518.5689972909277,606.6043879784692
Rpl15,520.2646544042038,488.1499047807265
Rpl15,520.8138566449295,437.0625737197615
Rpl15,521.6371792172655,510.81633746704273
Rpl15,527.7250048936988,518.6870997448403
Rpl15,534.7038312326546,504.2453459895466
Ssr3,537.6509187616008,695.7040117412275
Rpl15,541.2556759508312,567.0074879513447
Rpl15,544.8211385782276,689.6064904399368
Rpl15,547.0218080491442,497.87229998050896
Ssr3,548.8781078487739,500.8363616014272
Rpl15,551.6761585047119,638.9505436005138
Rpl15,555.281576705526,508.0654964430309
Rpl15,555.5344895715756,596.0519664105454
Rpl15,556.5290940951379,498.3621083951515
Ssr3,565.2614789181786,552.7074194607399
Rpl15,565.9046000651485,548.4504231097494
Ssr3,580.0882725583413,667.6164118502121
Csnk2b,584.7167107602495,454.3235374759896
Rpl15,587.4578144634027,499.47208963971855
Rpl15,590.0071219138928,504.0209517454589
Rpl15,603.66364611872,626.923991469763
Rpl15,607.9518642564972,590.150276357549
Rpl15,608.063638915175,464.0218733105875
negative_control,610.2660288709155,584.2825101792197
Rpl15,617.3998619789072,649.559377831549
Ssr3,625.253981894621,635.6221111483896
Ssr3,630.4603611544744,634.1969595672022
Rpl15,636.4543959041131,536.0761051848024
Rpl15,638.5504179059042,632.4203662168636
Rpl15,648.2965548812633,630.5260252463422
Rpl15,652.4181597799302,463.24816986555214
Rpl15,658.2988715039288,503.4344811594213
Ssr3,668.398079936426,595.2176578164936
Csnk2b,673.5243753127986,536.5583582580339
Rpl15,674.3196866215928,610.799985466802
Vdac1,679.9807741115562,477.6934653493106
Rpl15,692.1322404923109,576.4665816502264
Rpl15,697.639047837886,618.3405861136084
Rpl15,704.3704387201791,604.7690197703109
Rpl15,705.8345631504069,508.7366427597426
Ssr3,705.4233768850613,597.7846329852264
Rpl15,712.3554700740714,601.6018264861035
Csnk2b,725.0045279019948,509.40332422998273
Csnk2b,726.1419556752617,567.6581497261344
Rpl15,732.6858648002883,508.32791757270815
Rpl15,735.8013732927161,486.0854014843899
Rpl15,751.2740994459796,511.9681296319396
Rpl15,752.2127654404716,528.7866536250947
Rpl15,770.1834901449106,578.1993006927239
Rpl15,771.6443908737649,594.0919787171116
Ssr3,776.9511367529739,598.536948597966
Rpl15,778.338220646805,577.5908887740356
Rpl15,784.969806427371,559.0358338400794
Rpl15,791.7179138488751,588.9796508308068
Rpl15,819.7407063082792,596.4469170057635
Rpl15,863.2370237932605,662.8929788612108
Vdac1,380.5795919920777,873.6482189175193
Sec13,391.7052349898319,809.2838852381826
Sec13,403.3759258939668,807.1492669173388
Vdac1,407.5295923204949,754.9865035186095
Vdac1,431.3586041531229,656.6573410909361
Vdac1,436.0564697718863,831.4845954663591
Fgf7,438.5401405514826,683.0840677819617
Sec13,440.76842002470926,616.2343483262736
Vdac1,444.4411442542595,615.0757975242966
Sec13,449.01286042544245,833.1495546721603
Sec13,450.0430574824027,606.5477640909173
Sec13,453.12395501223705,789.3469998441748
Vdac1,464.0166482140392,795.0659850463064
Fgf7,467.2254807856914,716.4524840755562
Sec13,468.9033955823721,622.750975470045
Sec13,473.19602443193526,670.9600153715829
Fgf7,474.6184163133041,811.7064784606345
Vdac1,478.83997465375546,818.1105820488108
Fgf7,487.7685835303475,700.6781238054
Sec13,490.70003890910334,803.897947520665
Sec13,497.14044841845066,570.8638401034048
Vdac1,503.2525473493324,508.5504106636628
Sec13,504.5240827945064,658.4011077069623
Fgf7,509.9358221881455,508.4078945791226
Sec13,514.9395624611991,451.5526466947613
Sec13,519.6334531022861,441.76702673104063
Sec13,522.6877751473905,469.06592523061335
Fgf7,525.0567336203369,588.5264091645693
Sec13,526.7260680241004,726.5352683339902
Fgf7,528.1668743639366,608.0622177669239
negative_control,549.8345875757163,484.5094762012996
Fgf7,555.1919991598102,634.3902323206244
Sec13,571.0923580375878,460.4840190636328
Vdac1,584.4662763338351,632.5193649710957
Sec13,592.3921390552175,501.3988010427066
Mta1,603.2237168533279,553.1430006942633
Ybx1,611.8816471634674,566.3547719824385
Fgf7,617.3683291810206,555.3411599746449
Sec13,617.91002619351,550.0153449987469
Sec13,626.4975650071833,505.2383035624428
Vdac1,629.9400551737297,591.9720793030465
Vdac1,638.4277927465666,603.612387857511
Vdac1,646.4370217394764,532.7108709928153
Fgf7,662.3882232547749,532.3879440373505
Sec13,662.0147068875975,585.0775676740216
Sec13,664.7505341456599,617.683061824212
negative_control,666.4525288318237,547.8375393390345
Sec13,684.2758053427879,552.9001168448146
Fgf7,684.3829678877236,536.977054434306
Sec13,703.1405759058689,587.4210350994413
Vdac1,715.3880054603088,545.3654816307085
Sec13,727.1082525784934,542.2562587527079
Sec13,736.0875532997516,568.6786756725163
Fgf7,765.9565279906068,600.5185452081538
Fgf7,767.7607779444393,546.8030371985559
Sec13,768.1511717721085,532.6151868899397
Vdac1,798.3445004757555,577.4025625529516
Vdac1,805.0340458588271,599.6108142719444
Sec13,807.5664426668508,612.2194793078908
Sec13,817.1003555281364,604.3780637093816
Vdac1,837.9554975887081,620.909890862124
Fgf7,844.8820951156231,622.2063487800508
Fus,398.2827897038225,767.0179292294827
Ywhaq,399.4075007394543,801.414559328034
Ywhaq,404.7130722729863,768.1496878342615
Fus,410.3708686467665,748.0973944154032
Ywhaq,424.0227559606759,864.628818883534
Fus,429.9510902763073,735.21705755916
Fus,432.4971847628531,636.5438098204824
negative_control,435.812645605722,663.0528168538838
Fus,438.0258165301987,864.9036662521728
Fus,439.7490655328183,715.9934468613195
Ywhaq,440.8320930740589,729.6899209845587
Ywhaq,444.1337414458199,716.8265050512138
Ywhaq,447.4383051229453,789.4091035479786
Fus,459.5142549812467,699.4912005500632
Ywhaq,458.985073293712,787.6277864925638
Fus,465.34608598493753,574.1104794143105
Fus,469.6355508101231,657.4942129006488
Ywhaq,469.7006417020274,788.8965496285892
Fus,471.3230440960932,792.2781431261765
Fus,476.3472302269337,845.2531474804209
Fus,480.10041796025496,553.3962508879367
Ywhaq,481.352654431601,791.1485461721849
Fus,483.79926171627824,849.6532359954897
Fus,487.4365039841617,806.16686894114
Mrpl12,501.91203874896746,804.0884854045885
negative_control,511.1149661166722,643.1423596802458
Fus,515.0695553996725,768.5383778226742
Fus,515.7462394236755,795.482903211747
Fus,516.4198571906788,772.9159637195518
Fus,517.8963804996254,551.3082956315583
Fus,526.8956120401768,618.8720168205427
Fus,527.9575878995971,649.2198683701861
Ywhaq,530.5017685406206,729.6334907632281
Fus,532.961425207402,519.9846400049582
Ywhaq,542.6322781585809,645.2049334459601
Fus,544.7445829019659,555.4347577098611
Mrpl12,546.6123410373673,666.3498163068078
Fus,547.8499394815635,628.5995067730669
Fus,551.0780492568989,670.4886149035013
Fus,557.3396690012236,593.9178469407124
Ywhaq,558.0352668541539,514.5341245105986
Fus,565.1245934576053,569.0269845505284
Fus,577.3039457996483,573.200473043511
Fus,583.7128641602727,639.8041595079688
Fus,587.9330436434033,480.9398703298903
Fus,590.9474501389741,607.403330390961
Fus,607.5913254850589,527.3412727489208
Fus,615.5190613169133,533.5230038590912
Fus,637.666491135403,617.9740520394519
Ywhaq,639.4173009217277,462.0422120066744
Fus,661.6686861391277,490.71375266024944
Mrpl12,671.8536241915597,483.2224050574822
Fus,672.3227871918234,605.3930762424658
Fus,679.8307544435276,570.3970844693683
Fus,681.0482639850015,551.6076816507547
Fus,688.2385504445065,585.200286186061
Fus,694.6466873957888,488.9546477638246
Fus,695.71146042902,482.8436928567658
Fus,705.6019461663079,486.73986239088526
Ywhaq,721.9818134394742,516.1397645340569
Fus,729.0615860084126,557.9577784911786
Mrpl12,746.5855131565713,571.3112699202715
Fus,747.0409094107972,585.0388323175225
Fus,752.1227094510998,539.0910239196409
Fus,756.7573436535424,529.4281340585331
Ywhaq,762.9503328469201,592.9272165982187
Fus,835.0534350472276,639.8855695404881
Fus,835.3354368280484,620.0305001169359
negative_control,453.77709746703226,738.5391686179698
negative_control,460.36431334573166,779.2933203872067
negative_control,630.5100991479969,598.9199912448257
Grina,726.8557206873289,500.0318488861896
Snrnp70,388.7370099812638,863.2868826744849
Grina,437.31235047206695,642.5233519678911
Snrnp70,440.3483850319072,709.347511706008
Snrnp70,450.3026914434017,745.9073074570722
negative_control,452.5860749049342,727.2918028896663
Snrnp70,467.9322412455774,818.3083095745048
Grina,477.7338243013072,679.5474082133894
Snrnp70,478.3273230950126,835.9021512607131
Snrnp70,479.1099704421363,844.7404981814263
Snrnp70,493.8426020556958,617.6823615194635
Snrnp70,500.60999272078175,722.2955224666679
Grina,513.7809160714969,725.2625362610033
Snrnp70,518.419637616638,482.3533492436525
Snrnp70,524.5546049970833,437.1468475874716
Grina,529.4456488653072,701.011568378215
Snrnp70,531.1885740260866,739.4453891299886
Snrnp70,531.3256541811994,434.875864128773
Grina,533.1076096051678,543.6711633538231
Snrnp70,569.1047038530097,453.69652973656594
Snrnp70,573.1161098703677,470.85238186216185
Snrnp70,577.1281852702898,586.8955375520172
Snrnp70,579.5853044949899,512.9402530320058
Snrnp70,584.9518750224297,522.4804085490489
Snrnp70,589.5989289945113,531.2611854089715
Grina,609.3375281975945,645.8203817765976
Snrnp70,632.6385195367698,636.3548900117207
Snrnp70,642.6863845746233,478.1690374280368
Snrnp70,681.7800592314018,491.4620275239809
Snrnp70,685.0332810451259,562.5609633997749
Snrnp70,695.5935518427407,574.8479518809049
Snrnp70,761.9935557830714,557.4717291557902
Snrnp70,810.1562533627387,612.8588793928284
Snrnp70,857.6441590650278,672.7756363785502
Snrnp70,868.3074921328571,682.5820841035525
negative_control,436.5903788214607,726.1706341213494
Stt3a,441.6120010891051,711.8280915062599
negative_control,450.6865317198752,774.1839298356822
Stt3a,464.3210807870601,585.5303789751779
Tmed9,466.8326877358869,715.3449868529775
Stt3a,475.0927273191758,719.1832595310727
Stt3a,476.0940787433176,562.5403260948959
Stt3a,483.1372221256879,616.9781256439005
Stt3a,502.90936937653817,571.2407170456854
Tbrg1,509.81046559562833,783.0807652513143
Stt3a,511.97617285892784,573.9203034261402
Stt3a,517.7487009359171,528.9446545450505
Stt3a,573.9534841898247,638.5516607585128
Rbm3,397.33765657157375,763.3989736616026
Rbm3,402.7033747393972,775.7715095500346
Rbm3,404.4607874959778,876.1340173089181
Rbbp7,434.62219787946646,776.9027131593971
Rbm3,437.1930374747444,890.0077133786372
Rbm3,440.68443809573824,689.9771146490225
Rbbp7,445.5981492543844,679.0947012464474
Rbbp7,465.67383518123785,813.5367213164884
negative_control,479.5214027899248,773.2103131694664
Rbbp7,479.7132224917024,618.792310958976
Rbm3,486.3989053621192,430.080539523546
Rbm3,493.5565358811473,701.2611618673261
Rbbp7,494.9751388658591,431.4170053306185
Rbbp7,496.5384119294041,453.699251655324
Rbm3,508.31492835681706,422.67703655047205
Rbbp7,512.2899496847924,777.3203702987124
Rbm3,520.2539777786285,455.9716222064793
Rbm3,523.7994732421805,436.1489440361714
Rbbp7,539.6760376076485,441.5716520863679
Rbm3,545.5507668303005,552.2623442979334
Rbm3,548.151633477926,700.9123159530354
Rbm3,557.7311381301596,527.9052258319642
Rbm3,563.7931570232126,503.3104271737278
Rbm3,584.225209673034,464.4079735855579
Rbbp7,595.0491946335668,640.5097523823741
Rbbp7,599.9813653683858,477.3670145898635
Rbm3,612.5108259550954,643.2164734304724
Rbm3,623.7688031746918,544.0023706813404
Rbm3,637.3048351968812,562.8280128332044
Rbbp7,651.8424614021781,500.59637859224
Rbbp7,653.4863982705226,488.7003324197392
Rbbp7,661.1389831419056,602.4294110360717
Rbm3,678.2580090411121,552.1216977703003
Rbm3,691.8166282783778,493.1708672467766
Rbbp7,693.752569285911,554.1893204132291
Rbm3,716.6632959651816,512.307150688037
Rbbp7,719.2725575125465,506.1558857192442
Rbm3,743.5808299897448,534.5918326783401
Mta1,407.0111196056297,852.971228053707
Mta1,539.4163893548097,550.6628876741552
Mta1,569.2512711209582,583.8667584556157
Mta1,582.5849901483177,590.2933645211153
Mta1,618.1173063849999,486.6664826926233
Mta1,629.1793577120065,616.0808895347215
Mta1,669.4940860128683,489.7365717600926
Maged1,397.2154172668856,852.919795596968
Maged1,416.6241621380402,748.4844686066942
Maged1,424.768729342675,831.1920848762403
Maged1,429.7531290620119,702.5767748281961
Maged1,442.7791018491234,646.9936207897396
Maged1,460.8741490616635,628.1795951546572
negative_control,466.36290177561193,798.8065163751862
Maged1,469.3319715284736,783.8951136426577
Maged1,477.6960465332528,674.2328055447599
Maged1,481.6141406759372,622.5168795301547
Maged1,482.62453183590384,527.5690704923472
negative_control,497.793100403678,742.0978857865834
Maged1,502.0463104334,421.0755259860841
Maged1,504.2524894510361,618.4808333638802
Maged1,511.0704627024962,720.1161008961996
Maged1,514.98774065887,727.9105575904505
Maged1,522.5875879364786,436.34834845410353
Maged1,524.5975892843089,606.4634429379245
Maged1,525.0169867858259,474.5282617665887
Maged1,539.9370270660781,618.3580359289167
Maged1,552.7564153079388,547.555348359026
Maged1,562.0261130403288,680.0277497799696
Maged1,566.0534552983181,639.6953930825493
Maged1,569.5542674000968,479.5436496986131
Maged1,570.7962122745107,642.8416640138081
negative_control,575.2671400725478,454.9710221679977
Maged1,585.5646409536155,619.1340266051408
Maged1,587.2000190007138,472.47027075464143
Maged1,590.5648458791939,498.3841718526449
Maged1,628.8497680996741,604.6072216904761
Maged1,630.3156736111899,609.951125826779
Maged1,641.9043614910478,496.0115671689844
Maged1,656.123733196882,627.6017276272153
Maged1,661.5811695714376,493.4913954803529
Maged1,663.678109951044,488.53208798911714
Maged1,687.4862529690374,512.1965377720137
Maged1,693.4024162555618,523.7056732907549
Maged1,705.2864384276505,483.8294536224082
Maged1,723.7424633100761,512.0336858557927
Fkbp4,396.2392616144424,815.2003539788893
Uba1,401.8091531037107,761.7771264755601
Fkbp4,406.40138225135007,798.1709864883395
Uba1,411.7364841541802,808.4380419007134
Fkbp4,413.6810433346034,828.0053046445478
Fkbp4,414.3757631362486,831.6196235302602
Uba1,427.2389558021022,701.9832281442365
Uba1,429.2626989679416,696.3153740009809
Uba1,431.1107174380399,790.3340231232819
Uba1,436.4894710295214,882.7808698724109
Uba1,439.7489449497305,648.160761775869
Ybx1,441.1112453615901,762.4054471334266
Uba1,448.3141101527066,759.7484976202269
Uba1,451.534789557541,832.227766450544
Uba1,456.2579940957877,717.3773489459832
Uba1,459.46907981339103,854.6184683330406
Fkbp4,467.5830696586991,687.990452689957
Uba1,473.2639037239891,807.8969854846841
Fkbp4,488.7299653028844,821.9311985679636
Fkbp4,502.7254235398428,809.5920965104352
Uba1,503.2956492182042,479.9239762868336
Fkbp4,503.1691996104156,753.5250845463318
Uba1,504.11261767143566,496.7669296580435
Fkbp4,506.6041622211936,611.3086649361883
Fkbp4,509.20810605823374,479.2558472675955
Fkbp4,515.1158642403724,686.8015459951697
negative_control,516.2654416559667,727.66415777451
Uba1,517.2204220636992,697.7748547747353
Fkbp4,528.0231842150966,455.5490008241658
Fkbp4,530.5714777663824,435.128690972504
Fkbp4,534.43347225964,517.317428344187
Uba1,541.1333174531754,573.9021467844995
Fkbp4,545.5074298745296,634.2517945899891
Fkbp4,547.2695102062135,640.9321350786133
Fkbp4,573.0766243899857,496.996915519032
Uba1,615.5715751085891,648.5748293438944
Uba1,624.6630044086426,500.7205816077724
Fkbp4,642.7363740279761,571.246109611716
Uba1,649.5294963661278,484.1928856217946
Fkbp4,652.2713992733452,481.31154537483377
Fkbp4,659.918520895021,618.1208596528895
Fkbp4,666.5789507045944,597.713712104431
Uba1,667.8312523727327,598.9899371326064
Fkbp4,671.4786297179883,466.7301430610578
Uba1,680.780517042967,515.5404122288279
Fkbp4,682.1210511434315,521.8237821914302
Fkbp4,683.1733617885379,564.5017214691918
Uba1,682.8645679263443,574.781219809293
Uba1,688.6782082921993,601.7639592741083
Uba1,689.4912452529295,623.3191580807953
Uba1,691.2548285802518,595.3911662607974
Fkbp4,692.948596455758,573.3025862887833
Uba1,709.3743755253003,494.3572135975564
Fkbp4,710.1882679113248,528.48394737944
Uba1,711.9420261543705,489.8241293812056
Uba1,718.6863641184068,553.6497741043358
Uba1,723.5483385634284,527.072878244552
Fkbp4,725.8903164350932,502.21068126345233
Fkbp4,729.2027846000374,498.84283687664345
Uba1,730.1801329258742,523.1142055003755
Uba1,732.6428236459826,526.5120789559065
Fkbp4,733.1873470109165,541.8400722934938
Fkbp4,794.7548421468412,592.9646656028926
negative_control,477.0620118035369,756.6113367089906
negative_control,442.6110017044312,795.2096135671211
Ybx1,366.2036326535174,801.8268697952552
Ybx1,383.671557312292,828.4269663213197
Ybx1,401.21772926350405,882.6669301314546
Ybx1,402.8152245342563,859.7023032781356
Ybx1,410.2224744708051,887.7540689492305
Ybx1,421.7548552555565,828.5230897298458
Ybx1,423.820415661438,742.4831944833418
Ybx1,427.46747647371785,740.7578322813439
Ybx1,427.4306953098933,886.9771736680794
Ybx1,430.0843187176746,777.3659264903603
Ybx1,435.8243697598912,634.7387573756744
Ybx1,435.31044939690696,893.8733952044734
Ybx1,439.723350628538,797.8907308742512
Ybx1,441.5698700458704,814.707672746845
Ybx1,451.0622668158011,656.0618792078998
Ybx1,456.8265675079439,597.3668580923475
Ybx1,457.33028690106295,858.0223511017078
Ybx1,457.7780341274265,865.9566630526919
Ybx1,462.5060274323636,839.0627371623684
Ybx1,463.6802119436036,702.9971185596619
Ybx1,463.2138536557279,715.5412295394818
Ybx1,463.939451493066,807.9237028572629
Ybx1,467.11021662069913,599.2113487677468
Ybx1,467.2585970376488,846.5647148466481
Ybx1,468.2282913117207,784.6206515302509
Ybx1,471.7334208599456,844.6109775954216
Ybx1,474.2872736383124,852.8691985687929
Ybx1,476.2411090850585,594.187339049644
Ybx1,477.4920676712353,851.7340918478528
Ybx1,477.8763143495652,576.5222694502352
Ybx1,480.93454069321,658.8740359458346
Ybx1,485.3669521340325,768.9070765826789
Ybx1,492.3849769477224,456.2570485474847
Ybx1,492.6487139759565,430.93712037737055
Ybx1,498.6822360047918,551.2437652226791
Ybx1,499.5316222786438,810.5762679341144
Ybx1,508.36034070434334,473.7851278576825
Ybx1,508.388497065978,451.8898406309703
Ybx1,513.3344948022161,805.7251774709034
Ybx1,516.2618555571437,519.0307525161804
Ybx1,516.8795047969845,757.7820069773995
Ybx1,518.9857640620119,679.96836217766
Ybx1,522.295960168557,440.1969911568863
Ybx1,523.2579686961507,644.8609242375142
Ybx1,527.6404691495699,743.4317582452052
Ybx1,527.8477227742885,435.5521897310792
Ybx1,535.3546537001273,652.5684544734099
Ybx1,537.7434515047787,672.0221471887393
Ybx1,543.5999379038711,584.5566200561979
Ybx1,544.5487902220304,441.3096363494465
Ybx1,544.912052533048,719.9026084686012
Ybx1,552.7834271500212,493.40678088365866
Ybx1,558.3344037610674,525.3567526939921
Ybx1,561.1330698142626,546.6608672524444
Ybx1,564.5924222529843,569.5778821161583
Ybx1,566.0728221067506,487.4621980611699
Ybx1,568.5355224176883,577.8138421890488
Ybx1,572.0453420790476,562.2903823657183
Ybx1,584.7996445033687,605.0614456732707
Ybx1,592.1099787703308,482.6096187923973
Ybx1,608.5373513796502,591.2391965716497
Ybx1,609.4303386906638,477.14281785239984
Ybx1,613.477820108458,486.1332207852401
Ybx1,622.1393918031085,602.5061115045576
Ybx1,622.3073281387295,498.18929721615694
Ybx1,632.1906889070702,573.4788133874207
Ybx1,637.2044413367952,481.15476434279367
Ybx1,638.8839555292278,524.9548891092538
Ybx1,648.628393144977,474.5418348811445
Ybx1,653.9110842618288,543.9389081992948
Ybx1,657.3181441976569,474.5042111935586
Ybx1,663.6787580233406,468.159702574034
Ybx1,665.5949006981848,612.7814408545736
Ybx1,666.7267083243694,531.1376985839474
Ybx1,666.7412324351649,607.5275109519366
Ybx1,670.8630773319991,475.1866696489165
Ybx1,670.5198606974146,485.60277368443786
Ybx1,671.9436784204627,590.8253202909325
Ybx1,680.7438247917898,555.7123008198823
Ybx1,682.8298973928676,596.6209570933037
Ybx1,686.9418848552268,558.6651705447491
Ybx1,687.4706721635076,480.9395331790244
Ybx1,687.9867128170034,519.3736679810502
Ybx1,689.1715243441917,496.4777052195948
Ybx1,690.7181472803309,504.0431923365568
Ybx1,696.1137169803982,516.8994535875881
Ybx1,696.5833227796484,564.024847195216
Ybx1,698.6839856014485,534.7235653609908
Ybx1,709.1737078755314,568.8049289480505
Ybx1,711.2135621821,609.9351629718025
Ybx1,711.1156799228752,503.4485035617852
Ybx1,726.0083378658137,562.033365153556
Ybx1,729.9667775863225,492.14852379802727
Ybx1,736.7422367799082,510.3749977725601
Ybx1,751.5561563096229,556.5980674563035
Ybx1,756.4645527772158,503.1166269945466
Ybx1,773.7005904124495,572.0831893160586
Ybx1,779.1608283039998,615.8400514649219
Ybx1,785.1845633218303,595.8011631809707
Ybx1,789.3970047703691,608.6259671336418
Ybx1,792.4237865092405,599.9945526812528
Ybx1,797.4331399168319,588.644676988245
Ybx1,801.1450088038367,566.7000633055907
Ybx1,803.1278496816823,611.5269996436906
Ybx1,817.481144329191,633.1074069429126
Ybx1,821.7949519770168,604.5393268706242
Ybx1,823.5254154175643,617.6867453619002
Ybx1,833.2086192692531,646.6278641057577
Ybx1,866.5366488595122,635.2369371410341
Ybx1,872.9993856079443,671.5791551591158
Ybx1,878.3825213845847,686.9425048711869
Ybx1,884.9553115810887,676.2892928101162
Ybx1,889.2500379063954,652.991110613351
Ybx1,896.4860304081453,669.3422649151034
Ybx1,918.8943012341366,704.2095296706657
Ybx1,928.6336608789204,726.5005582569114
negative_control,481.6977150911089,681.0425122417014
negative_control,533.3701148014954,475.5357909448675
negative_control,588.3286272756479,452.6189540026767
negative_control,462.39284379413925,750.1798414364152
negative_control,533.2276677445286,520.6740883748228
negative_control,670.6679789179345,508.0879876702508
Trp53,401.8203855138295,818.3386997935667
Trp53,449.1092400370876,651.7990729366408
Trp53,521.7120870675977,514.3544269771032
negative_control,532.5418218921775,718.8531178671305
Trp53,595.7066119107672,520.4149507022755
Trp53,617.7018826080808,622.30409581138
Trp53,618.7999691475621,530.8770030471682
Trp53,635.6620149838187,546.5037286777844
Trp53,659.5815208207964,476.0452669882864
Trp53,714.9901424634562,514.1603195969625
Trp53,737.6923390563991,524.6644013362614
negative_control,453.4543286894028,723.1736802167748
negative_control,485.2522688150191,777.0411530386957
negative_control,702.5230237697838,513.9247117243013
Rps6kb1,416.9852429263376,743.7981229871485
Rps6kb1,454.2974488078552,724.3777861087785
Tbrg1,392.0122958967724,824.3693560658174
Tbrg1,420.27014124236223,755.7065780310731
Tbrg1,437.9928942027229,661.4090398462964
Tbrg1,453.81869905052577,805.37320332077
Tbrg1,471.3537031845137,686.5850301877763
Tbrg1,474.3840282862701,714.2030794397486
Tbrg1,476.2118795120111,823.0999751491621
Tbrg1,481.1851896430685,730.1777138839933
Tbrg1,483.37607300049865,636.1463728975323
Tbrg1,495.51843282514585,792.4882306748514
Tbrg1,503.1708479094023,604.587880115146
Tbrg1,507.55243972686645,537.5209714424464
Tbrg1,512.1500608734589,748.1001575934508
Tbrg1,516.9344603725418,488.0148857169689
Tbrg1,516.8156127285306,537.2744221889565
Tbrg1,524.620988210212,741.0763418883851
Tbrg1,526.128744670487,716.7025719982505
Tbrg1,539.5705551139376,711.2341718441032
Tbrg1,581.6777987677427,652.2432492132324
Tbrg1,602.4261095700589,531.9281371732744
Tbrg1,605.1706868330358,480.9768116308184
Tbrg1,646.7621965700155,508.441767257066
Tbrg1,670.9712004258869,618.0910330581153
Tbrg1,708.4375447199151,543.6570074271618
Tbrg1,728.9807775189439,523.9566711111074
Tbrg1,857.5040107867152,621.7689785334488
