gene,x,y
Ppm1g,1176.5113012720465,1455.8413666129393
Cops7a,1198.3064680999285,1543.8996680433634
Cops7a,1200.9374249260095,1507.5491139815072
negative_control,1204.062110327498,1452.252491699704
Pkm,1204.1062607646804,1417.83946389761
negative_control,1204.5952181352984,1416.148526025402
negative_control,1204.8878410619468,1416.9906248589296
Mbd3,1204.0219458680092,1434.4770371336756
Psmd8,1203.805607528027,1433.7801244422496
U2af2,1204.9853009187832,1434.6751163012843
negative_control,1205.9663364089645,1435.3735263068234
Msn,1205.5552781785318,1434.1245308662342
Tpm4,1207.4886777946838,1384.9706891270098
Ppm1g,1208.4056829649328,1440.3294767429688
Tpm4,1207.87671017003,1488.578116605143
Uqcrc1,1212.4014471908658,1459.1912379648347
Vat1,1213.155537206508,1458.9658668027128
Hspa8,1212.773466435574,1461.0868237234283
Tpm4,1213.2921364420806,1460.9530793635831
Paics,1212.0481724294757,1459.1538546239335
Tubb5,1214.7594651584027,1435.5008912725712
Arf1,1214.8165018027958,1434.6898789688007
Ugdh,1214.8034932121036,1435.5480470400496
Rpl15,1215.0657621141495,1435.2884641253238
negative_control,1214.076022181291,1435.5271105284578
negative_control,1217.6966418224158,1427.2935210357932
Psmd2,1218.0530557561085,1460.3928772632964
negative_control,1217.7545671937114,1459.7832190068198
negative_control,1218.447017364073,1459.9204869702546
Zfp36l1,1218.3904003732414,1459.3645106664817
negative_control,1221.4188089099107,1440.2572912059074
U2af2,1223.012037585385,1463.667458210855
negative_control,1222.1075506397417,1463.5760015788433
Psmd4,1221.6276636989571,1463.3642073393776
negative_control,1220.8050335946095,1463.4211760078215
Spp1,1224.079189884376,1247.269118772518
negative_control,1224.4160003045474,1285.7420107745177
Spp1,1226.5558558183295,1351.9200347900162
negative_control,1226.0577236938566,1351.627631694377
Zfp36l1,1227.3790800699276,1453.341571827889
Tpm4,1227.4262674535046,1458.2241342295442
Arf1,1231.0420983667518,1224.1837073709414
negative_control,1232.959370198122,1446.439803227595
Vim,1233.192284585892,1447.0021806291788
Vat1,1232.321848003946,1444.4295465940388
negative_control,1232.752783106853,1444.375676104799
negative_control,1232.8102788064475,1444.4909487099849
negative_control,1235.152254869933,1376.749223193628
negative_control,1234.9997330214435,1385.1618933822915
Cops7a,1235.4202399881085,1328.3766502796716
Emp1,1238.177903425282,1241.970946099016
Rarg,1238.7831853221396,1197.944005354264
Ltbp3,1239.4321441820784,1212.2358153473592
Use1,1239.502146036601,1227.417359042571
Tpm4,1241.200743596738,1359.9933918158952
Mtap,1242.450307598302,1429.362264166302
Zfp36l1,1242.2903462255656,1430.3519584595033
Eif4g2,1242.4837083440175,1429.574030978727
negative_control,1243.3565640830395,1299.7702643552043
negative_control,1245.6564831488167,1190.6970032398322
Actn4,1246.2776379983234,1250.9340428762273
Rarg,1246.4835851855723,1252.4438725943255
negative_control,1246.1557118098056,1250.9485325729806
negative_control,1248.5463284567609,1197.0326277501592
negative_control,1249.3052775772371,1196.5498670236943
negative_control,1249.4213336027012,1197.8856178185124
Khdrbs1,1253.487400299679,1411.6889856626651
Ptbp1,1252.166075226567,1411.8875882620705
negative_control,1256.869687573368,1187.017447469466
negative_control,1256.3452438179845,1187.0038256648909
Nr2f2,1258.0358276291788,1157.8834653334643
Arpc5,1257.7356099327587,1157.6659813524216
Tpm4,1260.4451408413436,1174.9231013065837
Spp1,1261.7342629814402,1409.1598459784177
Ddx17,1272.6223424778198,1329.424466418723
negative_control,1272.52735839339,1329.306286742369
Spp1,1271.8020009997456,1328.808800870384
Spp1,1278.2163309848113,1216.249725415705
Tpm4,1278.0884849797449,1207.613750788776
negative_control,1280.5611078066795,1379.882089331893
Rpsa,1280.951050408087,1381.392857091859
negative_control,1279.9844384175212,1379.4710299277158
negative_control,1279.7773130210528,1378.4426165536374
Lmna,1279.8225132408752,1382.1987530890035
negative_control,1280.3949877996988,1378.756871643868
negative_control,1280.3507318454515,1380.5322629556993
negative_control,1279.63550999653,1380.6039439686497
Spp1,1283.8005562030946,1379.70667449759
Cops7a,1289.1284612763989,1330.7176805460076
Cops7a,1294.9008653718683,1216.3384054798098
Ltbp3,1302.9516363073706,1148.8741315122538
Tpm4,1307.6876582497562,1109.592830905137
Rps6ka2,1306.4309250203603,1220.375837604235
Ltbp3,1311.1945542178526,1253.447100843336
Zfp36l1,1325.1261785198683,1242.0927278797292
Rps6ka3,1327.755010865311,1048.7892546391304
Tubb5,1336.724490785457,1126.0324113011732
negative_control,1336.865102640755,1126.140103334364
negative_control,1336.3062936485749,1126.2223713475853
Ppm1g,1335.6542908604456,1154.1163980858826
Trim28,1341.072833004008,1151.8224183549416
Zfp36l1,1342.6667649641631,1153.354562413481
Gas1,1342.5817090305898,1153.6408020742952
Maged1,1342.079824423114,1152.5069726254633
Nr2f2,1341.441958556666,1151.9597467685453
Gpi1,1345.2165984334356,1174.3627734388183
Arpc5,1346.8123022490638,1122.0373650362003
Cops7a,1349.2418484001066,1113.415978547876
Rpsa,1354.6025967389648,1163.2526787144122
Zfp36l1,1353.5281661702577,1162.5636646761932
Cops7a,1384.4211002618554,1125.7417612086642
Psmd2,1162.9180853866071,1406.523781179665
Rpsa,1169.6542918483317,1500.6435310294994
Rpsa,1170.87975938856,1453.0183705096715
Psmd8,1175.72820753766,1526.5785303952025
Rpsa,1176.715799498813,1471.7623688450683
Rpsa,1181.6398333022014,1398.8527383400708
Vim,1184.0382535767787,1469.9266189123964
Rpsa,1183.6397583047838,1472.0557175601366
Rpsa,1185.4045236051277,1445.2086862112324
Rpl18a,1184.6588551051354,1513.454111494961
Rpsa,1189.8416790918477,1362.4572112293904
Psmd2,1192.7593049613895,1515.6907105400128
Rpsa,1193.697384408756,1381.886980353219
Hspa8,1199.0714417431575,1463.7282680665403
Lamp1,1198.8776790748068,1462.4387273540283
Rpl18a,1202.6321502449257,1445.334945517178
Idh2,1203.2314736986923,1445.6320147813956
Psmd2,1201.7481197940538,1447.3812240380582
Psmd2,1201.8465280866726,1425.754465135297
Ssr2,1202.8120763654142,1441.766810192987
Rpsa,1203.766618125619,1340.9403284826942
negative_control,1204.4090155058166,1406.8956983899118
Plin2,1205.2646307576008,1406.7560700887946
Rnf11,1206.3848436037902,1367.168786867948
Rpsa,1207.3311711365272,1424.8716690715055
Ctsb,1208.0748459894462,1335.8276783272468
Aebp1,1207.4786865571402,1356.277537797359
Tspan3,1209.0488802357345,1319.7833132597543
Rpsa,1210.3026501324618,1456.039718778391
negative_control,1210.6572206262208,1396.0511388325144
Rpsa,1211.371592921102,1352.7826020106456
Rpsa,1213.9841061005884,1478.9128857925004
negative_control,1212.3686097121692,1478.4199049593335
Snrnp70,1211.0616501126087,1477.231306773148
negative_control,1211.1234926511952,1478.2953771899051
Nr2f2,1213.3101568060918,1478.2974725520985
Pdia4,1214.5797501240784,1477.850200434211
Tcf25,1212.0695515231926,1333.2004659881352
Prrx1,1212.168967473569,1332.8727338084952
Gpi1,1212.566058479053,1333.2850503948562
Rpsa,1214.0053681031422,1432.443428109745
Rpsa,1214.9320686001756,1326.3624788787895
negative_control,1215.0538131942938,1391.6670244831737
negative_control,1214.60324789091,1407.2575615884973
Rpsa,1215.2916136363676,1357.9759579465754
Rps6ka2,1214.9425808450355,1452.7948664189394
Sfpq,1213.0834938038645,1452.3135268470971
Maged1,1215.0507647187123,1452.0978451359788
Msn,1215.0938946483273,1451.958556784668
Xdh,1213.10616749081,1452.2552413966796
Eef1g,1213.0070738904726,1451.9800013826707
Arf1,1217.8372887594664,1457.7797194744528
negative_control,1217.0087324484964,1458.0097075185938
negative_control,1215.9661739220803,1458.37989743042
Rpsa,1216.1655854038895,1322.430428305922
Rpsa,1218.06309865523,1381.9310597992571
Ugdh,1219.5405074202524,1348.3427231823164
Hspd1,1220.1435410082242,1348.8081029855782
negative_control,1219.0903548658748,1348.329270993157
G3bp1,1220.61953205491,1348.447303305568
Rpsa,1218.1169256798146,1314.5309953113704
Rpsa,1219.766609233329,1432.6193992598196
Rpsa,1220.3416234721335,1330.968413277652
negative_control,1222.4792207223354,1411.2881501740185
Hspa8,1222.1514168269473,1411.0025138623516
Idh2,1220.3230220378769,1411.606960732664
negative_control,1223.3279472860431,1410.903459664069
Hspa8,1221.496492540704,1426.8966094495963
negative_control,1220.9163612348234,1426.9715741729754
Rpsa,1223.9757752998175,1439.988516014013
Ctsb,1223.779386924194,1307.0496629971904
negative_control,1226.5259453678764,1456.0805922950617
Ube2m,1224.7246507694822,1455.6308770798755
Ctsb,1225.7073762971822,1325.9481085176667
Fbln2,1226.1432573847628,1245.249919766287
Rpsa,1226.304147742548,1304.822481888295
Ctsb,1227.6608690229104,1300.001389527596
Psmd2,1228.2784390903869,1247.0307306941377
Nr2f2,1227.9555165585143,1444.7085156609342
negative_control,1227.946056514454,1444.1144746786322
Rpsa,1229.1356493717024,1208.036902647516
Rpsa,1228.9127681839764,1234.2925322101794
Cct5,1228.1543946295196,1350.9303439238354
negative_control,1229.2032145433895,1288.186569129589
negative_control,1230.1935054391286,1247.8783083368146
Ctsb,1231.8819753196042,1340.4012224553317
Ctsb,1232.295994188975,1274.4465802820796
Ctsb,1232.2438582225204,1269.2176296012176
Rpsa,1231.9932202649754,1352.2464252023565
Rpsa,1233.2805403102852,1244.3166219949385
Fbln2,1234.9503093868484,1305.4367767650328
Rpsa,1235.420567346645,1427.5345877460982
Prrx1,1235.4884975136897,1398.4683551170956
Rpsa,1236.295506034855,1441.422915500122
Loxl1,1235.9238283878835,1440.8396069323892
negative_control,1235.0574935416053,1439.471248765475
Ywhag,1235.6224722910574,1440.8904796633938
Tmbim6,1237.2940928230196,1301.2586185245857
Aebp1,1235.85309173517,1300.8456348195978
Ctsb,1236.2282745169025,1242.9434749902266
Rpsa,1237.6559681307629,1419.628304413609
Ctsb,1237.7033581412363,1287.1398990874093
Zyx,1238.3800852014706,1416.7909982491235
Ctsb,1238.118410629144,1415.2336458343173
negative_control,1239.3047071767287,1416.7812475438557
Timp2,1236.934819942605,1305.6270457149403
Ctsb,1238.3510298511146,1293.8554673822352
Ctsb,1238.5246890670942,1341.0271174803374
Rpsa,1238.5682726539776,1385.469141141233
Ctsb,1242.8322412017053,1342.087304707357
Rpsa,1241.6302183829098,1348.3257335164756
Ssrp1,1242.7182646685244,1393.1717692246712
negative_control,1242.3525092786729,1392.3554438914314
negative_control,1243.1869898123264,1392.470521550772
Rpsa,1243.627882257554,1373.904400337093
Ctsb,1243.6665497110396,1331.8702420159827
Rpsa,1243.1159883387086,1387.870844890528
Ctsb,1243.326778062184,1269.4764384847615
Ctsb,1243.9470973023967,1360.9320293980634
Rpsa,1245.1056902536309,1270.740155948935
Fkbp4,1245.7607653207438,1424.1184860950048
Snrnp70,1246.2167092698376,1425.3609895144768
Aars,1248.938282944061,1405.4922505874936
Aebp1,1248.4495797020663,1194.1252153426522
Ctsb,1248.8815772658686,1347.2992300307164
Psmd8,1249.0265016438689,1390.6383488385857
Rpsa,1249.3052254803322,1181.40631521077
Psmd2,1249.802829976065,1150.2850761421505
Rpsa,1249.8762543565606,1327.368926775899
negative_control,1251.0131248096404,1327.0997335452223
negative_control,1250.3395164368874,1326.5587941946687
Ctsb,1250.3456960845594,1235.516185086385
negative_control,1251.2792294365706,1235.4717365237452
Ctsb,1250.1096529268634,1184.7346506281497
Rpsa,1251.1543472488831,1342.7457257805254
Rpsa,1251.1501388405422,1176.0091332082395
Rpsa,1252.67834628537,1355.3417399389043
Aebp1,1251.7094768630195,1331.1609631884144
Ctsb,1253.4107483391365,1227.8390256421965
Rpsa,1253.2134649638606,1321.8223578422708
Aebp1,1253.6393958080482,1289.8338758260013
Rpsa,1254.6683936616705,1212.705876517125
Prrx1,1255.8412551190936,1187.7285922742467
Rpsa,1256.392566311535,1397.9049855717894
Psmd2,1256.9134459061763,1121.2197310511033
Psmd8,1256.9010494566396,1386.895262411187
Aebp1,1257.5472744203205,1295.058325500921
Fbln2,1257.3425236527328,1373.9964870240435
Psmd8,1258.531480477452,1411.3684566305012
Ctsb,1257.9401180383793,1322.522691111717
Rpsa,1259.3361729641665,1312.5287348153229
Rpsa,1259.110052278034,1328.6681618814443
Ctsb,1259.8085956827824,1368.871033041949
Ctsb,1259.641178613699,1135.023400264198
Prrx1,1259.6363193607956,1387.482707919114
Vat1,1260.280580278996,1163.6050463827578
Rpsa,1261.0774881075945,1382.3590575901508
Rpsa,1261.038712892255,1334.039065482329
Rpsa,1261.0236168587126,1346.761768986711
Ctsb,1261.4762918966533,1157.5246824199708
Psmd8,1262.62408552106,1328.981645293996
Rpsa,1262.7694759570438,1320.3736016342175
Ctsb,1263.483674241557,1202.786456031663
Aebp1,1264.3526353922514,1268.8354226440626
Ctsb,1264.7146184118951,1342.0112570845188
Rpsa,1266.349018399018,1150.1906336238758
Rpl18a,1266.0853418629758,1391.578534710366
Crlf1,1266.965902679807,1274.139128777476
Ctsb,1267.047206771962,1181.2320460142614
Ctsb,1267.4254692241211,1171.1123468830824
Rpsa,1269.3117052482198,1175.3040585513322
Aebp1,1269.075417354136,1192.636650918927
Ctsb,1269.3831408550143,1340.2013672577548
Rpsa,1270.1680735668965,1212.6989282818915
Fbln2,1271.0936789351624,1386.8332453024093
Rpsa,1272.8105226595358,1165.7063830609702
Ctsb,1272.8850937342468,1223.720896816049
Ncl,1272.8522202078132,1392.599431627852
negative_control,1272.7023120999324,1391.0467655716984
negative_control,1272.792814792418,1391.032497027341
Rpsa,1272.9773947207043,1172.2966625605386
Ctsb,1274.5538326177366,1336.9315039292385
Ctsb,1275.4883714243383,1133.5613949865428
Ctsb,1276.306163849017,1340.8014912244207
Aebp1,1276.9120636108034,1149.5993941881914
Ctsb,1278.1643888686583,1165.8171593645889
Tspan3,1278.8475622191384,1318.337499019622
Ctsb,1278.9998913651198,1101.4820346536414
Ctsb,1280.1941444046947,1128.6788401617546
Ctsb,1279.521394739115,1154.940057787819
Ctsb,1280.3336919780627,1143.4090249678366
Rpsa,1281.5120329414626,1278.5157118618429
Ctsb,1281.674576545665,1334.9861906745246
Fbln2,1282.4569861908335,1239.30153109102
Rpsa,1282.6847327221112,1257.35696992671
Rpsa,1282.840703565509,1045.7994823222366
Aebp1,1284.213723580517,1159.987905448298
Ctsb,1284.3769005540937,1157.1182521844044
Prrx1,1285.4670048140952,1355.925428835339
Myc,1286.0646202632092,1121.6433931549382
Rpsa,1286.1274507952662,1181.192741792892
Rpsa,1286.5681531359392,1081.924812391066
Rpsa,1286.669765660506,1174.7700618435051
Aebp1,1287.9912759463252,1148.3022814677242
Ctsb,1287.833267443228,1139.3972824628245
Aebp1,1288.212987549042,1207.1914490425563
Ctsb,1288.8011639588665,1158.5655533460342
Rpsa,1289.0770439278729,1184.3412471488969
Rpsa,1289.163080584065,1164.3109654285352
Prrx1,1289.7830095974898,1011.4477805876436
Ctsb,1290.855060952299,1323.5283688849802
Rpsa,1291.1421997796992,1216.2323725645667
Ctsb,1291.2779615131928,1151.4044857275355
Rpsa,1292.936892553305,1070.100794720977
Aebp1,1294.0667148248635,1218.560780723591
Rpsa,1294.1002669277368,1048.2595873131122
Rpsa,1294.0832167507067,1257.82594665818
Rpsa,1294.3779049385216,990.623575350203
Aebp1,1294.7768093992377,1179.1311126392084
Rpsa,1295.0433270385593,1176.922059955966
Rpsa,1294.882644301449,984.3388958795751
Psmd8,1295.765256480426,1305.7907303203333
Rpsa,1296.350949327371,1144.6872729329984
Aebp1,1295.3271308994,1132.5746923362176
Rpsa,1296.1835851461228,1197.2834579039188
Ctsb,1296.4916805564114,1105.21427918237
Ctsb,1296.4373842375992,1337.28961368174
Rpl15,1297.473308904408,1336.5043932049782
Ctsb,1296.8474339486334,1131.125990091769
Ctsb,1296.6509058136455,1325.7682124904427
Ctsb,1297.370203055581,1085.4796624156916
Ctsb,1298.285591189787,1279.0016312394282
Psmd2,1298.446206789486,1350.0934727236602
Ctsb,1299.4823389030075,1294.009876011662
Psap,1298.6560723439045,1140.9170089032111
Ctsb,1299.6406987994455,1141.581130036475
Prrc2a,1299.0852362188105,1140.9664062718862
Ctsb,1300.6747963639882,1319.1936715862314
Ctsb,1300.5419378752092,1237.1163462265374
Aebp1,1301.503053988751,1189.201843581946
Ctsb,1302.2511327778398,1145.7329732951491
Rpsa,1302.0807745983702,1125.491262444879
Rpsa,1302.8739727935194,1073.7692660167247
Ctsb,1303.407629543041,1227.607614070296
Ctsb,1304.7653583420592,1095.0782028533465
Ctsb,1304.7755230336634,1114.7182003221417
Ctsb,1304.9047389759248,1174.9860224428494
Rpsa,1305.3827651474674,1143.4544688545325
Aebp1,1306.2625979482414,1254.7299972454148
Ctsb,1309.5231107684886,1197.0950144021244
Ctsb,1309.6592118436006,1225.2016141822326
Ctsb,1309.9878645611575,1087.2586172477502
Ctsb,1310.2777514142276,1154.5116566639958
Ctsb,1309.659492101739,1125.786395587787
negative_control,1310.0868786187416,1239.298501245049
Rpsa,1310.4530614017997,1078.6964651095068
Ctsb,1312.3858556596888,1232.1610130074132
Ctsb,1312.190778523024,1139.629688406386
Psmd8,1313.9354970870904,996.9043385913266
Ctsb,1314.3634184247758,1134.4689388471563
Rpsa,1314.7439559925124,1023.4226640149128
Ctsb,1315.000254344854,1154.6976768826123
Ctsb,1315.5944397308836,1144.8929194964007
Npc2,1317.1457349217164,1144.48053554811
Rpsa,1315.7285199681855,1216.967718559464
Rpsa,1316.5789473499926,1212.821829677176
Rpsa,1316.7806213939589,1098.0114640235695
Tpi1,1317.7692405008695,1302.9452252566698
Mrfap1,1318.9098464497229,1301.6727165418072
negative_control,1317.1475790323952,1303.5981655180913
negative_control,1318.187929520533,1302.981480977442
negative_control,1317.8114540298736,1303.6644646581344
Rpsa,1318.125567772623,1115.220182686295
Aebp1,1318.318909765656,1222.8067807125817
Rpsa,1319.247211748545,1218.262542165132
Ctsb,1319.145673263635,1251.7372991746888
Prrx1,1320.2825321694834,1279.110502511906
Rpsa,1321.951866115277,989.2790452883283
Rpsa,1322.170082663941,1223.4788725603285
Rpsa,1322.9941056334028,1028.4419046139928
Rpsa,1322.9746885269817,1195.9376414643468
Rpsa,1324.8899444834267,1074.2967133607049
Rpsa,1324.7404980413792,1056.1347104190295
Ybx1,1325.4513920873328,1279.5396284590777
Rpsa,1324.9437842806403,1282.3422142051088
Rpsa,1325.7033431100083,1084.0067075496268
Tsc22d1,1325.5356068606454,1266.4219548481226
negative_control,1325.496205411429,1265.2581033351255
Ctsb,1326.643047118975,1245.7231480608486
Ctsb,1326.5297088375305,1165.2342441816884
Fus,1327.7719559579723,1260.2620478963536
Puf60,1326.061169765975,1258.9598119041657
Pgrmc1,1328.2258231391247,1258.658643069953
Ctsb,1327.490953416302,1050.1839426667689
Ctsb,1328.4270287616598,1157.2117886956737
Rpsa,1329.0372399777589,1167.5229687455983
Rpsa,1329.7823295351072,980.9361318834189
Rpsa,1331.7670010839029,1041.212666396084
Fbln2,1331.8550150888243,1190.147724216001
Rpsa,1332.21381842269,1146.3104072143412
Tspan3,1335.3628283967512,1149.8552947705498
Rpsa,1338.3618947699306,1096.3782087191908
Aars,1341.0654361068518,1065.5316084170304
Rpsa,1341.4719482353266,1074.7859289415933
Uqcrc1,1342.5513290690626,1158.9529318913585
Ergic1,1342.7804841227153,1159.380595688904
negative_control,1343.0823254220536,1159.859811544822
Ctsb,1346.8758781411534,1157.165800141583
Rpsa,1347.0107802397624,1170.0592555471417
Rpsa,1347.6353463248645,1178.5901776145754
Jun,1347.7738679753163,1154.3066678001946
negative_control,1349.005419652905,1153.4788497511695
Eif3d,1347.9784601919123,1154.752935908014
Fus,1348.8585391503775,1154.4576093328506
Npc2,1347.1993534516355,1155.0105692569962
Rpsa,1361.725052573593,1125.5962175558957
Rab34,1176.1429900642495,1518.1918492725613
Tcf25,1203.2685450090526,1431.7136346265509
Rab34,1201.5904220945229,1433.3015701358324
Timp2,1202.5868665324006,1432.5958275122782
Rps15a,1203.2039284599114,1380.8467607425032
Vim,1203.4046487820028,1379.5561696001257
Msn,1203.896196195849,1379.6173798447476
Zfp36l2,1203.8180810875797,1378.332223842931
Eif4g2,1203.5096525632484,1378.3990873320722
Ndufs2,1203.1256499564165,1373.6319014796104
Ywhag,1203.721029556919,1456.4897193052846
Ywhag,1204.7005928156775,1361.360045189924
Ncl,1204.1819846600424,1363.577997928161
Rab34,1205.312324056149,1365.7250839959834
Pgrmc1,1210.4235942925704,1344.9248741316671
Lrrc59,1210.4680923020494,1345.7097574009886
Ywhag,1211.0026388733777,1344.6666550026034
Plin2,1215.0907863242085,1356.8177541554332
negative_control,1215.1277392587697,1330.9880312261398
Plin2,1216.3903622249345,1395.870488822235
Hdgf,1218.109077440455,1369.703880089089
Mrpl4,1217.319639154512,1367.918503314508
Laptm4a,1217.13085483158,1368.6201828463554
Crlf1,1221.2048160639883,1275.9130174102636
negative_control,1221.0378470445637,1452.7069344616243
Ywhag,1223.2920248395544,1448.7120490723948
Plin2,1224.3358680772562,1392.6538906853873
negative_control,1224.5221993314,1460.694892534763
Plin2,1225.1815269349363,1436.5995092581625
negative_control,1230.77724575229,1451.1674912526028
Plin2,1230.6924772620823,1445.494467451096
Lamp1,1232.4428852594622,1238.7251941861305
Psap,1232.1733765117835,1240.3327700020209
Mrpl10,1237.4812282607734,1215.429438055413
Plin2,1238.902657825799,1430.5725193378378
Neat1,1243.4509732365234,1307.733927614111
Eif4g2,1242.803967781365,1308.5196322432994
Efemp2,1242.9075990194874,1308.1323019093118
Sfpq,1243.440195042996,1308.7311467839845
negative_control,1243.5423043271976,1427.4455367747437
negative_control,1244.1954441313944,1427.1535555054602
Timp2,1247.825169482815,1375.6489210896505
Tapbp,1247.9156877318355,1255.2729291702788
Pkm,1247.4404843756045,1254.7593004531864
Ndufs2,1250.074479936271,1383.9942181171796
negative_control,1250.249107722114,1421.5795421632984
Neat1,1252.0555747160647,1275.2460049241924
Mrpl38,1258.8542597643536,1266.7219793944143
Msn,1260.1502755045158,1254.0913523102547
Neat1,1262.950070047368,1284.7927853280248
Rab34,1264.4691787368374,1329.3211924776342
Ybx1,1265.1026390083828,1388.0626483968028
Cs,1265.1555835902395,1389.6491141508534
Ywhag,1265.2110079150289,1387.959251401862
Neat1,1266.3654116980058,1254.2348754398497
Plin2,1268.9739006283962,1400.9694377683632
Neat1,1271.0164071887878,1253.261990067924
Neat1,1271.759478076871,1256.510979680421
Rab34,1275.4566566660503,1377.0280461153377
Neat1,1275.919729228199,1259.054954189286
Tapbp,1278.6306049983998,1143.322097830938
Ndufs2,1279.8073879721449,1376.6928421343057
Sf3b2,1281.071589393148,1376.281194825984
negative_control,1282.5155436740058,1258.4591762577577
Neat1,1286.6271581007509,1232.194964621927
Neat1,1289.9487417385576,1235.7747344744744
negative_control,1291.429787180729,1361.823840438737
Malat1,1293.2371156711667,1278.4261645883812
Neat1,1294.5443612853242,1275.2539057071149
Tapbp,1302.320793291365,1141.6994598945375
Neat1,1302.3518213648183,1277.6638346267946
negative_control,1305.0172422791377,1270.218033339566
Neat1,1305.0964604437595,1265.1968903068273
Neat1,1306.6697550606275,1278.2784008729336
Neat1,1308.0756406663809,1261.9339716709503
Mrpl10,1315.1881410004794,1261.7656769004943
negative_control,1317.2418693135626,1161.2518740764424
Ndufs2,1319.270999508832,1303.9577838021628
Mrpl38,1326.9628769477358,1253.0479437342576
Ywhag,1340.0965925348194,1106.5884543864938
Prpsap2,1348.6603257222887,1154.167842071137
Ndufs2,1361.479010184256,1138.0380045906304
Pkm,1168.1301378840683,1421.3937567494406
Pkm,1171.2885175614529,1464.042004831353
Eef1g,1174.3999577882837,1516.8816722829852
Eef1g,1176.5795765929774,1444.5986096759184
Eef1g,1177.8873474709403,1549.521048781463
Pkm,1177.7360553883177,1527.746592912422
Pkm,1182.2434678921095,1390.788921092821
Eef1g,1183.0969578765105,1505.92854510996
Pkm,1184.496678060544,1536.9802327547052
Eef1g,1185.04020179994,1511.960090772121
Pkm,1185.265579560728,1530.6780610767942
Ubxn1,1185.8009339083835,1377.4458855554108
Tpm1,1190.723682098278,1514.8550793504455
Ywhaz,1196.6217597014304,1472.991823361585
Pkm,1201.9727085942905,1528.5983095055246
Eef1g,1202.4000416197027,1482.3009590443526
Pkm,1202.1731342160424,1473.5343640680117
Ube2m,1201.9979631666815,1324.2139175834902
Pkm,1201.2123682669933,1396.4275820468831
Pkm,1202.6913432629744,1300.3751523115398
Mrfap1,1204.0694752966974,1364.4739766854636
Pkm,1202.827769289073,1364.4915591684878
Ywhaz,1203.2854729501455,1345.4184926669902
Ywhaz,1203.0424766311232,1448.43815590156
Grina,1204.8137095193304,1504.4413612794078
Pkm,1204.5773166344936,1442.144985341226
Pkm,1204.9764695074855,1427.617794596762
Npc2,1208.6961680223812,1339.510328830122
Txn2,1208.205269658625,1337.3681829941152
Fus,1207.6585648722248,1337.4340753870945
Pkm,1207.7776566786554,1487.6782263904274
negative_control,1208.3606532417914,1361.7020173344397
negative_control,1209.041435469233,1363.422202313434
Pkm,1208.0974598049577,1445.540929465306
Raly,1210.031445761325,1385.070097716462
Sec13,1209.6824377626174,1385.2167063670247
Ywhaz,1211.0971870740573,1372.7011457869407
Cox7a2l,1211.2638675610503,1319.2228853622737
Eef1g,1212.1489824460778,1481.91337127962
Vim,1215.0278153912736,1302.6468887196809
Gsto1,1214.6933365709947,1303.2265296474077
negative_control,1215.265617463514,1303.3341599870612
Ywhaq,1215.2248621771962,1303.1127444871786
Pkm,1214.5655935124685,1368.753049658438
Nedd4,1214.8183101318782,1355.6689871966769
Rpl15,1214.6546171809089,1352.798500264689
Sdhc,1214.8550798413137,1352.9959054622195
Tpm1,1215.662576576967,1393.2417919057284
negative_control,1216.6235207408747,1448.5725581410177
Pkm,1215.9958021929328,1315.129136804762
Pkm,1216.093958005372,1455.0586744073498
Pkm,1216.0956604669786,1433.874538699252
Pkm,1216.350682260884,1445.774117564849
Emp1,1218.2867848618018,1293.6327289929236
Eef1g,1218.859212829384,1422.8697225472158
Ube2m,1221.5398865586171,1384.5556652549035
Pkm,1223.787067910963,1351.3163039250292
Eef1g,1225.504602564649,1444.089620798722
Mrpl20,1226.0455651580314,1320.0104524791757
Hdgf,1226.5614360598731,1431.2966147988625
Pkm,1228.2342334901234,1380.9176137606034
Pkm,1229.2885208409114,1416.781932368148
Pkm,1230.1476333580572,1388.7120993656383
Ywhaz,1232.2190193855,1426.5903742304492
Pkm,1231.9737144730923,1260.879825406006
Ywhaz,1234.302399594295,1305.993831990214
Pkm,1233.639336657528,1419.584507368735
Pkm,1234.7707502239623,1233.7346533924824
Ywhaz,1235.823326857817,1415.4490268526297
Eif4g2,1236.7445293844944,1415.9893592771891
Skp1a,1236.849471274783,1414.757285145939
Vat1,1236.8568270213082,1219.3706038544578
negative_control,1238.620745532153,1318.746567119473
Ube2m,1238.689377939724,1318.75928774909
negative_control,1238.178318531741,1318.1108284245324
Eif3f,1239.8692894191945,1384.1034642981865
negative_control,1238.2878613250905,1383.240965343593
Emp1,1238.7340830892904,1383.6101869163251
negative_control,1239.391551149207,1382.9356944228662
negative_control,1239.4307907368943,1383.1212463260017
Eef1g,1240.9401323186185,1416.6217371058185
Ube2m,1243.0333771860246,1407.7855953338185
Pkm,1244.5125163238629,1329.0632946638332
Eef1g,1244.8951431575456,1389.918875446036
Pkm,1244.9306738108364,1405.9042611367731
Pkm,1247.7126646541456,1354.8756426410707
Ybx1,1248.347184631719,1398.2403935462332
Tpm1,1248.3772799489157,1397.4683248796116
Mrpl20,1252.116297196061,1144.0326156998551
negative_control,1253.24120110463,1145.9173682554656
Laptm4a,1252.1949258714162,1150.0816424570596
Eef1g,1253.9782094845757,1238.6108344958488
negative_control,1256.3075530035917,1145.4034741329024
Pkm,1258.9061851000893,1201.3372224114323
Mrpl20,1261.1217442620116,1367.024613102034
Eef1g,1262.5304934556016,1402.6077908343768
Fus,1264.0786383389986,1396.0201970151363
Junb,1263.3078982342631,1395.0512520554394
Ywhaz,1263.494517616763,1393.4098875171717
Pkm,1264.032218139315,1202.0014122663058
Pkm,1265.8260107173785,1376.7171632603315
negative_control,1269.4020500879958,1341.2341843584436
Morf4l2,1269.9794428201308,1375.314710606662
Ywhaz,1270.628997976765,1374.9126700111992
Ube2m,1273.0342127102576,1143.6664344958176
negative_control,1276.9104264480086,1372.6140618296215
Pkm,1277.4602986137854,1363.1515610326587
Pkm,1280.681407705274,1236.6197687116603
Rps15a,1284.3941629822748,1374.6223512390184
negative_control,1283.9246191973955,1374.2139871965824
Pkm,1287.9636866368082,1214.0302292312722
Pkm,1289.1537814435128,1183.7271875955337
Pkm,1289.883512277292,1271.7271957227756
Emp1,1290.5775664003718,1255.2134503007587
Pkm,1293.6953799313635,1106.6785305597446
Tpm1,1294.3331942709242,1228.9995966032216
negative_control,1293.2719789369387,1264.497343171956
Malat1,1293.28695835404,1264.797307125238
Tpm1,1293.5944262002618,1264.7806798610548
Tpm1,1294.2480971516843,1349.3773145064372
Ube2m,1301.2690818993697,1025.9054671477134
Mrpl20,1301.7167755627218,1118.5608122265962
negative_control,1304.6000204947172,1261.9702774685506
Pkm,1303.655783740176,1206.694123994136
Pkm,1305.4630277687795,1309.2273120654988
Pkm,1307.4564046832872,1099.1210190128731
Ube2m,1309.4744656534604,1329.5616785047584
Pkm,1319.039577198458,1270.390203424881
negative_control,1318.8819824699017,1131.5228616508718
Pkm,1320.0837531789912,1203.244306008977
negative_control,1320.510098010424,1109.7024624842022
Tnfrsf1a,1323.1235995079005,1285.7276029261127
Emp1,1320.8354136004525,1283.8347812375705
Csnk2b,1322.2905804087711,1280.9947583526696
Mtap,1322.7155059077013,1279.2890056983963
Myh9,1322.000503775556,1280.7095408858963
Nr2f2,1324.7461175814635,1279.0328334834255
Ercc1,1321.2556069197017,1280.1000799846497
negative_control,1324.7084695721687,1194.2527127276328
Pkm,1325.6122843240828,1247.4462732008942
Eef1g,1325.7819376007567,1031.6516491478892
negative_control,1328.6028110701802,1122.8812654133512
Pa2g4,1328.6426982000212,1174.6157912020103
Eef1g,1334.027842554535,1197.2914584775615
Eef1g,1336.047263520643,1116.5026162747629
Pkm,1341.3789657465004,1182.026389543345
Emp1,1341.9103132093646,1087.4319705914668
Ywhaz,1345.855230682101,1128.2502794131633
Eef1g,1347.7407157397895,1135.5825203349095
negative_control,1348.5001661694248,1148.9760933131313
Pkm,1351.4093920326784,1133.0278213012211
Eef1g,1354.6524232923762,1138.1031154271536
Ywhaz,1355.619883356662,1149.3431198263645
Tpm1,1361.382785076035,1138.20785254888
Pkm,1362.1342061435153,1118.3596419658695
Mrpl20,1366.2925439331534,1134.0696228869474
Ywhaz,1373.6071927075077,1127.682264220792
Pkm,1382.5588727275326,1126.1995849992877
negative_control,1181.96428309467,1468.5407953366578
Ugdh,1182.222239319855,1419.2624322664592
Ugdh,1182.7718756733962,1401.5993429880668
Nedd4,1193.177943922348,1383.7500826762812
Nedd4,1193.9775588800344,1528.4579548175968
Fkbp4,1201.2526012294418,1513.01866825736
Zfp36l2,1201.756512010094,1512.647342127003
Ptges3,1201.113069922986,1512.1821065016263
Nedd4,1202.352044436573,1526.9115857334505
negative_control,1201.7287639452732,1461.6890831923406
Eif4g2,1201.8970852534333,1461.7302572988349
Nap1l1,1202.4350272410832,1461.2468544814053
Nedd4,1204.5635779046072,1350.5868848838943
Myh9,1205.7094299740277,1395.0279929775936
Nedd4,1204.7317518653529,1394.605951570195
Tsc22d1,1203.840923605897,1396.655711712871
Mrpl4,1205.689793592087,1426.5954738973492
Nedd4,1209.8369865769469,1403.334654220974
negative_control,1213.857054433898,1429.1548797864166
Mrpl4,1214.4470620226468,1383.004228964939
Nedd4,1219.2328286766274,1464.0158026791623
negative_control,1221.5636663911632,1442.5005369749058
negative_control,1222.2712517148734,1442.907477563184
negative_control,1223.2750286463115,1442.4961554283748
negative_control,1223.0726288632793,1441.515086004726
negative_control,1223.3989225140454,1443.188002649246
Nedd4,1223.2951639544006,1450.123774801957
Ptges3,1222.98257652625,1291.070414797936
Ugdh,1225.3421424173682,1453.9310653878445
Mtap,1225.0828417949465,1454.5384463587338
Sec13,1227.222487184191,1407.728147187866
Trp53,1225.623701637925,1408.0710277163164
Uck2,1228.568318577131,1441.8821685105852
Mrpl4,1229.3182489312433,1364.3917976342293
Sec13,1228.5774013399832,1454.2269953789842
negative_control,1229.4503540957949,1453.4544008638009
negative_control,1229.1317621333585,1425.9323870864416
Morf4l2,1226.9757187093333,1428.4464174579462
Vim,1228.1518635098053,1427.329032108002
Rnf11,1232.0250281359547,1452.0934600701876
Fus,1231.4557775330095,1450.9030017354194
Nedd4,1234.8747925582154,1444.2987933079426
Cct3,1236.618095616004,1429.4243776145352
Ugdh,1237.4580923415042,1163.8310197741691
Vim,1236.0150520441828,1439.488082974966
Ugdh,1237.7765857900954,1438.4781402314163
Nedd4,1238.688634755923,1206.4282359541642
Nedd4,1240.1904528760358,1434.0998114673464
Nedd4,1241.5950481324965,1380.1467351737124
negative_control,1250.7880628933483,1422.0127116870772
Lmna,1254.5492325957168,1403.8452263320046
Ndufv1,1254.5477637155586,1404.18323745744
Ptges3,1255.981992755142,1422.018215103211
H1f0,1255.5404558164591,1423.0042317646917
Hspa8,1255.6343368076966,1422.4841741458645
Msn,1256.5193157235412,1139.456497847082
Hspa8,1257.2202549571714,1139.959061455335
Uck2,1259.6191879139285,1128.903607499563
Cct3,1261.1711181528424,1397.7732715530406
Ptges3,1262.4663702710377,1410.470435164
Loxl1,1264.6047955554302,1152.268130410092
negative_control,1268.8566704551563,1258.2079424938242
Nedd4,1270.7860846379535,1150.2154603960994
Ptges3,1282.0939141551144,1229.596430649639
Nedd4,1291.6415480244875,1255.2820282071584
negative_control,1292.9745282008955,1348.8548099682246
negative_control,1292.9018754725307,1349.651543481032
Mrpl4,1300.3494043312571,1280.5324198620676
Gpi1,1301.3049168221546,1158.9599206049093
Vim,1321.34466892119,1284.4656249871323
Nedd4,1339.2434433809326,1157.9415314848368
Eif3i,1352.539611104496,1132.7645839181548
Ugdh,1352.4269513350782,1132.4957057080398
Uqcrq,1170.9468843384886,1452.155463642523
Arpc2,1182.6981488083327,1477.1315813381134
Fus,1183.149509540193,1476.4066528628805
Arpc2,1186.4478603020225,1520.863424691793
U2af2,1198.8426640516805,1477.257442697216
Arpc2,1201.2757095695472,1401.640264358692
Fkbp4,1202.20958911533,1397.718415815154
Hspa9,1203.6393063027208,1400.2842287550502
Slc25a1,1202.3775116893917,1399.3107567125385
Ndufs8,1203.625864592348,1401.844790536342
negative_control,1202.1388291368678,1397.4188941596135
Sf3b2,1201.6746253664996,1371.5761915779294
Tcf25,1201.8881046935255,1372.4744081243734
Pgrmc1,1202.344215284047,1372.3142096425322
negative_control,1201.905718318075,1417.4343874333738
Mmd,1204.5707042609465,1491.830038469539
Mrfap1,1204.5475547451974,1347.4799030618487
Msn,1204.785991766278,1346.1901683873618
Arpc2,1207.1950979350113,1478.815958719656
U2af2,1206.957846268892,1419.2853364897278
Tcf25,1207.0390747280817,1390.4011786640351
Hspd1,1207.3907088406163,1450.9353383643245
Myh9,1207.9457526343467,1451.1066980826367
negative_control,1207.2762017213893,1455.99450580974
Tbrg1,1208.5212431930445,1454.98876508766
Uqcrq,1207.9929917497725,1454.691515206764
Vim,1213.3125114474142,1438.705326374935
Zfp36l2,1213.5387503442612,1439.0424870316294
negative_control,1213.8566196848983,1440.2409738058154
negative_control,1213.646464022072,1437.6360310902576
Maged1,1214.1337107853387,1436.953349568834
U2af2,1214.3836209920444,1437.1140349737984
negative_control,1213.722282160366,1437.9556730810068
Psmd7,1215.7296856988935,1378.6692023710889
Fus,1215.0950784135805,1378.260036186796
Jun,1216.6712876240924,1378.8037833991114
negative_control,1214.8298886688008,1377.902423839024
Sae1,1215.9898004699492,1378.2794184865847
Ybx1,1217.7641653675128,1406.2116087879488
negative_control,1218.082101550256,1405.5148295991603
Got2,1218.1639997838213,1405.034655250438
negative_control,1220.721089841167,1364.7679314213058
negative_control,1222.3709806713614,1367.9870163156504
negative_control,1223.1661624719652,1451.5928807275864
negative_control,1223.7267566351209,1380.9932792849463
U2af2,1223.8623670209165,1268.4289433213976
Arpc2,1229.5335210786138,1437.565271871464
Got2,1233.0340825409871,1280.3226218503653
Got2,1233.4565090799838,1350.8517571570296
Gpi1,1233.8805547097752,1420.2386181616105
Arpc2,1235.1443964970692,1419.8210980609963
U2af2,1238.7996307611672,1231.15874593738
Hmgcs1,1240.6767576327852,1280.580739646616
Got2,1246.582959813174,1333.5757507304895
negative_control,1248.5216598673967,1384.3409630053873
Gas1,1251.0174052103248,1236.7009359404192
Fkbp9,1253.4851294077691,1191.1385815423207
Got2,1254.232109481335,1191.361074169895
negative_control,1256.0530960283345,1280.4934493016558
Gas1,1255.167893431997,1279.9131721278686
Prkcsh,1258.2186000910665,1145.6539771661537
Snrnp70,1257.1756863217267,1415.0507489560018
U2af2,1260.2924985498855,1256.7526986603143
Gas1,1263.5695475192954,1330.8941843247917
Arpc2,1264.305113305629,1394.2775527893411
Pdia6,1265.986618925611,1175.2044679011842
Gas1,1267.2902254792443,1138.1900229315931
negative_control,1270.2211190244957,1316.0188305880315
Hspa8,1269.6707792155576,1396.6459218358111
Tubb5,1270.8708319312009,1397.566165197497
Got2,1270.7986980847786,1171.042318943681
negative_control,1275.7588695989386,1294.7036888744738
Gas1,1278.545564592975,1365.3192999564676
negative_control,1277.0134702360303,1366.676095283468
Vdac1,1277.1915467632964,1366.9924429314094
Vim,1278.2489960502685,1367.5071380730258
Mbd3,1276.1804290280274,1364.5050363432176
Mta1,1278.9596978831314,1364.4332132855177
negative_control,1278.6598841782618,1366.0310274532064
negative_control,1283.6084261672368,1264.8438592991574
negative_control,1282.9925131164246,1372.549987956642
Hspa8,1288.0894226005091,1342.5899128639844
Tcf25,1288.845423306516,1342.1680874473627
Uqcrq,1288.30404282969,1025.855568993181
Pdia6,1289.2474560127257,1171.798465932701
Got2,1290.4584242284834,1204.141412279684
Got2,1291.4361882446815,1333.0104479132474
Gas1,1291.6897886268926,1030.4192488953986
Pdia6,1292.3161389072093,1162.5885088660827
U2af2,1292.383639457753,1102.0451462266783
Pdia6,1292.1878123678575,1214.97542397681
negative_control,1297.0395474573045,1323.3849343075758
negative_control,1297.3149220922635,1277.415225042118
U2af2,1297.416814898812,1116.2216096387574
U2af2,1297.81892498023,1111.189892871502
U2af2,1298.8768787094964,1056.5890795124703
Uqcrq,1306.028490158833,1328.5472299911817
Pdia6,1306.9591221162325,1081.6262557456266
Nr2f2,1310.2703008705655,1235.9301718774914
Rpl15,1309.7912874726958,1235.7094387680668
Gas1,1310.148034641895,1235.295072033976
Uqcrq,1311.742948447045,1314.7503386361536
Eif3e,1315.712835237844,1030.6056320527678
Got2,1317.8931309796997,1116.599418215739
Pdia6,1318.8482933135328,1106.196615517008
Pdia6,1319.0637202455794,1287.48127801306
Il1rl1,1320.6380843819477,1127.1793223168504
Prkcsh,1321.4097150546038,1126.7322034632075
negative_control,1321.3815014299614,1126.7868709210547
Got2,1321.9741927316236,1247.8588727172648
U2af2,1323.1603421221243,1281.928288479057
Timp2,1325.5207791220114,1231.408589416344
Stip1,1334.262779854354,1105.1567718689937
negative_control,1334.3134351106723,1104.640191367267
Tcf25,1347.2679099052891,1120.2570851204482
U2af2,1386.2062065498587,1133.5678943424846
Eif4b,1176.4552846692936,1472.6383486173986
Eif4b,1177.7946857395968,1446.3282523570847
Slc38a2,1195.416418949123,1502.9629980937775
Hnrnpk,1195.5638414063778,1511.2356174918834
Mbd3,1196.7632728055623,1511.9155288466736
Eif4b,1196.3566914487235,1468.439316937363
negative_control,1196.685560355717,1469.109077318478
negative_control,1198.9394272115064,1511.4066176006002
Eif3i,1200.14766825267,1487.1476825133543
Eif3i,1201.268055510992,1437.2507839699304
Eif3i,1203.105588049226,1375.8852364933257
Tsc22d1,1203.433806155699,1459.2774114736085
negative_control,1203.5951323090276,1459.141734798662
negative_control,1204.948867452608,1412.0697051941902
Tpi1,1205.0122127347934,1392.2684037889812
Mtap,1205.8471905310062,1461.7967839069809
negative_control,1210.6096187308358,1404.1521104391643
Txn2,1210.9218893671552,1404.661680366203
Stip1,1211.1015573476025,1404.2770697919375
Sdhc,1216.2750406488367,1370.3898843973564
Ubxn1,1217.177875366443,1393.9301096630695
Eif4b,1219.449950806484,1279.6130150693791
Tpi1,1221.2749968416929,1377.0534652736324
Mtap,1220.415240594082,1363.1770809577852
negative_control,1221.3604967005012,1362.3215651493397
Ybx1,1220.6837924341403,1363.929699459739
Ybx1,1221.8614280268182,1268.4581120486478
Hspa8,1222.766026209224,1268.59273658207
Rpl15,1223.6608699467754,1357.742824484838
Tpi1,1222.8800097470846,1358.9682900741225
Tbrg1,1224.8014121282597,1246.8273672905425
Laptm4a,1224.867870654986,1245.9906744540854
negative_control,1234.2947978903348,1361.3056849641143
Mtap,1237.702558801952,1425.196689679007
Tpi1,1240.8669330237826,1417.267960067369
Igfbp6,1243.251887504794,1298.9975586702694
negative_control,1248.4933404492351,1299.6661996477887
Igfbp6,1248.9740979525154,1163.1155621785704
Vat1,1247.8127296499547,1423.8810187317329
Trim28,1251.426596794876,1173.049843695505
negative_control,1252.2030163716076,1174.9142005565525
negative_control,1252.332416948153,1237.44823080818
Malat1,1254.1780267394615,1331.86029179426
negative_control,1254.355407986748,1332.3347535995642
Ybx1,1260.5624799691184,1299.3480031722468
Igfbp6,1260.7235106071937,1251.389146327091
negative_control,1264.730884690147,1379.0836858286452
Snx3,1264.6144664432431,1377.7894664717196
Myh9,1263.695626541887,1377.0711754975202
negative_control,1264.8591613566057,1378.986680661207
Mbd3,1265.6485117664406,1378.9346602951955
Eif3i,1264.382804002826,1379.232484441407
Slc38a2,1267.0027137554907,1395.8816605459788
Tpi1,1268.326486807139,1402.369271376799
Tpi1,1273.851716755387,1384.7261440351874
Tpi1,1273.886841407045,1308.7466691475709
negative_control,1281.399906804377,1377.2751110211273
Eif3a,1283.656100013167,1283.3338706511386
Snx3,1286.575392247384,1370.035175208714
Ddx17,1286.2299849732358,1369.3044104832632
negative_control,1285.3207240922873,1368.1379099130606
Igfbp6,1286.1963180368175,1103.8435870585972
Slc38a2,1287.534775529199,1319.5421859364417
Tpi1,1287.3775848693542,1050.8793943250912
Slc38a2,1289.7819371785972,1352.859781466639
negative_control,1291.87156207773,1265.7614083352264
negative_control,1294.6866434889737,997.1686152763956
Ptgs2,1294.5620327339125,997.5813021899666
Mtap,1301.9871997645346,1348.485418249787
Slc38a2,1302.847802627329,1243.626991316041
Slc38a2,1307.3003190179872,1281.1491423962786
Tpi1,1310.140001973106,1317.2044784939576
Mtap,1310.3149079329164,1342.0990967590856
negative_control,1311.617586064071,1262.2476984364469
Eif3a,1312.291110049856,998.9930022271242
Sfpq,1328.9075086554085,1248.9473186577698
Sf3b2,1328.0485459159106,1247.6996890576831
Lrrc59,1329.1201914894243,1247.766411056208
Eif3a,1343.0642989858995,1157.0674751666306
Eif3a,1352.8508914542913,1151.8224230685728
Slc38a2,1353.4679413442557,1159.9588596261922
Tpi1,1354.4590103670905,1120.6167393744329
Cct5,1354.9196529734577,1123.668529237861
Mtap,1358.6590843754034,1152.4010574722531
Mtap,1380.4481636559722,1144.5300810752306
Eif4b,1383.278915423459,1143.3163534792202
Snx3,1165.384555933853,1444.0852491458356
Rpl21,1173.689741773563,1476.6075364567057
Snx3,1195.4829435001875,1483.624836834876
negative_control,1203.8442748206578,1413.3371567279437
negative_control,1204.165408941954,1413.5854828286144
Rnf11,1204.5745944107823,1452.5978473399025
Gsto1,1205.3039254449425,1490.08525054006
Ybx1,1205.1804567862123,1489.8707287424036
negative_control,1211.1619397286572,1337.9686254956955
Rac1,1216.1822407490408,1295.2833536263
Sae1,1217.9724851383971,1320.6209595660291
Hnrnpk,1218.1254722066765,1321.081777243613
Rpn2,1224.0627005622116,1285.5053374515528
Rac1,1231.325343398203,1212.3191146546494
negative_control,1233.2240992812942,1436.2189983187654
Hnrnpk,1237.0194235793897,1408.4358677069297
Prrc2a,1238.943615483082,1421.2451995831548
Tnc,1241.391443521762,1429.2679235968558
Rac1,1248.5407614371318,1154.2410475446495
Gpi1,1254.5481375902057,1330.6867434538092
Efemp1,1260.8414763351398,1393.468938840277
Mrpl45,1264.4541364784848,1150.0202637267223
negative_control,1266.1528672945526,1268.44252959768
Mrps25,1272.4362130744712,1268.1049180275745
Tnc,1277.6484290315202,1384.6643506090586
Hnrnpk,1284.0529472245687,1253.55551429533
Prrc2a,1325.68391256951,1228.8663642782303
Snx3,1332.7766704903502,1109.626009372273
Prrc2a,1335.9219481166442,1098.953452754377
negative_control,1338.930603993902,1144.411228971615
Mmp14,1170.0525135206424,1432.7315821859574
Actn4,1171.0643791696946,1487.316751982245
Morf4l2,1181.1436379646234,1452.5372881042604
Cnn2,1186.3554842738158,1481.0048067916246
Actn4,1193.1941160344008,1525.8560841131175
Tubb5,1193.154191381802,1525.6852746055763
Morf4l2,1201.7287975566055,1421.3142445085734
negative_control,1202.2831274826012,1487.7537965990934
Actn4,1202.411791228367,1496.6123457112312
Vim,1204.445799318618,1410.1098829245395
Twist2,1204.487619790001,1411.129568258011
Psmc2,1203.8480287691184,1410.1393038511662
Morf4l2,1202.9780659728026,1491.147373897886
negative_control,1206.687094551331,1377.0234174576528
Sdc4,1208.9004502005769,1485.6502345803403
Actn4,1208.284209347896,1363.3976557321344
Ywhah,1211.9453124923598,1463.237174168064
negative_control,1212.1089482994998,1464.4367420885822
Ubxn1,1212.1479867197636,1431.1798016753537
negative_control,1211.2475716337296,1430.389771354191
Actn4,1214.4321168445074,1326.8521704590953
Il1rl1,1214.4051757832638,1337.2182417337797
Mmp14,1215.901742290922,1351.871165219763
Mrfap1,1220.019513143626,1436.248128165155
Mmp14,1220.272767719988,1436.518468357794
Il1rl1,1221.555773637314,1285.5419554947766
Cnn2,1223.7687579494946,1420.6094731687135
Il1rl1,1223.9864096870722,1240.9674671921875
negative_control,1227.0588540711194,1401.079381790374
Mmp14,1227.0069828251508,1351.202010484762
negative_control,1228.892497816082,1436.7991560457217
Morf4l2,1229.6822638300591,1379.624141523782
Morf4l2,1233.4276516034197,1170.9712378560826
Sec13,1241.561818677793,1396.2490868466853
Gpi1,1241.2135169115825,1396.3134579843718
Rab5c,1241.3980761204891,1397.699720684237
Morf4l2,1241.6889384861663,1425.5292988038889
Actn4,1245.0278149538872,1388.665477534004
Actn4,1245.604328967206,1286.2209203865268
Malat1,1247.1952862239243,1275.0518930906935
Morf4l2,1247.9995397139808,1380.4118487764622
Malat1,1247.9556840712576,1302.1453838588425
Tmbim6,1248.215677544558,1301.316018170503
Actn4,1249.1714841738155,1409.1234416908528
Ddx17,1250.6534711576603,1305.51310786628
Malat1,1251.2997109625849,1305.85306698123
Morf4l2,1251.2361971319574,1169.4557863537432
Vim,1253.0927596737292,1330.1987670823362
Pgrmc1,1253.5621844936811,1330.3935234907117
Actn4,1252.609363940899,1411.691873021325
Malat1,1254.3884024340714,1242.8277834102407
Malat1,1255.2679059315085,1314.858471342246
Malat1,1255.3936539403496,1287.8198522911466
Malat1,1257.5711835949674,1282.5029665768006
Malat1,1256.9776424166196,1296.2069146693973
Malat1,1257.7935548501164,1308.2362141428316
Il1rl1,1259.4011764242796,1388.0596627942068
Morf4l2,1260.6960462217198,1406.5175592900591
Malat1,1260.8352155005,1299.1563621482735
negative_control,1261.3128684263518,1255.644275467346
Malat1,1261.748242513345,1281.0440695250902
Malat1,1261.651296202017,1291.2104234798426
Malat1,1268.396922826347,1280.577045538757
Actn4,1268.4994668449465,1390.0337981345951
Malat1,1268.7086596730885,1271.290448947473
negative_control,1269.534079918375,1271.2447379886294
Malat1,1268.2744416947776,1289.962081399446
Malat1,1270.032591530353,1315.0315354047962
Malat1,1270.3462851205218,1258.8321238109274
Il1rl1,1270.8498093294454,1264.631181978623
Malat1,1271.0456089417137,1280.661843962584
Fkbp4,1271.1806544751173,1384.0639620427062
Actn4,1271.560222311874,1385.292681978275
Eif4g2,1270.4093826954506,1325.2443363867037
negative_control,1269.8373840990864,1324.6313385378269
Rbm3,1272.3934492119658,1241.1613937025843
Malat1,1272.7658672712648,1239.9939513689994
Malat1,1272.857309676101,1260.317969198673
Malat1,1276.0600053301025,1294.9114708647369
Malat1,1275.9583034530233,1298.06089301803
Malat1,1275.9637822391126,1257.3319688686497
Malat1,1276.7381805619295,1245.9798769827146
Malat1,1278.8453142079186,1281.9424045072917
Malat1,1278.9236238109445,1238.9682216105812
Malat1,1279.178382385099,1304.7859243371115
Maged1,1281.4384972418516,1373.3478782738082
negative_control,1282.5337339614516,1264.4280106944775
Malat1,1283.6347265762288,1260.1808405787947
Malat1,1283.6495271882382,1230.3663294821436
Malat1,1283.9920226819531,1250.6912188475887
Malat1,1285.3555151319365,1266.7691826941352
Malat1,1287.0501600082916,1303.3475022428772
Malat1,1289.5755437781477,1261.5825774678656
Malat1,1289.445691992876,1248.4677728264965
Malat1,1289.3875979868894,1271.7058414494752
Malat1,1290.0130771663896,1225.9954148253569
Malat1,1291.832777871891,1243.1805624387716
Malat1,1292.3860624462263,1260.306431894444
Malat1,1292.1869786466236,1237.4061800144536
Malat1,1293.9362893679024,1283.795435616809
Malat1,1293.5620861900086,1258.027888191074
Ddx17,1295.9789496697622,1273.861144335439
Malat1,1297.1140464063296,1274.966491556952
Malat1,1297.3030474213765,1285.9296526220248
Malat1,1298.6099253654877,1234.1524196439127
Malat1,1298.4652461844437,1297.2796801312306
negative_control,1298.6293619126964,1266.691977372244
Cnn2,1298.6104786212409,1022.7879175184254
Malat1,1298.980750397474,1240.208977397544
Morf4l2,1299.7219995012551,1252.5805257786117
Malat1,1299.2409307911066,1301.9871116677673
Malat1,1307.375470906141,1255.5086989109611
Malat1,1307.7205764580408,1237.0092520545693
Malat1,1308.5063890844408,1276.9893603358362
Malat1,1307.3184599343904,1269.1671819971266
Malat1,1312.7067799216666,1266.5309351576714
Actn4,1311.892107320352,1262.2245078848782
Actn4,1318.9349316589637,1301.1063789059272
Malat1,1321.768205596484,1293.844955858298
Morf4l2,1321.8627503601665,1039.923634450225
Actn4,1324.9783937883396,1317.3362100952336
Actn4,1327.6227532194391,1261.072344521105
Actn4,1328.1532336289238,1113.9232918051136
Mmp14,1333.409698384662,1211.0568906470417
Ly6e,1333.020992847171,1211.990648013006
Actn4,1337.4404084324976,1097.9859477719635
Il1rl1,1349.4387038546074,1126.1762949796532
Actn4,1350.925547195175,1120.458016600492
Tubb5,1172.311057376074,1514.0630717478348
Fkbp8,1183.581484894405,1390.9672721795396
Npc2,1184.688285113648,1402.888681093997
Aco2,1184.7278788611386,1504.91864631349
Npc2,1188.595731008283,1482.4873050233475
Fkbp8,1190.820701371642,1376.3670737848652
Hspd1,1197.4335139171812,1538.062426081976
Mrpl43,1201.3801930602522,1436.0086008734872
negative_control,1201.8047287017268,1465.6946303517348
Hspd1,1203.1311839846644,1366.78811627472
Mbd3,1204.084112709545,1383.7151727311775
Rpl15,1206.0817185206988,1452.6499481390383
Npc2,1206.965807536104,1428.7115617691488
Npc2,1208.4878022689363,1333.537671356088
Maged1,1209.9053709523585,1459.8985466236113
Npc2,1210.2952160944787,1298.153687720196
Maged1,1210.9245210795175,1338.9735593959062
Tsc22d1,1210.497402216171,1338.5687369559585
Tubb5,1212.548130541988,1446.3580294032597
Tsc22d1,1212.5428354737771,1418.3904032092598
Hspd1,1213.775608508286,1396.0995957467994
Tubb5,1213.954499683059,1402.8751131553836
Mtch1,1215.873844169137,1409.2476567231315
Hif1a,1218.517126652903,1425.4125759339895
Zyx,1216.4566154092458,1425.5504903349306
Npc2,1217.547052840811,1338.7728811369514
Tubb5,1217.7016410048454,1359.4029212518926
negative_control,1219.5826144464795,1434.8260448142833
Uba1,1219.5273501611782,1434.12786778429
Npc2,1220.5990670929364,1343.8946853076093
Npc2,1220.093796158747,1365.3028416191837
Tubb5,1221.0679899376687,1386.9891016951592
Tsc22d1,1221.0079440276238,1373.2332176708826
Npc2,1222.4523895833931,1286.8460395418742
Npc2,1222.536650445168,1248.2704099315984
Prpsap1,1222.9849360386245,1417.154981566403
negative_control,1223.4737148793383,1310.3455060092328
Aqp1,1223.393612576585,1267.6769664394778
negative_control,1222.5940375364607,1428.1403103296796
Npc2,1223.5670507374532,1413.3959789195055
Npc2,1224.1393047852227,1302.4587370070435
Tubb5,1224.3179665222522,1400.0335522293026
Hspd1,1227.3741006937278,1428.3359733457776
Tubb5,1226.924834147076,1375.4590061805493
Tubb5,1228.661161040697,1456.6917540088964
Mrpl43,1230.3229619968229,1445.287168932114
Npc2,1230.9115891578506,1316.572530033945
Tubb5,1231.0165967780772,1439.7741455619853
Fkbp8,1231.545267767588,1384.8495747225625
Npc2,1232.070781657554,1243.5719332294825
Rpl18a,1232.957924941139,1414.788638543558
Fkbp8,1232.993419918163,1246.906150978477
Npc2,1232.8272133323212,1355.8588858496478
Npc2,1235.9435500821855,1257.5768946701587
Tubb5,1239.2782596928098,1199.5275638413018
Npc2,1238.9107696263882,1214.9606141888726
Tubb5,1239.9414642957472,1433.0658651907102
Npc2,1240.0917582717598,1307.995571481859
Hspd1,1243.733091667194,1427.347698672544
Aco2,1244.6763261717356,1374.5336420691383
Fkbp8,1245.455980943503,1225.5122063333383
Junb,1247.6220182284371,1380.8189354543715
negative_control,1248.810493185284,1382.257215281677
Npc2,1250.5110957741072,1394.559604010898
Npc2,1250.814757074705,1415.2804307230233
Npc2,1251.2924921805138,1402.0840976986149
Npc2,1251.1261451638684,1371.9790861920924
Npc2,1256.9012937979326,1207.3479151518866
Aqp1,1257.4359212092957,1283.3293820322867
Mrpl43,1257.891786048697,1185.8727779436367
Aco2,1258.4406265167634,1388.743394944834
Rnf11,1259.7829506045744,1387.930472682913
Nap1l1,1259.8493451116117,1331.0245007128983
Npc2,1260.9001109666174,1137.8483561931407
Rpl15,1260.031370661915,1138.4929751977415
negative_control,1261.8715232417762,1393.7322260661413
Mrpl43,1261.749173863295,1241.5174476202264
Aqp1,1262.5511244800605,1293.3862650405688
Npc2,1262.2193628458936,1299.6585900488265
Npc2,1266.6615580125867,1137.3660170650558
Npc2,1266.410974719935,1374.5049047815792
Aco2,1267.4486089503173,1313.644471256172
Npc2,1270.2867596236524,1345.9538472339095
Polr2e,1271.0878081005808,1151.7142387630172
Prmt1,1272.091783736395,1151.933425589258
Nr2f2,1273.0593544239084,1384.8416641250124
Uba1,1273.0637203221486,1393.700412986315
Nr2f2,1273.157410286596,1393.098902690591
Npc2,1275.5998297323806,1344.3028511127825
Npc2,1275.8760741102387,1381.6783873746538
Npc2,1280.373615343743,1126.8773922885669
Npc2,1281.4415005020587,1164.8706821681683
Npc2,1282.2411078203727,1173.4700147776434
Fkbp8,1285.0860406177983,1150.683896690647
negative_control,1286.4296085983356,1153.6426557018146
Gsto1,1288.4387586185658,1367.3889332932054
Msn,1288.124027200988,1367.3610080048286
Lamp1,1286.6418825999958,1364.8405474759688
Nucb1,1288.3288057920165,1364.9799200620246
Raly,1288.8541383301913,1366.4035101634408
Hspd1,1287.3348260196603,1366.1356206495757
Aqp1,1288.8168099487507,1270.4156726904707
Npc2,1295.5676994754144,1143.0364774612965
Npc2,1295.8816192620684,1316.4108593214962
negative_control,1297.4958563834402,1319.942881577649
Npc2,1297.738465740871,1205.8151157335706
Npc2,1298.142482172051,1081.7907315822429
Aqp1,1299.1188595229942,1300.8068072761228
Ywhah,1298.7189251659995,1166.6233516717298
Fkbp8,1299.3517518295937,1192.3113073916084
Npc2,1301.0308023378675,1011.8949558790656
Npc2,1300.767639617959,1074.130133521434
Npc2,1301.0478200505731,1174.549915490441
Npc2,1305.1593977014404,1115.230144488386
Nudt9,1304.8353892875962,1262.279807491884
negative_control,1305.550865111988,1262.2027172322692
Npc2,1306.7296853538924,1215.9641327514255
Npc2,1307.209149432712,1300.7034246428923
Ptbp1,1308.1293278123328,1327.058530178287
Rps15a,1308.993039096927,1327.2032516337454
Npc2,1309.538578654092,1168.8218700638663
Npc2,1309.3926310411523,1036.8513778545612
Npc2,1310.6919103243204,1183.2390844053916
Fkbp8,1310.2742069663436,1240.186275329835
Tsc22d1,1311.4212416184384,1337.5559613345658
Npc2,1311.7337480580222,1021.309987852342
Npc2,1312.86275572737,1073.2934278810928
Npc2,1313.3440060469718,1197.0105014515784
Npc2,1315.296220945988,1129.2371885114608
Npc2,1315.817448652696,1098.4280290300926
Npc2,1318.1295198011003,1214.7546009153698
Npc2,1318.38391368109,1185.3657004433694
Npc2,1318.937325772819,1139.7015888442209
Npc2,1319.191788820006,1124.9902928364263
Npc2,1319.4902870538506,1117.2347668566265
Npc2,1321.646373687698,1288.3182810978185
Npc2,1322.171961658551,1090.6168942419883
negative_control,1323.47406906236,1248.7361980042074
Rpl18a,1326.6974134343895,1241.707106600136
Fkbp8,1329.039851614407,1197.483463961487
Rrp1,1328.7890214368654,1198.5780455504737
Npc2,1332.2182957381633,1089.4564205821732
Npc2,1332.7325001549275,1159.491972887205
Npc2,1335.5243769278732,1073.4439235603922
Npc2,1336.7977029366182,1084.2332372415708
negative_control,1339.6687801923315,1188.498237594464
Npc2,1343.0636644588735,1177.5123731011454
Tsc22d1,1348.031394698606,1172.7674795351118
Sf3b2,1348.6642422715563,1172.2137686796625
Eif4g2,1348.9527454357717,1173.623793075729
negative_control,1352.812822262736,1142.8857694656476
Tubb5,1360.5443922172385,1157.9221179708902
Hspd1,1360.6437338622004,1130.581483391985
Ncl,1164.2310671741122,1432.0643798279418
Ncl,1167.4802953347082,1477.4005148387992
Stip1,1172.5961267423609,1466.5378620812496
Stip1,1174.72198343004,1517.1851251188764
Ncl,1176.232189871855,1473.9066466668455
Ncl,1177.7165589535784,1456.186295389474
Stip1,1180.231736131865,1540.2420660265177
Stip1,1181.670925879576,1519.4764508447658
Oxct1,1182.0276011131812,1507.6193208126365
Ncl,1184.4800711201185,1531.4560351216828
Ncl,1185.263662469864,1375.7668263015114
Sec13,1190.6442137344125,1387.2547621549218
Ncl,1192.608409701645,1376.2597675055188
Trap1,1203.9855146026362,1404.9580844186853
Mrpl12,1207.9368399288655,1373.8454095738048
Fkbp4,1206.661183200756,1374.5711982807188
Psmd7,1208.6364794056717,1374.6939313646064
Ncl,1213.99760680696,1408.450431696181
Oxct1,1218.4823186541466,1446.0621807534262
negative_control,1229.5235825170328,1433.3717356555262
Oxct1,1229.9431431820078,1166.3445607094775
Oxct1,1233.3983697784042,1316.816798979301
Rrp1,1233.8367809268625,1441.5417534989335
Ncl,1235.8036870867152,1427.1951267707957
Rrp1,1237.504277671489,1417.2152733109906
Ddx17,1240.9173477138622,1227.1882180470052
negative_control,1241.2787867290583,1226.5314483564327
Snx5,1259.1887704836972,1383.2564243052086
Psmd7,1261.0930634497245,1253.4156501273924
Psmd7,1267.436923662552,1387.8594201564542
Oxct1,1289.041162037675,1150.2474931856596
Psmd7,1291.4230209342156,1056.7481555320353
negative_control,1293.314927856292,1347.2695459724628
Hsd17b12,1297.9532986517877,983.1454801861088
Ncl,1299.9502416184564,991.3825961936644
Snx5,1305.767289829519,1183.3808673771482
Oxct1,1307.0648938896384,1104.7813213957306
Ncl,1320.5961183575132,1159.4482732500155
Oxct1,1321.3554171659252,1237.541372849343
Ncl,1322.9304452848855,1027.869507073484
negative_control,1326.9221316540193,1254.0270541748043
Stip1,1328.335260457096,1027.406331304668
Rrp1,1343.187226974122,1077.7799423971765
Stip1,1353.061373103928,1147.1460315599252
Ncl,1361.7739924678908,1148.2590673018683
Ptbp1,1170.7229904039095,1400.0585301905835
Eif3f,1185.4125558467397,1438.744367073451
Idh2,1189.4575826177174,1389.9480193816426
Hspa9,1191.2445682895448,1372.5207539225685
Idh2,1194.1379292732574,1495.7939621376952
Eif3f,1202.5669484800485,1482.7351388448374
Eif3f,1205.9769096233476,1422.022419206091
Maged1,1208.2555015674727,1487.933650781716
negative_control,1218.3477491097449,1291.7395471904572
Rad21,1220.7190799758405,1445.584714053441
Ptbp1,1223.2339817886827,1453.3731248649922
Cs,1223.2630852865725,1453.991114376147
Idh2,1223.3445875524262,1457.6007902157394
Use1,1225.1840908216773,1262.9317730592495
Eif3f,1229.680854849004,1283.494965291248
negative_control,1229.8733424143256,1235.330057958167
Idh2,1232.592549589631,1184.9457719041322
Eif3f,1235.015476174799,1360.624785144745
Eif3f,1237.688597934681,1272.824742401377
Use1,1238.1619556196167,1406.633490027993
Rad21,1238.1183364616522,1390.239684483293
Idh2,1239.5168076524242,1178.3079695394283
Idh2,1239.449732178893,1189.3400013563853
Idh2,1242.1911522787982,1407.306515187415
Ywhah,1242.725650601781,1406.3822150003684
Eif3f,1243.7817165266813,1357.066494547671
Ptbp1,1245.697183444859,1413.8919708002177
Ptbp1,1246.6526388128914,1386.775570153264
Ptbp1,1249.5772708122954,1407.571123169459
Hspa8,1250.730544528356,1329.389516510773
Sf3b2,1250.9683632058304,1330.0047378274498
Lamp2,1250.8466064629122,1330.8624331847573
Lamp2,1256.7876713688902,1344.1855576870023
Eif3f,1261.1604992382072,1416.1262080647964
Idh2,1263.3333337394552,1266.679730508091
Use1,1264.9484559859031,1370.257759949187
Eif3f,1268.7967602017536,1131.0626952052994
Eif3f,1271.4325650803992,1365.8327561511037
Ptbp1,1274.4417211838656,1144.6858122379258
Eif3f,1274.8063936695362,1382.1813245285543
Ptbp1,1280.2702663451776,1355.0733322610502
Eif3f,1287.0792152249064,1101.6364464157425
Eif3f,1288.9187165532749,1043.1826672553048
Use1,1288.7451155619642,1137.952571646982
negative_control,1293.4855842971851,1307.1195784764284
Ptbp1,1295.606056698595,1225.612509808912
Ckap4,1296.619041674949,1229.4259520117057
Ptbp1,1297.486024423606,1100.7845950462663
Use1,1299.471537661473,1186.8200187707243
Ptbp1,1301.0668036442205,1322.2085030680014
Rad21,1301.3003044278148,1349.6187656865666
negative_control,1308.826438076126,1249.0166798347173
Eif3f,1310.1034288467995,1188.4730139909295
Eif3f,1310.1874727043505,1052.881923339872
Rad21,1317.692503112317,1246.2690996982583
Eif3f,1319.261651304648,1119.9012529162958
Eif3f,1325.6153460708376,1155.9113303942054
Idh2,1327.1456997015205,1129.079054647898
Rps6ka2,1329.6993387278524,1222.627967996228
Eif3f,1333.172938893761,1151.6075819729756
Eif3f,1333.5901318878227,1183.8332887437737
Polr2e,1177.6364037986395,1509.5296286995358
Gpi1,1193.902753583399,1508.6378588576445
Gpi1,1199.5723786271624,1516.1289706022687
Gpi1,1200.5972468659922,1509.71859762954
Polr2e,1201.059534654119,1489.268416912948
Gpi1,1201.639683796494,1472.044041559154
Snrnp70,1203.1771060224955,1360.0276643305103
negative_control,1204.1196867862484,1359.8220750309774
Sat1,1203.5711767988828,1404.4983416525708
Polr2e,1204.2886356579447,1487.3415388800747
Gpi1,1207.3495446364077,1440.719320647434
Gpi1,1213.4219110924237,1418.2944451740043
Sat1,1215.1466795719646,1314.8533842682027
negative_control,1215.2338915213832,1409.22445849858
Gpi1,1215.65124688176,1375.4601067582366
Gpi1,1217.3681252357364,1398.212260557904
Gpi1,1218.031158983592,1403.196303269906
Rpl18a,1219.3329449639718,1356.158318057595
Laptm4a,1221.6458940410855,1267.917344310331
Gpi1,1224.3020031471874,1313.990723760848
negative_control,1224.5101558249237,1446.4129524623986
Gpi1,1231.005385239991,1306.0012562845432
Laptm4a,1230.9378457868618,1242.8889507616625
Gpi1,1230.487503778082,1394.3997839940646
Gpi1,1230.861556145278,1406.8526268775502
Gpi1,1231.9469726467328,1214.6541357621818
Polr2e,1232.7640471724576,1166.83296311836
Sat1,1236.2181642691794,1233.1065554499091
Rcn3,1238.4925674605709,1407.115752802493
Sat1,1243.9167790633392,1159.1567556825232
Gpi1,1244.0851844747272,1206.0172847710005
Gpi1,1244.563077115206,1403.2978283902685
Mbd3,1244.3508230427117,1400.2618284806415
Gpi1,1248.153105620056,1227.9240438476063
Gpi1,1248.1881742376718,1221.3192360967362
negative_control,1250.092733760527,1423.9181096739364
negative_control,1252.5100316920286,1338.2900233051682
Gpi1,1255.6499955397053,1379.3873572216237
Mbd3,1257.580949766695,1217.4048569260976
Polr2e,1259.607096083441,1270.3099127695111
Gpi1,1260.1248204895148,1200.184453076588
Gpi1,1264.3077324377618,1178.924657655989
Gpi1,1264.7058522108882,1191.544077659804
Gpi1,1265.801222206138,1400.8345472682704
Sat1,1266.1913534758517,1384.407705123081
Mbd3,1266.813131536259,1360.3267578292186
Mbd3,1268.871957547426,1368.2613490918711
Gpi1,1275.142887346222,1149.6284510339235
Gpi1,1277.977508168246,1178.1855616240232
Laptm4a,1282.34915436671,1299.5317575456531
Gpi1,1283.2362862357356,1365.072327949944
Timp2,1282.7756555168808,1370.6037265693694
Rcn3,1284.6717922314515,1371.9203928720112
Gpi1,1283.7625264270705,1345.0411341327397
Gpi1,1285.0671421243296,1124.6653148273094
Sat1,1285.3742220990653,1321.450330242125
Gpi1,1294.395622389848,1207.7340551694892
Gpi1,1295.0557906357408,1118.423655317802
Sat1,1296.4470531714474,1354.710549620967
Gpi1,1296.0955557855602,1323.1207464779288
Mbd3,1296.7372641081938,1058.3562509290025
Gpi1,1302.0915160823763,1207.1405741971546
Gpi1,1305.506403887407,1098.631117199247
Gpi1,1307.5605003365902,1019.1759642889572
Gpi1,1308.1596793386095,1309.318245126225
Gpi1,1309.9020155635249,1137.7402499038312
Mbd3,1312.0262058650392,1301.1300570295164
Gpi1,1314.8602397035374,1071.5340617742893
Mbd3,1316.6643358358965,1119.4770000649405
Gpi1,1318.9670435706578,1230.4343073684925
Gpi1,1319.0454853037336,1260.18283253852
Gpi1,1320.1827238630938,1124.929578030516
negative_control,1319.401947169316,1159.7668839543571
negative_control,1322.966025977183,1291.5234175977855
Rcn3,1325.2606326747543,1157.5577995338815
Gpi1,1325.985826150954,1202.0641056343193
Rpl15,1335.5448901217635,1153.4235168162677
negative_control,1335.5984704345608,1155.2549606555058
Mrpl12,1336.951209094725,1156.6778394804246
negative_control,1335.5125408732135,1149.055328729777
Gpi1,1338.5285042250075,1078.7573779292927
negative_control,1341.398022914169,1069.8323078388537
Gpi1,1341.8058085523903,1108.23772922607
Gpi1,1344.7997897767912,1134.4756845834363
Vat1,1177.5279510064668,1495.8969660554735
Vim,1186.7440439777106,1505.8669561666684
Vat1,1185.8687369997697,1506.155163049095
Vat1,1187.2001357159563,1416.7469247497052
Vat1,1188.7869192433714,1381.602915279314
Vat1,1194.8834282165033,1546.9281967817756
Junb,1195.542699059659,1526.6916485230408
Vat1,1202.2770573127905,1436.2437908367806
Vat1,1206.062135483418,1458.6645548798178
negative_control,1209.4394256957946,1438.9866626095811
Junb,1209.2910695170424,1346.22629998794
Vat1,1210.8104872468791,1356.6119785582805
Psap,1210.5901444258186,1332.222616001388
Paics,1210.0706081368503,1331.3615310272771
Vat1,1210.2291182529943,1332.523966008033
Ywhah,1209.590026505738,1330.9279098519723
Vat1,1213.6317415535186,1401.479165224695
Junb,1216.8034475041327,1334.650497782404
Vat1,1218.2980923998502,1364.4845457644708
Vat1,1221.9035758909404,1327.9133433926831
Junb,1225.9783960202758,1263.7553210604217
Arf1,1225.8719961332229,1264.0841588054575
negative_control,1225.8031926768122,1264.924707705459
Vat1,1226.5041018526647,1398.2074752260664
Vat1,1229.9220406145523,1405.4429012189903
Vat1,1230.877811145511,1434.1334024746125
Vat1,1231.8925862127294,1223.8432402226983
Vat1,1233.3252963263465,1332.9693387678903
Vat1,1233.628884389052,1319.046662163392
Vat1,1235.5700023413249,1430.0956954827857
Vat1,1237.370109599772,1302.1544570206402
Vat1,1239.775703204297,1403.2861780822343
Vat1,1240.386413141555,1320.2497983573503
Vat1,1242.4554167282806,1311.8111090363052
Vat1,1249.8522208684165,1185.826425618428
Vat1,1250.5295063176068,1436.3838683605852
Junb,1250.9253731822296,1172.5607321409093
negative_control,1250.5711695138789,1423.4923053998475
Vat1,1258.3834168303883,1344.5595310953513
Vat1,1257.942513054511,1368.09823350962
Vat1,1259.048293238279,1178.474258996929
Vat1,1265.162481024509,1226.903685619283
Vat1,1266.0484455261558,1165.0383032871869
negative_control,1268.5775197909516,1337.5946993381508
Cited2,1273.934337127498,1390.5650563911652
negative_control,1278.272413472586,1371.0510452820713
Vat1,1282.3398021081653,1119.869990134673
Junb,1291.8024206845398,1354.5899141259292
Vat1,1292.7527872307892,1097.990352111109
Vat1,1298.5158441924918,1153.6786506819428
Vat1,1299.7392327884909,1132.8392075857498
Vat1,1299.455215087988,1329.0790475328852
Vat1,1302.2741161284025,1348.6611195407809
Vat1,1303.3112175888182,1198.9659868980536
Vat1,1307.4715985205305,1066.3387226541554
Vat1,1308.4750294454348,1316.198101835423
Vat1,1309.0556940586264,1180.7077146847264
Vat1,1310.7943598427732,1307.6530126674145
Junb,1311.0143934885923,1244.992367267273
Cited2,1313.3390401725355,1260.52557336809
negative_control,1314.0153855911096,1210.8578266339327
Junb,1314.103416911311,1264.277405554416
Vat1,1313.6719332282826,1205.1943680532424
negative_control,1320.3884636020773,1230.7772021542564
Junb,1320.7791267810064,1294.3988756004762
Vat1,1325.8255453421991,1233.408914913008
Vat1,1329.4360981095226,1103.6722198035611
negative_control,1331.77205752417,1104.8157991347982
negative_control,1331.569571954316,1182.5103400184512
Vat1,1335.6160720843218,1150.9335028592532
Vat1,1335.132059331164,1133.729841649966
Vat1,1344.5454440082897,1160.300446656064
Maged1,1346.0464649632568,1168.4961707116577
Pafah1b3,1180.501792471773,1526.6237280610885
Pgrmc1,1184.707144960344,1553.214462950743
Pafah1b3,1204.2317828551072,1499.464167437024
Efemp2,1214.5977611598123,1407.355185853036
Pgrmc1,1230.939017087415,1238.200190021639
Pgrmc1,1231.7188691819058,1409.5308242554906
Pafah1b3,1233.0596663436545,1171.040755056032
Gsto1,1233.1440632171918,1431.575378246921
Pgrmc1,1234.057722089551,1430.0884683230474
Pgrmc1,1238.4522976109338,1418.284974955991
Vim,1238.1852248584903,1412.388979553034
Ptgs2,1239.7498843028557,1279.7887437683537
Pgrmc1,1242.220976159965,1294.9858285126747
Pgrmc1,1246.9821371214075,1176.9612517711378
negative_control,1251.644227272648,1154.519974499803
Pgrmc1,1253.3725959395167,1237.597094803475
negative_control,1258.4496348718317,1154.7952891609011
Pgrmc1,1264.58302613477,1406.2880329560364
Pafah1b3,1266.3177308480865,1141.822042186656
Pgrmc1,1272.8637709391537,1109.0043076979025
Pgrmc1,1273.5355362788196,1287.9082638417003
Ergic1,1274.853354595718,1169.8050007571055
Ergic1,1278.441756115371,1371.6558766699663
Efemp2,1280.162986021058,1065.374139431501
Ptgs2,1285.817343146852,1214.742843055364
Pgrmc1,1285.6919587739417,1360.1152224750087
Pgrmc1,1295.6773039907969,1231.2840545800375
Pgrmc1,1295.5204119824705,1355.9127055557449
Ergic1,1297.4130666940944,1273.099950950254
Ptgs2,1303.5723898944657,1314.1996918401005
Sec13,1317.7788874662476,1169.7013222245746
Ybx1,1317.0534535113757,1170.4730620992725
Ergic1,1319.0020909224486,1269.624898001731
Pgrmc1,1325.774259426196,1158.013916899331
Ptgs2,1336.265476409645,1132.1517035145196
Pgrmc1,1350.1972465656204,1173.7842208398663
Ergic1,1350.9716401065805,1165.7666191568042
Hspa8,1163.364387420613,1464.3773036823866
Raly,1176.172025239284,1471.6089387943996
Raly,1184.490045487477,1534.4696747106775
Hspa8,1186.4503506456376,1504.6119435568248
Mrfap1,1188.0094518158849,1377.7794722397462
Ercc1,1196.6815405650077,1535.0171164777862
Raly,1197.756610582127,1510.99846656529
Mrfap1,1200.4140051635766,1448.9707447888936
Hspa8,1200.9264193982417,1443.5418329141007
Raly,1201.138721555655,1531.729358204875
Mdh2,1201.6990885666928,1530.788163497427
Mrfap1,1201.350445770248,1485.433931792249
negative_control,1203.2455832134194,1415.532696301876
Vim,1203.7342935538504,1414.9416591615352
Hspa8,1204.0266225027135,1412.5463659689856
negative_control,1204.1600576927065,1494.1271975580064
Mrfap1,1204.6598143763404,1356.23669649152
Mrfap1,1206.3383682476665,1390.1266007615109
Mrfap1,1205.8070778081492,1382.927451489018
Mrfap1,1207.9875342009882,1451.6918179872594
Mrfap1,1207.1896382120854,1346.1653238046708
Mrfap1,1210.4093785202676,1399.8797367845193
Hspa8,1210.6022008042642,1353.984209793092
Ybx1,1212.8421544649857,1425.535901029254
Hspa8,1212.4945465430258,1377.512228499025
Mrfap1,1213.2032404100546,1322.790011926775
negative_control,1215.6609957795497,1448.4413167976395
Hspa8,1216.1488118513832,1338.794126840634
negative_control,1217.545786762109,1434.171931845196
Hspa8,1218.128465375442,1393.683878383133
Hspa8,1219.1121346614702,1401.9689994347789
negative_control,1218.292057085053,1463.795102218603
negative_control,1217.8901777256197,1463.9517443729142
Hspa8,1221.1689256513305,1357.9513200548804
Hspa8,1222.7087295648405,1400.3059742559226
Raly,1225.763759559263,1439.6208626829632
Vim,1229.6177660980363,1217.9418580762087
Mrfap1,1229.5730863444803,1454.7401869128826
Oaf,1232.6882652266845,1405.5536673878523
Hspa8,1233.6398875339996,1186.6356034006922
Mrfap1,1242.0991997300252,1405.9473597303945
Hspa8,1242.3062398648926,1303.8840774120104
Mrfap1,1249.025547986133,1413.8294786243446
Mrfap1,1251.6987619264369,1392.900430418414
Hspa8,1252.4974634887503,1380.0582103469244
Vim,1252.9852336651886,1177.8990808755457
Hspa8,1252.973331776814,1415.282082288389
Raly,1253.3816419889151,1314.9190597814948
Hspa8,1253.2711387160798,1356.8237639802303
Txn2,1263.365740527121,1370.8556985925625
Mrfap1,1263.0822691415738,1288.230096676774
Hspa8,1269.4064086079218,1243.6431142907063
Hspa8,1271.5744300918743,1282.053269281166
Ercc1,1274.1852946634967,1323.9894986013487
Mrfap1,1276.0064914500324,1120.764673081848
Oaf,1277.007158260107,1260.734437275808
Mrfap1,1281.2043810424425,1059.133792497538
Paics,1304.8059838953754,1269.9137591570527
Mrpl15,1313.3905442470773,1260.850363505078
Hspa8,1312.683472629892,1275.979959056118
Ercc1,1313.8897362697849,984.0922638366832
Uba1,1326.8384563470324,1238.7762360382517
negative_control,1326.7198133171682,1238.5946660272364
negative_control,1327.2206128874354,1238.68387741015
Hspa8,1327.331276849524,1252.294304370042
Raly,1331.1890154487398,1039.9221320504523
Hspa8,1332.833543150461,1147.5577599857602
Txn2,1333.8460994791394,1069.052630916913
negative_control,1337.67586512709,1151.4533773048638
Hspa8,1338.3319446300984,1194.080880925237
Mrfap1,1339.5628809766918,1081.83664715421
Mrfap1,1341.146012958482,1058.7517550051657
Mrpl15,1346.47800829451,1123.9982760033051
Hspa8,1352.6959736256829,1149.6791427603316
Hspa8,1360.5043992929343,1129.022904999899
Lmna,1170.803356958454,1464.8183652071848
Lmna,1171.9784696164202,1483.8256589125133
Lmna,1180.3935730535743,1536.4133548218283
negative_control,1182.1584605824848,1478.4956430677685
Jun,1196.7692199080943,1473.917439593842
Jun,1206.6276242834049,1438.862463085311
Jun,1210.8505717765936,1405.829748626432
Jun,1216.6341608509986,1301.050732076143
Lmna,1217.9013890522358,1449.253944211538
Jun,1220.9162319247189,1286.5375496837878
Lmna,1225.0319113480346,1456.8021389671162
negative_control,1228.31044374719,1431.367422313574
Jun,1230.900167703736,1407.3958788832326
Zyx,1234.262614057888,1399.273872722129
Myh9,1236.026494350047,1437.664908094981
Jun,1235.031498382906,1438.46629403786
Zyx,1237.886145750752,1213.7663009116166
Lmna,1239.162957605242,1425.6276137610098
negative_control,1246.381470837097,1338.6198101927805
Jun,1245.7172942827683,1280.224754732533
Jun,1253.6432315280674,1299.1471332736498
Lmna,1259.7657025834344,1333.0751256397734
Zyx,1260.790295777938,1323.139987005865
Lmna,1262.2060359150487,1405.2715721382042
Lmna,1263.6569498141127,1129.0596486261934
Jun,1267.201843259953,1378.9663900859578
negative_control,1268.366070369477,1129.6940641795816
Tnfrsf1a,1281.0437154227543,1231.5239494968312
Rars,1285.973452978222,1102.9151772533403
Zyx,1287.647847165396,1272.2419949129962
Lmna,1292.9471882349735,1342.653402931291
Jun,1294.2306154945109,1315.2945256037815
Psap,1293.3738836022956,1316.5772272091572
Jun,1317.0443471856456,1309.6559951147538
Jun,1329.0209286352297,1198.378178722755
Lmna,1334.973598576121,1182.4281079965622
Zyx,1353.700160072413,1116.3569394878127
Zyx,1363.9985336288714,1151.7236244723754
Msn,1163.0547509960334,1401.3278633754685
Hdgf,1172.4895280435726,1484.7477280570308
Msn,1178.244112841974,1470.094073495825
Msn,1177.703786879431,1533.5482292225945
Ubxn1,1181.3207508997507,1393.1951723005216
negative_control,1181.2562750020563,1475.583385063203
Nr2f2,1183.6699726847255,1403.1950897771494
negative_control,1183.64388092327,1538.1015536193931
Msn,1184.2347870607175,1439.0203946795707
Hdgf,1187.434571447874,1484.062610805356
Hdgf,1191.5981249375338,1549.4761716279277
Ubxn1,1192.578191720489,1496.5162836701934
Tomm40,1197.6392800610593,1544.2166563735732
negative_control,1199.928154082144,1449.5634822688005
Ubxn1,1200.406707022202,1530.0598510890554
negative_control,1203.962405166465,1405.0761868238567
Eif4g2,1203.4258486397243,1383.2254106324335
Hdgf,1204.38372566133,1382.850660691553
Msn,1211.1353995597613,1450.1328870068917
Uba1,1213.6953267583665,1432.676723691421
negative_control,1213.598321619936,1433.2398721841096
Ubxn1,1215.2638752703651,1383.706264157372
Msn,1215.9565821040944,1326.54129794317
Msn,1220.559810079394,1401.8031849927652
Ubxn1,1223.2939682522456,1447.2023706431537
Msn,1224.7405280799358,1379.7828522442678
Tomm40,1225.3184199181796,1421.7787097858609
Timp2,1227.3144186976947,1243.8297263489314
negative_control,1226.7815984127778,1346.9003809257802
Ubxn1,1231.8026502651244,1434.29226314209
Eif3d,1234.3573417302284,1377.7370063840206
Hdgf,1241.6746111786315,1376.2391400325257
negative_control,1243.0147761242688,1303.6365226316111
Hdgf,1243.142325377906,1416.46153124492
Hdgf,1243.8551416677842,1159.3158920474275
Ubxn1,1254.129641752923,1269.1900359679069
Msn,1257.4732601374344,1355.2814457118866
Tomm40,1258.3377023653884,1122.305006520378
Msn,1259.9504145087958,1398.8618474159082
Clta,1262.8589061522557,1127.2583353106302
Ubxn1,1262.2690111264435,1127.4481106736937
Ubxn1,1270.7566100378156,1381.6951631708191
Nr2f2,1270.9888978270378,1243.720310243928
negative_control,1275.845762748223,1385.5880054642491
Tomm40,1281.4856674091782,1255.3558772726446
Msn,1284.2360342440109,1220.3126569460455
Ubxn1,1289.2159373642585,1350.0287942373466
Nr2f2,1302.4681719306768,1240.84738894592
Hdgf,1315.899787547596,1316.0659482061435
Hdgf,1329.5565447761232,1113.9087701653834
Msn,1334.4419503874717,1115.6324260121085
Msn,1335.1114779623783,1066.0562643320663
Ubxn1,1337.214419736357,1195.8608789692898
Nr2f2,1342.3013310477145,1172.6946852902315
Psap,1341.5422150435274,1172.916472238557
Zfp36l2,1343.760742630399,1189.3532168084548
Eif4g2,1342.9518787245302,1191.5932379439355
Msn,1343.5861450176571,1189.43268951339
Tomm40,1343.4729532412232,1161.7922224693286
Hdgf,1345.04544680557,1166.4433159022012
Ubxn1,1374.5618314864382,1131.8300999812209
Eif4g2,1170.8739508364883,1400.654383703796
Ctbp1,1174.795602563756,1542.639538258371
Eif4g2,1185.2936569222595,1481.8019788532374
Eif4g2,1191.4112553735706,1515.4582074140123
Eif4g2,1192.238160016523,1521.6789944736038
Eif4g2,1192.6319769602342,1498.5821109829767
Ctbp1,1196.052473166766,1513.7386469766027
Eif4g2,1199.36335509613,1541.0572137425163
Eif4g2,1199.9565126115808,1491.0884266476858
negative_control,1206.0262207014923,1454.5765931366825
Eif4g2,1206.2970537438398,1374.3089120866514
Eif4g2,1206.4422849799007,1331.978278650216
Ctbp1,1210.9870610210137,1451.7476179900405
Eif4g2,1210.3125153091462,1440.5374558596548
Eif4g2,1214.1625186687688,1391.410188275528
Eif4g2,1219.3935781848952,1452.048714404396
Eif4g2,1221.2698758865051,1284.1641405022317
Eif4g2,1222.428703563765,1421.4428163238576
Vim,1224.0598185476763,1433.07661064149
Ybx1,1224.7420072704474,1432.524745564969
Ctbp1,1228.2844421399805,1402.4106045786057
H1f0,1227.8500609764956,1402.471939393266
negative_control,1228.1192255365077,1322.2170901170414
Psap,1229.1975129271073,1428.9359002787996
Psap,1233.4973617015555,1222.5379070615345
Psap,1241.4692391932,1285.8290641424053
Eif4g2,1244.1130042599502,1281.2301750147228
Eif4g2,1247.091506656354,1421.3756805780004
Psap,1248.1866165573856,1312.5581392942247
Psap,1250.921351135269,1401.5002985950114
Psap,1251.8577201779667,1176.0669668220569
negative_control,1250.9460560749008,1421.312205990965
Psap,1252.206958599802,1322.669546409718
Eif4g2,1253.9299774560782,1406.5981656418237
negative_control,1255.2194893862445,1379.29142297338
Psap,1257.1188449722838,1324.2377844471266
Eif4g2,1265.3047580333618,1407.6340047850906
Psap,1272.382846195978,1145.65989175565
Psap,1284.0627102342507,1344.8513069274347
Eif4g2,1284.346162134019,1222.9952265113668
Eif4g2,1285.0237293346154,1361.5782342839402
Ctbp1,1290.128068586495,1351.6085316926894
negative_control,1300.1993566830106,1280.1353451339055
Psap,1305.553183743265,1254.2859290535282
Fkbp4,1306.8268519616165,1247.5954807094024
Eif4g2,1309.8914079795347,1339.9419170910191
Psap,1335.5596675982258,1148.662786764998
negative_control,1337.956968505614,1191.1989201625786
Psap,1340.8259653519422,1153.2845618045772
Ybx1,1345.9246995574176,1177.648234044705
Eif4g2,1346.4873028702978,1167.4165201324067
Ctbp1,1352.3454222771777,1118.1361667215174
Psap,1364.134034899249,1153.3203833083016
Ctbp1,1369.873303705379,1138.2508232908383
Rps15a,1179.2247191363597,1482.141580885821
Rpl18a,1182.7022290685795,1545.3783782514356
Rps15a,1183.5891256540965,1504.6035642183106
Puf60,1187.4720143776403,1494.6952543152242
Ywhah,1187.4279496513873,1504.582361514794
Mrps31,1203.3861367321374,1500.3233764505487
negative_control,1206.2014694191175,1449.1372207988725
Rpl18a,1206.8740721557613,1475.798842514827
Rpl18a,1207.3089653690718,1388.324370760212
Rpl18a,1210.2743726805622,1452.490050804967
Rps15a,1211.1218368820491,1440.7907670008603
Rps15a,1212.4491936570566,1305.7173541332695
negative_control,1215.2014158037884,1431.59245635582
Ywhah,1217.5495795807778,1344.9192381442026
Rpl18a,1219.377580649774,1316.1804436374189
Rps15a,1221.313467122047,1430.9175394776291
Rpl18a,1221.3637550315552,1399.314917804064
Ywhah,1222.62874084858,1409.0675739780695
Puf60,1227.39412565202,1408.4749336250177
Rpl18a,1227.334740555971,1266.6287406632005
Rpl18a,1228.7841728406613,1360.2130191019696
Rpl18a,1231.7025006341428,1252.9999964030403
Ywhah,1233.8190056016597,1263.8745429371645
Rpl18a,1240.1137312222347,1291.0480718269455
Rpl18a,1242.0780412650993,1278.2808251688618
Rpl18a,1244.8577477962594,1417.276758908311
Rpl18a,1244.7777152250126,1362.6925649452726
Rpl18a,1247.6214990324677,1245.39085603818
Rps15a,1252.8353050030078,1324.0762214650588
Lamp1,1252.0806431427377,1323.0145050184638
Ywhah,1259.4579057797002,1368.322985899522
Rpl18a,1261.7540449201394,1410.1757650912991
Puf60,1265.6738640890069,1281.8626157141186
Rpl18a,1275.9070395698084,1201.1686324563289
Rpl18a,1279.4036890215398,1384.0824930922254
Puf60,1281.011666848534,1365.4508335755834
negative_control,1283.3156372727028,1054.376888573709
Rpl18a,1284.950779161259,1136.8064604674796
Ywhah,1285.328958702895,1372.0417904307967
Rpl18a,1290.9938840807154,1088.607813709959
Rps15a,1292.111006236966,977.820772786122
Rpl18a,1292.9228266473483,939.304566967772
Rpl18a,1292.98527552426,1036.0697808209052
Rpl18a,1297.2477660292132,1328.276460336474
negative_control,1297.3162586316255,1217.6964867748302
Rpl18a,1304.608938656903,1160.5785968189894
Rpl18a,1305.248345080117,1225.3038833348244
Rpl18a,1308.9643689959985,1075.8673116830166
Rpl18a,1312.8646488346744,1114.6048078702895
Rpl18a,1319.2476454210666,1022.4670644741932
Rpl18a,1320.8656534324152,1061.3102769655934
Rpl18a,1323.0442134381117,1163.2180957986711
Rpl18a,1324.7319067682809,1094.5094047848634
Prpsap1,1325.1602865952275,1114.3165279752477
Puf60,1325.0145787543115,1128.855383422609
Ywhah,1326.5722556345945,1219.9830355956774
Rpl18a,1326.395558472756,998.424019666842
Rpl18a,1330.5055558306378,1086.0821697792646
Rps15a,1333.7358045771225,1157.4975437196697
Puf60,1340.363879565754,1151.742651235239
Rpl18a,1351.5673802457002,1120.76291340754
Mrps31,1352.9425648375711,1116.516618095294
Rpl18a,1356.7605416156257,1141.8332292330074
Rps15a,1359.3620544764426,1146.7643309952389
Rps15a,1361.3671547180704,1125.8527059526118
Rpl18a,1364.56775840274,1149.2999674543553
Rpl18a,1380.5841566804625,1134.3495711470468
negative_control,1382.9597607001392,1123.4905088913763
Paics,1202.8956469404343,1422.5888592102788
Arf1,1202.7854317354522,1396.0974920227616
negative_control,1207.8570342591588,1347.0155036640688
Arf1,1218.0300606693536,1389.575153202005
Arf1,1222.4571333008569,1278.3416035620862
negative_control,1224.6148449935613,1447.3465237667483
Arf1,1233.2067390080656,1189.925276333599
Arf1,1243.6500960762537,1174.7084438319262
Ndufs8,1246.3886228270976,1171.67178448325
negative_control,1250.5723939497366,1191.7935916686663
Ndufs8,1282.360532963826,1103.5684789810498
Arf1,1287.3084107939294,1368.3357230412205
Ndufs8,1322.0028437548826,1040.797356757534
Arf1,1333.5127406337092,1043.910673104344
Ndufv1,1233.6922556896857,1223.452599227097
Ndufv1,1263.6297480248277,1381.6447940365822
negative_control,1303.205510661381,1322.1496210449018
Nfe2l1,1193.502329314808,1377.1925140106932
Timp2,1213.160310503722,1466.5751664959944
Timp2,1215.85980278207,1318.655900321905
negative_control,1221.0123890313969,1465.1895123424983
Timp2,1225.6380356416516,1240.8156837901824
Timp2,1235.7268186633494,1211.389582277944
Timp2,1238.5247410607362,1297.104671694928
negative_control,1256.5938526778075,1144.8581489747146
Nfe2l1,1258.1838017662103,1328.7706896583245
Timp2,1282.680803245686,1084.752406560002
Timp2,1286.644781461951,1026.822854108886
Timp2,1287.7377416019026,1234.672172343522
Timp2,1293.2721642536087,1357.706119037685
Timp2,1299.845102930729,1017.9595051995968
Timp2,1325.8380373344687,1227.251538682488
Timp2,1327.4728376743155,1271.456767130016
Ybx1,1331.3792584954922,1197.1064996118653
Timp2,1348.4968938952952,1126.5691395780802
Ssrp1,1176.133759778307,1536.069820110744
Ssrp1,1176.755685346748,1544.2651493864769
Ssrp1,1179.9954763456512,1437.9607815464751
Sfpq,1181.510254017894,1412.52746483874
Sfpq,1193.5448317113485,1502.874168641302
Sfpq,1194.7111897250538,1530.3794608757346
Sfpq,1198.7114541875603,1517.161002930077
Rnf11,1203.7096594364268,1348.4326286666128
Ssrp1,1204.324658305563,1348.9127309485496
Csnk1a1,1212.825584757995,1418.6798782650585
Sfpq,1237.0524464720163,1431.0617474695453
Sfpq,1240.610209472719,1433.285227878505
Mrpl41,1253.1840319809344,1404.4201320478826
Sfpq,1263.1411371239817,1274.692363519314
Spon2,1268.9156513231728,1154.8093449123255
Sfpq,1282.2646268496617,1104.094977989919
Sfpq,1294.337861373102,1353.7779812292197
Sfpq,1295.6386336216456,1302.8574496573924
Csnk1a1,1304.0132379357078,1247.8869001784592
Sfpq,1335.2883118304849,1191.3705042205338
Mrpl41,1349.134809804243,1161.1706891819367
Lamp1,1179.1622637656146,1499.8639720366791
Lamp1,1214.220092234751,1318.3246315046777
Lamp1,1214.094694578682,1338.5210808727934
Mrps9,1224.228217945085,1461.6202720764263
Lamp1,1226.2870732819729,1344.777318087551
Myh9,1229.179345150503,1218.8091594421678
Lamp1,1231.8401567346689,1224.275253243928
negative_control,1231.9696351560128,1448.901273460498
Pdia4,1248.7211763576142,1249.6845705566495
Ddx17,1247.95887914192,1412.7784941597374
Lamp1,1250.170991284691,1145.767184983376
Mrps9,1252.8531405388112,1287.0003627783683
Lamp1,1265.614395539233,1386.2688296869069
Pdia4,1270.4679229022297,1121.5464383206768
Lamp1,1282.7608598751883,1225.0517917618888
Ddx17,1284.694066397794,1231.4411896804534
negative_control,1286.1635725683266,1098.1132866815751
negative_control,1294.6587647065066,1313.4625419891763
Prmt1,1172.9516615138718,1482.1795734375942
Rnf11,1182.1635873662476,1526.9794050812895
Cct5,1182.1025393964478,1468.3555212244123
Zfp36l2,1194.0664492300514,1531.5226100587577
Ppp2r1a,1195.997059250746,1485.840274569311
Zfp36l2,1202.2784235702468,1367.9003530229184
Zfp36l2,1208.2319419958642,1393.6436871760368
Zfp36l2,1209.6580037046012,1444.2818831107013
Prmt1,1212.7197272166045,1421.7433095164367
Rnf11,1224.1475243762936,1425.724491855378
Ppp2r1a,1224.1893892183405,1355.2261308314785
Ppp2r1a,1225.8239740110882,1232.2294511439056
Zfp36l2,1231.9130854907448,1228.7208791487678
Cct5,1233.5883100917165,1211.1827097394455
Ppp2r1a,1235.2515823476358,1332.820149294604
Rnf11,1235.8571422321502,1176.9464477634049
Ppp2r1a,1236.5607672832448,1404.2162436372046
Tmbim6,1237.6171018432142,1216.9655309298862
Ppp2r1a,1239.2903519539093,1288.576941942977
Rnf11,1240.841241312214,1359.5415160500463
Prmt1,1242.069614660449,1163.244429247785
Rnf11,1245.1233097638356,1318.742965226272
Cct5,1247.1388157549736,1423.667842525785
Rnf11,1248.40040323464,1249.8088506814388
Ppp2r1a,1252.064197384425,1341.8530805023563
Rnf11,1254.954926204208,1296.848669184818
Cct5,1255.5213680571464,1416.4442991407784
Cct5,1258.1645483862003,1337.1711009940414
Rnf11,1258.0154046311968,1397.4207089494266
Rnf11,1260.438821867531,1238.092650489028
Ppp2r1a,1260.3563230848897,1361.0201496221382
Cct5,1265.6975925106628,1181.281705242397
Prmt1,1268.073951510523,1388.280966694578
Rnf11,1272.3153556464458,1043.0345952410617
Ppp2r1a,1287.8969333247455,1163.2865677558748
Cct5,1292.2051334747948,1050.0165290681668
Rnf11,1303.1280025219644,1025.4744366521932
Rnf11,1303.4502965050772,1181.4624409452554
Rnf11,1305.5065303188285,1054.5842589803535
Rnf11,1305.3853319609602,1323.254625600013
Ppp2r1a,1307.7339397540543,1122.6808730633854
Rnf11,1316.0246038664052,1083.423672161117
Cct5,1316.72790465595,1250.0816063712584
Rnf11,1317.3279953439037,1120.8107655596543
Rnf11,1319.2779989844548,1194.348514242972
Rnf11,1323.4339672278938,1102.5326689378858
negative_control,1326.3714729695987,1252.7962205574877
negative_control,1325.1168600982355,1251.7551685495946
Rnf11,1341.4239467914324,1154.7828469775163
Rnf11,1354.1304834524983,1129.213143040835
Prmt1,1359.815886861786,1133.4558125662654
Cct5,1383.2982193131652,1124.572490247358
Loxl1,1185.882809316106,1539.9596282200068
Skp1a,1185.841433560772,1491.4980402605388
Mdh2,1203.074899745651,1384.786384948776
Nucb1,1209.3467001536778,1358.176164797592
Mdh2,1209.4287079075784,1378.815081047961
Mdh2,1210.4301185063966,1487.3752968209924
Mdh2,1220.5170795405356,1457.3453767554602
Loxl1,1226.5014016312823,1456.5238400619062
Mdh2,1226.7759567600208,1448.010520809203
Nucb1,1227.2816286432194,1336.471522486909
Nucb1,1247.8588421220416,1375.0093336589475
Tmbim6,1251.9026725025185,1382.2056574859748
negative_control,1254.6458926851194,1329.7628596522684
Tmbim6,1256.4699386214984,1400.0233355492887
Sf3b2,1256.9713266317833,1388.1067649059903
Nucb1,1260.358738725706,1159.3538500565544
Nucb1,1322.6185331510071,1157.156894387184
Loxl1,1340.390562258533,1196.259301354236
Loxl1,1351.8973986150904,1115.5437667413626
Mdh2,1367.3444359378386,1148.819992604027
Lrrc59,1171.9956886438124,1516.7739706140887
Thy1,1174.3612960371352,1522.322087854307
Lrrc59,1176.2585192244724,1485.1782741240545
Ssr2,1177.438435125693,1529.1064380598789
Fkbp9,1182.9501500776096,1480.127744857981
Myh9,1186.8303952757087,1495.5163787002748
Myh9,1193.0240746383834,1510.7692780760758
Fkbp9,1194.942553408402,1349.1199085335272
Myh9,1197.1504320114236,1493.2557560452328
negative_control,1206.9253905980984,1414.663349643128
Fkbp9,1207.2662039622835,1344.159798768828
Myh9,1207.199240541332,1444.8654170778166
Lrrc59,1208.270361165964,1422.3560357998151
Myh9,1210.3792441597284,1460.4366257551414
Myh9,1215.176088025907,1438.9455694307635
Myh9,1217.4980135668598,1432.5329101634484
Lrrc59,1217.7522861450143,1323.8497762433567
Myh9,1222.4479835879952,1456.0950731218873
Myh9,1221.824267543372,1450.1878100356057
Myh9,1223.8433106531234,1277.5686615985896
Fkbp9,1225.9288430196068,1291.078526397268
Lrrc59,1231.2979099140982,1300.191004320578
Myh9,1232.2117505713252,1440.909795790596
Myh9,1233.1694441085276,1426.985752445137
Thy1,1237.928082545212,1197.4417229734054
Lrrc59,1240.124174015887,1373.2375911302734
Mrps18b,1243.130654152519,1259.442003243095
Myh9,1242.531745732363,1398.781472401118
Myh9,1244.77381418177,1178.960886115933
Lrrc59,1253.237733021257,1176.9100037434698
Ssr2,1259.2812324174658,1302.64183775547
Myh9,1263.800071181538,1283.18100911269
Ptgs1,1269.6896052699406,1154.6596898069097
Lrrc59,1269.7088879983166,1372.3349142333682
Fkbp9,1271.4102684647426,1231.3646292784815
Thy1,1271.7427933494332,1396.230502854848
Fkbp9,1272.734683263096,1358.8178040999976
Fkbp9,1273.8727881050395,1349.7096284781296
Fkbp9,1275.987070823723,1260.3266199694394
Fkbp9,1279.9505600500404,1170.6500474626446
Myh9,1282.226754603998,1368.5615952484463
Fkbp9,1282.4158660038172,1209.298871190471
Myh9,1284.6823580543207,1047.8743449508283
Fkbp9,1292.5525671663506,1333.6266742979262
Ptgs1,1295.2495549171006,1256.566822136551
Fkbp9,1296.9286805220104,1174.3042302171136
Fkbp9,1297.2884234915186,1305.7088532395658
Fkbp9,1299.219227259858,1017.42577025756
Fkbp9,1300.6441253730327,1312.2901518805145
Myh9,1303.6546300379418,1244.0660637214842
Rps6ka3,1308.153056008231,1328.3891433448944
Myh9,1310.0307674826668,1322.991981924195
Fkbp9,1314.4864258472066,1105.1635376269726
Fkbp9,1330.7674840237937,1129.0905457522806
Fkbp9,1334.4468353125849,1187.025402733803
negative_control,1338.0401201140403,1073.7318271997033
Myh9,1340.702246826802,1164.5293170609511
Myh9,1352.8254491540288,1153.514491507663
Ptgs1,1359.066278604113,1130.1714949045256
Myh9,1372.177834715227,1126.0364485706586
Myh9,1376.7483959279982,1134.2023250782652
Myh9,1380.6600653321266,1137.293797691701
Myh9,1387.2352935702738,1131.7365844529024
G3bp1,1176.2278461501523,1482.664230536866
H1f0,1177.7088548088325,1488.3347052699803
Uqcrc1,1182.6392238668575,1418.982867666856
Gsto1,1184.8579960919956,1534.2533252068586
Gsto1,1187.0731016993102,1407.197463883998
Gsto1,1192.3855364585145,1352.53514141447
Vim,1195.913156033983,1504.7520008698375
G3bp1,1200.1796211694475,1513.186947201058
G3bp1,1202.5169887477944,1410.110878644632
G3bp1,1202.751520385758,1423.0913488650965
Gsto1,1202.7499795558429,1438.0778297432269
Gsto1,1204.63720819396,1373.4967246841989
G3bp1,1207.946772980123,1326.0577615913269
Gsto1,1215.597078653211,1321.897594219024
negative_control,1216.966471693312,1448.9928509770075
Uqcrc1,1221.3566381353064,1377.4387741432429
Gsto1,1225.6591923617757,1385.2562113828703
Gsto1,1234.2339022389797,1188.0001011684394
Uqcrc1,1243.4815290255697,1400.8833319001335
Uqcrc1,1247.6081668098896,1415.057520577765
Gsto1,1249.948966374636,1193.8479544723782
Gsto1,1254.9469963360507,1142.1511896467196
Gsto1,1259.5145195942723,1403.4516042642686
Gsto1,1268.1011986320548,1381.656351986294
H1f0,1282.223461064484,1236.022527733297
Uqcrc1,1322.102800562339,1295.3542954587656
Gsto1,1328.6425515336764,1264.0277938509182
Gsto1,1339.517424647013,1059.2558534314478
Hnrnpul1,1175.2516048057018,1543.5668296181009
negative_control,1205.7190040456794,1454.920815818923
Hnrnpul1,1218.9759786892346,1433.8448417587647
Mrpl37,1242.0573676477288,1424.1928264173412
Hnrnpul1,1274.673091534337,1348.0809145151434
Mrpl37,1338.9699046752917,1131.7764847699418
Sf3b2,1204.669901011811,1462.1930218559075
Sf3b2,1208.999379241251,1317.5293847122632
Sf3b2,1219.0533633159444,1430.2652242862407
Vim,1220.2648639138042,1429.449333440121
Mrpl17,1234.4229904487054,1357.0528097682904
Psmd4,1235.2512188321916,1290.7068746434984
Sf3b2,1246.9207123567196,1382.6306035073426
Mrpl17,1247.5532752678785,1176.1786367853151
Psmd4,1261.385015268302,1171.408751857976
Sf3b2,1266.5731153349686,1392.800195651907
Mrpl17,1270.005865879374,1176.3820830548989
Sf3b2,1271.4025600932107,1260.0303095935878
Sf3b2,1298.851064453957,1338.6489000712818
Psmd4,1300.871756275642,1178.761830167113
Psmd4,1328.6531457694932,1145.3146504808744
Psmd4,1333.595284660899,1208.3985542862386
Sf3b2,1339.9869287249012,1094.500055877684
Sf3b2,1357.3249982914565,1161.460917905457
Sf3b2,1364.8366859104528,1132.7980176730032
Xdh,1167.4820663482676,1405.105493439493
Xdh,1171.6816175105907,1517.4323372021904
Xdh,1192.712405389038,1504.3390379605537
Xdh,1231.9252139992327,1403.562874061349
Xdh,1259.2765527806632,1314.3644342489924
negative_control,1261.8858124650924,1159.6376622339371
Xdh,1266.9527541508228,1350.172088259234
Xdh,1272.9933871805704,1321.1352417119945
Xdh,1282.1731493720604,1168.5316420763263
negative_control,1283.4727029872838,1240.1690902778837
Xdh,1283.701852497603,1342.5330679708336
Xdh,1291.0957849564402,1051.6467375625211
Xdh,1304.4349018515147,1143.4399410965543
Xdh,1309.8326944836176,1340.310997153239
negative_control,1315.1138198781189,1267.253494409892
Xdh,1338.9600102652698,1172.0117616132331
Mrpl28,1362.5584226742026,1135.922977274529
Vim,1168.270727422319,1474.5487314694128
Vim,1171.07136040164,1513.9457497725527
Vim,1172.746543454797,1463.1347512038042
Vim,1174.4938636777135,1502.6138715963868
Vim,1176.0045573449893,1533.364633266361
Vim,1177.1510041057,1529.958944094777
Vim,1179.7921365742154,1490.8473288681128
Vim,1181.0258547810884,1441.0005599296717
Vim,1182.120900328879,1432.6327501754654
Vim,1182.752026262865,1551.5291449339488
Vim,1183.487345985331,1385.1312003782773
Vim,1185.884026722145,1463.4985025969536
Vim,1195.779639700413,1469.9276949776709
Vim,1196.5356254855667,1464.31256650945
Vim,1197.5954125352864,1534.948143081907
Vim,1199.879454614969,1314.289602085153
Slc25a1,1201.4608076287773,1415.5529227021652
Vim,1202.099623573081,1427.273182443363
Vim,1202.408497761365,1516.3236758918065
Slc25a1,1202.7506492850912,1361.5660761893469
Vim,1204.422313047398,1451.1658624760971
Vim,1205.2564788331656,1367.030958047883
Slc25a1,1206.0447155879417,1492.9208201061956
Vim,1207.6725899655555,1292.0286813068992
Slc25a1,1209.486131045005,1387.3993617249537
Vim,1209.8026294608806,1458.9027153919255
Vim,1210.809125145218,1421.3138373360978
Slc25a1,1216.5625203226157,1288.967192672365
Vim,1216.3646004693487,1402.8046239006549
Vim,1217.032912331379,1299.9046717598476
Vim,1217.689344942169,1384.2082538101274
Vim,1218.781808188956,1379.5914288323906
Vim,1219.8982808521423,1287.0469688485896
Vim,1224.384327166155,1243.654170521961
Slc25a1,1229.935622377413,1451.93027155219
Slc25a1,1230.9064867478814,1417.3924154133942
Vim,1237.1847070874423,1202.3354406369915
Tnfrsf1a,1237.434641842207,1221.69097586334
Vim,1239.9750970965945,1197.330858973813
Vim,1247.9080560992456,1401.551895675952
Vim,1254.7650196022971,1301.7131870254216
Vim,1257.694656960294,1388.1618130034967
Tnfrsf1a,1258.27623983316,1323.5551809306207
Vim,1261.8175243462515,1399.6543246105211
Vim,1262.8446988876187,1404.8439668825215
Vim,1266.1948057932186,1391.322870738263
Vim,1270.8365005708824,1371.5528276467537
Tnfrsf1a,1280.8319459885292,1263.900812735601
Vim,1284.5066553772526,1362.8562367687907
Vim,1285.9632044474447,1104.7282330938751
Vim,1294.5914151433174,1014.711945563349
Vim,1306.323492226706,1317.0141210265651
Vim,1323.6527296530398,1316.0254790405145
Tnfrsf1a,1326.9188062022624,1265.969131604959
Vim,1329.4074857023425,1121.321029853169
Vim,1338.619707719527,1134.3316942749152
Vim,1341.0828864845707,1158.555100306553
Vim,1364.36595637118,1152.6316075298985
Trim28,1186.4525452451671,1538.0992120963906
negative_control,1215.672507992732,1353.615972763887
Trim28,1260.828209091695,1402.9286439361283
Twist2,1202.7640014646004,1524.039764583847
Twist2,1247.2499714767068,1426.4110911261823
Twist2,1274.2089577478005,1323.8729674921478
negative_control,1283.2553966570813,1284.350233234299
negative_control,1318.0121335254062,1298.0406456541152
Clta,1177.7362975213755,1458.4645002549564
Clta,1178.6539862035245,1422.1148127553106
Clta,1181.934261037968,1514.2534427310018
Psmc2,1184.2268199178698,1530.2459974863862
Pdha1,1197.3215308230056,1504.4309177121452
Pdha1,1202.6906563119032,1443.6326850670405
Clta,1225.0758319419135,1459.7722342731286
Pdha1,1235.2443196018353,1436.0424404979728
Clta,1236.1899841035554,1413.889452398303
Clta,1244.0259315194214,1154.5032319263678
Psmc2,1247.0962546339474,1407.541852972522
Clta,1275.8247697282611,1376.0817654499892
Psmc2,1284.249582463584,1276.4228864272902
Clta,1292.70511396522,1029.9585313681084
Clta,1293.363338111912,987.443145779439
Clta,1300.9145272085457,1346.9996854412575
Clta,1306.7507166266914,1344.6866761802696
Pdha1,1326.62143574735,1269.6916655605874
Psmc2,1327.809285029185,1239.6066729516103
Clta,1346.9518589893682,1178.2734436565274
Nudt9,1274.9368634880643,1389.1343464707734
Nudt9,1287.5124023847388,1094.2505910740135
negative_control,1337.8603328100264,1074.2191143474822
Csnk2b,1182.6184436857657,1412.1429685034389
Csnk2b,1186.9609629685117,1505.0988093821525
Rpl15,1211.3076809990223,1322.0031013937964
Rpl15,1237.7999079055612,1297.2174248490396
negative_control,1252.4017923201804,1423.1374142670309
Rpl15,1269.6245984822774,1389.8234140113454
Csnk2b,1279.805058906688,1382.733488025985
Rpl15,1291.350141288667,963.6846867427432
Rpl15,1305.9513527708634,1319.4952831691412
Rpl15,1324.383873582717,1031.5542965406153
Csnk2b,1369.8386932360054,1140.789818571961
Sec13,1176.858681967296,1483.779771404233
Sec13,1204.492837482298,1422.5286113280454
Sec13,1210.5765749426184,1490.1066895724034
Sec13,1216.796055118372,1453.9465126352611
Sec13,1268.7742116043044,1153.466090875369
Sec13,1273.7434317115224,1269.295798469863
Sec13,1276.2694467226738,1320.6832245324963
Sec13,1298.462925548591,1304.4982059783233
negative_control,1314.242212972063,1267.1486068278164
Sec13,1332.7067244873665,1092.2611910368832
Sec13,1335.6875170443222,1181.5263559242894
Sec13,1343.4140760081957,1059.4401633721943
Fus,1168.6206668576424,1478.698403452449
Ywhaq,1186.858557520853,1545.993362270333
Fus,1191.5287875564295,1358.2151789157367
Fus,1194.2508495275558,1528.797192430132
Fus,1195.2728555053432,1495.65758060385
Fus,1197.8727459980464,1466.4980418874886
Fus,1201.034575821232,1393.7260512054247
Fus,1202.3686714200787,1435.8014125540335
Fus,1205.1555995522465,1378.387785159302
Fus,1208.9750351660948,1434.3283934024942
Fus,1209.207219205792,1408.4912733283188
Fus,1212.557104294949,1310.6094549816296
Ywhaq,1213.8022909939937,1315.226807364319
Fus,1219.8755525123306,1386.5208012947403
Fus,1220.5430536190263,1319.918644848908
Fus,1221.901780531446,1340.663729514638
Fus,1227.740024175024,1295.0809880682473
Fus,1229.8990113390214,1397.7671352013867
Fus,1239.416262291678,1316.6950031353283
Ywhaq,1242.2121546976232,1401.7876930937614
Fus,1243.2115663803952,1269.6774230603398
Fus,1245.1690845328606,1387.0880147292528
Fus,1262.0741195660923,1408.8164905016483
Fus,1263.2350184071088,1235.9682593901682
Fus,1271.0210842522335,1193.9289751778572
Fus,1274.445651362301,1156.2164046311616
Fus,1290.26034924842,1128.7476570576127
Fus,1290.5401633460117,1190.5223869452795
Fus,1295.1755091441703,1071.788607190858
Fus,1298.9633538229189,1112.7780376471044
Fus,1305.9735417926702,1300.7270255278097
Fus,1313.4979191506047,1198.3749487098871
Fus,1321.7619639920704,1105.1863064940756
Snrnp70,1176.1070955851485,1472.187787024289
Snrnp70,1197.0821050510528,1492.2856401192887
Snrnp70,1203.806019468982,1447.581331017867
Snrnp70,1209.671228873606,1351.292094369221
Snrnp70,1210.8931768611428,1402.688166837352
Snrnp70,1222.9147999300967,1439.0693259726618
negative_control,1227.3930100599923,1457.1823989746233
Grina,1232.3714814909745,1412.5463108363344
Grina,1242.4768096190594,1351.008609025895
Grina,1244.3763667159342,1223.365097736881
Grina,1250.9444559502144,1361.448753799971
Snrnp70,1251.632400087631,1321.896205063034
Snrnp70,1253.589534871817,1402.1543449066914
Grina,1264.3745345257316,1130.0119138661012
Grina,1269.9412179401577,1231.1743603071427
Snrnp70,1295.3952811958231,1341.710172539878
Grina,1303.628200021241,1263.3505885937743
Grina,1313.80604972243,1073.8687484575864
Grina,1313.4000990608115,1090.1643990649666
Grina,1316.0287324815174,1062.4140610159493
Ybx1,1303.3602892489323,1335.7649943139916
Rbm3,1198.683188807018,1450.5319304169395
Rbm3,1275.4352711352203,1238.1926454998325
Rbbp7,1278.0243883957874,1305.426569825726
Rbm3,1300.500187227674,1301.0112933531443
Mta1,1257.7683581891388,1330.0045504523364
Maged1,1187.9544206644189,1549.4548037808538
Maged1,1201.6353169493475,1420.2023961379057
Maged1,1212.4879006850306,1314.7790837000784
Maged1,1214.1036016280605,1350.163537185092
Maged1,1235.050588423366,1169.8482979365958
Maged1,1241.299928030675,1161.5450285829825
Maged1,1247.6374752897482,1171.8184939608818
Maged1,1271.2120588191551,1399.051743221105
Maged1,1297.1670116988043,1344.1236830385508
Maged1,1332.1622394036683,1091.4579766278578
Maged1,1334.8908436763315,1208.2272583221995
Maged1,1343.1407588343543,1102.336552623067
Fkbp4,1167.32242110215,1479.7887902628918
Fkbp4,1181.6893489490478,1475.2211903772725
Fkbp4,1181.9430620165822,1515.564556258295
Uba1,1216.282303114442,1310.8550133172473
Fkbp4,1234.1937358070224,1234.780999396316
Uba1,1269.587713541514,1116.7980929840407
Fkbp4,1270.1989935350396,1374.1009529222556
Uba1,1272.9000185434438,1143.693283055731
Fkbp4,1279.80552865062,1236.784356423676
Uba1,1287.5795450085209,1348.4169820592144
Fkbp4,1297.4728304272471,1248.7328401791772
Fkbp4,1308.8499952614118,1337.642010206305
Fkbp4,1332.5283106828615,1043.3729190156332
Ybx1,1191.0148729842192,1349.9851015793852
Ybx1,1192.2595876463402,1547.8416140407585
Ybx1,1200.579365028339,1497.1642635716305
Ybx1,1202.2727516716227,1369.4652403844095
Ybx1,1202.0658535265734,1407.797661416302
negative_control,1203.933599642773,1384.37568221454
Ybx1,1206.6398189154936,1497.2693379348943
Ybx1,1208.0384572452513,1458.4933605897993
Ybx1,1209.2775377853309,1379.438394591006
Ybx1,1209.200297832593,1393.9578672320054
Ybx1,1211.5701029928575,1341.0182499874034
Ybx1,1212.7817565809682,1353.7082290753494
Ybx1,1212.012496946042,1318.8022267529502
Ybx1,1215.8665597996578,1422.1886354131568
Ybx1,1218.6471753312765,1372.187221900789
Ybx1,1220.856161427535,1447.2844451027777
Ybx1,1224.0390440912024,1462.4338342368558
Ybx1,1229.5408468393937,1227.6772582786325
Ybx1,1230.6166932122928,1331.5410314849005
Ybx1,1235.116354313794,1431.782963006009
Ybx1,1236.0177787598564,1447.4328715877691
Ybx1,1238.1175887651248,1437.0385272873036
Ybx1,1241.00392216308,1404.992518108483
Ybx1,1242.778480023204,1283.9398394492107
Ybx1,1249.4737409118984,1146.7498142016557
Ybx1,1251.4952102194206,1407.127757002056
Ybx1,1253.5850335892756,1392.3956477645825
Ybx1,1281.9020236302313,1222.740376043023
Ybx1,1283.6251890942222,1374.481353063126
Ybx1,1287.7658942425344,1059.9483088375623
Ybx1,1293.8164259383466,979.932159177264
Ybx1,1295.228875188101,1015.1260280869068
Ybx1,1295.5752714544635,966.1282435170838
Ybx1,1296.7853200583904,989.5918575403952
Ybx1,1303.064924502146,1339.6036547833548
Tbrg1,1306.6300083190338,1335.7761820035057
Ybx1,1310.4919203712616,988.1528919854882
Ybx1,1314.6198184289028,942.9624341185915
Ybx1,1317.847754732286,984.1206071437229
Ybx1,1320.9836496131263,965.728632149571
Ybx1,1322.486087034121,946.6901146581436
Ybx1,1324.3853195342356,988.2131318047702
Ybx1,1334.4707845639423,1047.2421667494143
Ybx1,1335.4538760792525,1170.166531510866
Ybx1,1340.7597898213896,1132.5313965738294
Ybx1,1344.686855735256,1088.0852478536935
Ybx1,1345.1343957881184,1120.701082431032
Ybx1,1356.0648057739486,1136.5325233085805
Ybx1,1363.843139194637,1148.1990615936002
Ybx1,1370.0861958508087,1148.5464704247338
Ybx1,1375.2186180254005,1120.6557389267052
negative_control,1325.6490726502448,1224.5367178509027
negative_control,1325.047644604515,1250.9087646074545
negative_control,1218.2996371413174,1291.7727820185232
Tbrg1,1214.3891016205578,1441.2154919578484
Tbrg1,1251.0873216919767,1345.4178969362029
Tbrg1,1262.808262043102,1188.4050288221067
Tbrg1,1281.6172800867453,1366.8833598596264
Tbrg1,1285.1164773539022,1330.2570456797446
Tbrg1,1317.740898203187,1305.2429179168105
