gene,x,y
Khdrbs1,712.4569069706544,746.0521792085189
Tomm40,711.3794583081774,728.7367155409156
Rarg,712.8396755423869,728.0498334705744
Mrfap1,726.5824220797183,749.4164107712228
Khdrbs1,732.8776313290547,766.324235471561
Zfp36l1,742.0977756298904,788.473190247518
Tpm4,747.9213833199328,812.0727957723532
Ppm1g,753.8572880785889,812.1150161407613
Rpl18a,760.002318655476,782.9309698437453
Rarg,759.965168664053,782.7341894443396
Tpm4,760.8900725089353,811.9688714303217
Zfp36l1,765.3016541784317,849.8660839099934
Ltbp3,765.8336688157236,861.3746482450457
Spp1,767.1485824438352,863.9245877662643
Ppm1g,767.9831346757742,899.8304988285947
Mrpl35,768.9947973883527,791.9948663088553
Taldo1,771.0828912758369,813.6652677748475
Ppm1g,771.1554359523823,812.2776840202105
Mvd,774.2286688273434,890.2286368930289
Spp1,775.1663274374043,829.2607127321282
Zfp36l1,778.9147349882204,892.4179323588917
Ppm1g,779.2201798665359,831.5320626829407
Ppm1g,780.5415361746827,860.7212324623135
Spp1,780.8375382614375,897.8901502570814
Spp1,781.5966544784914,884.7473941987344
Spp1,781.6500487094269,834.9185478848894
Tpm4,782.2300522137743,847.6667412993656
Rpl18a,784.8273104172274,867.5017951370551
Pkm,784.350389563868,867.5986143343454
Ehmt2,784.1210670274902,788.3756383169571
Tomm40,785.0294686338411,788.2820060861229
Rarg,785.4022603007247,818.5707357235361
Loxl1,786.4398027331667,855.5187131271923
Spp1,787.8371673852496,863.896090006463
Spp1,788.4887626530709,898.6917789283489
Spp1,788.044419031162,858.6914349340109
Spp1,788.5893347819786,954.9354019580176
Spp1,788.8248479086546,960.81282140347
Cops7a,791.8761254732283,842.8389798257805
Ppm1g,791.8002399568594,869.2995666789726
Sdhc,793.6458326797804,921.2434862866136
Vim,793.8556916514233,920.7024022214732
Fkbp9,794.6361813209385,919.7163255924256
Csnk2b,795.8647859210012,919.5645309863108
Hif1a,793.443067154606,921.3535282077768
Spp1,795.7335623207791,959.3808783582222
Spp1,797.4885043111716,909.5974269561586
Spp1,797.0330943906389,869.1756117828087
Arpc5,801.1358039379554,918.1960050746064
Rac1,801.8994877246122,922.4245987228644
Ncl,803.804725827047,921.9298460786764
Cops7a,803.6979908222862,860.3821189450024
Spp1,804.1868827625497,907.2900513764196
Junb,805.6824995710198,948.0221182366222
Morf4l2,805.6032492737442,948.010087928824
Ltbp3,805.3593688932433,948.9321607251836
Mvd,805.4554121906518,929.3169932824408
Spp1,808.6002095614313,950.7257249818376
Fus,810.7439511002336,857.4848096720092
Spp1,814.1164742650017,867.8709331885298
Spp1,815.9421587715426,916.8205253302835
Spp1,817.5888922583898,925.700216992932
Spp1,819.336229163167,845.0930775377544
Mta1,820.1346396884971,990.058309804166
Zfp36l1,823.5057318165872,866.0489079599221
Spp1,824.0897461079018,941.9088099383124
Spp1,824.499096842242,888.6170745933089
Spp1,825.0374081381763,859.7633059901241
Neat1,826.2912959123341,956.4614974006998
Polr2m,826.9901533903695,956.1418122171756
Spp1,826.690012585444,956.4270086864724
Ltbp3,827.3095403097544,996.8654431410188
Spp1,829.4201314949366,976.5093243603314
Psap,831.4764067632952,1012.1372187984972
Spp1,834.8551438849299,986.435201391588
Spp1,834.9899211899875,1033.1944478620871
Spp1,839.8324098644987,973.8513157037796
Spp1,840.4961062758255,858.5067065048313
Spp1,839.7656297239045,870.5320449656053
Mrpl35,840.4545178462258,1043.3397102880408
Spp1,840.720127711208,1037.2827555852043
Zfp36l1,840.7549964117923,916.323061350421
Spp1,841.381679492325,883.216733348097
Spp1,841.3940834058012,922.615484405143
Fxr1,841.4999902187295,853.6364979137306
Gpi1,840.8438925993694,854.9193163783613
Trap1,841.8677400060491,845.5059079552201
Zfp36l1,844.6049839398735,934.919077576535
Spp1,846.1063899382634,963.6527809647768
Spp1,846.9536537549966,1013.7377064482234
Spp1,850.2881645252504,959.2201365493852
Ppm1g,851.5029309977486,1045.7076854783863
Spp1,852.5682573196772,985.9140683609546
Loxl1,853.4015086294792,881.8958813338838
Eef1g,854.126297708624,1010.9486674438192
Spp1,853.7683049179539,1010.2773957522236
Zfp36l1,852.951814974641,1059.1044445178538
Spp1,853.1342231035982,888.6944894789159
Spp1,853.7301343784825,945.2512390935252
Zfp36l2,855.6673750700697,867.51250540771
Fus,856.7351384674365,868.3748084914968
Spp1,856.0137060485785,866.5319201761454
Spp1,856.4583597229031,908.5098529517207
Spp1,858.8754965379027,979.5275253711524
Spp1,860.7349454316571,936.6755012765376
Spp1,861.6002255911026,1030.3132314605689
Spp1,865.69431413448,927.1240202775284
Rpn2,866.7349101192308,1023.6246539133476
Spp1,866.7676188446674,1024.265879698228
Rcn3,867.0572290359503,1022.0288285006376
Ptgs1,866.0458163723745,1025.6222996737774
Spp1,867.424892002176,955.6894771148438
Spp1,867.2585206476153,1027.0082683516032
Ppm1g,867.2961445824782,861.6432754014156
Spp1,867.6573903353147,1043.674744826504
Lmna,867.2636105394794,864.7699351810543
Spp1,867.860070861844,909.5368938148758
Spp1,868.8433851949442,993.8884019786688
Jun,870.0088167360839,964.3940312906898
Ltbp3,870.925711047523,1001.1763268611084
Spp1,871.9692819836224,956.6759925942785
Zfp36l1,872.3128041525132,1153.9235220002445
Spp1,872.8407847711826,894.4835744545294
Pdia3,873.0670543919899,1015.0317803784748
Mtap,872.3387258217982,1015.0317703091508
Spp1,874.1104677711899,1015.1631856889844
Spp1,874.897724923627,995.2190194165128
Spp1,876.4627416753234,955.8340071133788
Zfp36l1,877.4078638178693,1022.6157069671552
Spp1,877.4452162526368,886.6825958603619
Spp1,878.0925956956332,924.429403389118
Spp1,878.1978861451133,978.7028898808608
Spp1,879.170556122998,1029.3056195487743
Spp1,878.835908520013,904.9628991190084
Spp1,879.7469047509042,912.1471480028866
Slc38a2,881.5842203939856,943.3468125315547
Spp1,882.6851086624715,980.9982545696936
Sec13,885.3758063249504,911.1399885024848
Spp1,885.590293408568,975.8579426690026
Spp1,885.6435366119767,970.4078228446272
Zfp36l1,886.3439929296807,1051.0109577288267
Spp1,887.8904925314612,930.5100051886076
Zfp36l1,888.5855125928734,1087.738601818354
Zfp36l1,888.8147935211831,1039.2349885635465
Mrfap1,889.8075464190023,1096.1866488763585
Spp1,890.4641258460019,938.4731347417668
Vim,890.68110810815,1069.0770585148127
Hdgf,890.9726976917177,1068.6938543307597
Zfp36l1,892.0208674029091,1063.3158062740308
Spp1,892.3558398032663,971.9201502803224
Ltbp3,895.8445155195992,1011.6584648722552
Spp1,900.8227934592784,910.4755955772242
Spp1,900.0028276677657,953.2987772974656
Spp1,901.1085861344736,988.610505004141
Spp1,901.271458399658,974.7331846855052
Spp1,902.3300670493912,949.613612926503
Ppm1g,902.7731657290276,1057.5894226038
Hspa9,904.0631900210618,1116.4642195990268
Spp1,904.6374373723934,944.5262283140192
Ppm1g,905.23877023116,1080.002194502378
Spp1,905.9166274855348,962.7937078626304
Gas1,913.9450802597484,919.102679510298
Spp1,914.651437899555,932.8354392242254
Spp1,915.8433987149848,951.2664921896494
Spp1,920.2729703181664,1077.9780517291113
Spp1,920.4234320257402,1062.5964401578078
Hdgf,920.8890413879782,1103.325971366887
Spp1,923.151194709739,947.161803375359
Spp1,922.5999189561152,962.851554720834
Spp1,925.5399527214536,1016.4258634039778
Ddx17,932.153167661918,969.1686923373314
Spp1,932.0926343267336,969.2977491138968
Vim,932.565537433368,969.3321018229497
Prrc2a,933.3511072513824,939.6277919827498
Psap,932.1978824813772,940.138265031952
Loxl1,932.8204433357153,938.3531124204176
Ltbp3,932.6879087926584,939.0755962447828
Mvd,935.7147594069552,951.239385452721
Ppm1g,936.9172267300054,1040.5804664473328
Mbd3,938.1016068393884,1021.6800425198444
Tpm4,944.1479815964964,1053.1945445036504
Spp1,943.7279507480064,1046.4839639380662
Mvd,944.3057939868344,1070.724812786328
Spp1,945.721474488972,948.6398858245876
Spp1,946.8291919424596,1065.307897625628
Eif4b,946.7795244801946,1018.1353297194642
Spp1,947.0293650895524,1017.8066224172048
Ppm1g,947.390511077279,1080.5991965809892
Spp1,949.6661660877857,995.2455094021524
Spp1,949.4172049606634,1038.0150142439288
Spp1,952.0105503863113,1018.8404349642246
Spp1,952.1953582565612,1011.2775515836112
Rad21,951.5923225437508,948.7989340283832
Hspa8,950.6387945219672,948.673725750302
Khdrbs1,952.3636674407742,949.2852740298082
Ltbp3,953.6778541562672,1016.5986776120952
Ltbp3,956.8446248604992,1034.106086851792
Rpl15,957.3287145974004,1028.5573392917158
Spp1,956.504940945472,1042.2746861125445
Spp1,956.7230596387178,956.0856678000948
Spp1,957.4876830958102,938.112163433286
Vim,958.645136709904,1058.7245860676314
Ppm1g,958.8183956347556,1058.081952739916
Spp1,959.4110328846532,941.5541097166624
Spp1,964.6715516820416,1062.844614391794
Spp1,966.4154559571256,947.411798836585
Spp1,966.6061990826064,1020.3403199556856
Spp1,969.8195292937082,1062.0881031745796
Vim,969.9874841853484,968.243332399942
Ltbp3,970.8879491063908,1081.3646244716842
Gsto1,971.253646374954,948.4899708762676
Ssr3,970.6714212722952,946.8459159273322
Gas1,968.7475583912192,946.1503715614416
Morf4l2,973.89518554116,1040.391776305758
Spp1,973.7411809108232,1040.3005933639026
Tomm40,973.2626358441428,1040.8147261506404
Spp1,976.6471209759744,949.4876010206108
Slc38a2,978.0799817456826,1084.6288824703222
Spp1,979.8450626887084,1039.1026771173208
Spp1,979.5434931014256,1079.3187804100212
Spp1,980.6470845781524,950.1315222211174
Mbd3,980.9887492066166,1006.6320357335168
Cops7a,982.7798760437375,1045.635121364125
Spp1,984.172225817998,1078.0022326248395
Tpm4,987.2259993865334,1087.1754748575909
Spp1,989.6794671043806,968.9999823816386
Spp1,990.3576219572378,1016.717440761856
Spp1,996.0558222879864,1090.9190381117637
Spp1,998.1930086123848,982.9426019552378
Spp1,999.548336792623,996.6675318528348
Spp1,1003.0192040051892,1038.429642425759
Cct8,1003.9861584195598,1023.9529014470536
Spp1,1007.0180567665903,1018.9465692919908
Mbd3,1016.169560398311,1001.3517752937915
Nucb1,1020.5443334047172,1057.7635950402496
Ctsb,1020.5263238717844,1056.8645682983
Spp1,1019.9618658025043,1057.8189662016575
Ltbp3,1020.542293560096,1077.6581580998795
Psmc2,1025.676184473522,1010.3158117550212
Spp1,1028.7761874962555,1019.8584447262112
Spp1,1033.407725102211,1092.4132589419455
Zfp36l1,1036.445528112807,1019.0857101459296
Spp1,1035.7772043796574,1044.8883460853135
Ppm1g,1042.5295693277455,1043.9376907015785
Gpi1,1045.4765071060604,1000.8130339056422
Ptbp1,1052.1822436959803,1007.709142890671
Zfp36l1,1052.1931713009617,1022.4982516826674
Ppm1g,1052.850799078059,994.6917799469064
Khdrbs1,1054.0365512265312,1087.6151270278451
Cct3,1054.9620684375675,1086.7931993624263
Rarg,1055.1149591238627,1081.7880793708457
Ltbp3,1062.5363238040711,1079.7278913050964
Ncl,1062.4238578783938,1048.5896567477423
Ltbp3,1064.415008604687,1038.840145446362
Rarg,1066.1186536527207,1020.2143944589166
Rrp1,1066.3091232189167,1019.7405594310608
Spp1,1075.63857844606,1046.792649499832
Mtch1,1078.3036130157632,1067.9716143031965
Ncl,1078.969854578178,1068.1367629611927
Khdrbs1,1083.8454984420257,1032.0758319981232
Spp1,1086.5077746703705,1074.95612395353
Spp1,1087.2886326640942,1103.867782573158
Cops7a,1099.6481696358533,1063.2908725403372
Tpm4,1101.3886576222026,1086.1281549368248
Rarg,1109.6870667223734,1069.696661695386
Khdrbs1,1109.459980089477,1039.3072359266134
Myh9,1129.112634953579,1083.1010775306754
Tpm4,1129.7271878348647,1083.6568409254196
Msn,1153.010833489476,1086.3380014627623
Khdrbs1,1154.1961565498827,1093.336204273252
Rarg,1156.0308578581062,1080.9283688171267
Spp1,1165.1927271837435,1080.3049662949095
Zfp36l1,1165.5581338768156,1132.264854297937
Uqcrc1,1220.221892685185,1117.45483884931
Ppm1g,1224.4687750973949,1119.0791280329672
Ppm1g,1249.9286925496854,1133.8927399862246
Ppp2r1a,1255.013646190837,1143.1008536756372
Khdrbs1,1255.8598294536246,1143.6026659446893
Eif3a,1254.754999981321,1143.7837644307067
Tpm4,1263.7380415397877,1152.9605939981225
Khdrbs1,1281.4752482785975,1146.978836638089
Tubb5,1281.441814392113,1161.8296107161243
Pkm,1281.8655665285198,1163.5466437959783
Psmd4,1282.1195775772876,1162.5287297200098
Rpsa,677.4033622895746,708.7517319484149
Aars,689.0483939669892,709.3038696255148
Rpsa,688.8146810126404,696.4279493335591
Rpsa,689.5591566318886,718.5725646835247
Rpsa,694.8200968644472,708.9505729155402
Rpsa,696.1460861856464,718.8309904257021
Rpsa,704.5047325633019,736.7192516695648
Rpsa,709.3781306794051,733.0226080413738
Polr2e,718.1220023996501,735.9827478422743
Rpsa,717.712958763555,737.6886765479704
Rpsa,718.421699269265,758.1233724151754
Rpsa,722.2641282327503,768.9322982371702
Prrx1,723.2764750604956,757.5554884893252
Psmd2,735.5362863077204,784.5447297622679
Eif4b,735.9919623814378,783.0604583817296
Rpsa,736.1845142390094,782.5697117808329
Rpsa,735.9504865609752,772.8737654953868
Rpsa,737.6791235105861,760.5894827341674
Rpsa,740.0156950966381,772.8260757737393
Rpsa,742.6289582405335,760.8575510638501
Rpsa,745.6251827792103,765.5459209719263
Rpsa,748.3235059278396,780.0759053140894
Tspan3,748.3729058611062,802.3568083676599
Myc,750.0388854103901,786.995789638248
Psmd2,754.4452374850903,806.778315690507
Rpsa,756.9231526697542,785.2443595659674
Fus,757.0707723877051,781.545443027966
Rpsa,756.8953505937683,886.8713824676464
Rpsa,759.9342210328972,845.2020518260438
Uba1,761.5503921120483,810.2956834858229
Prrx1,760.6091410355273,810.5477034809226
Rpsa,761.2208829384147,898.2678189768967
Msn,762.4327420642312,789.4934843170029
Morf4l2,761.8004874012203,805.0732342883205
Rpsa,763.6193116485615,792.3498435794343
Ybx1,764.6986054301896,785.0528646504257
Slc25a1,763.82393216692,785.1524957819706
St13,764.7250642125555,785.4346621210642
Emp1,764.9761262898508,785.0246098172021
Psmd2,764.6510065041576,785.8564879896462
Nedd4,765.242894944373,784.5306390999109
Gpi1,764.7366674115699,824.4812882297708
Myc,765.751484409044,810.2216758998633
Vim,766.94913111321,843.0349065022103
Rpsa,766.4622454598696,905.7194245415076
Rpsa,766.8761966046277,804.6898081838465
Tmbim6,767.1488798132787,805.8832679618382
Ndufv1,767.3248464370513,804.5488005060997
Rpsa,767.3434733277718,866.9039331736344
Ctsb,768.60725910059,922.2733575710424
Aars,768.4261290244503,784.9489721530582
Rpsa,769.1782016513213,941.362466726206
Myc,769.7670477201339,874.5071038303805
Fkbp8,771.1096738596925,901.5957294409152
Psmd2,770.5581101687824,827.3792558891473
Psmd7,770.8319115984211,825.745432505026
Raly,769.7334126864564,824.2918921135214
Aars,771.0735332689881,806.8337841936833
Rpsa,772.9942168259199,835.8792114253929
Rpsa,773.944617646331,838.1822978661316
Rpsa,773.7556262265847,800.0107861481512
Psmd2,776.702428157653,828.4995029977665
Pkm,776.302607501559,805.0146612950377
Rac1,776.0310076368521,805.3102843055767
Paics,775.8715012249389,805.1607778316575
Rpsa,777.6943970255985,877.8355526321538
Rpn2,777.947303602966,878.8723633127283
Fbln2,778.1805929879343,898.2366549734114
Rpsa,777.8785855479941,910.8605849669276
Myc,778.9490517201829,912.7414363145756
Lrrc59,778.2399871275733,929.6978478025248
Rpsa,779.0756980001869,927.6356285769656
Stip1,778.8650806034971,928.027575230316
Npc2,778.3887968765655,929.8980930269772
Fus,778.347285274567,930.5624014530348
Psmd2,780.0972748431584,922.3612500805948
Rpsa,780.475629507333,940.8873035429856
Pcdhgc3,781.697194596165,826.3068770486801
Rpsa,781.1562201420443,956.1821960276056
Rab7,781.0121547874586,860.0070557680433
Rpsa,781.3119099658991,860.894915257677
Rpsa,783.009565013265,875.7896945002603
Morf4l2,783.5264678120916,858.5964186287559
Myc,785.3186965233616,901.6739898846386
Myc,786.4884822907724,843.3042782271773
Aars,785.9740024472939,848.3434070052235
Myc,786.8837646985623,897.0411871211079
Arf1,790.2023271254823,898.9490724133352
Scarb1,790.4344268548504,898.9920942591332
Efemp1,790.7117432896462,899.8889348217591
Psmd2,789.9270277515967,922.1966327806872
Rpsa,790.7017421978125,816.1363763888027
Rpsa,790.8820240380069,822.3353280871588
Rpsa,791.0667592825848,862.7084474476222
Ywhag,791.7846220022794,823.2760021654083
Aars,792.0357257608218,824.2875265905676
Hspa8,791.4753688594514,823.8825611004181
Rpsa,792.4232800558203,855.7994474997113
Rpsa,793.4871222180686,920.4228653424937
Rpsa,794.9218949208205,894.6520117473004
Rpsa,796.3569614714977,967.6275843667823
Rpsa,795.5215502712995,844.3627001944627
Raly,794.3687207250889,844.697357414523
Fkbp4,795.1165974482072,843.5350896267671
Rab7,795.6018327061496,856.2275266939689
Lmna,797.3688547746439,917.3805274687876
Pkm,797.332434180902,916.5296389692138
Rpsa,796.9712056036856,832.206987537858
Rpsa,797.2096022569706,835.127025650228
Rpsa,798.527273424133,897.3741505568163
Rpsa,799.2026802549273,973.4255303688284
Psmd2,800.3314698905477,828.9586138122105
Rcn3,801.9344300818549,900.7787076144734
Ctsb,802.8675495381361,905.1454983473498
Psmd8,804.3589083315767,848.5047745445422
Rpsa,804.7431488912729,937.086527772678
Eif3f,806.9850453910775,840.4236848184174
Rpsa,807.497777544795,834.9967025717131
Rpsa,808.4402850359713,1000.1104150135578
Rpsa,809.445627225881,864.7890254549784
Prrx1,809.3320988459611,832.6234622399257
Pkm,808.1945271603709,832.848565177951
Rpsa,809.9561428420218,937.3440684446628
Psmd2,810.4072953615924,913.6986201078756
Fbln2,810.8586594739824,954.3908744813432
Xdh,813.7824810103267,964.6343791103002
Rpsa,812.0647531637584,964.6474510141982
Tnfrsf1a,813.510235761373,964.1788271912976
Eif4b,812.90714620157,963.7975427740244
Ctsb,812.2181517541868,928.3829799658108
Rpsa,813.0811942016518,847.4947195223662
Paics,812.68109323121,846.0483280603504
Ctbp1,813.5626835340787,848.2083763796137
Rpsa,813.2116198532956,888.2049297883772
Aebp1,813.378626327793,970.7195473780264
Fbln2,814.8063947642552,868.3486944346444
Prrx1,814.3097665998775,915.5079392802056
Rpsa,815.547828388073,861.4963231295246
Tspan3,815.3231902713708,1010.242169663614
Fbln2,815.5711784791382,894.8887001408325
Rpsa,817.3667588772262,865.0238603791886
Psma7,817.4728447215041,863.0464052600039
Rpsa,816.770026260229,853.9498607036357
Psmd2,817.2042325528585,869.8567182734514
Rpsa,818.3383430219814,1003.215251658388
Myc,818.7469308328862,887.2261730001833
Prrx1,818.8280487591641,918.3289086925554
Rpsa,819.8058499128081,845.2179840597023
Eif3e,820.526433164489,873.3700999644782
Prrx1,822.6140931986963,989.853844488516
Rpsa,823.8510305106986,865.0219745328722
Rpsa,824.6236562003473,972.0132347806992
Rpsa,825.3247304189861,886.2026821589081
Rpsa,825.3651300914415,1007.6550809720692
Rpsa,826.3741140328226,1002.80687195496
Rpsa,827.0373501726068,858.9048034241731
Hnrnpk,827.8257522788564,844.3089744237484
Rpl15,828.3851229082268,842.274408768504
Sfpq,828.6463959607655,843.7429398237091
Snx5,828.665486878476,842.6337700038233
Myc,830.8641864004629,925.3852502965816
Mbd3,831.787236297637,850.6594242241245
Rpl18a,831.8363796992145,1000.110981931402
Mtap,830.9735536076141,1001.025949677897
Rpl18a,831.2866349581324,860.8701104359961
Rpsa,832.8155858188865,861.2242359755325
Aebp1,833.7539487895189,906.9992209953244
Myc,834.1122925061022,849.5163266622025
Rpsa,834.9149040397454,1038.760100610591
Npc2,837.5922055740178,874.4700874092335
Rpsa,838.0909959559458,924.8000046356468
Aebp1,838.031016900869,992.704207266877
Rpsa,839.7800461542012,846.9675546743235
Emp1,839.8715229683144,869.8056327950903
Rpsa,840.3548371817811,870.2898616665402
Aebp1,841.6118886414778,986.4278777989072
Rpsa,841.9283090966153,919.5719237680996
Rpsa,841.9458614218738,1029.0807435689842
Rpsa,842.8694261168237,1012.3493517134852
Rpsa,845.9931291141382,959.2156714739956
Rpsa,845.6204182058452,861.6770556313226
Rpsa,846.0463645248436,1135.4696240869112
Rpsa,846.3458103493818,867.4237254915565
Rpsa,847.8336000694419,1010.4591161982512
Rpsa,849.9189707737446,883.7970536950955
Mrps9,851.208546862088,867.6318516123763
Nedd4,852.671691683669,866.557279983534
Aebp1,854.2128822776275,1026.667819568892
Vim,852.9955907203939,1061.731235299661
Prrx1,853.7322597976597,1106.0927744016544
Hspa8,856.1580904531456,1052.753582817801
Rpsa,855.0886519894198,1057.9603573447291
Rpsa,855.130776808906,1097.5561571426313
Myc,856.9691275394873,930.8419978473448
Psmd2,856.8159371912351,1028.1333927712492
Rpsa,857.4542986751196,1139.137136626039
Prrx1,857.3886353293094,960.9618357248892
Aebp1,858.9437143106327,949.6872488670908
Myc,859.0046366228235,905.5913947523226
Rpsa,862.7646384169902,935.6402851745328
Rpsa,862.355579959683,1050.7288571948025
Rpsa,862.5256341891863,872.1771923426234
Rpsa,862.9932205472589,1006.9579031240116
Fbln2,863.535704826041,1072.1903360595134
Rpsa,864.4321095723594,867.2181702410655
Fbln2,866.7661407071356,937.5613190676744
Maged1,868.2178213768896,866.4010089893349
Ncl,868.656316996022,865.481982970088
Psmd2,868.9948345283598,866.3509775773692
Rpsa,869.9041294653401,1021.4171020174214
Ctsb,870.6858692431484,1025.587318576809
Rpsa,871.792138346835,1075.8763360501837
Tmbim6,872.2882694730944,896.4023955713095
Nfe2l1,872.5845156495185,896.9243514243256
Fbln2,871.5933647130585,896.1316416766828
Top2a,872.1794555698149,867.9752210930247
Ncl,873.3441976016622,867.5422860779213
Aebp1,872.5505154740986,933.4092877118956
Rpsa,872.0425931545478,1018.647489119996
Tspan3,872.5355163374497,1103.8636961720697
Ndufs2,871.9244246189566,1062.7084289861884
Psmd2,873.2919525532932,870.5088089352373
Fbln2,873.8113591370765,891.6701617745571
Rpsa,873.9869598599146,999.7989330507552
Fbln2,873.7957572629996,881.6754415834803
Aebp1,873.9621906657276,968.4900884892132
Gpi1,875.263792028743,1093.7694463854632
Fbln2,875.6371053789296,1012.3882942054468
Rpsa,876.8280649801571,878.5528766518373
Myc,877.3575206935096,932.0916076007828
Rpsa,877.7402903505787,1057.55522765485
Psmd2,878.4188789480227,872.0474363169369
Rps15a,879.1505953213722,1032.1991786712724
Eif4b,878.5615139787162,1033.0847979008076
Rpsa,878.4217967289344,1033.0815749068104
Psmd2,878.6657829012843,946.7969403783012
Rpsa,879.5206139217688,1108.6608474738423
Aebp1,881.7365253534992,1014.0639076555378
Fbln2,882.8933112190055,1021.3222351323096
Rpsa,883.1469605150678,1063.077863625271
Fbln2,883.3598178562171,907.1211719812364
Vat1,884.2193522369934,1002.4552407619288
Ctsb,883.6469019989785,926.7575522601036
Aebp1,885.1490511857387,894.8111622971496
Rpsa,887.3508113494302,1017.1993431889656
Rpsa,887.4673456339074,1014.8531084525824
Rpsa,888.1763936456637,1140.962728661339
Aebp1,889.6598841405086,1036.4078613020004
Sat1,889.6802324090102,974.9004324179804
Aebp1,892.6453548537052,1090.5772506416777
Mrps2,892.6564241450178,1049.484771683116
Aebp1,892.3115037296296,955.8403922707696
Aebp1,893.421115932781,966.459962364348
Rpsa,895.8103328263841,969.7665156498904
Rpsa,895.0859053113529,1112.1850104533382
Ctsb,895.6858104919484,1011.6328578067448
Rpsa,896.3770871619043,1086.166341624569
Rpsa,896.7871569551679,1100.622749906371
Rpsa,897.507875232588,1073.278531260829
Rpsa,897.5845918309568,1016.5934634696736
Ctsb,901.1699073620472,1072.3234392382356
Aebp1,901.0255822520164,1015.4194183719826
Ctsb,903.2965837342148,995.48485852557
Psmd2,904.4535989052416,932.6930863314136
Psma7,904.733722862896,1066.371176096478
Rab34,903.8085384317384,1065.2802129350978
Myc,904.9480024511556,967.3898608227224
Rpsa,905.0189565501008,1061.4138525609744
Rpsa,905.5117171491156,1023.9078187369508
Aebp1,904.8525917073788,1039.381168935378
Rpsa,906.764407699555,1047.5291098207622
Aebp1,906.9146939215284,982.483876576152
Rpsa,907.2112041372598,1071.3070315490222
Rpsa,908.6534166294445,1091.5379467069938
Srebf2,909.0889978661382,978.091635996413
Psmd7,909.4660231877168,977.70636853848
Rpsa,910.1768032477398,951.5705637734052
Pdia3,909.8619381303756,1019.1036047061308
Rpsa,911.3196580015542,1049.948919191008
Rpl15,911.6546817890068,1043.547187087303
Aebp1,911.7592569149598,1043.5530209475278
Rpsa,912.8060012080103,1038.4720591023172
Psmd2,914.6313332106504,1109.4236302511188
Psmd2,915.4711419608278,1106.1395777152698
Aebp1,915.1229073322714,968.484917354317
Aebp1,915.6304117375088,1028.368259105598
Aars,916.685930599818,1080.2173430382895
Myc,917.5209270436304,936.9025227491728
Rpsa,917.4186827335002,1043.5566085288428
Rpsa,917.109309553891,1048.7819325573157
Ctsb,918.215937507646,1031.6836454123388
Ctsb,918.2673363753148,1045.3802344924336
Aebp1,919.2687780100767,970.420576359366
Aebp1,919.6338764359326,995.8076109488665
Hdgf,921.8980310889916,1018.4232270373836
Sdc4,923.2557723872792,1017.9967220527848
Rpsa,920.7449034945914,1020.4479406048124
Rpsa,920.9888934383296,1015.1389402609142
Rpsa,922.6820823800056,908.4352440506308
Rpsa,922.4218677823884,1029.905378025468
Rpsa,922.8580673309908,1087.0620448678717
Aars,922.4968028286584,920.3345359662012
Rpsa,924.551207906442,971.1445825690386
Tspan3,925.197452250535,1055.559774219157
Tspan3,924.8622320940974,981.4166795873048
Fbln2,926.3000755157656,940.4780419619212
Lamp1,925.898263831418,940.8790217745888
Myc,926.3907529973472,988.6168666980108
Rpsa,927.5359581562192,1032.9251286438327
Efemp1,929.0806624856806,1008.9145331907894
Vim,928.6577599175316,1008.9280988685952
Fbln2,928.150010165464,1008.8791153278814
Nedd4,929.9005824536708,1008.5750795165752
Psmd2,929.0479589656916,1078.13082764082
Rpsa,929.0019175502952,1068.396875309282
Aebp1,930.0287431013018,1031.065935443556
Hnrnpul1,929.71476129898,916.835812205336
Paics,930.5300564447782,916.7641794539402
Csnk2b,928.2514676765428,917.2739481527232
Aars,931.6073631053424,917.3143172225548
Igfbp6,931.197244724284,917.5297211830097
Fbln2,935.0528481512434,939.6805599994246
Aebp1,935.1489951222728,1012.5278561411204
Rpsa,937.2633429723052,1018.5083509630084
Aebp1,936.9103781529436,1094.1207419964571
Rpsa,937.4385707583232,977.426801022888
Psmd2,936.8793098946946,1099.3504509269565
Got2,935.2771994137778,1100.4479283016817
Aebp1,937.448064065582,1062.735358546222
Fbln2,939.6874480174396,1020.541804903809
Rpsa,940.9044368025392,1058.8953363081728
Aebp1,941.1830307266708,955.573954521016
Rpsa,942.5374214885444,1013.2270835989584
Rpsa,942.5000725497137,959.7535795215774
Zyx,944.5670787247442,1080.9162320674377
Sfpq,943.538574828192,1080.3830574383676
Rpsa,942.813751041696,1079.859673039732
Hspa8,943.3200795019936,1079.6953589705552
Rpsa,943.2930183174404,1072.898371007379
Rpsa,944.039872647526,1068.3044603123194
Aebp1,944.2692301988868,1011.0287801943484
Ctsb,945.3156081395134,1047.9836494497358
Pdia3,946.2948856061652,950.7743629325876
Aebp1,948.7075097025976,955.7286982561328
Aebp1,949.6381273046268,1007.751045680536
Prrx1,950.5294381150896,1035.2364361285047
Fbln2,951.3336948720096,977.2137808691008
Rpsa,951.3848120877574,973.6456610148548
Rpsa,951.8461731632756,958.8462418928458
Rpsa,951.4215613034476,953.4059840122034
Laptm4a,951.7421686486248,1017.7491919869984
Rpsa,952.097231313439,1003.0492000262612
Hif1a,950.8532102920252,1001.55317785693
Fbln2,952.4651798648616,1040.6617416148868
Ctsb,953.3142454104934,1038.7338908783968
Prrx1,953.8912466957592,996.832060929265
Aebp1,953.9803972989616,941.084244854778
Rpsa,953.6262275303584,1073.0764274151554
Prmt1,953.498567731208,1091.213168174727
Aebp1,954.2262292962492,1032.236653379778
Dpy19l1,954.3377661402978,1031.6500536304914
Txn2,954.6993528217796,1031.1455303626933
Rpsa,954.5020607481848,1034.5907308988135
Fbln2,956.4666580087904,1024.4508689570723
Aebp1,957.4936260130004,1026.119983008922
Rpsa,956.471607814358,992.117756743942
Ctsb,957.1865884220736,980.8964595736164
Prkcsh,957.4935195558436,1090.910069869469
Aars,958.9153136440387,1001.6405478694384
Aars,958.8120255998404,947.7359311934332
Aebp1,959.2706141694237,1041.5184977714634
Gsto1,959.2850073545936,1041.6576824268311
Psmd2,959.032255931991,1064.6616015273105
Timp2,961.0398487569116,1049.9006733873928
Hdgf,960.3999880100436,1050.0841103044536
Aebp1,960.6470124046892,972.8837700917072
Rpsa,961.4471197902112,1047.8829357082436
Aebp1,961.290649365776,980.0879304212614
Prrx1,961.5947421991932,933.564928898022
Aebp1,962.3644915546336,1022.84100621371
Fbln2,963.0522351881252,1027.6093772856448
Aebp1,962.7758570606117,994.3749120742224
Aebp1,963.295880876333,956.7902177388022
Psmd8,964.3499900021347,1018.539697626646
Eif3i,965.9226560294086,946.8967190124292
Mrpl43,965.313259786863,1063.3365963020894
Rpsa,966.6586573233938,941.1805840889424
Rpsa,966.5881432851957,1048.8929241885646
Mrpl43,969.9913047488208,1076.5552519357532
Hspa8,967.9590185163806,1076.0734506718948
Rpsa,968.04604351412,995.4976965213529
Ctsb,969.7866936555356,1026.3854277257976
Rpsa,969.8319358002328,985.4680465625812
Aebp1,970.1883820575516,967.7195278839436
Rpsa,971.3045641115668,1024.0577376326278
Fbln2,971.718756787815,954.3161042982396
Rpsa,973.0906917548904,1074.4491606950644
Hspa8,973.073610482707,1079.3986352824768
Ctsb,976.17107623895,1009.032477930609
Psmd2,977.4376488691896,957.5210981812528
Aebp1,979.5758695057108,968.289057330065
Rpsa,979.5876447228522,1097.1379289587298
Aebp1,980.5182910087844,1045.6480058149918
Tspan3,981.3173041480268,1027.7489093264878
Aebp1,981.994811137032,1053.3263336599557
Rpsa,982.220023111224,965.5765221193516
Aebp1,982.00988667508,1019.901903252072
Rpsa,982.0365752001768,949.3583879864428
Tspan3,982.9488328408872,1040.891654827912
Rpsa,983.1683291326016,1077.6718026281274
Rpsa,983.4519714965156,958.6183338227823
Lmna,985.1591751733378,1083.4182954424873
Rpsa,986.5015637883378,968.1626852627423
Rpsa,986.225691824911,981.9884049844048
Ctsb,985.5912100454784,997.7742158813348
Aebp1,988.161095223066,1017.6262541377864
Aebp1,987.7671287241564,1060.8220966760175
Psmd2,988.1770475286,1086.399041626502
Aebp1,988.7798533354944,1010.8424165503862
Rpsa,991.7346661105504,1052.701729109093
Aebp1,991.5593552482404,998.3388792058424
Aebp1,993.0252946087712,1047.4946824065034
Ctsb,992.6506940470056,975.5199904978182
Ctsb,991.8373165353332,1069.4489296612594
Maged1,995.4445072675488,1029.727767414823
Vim,995.621596287354,1029.7629181527357
Eif3i,994.945076761034,1030.5496447696808
Rpsa,996.9943353532324,1074.8331258759554
Prkcsh,997.536070575514,1075.154409353994
Rpsa,997.8722617958912,970.9216638010664
Rpsa,998.4353041308927,1098.339883715535
Rpsa,1000.387348428573,1026.997902024181
Rpsa,1001.2831115567312,1047.1227285070377
Rpsa,1003.9800273873534,1079.153699744373
Fbln2,1003.7953224960754,985.457187191909
Rpsa,1004.9231205377162,1096.7094288015323
Rpsa,1006.8649269738936,1050.5619862332198
Rpsa,1007.7999187457516,1009.2984677593224
Ssrp1,1007.6587192531282,1031.1656007305303
Ctsb,1007.0847134966452,1006.7837214727368
Rpsa,1009.7086724948716,980.8441677992428
Rpsa,1012.9620219886312,1074.3439515535986
Rpsa,1020.5644463662428,1062.684290205166
Rpsa,1022.7223324568432,1006.5697403812808
Ctsb,1022.3194970441492,1033.252373088067
Vat1,1024.4704318541933,1029.475659215442
Rpsa,1023.4886241206972,1093.277676200967
Vim,1023.0424236737884,1067.9325606412467
Aebp1,1024.7650994842684,1067.591668144231
Prrx1,1026.769860275172,1017.9655138098952
Rpsa,1027.8077654774902,984.222194272011
Rpsa,1029.7946473390284,999.8419511647433
Rpsa,1029.393080239999,1046.0975808684225
Ctsb,1030.8153570642623,1087.845445915532
Rpsa,1031.677677577101,987.5218314845456
Rpsa,1034.542108362385,1036.8024519230155
Rpsa,1036.205108610758,1022.6134562778708
Rpsa,1036.214693926428,1056.0658071453788
Rpsa,1037.0641452433465,1009.08698669824
Rpsa,1038.06583235912,1094.5665766491643
Gpi1,1038.1492386145526,1018.6150023104638
Rpsa,1043.1555241909543,1021.4258303455232
Ndufs2,1045.422393293671,1076.6820838398198
Rpsa,1047.406947166938,1047.1881235425485
Prrx1,1049.2362405448175,1097.0071287030155
Rpsa,1050.684233551542,1057.8903135448463
Rpsa,1054.8091084392595,1105.2195592112687
Gpi1,1055.837800786068,999.1097047215264
Ctsb,1056.732320546024,1076.954060858462
Rpsa,1057.9616557967993,1066.8762704387873
Rpsa,1058.868869668174,1054.445139289978
Psmd2,1060.6507588641953,1065.650080355013
Psmd2,1063.5177322754248,1049.4049127126557
Rpsa,1064.197221606211,1061.5180730908296
Rpsa,1068.338191461683,1029.6308548591253
Rpsa,1069.233871575752,1041.791349122395
Sf3b2,1071.7212013760527,1054.3011234832466
Mtap,1072.23842507253,1054.6136954148735
Rpsa,1071.4212841988287,1052.8596873706538
Rpsa,1072.7942323944274,1049.496463663329
Rpsa,1072.9414095141417,1009.40824309784
Rpsa,1073.6146649117666,1095.0708875337689
Tspan3,1076.6453014559884,1103.3771654880538
Rpsa,1077.6425236719317,1013.2360670486992
Psmd2,1079.3079624341126,1034.3775725292676
Psmd2,1079.2542334806335,1069.5741089740698
Psmd8,1080.5129490569857,1086.892726210486
Rpsa,1081.3146369680712,1098.1703079779113
Rpsa,1082.2581956099823,1045.6530086434109
Rpsa,1082.7942692868598,1022.5050460755182
Hspa8,1084.7233757436004,1107.2062553744129
Rpsa,1084.0592861495898,1034.850099524086
Rpsa,1085.1891682477694,1017.0962375647746
Psmd8,1085.632249316236,1062.682160304505
Rpsa,1086.4444866040058,1094.3042897529708
Rpsa,1086.880570246568,1088.377990981143
Rpsa,1087.570194916476,1107.8347923768597
Sat1,1087.8438366323116,1057.1700672484408
Psmd8,1089.3138191913645,1101.0311610461565
Rpsa,1094.505773441688,1032.825729778756
Rpsa,1097.847532362268,1118.4908728545786
Prrx1,1098.4156788360804,1042.0114674308284
Vim,1103.02749281372,1044.9247624227578
Twist2,1102.645959893543,1043.0654373283926
Psmd2,1102.05258929924,1042.8091769114362
Rpsa,1102.9239130936269,1078.2554044857154
Psmd2,1106.3383973098037,1040.5040102708208
Rpsa,1108.039457883386,1100.9033449027886
Rpsa,1111.457244785909,1050.269924545066
Aars,1111.5989921839189,1036.900931010308
Eif3e,1111.4529774346086,1057.7703250306306
Vat1,1112.5689423123747,1057.6822664439924
Rpsa,1113.2613617805696,1052.8415966628895
Prrx1,1113.3859515862855,1099.1502222864356
Rpsa,1114.2660221222632,1129.1004083455016
Psmd8,1116.3476016772263,1046.4876234779842
Tspan3,1119.6549001942542,1105.6801078736853
Rpsa,1125.394225490556,1040.0636030585747
Rpsa,1126.9574348407682,1084.621200050951
Rpsa,1131.3247230377574,1088.140186770207
Rpsa,1132.1831332831189,1079.6656853547177
Rpsa,1134.8724266966683,1049.1953400851285
Rpsa,1135.8883003141918,1077.3304894629916
Rpsa,1140.5204672271884,1078.6067585777214
Rpsa,1139.6937043598195,1135.499228230312
Rpsa,1143.1996116949222,1116.4480514362892
Ctsb,1147.557859543846,1131.1373174402256
Psmd2,1150.083540066193,1147.346119792042
Rpsa,1150.9144382928089,1089.2542563852476
Rpsa,1154.200522253109,1072.6147477168558
Rpsa,1157.8950949050902,1161.6300896662742
Rpsa,1164.9800401876082,1145.919667434758
Neat1,1165.2715286851649,1092.4290049183437
Rpsa,1164.8836246351557,1092.7152047689692
Rpsa,1164.8424218048056,1114.8628703473948
Rpsa,1165.1713593458328,1135.079756141094
Rab34,1166.4612823632242,1160.237388962266
Aars,1171.8404212467503,1103.263060391385
U2af2,1169.246485130163,1100.2079701803111
Rpsa,1170.306894079768,1101.9291160840537
Rpsa,1171.1612681315778,1140.0610913467358
Psmd2,1172.6338167120905,1144.010262889242
Rpsa,1174.5497466398958,1131.2534580826118
Psma7,1178.5036060973705,1097.6554777434112
Eif3e,1179.8815662766117,1149.6034133847734
Rpsa,1186.5632367975695,1151.6482616944313
Psmd2,1187.0581585008006,1072.9591861531514
Rpsa,1193.3325007226565,1165.0510513615063
Rpsa,1194.8104192285025,1078.0471225681786
Rpsa,1195.720367536152,1211.7464391022377
Rpsa,1196.00552858044,1084.7506010147945
Rpsa,1204.3663228903458,1205.279448793936
Rpsa,1210.4135553983303,1225.446589246082
Rpsa,1214.0606544918662,1226.342114441724
Rpsa,1214.0958005502505,1038.6982839662537
Psmd2,1214.3625684328126,1110.5051316570984
Rpsa,1216.6564824822303,1059.9036826740655
Rpsa,1218.996606089228,1115.7833909802198
Rpsa,1219.9700289922391,1229.311117747647
Rpsa,1222.6283666232516,1121.310191290469
Rpsa,1225.1056194463206,1059.9481995345575
Rpsa,1241.8583178884132,1240.2617448386509
Lmna,1265.2543186604544,1157.9865062869696
Rpsa,1264.5899107532523,1155.7004123619024
Rpsa,1266.5403183399778,1157.4839858548437
Ubxn1,1277.5936631436743,1161.2944282277772
Rpsa,1281.8133615436186,1150.3260461809364
Fus,1285.1129826845784,1163.1473988815771
Mbd3,1285.3879172221764,1164.670006417574
Tcp1,1285.2090863866683,1165.1509976317038
Ncl,1285.6380130849757,1163.669393063134
Psmd2,1286.2393619862985,1164.1144361348267
Rpsa,1288.18139147297,1146.214462675702
Ssrp1,1288.5101981145754,1150.8828718777766
Rpsa,1288.7501755182805,1158.0869439540506
Ndufs2,686.5416891929644,710.8256846098989
Mbd3,730.0784071865844,746.3606480525882
Tnfrsf1a,735.3020241093702,786.3087342997592
Crlf1,750.3204549716295,792.1096821397006
Ndufs2,755.1130403694714,773.5018981250473
Rpl4,761.0317150008043,911.206281338861
Vim,762.7810844226026,832.0534832320761
Ndufs2,761.8274053162168,821.010728973426
Rab34,768.2868736675944,926.0809220954324
Rab34,769.1663318406019,809.0543105295073
Ywhag,769.6975479489322,850.4367981204972
Ywhag,771.55562816068,833.4140273977468
Rab34,774.1377180532243,826.6869105726457
Plin2,774.8968877460609,821.7903849128205
Ywhag,776.1408041637526,885.2446522964933
Plin2,776.032940318473,838.1299007706285
Plin2,776.6674340130097,868.7978574254689
Ywhag,777.5718439667485,795.289349349709
Vim,776.7456600928512,795.4475288297458
Gsto1,779.1399239387175,850.7229794275165
Ywhag,778.5569413625346,945.6716159180436
Ndufs2,779.2272738007953,897.585319657906
Rab34,780.9655022567333,863.4228370138512
Ywhag,783.0543665190114,932.13174934789
Prpsap2,783.1117299416235,789.7802291064717
Nr4a1,783.6476024809363,921.813754232146
Rab34,784.5117989202785,901.1662125203536
Mrpl38,785.0932866809169,810.8074202228431
Crlf1,784.4511643752855,887.4721376240634
Rac1,785.6569611315202,954.953421354634
Prpsap2,788.0027250323326,961.0626597659244
Eif3a,787.5381694627595,839.8103777085935
Plin2,789.1992980742009,841.7090827112492
Plin2,790.0393711095785,831.8377569414696
Pkm,791.6774049729327,816.9079573828164
Plin2,796.7864747897048,967.6192253267196
Ndufs2,799.2106377706384,953.9856366768148
Plin2,800.7721098534298,868.3014734588305
Ywhag,801.8374354654807,976.0797309983452
Crlf1,803.1292455762126,904.824279741757
Crlf1,805.7135361433654,863.860964088051
Emp1,806.1718008056009,863.0914080727214
Mrpl10,804.7983639880184,885.8383015186325
Ywhag,808.7199567413538,862.7205806953001
Rab34,810.8293934258639,831.9946498805521
Tapbp,810.7359486575735,883.8726203049055
Loxl1,812.724760336959,958.3097972177188
Neat1,812.1176245993806,933.2054010805252
Lmna,813.7711657180926,840.119668163285
Hdgf,814.9551500207698,841.3136970875703
Eef1g,814.2779567214718,839.5172261508175
Plin2,814.0994108476257,840.91793329621
Plin2,815.218834332405,904.3556037989364
Ndufs2,818.2736726714202,869.5459625136019
Plin2,826.3572925586101,846.461578830688
Mrpl10,841.6754047047887,844.8754458154925
Tpm1,843.0000498798008,869.2149436147799
Rpl4,842.6464413975298,868.8802979963765
Rab34,842.4017046667584,1024.6467816951413
Ywhag,842.5347198852669,870.3292003014218
Plin2,843.9867073671005,893.406498496211
Ran,845.611142192839,878.4281052284023
Rpl4,847.4503253002755,867.3045404845769
Rpl4,848.1270771149719,1020.5072239998244
Eef1g,849.0677032456019,1019.2932514443696
Ywhag,849.3809034919523,1114.6604988639956
Neat1,850.8837582943655,903.1774489279916
Neat1,852.7352922153818,927.872038435669
Neat1,855.248457505196,902.5979774089348
Plin2,858.5847864020743,1047.6866300733634
Neat1,858.1870486846631,911.3147474567372
Rab34,859.9196764719725,1146.854337579709
Neat1,862.7976082908568,902.5578722447908
Ndufs2,864.2136014413974,1162.575904597482
Mtch1,862.3271029272955,1050.3658805718665
Plin2,863.7512173042867,1049.4981159136846
Plin2,870.4845956163265,922.9987821178878
Ywhag,877.877887340105,878.6219279517347
Grina,877.9997956815928,1029.7105729440627
Hdgf,879.2179385077695,1076.0189596355208
Rpl4,879.8872145885348,1076.019289460652
Mrpl38,880.0242500309947,1131.81844670786
Ywhag,880.3537844575172,1174.2477775281066
Neat1,880.9060489267786,935.4293108762432
Rab34,883.06849899047,1023.4503203276212
Plin2,886.3924684971395,1054.6739443855954
Ywhag,887.432640120671,1013.7845380523374
Neat1,887.0731472785814,945.6079016734868
Eif4b,886.7561961646385,1042.390181424321
Rpl4,887.4932292215522,1040.997341997897
Plin2,888.499656853083,1170.2472032148398
Tapbp,890.2704948164355,1030.6915641218643
Lmna,892.2681957240945,1067.3398974146812
Rpl4,891.5773212142028,1066.1264389801267
Ywhag,893.0859254599166,1125.4822759177523
Neat1,894.5460470375824,939.0385796390724
Neat1,894.1203324139418,948.47750133815
Neat1,896.2816709212626,905.3679664598689
Tapbp,896.5503962349644,911.296218747863
Uqcrc1,899.247266116748,1073.6055004072311
Plin2,899.6653000988184,1072.5066087695034
Crlf1,900.942564217015,1047.4718252143707
Rab34,911.1760297181912,905.086673024912
Fus,916.5425908086372,962.3194178443952
Tapbp,916.2192911897358,1049.6366953888455
Ywhag,918.21642148745,1064.5670085424429
Vim,919.7435881288292,1103.4657509597137
Mrpl38,921.9058061302732,960.3710315586812
Ndufs2,921.9503964422098,1097.3150050462286
H1f0,922.9573396411906,1095.6020391666657
Crlf1,923.846855836002,1075.1948332349104
Ywhag,924.1262124855988,1101.6046590201752
Rpl4,930.763931648403,1083.193166077917
Idh2,929.403697665068,1081.3035155038483
Ywhag,943.5633671532452,1093.6683842289267
Ndufs2,945.7396355861432,942.7520708170408
Mrpl38,947.383438286411,1032.9927932786454
Crlf1,950.6737216604494,1038.729164250257
Crlf1,958.9095556137104,1047.401765584737
Plin2,961.4389546303032,956.4635316976188
Ywhag,963.158726114588,1095.8995040441532
Rab34,965.5140150928812,1041.6963023610351
Ywhag,966.2310800857636,960.5070935905868
Msn,965.9368465520122,959.6321740236968
Clta,965.8577962417268,959.3586863182112
Ptgs1,967.9738395603218,959.18501303485
Tapbp,971.743616361712,1028.1754779887422
Mrpl38,974.7156103050114,955.3338342439232
Vim,981.1204770324418,1091.4430857735397
Vim,979.8584033432428,1022.4222938548114
Mrpl38,988.3698161058004,976.6919246170588
Ywhag,989.889506143413,964.2535351158176
Crlf1,991.7344583704936,1084.641293156378
Tubb5,992.9858995987564,1089.3779157601184
Eif4b,993.9920108636902,986.3597781899458
Plin2,995.1860103292992,1094.5707789046048
Vim,996.3091591216836,962.0709508142128
Crlf1,1000.1507903194748,1083.486947987392
Tapbp,1000.8410071190928,1011.7771637401752
Tapbp,1002.823185534484,990.5242582002792
Plin2,1004.8200548801228,1062.144279682052
Tapbp,1009.1323545139292,1008.9341036033612
Cs,1012.2707232749744,985.846630766933
Ndufs2,1018.448067467895,986.4684922880406
Crlf1,1023.0420604345444,991.9266790450184
Prpsap2,1027.8334268871008,988.1553196253558
Tapbp,1029.032251034401,1086.4237873620757
Rab34,1028.264403979426,1081.976075037873
Rps15a,1031.2886701886382,991.6868909125536
Plin2,1031.0676211748903,990.150075793295
Nap1l1,1031.8405671232872,990.499225847436
Plin2,1031.7872885878091,1044.343819270578
Ywhag,1033.1462236947862,1090.2478080471817
Rpl4,1034.2504803553586,1084.410191769946
Plin2,1034.7653844845129,1079.9699087974404
Prpsap2,1039.418098992255,1007.793487888686
Ergic1,1038.6084262326383,1098.415682389019
Ywhag,1040.6454022879452,982.9880845413172
Cs,1045.476622122199,998.1419252474676
Ywhag,1044.8340191340662,999.044227934451
Neat1,1046.9913714671063,1005.4621892251836
Ywhag,1047.300888888397,1013.498121728462
Plin2,1049.7245971396558,1037.0242372673938
Polr2e,1050.813810271086,1037.1623812193322
Nr2f2,1048.4496663647076,1036.53515007218
Mrpl38,1049.1338376322303,1056.9582517651377
Plin2,1050.671715796285,1018.1765299244016
Mtch1,1051.63933794708,1002.4512394152856
Ywhag,1052.8362848221805,1093.4831377619678
Ywhag,1055.5775868186067,1039.073208995561
Ywhag,1055.5369783247052,1054.541367078937
Plin2,1059.4114570075633,1060.0648044650593
Ywhag,1063.2889534265955,1001.250079054236
Ergic1,1065.1198195160296,1106.6800673289986
Rab34,1066.1063690750238,1042.2920384066056
Ndufs2,1069.1686092969696,1059.0812672617424
Nap1l1,1069.5266035974817,1022.1457528394316
Plin2,1070.791912382466,1032.8901471948056
Ywhag,1070.243104855162,1028.6305153628673
Rpl4,1071.4796919252008,1083.485980961101
Ssr2,1080.5012084278032,1045.6995801121536
Fus,1079.8059364905034,1111.769021710148
Plin2,1080.5618544114766,1014.1220205033886
Thy1,1081.363534764379,1036.695885894016
Plin2,1090.0376887614948,1048.8645827711243
Ywhag,1090.2236887901522,1056.4650627510375
Pkm,1091.2804476336032,1020.1644007168176
Ywhag,1091.94287388893,1025.5658612460415
Myh9,1102.1680125711105,1100.027306143486
Ndufs2,1101.587498771057,1101.6065020943436
Ywhag,1108.1955504071282,1097.9602756304469
Vat1,1110.7711076426774,1034.056332513018
Ctbp1,1116.5222269441924,1054.3632496099503
Nedd4,1117.5952368394685,1054.7615684122277
Ywhag,1116.110913913515,1105.6770339743923
Plin2,1117.6760410989143,1099.3499406687797
Rpl4,1122.6051885003842,1070.9759046656063
Tapbp,1129.3450217506904,1100.2490939760771
Ywhag,1133.476724795989,1051.5713394180248
Plin2,1136.30148670187,1063.2420259091966
Ndufs2,1138.4846464286688,1130.5399027071198
Vim,1144.5036145323222,1086.8576149106177
Ywhag,1146.0252944807935,1076.9611254985089
Ywhag,1147.972911814695,1047.4350284019838
Mrpl10,1153.0546381217068,1122.9628658135696
Nr4a1,1174.5616793608913,1057.6336895014017
Plin2,1180.3635890038313,1070.2964621457916
Ywhag,1186.110224278145,1043.682035922231
Mrpl38,1191.1086114590055,1046.0681527378406
Rpl4,1193.920144825911,1105.256930637819
Paics,1193.4944130551737,1105.25993476041
Ndufs2,1195.6653881275147,1187.9553666287711
Ywhag,1215.9027276280185,1213.8238164814031
Ywhag,1257.202844678368,1147.3436011915594
Ctbp1,1267.8169904733927,1154.7562926722533
Hnrnpk,1267.2222038037903,1156.2995744628229
Rpl15,1268.1274468554004,1157.7873182782582
Tubb5,1268.5897985415822,1156.879273639266
Tpm1,1268.725400430479,1156.2508804278648
Vim,1271.0153355133714,1158.7327658712886
Rpl4,1269.202597583277,1158.3910190452314
Ywhag,1276.9434644320977,1148.8306287573528
Neat1,1281.3409248531088,1155.6111697628176
Rpl15,1279.3990317158325,1155.173302087554
Nfe2l1,1280.9493356732885,1155.3259325433933
Cox7a2l,660.0037828822145,684.9275291612039
Emp1,670.5983638326861,689.3385045411951
Tubb5,675.4579631254298,690.1561600016994
Pkm,683.422605876902,713.9723052476921
Eef1g,687.1865663033791,717.9975958528453
Eef1g,693.2402519965786,718.5534373863718
Eef1g,696.1911974919224,722.1520425140786
Ywhaz,710.7994629887817,726.5532990594447
Polr2e,712.967852276137,749.0871695716585
Tpm1,715.1332246314339,748.0582662390055
Mbd3,714.8884638511615,747.60375118059
Eef1g,718.6228711002026,741.8085353561464
Pkm,721.5330051904667,756.992504045276
Txn2,724.4543450482101,765.4947965116806
Eef1g,723.3661084002586,768.1126409668782
Eef1g,726.9044001250205,772.6195642038241
Pkm,728.7571391718474,758.6473373023913
Eef1g,732.6363064179077,767.1264273023515
Pkm,737.3945344779825,762.0490916226495
Cox7a2l,737.9327561688074,784.8140987179233
Emp1,741.9368435357649,785.0236682259297
Pkm,743.2426099894913,765.1210057955816
Eef1g,746.7677184165402,770.869294017087
Pkm,749.6781805494426,889.5266780161484
Emp1,751.2801712628786,791.0623501461375
Cox7a2l,751.5789066778816,798.7711150679155
Emp1,752.9136901146474,810.8529881222714
Ube2m,753.8273255151089,887.2316910739287
Ywhaz,757.1494443351005,769.357377862916
Eef1g,758.1638696401404,900.6578303407949
Emp1,758.4430745899338,816.3605214612892
Eef1g,758.9624599659265,782.9359723914255
Rab7,759.01586681398,803.8706680342749
Ywhaz,759.7048994136446,820.3289162478484
Eif4g2,759.1195010680202,913.6299842485538
Cox7a2l,760.040850723391,847.3003333838506
Snx5,760.7204363916261,846.7244213857507
Rcc2,762.1584623464681,838.9094050040374
Tpm1,761.94823886556,794.084246435328
Cox7a2l,762.1625168465243,830.9523813369645
Uba1,764.6450046290676,876.8235740480009
Ywhaz,764.6577534279033,866.663661881373
Zyx,765.3525907924931,866.3785853291819
Efemp1,767.6061549132374,863.8243554947152
Cebpd,764.1659716239528,867.8919279646954
Pkm,763.9257394423511,792.9082547588107
Cox7a2l,764.6267011434694,859.4186783256811
Pkm,766.9253311943806,876.5884855241492
Eef1g,766.8921839718371,828.2949090839372
Ywhaq,767.0689257381293,827.3106503183393
Actn4,768.546669022949,826.5403780921042
Vim,767.0868507215414,827.1927197985949
Maged1,765.7245985519497,812.6052737136577
Hspa8,765.9943489562164,813.3736404292156
Emp1,767.3708636916663,806.0148277297905
Ybx1,768.9336983069662,807.0007881461617
Eef1g,769.4326554644675,866.2370700982763
Cox7a2l,769.2526201189237,790.1999800216856
Cox7a2l,770.3625280256861,846.0554256163459
Eef1g,770.314540701417,932.4098371996648
Mrpl20,771.3886655312085,905.5020756471008
Tpm1,771.164361739911,895.2842414303402
Rab7,772.6647642695168,942.5497690173626
Vim,772.1128845704865,818.9208120139772
Tpm1,771.7419651856867,820.127789146393
Rab7,774.4459412223773,810.3772135013202
Ywhaz,775.5285975312947,889.0904455728395
Vim,774.5114822971793,842.0125670123603
Ywhaz,774.9039589563106,932.4810730205268
Ybx1,776.7049845914889,857.3259930874974
Mrpl20,775.6656174819728,858.2126118742191
Pkm,776.4598225326376,849.753469801198
Eef1g,776.4133656203235,844.9801631704411
Emp1,776.2614936401599,898.9999093449813
Raly,776.9297324401821,869.048926766139
Zyx,776.0376630922235,868.5744273843299
Pkm,776.7659727427358,883.379012698297
Eef1g,777.5864933482897,919.8249756515512
Pkm,776.9130431433357,937.1923553247086
Pkm,778.230194909546,854.9967495696142
Pkm,778.2430570161296,846.0164326602378
Tcf25,778.7902966575979,793.6885935844332
Rrp1,779.6715602787123,792.6672843025985
Pkm,779.3340913548338,794.1571592339873
Prmt1,780.1002543098768,794.758670497298
Emp1,779.6136089342235,836.1716021019374
Got2,780.8910913586564,868.6872400679854
Pkm,780.8163173652508,910.6256516453052
Pkm,781.4078484184406,932.4784378302036
Trim28,783.3145598756853,937.8756109457366
Tpm1,783.6109589990476,937.7237908253148
Rab7,783.7311608131407,899.8278927711589
Trp53,782.8926985871511,875.0538475639285
Eef1g,784.1114605425984,875.426279897344
H1f0,785.3774225120312,832.3311054193377
Pkm,784.7018462498708,906.9595236600342
Pkm,784.7305895870604,902.4150136765934
Emp1,786.1692684669305,964.4650444844154
Pkm,786.8283003627571,896.0402920588704
Rab7,788.0534549084564,855.9933920225725
Gpi1,788.9018974068322,808.6704253293908
Rpl18a,787.9452064273796,808.6172512793263
Eef1g,788.3577686672899,943.820293328352
Pkm,788.6144703815022,888.5439347216603
Eef1g,788.6540534422962,959.0502297221738
Hnrnpul1,788.1368673219164,967.630352255496
Eef1g,789.3206604094983,968.8317932120516
Eef1g,789.7905692780656,862.0560956350741
Eef1g,789.8778787640681,854.361039928159
Pkm,789.8209421552866,919.3595555942786
Pkm,789.6867231664035,909.6300746186488
Ywhaz,792.688684482825,859.5524713031742
Ywhaz,792.9961035675508,807.1491155349527
Pkm,795.2049265826886,979.3744863426
Eef1g,795.2348068724037,866.7227325647958
Rps6ka2,796.2051467623988,827.8879371076646
Rab7,797.0964087624287,851.6429397625443
Rab7,796.9260597072127,820.8449566246313
Emp1,796.9739259294995,868.4379821693785
Ywhaz,797.7588399499375,839.63109641933
Rab7,797.8635522139961,814.693247762569
Cox7a2l,798.584988830746,970.577571570736
Raly,797.873008416453,861.690647993325
Gsto1,798.8055418668667,921.0733285750648
Mtch1,797.4897920840175,920.9663312984565
Ctbp1,800.0826238593868,921.19784182521
Rab7,798.212811363913,921.3907038875064
Ybx1,800.1817077309229,953.2702532544972
Emp1,801.8403357193392,867.5293597825159
Cox7a2l,801.6005160522475,984.6170604585412
Eef1g,801.7348170263592,842.1619204662534
Emp1,801.3019543286376,855.512709055525
Eef1g,801.686916502416,832.1374019684022
Cox7a2l,802.0986988498979,915.1261553403318
Cox7a2l,803.2050456495904,826.9933975956536
Pkm,803.9372796361214,988.3193941980784
Hspa8,806.1999871460649,903.2445118157132
Emp1,805.5848468712495,910.24372181676
Pkm,805.964158539881,868.8160900601347
Psma7,807.5931698247679,890.2439952689464
Emp1,806.0173736779956,969.3405800396516
Thy1,805.1318195466063,969.8065330210718
Ube2m,807.2894907229696,844.6799478246392
Tpm1,807.1809573893823,816.0522982463344
Tpm1,809.009570847028,950.3927533047312
Pa2g4,809.1299714834765,811.1220097597109
Tpm1,809.8636115492156,848.9599096045673
Eef1g,809.9326950320991,827.3431688644098
Cox7a2l,810.6240005336847,832.1753765768984
Emp1,810.7980301164756,861.8644824103562
Ugdh,812.5178333800138,883.5940181559495
Eef1g,813.0319425689286,854.7912120293685
Vim,812.0059429033159,998.0055501015192
Cox7a2l,814.2760198958407,997.6753764307116
Emp1,814.8970639681892,965.8713690004475
Pkm,815.151330170158,871.5343641689478
Rab7,815.2144636160431,817.667248489322
Pkm,816.6008794437727,930.281556751962
Emp1,816.5889821597023,921.4224526900742
Tpm1,816.7883161573757,858.8660462716269
Emp1,818.7564593431678,1000.8216501305446
Nap1l1,816.8665969755413,823.9929998793166
Rab7,817.7255814269066,823.4916550734076
Tpm1,818.9113306400076,1015.5650148108016
Nr2f2,818.0948380352729,853.8822781274087
Rab5c,818.4746709391698,853.264274299672
Hspa8,817.8971774118154,853.6983688296889
Eef1g,819.1743764176522,894.3310080323049
Emp1,819.7864050697427,888.4719381398382
Pkm,820.0467658557408,906.0102819582356
Pkm,820.9760912640256,1018.0065063202576
Pkm,821.4463150812655,867.6747612457787
Pa2g4,822.1871909436128,1028.9684687828474
Emp1,822.1956274557901,845.032222926331
Tpm1,822.5970589571886,974.2278280513611
Ube2m,824.104629825901,922.4895303343832
Emp1,824.1704579623649,886.4985724112864
Eef1g,824.1525797558268,879.5123851191236
Ywhaz,825.2195932323118,828.9244589750891
Cox7a2l,824.3750774902849,856.2423173668107
Pkm,825.069643371647,863.1817759816839
Ube2m,825.5697791829053,1006.2539749685272
Cox7a2l,825.8438292688672,981.9204063166304
Pkm,826.3063482707862,1011.7505525143812
Emp1,825.4434605648792,868.8303447131724
Eef1g,826.674349493418,997.1459838956546
Pkm,827.1394380920511,920.6360759125598
Rab7,827.7368573431236,883.8044670983302
Emp1,830.8583941589561,976.9172553278008
Pa2g4,833.8227813815945,890.0118111286313
Grina,832.3454435133636,890.2172765375713
Emp1,833.2664101048563,983.8511443508992
Emp1,834.1911526078375,967.9078819378096
Vim,835.139034144464,1033.8446749948434
Pkm,834.6265054396353,843.745469751595
Eef1g,836.0042649365294,1022.3228152457594
Maged1,837.7376286868051,1026.7378892352788
Emp1,836.9843117330608,1026.34711780943
Trps1,838.0404370101753,1027.4805325696116
Emp1,837.4420993986148,882.7879444965947
Eef1g,837.7917010724286,938.6913740613188
Cox7a2l,837.7982727839856,856.850074690994
Eef1g,837.9894110069538,1050.0617259940022
Emp1,838.2939325917957,934.121508900112
Sdc4,840.0658371544088,992.3752903215284
Eef1g,840.7947580879184,1038.305342284331
Emp1,840.1341264708346,966.9625932215926
Emp1,841.4623591533361,944.7608340266938
Pkm,841.7234320265268,873.8026439220292
Cox7a2l,842.436541730798,1028.1472732985706
Cox7a2l,844.7529486362087,1010.4235038814296
Ywhaz,845.5177714730564,858.5811057595394
Emp1,846.3201949905755,882.4938564273845
Ywhaz,848.4424650790186,918.0103167321824
Emp1,848.7312668008545,940.9491548760864
Eef1g,848.8934500787462,862.5745919414243
Emp1,852.2103304432558,866.1733027146462
Rab7,852.3581882878269,1041.833510223927
Eef1g,852.8615533191121,1060.3757449554234
Gsto1,853.2155038063443,860.0548746775402
Pa2g4,853.7114793034252,858.9472950554201
Rab7,853.4828084300336,1028.2930307871104
Ywhaz,854.1217026967422,916.1263058007958
Pkm,854.1422932028873,1138.062313086968
Pkm,856.2916507833828,1067.4317027542788
Ybx1,856.7372306011157,861.9152099070136
Eef1g,857.3116689638475,1138.125244118325
Cox7a2l,858.2914828840948,878.2525996914734
Eef1g,860.0273508334998,879.0167069693267
Eef1g,858.4375107514935,873.2412978741743
Pkm,858.0974048907359,917.7396518280148
Emp1,858.4538061550232,901.3391964932472
Emp1,858.7694426114995,942.971716783174
Tpm1,860.0992702326619,1030.1151016364634
Emp1,861.8532956039154,882.5156529043597
Emp1,862.6573580308185,870.5581474753305
Pkm,862.8602229710245,862.9546679624538
Emp1,863.3466721046145,1015.4791789808048
Rbm3,862.7378468368729,1015.896014167794
Emp1,863.3308229885473,977.1305323368808
Pkm,864.4384560352636,906.6923459045698
Pkm,864.9988345632667,991.5358645775812
Pkm,865.66926817584,1149.9425520429943
Eef1g,865.9832221980555,1158.5945808928836
Eef1g,867.7314182384914,941.4494381935448
Rab7,867.8453939814199,861.5443216213137
Ywhaz,868.0719845521629,1095.9675702470304
Eef1g,867.7966604845006,930.9134352774038
Emp1,868.4397788797332,900.57966862689
Emp1,868.8173056958483,1041.9927829225394
Eef1g,869.3547268382408,1052.8558662326611
Eef1g,868.4516048038276,922.0952738273596
Pkm,869.3561356919154,876.0137295494153
Ywhaz,869.868355374379,950.1864320857388
Pkm,869.8677509852441,968.7907840252748
Eef1g,870.7206134565249,1037.680922292616
Csnk1a1,870.9783323508391,1037.7949386317491
Emp1,872.1713686344075,895.8813592936915
Mrpl20,873.6830801138768,1043.3491000255494
Ube2m,874.6835991162349,967.4044957725472
Emp1,875.7178239573556,1006.8274509857364
Ywhaz,875.0444888666464,872.1622837855806
Junb,876.8166067568978,1092.8137399579382
Emp1,875.1531449366208,1014.7337985336534
Pkm,876.8687167270043,949.7052073414438
Eef1g,876.1436305144659,930.4550123833192
Eef1g,876.9227770497357,1159.8198614668916
Eef1g,877.186462104285,1075.9152585817292
Emp1,877.603133476946,885.6366307767087
Ywhaz,877.6100520128275,893.9777382424381
Emp1,877.6029221819546,923.058107089906
Emp1,878.0326360181667,962.0216652809152
Emp1,878.5300593180757,1032.7619139151077
Rab7,878.6106726259871,1163.1120765398211
Emp1,879.1252190404193,1008.2261479722648
Eef1g,879.2215267023887,873.8060044957862
Emp1,879.2255771925181,1022.2021908384868
Emp1,880.6903545712098,935.7859949553506
Npc2,881.6443234605767,1063.6275991156265
Ywhaz,880.6350679924942,1067.966612417966
Emp1,881.500744704348,896.2918883103023
Eef1g,881.0111120715833,882.3312874517244
Ube2m,881.2088790062624,888.6719661466109
Emp1,881.6878133681678,966.8088618025652
Pkm,881.8047122158974,1070.8140992517356
Eef1g,882.2246812941003,910.0247663450214
Ywhaz,882.7983104225746,1087.1821564453903
Pkm,883.2231441377826,1036.1253868103686
Pkm,883.5084936562191,1053.635626780056
Pkm,883.6887197793772,1047.93434410777
Rab7,884.1987439424915,1167.5665503366913
Tpm1,885.2603870861087,1148.5512927984755
Pgrmc1,885.6831604256188,1123.640143592281
Ube2m,885.8616206117151,994.5568931761812
Emp1,886.1264150340282,1005.4066908527948
Pa2g4,887.2146716903841,1083.3038895456762
Eef1g,887.5032919342226,1164.8267259183667
Cox7a2l,888.8503279617983,1129.155982803794
Emp1,888.2756657330192,931.0876827290448
Emp1,888.3617465050911,1015.136705631898
Pkm,888.9403555671753,880.4021161673134
Tpm1,889.0880143164105,937.8618567990696
Emp1,889.6461779951212,1032.5191845574343
Pkm,890.4622689662489,1137.3712748438843
Eef1g,892.207715950309,1155.4099011471442
Eef1g,892.1846970795315,1017.346276515769
Cox7a2l,892.6624231805101,1081.8265373499444
Pkm,892.9943294932048,1046.35786531034
Emp1,892.8672437397606,967.0374590087808
Eef1g,895.6485564684351,1137.095382050456
Pkm,896.1333667257992,1118.654042772408
Eef1g,896.1587700591937,1113.2992765578194
Emp1,895.8397538697977,1024.2227108890709
Pkm,897.5218433879122,1094.8310603834482
Pa2g4,897.3203259159199,1059.177120866697
Emp1,898.0247039065168,938.0664002045684
Emp1,898.7095527908035,917.1211791211232
Emp1,898.4329295227282,925.9951012476874
Tbrg1,900.3487951566451,1045.3293788566643
Hspa8,900.5879909859237,1085.5158364410745
Tpm1,902.2788452602764,1109.7596034817595
Emp1,901.404203985286,1040.9979489159032
Emp1,902.1816874659952,967.7793485402932
Pkm,902.5214958332136,919.976814454194
Emp1,903.6782130777164,926.8792278809934
Emp1,904.7919651358756,973.2628061337404
Emp1,905.8031458642472,1023.2906311872296
Eef1g,906.114133542152,1098.5114110267143
Pkm,906.8509009547596,1103.0959351798026
Snx5,905.4774720025124,1076.4821274331102
Sdc4,906.4258995466664,981.4414587617508
Emp1,907.3728868864798,981.3424780353032
Pkm,907.6360928774866,1083.3234664509048
Ube2m,908.183735996863,1063.9047539418532
Pkm,909.263092356598,1029.6499072699316
Pkm,909.6360477043396,1070.7112025388724
Rab7,910.0119679731264,990.8659464634288
Cox7a2l,909.7956322821904,928.6590335342678
Pkm,911.272921391728,1010.4287704147574
Emp1,911.2632487331724,1058.82854936683
Eef1g,911.9215704617616,956.3146996175484
Eef1g,913.7026261030696,1108.1015801510416
Oaf,914.522931106574,978.5387229654154
Emp1,915.1092763147254,920.342673263282
Emp1,914.506836716887,926.9058733968428
Emp1,914.252007383502,1026.7130481200256
Emp1,914.811709943604,973.7592967973568
Tpm1,915.55041086162,1093.6968154263254
Emp1,915.9947756831216,1032.6944408439708
Pkm,917.0392003047344,1020.1623167065468
Emp1,916.8126041609164,934.8068153260714
Pkm,916.8415528794596,1101.0928306916255
Nr2f2,916.164453436064,1103.1012947425656
Emp1,917.1840784295464,1064.6646986331252
Emp1,918.4606650231708,931.2536376609056
Csnk1a1,917.3913318305916,931.972288570914
Emp1,918.872091078886,961.9855434460028
Rab7,919.5399395486744,909.071424113792
Mrpl20,920.3106654773449,1096.200429315418
Vim,920.4227370759633,1062.1805318679928
Emp1,922.3493111128644,933.9318820223308
Rab7,922.44430446497,1090.6243142628773
Emp1,923.965363067868,1075.0265362826908
Cox7a2l,925.0824510467876,984.871912447232
Emp1,926.3731223804068,1004.5209519518162
Emp1,926.7760082037404,950.5931701733724
Polr2m,929.631836121168,915.5088721180445
Pkm,931.7728276412918,1086.2565312403938
Ybx1,931.9384818279228,1072.8170306725108
Emp1,931.6308608016742,1052.6846208280335
Eef1g,932.9290479323438,1049.6614656709494
Emp1,933.8000787294744,1010.266582391175
Txn2,933.489776884186,1085.6902628325536
Oaf,935.0799589486164,979.2668036099057
Cox7a2l,936.0718375232044,1086.1782591617243
Pkm,937.9941204368886,953.3832496106678
Eef1g,938.1023122923384,1064.6060545024393
Eef1g,937.6058760447864,1069.334895874461
Ddx17,937.0247378461928,1070.117977062024
Pkm,939.5862364963726,934.282815469286
Pkm,939.7792730904756,1081.6922127716325
Pa2g4,940.9179000512934,1055.2794896214257
Rab7,940.9736135768344,944.7614365516482
Pkm,940.4485698159252,1078.118968949683
Eef1g,942.3697079297492,1089.8378809798674
Pkm,943.237438596236,1084.042893186213
Pkm,944.56183927543,1063.3993426003688
Eef1g,945.3506184201748,940.7625118174608
Emp1,945.5124200272894,1065.9332475566634
Hspa9,944.4753722055792,1090.8427071387478
Emp1,945.3167030265388,986.8971262712192
Tpm1,946.2197418791897,1087.9280492451078
Eef1g,946.8967192981072,1097.7132158277625
Emp1,946.6655026333808,939.1833194273554
Emp1,947.0215670499842,1027.242544364457
Emp1,948.1901519043269,1091.7269016711648
Emp1,948.7524471225132,1034.13650668201
Pkm,949.9589238936716,1079.4826985994955
Eef1g,950.3058706949604,1001.3584981678828
Pkm,950.5500170855978,1097.3249460377594
Cox7a2l,949.5901653690156,1091.60703348768
Emp1,950.4933386958486,1011.4191143751405
Pkm,951.0004351711837,1065.503636489162
Emp1,952.8936977771624,937.5492785680374
Pkm,954.0693415052236,1082.8559828943914
Ywhaz,952.87789515856,1032.4403351271371
Emp1,953.926100521254,1040.9743471265851
Emp1,954.9887744609624,946.8825649949416
Pkm,955.3639630219634,1047.668479303867
Emp1,957.426477452684,999.5370774799918
Cox7a2l,956.792152648586,1001.7920976583708
Emp1,956.1866682266004,980.2839140146618
Pkm,957.3940009068112,1020.7935902381104
Tpm1,958.5278863935569,1012.9973518566768
Eef1g,957.7789990878885,942.1147281750194
Emp1,959.5955149399616,956.2136437007658
Emp1,960.3008670697892,1038.4295496505144
Eef1g,960.1113515766176,1076.532225906972
Ywhaz,961.3228503776052,1028.4133429977735
Emp1,960.824447946571,1013.784632532208
Rab7,961.8789310199272,1096.0168078147744
Pa2g4,961.81812075734,1024.0556608882025
Rab7,962.1605070582788,941.1544829172514
Mtap,962.2875598519556,941.3593486246308
Vim,962.1887216557344,1060.6958173475152
Ywhaz,963.3786109984972,1061.177714896293
Tpi1,964.1213323405514,1061.3356674523234
Pa2g4,963.3227519284166,1067.6981918887484
Pkm,966.3513401648992,944.2525090638576
Msn,966.8675504666384,1040.8696191037473
Eef1g,966.4961963445032,1039.855578820822
Emp1,967.3616969740904,952.49354436717
Pa2g4,967.5036235925138,995.5641412107384
Pkm,967.2122799701352,1026.5031397201274
Tubb5,969.7126430801072,962.9835113079964
Eif4g2,970.235427931814,961.2698586762958
Rnf11,970.4583946570106,1065.475282862561
Rbm3,969.793142874025,1064.7812998299346
Ywhaz,969.6539797991518,1064.5540058387642
Eef1g,970.953547091176,1003.6062753325488
Vim,971.6628871314564,1070.2978033321424
Emp1,971.3836599345924,1070.461016283188
Emp1,971.7001310106756,964.5849522852852
Pkm,972.460851378848,1080.2860765451633
Pkm,973.8515134425596,1058.823639473657
Emp1,973.961124727143,991.177476413186
Pkm,976.3441777245916,1085.3382276534523
Eef1g,975.9344173488188,995.910206256998
Ywhaz,976.1155359797071,1002.7244649856824
Raly,977.607533917258,1002.8096169038348
Rcn3,976.9089413870284,1003.09038711211
Eef1g,976.5546031583244,1087.5406047457595
Pkm,977.6380254083222,1043.6361834235688
Pkm,979.064374838633,1093.6243060378797
Naca,979.1860867810173,1062.416087214537
Emp1,980.0654661826912,1039.1577686891233
Pkm,982.3098202550008,1092.9596968923202
Pkm,982.3477098304264,959.3390965175706
Emp1,982.6305577949136,1006.2057651066026
Emp1,983.536429589845,999.4874052536072
Emp1,984.8834195286474,991.7789257680864
Emp1,986.4541723916876,972.909513321202
Msn,984.6488107722264,1054.8517159965672
Emp1,986.1635980872496,1055.6334947986306
Uqcrq,984.7438200552986,1054.615605710194
Cox7a2l,987.684907774084,983.1246072931928
Loxl1,989.717838909804,1030.821914050358
Emp1,988.7270891198198,1031.263305669068
Eef1g,988.2114001420096,1084.6594678906586
Emp1,989.6341933420628,998.571642750419
Eef1g,989.4523150490852,1096.6034944849414
Pkm,990.0864746194904,1063.1179343866297
Emp1,991.453404863946,1074.0978511920357
Eef1g,993.4983564030488,1017.3486163177456
Emp1,994.127796357086,1007.0436639609396
Mrpl20,995.165181260546,1045.9825608020103
Rcc2,995.4874193307066,1083.950225604546
Emp1,996.3703416103848,1036.8971541886813
Emp1,999.1713734953688,987.3722435248728
Tpm1,999.1331228770448,1048.1278022901208
Rac1,1000.101946119708,1073.4942488924744
Pdia3,999.0175870421594,1073.449597956869
Thy1,999.8348320458188,1074.3295142037107
Hdgf,999.7015111260516,1072.8240996473255
Emp1,999.9484186118366,999.9547968846546
Eef1g,999.8808088237428,1016.8246653225438
Efemp2,1000.5544108621012,1003.2360529080412
Eef1g,1001.6434171001226,1095.1904216613189
Thy1,1001.9986315806044,1062.1831033716494
Rac1,1002.5115498680344,1062.19905082162
Rab7,1003.0485715517938,1072.4950478038525
Mtap,1002.2952223396422,1092.133844003861
Ncl,1002.9978696376966,1090.8044620416822
Eef1g,1002.981330814852,1090.3541401649543
Emp1,1003.271406328209,983.2298839968864
Tpm1,1004.2226412052412,1012.2131417168844
Rpl21,1002.5623523676688,1012.1944363713234
Emp1,1003.8966732289516,1033.368221597872
Eef1g,1004.4983948539248,1079.8300896425976
Cited2,1006.4739109572138,1018.064207130244
Pkm,1007.6607036429696,970.736155266065
Pkm,1007.4913117314724,1004.419350320278
Cox7a2l,1009.7410337635072,980.6391345270132
Emp1,1009.6720654468152,995.003898163307
Eef1g,1011.5719134208052,986.2183573989118
Pa2g4,1012.5085451445934,1001.3101927652684
Ywhaz,1013.4296014910508,1009.4755116820672
Pkm,1014.07387196813,1029.638663167091
Eef1g,1013.4333015143555,1055.0109016413048
Pkm,1014.4703565316586,1038.468958030056
Timp2,1018.1757911776406,989.8983727043444
Pkm,1017.3811053760872,1018.4461953849292
Pkm,1020.1531808474772,1041.9152136321536
Emp1,1020.8925573080744,1060.2945056834874
Eef1g,1020.8059703055202,982.335025866735
Eef1g,1020.8788379221992,1076.280842110515
Cox7a2l,1021.3902318714198,1068.227409402397
Emp1,1021.8643760167248,1062.575990157933
Pkm,1023.5998095311528,1035.3937202887205
Emp1,1025.961589307569,1073.6100841521231
Hsd17b12,1027.4979162846091,1002.7914523818848
Pkm,1028.03445834458,976.8276453102778
Pkm,1029.1795317896965,990.0182305273554
Eef1g,1029.4476731095258,1013.1070340648414
Emp1,1030.4709903138737,1082.9139633115833
Pa2g4,1032.486737524082,981.8858392995731
Eef1g,1037.8157302831532,1003.749115480302
Pkm,1038.261876089808,1057.1027549716496
Rab7,1041.2316852499969,1011.6970024040812
Ube2m,1042.8185573110563,997.6769179020372
Ywhaz,1043.529554586181,1000.1431719105474
Pkm,1043.7212738260046,1067.1369407018426
Rab7,1045.3578754897703,1057.9724301070837
Vim,1046.085826347657,1059.5216702694147
Tubb5,1046.920132957096,1058.356871214419
Pkm,1045.829098704728,1079.3493577013214
Eef1g,1046.192732505492,991.2765819270264
Pkm,1045.9579020965025,1089.761488291425
Pkm,1046.3264210142197,1009.0651904840508
Eef1g,1047.5047096350004,1022.8578044566608
Vat1,1049.3919332797848,1035.493653053548
Tpm1,1050.7057912413013,1069.0332091197215
Rab7,1051.8688858847895,1084.9052784513776
Ube2m,1052.7670415308703,1079.822574221111
Ybx1,1051.470042889963,1079.9656475945749
Eef1g,1052.6633383380652,994.6927579407476
Tpm1,1053.7012898542166,1005.9765692821204
Skp1a,1052.5061508475228,1016.853639608627
Ube2m,1053.7475091562285,1018.0369896375324
Cox7a2l,1054.126699272821,1090.5880819354616
Ube2m,1054.4337792394754,1069.0958423023153
Pkm,1055.8542984191686,1050.7432494472794
Emp1,1057.1037159806178,1072.479551943478
Eef1g,1057.2878512505165,1100.9639867576675
Ube2m,1057.674161147476,1060.2647731736306
Pkm,1057.6933004537375,1043.8709932252805
Pkm,1058.71206545117,1077.8478461672814
Eef1g,1059.820746372554,1056.385376849978
Vim,1059.5394042528617,1066.1834860885765
Pkm,1060.5347731668498,1040.142504461938
Rab7,1061.624727416071,1046.5343846464716
Eef1g,1062.7523565056422,1102.2350863342797
Pkm,1063.010481754444,1000.0369082908572
Eef1g,1063.1527301513408,1059.3958367211355
Tubb5,1061.577229266096,1058.562490881222
Cct5,1063.1753516932622,1059.0892605268955
Cox7a2l,1063.8008891023785,1007.8960918140874
Ywhaz,1064.5477976901211,1044.5143579690034
Eef1g,1065.1068591333233,1108.0721166416122
Rab7,1066.7758229634412,1003.6315638078598
Eef1g,1066.045467089621,1048.615488881944
Emp1,1067.035370878531,1085.8696070267456
Hspa8,1066.2470368712084,1096.700066443699
Tpm1,1067.2624211396142,1021.2578523207908
Pkm,1068.224824978894,1064.6895067716655
Rab7,1070.209008473665,1082.143107978716
Emp1,1070.2465558872673,1047.8050076593483
Eef1g,1071.3883266350465,1093.5213292557569
Pkm,1071.4604384786348,1008.616076120608
Emp1,1071.798715823188,1014.5585456225272
Rab7,1072.7337564805457,1035.7331098807606
Cox7a2l,1074.7951932971218,1065.3585907527022
Eef1g,1074.1478537860216,1057.5312559802865
Ybx1,1076.911451748454,1042.9680251932486
Rars,1076.6050414568324,1043.3935552996095
Mtch1,1076.4601352239465,1043.3871317362746
Eef1g,1077.620158912927,1012.018426201612
Pkm,1078.3869371099029,1064.2941934231444
Cox7a2l,1077.8931259800029,1019.114889224468
Pkm,1078.2788381450364,1070.6244888139945
Pkm,1077.8373434833352,1024.0616380527008
Eef1g,1079.9864166443217,1058.1404248719546
Eef1g,1081.0610092305387,1038.071982949767
Eef1g,1086.1288524304352,1084.308433372898
Tpm1,1090.2603644175388,1055.5222687933278
Eef1g,1090.1288731496747,1103.6614546452315
Eef1g,1092.0206911507837,1117.6092489564992
Eef1g,1091.720069762827,1061.4503371968835
Cox7a2l,1092.6139301413098,1071.53853759279
Cox7a2l,1093.7796365296113,1078.5162395893426
Rab7,1093.5020968110389,1046.797882090979
Eef1g,1094.2480994809223,1039.111296381495
Prrc2a,1094.028372923614,1028.0954617824184
Pkm,1093.8404387713551,1028.541901890639
Ptbp1,1095.284958721615,1026.7159314131095
Eef1g,1095.4804939678093,1084.9148214552674
Pkm,1096.1833692969346,1065.7635958751334
Cox7a2l,1096.210657096046,1092.0434713189366
Tubb5,1096.9821702489346,1092.1038327560643
Pkm,1097.8804921658434,1040.4676004065925
Ywhaz,1098.2137066614848,1086.8050495366724
Pkm,1099.141755996564,1046.2262262855625
Eef1g,1099.823827199783,1111.2068797773736
Pkm,1099.8334073733831,1084.02147573755
Emp1,1099.858019420706,1106.517083589078
Pkm,1100.7715473107276,1116.4780936003476
Eef1g,1102.2422608014128,1057.0500391167343
Eef1g,1102.3962072407728,1112.0635883194443
Nedd4,1101.7530186343972,1052.0641883007634
Eef1g,1104.525825066169,1081.6711664990682
Eef1g,1104.9462978416525,1049.6607003513916
Cox7a2l,1106.1746311469997,1127.6048760875442
Eef1g,1106.7698850597124,1033.501041644249
Pkm,1107.4074537039828,1041.6723608056066
Nedd4,1109.4211648015382,1103.53624289786
Ybx1,1110.4598200272492,1103.3369933688514
Eef1g,1110.221279035442,1095.985853023963
Nap1l1,1113.5328984268388,1075.6568569337487
Ywhaz,1113.520997355607,1077.0975851659043
Eef1g,1114.5286165279597,1125.4425024140437
Emp1,1114.716018589087,1085.115609406621
Ube2m,1115.6993050976696,1033.2571001373892
Tpm1,1116.836022027131,1059.3591959830335
Ckap4,1117.865130308244,1033.3590236063508
Sdc4,1116.5469534352785,1034.211416060354
Pkm,1119.757269280391,1083.4273695027136
Eef1g,1120.2061874563424,1070.9825153700588
Gsto1,1119.477699467962,1067.4331960723905
Got2,1120.8628929663826,1099.8822207350604
Ywhaz,1120.9532723527832,1073.2792769200978
Ywhaz,1121.1835943510685,1138.6966628304322
Cox7a2l,1121.5979069897949,1044.1930325346734
Vat1,1121.209244514186,1078.5883800210866
Ywhaz,1123.6083339943564,1121.5173453473196
Pkm,1125.6849161838988,1067.250811364146
Eef1g,1125.8701941582856,1062.383107589667
Tpm1,1126.8938575765585,1108.3766863993628
Emp1,1127.2841645629503,1081.1389098418497
Tpm1,1129.846155668617,1114.978700836745
Tpm1,1130.936657073643,1062.3813695986505
Tpm1,1132.0188922543257,1085.2034210474897
Ywhaz,1133.8738222088527,1071.0099322819117
Eef1g,1134.1069197945528,1047.1797369837311
Eef1g,1135.1590537326151,1137.746937580088
Pkm,1134.9591681280324,1062.7322659721065
Pkm,1135.321905431534,1128.9578380882351
Emp1,1135.6789047310842,1077.6805866844957
Rab7,1136.628194190907,1111.4870193347426
Pkm,1136.3053526777971,1055.7006474804812
Ywhaz,1140.501874455835,1112.802108048499
Rab7,1144.9386246207096,1074.111311335542
Tpm1,1145.4643592830894,1077.4460724171222
Cox7a2l,1147.0859146156004,1122.923781672598
Eef1g,1146.4604421733586,1059.9729945141992
Emp1,1146.647670738592,1128.6171300615124
Eef1g,1146.8133412763316,1085.0361348773106
Eef1g,1149.9427694203837,1070.4905026083795
Pkm,1151.6741459592797,1066.7969160668006
Eef1g,1151.7334470103333,1090.2657907504197
Tpm1,1152.396266173038,1126.7059876943215
Pkm,1153.7798359037936,1049.8660047174883
Hspd1,1155.326273173865,1094.203429425167
Ywhaz,1155.7810935731236,1144.3613030999882
Pkm,1155.8470167164935,1075.2946808427273
Tpm1,1159.2482607303014,1143.5095850042983
Eef1g,1161.1972358823846,1078.017353298592
Eef1g,1163.947183176241,1129.404519315301
Pkm,1168.0294926533757,1088.3497967649523
Eef1g,1169.7626468686872,1043.327382343364
Rab7,1170.1215758787794,1147.444666633341
Pkm,1171.0206452882749,1163.937260203291
Ywhaz,1171.1008203686756,1085.4224391862226
Eef1g,1176.027060205396,1135.6750195259992
Rab7,1175.0732055642695,1146.4755027566234
Eef1g,1175.8572147491282,1104.181836139605
Emp1,1175.7189335103506,1166.0451666591111
Pkm,1177.23359125643,1133.1977585351149
Pkm,1177.5173727644294,1150.975352735
Pkm,1178.3651374743893,1093.6807478556127
Rab7,1179.673898681547,1102.92270716356
Mrfap1,1179.4736130580086,1133.3597039191752
Eef1g,1181.8379993094898,1059.643818760141
Pkm,1182.14317758364,1155.649350131442
Pkm,1182.7151116676507,1043.7762875418052
Pkm,1182.1878018314471,1101.3200023179993
Rab7,1184.0193411846597,1095.0119951795607
Hspa8,1186.7122477754851,1097.1793994666032
Eef1g,1189.0407358454097,1055.8291600897312
Pkm,1192.09321276433,1060.0098544078082
Eef1g,1192.7353035698402,1075.734333116097
Eef1g,1194.9226633793874,1055.276659713355
Eef1g,1196.413722342234,1064.229479627964
Cox7a2l,1198.1880270157903,1071.8542297587094
Eef1g,1201.7755489202932,1067.1548403535437
Eef1g,1202.0587223937482,1050.2339298209558
Eef1g,1203.9226186461974,1063.9347676536634
Rab7,1206.9509866511355,1061.520544728959
Pkm,1211.0308930549872,1108.3646278830763
Pkm,1218.3246523703303,1059.101497648954
Eef1g,1220.6613031026927,1090.6517318322876
Eef1g,1223.7993208418857,1226.6394019240247
Vim,1223.91051144519,1112.579202910095
Vat1,1223.613996752406,1112.8563577089817
Rab7,1223.9508585020508,1112.826303520597
Pkm,1224.1719747806828,1119.2916323467673
Ube2m,1227.7959258929704,1121.2680940816315
Tpm1,1228.6130496105932,1124.256265388461
Pkm,1232.2896912404954,1246.3437575969444
Tpm1,1236.7982791631923,1254.9986102226069
Pkm,1238.9282611860986,1133.2907637808908
Eef1g,1245.3057737898755,1136.8188056090062
Eif4g2,1246.0143031787547,1244.3291624006165
Fus,1246.640490993173,1133.7970325706842
Ctbp1,1250.566941400496,1137.604018012492
Rab7,1251.5289058264664,1138.8098820604982
Tpm1,1262.1879804170565,1156.578802663989
Pkm,1262.537544664753,1145.3869811973425
Tpm1,1273.623064819947,1152.0704017237233
Eef1g,1279.1767509460362,1162.0715432135785
Eef1g,1278.599721456044,1144.875474423741
Pkm,1281.8630025863752,1149.5522609842624
Pkm,1282.5072224993992,1153.0724331827628
Eef1g,1288.1919362760975,1148.66157447195
Pkm,1293.84850551098,1153.54273135237
Nedd4,678.8322514099698,694.8581574531524
Nedd4,709.9699958534115,743.7752989767771
Cct3,716.2581902016534,733.7624428757146
Myh9,720.6248433825253,745.2247560002505
Ptges3,722.9635069126847,755.448712823278
Mrps25,728.451882060913,759.4172708270071
Uqcrc1,730.10406709752,759.2677890155705
Nedd4,734.7756605344923,769.1226635548737
Ptges3,741.6802133064958,779.6502767916008
Cct3,745.4741520148038,801.2134412501925
Ugdh,751.2560870486287,774.6283980706644
Ugdh,753.4754588136939,890.7100213030726
Nedd4,757.5183904021947,909.2330872814848
Nedd4,760.910778804091,810.0620025281808
Vim,763.9057274229299,789.9667058658185
Ncl,762.1967345635748,793.8323718550793
Hspa8,763.0264343373221,791.9265410972033
Nedd4,764.011341266861,884.5704381144791
Uck2,764.1441813475324,911.784128000368
Scarb1,767.9473317825763,794.6100408229806
Ptges3,770.253091995863,912.8574329192616
Laptm4a,769.5187599822763,935.46061829809
Nedd4,771.3007504819773,860.3408657952302
Nedd4,773.3653099869716,880.9516789065538
Rcc2,773.7304506404572,878.3439349431824
Sae1,773.339923995884,879.2350573292597
Eif3i,772.7367830158504,879.785997597333
Mtap,772.385145577979,898.6063147704098
Uck2,774.1598699960006,898.2791522643021
Ptges3,777.76600474964,889.3884095935839
Ugdh,778.8836883932347,887.7333111763444
Nedd4,779.1820054644396,824.842672400513
Ugdh,779.0882260262964,860.8867820291163
Uck2,779.4487766226031,846.4437817615981
Cct3,779.8903068090577,932.126562697838
Gsto1,782.8044558799489,827.6996645492643
Sf3b2,786.1784584244081,897.9006355568133
Ptges3,786.8753022137874,897.0052668042895
Vim,786.6102995550133,935.421196941374
Nedd4,787.834936261838,857.4942045725323
Hspa9,788.2267797456551,875.9801585879616
St13,788.9811665911606,876.3016494561567
Mrfap1,789.9864172882612,877.4905828407889
Ptges3,788.318490649385,876.4830786389175
Tnfrsf1a,793.4327315567707,840.3091503591447
Ptges3,791.353102853977,840.9617067911089
Nedd4,793.1329786503601,817.3891165990847
Uck2,796.7071034444751,865.2613018170762
Scarb1,796.7359497303418,908.797552619153
Mrpl4,797.1039142737966,963.5107817893672
Rpl15,799.7018395600586,846.2643458213306
Mrps2,805.3387914375897,831.355042434798
Nedd4,807.4788601498022,839.3583208597504
Vim,810.1539607720603,942.705704356256
Cct3,810.023250911871,842.3634461438453
Cct3,811.7472277422995,846.2794023775097
Ugdh,813.2124038974539,852.4483455237661
Ptges3,812.7771510170002,893.1252300502663
H1f0,815.9026033305017,869.1147982695011
Scarb1,819.2768543948291,892.66054866126
Vim,820.0163489228134,1015.373327862408
Psmc2,819.2632594479721,1016.0219460466484
Cct3,822.4379436466228,857.9545847926589
Uck2,829.7277857510687,848.4070331905839
Nedd4,833.9395803221032,877.2734204257861
Cct3,834.5483035274788,985.439423062662
Nedd4,834.098248327819,1032.2304629551977
Ptges3,836.1375229727098,884.4714947504983
Nedd4,836.6636851856683,849.5727107435537
Nedd4,836.8535185474582,1026.0314433266826
Mrpl4,837.2323037208957,1017.7054636868344
Ptges3,841.6456965842676,1019.3422217074044
Nedd4,840.9009114413557,853.4338505357964
Nedd4,846.9007644973362,856.170387278167
Nedd4,849.3798267037787,955.2157639967824
Ugdh,849.79392209201,885.9072927736304
Ugdh,849.3333001792577,1027.0531947487973
Hdgf,852.2720271947104,1056.1328229977707
Cct3,855.6818023084061,1141.0360165879572
Uck2,856.3371785487589,1105.4432557115556
Nedd4,860.2331827295541,1036.9686709295574
Ptges3,862.4829002723316,1122.7023988732449
Cct3,863.4983412080776,1064.5541175391163
Oaf,862.3676699999447,1058.8259858953031
Vim,864.1965157624711,1059.0148991015108
Mrpl4,863.8378384835281,863.5035818172744
Nedd4,864.5854182644902,881.9456398690128
Ugdh,865.1775051420118,1111.2826815980711
Scarb1,866.8440342972455,926.0637355635596
Uck2,867.2334397077118,1026.0386466524187
Ugdh,868.7753653724674,870.8736322518366
Nedd4,869.2111115171538,914.5495856816148
Uck2,869.1986567764999,1108.3467636517082
Ptges3,870.8894325572912,1102.4171504274218
Ugdh,873.1913447666459,1075.578796087333
Nedd4,875.9655259625749,1057.3605039120157
Mrpl4,877.1033456329545,936.1989749486686
Mrpl4,878.0861667627701,1045.5554460331578
Nedd4,879.0976312142703,1069.34883613374
Cct3,879.2605188895341,933.1939508305568
Ptges3,880.1213512618306,1115.3865421890089
Oaf,880.3033130826911,882.3920106713597
Ptges3,881.0502383677909,883.6400542386266
Tnfrsf1a,881.8203209042482,1081.1688375045671
Ugdh,881.5947283823191,1026.830244379626
Cct3,883.8325859818192,1149.989879932361
Nedd4,883.9604337922008,1074.3666871417677
Nedd4,890.1260188223956,884.2671039967777
Ugdh,890.118807011993,992.3505976696268
Nedd4,894.0608817160223,1119.0177022076643
Uck2,896.462547324186,887.2066994238235
Ptges3,898.6558699339528,988.7732743146466
Ptges3,900.1213647223665,1056.338024780037
Dpy19l1,901.1066608611416,980.8289089706466
Mrps2,901.5504856574698,920.8082171002144
Ptges3,902.5087096617018,1097.3729275312166
Nedd4,906.5338108225257,1065.7279120521926
Nedd4,908.9200892045328,1096.4790448351268
Scarb1,910.6499525050024,920.3769874408396
Cct3,911.5952688969436,1068.145555715112
Ugdh,913.6019628126356,1098.9010292049509
Nedd4,913.2386908195816,1111.066316120014
Ptges3,913.292258107358,998.6496446697204
Nedd4,914.016218617034,1079.7413336746165
Nedd4,915.4579849128188,906.1643428899424
Ptges3,919.6901221717416,1075.206966358685
Vim,917.4884233893232,1074.8426924786097
Nedd4,923.1719249068732,909.345108349286
Nedd4,926.29876025442,1093.794860678719
Vim,929.415134632031,1086.811510523604
Cct3,928.9198597685548,1018.2278205366712
Ugdh,929.8912412201272,1093.9582639395337
Nedd4,939.5442475720246,1091.8095900851922
Nedd4,947.0808267480874,1084.0053181979652
Ugdh,949.231662061924,1060.9197209704164
Cct3,956.9921931122554,1073.9831193279306
Myh9,968.5072645448322,1031.518617404738
Nedd4,968.9909881692372,1075.1193793257407
Uck2,972.553267150805,1086.25087667532
Ptges3,982.062329496876,1079.4799169228254
Nedd4,983.1513703969664,956.0540818290124
Rpl15,984.858577880158,1090.8084334988955
Npc2,984.6416974668068,1091.0870373358007
Ugdh,989.2232243113664,1039.2036689419742
Ptges3,990.732193425408,1074.7033262636735
Nedd4,992.0138271830668,1084.7334511647068
Nedd4,993.5895910099252,1036.9462559319004
Ptges3,996.8156663583376,999.8612255084204
Ptges3,996.9796163347316,1094.6075537449217
Cct3,997.9564042492798,1030.2658140144708
Vim,998.7009564290288,1047.429610064834
Ptges3,1001.8714676117278,1019.2420989450416
Ugdh,1004.5700948827716,1019.7705455078597
Nedd4,1007.8061164316954,997.761782118415
Nedd4,1013.131869026062,1012.4106785173948
Nedd4,1014.6950726931065,982.2220913756796
Cct3,1020.8995157438236,1089.5910200295234
Ugdh,1028.6717950580726,1020.069555007418
Ugdh,1029.917177991002,1094.1660071940082
Ugdh,1029.961020132462,1030.034090718517
Ugdh,1036.3674851756125,992.535046203022
Vim,1036.3337207052268,1069.2671217247043
Nedd4,1037.0071937182934,1056.35023076955
Cct3,1044.6606926689203,1006.515618596924
Nedd4,1046.1628175334286,1010.0371863931762
Nedd4,1051.0298911714333,1076.2134003696249
Nedd4,1055.21050635273,1103.4798561284747
Ugdh,1062.820566206555,1047.3720138948263
Vim,1070.67685372937,1068.1679047643106
Nedd4,1069.288230728207,1064.390677629928
Ugdh,1071.5932415196285,1092.1447149108162
Ugdh,1074.1019304107856,1029.4774871020124
Nedd4,1075.4718715940337,1081.837442035728
Ptges3,1076.8933457579278,1105.8986487621326
Hspa8,1081.504009867772,1093.0650107632448
Nedd4,1082.9081446455784,1049.3482021176328
Nedd4,1086.036736591062,1063.9389717027998
Gsto1,1086.6861650162998,1054.0347502434722
Ctbp1,1087.775460325582,1020.2705656997044
Cnn2,1087.193677860451,1020.9840623670044
Vim,1088.3961369429696,1019.9401598677248
Gpi1,1089.8809895969778,1076.070152158465
Myh9,1089.1947881530689,1044.8462798001335
Mrps2,1089.330877290025,1044.6272155674458
Mrpl4,1096.5912775619613,1082.6924851911945
Nedd4,1096.1174822479222,1028.5588834728503
Cct3,1097.7557918056966,1043.60793197102
Mtap,1097.6935480403909,1053.8464621427154
Ptges3,1100.6132410192076,1088.926737741396
Prrc2a,1101.882984017252,1081.9810282015987
Cct3,1101.426695733791,1079.749665738056
Ugdh,1103.9274412005666,1084.92444186954
Ptges3,1106.0827443605383,1125.694696321157
Ptges3,1108.2015017030994,1042.7167576312947
Ptges3,1108.8288482372664,1030.699793646781
Cct3,1111.1405387048708,1055.6677377559631
Uck2,1112.150838488326,1030.371004556926
Vim,1119.0862839249205,1094.0811582321712
Nedd4,1130.2440867312591,1063.281469956116
Mrps2,1131.208231759587,1130.9401681761444
Ptges3,1132.4526937464643,1112.9783137876832
Ptges3,1133.7838108568508,1060.5540373073184
Nedd4,1134.7802178282057,1088.594295808587
Nedd4,1140.4992461330387,1088.167723978292
Ptges3,1143.7655648943246,1131.1931952902278
Vim,1147.1164624296102,1090.179122905972
Ptges3,1152.0187844666304,1061.9740239559014
Nedd4,1158.1320682709943,1130.3949280945758
Ptbp1,1161.7945655743288,1092.8030066894653
Ptges3,1162.6022521588322,1090.3269356245587
Scarb1,1166.7352055213796,1069.432957355133
Ptges3,1184.5771062396625,1070.021895263106
Nedd4,1186.6864172444511,1097.6704784515505
Nedd4,1193.11332505532,1067.777718132641
Ptges3,1202.7840848072794,1061.8333445215308
Cct3,1203.3343423204396,1214.1933126245467
Ptges3,1203.9660647574365,1106.223597082203
Cct3,1251.6814551777195,1137.5851075154103
Gsto1,1262.9202360908578,1137.9176861514832
Hspa8,1263.2060879453445,1138.3507963580614
Cct3,1272.3058880017854,1158.027692480851
Nedd4,1274.2331016993,1147.254375116976
Paics,1275.1550996513197,1159.6141483626411
Scarb1,1276.007194132759,1160.691222204082
Nedd4,1281.1656686309489,1155.9024047140113
Scarb1,1285.5755097886638,1158.6273726874565
Ddx17,1288.219103469478,1147.699365006568
Ergic1,1288.1767834808031,1149.092621326046
Arpc2,690.9173786909042,702.8690248528852
Arpc2,698.3397819915119,724.6719587376151
Got2,708.2457111212323,734.8345959457769
Tcf25,718.4166196662192,743.901759289869
Arpc2,723.9490735421006,755.6786425971541
Uqcrq,730.6460206797117,757.102788751612
Gas1,734.1584312785327,784.1272234081868
U2af2,744.9557877191601,802.1598060811681
Fkbp8,745.1704092710706,769.9884165883072
Got2,745.170660686179,769.9551141179653
Eif3e,747.4463965716269,794.8193723510964
Gas1,748.8414494317618,812.2792309993505
U2af2,749.8830934051691,777.6029401423168
Ercc1,749.8509927711544,780.8212733417234
Stip1,748.9528471441705,781.977261827016
Lmna,750.4816628339688,782.0359429289226
Csnk1a1,753.4491233223683,795.5469022125382
Tcf25,751.5729884633074,797.7147874691142
Arpc2,752.4431570904521,793.0050661623239
Ssrp1,754.9866595663979,775.8760528948217
Tcf25,757.198603575508,904.250819480912
G3bp1,760.0501469108643,888.7740211852876
Uqcrq,758.6493866691061,776.6154112796719
Stip1,759.4375763155504,832.3191534799257
Mrpl43,761.4565042532305,833.8070153534135
Gas1,761.2591060353427,846.1185186008727
Arpc2,763.2083958777325,800.4912963430178
Pdia6,767.1763412236568,919.2810777354337
U2af2,771.0006362765586,895.0751516111726
Eif3e,770.8730565401295,791.4162246159883
U2af2,774.1091840698034,823.6492964322617
Got2,774.1121887119587,789.9908092116536
Got2,775.011140194811,868.288591350653
Got2,777.4663852447019,821.2691095508981
Pdia6,780.5667797400547,897.4861322734283
Uqcrq,781.7210207533675,819.2706009043495
Arf1,782.7466481523812,797.0688653471227
Uqcrq,782.5023125815417,812.3255947254087
Pdia6,782.5207112848815,923.7440828320576
Hmgcs1,784.155464380587,893.0312322152968
Got2,784.3994276730147,807.6933426210535
Uqcrq,785.3544252354988,850.9007173651661
U2af2,786.0771442740424,920.6836175106984
Pdia6,789.143763164124,876.564053250862
Gas1,792.690407135322,902.085171554024
Uqcrq,793.5632374276014,864.7671407016251
Arpc2,797.9426272392013,848.9997658057628
Raly,798.444997825045,847.3240762735234
Eif3e,798.4662857421648,860.5150310475783
U2af2,801.7103026442542,938.5755434572272
Pdia6,801.5261662804287,892.6398281510216
Rad21,802.0582281119762,856.6304718240725
Prkcsh,803.5610235263673,856.0367902469974
Hspd1,802.5961795466478,856.1194129368084
Pdia6,805.9228569523661,873.6670241253742
Pdia6,807.8110357757591,865.2874013586322
Gas1,809.6414288318599,841.1690379998469
Gas1,810.6837704743739,903.78581283419
Gas1,811.935048995788,863.3324886270017
Thy1,812.2922320329633,862.930277688531
Ybx1,812.724016339723,862.3511666182242
Prkcsh,814.148994972186,988.2928327310055
Prkcsh,814.2411516022892,886.6069832703927
Eif3e,817.2369405647603,843.4079238195438
Actn4,820.7396562447888,847.485959272561
Gas1,822.4285561751669,841.1541430320809
Prkcsh,824.1837151530204,976.2077345147724
Ptbp1,823.775558338364,831.063049848178
U2af2,828.1266783202682,935.2874017437756
Rnf11,830.2484683933652,855.7059954877548
Prkcsh,830.7905394293117,1018.90403851731
Hmgcs1,830.577346195223,870.1580404700776
U2af2,831.0669127398851,866.7077258340887
Uqcrq,831.206052320196,975.3817110666586
Arpc2,833.904069227018,859.25583031566
Eif3e,835.4746845696627,882.8127260809362
Gas1,838.5995526922388,1014.5053557769172
Uqcrq,838.9873498985181,1039.8266321535332
Malat1,841.3342662646884,1035.5072397016288
Gas1,840.4650407299731,855.1522963762797
Gas1,842.7775531697779,1012.2240598176612
Prkcsh,845.8033994474054,984.1320802304213
Got2,849.5754059564554,902.9580494389996
Gas1,849.6879451727723,1039.4343566401303
Arpc2,854.541724261797,851.3710401191421
Pdia6,856.3431643152898,984.4819746065572
Pdia6,856.6995305248174,996.1210815137993
Prkcsh,858.3602527265964,923.1493253667154
Arpc2,858.6083869286972,1026.5231401068158
Got2,859.0497330728035,1077.536842227753
Got2,859.6954855794692,1001.796746474628
Arpc2,862.2521961949199,858.8227261629662
Gas1,862.9387774117747,940.9178635711517
Eif3e,863.1797858902944,1102.4230515205
Eif3e,865.015712757792,1011.770816819192
Idh3g,866.1426088122746,971.8298043670878
Gas1,865.8522225669782,971.8014256120092
Malat1,866.8148636501112,971.8252767179468
Eif3e,867.1223083141086,993.862022715388
Prkcsh,869.0416902032598,1001.1134798733208
Eif3e,869.6396137568529,1041.5014240498342
Gas1,870.8919734602034,886.0190177394766
Prkcsh,871.0654496851023,929.0448649776192
Gas1,870.6103219668785,952.7757681865309
Arpc2,872.8963574320894,881.6879716421333
Arpc2,873.4837558113625,1112.2124445427985
Vim,873.9288235410818,866.1824142734872
Prkcsh,874.2001615164036,995.2199168527186
Pdia6,874.9719034476301,1042.7480149675598
Prkcsh,876.132020351207,1058.8736408118184
Nfe2l1,874.8777748799316,937.8009261906036
Tcf25,876.1952724675318,926.2555165981126
Gas1,876.0164916355168,1016.2390076094316
U2af2,877.7774294470595,922.3538526361248
Prkcsh,879.7511185686081,1029.3364474560683
Pdia6,881.1961286857302,1060.8964464028395
Got2,883.6688542399376,1090.9765460032636
Got2,884.7719078298617,1104.906656901134
Got2,885.2562877781056,1117.5825232014772
Sf3b2,886.2746263730579,880.1869452245505
Ncl,886.629683834961,880.8781470690965
Lmna,885.164323890571,879.2939932008879
Eif3e,887.6445774061287,1136.8012465394645
Gas1,890.2504029365074,941.8220717401156
Arpc2,890.3271489827127,996.1622436214864
Gas1,891.2020106854485,907.0317431877636
Gas1,893.8459888548849,978.851364521406
Got2,897.7891097749825,1081.4296810949409
U2af2,898.5819462186249,1058.255885366127
U2af2,899.432156842894,1117.7693899824424
U2af2,899.7669765698935,987.5385667347556
Arpc2,901.3148103830456,1018.4857244745416
Pdia6,901.5363067439104,1041.526912935071
Got2,902.1198023666532,1046.4551913980076
Pdia6,903.2409716204364,950.3952562334492
U2af2,904.4147527513078,1031.3585422061612
Arpc2,903.7535614788532,898.0061775236671
U2af2,910.8938420479824,953.9686765499924
U2af2,912.1733851370884,1092.052530182204
Got2,912.2357120906216,1030.7922650751916
Pdia6,917.3287221134394,1038.450856072466
Gpi1,919.430604704785,967.9013714701288
U2af2,918.796101953702,966.7509922639638
U2af2,919.5277156449912,1108.6366861993372
U2af2,922.5100503113244,1105.8759293994062
Hspa8,926.7182929376322,968.9078658678612
U2af2,926.7081320869152,974.0799498771244
Got2,927.2732085655203,1083.595242633651
Got2,927.4470016124928,1064.8526698407995
Got2,928.7710286214684,1034.6612003720163
U2af2,931.6892054486202,1094.0311720161708
Arpc2,931.7741750939128,1073.7788338626085
Got2,932.6099803697136,927.9233529347272
Got2,933.5438661020984,1067.3867343236998
Got2,936.0577050953984,971.964701384048
Uqcrq,936.8978425021668,1009.8317532968651
U2af2,940.251026766398,1087.2062142904597
Arpc2,941.075585229764,1097.494224330844
Pdia6,941.1040694448724,1013.3933079880708
Pdia6,941.8501153348312,1016.7664549656856
U2af2,945.5956828830518,1083.8839373206613
Pdia6,946.499905373014,946.5587932151489
U2af2,948.796665329877,1089.1578615120393
Uqcrq,949.6300309990208,1093.050994831392
Eif3e,952.6896492436974,947.6770422739684
Got2,952.8011761110416,1035.0447885046171
Got2,954.5783040611096,965.1972149974948
Arpc2,960.4284322245928,947.8698187285938
U2af2,960.931660492083,983.573378100404
Arpc2,960.8422970911646,1063.6203627217792
Gpi1,962.8387865234585,1021.4413267309196
Tcf25,965.8960371968894,1075.9384641709623
Eif3e,967.0172811917404,1068.655036192342
Gas1,968.3623877259084,1037.3933906816626
Got2,970.4224442838764,1003.9568726798224
Hmgcs1,971.873036871124,1095.213300269283
Pdia6,975.6263912049292,1017.9886968974322
Tcf25,976.161873176507,949.0533357462476
U2af2,977.127563391383,1004.5930127232108
Tnc,981.0789218300596,1007.0666356547526
Uqcrq,980.1605985332056,1007.1639592283116
Arpc2,981.1781714377024,1082.6055246046567
Eif3e,982.1472553422624,982.0942213776756
Morf4l2,981.90715296312,1042.2191007004028
Pdia6,984.8574528624638,1011.0131779450918
Arpc2,987.469478691046,973.7022580256084
Gas1,987.3203503475584,993.0908080549702
Got2,988.0053060019768,962.226206328098
Arpc2,987.9277135430452,978.7699903768846
Pdia6,988.0417147381949,1089.2471571470965
Pdia6,988.418016459732,1008.1740716777208
Mmd,991.5576618729408,1013.8179528198804
Prkcsh,992.0707502001516,1039.3689528379884
Oaf,995.1497642383546,1022.56422249615
U2af2,996.0487687631698,1030.0065389908525
Mmd,1001.3551849722462,1063.9210456934818
Prkcsh,1002.0562820057138,1022.1001623672552
Eif3e,1006.340044473076,1054.5863385732289
U2af2,1007.709923179149,1017.3092179666228
Prkcsh,1008.1367387213224,1037.5992771510682
Got2,1008.2705510719148,1076.8401079484222
U2af2,1008.9357322460424,1009.5260225180806
Arpc2,1009.2318772358226,1091.8100608965965
Tcf25,1011.6616071906948,972.4294941662548
Uqcrq,1017.3203120302384,1063.7903309458804
Eif3e,1017.6049456454748,976.4079672274156
Uqcrq,1019.3523245045228,1083.600142332038
Uqcrq,1025.4940398849567,1091.4627653075336
U2af2,1027.436373990353,1056.5252488080607
Mmd,1028.2363771283683,1065.31855098471
Pdia6,1040.1534293980517,1038.0926039517435
U2af2,1041.76628582388,1039.881334126295
Got2,1044.3351139410618,1023.3013667197802
Eif3e,1045.7389743682663,1068.1515268887151
Prkcsh,1046.7812217725982,1089.5795002737575
Prkcsh,1051.6701881011163,1036.9452592265343
Hif1a,1052.9293872136695,989.9386439690292
Snx5,1051.8033895914027,989.70710977097
Myh9,1051.8631315674263,989.8041430508416
Got2,1052.506075086698,1061.6660641807553
Gas1,1058.4264397998163,1092.6003652978145
Got2,1061.677614627826,1010.1023551753495
Gas1,1071.3189841587496,1085.957338653683
Arpc2,1071.609169502447,1049.8108652289627
Tcf25,1072.4882431860478,1075.371506459524
U2af2,1073.4127207300985,1101.9219285857016
U2af2,1076.922115529372,1035.5181422679148
Arpc2,1077.9619079796453,1019.065838887338
Arpc2,1082.079342247354,1054.2626160284071
Arpc2,1085.6260860775828,1106.238001716321
Tcf25,1085.7827150494618,1044.411273955608
Gas1,1088.2797622182547,1070.1776319667235
Got2,1089.2513830940525,1106.3226094251409
Got2,1089.7744881191034,1044.0100174831657
Thy1,1091.554514195912,1088.9360356206312
Oaf,1092.3339820646454,1078.3087236223755
Got2,1093.532488445352,1077.1896034431368
Stip1,1091.8898596379845,1078.731454628554
Arpc2,1098.024294888913,1089.9755965046256
Arpc2,1098.579392302164,1110.9462214784926
Arpc2,1100.670115807534,1077.3131090109764
Prkcsh,1100.7269026476415,1110.420225602887
Gas1,1101.6188833040069,1064.5756278006666
U2af2,1101.1031552584946,1070.0626049416542
Got2,1108.2035011012051,1081.3634971139568
Tcf25,1112.5960891972843,1051.9885193293858
Got2,1113.65389134652,1098.7062295737994
U2af2,1114.5838727082387,1080.9720859199738
Arpc2,1121.4106487193994,1046.0783390619513
Gas1,1123.0721887251177,1037.4241120913969
Arpc2,1125.004118031705,1101.346455544546
Eif3e,1125.7639258721938,1144.3048820088432
U2af2,1127.7291950712463,1063.807718317063
Got2,1127.3633319834355,1114.1019193101902
Arpc2,1134.1517938090797,1079.9084233011254
Tcf25,1134.266018487228,1053.836286669396
Uqcrq,1134.6892076423676,1058.447387782944
U2af2,1134.914238372653,1075.7166267039197
Vim,1139.841663842858,1081.4397840689437
Tcf25,1147.6468045688118,1048.2568168629225
Arpc2,1149.1246624826993,1051.3885322736471
U2af2,1149.7927732848525,1086.4331758906346
U2af2,1153.1503721604256,1126.2301533713255
Eif3e,1155.95240351211,1135.3825507896115
Arpc2,1155.5802437947125,1083.353755618717
U2af2,1159.97113249314,1070.4862371380289
Eif3e,1160.761982852189,1065.4027438393991
Uqcrq,1161.5620609917282,1093.9336925210262
U2af2,1161.8527272436706,1054.3608439258571
Arpc2,1162.909335862172,1155.9101223257098
U2af2,1170.2848008488163,1095.0775368919838
U2af2,1173.8222414079528,1099.6006496168302
Ncl,1195.9741452356282,1062.9625988554735
Tcf25,1211.6957143631803,1112.2259851702793
Arpc2,1216.2369983646054,1056.9143436064392
Cebpd,1217.281153223758,1058.4576799259348
Uqcrq,1250.841991894019,1136.2040402832645
Eif3e,1268.4228219018628,1138.6635857292054
Lmna,1280.0730409384328,1161.6959728325685
Cnn2,1284.5292603904,1149.5294532039431
Mtap,658.1219127549194,688.7348886225599
Tpi1,699.897123857674,722.2380550290679
Eif3i,708.1663143724297,733.2102084706185
Tpi1,708.1548211674315,724.7782591500329
Sdhc,713.1161596391667,740.2999020642146
Eif4b,717.4040871676036,750.1325485277324
Tpi1,727.6398000217984,758.6236555762991
Myh9,727.2656938941261,757.9594581482794
Vim,736.1034638857351,772.0682628602267
Idh2,735.6757505184529,772.1574828921362
Eif3i,733.9159138026713,771.8673025320272
Raly,733.0604828653861,771.4008113851671
Tpi1,737.8480530623876,786.37154003411
Eif4b,738.2451090577747,773.9132604076889
Eif4b,742.8765909198852,765.0603449185925
Mtap,743.6451163274935,787.7343600505188
Mtap,743.8099213517612,791.9398056879495
Igfbp6,751.3408110059746,889.0919516326989
Eif4b,754.5971131168271,777.6209548313593
Tpi1,756.8547273075479,804.7594760687778
Igfbp6,757.8314585028668,828.141983406761
Maged1,756.8993750066161,835.1314740057119
Eif4b,758.1630848865816,834.0357965390946
Tpi1,758.6728930879765,796.227184713535
Hdgf,762.594470128239,786.1032163076839
Fus,762.4171148508428,786.0362315427668
Eif4b,762.3328646911032,828.0513334783528
Eif3a,762.6104082076737,780.7114048050122
Eif4b,763.9099733337482,845.8909479632807
Eif4b,763.993397619937,777.6673803207027
Tpi1,766.1186607509641,857.0665073583791
Tnk2,767.9176958163124,938.251293818322
Igfbp6,769.412624160679,861.1579147028367
Mtap,771.0592336727209,871.7599615975955
Mtap,770.9382801931297,903.9987038522324
Eif4b,775.7214860386041,831.6713382825549
Slc38a2,776.9646946680268,949.709312809378
Arf1,776.8295572697704,871.2429925160601
Igfbp6,778.242403927138,841.8220118689139
Tpi1,780.4209519456342,900.5496519784092
Mtap,780.29949663093,864.2115573059732
Mtap,781.1495034281231,861.5741616217476
Mtap,782.0331827511313,919.2160977833712
Sdhc,782.3124740681792,956.3271022567178
Eif4b,783.3712137980398,793.8549892793459
Eif4b,785.8988764470166,799.7362643174662
Cct5,787.0737549204789,881.0467705044546
Rbbp7,787.0369261630726,879.6837610782278
Eif4b,788.8697103245111,972.5240023390088
Eif4b,789.3813143740185,910.156461749364
Sdhc,789.423097722944,850.8896289765688
Ptgs2,790.1381194731932,953.871284316193
Mtap,791.1086720638107,862.0464527777433
Hspa8,791.073733240758,836.3015872303952
Tpi1,793.6318279831124,900.8642214303632
Eif3i,796.5073186575008,961.2496335882828
Mtap,796.6831430160044,849.2524272703249
Mtap,799.9733948829512,843.3538582590007
Igfbp6,801.5228863819476,905.2079701571422
Mtap,802.9974828063268,949.950525528329
Vim,802.5861255542269,951.123814976288
Igfbp6,806.4568695925316,927.2376508103137
Mtap,808.65231966687,834.845851521543
Mtap,810.8500867769701,1003.337756459403
Tpi1,812.4320516012731,824.7185555005636
Eif3i,812.7769955104978,901.2386139390778
Lamp1,812.5801671725449,901.1387612274305
Eif3i,812.8712909656413,1002.4561934668776
Mtap,817.5338207141789,1008.4125550587252
Eif3i,820.0908352103861,857.6606667750636
Tpi1,820.3114610959958,840.545794638499
Mtap,819.7924257082556,976.9295212468504
Eif3i,819.7217759814523,846.2197933917174
Tpi1,820.9601699496526,990.8820746702468
Spon2,822.9575950340995,1005.2886945222976
Cs,821.7285646253592,1005.107600113206
Tpi1,822.1051786382557,1024.731409503324
Eif3a,827.2449244185133,953.4425206763784
Eif3a,829.8824121939264,1018.220345687492
Clta,831.0705343847403,868.3798695342368
Slc38a2,831.4595083670329,868.1421919084778
Mtap,833.6955567310556,1005.8595807631498
Lamp1,833.7782564936623,1006.9692952551142
Igfbp6,833.9197542978736,985.9144478689442
Igfbp6,834.5177657274618,888.5868736652641
Mtap,835.0879120309079,851.4966079667324
Efemp1,833.9909369378876,850.7859926123033
Slc38a2,839.7581910132449,988.6305507896184
Paics,840.1999855508143,1009.3199702596892
Ybx1,840.1862824441281,852.1677820597441
Mtap,844.8974885017387,869.3088029207446
Mtap,844.4002533134018,915.4925335636956
Slc38a2,846.6033255914588,985.2473063658716
Eif4b,850.6725254337234,948.9225687698054
Sdhc,850.916190650635,1032.8259297061047
Igfbp6,854.8302259224407,1047.689609309779
Slc38a2,856.5281695824374,939.4707034055796
Sdhc,856.7975276619984,871.55974064216
Fgf7,858.1891500543968,873.0249763583647
Slc38a2,856.81095833623,920.6144976980236
Mtap,857.0972022510184,994.4255143379468
Slc38a2,857.9271773079371,912.934157902416
Slc38a2,859.8950711728771,965.4419385944814
Slc38a2,861.976743930275,988.4318368894908
Slc38a2,861.4556822156417,883.3654002369341
Mtap,862.738893251198,1099.8220879296564
Slc38a2,862.3172128362424,870.739172199244
Tpi1,863.3048179661805,880.3908937203337
Ehmt2,863.8053138288437,1142.9627097303553
Igfbp6,866.1433438399966,912.5934727319068
Slc38a2,865.8062893005381,975.8727108494884
Slc38a2,866.4859044882015,961.2286761825292
Slc38a2,866.6457558244741,996.7368745038834
Eif4b,867.3490438046879,1054.2334343821765
Eif3a,868.3953801554601,976.4027854396952
Slc38a2,870.1033628260889,950.0358718445312
Tpi1,871.4185473308404,1036.5972773353567
Tpi1,871.06140110319,901.7049046873328
Mtap,871.8625269645438,1022.6860972850768
Eif4b,873.5125347913133,878.995394130405
Mtap,873.8754667963262,1049.2013193711684
Eif3a,878.1550683680858,1174.403167035184
Tpi1,877.8506282820284,1065.3119365666655
Igfbp6,878.7187190180741,1029.7696069558
Lamp1,879.467221986218,1008.3523263594066
Eif4b,881.2160386550098,1058.0133468253923
Igfbp6,880.9577604239216,998.7498455194838
Tpi1,881.064422852756,1051.078719322387
Rpl18a,880.8990678505095,1050.4837169864395
Hspa9,880.4917174408779,1050.366287023672
Eif3i,881.4661643810134,992.0368600758876
Tpi1,883.3718885431689,1029.9136093740262
Slc38a2,882.4175619899344,938.0353220956802
Eif4b,884.2126682765318,1046.081516742677
Eif3i,886.7800808997787,1064.567935301635
Mtap,887.7286913920941,1145.0338373910374
Slc38a2,888.7776124231624,945.796961386204
Eif4b,889.3687178725165,1138.1185415966168
Eif4b,892.0981676238306,1040.0157157491558
Igfbp6,892.021169664483,1023.162108928752
Igfbp6,891.5858947255596,1048.8673410896256
Skp1a,893.0020458137279,1133.075172759981
Eif4b,894.130417720512,1074.7253438473222
Eif3a,895.0189915428427,937.242248465909
Slc38a2,895.930983626256,991.125663873474
Slc38a2,899.724542717877,962.3193253863584
Mtap,899.4773863833483,1101.6858340482054
Mtap,900.6834015755283,1073.3836909111928
Sdhc,902.2523773677688,1118.6270438912125
Eif3a,902.7854896211644,999.775707759111
Igfbp6,905.1312398661692,899.6782398599029
Slc38a2,908.0055385373906,954.045821710612
Eif3i,907.425141142011,1075.401159999216
Tnk2,907.9480393947588,1068.6739295317748
Eif4b,908.920761295618,1083.0087551062486
Sfpq,907.8749324877564,1081.9405262614523
Lamp1,908.9988420139432,1016.982823289682
Psap,910.4759116194716,1017.200806730964
Eif3a,909.8224565859604,902.2536216750416
Tpi1,910.9677156151802,1057.146154717056
Tsc22d1,912.8020152607507,1000.0308288003652
Mtap,916.530110584022,1097.7574391486548
Mtap,916.6759964457608,1074.918483788571
Eif3i,917.7359314354712,984.1558902120652
Mtap,921.1355628405804,1091.0504607095972
Prmt1,924.0342020352642,911.0405819921244
Raly,923.1933694075911,1083.2345890799406
Slc38a2,924.7240858728716,981.9021649060478
Igfbp6,924.872086713398,931.6004929384494
Eif4b,925.866960719113,917.0733641617214
Tpi1,929.157783159516,1086.477273584112
Eif4b,929.75232641332,923.8756857859556
Eif3a,930.9498763569763,1077.8238328874234
Tnk2,932.3130368180522,1087.8462298504237
Tpi1,933.179687741042,1092.0038463806115
Slc38a2,932.810781766717,973.500982126897
Tpi1,934.8162358993176,1074.7408860502446
Mtap,938.617572132564,947.9275736286728
Tpi1,941.3167651935562,1022.3976469232014
Mtap,942.637665372454,1100.209406985058
Igfbp6,945.1970574239116,934.7539730065104
Eif4b,947.0103047073212,1030.6193684659029
Tpi1,947.7133558634916,960.2234778830518
Igfbp6,947.6393232454068,1063.6870737833312
Igfbp6,949.8174308148684,941.6355498014808
Igfbp6,952.1996525558262,1011.7348896201922
Thy1,950.5804443737942,1012.4864618148388
G3bp1,952.0270123186982,1012.0368061539748
Tnk2,956.7231939146164,1091.8044497309074
Mdh2,956.9373922133132,930.6462586056078
Eif3i,956.9516098784702,932.6168920110114
Mtap,959.9893053543252,1069.7285427345175
Sdhc,964.5476229164118,1029.472455336772
Thy1,966.4207199587612,1063.4259045395129
Mtap,965.0472748907916,1074.1770647067583
Sf3b2,967.4186823025152,1086.912898298144
Lmna,967.6648980231244,1046.7783575423753
Vim,968.0454935984004,1046.9561675359928
Eif4b,967.7228726598132,1047.347719953725
Hdgf,968.1720578732094,1047.0827537724138
Tpi1,972.8091704923322,1069.358369727932
Eif4b,982.4182974971326,1091.2009058804206
Vim,982.2883513099308,1042.112715205701
Mtap,981.7717395654856,1042.4629568847402
Mtap,983.2472620111612,1083.567952276033
Uba1,984.7096417058578,1002.5445883564984
Sdhc,984.330303674396,1003.4643285442804
Mtap,984.6570009790084,1088.503248718859
Eif3i,986.3170832099858,1030.8601893420762
Slc38a2,987.444373777679,977.1168081574
Twist2,986.5681405881578,976.067651943672
Morf4l2,988.238146718984,1069.9515768366552
Mtap,988.2946658900588,1069.315832724461
Vim,985.8387561377368,1069.3446578308988
Ctbp1,987.2253938095294,1069.0218077135787
Nap1l1,987.6577100074088,1070.6079299904443
Eif4b,988.3261500175672,1052.1567107577043
Thy1,989.1721871017096,1015.788390758932
Igfbp6,989.9781592889146,1016.0718046504032
Slc38a2,998.6466771825352,1004.2109244730228
Eif3a,999.170767638004,1082.7236383934232
Mtap,1000.0587354744756,1047.0927470709055
Eif4b,1002.9038242090568,998.620731442791
Mtap,1004.5518577600752,1073.094889073205
Mtap,1006.4816371297336,985.5456619328672
Igfbp6,1008.6046691084342,993.8691217592898
Lamp1,1008.3365076840404,993.7661472982256
Slc38a2,1009.3834505561374,1038.9079946054298
Tbrg1,1010.0421511724168,1038.6774579172445
Eif4b,1010.5280545897784,987.8093745093446
Eif4b,1012.4719363752296,973.4191392260024
Mtap,1013.2741402733632,1046.041148067802
Eif4b,1014.7846377236742,995.157796312813
Mtap,1015.7492451354248,1070.6683603087313
Tpi1,1016.00971822109,978.9352484258984
Eif3a,1016.288479060071,997.829144752581
Eif3a,1017.6855286899907,1090.8007383814156
Igfbp6,1019.5771571843708,1057.294275811005
Eif3a,1019.394727848721,1087.4311278551363
Tnk2,1019.361344298242,1091.817004128959
Mtap,1019.8778622574864,982.7876070448972
Eif3i,1022.9855941471004,1073.6337591890845
Eif4b,1024.091508275961,980.2816422702892
Slc38a2,1024.0752382904404,1067.5923197857655
Eif4b,1026.1795937184352,1020.5985557209426
Mtap,1026.4385892421412,1014.1156895442376
Hspa8,1024.8722839008904,1014.737140334825
Eif4b,1026.425749807869,1015.903654293672
Tpi1,1027.3394893369962,1077.853215060595
Tpi1,1029.3545847117553,1085.1910152423784
Igfbp6,1031.8646020480164,1083.4718086394678
Hspd1,1035.0684420798814,995.6049661114952
Tnk2,1038.202792511726,1037.5623724280383
Igfbp6,1041.8317817323973,1089.2836923706436
Eif4b,1042.0779085225658,1017.5321373222567
Igfbp6,1042.6072620120294,1042.0069148921798
Igfbp6,1046.0732574690728,1086.6442927340404
Mtap,1048.624731102285,1097.903767740673
Mtap,1049.2284798000533,1021.0147153459386
Mtap,1052.059623104877,994.047664866176
Eif4b,1052.2020120382138,1066.877100853805
Eif3i,1055.0298674256692,1102.6218528175189
Mtap,1057.5688656604143,1058.6248223619832
Srebf2,1057.1211804564964,1086.8114790169698
Eif3i,1059.0528883232253,1085.5203572497655
Hspa8,1060.0710497253783,1041.7018797138246
Ybx1,1059.5760515262405,1042.6236277693554
Idh2,1058.2262890935942,1042.565056840359
Gsto1,1058.6208125922903,1041.900252311196
Igfbp6,1059.6263846929749,1060.414792466645
Slc38a2,1060.8570025306851,1006.1809731332996
Mtap,1060.5514860552166,1050.9141156624398
Rnf11,1062.638786103311,1070.821962878762
Gsto1,1061.417484351203,1071.4917966089145
Eif3i,1062.7616829079598,1010.252353449756
Mtap,1064.26166815979,1066.5796799663676
Rps6ka6,1065.894851282206,1052.3203031758514
Eif4g2,1065.5850346111615,1008.9220227972382
Mrfap1,1068.2842635197771,1020.3300061705712
Tpi1,1069.0276635886728,1020.4731135226508
Eif3i,1071.231338680236,1011.2463901663956
Mtap,1074.864943025253,1041.372973483766
Tpi1,1075.459028347215,1057.9662890457348
Mtap,1079.8399170566483,1084.4614922248104
Cited2,1082.2332658930784,1033.4812912163982
Mtap,1082.8536323702433,1039.806227615364
Hspa8,1085.918278122515,1030.9072474870727
Mtap,1086.2426749350616,1093.8883206898252
Mtap,1087.747405164895,1041.3295165779962
Igfbp6,1087.6653971341736,1084.9169383451872
Mtap,1088.2719117132797,1052.5129254694336
Ehmt2,1091.6117595797991,1063.1601207797244
Eif3i,1091.5234959342645,1028.005602431738
Eif4b,1092.58119439095,1089.9128343289588
Mtap,1092.9128624915406,1044.574415724213
Tpi1,1093.0158619234412,1038.4912219988469
Igfbp6,1096.0620054933088,1026.444075591835
Eif4b,1095.3890186215465,1087.5166048660913
Mtap,1097.7714960591395,1070.298769401879
Mtap,1101.0613948406967,1092.3559870683168
Mtap,1100.4527972734998,1062.1107964457492
Eif4b,1104.076368766588,1097.6185851838331
Mtap,1108.06186721579,1073.2242583543534
Mtap,1111.2894499583117,1051.654288785562
Lamp1,1111.3243750320044,1084.0920631753038
Igfbp6,1113.051058620841,1097.2074743050546
Sdhc,1113.0005579931933,1076.4182503802476
Mtap,1117.4337268624536,1104.120071676733
Eif4b,1124.1249487205876,1091.9348963207049
Igfbp6,1125.6338893110549,1094.480360518109
Il1rl1,1125.1292127543452,1083.4973658274523
Cnn2,1127.244707561354,1082.4922389000883
Eif4b,1131.0074934145182,1047.9967987779544
Igfbp6,1132.8420878479478,1102.784291054675
Eif4b,1133.257129793598,1112.0271648238029
Ehmt2,1134.8595707227923,1123.4287962160042
Ehmt2,1136.0570035415133,1042.3573339841594
Eif4b,1137.0011709739028,1067.0288486405398
Mtap,1138.792585238827,1037.8841058290072
Eif3i,1139.2824021132374,1070.2692989719865
Igfbp6,1139.465151421359,1114.0668778822587
Eif3a,1144.7200507829934,1039.871399245072
Eif3a,1146.14323923356,1118.1008980686142
Mtap,1149.635099726349,1050.5183123530476
Eif3i,1158.0224293637782,1073.4568652742637
Vim,1163.0858944095437,1083.2380462874055
Tomm40,1164.0937575526862,1082.7902373948234
Hspa8,1167.1008568181824,1083.6147601913483
Eif4b,1172.240533468247,1157.3143273777569
Sdhc,1171.937542633627,1089.5506076707634
Eif3i,1173.6340636362515,1099.1083020807248
Ywhah,1177.0513525087454,1142.2140438352749
Igfbp6,1177.106312419797,1103.6116981541998
Mtap,1177.3945059095347,1086.5238516431098
Mtap,1177.4779284084389,1138.776453950717
Pdha1,1183.0795520161023,1099.7530760228638
Tnk2,1189.0639801245434,1101.637661472667
Igfbp6,1201.8716561956287,1211.7767075291677
Mtap,1202.651060037655,1062.4578507336612
Igfbp6,1204.698818860009,1179.2754436055593
Igfbp6,1209.4926341003202,1202.16070793079
Eif4b,1212.842674625581,1059.754329988973
Tubb5,1214.0719296776058,1110.0254935585406
Fus,1215.2548579844292,1109.0248292379451
Mtap,1212.7599066867433,1110.3200441881525
Tnk2,1226.2902382047666,1061.458469517209
Sdhc,1229.0233438138434,1120.2383465849548
Vdac1,1233.310571461794,1128.181091084573
Tnk2,1258.7342807951593,1138.0860690388188
Tpi1,1263.9723094843737,1148.6636362223396
Ehmt2,1280.453185891483,1152.199614135827
Eif4b,1284.451968745598,1159.0805210297922
St13,1289.8678711044845,1162.297313341224
Snx5,1289.4002310820088,1163.0801815705945
Tubb5,1288.9498850785208,1161.512305199303
Arf1,1289.547441960421,1161.6271558032004
Eif3i,1290.5939745943078,1161.1659458841125
Tnk2,1295.1257233806616,1158.5471661186805
Rpl21,669.4534068349647,695.3260210700028
Rpl21,684.4071860694294,712.1293264325035
Hnrnpk,699.7216705829004,729.3800901010453
Rpl21,710.252326254506,735.183153741534
Actn4,710.3165150918194,740.768984459655
Rpl21,712.5708698810215,745.9053564049658
Rpl21,717.4544118836532,752.1575460893474
Fus,728.730785276246,752.1151643159095
Hnrnpk,729.5794659647149,764.7003591583706
Snx3,734.8696264400281,757.6071985624924
Ncl,736.8969583071678,766.735971627017
Rpl21,741.4343048430334,792.065689123337
Hnrnpk,744.9151073755507,803.336561959987
Efemp1,751.1091139258353,810.4943213382476
Rac1,751.3388204455501,800.5479806178477
Mrpl45,752.7427614351692,773.6366244690546
Rpl21,752.7813758796354,767.2943467875771
Hnrnpk,752.4767384197676,887.0444211417982
Aco2,754.5851203944194,905.9694243084936
Trim28,756.98238506583,890.2539867783629
Rpl21,756.1696379001983,890.7521443435849
Hnrnpk,758.2700503715,826.9089847056781
Rac1,758.585737380567,775.5683248992148
Rac1,761.860746388572,838.671314024266
Prrc2a,763.4645948574582,892.8806384457469
Taldo1,764.2659557360398,779.7950134111021
Rpl21,763.9740929656048,808.1470770780508
Snx3,764.2035161714178,820.095833822845
Hnrnpk,765.5376328361714,927.4601213479768
Taldo1,765.5071065077954,838.4785149566799
Mrpl45,765.205523041582,887.6230866990832
Prrc2a,765.8735436481122,889.8063546740112
Rac1,767.2366239972039,816.184840193708
Prrc2a,768.591116095051,860.2857941339507
Rrp1,768.531900325887,784.0943168953825
Rac1,769.1382422269071,782.8516879228981
Rpl21,773.9387930572125,833.0740539797798
Sdc4,774.6605850377762,900.8326227771886
Prrc2a,776.0331696918121,954.1232026396416
Hnrnpk,778.1143822611301,848.4018990553764
Hnrnpk,777.9839512997839,928.9814660414436
Taldo1,780.3911101043028,871.7449734977455
Cs,781.5360955484626,838.6052974811703
Rac1,782.6636129908374,861.8158547944679
Hnrnpul1,785.7502754528964,962.0578538357004
Taldo1,786.1785538918033,847.6616152646461
Tubb5,784.8718272950114,882.349008171321
Tnc,787.4317935041638,900.2721858964721
Hnrnpk,787.8260310049786,834.0234322375161
Taldo1,788.4852433291096,841.2719432640828
Rbbp7,790.1544007720237,913.3683238595872
Rac1,791.3162434330318,859.3243356868863
Taldo1,791.1273512397486,826.3502219010838
Ywhah,790.5627936336291,815.4576628248601
Mrpl28,789.549551854985,815.5129547206199
Rac1,792.990312236095,867.4364206041232
Efemp1,796.6625014356517,967.2361220121174
Hspa8,798.9596109480166,806.2544464516383
Rac1,798.3428095349376,806.0297896248645
Tnc,798.6772955695589,900.0392767303365
Prrc2a,799.9638612068446,841.030423155385
Rpn2,801.2369483108098,982.4075617826946
Hnrnpk,804.1379249143974,810.8419127922753
Actn4,804.4028885097981,850.4511016127099
Rac1,804.4434398265405,824.918656922274
Rpn2,804.5683085106896,950.062116678176
Taldo1,805.4660964353927,816.8429924639815
Rpl21,806.0149169822487,829.8796466539463
Prrc2a,805.9347863109624,974.1157942704848
Rpl21,810.6084396911699,909.5488787224168
Ptbp1,813.3783956695543,832.760826265707
Gpi1,813.9245688582596,832.983631232403
Hnrnpk,812.2923401968525,832.9943253330786
Prrc2a,814.0531367677322,987.8810453491524
Hnrnpk,815.2311932796499,966.3594763565528
Hnrnpk,817.0336768952621,821.3273510987904
Taldo1,817.283678056484,843.2687159083944
Snx3,817.5990828868904,829.4780622592052
Mrps25,817.9900175689281,988.4976264573324
Hnrnpk,822.7301964502005,888.2012871096587
Rac1,824.1345138049611,980.9163038255608
Rac1,825.6570853832452,986.5008464536268
Prrc2a,826.7300909593216,877.5484562388349
Nucb1,825.4698982528864,877.952421130999
Cct5,825.904420851118,877.7757609689759
Tnc,827.9002697717928,883.4009940319363
Mrpl45,828.6187111510762,1008.420306038161
Taldo1,832.8477448144351,1013.961344617593
Rpn2,834.5207969271462,1031.0549484786386
Prrc2a,836.7692838861136,853.746865718573
Vim,837.429364361667,875.2272329423713
Rpn2,838.1337666515165,874.9248841177584
Prrc2a,837.734156910908,984.2869918795556
Rpl21,839.1740355845764,944.2678376804032
Rpl21,841.9156529571198,850.1393940586909
Snx3,843.8584419546273,857.8833287231021
Efemp1,844.9995732680305,1031.6042609522715
Hnrnpk,848.9069130974995,889.9057317586796
Prrc2a,849.8610019206544,988.812610373686
Prrc2a,850.0194997281033,983.056793931764
Rpn2,850.1056747986524,975.568110690242
Rac1,852.3815161232504,1033.97093180804
Hnrnpk,853.0055705695554,850.1876091000977
Rpl21,852.3724878651976,1140.5600963659958
Rac1,854.0618804671544,880.9324562017634
Tnc,855.759908149064,955.2434505800124
Polr2m,854.69035109601,988.3358577440686
Rpl21,859.7380491858041,855.725299781464
Efemp1,861.6568133048452,1040.285587731894
Prrc2a,862.2873551391447,923.3061982962583
Ncl,861.483644565162,1067.527466626644
Hsd17b12,861.5880465276897,1056.3166325169093
Snx3,865.144945296143,1091.4383333948465
Efemp1,866.6431865016789,901.264646259314
Prrc2a,867.4111992266587,908.9450284483344
Hnrnpk,867.363320799538,1041.6204303090838
Taldo1,868.0587845178788,1126.061284138969
Mrps25,868.5038550008624,1102.6287768112518
Taldo1,868.9765838110717,874.9978522208149
Rac1,871.2632513674067,1025.3126119656897
Efemp1,872.0758495180165,921.4603491664388
Rpn2,873.1106649316381,881.8024730338782
Prps1l3,872.7437397662281,1108.3713958143182
Prrc2a,873.3128559336362,1110.9859028335163
Tnc,873.7670479949982,974.9654079957344
Efemp1,874.6159053228502,923.2015547436932
Prrc2a,874.3021700219649,948.8896696871982
Snx3,875.0259042274263,867.609297011383
Efemp1,875.412548507963,1041.6594595653796
Rpn2,876.1118838575676,1023.683370538086
Efemp1,878.243613593937,1004.531192471076
Tnc,879.6339887349131,969.4132147348556
Hnrnpk,880.4791362548314,1081.829908101843
Vim,882.3102001717491,938.7566584024164
Tnc,883.9237273827705,992.634783968654
Tnc,884.2252705075111,963.992963502752
Efemp1,887.7363382191763,1073.6754329051832
Tnc,888.8271013400612,911.571878296356
Tnc,892.6353151719859,1036.264007007452
Ptgs2,895.63361808727,990.4533773172814
Efemp1,894.4245827212017,990.625868082074
Snx3,895.3361760658162,1073.8317981792145
Hnrnpk,895.1385142102563,1114.611920758546
Prps1l3,896.1200477873032,1054.4819440704312
Efemp1,899.4560861255773,1044.6252300873468
Efemp1,899.4205633528861,1024.547178282504
Tomm40,899.4370344901688,1067.1568014390646
Taldo1,899.3791510402682,1066.767336816558
Prrc2a,899.8791648436547,1124.77365305163
Vim,899.2994846450944,1038.6942558839626
Snx3,901.5532903792434,1056.548826275015
Taldo1,901.865137645316,1049.025397806697
Rpn2,903.9820096047948,1042.1348291716813
Il1rl1,905.5417106465076,1024.9784576132288
Hnrnpk,906.061095176728,912.3483915459002
Rpn2,905.8282613906744,921.5154717876228
Rac1,908.4667440913069,969.7625112213324
Hnrnpk,908.7962187626592,1097.1957713091422
Rac1,908.9967961012424,989.1725448603146
Rac1,909.9281443460768,980.6144724324522
Tnc,911.0705254188208,947.9265451473484
Tnc,913.5518481273592,912.4939661284196
Rpl21,913.4149458299198,1108.7922372526596
Efemp1,913.8319416332153,974.0120265245032
Fgf7,914.5499557644232,920.9534876178774
Tnc,916.0630333406018,920.3757363583944
Hnrnpk,916.8981022416262,1103.5727501002164
Hnrnpk,917.1463000238488,905.8609033313528
Rnf11,916.233325194606,1091.5335989941095
Prrc2a,919.5926646000104,1098.848360699248
Snx3,920.5197503472912,1094.6869878928817
Hnrnpk,920.585101030862,1091.7972797195507
Tnc,925.240431714034,981.9922414108366
Taldo1,927.6982889020834,1016.0284823071
Rpl21,930.4463949553992,1056.3395398191074
Rpl21,931.419236547744,945.4375852081436
Rac1,930.408262741036,937.9491566243072
Hnrnpk,931.4233819225384,1081.7155942299305
Rpn2,934.7672826987188,974.083894118622
Il1rl1,937.213191011214,935.9046127803568
Rpl15,939.0472824824336,937.4969202601632
Mrpl45,939.3752272553428,956.3572239028138
Taldo1,943.2460274483732,1091.1658350896782
Tnc,945.4402946861916,1011.5942261109484
Tnc,946.7254641045056,1028.6809746892754
Rpn2,947.2814663661676,983.5206837990396
Tnc,947.8276518556077,953.392828599568
Tnc,948.377346770292,997.8833987103884
Efemp1,949.196342045296,1013.4305452588528
Trim28,947.5018372770436,935.5987746098166
Ppp2r1a,949.107514384,937.1210161900602
Prrc2a,950.0311598766792,936.5398711576648
Tnc,951.2419607599206,950.0534710377856
Efemp1,954.6332998138896,1020.3487261502614
Prrc2a,957.3238229686624,940.8264775049686
Snx3,957.2068767035648,1075.8438096263612
Rac1,957.3980102024456,1083.2574307847983
Ercc1,963.5617161327287,1052.009989232207
Prrc2a,967.896037132711,942.2472405062962
Efemp1,969.820337300685,1038.544352125
Hnrnpk,971.8576210732582,945.8023114705192
Tnc,972.767400577885,988.56003129367
Snx3,976.4109992773028,966.713401191247
Mrpl45,976.5377348219442,1097.729214108301
Mrpl45,980.4638586346454,1054.3211929764202
Taldo1,983.0735416697094,1042.0725500141848
Rpl21,985.5401916066328,961.6018766647414
Tnc,990.1845092162332,1092.999663837484
Rac1,989.9647629202,1018.1336415528524
Rpn2,995.5639031083854,998.849293738724
Tnc,996.161029568798,1003.9840609089748
Rac1,1000.0235227576164,989.6135795244678
Rpl21,1002.8905783841712,1000.6084667668588
Tnc,1002.12391102769,994.7852808762124
Prrc2a,1004.147063545558,971.8207620503736
Zfp36l2,1003.4098561927672,1040.1758694881082
Rbm3,1004.0378329642448,1081.7000003381822
Rpl21,1004.464589046284,1092.083055244319
Vat1,1005.5822016375002,1026.6907690075873
Pgrmc1,1006.7417736023032,1024.7762009439125
Efemp1,1009.5212876675236,972.969267582374
Efemp1,1009.1341070167962,1077.8342362906842
Prrc2a,1010.8573399524524,1039.7931004874108
Prrc2a,1011.3005915857588,1081.8899201972454
Vim,1010.8746179962294,1065.8167356388053
Prrc2a,1012.3213348889906,975.921657236468
Prrc2a,1016.1449985570912,998.1647655299416
Rac1,1017.5633371628757,1057.7128692540982
Taldo1,1017.9966668179532,1002.8039079266308
Hnrnpk,1018.8830903088252,1094.9580249008106
Rac1,1021.8373512568448,1010.1345737766914
Prrc2a,1025.5638492787514,1077.869465912274
Hnrnpk,1026.7247424334716,1092.0336612113206
Ywhae,1028.0589270391058,1021.0526944855122
Taldo1,1033.826408782012,1022.0136091189878
Prrc2a,1034.5799159683088,1082.9871151063105
Rpl21,1036.0953918664504,1008.8401349183276
Efemp1,1036.3797641552364,1085.9869987338132
Rpl21,1037.8138004773737,1000.9257869585352
Taldo1,1040.9531781512842,1083.365804026797
Hnrnpk,1041.3465597952338,1070.4168568240484
Taldo1,1041.736430296162,1014.6610813453224
Prrc2a,1045.4885121122716,1034.337910946688
Efemp1,1045.8780236221653,1089.9985907069365
Rpl21,1049.8819429962691,1084.585105057651
Prps1l3,1054.8355130518294,1052.659593909086
Prrc2a,1055.2938124076704,1008.2263908249806
Rpl21,1057.2942890696158,1085.366556461149
Rac1,1060.5798831507464,1106.8540867795411
Prrc2a,1061.6608602421504,1046.595011047456
Rpn2,1063.45624459693,1068.9173194740565
Rpl21,1064.1899052378317,1076.100762482273
Rpl21,1065.2254048743025,1089.1025748302932
Hnrnpk,1067.193589757126,1022.2989109067815
Hnrnpk,1069.9117889350275,1073.031750562616
Taldo1,1069.7274822893437,1083.5994095895328
Taldo1,1074.1027368861285,1112.1274474625138
Prrc2a,1076.5129625839986,1032.4465865935676
Rpl21,1076.8304397008935,1099.7494346658475
Vim,1079.642748317479,1055.513333586496
Taldo1,1079.1005228542608,1078.975500404701
Prps1l3,1084.3963148729456,1097.8847973628
Rpl21,1085.022204487183,1023.4933370645758
Prrc2a,1086.474579006372,1061.0581340005951
Hnrnpk,1088.8717455830815,1066.7225040293906
Rpl21,1088.2831288252514,1017.6813956903666
Taldo1,1090.1825658177163,1036.1949061575465
Prrc2a,1093.0918195916613,1063.1323182510223
Gsto1,1104.844669819074,1098.3680799467431
Hnrnpk,1105.169474679623,1040.0991766368606
Rpl21,1109.0120144147156,1099.857390363548
Taldo1,1111.8727072888726,1033.6593148715092
Vim,1111.7641836707417,1104.702033486318
Rpl21,1112.860813269235,1105.6177444197178
Rpn2,1113.2427287040805,1095.6357644492343
Hnrnpk,1116.2048947646483,1066.0749207294116
Hnrnpk,1124.8960584179806,1038.73258108265
Psmc2,1125.05745939308,1072.8107678639865
Hspd1,1125.687724635015,1071.9078455873666
Eif4g2,1126.662909965441,1071.8411387348374
Prrc2a,1133.19363791206,1117.1420442085614
Rac1,1133.54064879915,1064.492676138912
Rrp1,1133.9071515876922,1105.999814007282
Efemp1,1135.8563481685687,1108.1707291973792
Taldo1,1136.3655542963384,1068.9305831457286
Hnrnpk,1142.321846278599,1065.3872490280517
Rpl21,1146.7825699959658,1085.6769426015512
Hnrnpk,1155.150110914312,1081.698027747428
Ctbp1,1158.7797446270731,1077.0389206530808
Hdgf,1159.062589409224,1077.1178942887443
Hnrnpk,1160.3601208457328,1060.396186354935
Sf3b2,1161.673596809537,1094.0672982521587
Hnrnpk,1164.0277946746792,1090.2519828038255
Snx3,1164.64506676669,1053.0244214584286
Snx3,1167.7603486294831,1070.515995746141
Snx3,1169.1885834678233,1117.165280808551
Rpl21,1174.584239089622,1042.3435932242894
Rac1,1175.9271613976143,1147.150240213802
Hnrnpk,1178.845010384962,1097.7860911458938
Rac1,1195.4583703142575,1069.5748827682764
Hnrnpk,1195.685088735869,1195.2895654133204
Rac1,1217.7970078752685,1039.606745180783
Sf3b2,1224.750144429887,1113.1975691259308
Rac1,1223.0102406036744,1112.9795636329163
Mrpl45,1225.6129498076905,1253.0789296526962
Tnc,1227.7900693017602,1228.8013490177675
Snx3,1238.390041670927,1238.5106495599807
Efemp1,1246.29284890888,1246.0260718915074
Rpl21,1252.176399896688,1142.2305783012612
Rpl21,1252.84935097775,1136.1152239813205
Prrc2a,1253.1669479811558,1130.7708466164097
Hnrnpk,1263.723538942924,1139.9377895708972
Prrc2a,1264.3640664414056,1143.2005867981152
Snx3,1266.0240466312202,1137.884854455558
Rac1,1267.391478289608,1144.8055405933244
Snx3,1270.4812739382262,1151.5292860552815
Ctbp1,1273.301971515694,1141.8147020638824
Hdgf,1272.259554290917,1141.2638217504766
Hnrnpk,1274.7904346435796,1145.2545992815556
Hnrnpk,1287.432956200358,1149.6824667827252
Rpl21,1288.1681200600294,1146.506148398809
Cnn2,672.295129474496,700.1229307415861
Actn4,708.7818516272118,733.5657275090953
Rab5c,715.2841105953178,739.1782148937613
Morf4l2,732.3672795562884,766.5649834361742
Morf4l2,740.958938938513,787.1681993330334
Snx5,741.1608967979583,786.8021237101476
Actn4,746.4639015882443,800.5985792348946
Actn4,748.6264033424168,792.5054209753762
Rab5c,750.5193809458833,881.6493003777758
Cnn2,752.1251657938703,891.1825508400557
Actn4,753.0734928182578,809.4707393878049
Cnn2,754.0075352504227,884.9607125839611
Cnn2,756.0000110724513,800.2725858326633
Morf4l2,756.72191087713,880.7852892430327
Il1rl1,758.0866160538185,828.2154833241937
Morf4l2,759.3228606654606,894.3073562145416
Actn4,760.0456686628206,808.392663938565
Malat1,761.423121790272,780.4465023657832
Actn4,762.4141515599922,849.0331566535017
Cnn2,762.5922552900211,821.6952123707244
Actn4,763.127837261781,826.718836335053
Rab5c,763.627326103758,913.6541544057234
Cnn2,763.3303774312805,919.6649344078418
Mdh2,764.2047574070483,782.4467300224076
Ubxn1,762.488313628384,781.5157858842254
Actn4,764.1277322235221,929.7410765947286
Cnn2,765.479141695545,923.0296800494988
Morf4l2,768.5714279201809,782.1554547813794
Actn4,768.7314635397947,879.6703502816295
Tubb5,770.1558886958633,824.3574812258678
Cnn2,770.9061132655773,852.4943666348773
Actn4,771.573576600594,912.79102780916
Tubb5,772.1980904558992,828.6837062260868
Morf4l2,773.2820835095904,804.346094514697
Actn4,774.5774048344125,820.0130872782458
Mmp14,775.2865514176624,949.9448296213092
Actn4,775.2224060799954,789.9542785669304
Morf4l2,774.9671796665892,812.9154023159739
Morf4l2,776.7415046970716,919.9369731229584
Il1rl1,778.3841770906588,934.4026344076184
Morf4l2,778.7503166935302,846.507690351014
Idh2,779.5740766487739,845.5946177952109
Sat1,779.7885275372703,845.2167339871245
Actn4,779.0261018844022,860.0136728034895
Cnn2,780.2976276061455,810.6446027309644
Cnn2,780.8072097564267,911.0834091851154
Il1rl1,783.5330082845265,882.1567237338254
Actn4,784.9442137475885,800.8776212490933
Cnn2,786.1305476455939,797.2311766588258
Actn4,786.9887800517315,851.8679702513942
Actn4,791.2943678691715,852.5718681349643
Cnn2,791.8907395293045,801.4065863088534
Vim,794.7424359792825,803.3382617635394
Actn4,794.777829242404,921.5198932288436
Il1rl1,795.9371753712174,838.6294175356343
Rab5c,797.3630330438372,847.9589362991837
Morf4l2,799.0626338482683,903.0033977386962
Actn4,800.6115850675499,985.4396458943288
Il1rl1,801.383997949592,916.0523884851568
Actn4,804.5837798717336,973.6260804952192
Il1rl1,805.1101634605914,975.0273959374898
Cnn2,804.4665124370326,972.0373620006126
Il1rl1,808.4266612245099,902.9114299841052
Il1rl1,808.5654977486155,873.2941003050069
Pcdhgc3,808.0643049373571,873.1925616790727
Il1rl1,809.1766735623569,915.9008740839244
Actn4,809.5322834748949,830.9362790101275
Il1rl1,813.8473832845843,883.7570195885307
Il1rl1,814.1644306395783,864.0214271850703
Morf4l2,815.3335681122112,924.8128997606416
Il1rl1,814.9187220812713,956.252039389586
Ptgs2,815.186658721964,922.840778938596
Malat1,815.0232834418298,908.3040379128158
Actn4,816.748571559217,1004.3652362001244
Il1rl1,817.8448213620242,891.7932595833272
Malat1,817.9372933658012,932.15053045496
Il1rl1,819.2986844820323,918.9500716832032
Malat1,820.5355153433593,951.7364780559984
Il1rl1,821.2489642766901,868.4454164660078
Actn4,822.2270053065464,865.5623304050578
Morf4l2,823.0476193430948,1030.8508560415364
Morf4l2,822.8136747582008,843.4732108586044
Vim,825.0004549130922,859.0158429875373
Vdac1,824.4996374363895,858.8590808180052
Malat1,825.853979993409,955.8296178901948
Morf4l2,828.2631180175538,978.642209070372
Il1rl1,832.1162751756174,923.7528650504482
Malat1,833.0737067549802,957.144031287399
Malat1,834.2714916791315,936.3474128309427
Malat1,836.1461709503418,923.0157429721296
Cnn2,839.3808693959406,841.4084280886573
Actn4,840.6907831468103,881.6773540398362
Actn4,843.6840271338071,917.51529278395
Actn4,844.0313781314808,879.8106295525052
Il1rl1,845.1223081944113,886.7485566750238
Malat1,847.5352100333337,969.7066856951008
Morf4l2,846.815335195965,1115.8751625016273
Ptgs2,847.7965306962572,960.0159177932828
Il1rl1,848.7719802164397,919.6727213634964
Malat1,850.5893004719211,985.664110144503
Malat1,851.2813305311481,958.3413594469288
Malat1,851.1325136264323,901.4811231175606
Actn4,853.3828349291157,939.7010622348088
Malat1,852.8893655132449,973.1615252882618
Malat1,854.9133196547582,965.0917855480188
Il1rl1,855.8094766908986,864.4170450414698
Malat1,855.4432861923896,881.7961784251645
Actn4,856.6211706849241,992.682760075836
Malat1,857.527990508281,970.0368050243152
Actn4,858.2097990930095,946.4861582395748
Morf4l2,860.8776010352926,985.9298498841772
Actn4,862.8914776475879,1110.8633779309098
Naca,863.6759108869439,965.18387231332
Malat1,863.8128263743811,952.3242377250782
Malat1,865.8810135378843,928.8024545139134
Malat1,865.068750102555,959.9472974751066
Malat1,865.168087135556,881.7754558945683
Tsc22d1,865.7715150624098,1046.9753853677407
Il1rl1,868.7507254040767,941.0122804808166
Naca,870.4001445405834,876.9497889620181
Il1rl1,870.6561862943205,1078.990854559421
Cnn2,872.5324583974689,888.8387908431935
Mmp14,872.3974559898581,1026.3636780491577
Cnn2,873.4436595609047,876.2182148682465
Malat1,874.7104157909027,932.5357790286834
Pdia3,875.0195342817934,1083.9426223388632
Il1rl1,875.310765946029,1066.176328185456
Actn4,877.6029600147523,968.7286943389248
Il1rl1,877.80728678841,1105.8963945444884
Cnn2,877.9388717711026,1033.9318336538413
Morf4l2,878.474616430336,1005.3549188480428
Actn4,878.7113928667437,1101.0632311264967
Il1rl1,880.705903051203,1111.933982130066
Malat1,880.3714948346437,907.087564994375
Rab5c,880.4492582696905,1093.0956169899127
Malat1,880.4864749050768,931.0221180505932
Malat1,879.7374368643677,912.930249505832
Actn4,881.2434317248335,975.2427537650676
Malat1,882.0693209612999,980.1912566869948
Il1rl1,882.5628042529007,893.0835480534475
Malat1,883.020482929938,925.1753554192264
Zyx,882.4119347854529,1140.79493519345
St13,884.3840758049303,1139.9617234346165
Actn4,884.0785413182083,1168.3724491659862
Malat1,885.0963701940179,906.5358677413304
Actn4,886.852947249263,1095.2387623955915
Malat1,888.0806415993359,930.4864257138462
Actn4,888.4000912319028,1064.308551736196
Actn4,889.1373158722546,986.8781406618982
Malat1,889.0538641890703,935.2665084635652
Morf4l2,891.8986179174224,1067.059005358714
Cnn2,892.1681426278317,1048.275814452954
Il1rl1,892.3447556883212,998.9986494781969
Actn4,893.7260094296263,1088.9824062080925
Actn4,895.6097610452731,888.4818953200709
Il1rl1,895.8220545106149,906.9349772182712
Malat1,896.6427685420826,973.8246240807418
Morf4l2,898.4767043265269,1066.103542385911
Il1rl1,901.7503573563432,919.203454784806
Malat1,901.7647317818596,937.3346451051224
Malat1,902.1937129528972,943.7342233976136
Il1rl1,903.2456911299212,1012.7774205086356
Sf3b2,903.3952992770749,1013.7389827524264
Actn4,905.4469467590328,1101.163434390558
Actn4,905.978853823586,1062.7413816312678
Malat1,906.0720528926512,948.2787787978602
Malat1,906.834352493331,962.1265011935589
Morf4l2,907.428921615916,1081.792479252185
Morf4l2,907.4076786185204,1016.8275340899772
Il1rl1,908.3713684511006,990.5535243771968
Malat1,909.7563860179924,967.2131930891052
Malat1,911.8555686745156,954.2659801775758
Mrpl1,913.3523236169368,1081.4127669820791
Actn4,914.9374505680316,1088.985760301285
Mmp14,915.3708459501476,960.622369837636
Il1rl1,916.0097401353328,1071.9049414694782
Actn4,917.3618987253136,906.0707295189592
Mmp14,920.4994170943252,1056.0338257272492
Actn4,923.1165203972986,1103.3576591601004
Actn4,924.8111663574336,910.632859922824
Morf4l2,925.6993188919477,1083.7355254656177
Cnn2,924.856379643336,931.5335728845296
Actn4,928.5943015720796,914.4784469370672
Il1rl1,928.6979054739307,1037.0925366291226
Zyx,930.4934876386674,1103.9064776031298
Lamp1,929.1492024044952,1103.7808880041143
Lmna,929.3910072920652,1056.5451015786623
Cnn2,930.7316905329,1054.6005657776475
Mtch1,930.6244250271895,1055.870692957165
Il1rl1,933.8808465145956,979.3356483065086
Actn4,934.5171516329968,1088.2817290171156
Actn4,934.8443298142956,1099.345111658518
Actn4,942.9767514575108,1092.9386972645152
Naca,945.3938116560436,1077.4166702443142
Morf4l2,945.9565678368484,1089.7318661149527
Morf4l2,947.1550525248152,1042.8388779579695
Actn4,948.3969916499966,924.4792332031506
Actn4,949.9963610103714,933.2986713567713
Morf4l2,950.1458050557408,1080.5042882533685
Rab5c,950.8703710909422,994.9992157426572
Rcc2,953.0835325291248,1077.6320568923843
Il1rl1,953.833556889998,947.1844685454868
Timp2,954.9525914792738,1003.9765105415352
Ergic1,954.4591311025875,1003.6734394407588
Loxl1,954.3281286146064,939.3915124460392
Il1rl1,955.5220959061296,1089.404018807291
Lamp1,955.1323777643232,944.5421439003404
Il1rl1,955.507092095786,1038.9165783564165
Cited2,956.2449102732742,1093.1014988422144
Actn4,956.9421426260208,932.6943020270322
Il1rl1,960.3413912398807,946.5413020797688
Rpl18a,960.84518694575,1090.877937332677
Morf4l2,963.5620332164724,938.9407910355172
Mmp14,968.8967113467796,945.1971538445192
Morf4l2,969.9568198221024,1080.191526217788
Rab5c,970.3525977992124,994.3276623948196
Actn4,972.3226280267965,949.1171201722008
Actn4,973.420815295816,985.459986170788
Morf4l2,979.8164597477096,1078.2345269867028
Cs,980.5136259587596,955.9114297977096
Actn4,980.279444634702,956.4365027794172
Actn4,983.76214814788,1077.640997838482
Il1rl1,985.1877292803164,1085.1011994362038
Twist2,985.5918679776617,971.579552298256
Gpi1,989.9145086014106,963.6641564654448
Actn4,989.2145441135024,1090.6969195232273
Cnn2,989.6878827494048,956.5269643323244
Csnk1a1,990.506113632086,1035.9507386206606
Cnn2,991.3590772552895,1035.1707734667043
Ywhaq,994.5406550114772,1033.7785886495135
Efemp2,994.3512400250028,1033.6589256391187
Il1rl1,994.6945636745148,984.6982921620736
Rab5c,994.9692222612608,966.9469401418548
Ssr2,996.2588121994736,989.8563867732612
Actn4,994.9868341144196,989.3242914541502
Cnn2,997.0720658619416,1016.4899349610074
Rab5c,997.1530742077292,1084.6269825583024
Actn4,1001.0247997299792,1091.3306144558487
Mmp14,1001.2321956460048,983.4320695281958
Rpl18a,1003.933283251518,1032.226979447806
Rab5c,1005.3167605571572,1075.0408022008764
Sdc4,1003.9531032386212,1023.3833638834913
Cnn2,1005.7339966347593,1023.4653822710904
Morf4l2,1005.5959667322956,1004.1322077855413
Oaf,1005.2655003881298,1083.2294375845267
Naca,1006.0343154296604,984.193915811678
Morf4l2,1007.9598970305644,996.6224581654158
Il1rl1,1007.8087061936304,1037.766393399165
Actn4,1010.8437306821684,970.1227437544488
Psap,1016.233486971804,1040.9021484731518
Il1rl1,1017.006893502017,987.6713368285664
Maged1,1021.5137418432467,977.9828582994754
Actn4,1021.8285765113492,979.7057976531012
Il1rl1,1023.6162960806978,991.4102315510224
Il1rl1,1027.1545604166602,1061.97345479472
Actn4,1028.2450534445472,1059.2232226795911
Actn4,1029.365995863232,1014.2829588058466
Cnn2,1036.433502778922,1074.424427279015
Actn4,1039.3844646909004,982.5216546935736
Rpl18a,1039.29871157555,1020.9944244413114
Actn4,1045.1259374484944,1092.65900561809
Vim,1047.121251485664,1024.6097664664112
Eif3d,1048.7029821722929,1023.1408918075095
Cnn2,1047.4704951925107,1025.4045254839743
Actn4,1048.9916961457716,1007.1302121490378
Actn4,1049.6045679772403,1083.0616267149785
Actn4,1050.5440742146118,1050.355561743313
Actn4,1050.3253085796678,1039.7030289719355
Cnn2,1051.960375353483,1091.3614860883652
Morf4l2,1054.2603237871708,1083.1092246072876
Rab5c,1055.604116998845,1073.8817867764965
Actn4,1058.4425481884991,1007.7602324720356
Actn4,1065.0632968963168,1059.5024361848782
Rab5c,1066.679828498227,1019.5169413737706
Cnn2,1067.355598522379,1082.3731801943088
Ddx17,1068.128696385294,1036.403510348897
Il1rl1,1067.8302526427512,1035.0605229878247
Rab5c,1073.6911719876312,1077.472365774311
Mmp14,1075.74801473164,1026.8128333179295
Il1rl1,1078.6865935048536,1013.0982069212436
Actn4,1083.4551398537992,1015.1095888065356
Cnn2,1086.4108433513034,1036.9239567983857
Morf4l2,1089.4293813716326,1046.6554729282186
Actn4,1089.676816164339,1096.8100613044694
Actn4,1089.3230370884085,1026.659514236449
Morf4l2,1094.541193818513,1095.2854494492258
Zyx,1101.1011791604392,1033.2684597551895
Cnn2,1101.0252825085831,1051.511633757587
Morf4l2,1111.5530940174028,1035.086987836842
Cnn2,1113.0652770772422,1096.1909397060294
Malat1,1113.2297961441727,1080.0770464916743
Morf4l2,1119.916726990215,1096.2198281405806
Rpl15,1119.308600433129,1094.3509787552853
Il1rl1,1120.9946808655088,1050.425664566709
Actn4,1121.831774554334,1082.3332901704184
Morf4l2,1129.8190822614274,1144.7048102938948
Rps6ka3,1140.0510842991196,1077.7666429152737
Actn4,1137.9400762263597,1078.037248318043
Rars,1140.13685441685,1067.4105289561232
Rab5c,1142.5999890967166,1122.9856925683694
Rab5c,1157.5257737563916,1129.2508959272986
Actn4,1158.3454622154534,1047.983729171383
Actn4,1159.981612405741,1149.1017053644466
Malat1,1160.714614017315,1159.6054992845975
Rab5c,1160.8891555685077,1069.5350950575848
Cnn2,1161.3030044634977,1080.622352052805
St13,1173.108824995095,1095.6005553283092
Cnn2,1171.884234063815,1096.0652601512534
Raly,1173.365912310493,1095.3223325061938
Vim,1177.248932295012,1098.4642271675373
Xdh,1177.5350562043304,1098.2974303163546
Cnn2,1188.171258323035,1178.268648528251
Malat1,1189.065820133962,1092.32284796976
Actn4,1195.0479484328307,1103.7351124356242
Actn4,1212.1220426595817,1224.193366637313
Malat1,1214.4422862564652,1059.6463104457976
Cnn2,1217.63507248848,1115.701419070547
St13,1226.6858851578984,1123.3023666376323
Actn4,1238.0082229324405,1254.72960136453
Cnn2,1246.7772213523533,1136.961199949887
Rab5c,1250.1507979067624,1138.0111340311564
Il1rl1,1251.6284480707025,1130.9237054029638
Uba1,1252.6207411995551,1136.9663713112727
Msn,1254.413933366959,1138.1799264602057
Cnn2,1278.929574422852,1158.6065124275592
Il1rl1,1284.7247100905477,1157.2867107168988
Cnn2,1291.4067869000976,1159.2800235193054
Tubb5,660.6310538282141,686.5796696245116
Hspd1,671.968548057235,699.0184259116388
Npc2,678.8985283263827,695.0972631570901
Hspd1,684.6131987442366,710.5839296398863
Npc2,687.8968983543696,711.2437146883641
Msn,688.6458859147123,717.099518141371
Tubb5,688.926059225161,718.4333996415256
Hspa8,696.7216487099602,728.0572361458693
Psma7,696.0937258250377,728.5652688537377
Tubb5,697.4733157035341,721.8387323207049
Tubb5,700.2445090974063,726.8716166311372
Hspd1,701.8982548703576,716.552963170179
Timp2,705.0169183144435,723.0056519816259
Hspd1,711.0082743811942,734.8748687912132
Tubb5,713.9811332831924,730.4818485532439
Tubb5,713.6314485390309,749.3439055048013
Eif4g2,713.4395964850361,740.2715210818661
Mrpl16,713.2617264300857,739.9856040959444
Mtch1,718.8001299856128,753.5318124603457
Tubb5,720.1704647729143,743.4568332702155
Tubb5,727.3613256601197,760.9747642569904
Mtch1,730.7670911396625,766.2856782188178
Aco2,736.0010318523791,758.9644652064534
Tubb5,738.5460221586525,760.2816467847678
Hspd1,739.1952526427244,789.3137924220218
Aco2,742.4584881378155,774.1019825814197
Hspd1,743.0349586404842,799.8285086532396
Mtch1,747.9643046848739,802.8240480726231
Mdh2,748.1416342926776,797.1917755952995
Zfp36l2,748.612959706397,797.9298886913125
Pdia3,749.0624969612547,812.8199539380712
Mrpl43,751.2664771174366,773.0046428543786
Tubb5,751.9184891041157,782.8860884605638
Twist2,752.1699445267111,782.8865426958163
Hspd1,752.0814101154458,796.3151786054989
Pdia3,756.7139760208183,829.4476021701055
Tubb5,759.6855254883219,795.6515615400535
Tsc22d1,760.5962955819108,918.4843517526496
Tubb5,760.9667357268386,889.8826600657167
Tubb5,761.4498597683594,874.8358688468222
Tubb5,761.9654835550111,898.7456419582898
Tsc22d1,762.79256305827,808.7817057880122
Hspd1,763.923696839237,896.6507993241709
Hspd1,764.8194553654843,918.4100763952354
Tsc22d1,765.3153622259832,847.5668516700854
Tubb5,767.3285542026701,876.9802085573112
Hspa8,766.8704721400015,876.9262412866794
Mdh2,767.2118421013503,876.9278000184374
Hspd1,767.4151288498825,844.1147551616539
Npc2,768.9879563726099,809.5622783201281
Tubb5,770.0305046788633,827.6501841924462
Mtch1,770.485400847461,911.352548152912
Tubb5,771.6302096724553,838.284952425039
Mtch1,773.8646689752786,784.8449668001529
Uba1,772.8297595720628,808.5472882117461
Tsc22d1,773.8614034327362,874.5783749253659
Hspd1,774.0030071566279,791.4785219244777
Hspd1,775.1510899700893,796.4433842064567
Tubb5,774.8527730746385,787.2783665125164
Tubb5,775.3975945929133,883.1236062914578
Npc2,776.2973750573963,945.486241741092
Vdac1,778.5176711094861,879.8630052290073
Loxl1,778.0233760280337,879.6782893088098
Tubb5,778.9189112144729,826.2923447184046
Npc2,781.6325583415787,887.5695000259893
Hspd1,782.7378565699602,803.1180312571644
Tsc22d1,782.5964506770233,815.5195601958293
Tsc22d1,782.8658158489078,842.9606736383723
Npc2,785.9994284523394,927.6549091409092
Mtch1,785.6930435014903,943.2994815087347
Tubb5,786.9369681020609,966.1220906747396
Tubb5,788.9814869554905,918.7083308509392
Tsc22d1,790.5875014004299,951.1751978595933
Tubb5,790.8365317066618,899.4580688436203
Mtch1,790.7160467542792,863.239507519256
Tsc22d1,791.1343654421146,832.0549650224798
Ncl,793.00169937139,818.1620843580818
Tubb5,791.0899492072087,817.7935505607369
Hspd1,791.8199727011214,851.7902408158595
Mtch1,792.199858030061,970.6135830090146
Npc2,793.5311882471435,945.8622619441884
Npc2,793.2666505344066,808.4250442129352
Tubb5,793.9965472868358,852.8352531791422
Pdha1,794.4351485912217,852.2462283667927
Tubb5,795.809883637562,812.3330362927159
Tubb5,796.057392857083,816.5338106200859
Pdia3,797.4953077198073,961.3528369119028
Prmt1,799.6421847552109,915.3293183937548
Npc2,798.6896250234521,897.6692701137445
Tubb5,798.3555230296967,853.4971205235051
Tubb5,800.0236429382667,867.1683103607796
Npc2,801.672436534396,901.398997057889
Tbrg1,803.6550538361373,863.3964900602437
Npc2,804.698713663655,936.2920406574068
Npc2,804.873152866878,966.4002954672112
Npc2,805.708198318408,913.6866701761
Tubb5,806.6804811294762,853.457070437029
Npc2,807.1386510596956,907.8543816634568
Hspd1,809.5516998166368,825.9236632711492
Tubb5,809.0530537134082,844.0133112960448
Hspd1,812.8453233486131,844.7698231626243
Npc2,812.5680025057437,877.0301018124272
Pdia3,814.2576571425965,931.8183186443008
Tubb5,816.5961197973543,855.6186950039117
Mtch1,817.331519323194,1000.8177347195732
Aco2,817.3875884429552,849.6167602253654
Hspd1,819.0223123351344,838.5838675628237
Rpl15,823.2265294439223,975.7034409756156
Mtch1,823.8306703729656,941.2621500518488
Hspd1,824.3436477232443,892.915602803793
Aqp1,827.3650605184517,876.4492711722434
Tsc22d1,827.7196448617262,892.0865290490788
Aqp1,826.9616348042898,840.1777612691662
Tubb5,827.6396451351927,1003.6392269659462
Aco2,830.8666614481389,865.6548316959245
Aqp1,831.6253201028181,842.7651635328673
Tubb5,832.6485071023992,836.6283099004804
Fkbp8,836.5239601592557,916.5998210052104
Pdia3,838.1235679057518,883.6176560999871
Aqp1,839.3043827092475,979.403727976923
Ptgs1,842.0458501654131,932.9721142530422
Npc2,840.7234773319719,933.0414476918204
Pdia3,842.2052426703442,942.7238443171316
Tubb5,842.8211879282178,848.734482595112
Aqp1,843.2714814611634,987.6635522083508
Tsc22d1,845.9657396429913,873.8382968164685
Aqp1,848.3719392463952,1019.2306114204258
Tubb5,848.0853240227623,891.2567449072454
Aqp1,848.1602232407291,930.807223076584
Tubb5,851.9684572788224,985.7132935694798
Aqp1,852.1622302199235,971.955768593852
Npc2,852.33575122251,1012.19699635939
Mtch1,853.6965489627644,1104.7378127450806
Npc2,855.1130806652726,879.3683039664345
Pdia3,859.3726680082245,1019.2331927301764
Tubb5,859.8922484786814,1161.6534469626004
Npc2,860.879364723792,1085.444946409306
Aqp1,861.936411149409,868.9104099511976
Npc2,861.3939648570529,1106.5046017995742
Tubb5,862.39793617429,1048.0250210456811
Trp53,862.6164353351924,858.7272186171882
Tubb5,864.1033093272981,1027.136295476361
Npc2,865.1217700898421,1110.2600613064433
Tsc22d1,864.9181949061547,881.4591521962368
Aqp1,865.8996917395834,969.2802961312316
Mrpl43,867.2735691262208,1017.3625310226198
Pdia3,867.1936239957179,988.3803208651394
Tsc22d1,867.4639791265163,941.929066834241
Npc2,868.2865648886172,1001.9915347376832
Aco2,869.5107368308359,1035.8470883137882
Hspd1,870.0581718676061,964.8389650839848
Tubb5,870.6401357050938,872.0656754704112
Mtch1,873.3768489318023,1024.5536278493105
Mrpl16,874.6709942905532,1094.4266630541588
Pdia3,877.7259264686753,1007.6808774845268
Aqp1,878.4100623263811,941.5177469905392
Aqp1,879.2274598080803,999.4247761942408
Aqp1,879.9767127922283,1047.789171230762
Npc2,881.3576628958114,1091.8670673881031
Fkbp8,882.6654193688765,1163.1847429034783
Fkbp8,882.5595865232291,874.1821231038076
Npc2,883.3917982132668,877.4318270250918
Tsc22d1,883.6602536388311,1031.5098098162462
Aco2,883.9765464163705,1106.4743892526276
Mtch1,884.8129406408143,1080.5004831068236
Pdia3,888.3540065358168,909.011691876842
Hspd1,888.3413805561805,1000.6622754900444
Npc2,888.7263480979649,1030.6856921358662
Npc2,887.8985333614246,932.4901208878388
Hspd1,889.1971304213685,1074.190985519212
Hspd1,890.1541878826572,1156.2208975075737
Fkbp8,891.1201707604442,1059.9304878003504
Pdia3,891.144018239608,989.5617912017065
Npc2,892.4753117340567,960.601942170959
Myh9,890.8757514449788,884.0118471825053
Npc2,891.9910656086595,884.80190407643
Npc2,895.1284843263411,993.214414221369
Aqp1,895.7402597354139,1056.4989736028526
Tubb5,895.845693680237,966.1526745611484
Igfbp4,895.8917786940434,1111.1610132141434
Npc2,896.0956026568268,1110.7522309240264
Vim,898.7426548600106,1065.0563695870264
Rbm3,898.1404927693923,1064.5416804316155
Mtch1,899.9049223103355,1118.2627993869792
Tubb5,900.4034692589555,1124.6953929147344
Tubb5,902.9009683810464,998.2574612111696
Paics,905.6957614953972,898.5483846082234
Sae1,905.3096224744554,898.2189615546238
Tubb5,905.1403443076392,1062.482559503548
Hspd1,905.3435958433604,1045.2552393649148
Hdgf,905.5743537085524,1114.218893456771
Zfp36l2,904.1443097923622,1114.3338142361038
Mtch1,905.5234610247966,912.265049893955
Pdia3,905.3825913925116,926.6144101168728
Aqp1,907.4082917101396,947.8864567149768
Aqp1,908.8083098899835,929.4181936057764
Tubb5,909.0577736327492,898.1417533511221
Hspd1,909.9854888786624,901.6805361822068
Npc2,911.5963734326874,1037.357333651592
Aqp1,911.783276097584,975.9204089981454
Mtch1,913.094196074887,1103.8971750173778
Tubb5,913.3057093334004,1110.481834203896
Pdia3,914.2405362158756,987.5453920388236
Hspd1,915.3337825052516,1061.2546262697183
Npc2,917.001924816705,920.8530818344916
Npc2,918.430411764312,1056.3823896363945
Mtch1,918.714199139346,945.460320715898
Aqp1,919.0284482775224,937.3797671256534
Tubb5,921.476431686806,908.3397087016574
Aqp1,922.5652489013278,982.82355312562
Pdia3,923.05674922144,1049.274285182172
Pdia3,924.0303433367296,945.5112825226228
Hspd1,930.6312604679986,1087.7169333841146
Npc2,932.0770079523554,1092.7659822977253
Tubb5,933.536517859318,1050.4425099203338
Tubb5,934.421918514498,917.101578262644
Tubb5,933.9061865255356,922.3588537057512
Pdia3,934.2049264918736,1038.827205871285
Tsc22d1,936.10334465044,1068.888154743084
Npc2,937.5979254328936,950.5343258581412
Npc2,938.806842339189,1095.482089034527
Tubb5,942.8234442562532,1036.6778943796264
Pdia3,945.1960118595148,1042.7655096959024
Hspd1,945.7047514056692,930.6100318884104
Aqp1,947.4668910526073,941.7929108070824
Aqp1,947.5331387329184,1061.1508878279203
Pdia3,950.4809726506672,1037.5117614069436
Ergic1,949.6649559251856,1086.0453847045833
Npc2,950.9485191138924,986.4581599057698
Prps2,953.4785759989444,955.3974596115644
Ergic1,953.3285959416336,1055.326296355321
Hspd1,955.4814416417892,1097.935124244477
Npc2,956.1276759112968,1001.3350754245052
Npc2,957.8455001101344,955.9991586173788
Pdia3,962.1744589242104,1071.4496050373875
Hspd1,963.1301869079396,1091.6065369411326
Pdia3,963.2416063558384,1082.0013227812117
Tsc22d1,966.5884552005836,1051.4608341495673
Hspd1,966.6365891656474,1087.3861613636757
Pdia3,967.8247375650504,1007.8038501613988
Hspd1,968.798130698661,1028.4608864119891
Npc2,969.321249796138,1017.8638247792136
Hspd1,970.1743770850302,1058.138347768155
Npc2,971.0379564124516,995.0170341838324
Tubb5,972.9535226856684,967.2196756915296
Npc2,975.048473982592,1083.5005910610562
Npc2,975.4531236779628,1014.219978802162
Npc2,976.6571406974294,1036.116166520655
Npc2,978.5386978492464,975.0279829387086
Npc2,979.1730428310532,1005.1066485336264
Npc2,980.3793265437054,1084.3345057442098
Mtch1,981.5016686967006,948.224829603048
Tubb5,982.927654941028,969.2098468829458
Aqp1,982.7807968857294,1003.1973203061756
Prps2,983.745304696699,1063.056819381277
Fkbp8,983.7863268955532,1021.3568381732296
Npc2,984.9026465391838,1071.2946937984336
Npc2,985.4287013492046,995.6919687711172
Npc2,987.6496146519182,1027.2806258056228
Mrpl16,987.5741478366868,1023.179689407468
Hspd1,989.4366395121236,965.5161084557848
Oaf,990.2935974443284,965.5134155439638
Aqp1,990.7823364756636,979.6394724492998
Mtch1,994.7816214461392,1005.6446219953468
Npc2,995.194002085086,1086.1791202712143
Npc2,1001.8119433361244,1035.8873684955615
Hspd1,1002.2442425610692,967.330354711363
Tsc22d1,1003.4537492788372,993.1453544760708
Tubb5,1004.474587221128,1011.470731806546
Loxl1,1006.1668205398482,988.5976285296877
Aqp1,1005.1979259323856,988.132524946142
Npc2,1006.4506076510816,975.8625693151364
Ybx1,1007.212154464019,971.0736179622118
Npc2,1008.8777043507508,1086.525839689769
Tubb5,1011.0085032310568,969.919916308598
Timp2,1011.0772094254996,999.2178310733232
Tsc22d1,1012.952125780373,993.4915716673668
Mtch1,1013.5957213860931,1058.7984424813603
Hspd1,1013.9693425769938,989.4771543936693
Tubb5,1014.8876366947402,983.153121911594
Fkbp8,1020.7173317741732,988.305242872143
Tubb5,1024.0361794715889,1074.1819899868904
Pdia3,1025.3703697476938,1058.8576967561498
Npc2,1026.400662089686,996.2155354606572
Npc2,1027.9041284664656,1018.0897278522908
Hspd1,1028.5154536000546,1006.3448962259351
Npc2,1029.7103866669254,1053.9454235752553
Npc2,1031.1133808783368,1065.393317502825
Hspd1,1031.2407063970052,985.6630924904424
Fkbp8,1032.9704996488922,1085.7834797316525
Tubb5,1033.9344960669762,1018.0173572123376
Hspd1,1033.4435150719798,990.666591764518
Tubb5,1035.5082957875077,1081.6832162782332
Aqp1,1038.9542993589191,1010.3600724433386
Npc2,1038.7524033472805,1045.7126927054796
Tsc22d1,1041.9318318792036,1099.7126602153166
Mtch1,1042.9032404012514,1050.274480478971
Fkbp8,1042.9787424928477,1032.7523208274602
Hspd1,1043.9406840058891,1043.7799572653907
Tubb5,1043.338800410852,1008.2446177909994
Tsc22d1,1046.5778886135683,1080.9139893508886
Tubb5,1047.1660110840903,1099.0489718182007
Tubb5,1047.30235376681,1027.949496528665
Fkbp8,1048.610243859011,1073.841996644867
Mtch1,1052.4366996522103,1088.8576586660374
Npc2,1054.640530556146,992.7731095273516
Npc2,1055.057447039625,1017.282736474434
Fkbp8,1057.1513077367797,1013.171824175692
Fkbp8,1058.205363372139,1092.4416386385687
Csnk2b,1059.701405403259,1045.4168073870746
Lmna,1058.371586063549,1043.748054722024
Vim,1058.8318464178287,1046.1732062798542
Tubb5,1064.1138411591676,1050.2930410335427
Npc2,1065.61646622745,1013.9998149420064
Hspd1,1067.966454639425,1058.5163583016529
Vim,1068.996146561166,1054.743013746212
Hspd1,1072.8685933981003,1030.889423868393
Tubb5,1080.901108853994,1091.8499455299975
Tubb5,1082.4242627110618,1015.918318011908
Hspd1,1083.3798149689997,1030.7496297452055
Tubb5,1087.6651050307769,1048.5982587977774
Fkbp8,1089.1707243043502,1029.213212847117
Tubb5,1089.4846392551285,1113.276542262059
Tsc22d1,1091.7610228057786,1048.2900802611782
Npc2,1094.2500531158153,1117.6925560517034
Mtch1,1095.3127215137056,1074.3830154229388
Mtch1,1095.0655474805058,1042.851820064206
Hspd1,1098.039353155826,1044.770619056697
Tubb5,1099.2455207407895,1028.204245169456
Hspd1,1100.2160055549757,1037.4887172783915
Hspd1,1100.025988046864,1074.806812081249
Tsc22d1,1104.5444024592366,1108.6599881266773
Npc2,1105.4414847974936,1044.8624681229514
Aco2,1106.4241371482035,1105.8879734467118
Hspd1,1107.5520725720598,1070.181673035743
Tubb5,1108.1233097927247,1047.652178771868
Tubb5,1108.625778165948,1041.6856622299874
Npc2,1108.7256467699776,1130.803747893762
Hspd1,1113.0613512217783,1038.5321139024632
Mtch1,1114.267213223054,1085.825572377773
Aco2,1114.4737183585917,1046.7017938129898
Hspa8,1117.159258804425,1075.6772884607822
Xdh,1115.1439896509603,1075.4737916341364
Tubb5,1117.2905520885638,1074.666709947762
Tubb5,1117.2278196358657,1084.3719996824095
Aqp1,1118.859996618975,1038.4943486913685
Hspd1,1120.5071300796658,1093.6171902331753
Npc2,1121.818114457503,1097.4945820892508
Timp2,1122.8672262017233,1059.1049955720846
Psmd4,1123.9370212564313,1040.0187177837188
Pdia3,1126.5925029264686,1126.1998447895965
Tubb5,1126.2958013843884,1078.644088676855
Tubb5,1127.1840178318084,1062.4955521899317
Tubb5,1130.944966937679,1097.8895916364
Npc2,1133.6350999987217,1107.394029306818
Tubb5,1134.0593673544315,1085.5564520943992
Tubb5,1140.6166996919303,1092.6531132509922
Tubb5,1141.3058302372162,1088.4728693076115
Aco2,1143.51802607618,1057.3032468111037
Tubb5,1143.1806414174855,1086.1427539445226
Vim,1148.107736706981,1083.0086118898482
Tubb5,1148.8353838632336,1083.9174706611414
Tubb5,1148.609776299466,1087.6306277932658
Tsc22d1,1148.6903697689015,1119.9833555645232
Hspd1,1151.3294050848244,1052.9848499281595
Tubb5,1155.9847256717565,1081.5837780475538
Tubb5,1165.17754825582,1049.1249386606114
Npc2,1165.420856213176,1146.0694857082506
Tubb5,1166.1368965279437,1073.262807030803
Npc2,1167.3453085569868,1164.4671282330148
Npc2,1168.663256496764,1126.0661082823108
Hspd1,1172.717587062135,1092.9179659576616
Tubb5,1176.4929071417691,1105.031042008185
Tubb5,1176.4913693303638,1089.071797733583
Tubb5,1178.4289152347471,1054.707280038155
Tsc22d1,1178.7670539606058,1143.3651480286164
Npc2,1181.559892130649,1183.8109375764418
Tubb5,1184.4302457682666,1097.8788887195592
Tubb5,1187.396063651545,1182.9167729705978
Npc2,1191.0273838427595,1195.4471948999962
Hspd1,1197.6086570752595,1204.0732489479
Npc2,1203.1096601668794,1202.5541663084964
Tubb5,1205.1126448420928,1108.8377985968998
Tubb5,1225.2691972362184,1053.3327580081398
Tubb5,1230.1339900191408,1115.3690474000002
Pdia3,1233.5855050227142,1254.4006333017617
Tubb5,1252.03997392103,1141.4483642545135
Rpl18a,1255.883313603143,1130.6504306809925
Fkbp4,1254.9531312002482,1131.7113170025248
Tubb5,1260.3972217521405,1154.4298424929011
Uba1,1260.8950099963952,1148.7632322950765
Tubb5,1263.1265250946512,1103.9383123158689
Trim28,1265.1463189633305,1156.9793911241902
Ybx1,1271.263428164027,1158.3475370803064
Hspd1,1272.3807515163403,1158.5835426497424
Tubb5,1274.9239452530603,1155.3868743546009
Tubb5,1275.372708149658,1152.7774205248347
Tubb5,1282.5225791256098,1147.8120366881649
Tubb5,1287.0729883346037,1154.9079412779467
Tubb5,1292.1930096060664,1152.3188339612798
Ncl,716.8044511584122,751.2424127428335
Stip1,733.0640939043831,762.6618554309639
Oxct1,746.0200965625404,777.6752229268033
Snx5,748.0872527970462,767.9567836485378
Oxct1,748.8256534943708,809.9643629166126
Psmd7,751.5244948514065,892.445416980274
Snx5,755.6952998682463,831.2103631572041
Ncl,758.1312889871826,817.4036336947229
Ncl,758.805185808121,813.955466894923
Tbrg1,759.6917882566759,787.4975408410787
Snx5,760.7748455986563,788.8661346776763
Fxr1,760.4144012980454,919.2086684709795
Stip1,762.5476135449082,827.7918200809161
Rbbp7,764.3686457234826,830.5243215658656
Oxct1,763.5053645890769,830.2199932053187
Hsd17b12,764.497591673135,917.2087815752384
Ncl,764.4422864191395,904.8969513419302
Ncl,764.4994158547051,844.2921748141069
Ncl,766.6361337716852,788.7880729675524
Stip1,769.1629037144477,905.6509211560696
Ncl,768.8595443909212,864.853368928113
Hdgf,771.1690047997644,819.651166606068
Ncl,770.6369917629677,827.9364325094862
Ptbp1,771.559807056067,934.4133173172686
Stip1,772.5112952239506,854.2004205320861
Ncl,772.9686061540493,860.3935237623886
Ncl,772.9395280447535,908.4686798626788
Rpl15,773.0133165130645,792.0135291863916
Ncl,777.4819435910599,829.8387408373699
Ncl,777.8343676970494,919.6029485131028
Stip1,779.256259000968,945.570412599631
Ncl,779.0841118627571,809.230222780727
Ncl,778.1684051422926,954.3885996732108
Trap1,780.2102970165272,801.7601739120935
Rrp1,781.5834062554023,855.0722124910237
Ercc1,781.0616350987409,832.0339627750132
Tcp1,782.0661310676932,833.3348693788005
Trps1,781.1275299768156,831.5975057853279
Mrfap1,782.3542283683632,957.9399875251598
Vim,785.4214440684592,809.3306256934359
Ncl,783.7854990664963,810.4893397922347
Ncl,784.3011364583649,815.3856547913692
Trap1,787.8427709748908,842.8349380866235
Psap,794.8351043252521,903.3742283257982
Snx5,795.0445844313301,864.8570111976795
Rps6ka6,796.4126163161443,905.5966383181764
Ncl,796.4697515682986,832.3687036094842
Gsto1,796.3962630506936,809.5003756777868
Ncl,797.45557234045,841.204282521922
Snx5,798.5943448999469,984.398484580376
Rps6kb2,799.6118874023197,853.4080266112377
Hsd17b12,800.919239363003,912.6920010844608
Fxr1,803.2712319274617,985.0483337642796
Trap1,805.7226506330092,839.6148011697481
Rps6ka6,806.3153590197838,942.865615527035
Mrpl37,807.1410379281785,909.1577369086692
Trap1,808.6006481905338,855.9478114033474
Rpl15,811.0502628544593,830.5007651695169
Ncl,813.7674167176275,919.0042414367967
Ybx1,812.1929659264576,987.0466388288488
Hsd17b12,813.798079691333,988.2658989432788
Oxct1,816.0378347353242,977.2809602603828
Oxct1,820.1415469070785,841.3983247536366
Fxr1,820.2425254830617,959.1495811457278
Ncl,827.2248027293115,1016.3929679117622
Ncl,828.112050288968,1027.8575352688297
Snx5,833.3871735134904,992.9467390738464
Rrp1,834.3587114528439,876.5580395491035
Rrp1,834.4843827892776,1009.2102747535076
Fxr1,834.4213850647583,921.4200275583556
Oxct1,840.7556770685931,883.154712102857
Hsd17b12,850.149436945889,945.1304596109472
Ncl,853.486800914892,854.714526558658
Ncl,855.1247173979745,1061.5441577702904
Ncl,857.4962662948885,858.1591266453986
Trap1,861.4230764110309,1116.5572126226284
Stip1,864.1169223481099,954.1352537726316
Stip1,864.7960247723913,900.2282734868892
Snx5,867.8538883461066,1065.9699908952557
Stip1,868.410211604172,928.9974651876004
Stip1,869.0047323247527,1106.0147864895437
Hsd17b12,872.4365228674415,891.793831526907
Sec13,872.6233900662298,872.4593226922804
Stip1,875.5845418191027,1046.7056640155567
Ncl,877.1902796022796,866.8326782204254
Hsd17b12,877.7736895087598,1015.5915169208585
Oxct1,884.8754121429176,1077.3959335515533
Rrp1,884.9817211624353,1132.8724383804868
Stip1,887.0133433867848,1044.2012002004524
Fxr1,889.6408364858223,1054.579196978879
Mrpl28,891.5638241882054,888.5238737430764
Snx5,893.2098398755634,886.2889022578814
Stip1,895.6368921653385,1075.3699393930124
Snx5,896.4755964077599,1151.9157645364862
Snx5,898.812406513643,903.0735352574276
Ncl,899.2725436080399,1096.801812946748
Oxct1,901.5057418495016,1108.1574401876558
Fgf7,902.6984112885696,1107.4546751932678
Oxct1,908.8083221413432,904.0349461875282
Snx5,909.958726797646,901.5503663572024
Rrp1,911.0072800113242,921.028070513298
Fxr1,911.1931147377784,1077.2095660247203
Thy1,912.9739005253856,1065.710069341771
Ncl,915.3594102560546,1064.6537759618411
Oxct1,919.2445210415912,1082.3567649316294
Oxct1,919.1441871553604,909.1124282264803
Xdh,923.551204001584,1055.2494422578216
Ncl,924.4625882887352,1050.4403015953033
Trap1,924.3626107780044,1084.0853624959457
Stip1,931.5191722640149,1077.1240273336311
Snx5,931.7208499141002,1029.1638915147262
Oxct1,935.265918968824,1057.325854802369
Psmd7,935.2742125446388,977.2610947534716
Oxct1,936.325624138141,960.7744498764235
Ptbp1,937.8226746421758,1016.7819636157772
Oxct1,937.622837745302,1062.3238977160927
Oxct1,938.4182110707968,940.6278490987892
Oxct1,948.3890228183018,1082.3141783428382
Oxct1,949.0957692202117,1097.8774859568548
Ncl,957.7714857551814,1014.0443262310348
Maged1,958.495923657139,1045.6087147798205
Trap1,959.5854456162606,1002.8914064725946
Rps6kb2,966.2868679128788,995.9095421656768
Hsd17b12,968.5295916131374,1027.895174164424
Rrp1,969.0567814623672,957.5855680157864
Psmd7,971.880620747169,953.4047889678912
Fxr1,971.4394266233054,1025.4225999879257
Ncl,973.4248049092624,1029.206484782472
Ncl,975.0273131333408,1069.7300338208745
Snx5,976.1164449518732,1089.6485491248573
Ncl,976.2060952028658,954.541147853692
Eif4g2,976.9318650153864,952.6562351860466
Ncl,978.4341613992498,1065.3717781366229
Oxct1,983.5090645982972,1005.3188680786294
Oxct1,986.6176205834848,1022.0699637928128
Ncl,990.7830459271274,979.1866887297264
Ncl,992.5587972172236,1093.1576816860309
Nr2f2,993.3456060940124,1092.0343640928725
Trap1,992.8004758197192,964.4422365288802
Psmd7,999.4880601659416,1068.2928933334508
Rrp1,1003.0247918461824,1025.7769198313445
Ncl,1002.63601202202,967.8824592396272
Rrp1,1004.1556799778432,1080.0929845045926
Stip1,1007.4870113254732,1073.8461481565173
Stip1,1008.2366201809616,996.702817337472
Cs,1011.226771032198,1066.945878915424
Ncl,1012.994604992606,984.6206228303488
Psmd7,1012.81215754432,978.093096189314
Ncl,1013.5395209742586,972.0408052070492
Trap1,1016.7413874114344,1045.077597848852
Maged1,1017.6629907144674,1070.4568568069276
Ptbp1,1023.5242234460668,978.7897320401576
Ncl,1024.389189472321,992.9891091161126
Oxct1,1025.2014730030546,1017.1598355009372
Uba1,1028.9921646427665,1075.2306396845684
Oxct1,1031.047289331643,1008.2273316200968
Trp53,1032.6500264518354,1007.2793342338512
Cct5,1033.732302677627,1018.1872061000612
Snx5,1037.2894649373843,995.9887607966824
Oxct1,1038.7221406336862,1020.6460814672452
Ncl,1043.1292243579371,1052.44550300648
Snx5,1045.3655399365489,1045.6958736330664
Oxct1,1045.720069352435,1013.024394298308
Ncl,1048.6218585370143,1038.4417219584634
Snx5,1052.6123315386944,1045.496780980239
Oxct1,1053.808216985935,1019.1611981319888
Stip1,1056.0671002818704,1039.7240767382968
Vim,1057.5999021700668,999.8939984985832
Oxct1,1058.247756359504,1000.4128369990548
Raly,1057.7904052609942,999.9923190595556
Trap1,1061.3420143370072,1056.6607227294742
Ncl,1063.5035738984222,1023.2114387641042
Ncl,1065.0160098422998,1093.7384941429996
Oxct1,1066.563653847325,1065.209127061166
Psmd7,1066.3939093294189,1079.4744656913497
Snx5,1068.4033748921688,1095.4949775954935
Oxct1,1071.932339638521,1066.9377908099236
Ncl,1073.3402651136985,1056.1378384541758
Stip1,1073.7144114929004,1058.508264503607
Uqcrc1,1072.692159225334,1043.4487435032506
Pdha1,1072.5280899935726,1043.3052155398243
Mdh2,1074.2849108695789,1061.0415173556128
Psmd7,1076.730931942132,1024.3407288549463
Oxct1,1076.8017482943235,1090.4201058667168
Vim,1086.2359659895692,1086.424257549008
Spon2,1085.2397888134635,1086.129589333425
Snx5,1087.7424175180568,1077.5398162627944
Oxct1,1089.153612246827,1070.5948965043567
Oxct1,1089.4598975410834,1064.0826301138743
Ncl,1091.35863110865,1115.4344372325058
Vim,1093.2203075202135,1091.2050469474316
Sfpq,1091.972215572469,1091.0987634937703
Ncl,1095.4366082379206,1080.623862359041
Snx5,1096.1845980108449,1092.552388003494
Snx5,1097.642750078655,1105.5684923400277
Stip1,1098.4673662732964,1042.5328158557716
Snx5,1100.4655281666433,1058.9918512570712
Ncl,1103.3827932108238,1063.2139027441806
Ncl,1104.0718515569447,1054.7649944007055
Ncl,1104.2010428835324,1035.064480830552
Hsd17b12,1103.965592480499,1090.0944011080514
Fxr1,1106.8090958290272,1040.724464039159
Oxct1,1108.9418187988997,1044.7250613511665
Oxct1,1110.0287956264106,1121.000613907653
Ncl,1111.1915662319752,1063.1609956012635
Ncl,1111.4969876511786,1073.5111541258784
Ncl,1111.1524022663484,1051.108803167796
Oxct1,1114.724786582047,1055.76123377261
Stip1,1118.3755576532426,1079.6332736883935
Psmd7,1116.9323633972797,1030.886188080934
Snx5,1119.0910695810428,1092.2402874396375
Ncl,1120.9845998204069,1129.7401365457972
Rrp1,1123.150174478163,1108.169893250717
Ncl,1124.3588264851446,1084.299956325084
Ncl,1125.4305970635392,1076.3186754666733
Stip1,1128.2347917712775,1065.1665077372936
Ncl,1128.8928996133395,1142.1347232383046
Ncl,1132.4023754930586,1085.3594662371258
Ncl,1138.9593795792991,1074.1500140898056
Oxct1,1141.4844716658415,1090.9724310596366
Hsd17b12,1142.7534421802084,1065.7832093626737
Oxct1,1142.7247090948958,1130.2799963555526
Ncl,1142.8676861343042,1071.5194097768713
Ncl,1147.8704322978651,1093.5719037596489
Ncl,1148.2633073416564,1059.5352390300627
Ncl,1148.730727795178,1137.2694374081689
Rpl15,1150.4357201973248,1086.4425785083145
Vim,1150.743671827193,1085.8153310532994
Prmt1,1149.6575734517696,1087.3206427870284
Snx5,1152.5684053797877,1078.59552451914
Cct5,1153.3475869823294,1074.094089103301
Ncl,1153.941662452943,1075.1559346550057
Clta,1153.8605001960532,1074.553823477819
Ncl,1157.5698429918134,1126.5148773662636
Stip1,1158.1146850257785,1075.8570428922649
Oxct1,1161.646828615287,1124.8794976645222
Ncl,1168.177761982632,1092.576532526996
Ncl,1168.489625961056,1135.43836991562
Arf1,1168.6314610070374,1095.1374202267873
Ncl,1171.3706588817008,1167.2247906094178
Rrp1,1172.0317014647107,1099.3140704510572
Ncl,1172.7516390188607,1119.156768294323
Ncl,1173.1033832250791,1093.068720359403
Ncl,1175.4802737502512,1133.1040396974884
Ncl,1177.8125344657983,1177.8176069370547
Ncl,1179.5597524608493,1193.9352898363566
Ncl,1179.9240600164608,1150.901439027913
Ncl,1180.781184125638,1093.7205478442245
Hsd17b12,1184.1686948892557,1176.8734068797407
Ncl,1188.354883187351,1155.03679266584
Stip1,1191.8378384385132,1176.267670219769
Rrp1,1209.4224353221848,1219.356340235246
Twist2,1214.936394350893,1111.7686485265388
Ncl,1218.9892921198934,1115.6644327209076
Ncl,1219.7189009178685,1111.496605436039
Fxr1,1225.071244527498,1118.8836242284308
Ncl,1229.5236954181769,1128.689903417782
Ncl,1239.9058532181614,1129.379669257608
Rrp1,1242.5619550542096,1133.4304038842624
Ncl,1247.6170787713245,1133.318846108242
Ncl,1248.8233870430618,1138.7626514454528
Psmd7,1251.8620423591478,1133.6097675898227
Psmd7,1256.2648814930244,1143.4746484599095
Ncl,1257.479955275788,1148.1565445126676
Ncl,1258.8450136403826,1137.4254388465265
Ncl,1259.0968776558575,1103.225752800206
Ncl,1260.8214655861716,1143.6046238464537
Ncl,1263.3809551066322,1129.5009303466911
Rpl15,1263.1316664610852,1156.896390086125
Stip1,1263.7848365844764,1149.2355709107185
Ncl,1265.7287932963502,1135.6364701502953
Ncl,1271.5496798930535,1150.519877120452
Laptm4a,1273.7123972160907,1157.0521243176493
Ncl,1275.1075646672425,1148.6422214425895
Psmd7,1276.4495802059346,1159.2693098317743
Ncl,1277.8706990561825,1146.1412300587158
Hsd17b12,1280.6820710212755,1150.6152049856987
Sec13,1280.6016775201397,1151.406321618322
Ncl,1282.5469745414712,1157.2369494874276
Fxr1,1284.3184005595383,1152.7864653327106
Stip1,1284.9705309025985,1149.7356214506212
Ncl,1292.0650718806453,1150.8685008909388
Ptbp1,698.230164787502,721.0829661550396
Eif3f,732.4910615263968,762.7544175916574
Use1,741.4471530415142,777.811506342356
Idh2,745.6679097591657,775.2263958189658
Ptbp1,755.9685303162777,897.3016950065664
Ptbp1,763.1923891904827,787.8194232001657
Rad21,764.7459227209569,920.2628585033408
Hspa9,765.6166570307236,893.3545779363599
Ptbp1,765.6862505690324,837.4710710469168
Rad21,765.0315288870397,932.145258620116
Use1,765.2107127354244,916.6530047401682
Hspa9,768.3098160901654,911.289883225694
Use1,769.3661387638303,886.2085206299387
Gsto1,769.3867407508271,877.6241467295051
Rad21,768.7878871473954,798.3942976259189
Ptbp1,769.6415027255705,894.4617549597399
Ptbp1,770.3475710896982,833.559909081559
Hspa9,772.9020116096495,783.7276870121547
Ptbp1,776.4497275995368,952.4352967056448
Rps6ka2,776.8385545585821,910.7072667764182
Idh2,777.1281319404167,918.8472467436424
Hspa9,778.3354812290917,932.5908616046166
Hspa9,780.149436869679,828.0437884538593
Idh2,785.2189616192422,821.4138953961217
Eif3f,785.5062037998516,948.6109303807766
Eif3f,788.7796937425835,827.768563834017
Ckap4,792.9404630563992,919.5855222563716
Ckap4,793.1596616155505,963.0622960491193
Nr2f2,794.4460676754798,977.9629127512504
Eif3f,796.8047174719692,940.7878101887126
Ptbp1,798.6182197869966,932.993758298776
Ckap4,800.8196636800585,852.9079792488451
Cct8,800.6353016243798,980.6977969353604
Ptbp1,800.9759070697992,924.6874135694128
Ptbp1,801.5776611700275,972.6566067997804
Lamp2,804.1518916468966,903.426053019724
Rad21,807.9195591588807,854.8842244799425
Hspa9,809.1070017281174,851.3584363553425
Rad21,809.2931220391082,964.8382621050888
Lamp2,811.1264838229142,947.5846478340554
Ptbp1,811.775904296495,987.196074093372
Ckap4,815.2054763301929,898.653756573684
Mrps5,816.1819317746639,998.49058927653
Ckap4,819.9603401850275,974.8133737200644
Idh2,821.5819417620697,848.6659053657048
Hspa8,821.9419075904314,872.2062170715981
Ckap4,822.1064892742822,873.1026373426207
Ptbp1,821.8518851893033,1015.5470643905768
Rad21,822.7875958348145,890.1638408813327
Hspa9,825.7684093456753,851.0846722279043
Hspa9,826.9478157922915,894.0616097104189
Ckap4,827.7840385836693,980.2115585977002
Cct8,829.2011046375497,863.0138208613341
Ckap4,833.2938069483996,942.8708830115236
Idh2,841.834470409362,1027.6790352379098
Igfbp4,846.716579505346,1036.643812809289
Lamp2,848.3912566396717,872.4608804805378
Eif3f,851.9321133696898,1125.1988117949295
Idh2,851.9664747542597,1104.6335744568555
Idh2,853.5000952918344,905.7817885736893
Hspa9,857.803251787052,1130.001971049574
Twist2,859.597494475528,1074.1311603996903
Ybx1,862.1178903958678,867.8512026167357
Eif3f,862.2429362442527,1080.6921229218374
Ckap4,861.8433428181779,1016.6155880808462
Hspa9,869.506997027963,1059.0157579127865
Hspa9,871.9999200416271,1077.5379142212978
Ptbp1,879.8077155569041,876.5328271860797
Eif3f,883.3184895285009,1036.778382122032
Ckap4,883.3648513302269,1020.2239021953473
Ptbp1,883.7252170243407,960.333443955832
Csf1,888.9066788121288,941.5578901855872
Zfp36l2,890.5139819793717,957.081695214596
Ptbp1,893.3044941678853,1045.831252792215
Ptbp1,896.9176561370406,898.0704984747026
Grina,897.7501277182,1055.2854297054314
Thy1,900.4057035617888,1055.7390174969796
Psmc2,901.2270015762264,1056.4084286662994
Ptbp1,901.0603979822204,1056.3038320785724
Cct8,899.0369568663159,1093.6717889237705
Hspa9,901.1507873304904,1090.600386434923
Ndufv1,901.8401411492162,902.4965572961694
Sdc4,902.3839214864976,904.3392932350424
Eif3f,901.9833084563564,902.7044443624412
Ckap4,902.7471696387496,882.2598504434017
Rad21,904.0871238580972,1068.816362255544
Ptbp1,903.854266652918,1038.9910926174084
Eif3f,904.5443644414928,1074.1331274611678
Ckap4,905.2408711025575,1058.9168206768975
Srm,906.529932251339,1057.8795681893127
Ckap4,907.7170480243352,1071.289231410528
Hspa9,916.5439123024036,1085.8903234282247
Rad21,920.010500941543,920.0319690629676
Csf1,920.6552386110664,945.682212799884
Hspa9,920.4195192190076,1083.6260087564892
Cct8,921.8278683512164,933.003061328455
Hspa9,923.2001530424648,1053.0168672753462
Ptbp1,923.536725649165,1072.6391551017657
Ckap4,923.8872044538784,1059.3057166994818
Lamp2,923.6104876367845,1038.8248113831914
Idh2,923.9105100920054,950.1732777315788
Idh2,925.1014830785896,1074.8548118866809
Ckap4,927.9836931919484,1071.4088338453855
Lamp2,928.311436071882,1009.6218405333428
Hspa9,937.186030358976,1090.7241808696274
Hspa9,940.846523540975,1095.2486645092715
Lamp2,942.2389554584556,967.9980639142792
Eif3f,948.2312961824072,1063.6458238322082
Vat1,948.7958228819456,1062.7768351362247
Ckap4,951.2184469840332,1003.0071235768056
Hspa9,952.3201322006952,1063.7869937988255
Eif3f,952.6766886885104,1045.8507118649172
Ckap4,957.174114115472,1059.9721036446117
Ckap4,970.0538644138765,1061.9095088210502
Eif3f,973.3409576284369,1042.7552760548904
Eif3f,974.1915714697194,1086.5703688062156
Ptbp1,975.1790788072576,1059.5648597748202
Hspa9,975.70816674507,1063.3413910752668
Cct8,977.1808094360242,995.8799205654324
Maged1,980.4160340095868,1080.283780713242
Sfpq,978.2046118953624,1080.3418748759382
Rpl18a,981.6310286649178,1064.7214797445538
Cct8,982.5178666790688,950.2175430641216
Ptbp1,983.6079139633496,962.2602160712285
Eif3f,983.249625495707,1098.9976765663275
Eif3f,983.6148395129962,1085.1047548273104
Eif3f,983.7863290458232,1007.9577505414782
Eif3f,988.0815598733458,1065.174117405278
Eif3f,994.1058109994976,1007.4294570627436
Ptbp1,998.9192830304646,1018.7378033182374
Ptbp1,998.857749379875,988.8699354384416
Hspa9,999.3654977873248,1013.1330295785972
Ptbp1,1000.275907241529,967.0865266259576
Ptbp1,1005.4878701185388,1005.0282801690856
Hspa9,1008.1700564506012,1060.3690295834435
Hspa9,1012.4517132657662,990.0685109348594
Rad21,1015.5179796608764,1020.4087297923696
Ptbp1,1015.4287366009808,1027.4451709552122
Lamp2,1016.8124383623104,1045.285589604792
Msn,1018.6905318406804,1070.0546225319588
Ybx1,1017.6925277874534,1001.6583998593928
Rad21,1020.1815130751838,1017.3826665537074
Ptbp1,1021.5524843568764,1031.5457499019903
Ptbp1,1021.9835145458756,995.0687494061706
Rad21,1026.8078738406314,1005.1076588298451
Rad21,1030.1387460944425,1010.079868180879
Hspa9,1039.5309876510146,1055.8629181646158
Hspa9,1045.1602447210523,1097.097725128538
Ptbp1,1045.4803927470512,1025.8547675011268
Mrps5,1045.7753608020817,1084.2022528522648
Zfp36l2,1048.394093138012,1005.204574826628
Ptbp1,1049.7238280693332,1079.0179431715237
Ptbp1,1050.2428884065146,1048.826206141897
Mrps5,1052.5361658136967,1053.6379734152658
Ptbp1,1052.558777683487,1003.1173545602466
Mrps5,1064.2749560434768,1048.533749578279
Mrps5,1070.37344122564,1032.66511105899
Ptbp1,1079.9911074395693,1074.651883910684
Hspa9,1085.4391439296626,1059.1993487492616
Ptbp1,1085.3048544515264,1023.1648300926422
Igfbp4,1087.4905802129088,1038.1857511580004
Sfpq,1093.137660634237,1040.2207504309167
Ptbp1,1092.5502272058577,1087.0622852936403
Mrps5,1094.244693082074,1081.6544265641191
Rad21,1099.4666290941177,1034.2275701250394
Hspa9,1101.581795802761,1076.1499547022995
Hspa9,1103.226829697338,1111.6129614661063
Use1,1104.7262938917163,1088.5088838738195
Hspa9,1105.094055282395,1057.0906728516943
Ckap4,1105.5652549463668,1071.0394544979422
Mrps5,1106.0023113456327,1098.349991963749
Ptbp1,1113.6355232753117,1075.2965158439877
Eif3f,1115.8762358675615,1108.050210951331
Eif3f,1119.172017497687,1093.1806167338425
Lamp2,1119.438067103737,1083.941191557449
Idh2,1122.7806249690668,1124.882655522504
Ckap4,1124.1719420709362,1096.824958103013
Ptbp1,1128.0475685948509,1073.5688016622987
Hspa9,1130.548606852018,1122.3776722308362
Igfbp4,1131.116089825478,1051.0189577536578
Eif3f,1140.5286802869225,1039.1390643498914
Idh2,1142.9675304608747,1072.0138973739877
Ptbp1,1144.5999761025084,1085.4980350321505
Trim28,1145.1210870970851,1041.0932382431529
Eif3f,1147.1752087501482,1130.7848948850135
Rad21,1149.035679301538,1084.0916603492085
Rad21,1162.2236024378071,1140.9457013388576
Mrps5,1164.7341888581443,1077.4235914687183
Lamp2,1167.8666500488937,1091.678340452729
Hspa9,1167.3473400235798,1162.877908921758
Idh2,1173.7186186793178,1063.1437115713995
Hspa9,1174.2243771307374,1100.3716032665393
Sf3b2,1175.4511143371062,1125.942543792317
Use1,1184.16353897727,1142.727128124514
Eif3f,1195.617056999649,1177.295697693366
Hspa9,1207.5255163497193,1235.5151876160294
Eif3f,1214.0137434883125,1219.2601980109473
Idh2,1215.4670085390687,1078.3271926990888
Eif3f,1220.9192994341872,1078.2696832657357
Hspa8,1227.415678612439,1116.7812335782287
Fus,1228.2883689112775,1115.9051825736697
Ptbp1,1228.0508013914066,1119.6553938432403
Cct8,1229.5451374515878,1121.8917197581177
Idh2,1240.0634247894586,1252.8999490965707
Ptbp1,1246.973836616167,1135.7715661822394
Hspa9,1264.64711212655,1138.8074946545537
Idh2,1264.663869225381,1146.6731110079108
Ptbp1,1274.3227052671416,1160.1733515939134
Ptbp1,1280.414661420646,1161.8908514534587
Idh2,1294.4661441599785,1155.4981746672418
Gpi1,692.3752735159653,712.2066664391568
Gpi1,693.5163019429053,722.251296658508
Gpi1,703.2830257061044,716.3972884834839
Gpi1,717.9157484733665,742.2691330398973
Gpi1,731.0893154769063,760.6168772572992
Gpi1,730.6341663850965,776.4244818513077
Polr2e,753.6128253133832,789.9238649016265
Laptm4a,760.6799731759543,852.7886681971406
Mbd3,761.2414159823023,905.8758276103404
Gpi1,765.0549055972426,894.541879576134
Laptm4a,765.4882660404166,818.4540468961518
Gpi1,765.3387924333914,887.7044395097519
Gpi1,765.9068793596548,820.4694807569123
Mbd3,771.8058873687712,905.3586520462728
Gpi1,774.5705704783209,862.6808993270898
Laptm4a,774.8681393128558,833.8770728738175
Polr2e,774.9466876967738,846.0071675598988
Sat1,778.5741599647897,829.9136353121648
Mbd3,778.7583396361421,876.3167529048307
Rps6ka3,780.3365425307044,882.1411998645669
Polr2e,781.8798915406121,797.7154250013159
Mbd3,783.0333419160183,812.0671234865737
Polr2e,786.5362839436367,894.1359402296696
Polr2e,789.5836031850513,872.4884773319928
Polr2e,789.5915460190058,812.201558372357
Rcn3,792.0415031807845,905.5051233904368
Mbd3,794.4285012634766,889.970472283241
Laptm4a,796.7237784387364,867.6812372789061
Gpi1,804.7602654052877,975.8532334565352
Sat1,809.6821638420278,953.4950555883554
Gpi1,809.8379395898994,967.8259789112624
Sat1,811.0120787458521,915.250779008308
Laptm4a,819.595597491418,960.8957115682466
Laptm4a,820.7133870989071,949.9515513032997
Gpi1,820.8374783879049,854.9711116836172
Polr2e,823.0033637756337,987.8662046355043
Sat1,826.8229003582068,835.2898872284434
Ptgs1,828.2881797040592,843.3182362025261
Rcn3,832.4988095805186,844.4695932306986
Mbd3,833.4160525701114,1001.843837098494
Laptm4a,835.1224515198353,846.6297593064542
Sf3b2,836.6096923444459,1022.3230758336158
Sf3b2,845.032436668192,842.7921193116506
Polr2e,847.00450352094,1039.8411862826256
Gpi1,849.237750589189,872.3803129339717
Mbd3,851.3401246742696,1052.7361364192154
Laptm4a,852.5435167363185,957.7832242940884
Mbd3,853.4354163180917,1016.9528931663474
Thy1,856.9090264207916,883.2860215210304
Mbd3,856.5716955133734,1033.3549935400847
Polr2e,856.6775587777231,1029.7163547460832
Sat1,862.5909939746406,1023.4437061657673
Sat1,869.0884730657071,1064.4627410505948
Gpi1,871.4831603873506,1164.221469733429
Gpi1,874.008486620768,867.8348435743342
Kars,877.1590956358418,870.0959395750085
Mdh2,874.9740678465851,870.7297061606791
Gpi1,876.9746462849739,936.1955230277074
Vim,878.5581205101454,1023.7304864519456
Dpy19l1,879.9425787268057,1021.8313544328116
Laptm4a,880.5496747333016,940.18515089537
Sat1,884.2964993250233,911.0100622926244
Gpi1,884.6721220196355,921.8842524957494
Dpy19l1,889.6456984751783,900.4411605340531
Thy1,896.1969639812721,977.3820599872158
Gpi1,901.5676622621968,1080.828895698702
Sat1,902.908441334502,1121.319520243885
Polr2e,906.1547447920108,1085.1123457346366
Dpy19l1,908.645145879536,926.60163636781
Gpi1,910.8529171675594,1065.5020312362706
Nr2f2,914.404857559141,976.2061175716374
Polr2e,918.4428262264008,1084.9131243859797
Uqcrc1,918.1793993225416,1083.3812283029697
Ppp2r1a,921.950102403722,910.9717968604392
Mbd3,927.4134190358224,1086.8211488881716
Laptm4a,928.9085245111396,1049.0340052922577
Polr2e,930.3860134999048,1003.4790902610442
Gpi1,937.3487579248176,934.3458380195704
Mbd3,938.9488368645408,925.439015487864
Mbd3,940.6496998528024,929.1889126653638
Mbd3,939.7757485335806,1069.2422552119965
Dpy19l1,941.8216598704662,1022.2935099622568
Rcn3,944.4917999569371,951.1627825929604
Rcn3,945.0704889576252,1026.3919103400565
Psap,945.7476677653804,1031.2488999745713
Gpi1,947.5086749154084,1083.9243183242586
Gpi1,948.548348970876,1055.914340746437
Polr2e,954.347544152999,1098.3484284307197
Gpi1,954.420133606568,1084.5375126752774
Gpi1,955.726132785438,1057.0101733370632
Dpy19l1,956.2442700164128,1003.8882512895884
Rcn3,957.7522061321132,1037.9690208315724
Pdia4,957.4243136630776,1051.9733665573638
Gpi1,958.1293239770844,1051.5123435847313
Gpi1,958.5570527648424,1017.02290540078
Mbd3,959.4162890603204,1007.7895773638272
Gpi1,969.8641894056068,1035.0449086079666
Gpi1,978.5425469213852,1075.3869388196626
Rcn3,979.4481421418456,1037.8930589364245
Mbd3,979.2981085963972,975.9203314320338
Rcn3,990.4819857758442,981.0086192179168
Gpi1,999.544075100942,968.3298534573248
Gpi1,1001.2566583858866,1051.88970272643
Sat1,1004.8862488390575,969.3374242287464
Gpi1,1010.2675336494834,1022.6626859268154
Rpl18a,1013.472537580458,1056.1878919257254
Mbd3,1020.7457819832716,1016.2175896747816
Sat1,1040.0737653605006,1057.5449352736796
Gpi1,1041.5230827503474,1051.512323165524
Gpi1,1043.2527793679478,1005.1704236819064
Sat1,1044.866153098792,1091.3511063272665
Gpi1,1046.9084924274202,1020.4941152252856
Gpi1,1056.4329191065783,1017.4355169643763
Gpi1,1057.3671952508837,1061.5235942600204
Polr2e,1058.5999597429084,1099.458872401375
Gpi1,1059.8934908531703,1104.9098405622758
Ywhae,1062.5354029900084,1051.7239459762234
Mbd3,1069.7776370938618,1029.8808819541034
Gpi1,1076.7145047768065,1055.6466403298846
Gpi1,1077.9583738955855,1099.8262734401455
Gpi1,1085.4054167513018,1079.4293323042616
Gpi1,1085.1408104652944,1065.2969389978214
Twist2,1096.68976896573,1114.133950072881
Mbd3,1099.0729388802897,1067.4924002140258
Mbd3,1100.6036209355498,1081.0878275596667
Gpi1,1101.858924195477,1034.322395998413
Laptm4a,1102.5684752056682,1061.7504493996184
Polr2e,1102.642339323883,1029.261800597087
Sat1,1103.5324694359942,1042.1527417675256
Polr2e,1110.028115480157,1109.837819080749
Polr2e,1112.615906870307,1085.5340423691398
Gpi1,1121.397610806858,1046.1921503102226
Mbd3,1122.4855566890656,1097.399984270171
Polr2e,1132.7961411291128,1084.9664649890494
Gpi1,1133.69833168928,1053.9262802111132
Sat1,1141.18450266969,1082.4712355993222
Polr2e,1142.8061568309254,1127.822716880287
Gpi1,1143.3389058240073,1089.2393752322664
Gpi1,1147.941825417571,1049.7255944958254
Sat1,1163.1755510224004,1086.1203772871058
Gpi1,1166.0463497872624,1124.3475846129732
Gpi1,1174.959852471963,1071.5516205598478
Sat1,1174.535681135315,1063.4022430712832
Gpi1,1174.5006279566358,1097.168042525664
Mbd3,1183.121181775882,1153.328306049936
Gpi1,1183.6154753168632,1045.61883185951
Rcn3,1189.4886164382183,1205.2342156207148
Sat1,1192.3370005678655,1186.7528298844777
Mbd3,1257.9959553359197,1147.7490033818383
Gpi1,1276.237487898563,1143.495467039621
Gpi1,1276.331522376537,1147.1292982236405
Mbd3,1279.1678878973214,1150.773869078122
Vat1,716.2116587758812,752.3338262452374
Rcc2,721.2590734167997,738.6458577269182
Vat1,730.6514246484161,752.9846933656904
Cited2,744.5307660415028,793.5998151594459
Rcc2,747.5601043869215,797.8493478867726
Junb,749.7949466774492,809.4889245213126
Rcc2,750.9441627179275,814.2665122937922
Vim,753.9284747711922,771.4270067155535
Ran,754.7294453278266,772.3117497459056
Vat1,756.5475276735533,905.6889990505284
Tcp1,758.9219217532741,840.4268920714055
Cited2,761.8716440562939,818.6340368923738
Vat1,764.4806008243952,789.1319542711939
Vat1,765.9035254784368,818.9652567754856
Rcc2,767.1043006325676,907.0576102812367
Rcc2,768.822355893315,899.6339781184229
Junb,770.3624010734164,860.0191371791178
Rcc2,772.8641877741607,873.9274696602371
Cited2,775.0290250840621,858.5441825410096
Rcc2,778.9052499769597,864.2491853316433
Vat1,779.911257791023,953.54545391926
Cited2,780.4644520704861,944.5444666462184
Tcp1,782.2275373200471,823.0997533491768
Cited2,785.8771309561981,870.9992045231505
Tcp1,788.0165841392816,838.7599640960757
Tcp1,789.0487059048829,834.7383648846944
Cited2,789.9009952532716,853.5578495483525
Vat1,792.2987038099104,960.9655230026168
Vat1,794.9326704468156,864.2167733954503
Vim,797.2727906736959,866.3214830811685
Cited2,798.5174019339257,910.5966977690476
Vat1,802.9767337546173,815.8725411791728
Rcc2,811.1595980290979,1006.719709792616
Junb,811.9186295440373,854.9551092095417
Tcp1,817.4166396002898,1010.1572993684428
Vat1,820.8480970468945,978.9333375970876
Cited2,823.8413284457745,838.9915922763996
Top2a,823.8975227293574,962.8201500082592
Rcc2,829.9439382841206,861.8950622116325
Rcc2,831.1574078430469,871.9408539819788
Rcc2,836.206582048953,941.2509933538988
Tcp1,839.1886236654921,979.2140496213678
Tcp1,840.1444005640967,888.4203693320144
Junb,847.6954946210137,963.7036403757724
Rcc2,848.0889753037651,879.5485824471668
Tcp1,856.8884347635427,1090.493719328323
Vat1,863.0390243965301,1034.8570029588543
Cited2,868.8900283555388,1147.306172111161
Tcp1,869.442416478364,1098.523816886075
Cited2,873.7132623721465,941.4121989579126
Rcc2,876.5088895003976,1068.5069303561042
Rcc2,876.9773888583865,1007.0963697091636
Vim,877.1887137682997,1017.1197895480632
Rcc2,883.1639614874509,1097.374464664106
Junb,887.8483632785079,981.2930469228354
Junb,891.8956870316147,896.1008949464252
Rcc2,899.5220598518873,1129.2749401060678
Vat1,909.0665059102528,1019.7240772454252
Cited2,911.463100731746,1078.0339093125958
Cited2,915.7109855539762,934.7689579073312
Rcc2,919.7159569923108,1062.5985405593874
Cited2,924.318085463229,949.93636812581
Rcc2,927.6886150343396,1093.2115986352237
Cited2,925.5405907728626,1093.3062923829016
Top2a,927.7541318875436,1047.8078054816217
Vat1,938.286083875756,1083.5144247146611
Vat1,940.7551256388988,1028.3594087170875
Vim,950.9123596632768,1064.1755701315285
Ddx17,951.339837090638,1063.481045795203
Cited2,969.1498714963052,1001.29187846644
Rcc2,969.089723951508,1033.6107075253854
Vat1,973.6876897346222,973.899234611746
Top2a,980.343264110932,1001.391198046892
Vat1,981.4356699469092,970.8727510953116
Vat1,986.2350594189568,1075.7934427016066
Rcc2,993.2961377712008,1037.596508890422
Tcp1,993.5899123427616,1091.1867042493775
Vat1,995.935199610255,983.8339223688504
Top2a,1004.628568695342,1041.8979085028548
Tcp1,1014.061737761846,1011.5327602604812
Vat1,1014.7987687989852,1092.9716801915913
Rcc2,1014.7092275822206,1067.8959114473691
Vat1,1023.0966534940344,1020.834740741703
Vat1,1026.4160645209624,1071.496581325794
Fkbp9,1036.496373473048,1079.8121660617005
Hdgf,1039.7333472225398,1001.5544885842368
Vim,1039.2667529633477,1001.1752511063712
Vat1,1041.9241126489514,994.198880733088
Vat1,1042.9038796593568,1016.845325954184
Rcc2,1050.0095735463883,986.7893730982054
Rcc2,1052.1715781054504,1076.7889405687756
Tcp1,1054.203464174026,1041.536202266637
Nr2f2,1055.4747302038402,1056.650695982171
Ybx1,1056.1932068442784,1057.1423500162305
Ran,1057.2441243572653,1055.8012765579606
Vim,1061.272663256184,1042.1759832811304
Rpl18a,1060.1021734682492,1041.512331738387
Rcc2,1061.3591247762113,1075.8974293947922
Vim,1063.8192626327852,1078.427732587082
Cited2,1064.425497617288,1057.7777849834156
Rcc2,1071.9736058688254,1050.1288558214496
Rcc2,1073.6528023912726,1091.832289319451
Cited2,1074.948774696386,1102.8779977145673
Rcc2,1076.7969231226054,1012.7308044437816
Rcc2,1085.011210860854,1022.4595690129314
Vim,1087.238297974317,1121.9001054561368
Top2a,1088.244287071896,1037.836750733223
Rcc2,1089.8157706026532,1054.7182366038687
Vat1,1091.3699959183696,1080.212713729601
Vat1,1098.9312718904723,1101.4556982750769
Vat1,1100.6739875438032,1111.180790314839
Vat1,1104.7931760768774,1067.8196776342436
Zyx,1112.984198749139,1051.4857895960054
Vat1,1116.6949267796715,1083.6013237142552
Rcc2,1119.144824315849,1070.855083889124
Cited2,1133.2362741765082,1040.409077807689
Top2a,1138.903610342492,1090.833608040562
Rcc2,1140.9542841087168,1070.0214946339154
Rcc2,1164.3897960291392,1071.9247115282922
Vat1,1171.4845850270458,1086.153482106023
Tcp1,1204.19433834839,1043.881984978325
Arf1,1216.0242215719436,1054.9360108618057
Ybx1,1215.4154057090536,1055.1290357849934
Top2a,1256.2061586699365,1132.4824638685525
Rcc2,1258.0294646028433,1151.029875558173
Vat1,1258.5873643000564,1142.1454392359587
Top2a,1262.8838358104708,1152.698757587122
Top2a,1270.291905480637,1149.559125410735
Ergic1,677.2813851459719,693.1803689741006
Efemp2,708.1129503723866,736.6195902397998
Pgrmc1,723.2135793589224,748.2873784202982
Efemp2,740.2709807591565,771.0745853518251
Pgrmc1,771.2580418531585,834.548440729278
Ergic1,785.8831025522488,962.0344057194992
Pgrmc1,786.6117018603086,934.4678206116467
Pgrmc1,787.0260816647134,879.6447941539384
Pgrmc1,794.342916198128,959.080905382826
Efemp2,811.7470629417376,902.8386510486116
Ptgs2,813.0607664650437,963.0277321335952
Efemp2,814.317307869778,905.9164765245166
Ptgs2,815.8323794325586,985.7986012530348
Efemp2,815.9996388823342,892.1848284242221
Ptgs2,818.1660477414032,937.2212769352768
Efemp2,818.1321806434657,1011.0151878854005
Ptgs2,819.0992180781445,852.5527475489985
Ptgs2,820.0093121868117,923.2156779948524
Ptgs2,822.2037647299592,941.9370342160482
Ptgs2,823.9343218748278,883.9551887401958
Ptgs2,828.2641682984627,901.5325327391972
Pgrmc1,830.0141619626723,981.196233242302
Ergic1,831.158902549423,1012.2644750679152
Pgrmc1,831.8601029816709,1000.2894993630688
Pgrmc1,835.1234937388076,1024.1746410101478
Ptgs2,837.5346415551355,974.7508918195206
Ptgs2,838.087474508744,896.5847896723204
Ptgs2,842.6203177515717,901.5086331254388
Ptgs2,843.713877092227,948.9744890510271
Ptgs2,843.9816855201534,988.0697979578624
Ptgs2,844.292749267026,927.9533407856884
Ptgs2,848.796267072182,1007.1904706996332
Ergic1,852.1317690759583,990.470152595328
Pafah1b3,853.1521227524415,926.2197657030893
Pgrmc1,853.6096620271181,865.5080265080469
Ptgs2,854.0376078868039,949.8415818698372
Ptgs2,854.3939407807401,879.3124673354716
Ptgs2,856.5738706078812,937.972470622497
Ptgs2,856.6276871868133,1010.9935912406104
Ptgs2,857.3908644191937,949.1445471521824
Efemp2,859.097239420459,877.8579576226632
Ergic1,860.0622817082178,867.9454352685876
Ptgs2,861.7794301247596,993.7572845577284
Ergic1,861.0233695357243,886.5616465553385
Ptgs2,868.0979218693735,913.2230751181968
Ptgs2,870.0258880974408,926.0165412199456
Ergic1,870.8420010157297,1050.654215168274
Ergic1,873.1084921699737,968.374979123239
Ergic1,874.1500746950348,1002.8094365421111
Pgrmc1,875.0950114188402,1040.9189807263272
Ptgs2,876.6856840602118,949.7891322048316
Pgrmc1,876.3554294437338,885.6015970956084
Efemp2,878.5983514655051,969.2879849681716
Ptgs2,879.298671166112,1012.259213936323
Efemp2,880.6275617575965,1019.3428605098844
Ergic1,881.7530091450678,891.5071424029662
Ptgs2,882.802394325848,967.7327997910731
Ptgs2,884.7715980047644,982.6165710084796
Ergic1,889.3271139685992,1095.9865138865623
Pgrmc1,893.9344699045564,981.2100032774188
Pgrmc1,895.4780573761095,1022.79068943148
Ptgs2,902.465002231479,988.8645379076556
Ergic1,907.1995213360144,977.4882126886826
Pgrmc1,908.0919924958764,1073.5409216557937
Ergic1,912.2320119412974,1024.8938231558288
Ptgs2,916.4652565991504,916.8216683943864
Ptgs2,917.3653250024674,923.8313778674888
Ptgs2,918.2649484828694,1002.5979276223782
Ergic1,925.5646454038672,1057.47603577884
Pgrmc1,927.9471157305022,939.2555907132484
Pgrmc1,929.0126309402724,1004.5017088608516
Pafah1b3,933.4498255292924,922.6702606348854
Ptgs2,934.533445343296,1068.54085730705
Ran,934.1541254479956,1069.030880179431
Ergic1,939.3957190220788,1071.4197962059368
Ppp2r1a,943.536214807114,1092.9168521437157
Hspa8,942.1240902456874,1092.9981984367826
Pgrmc1,949.2210500139212,948.4403212775462
Pgrmc1,960.7415805310724,1070.370911321358
Efemp2,965.4694804737624,954.777458098543
Efemp2,965.838848371874,1017.4340715599444
Ergic1,968.8536621184649,1053.465688809913
Efemp2,968.2870623406104,1023.1902313703456
Vim,977.519844622416,955.4121973943444
Pgrmc1,986.703927318532,982.030226936334
Efemp2,988.0885024073108,995.739877861432
Ergic1,996.5445252930796,1009.1029165837242
Jun,1005.8308527527448,1043.0041264411188
Thy1,1007.5594419753194,1042.6495354337237
Pgrmc1,1004.5954386150612,1044.4631666146377
Ergic1,1014.3874197829846,982.997900925004
Pgrmc1,1015.267271621742,1041.050262508936
Pgrmc1,1017.5722548848016,1002.288985771558
Ergic1,1018.3034221053668,1035.9509906533704
Efemp2,1020.6662839233107,1097.128980299574
Ergic1,1024.8869876536091,1040.707383408162
Pgrmc1,1037.1168905518316,1071.8242223501363
Ergic1,1043.9514108138137,1057.3014004435445
Ergic1,1048.6779105812125,993.4935061804988
Efemp2,1060.5184558465426,1087.6034049170862
Efemp2,1061.8870072794932,1061.548176157096
Pgrmc1,1064.8717740133904,1056.3454107786592
Maged1,1075.6524180902263,1028.068636932636
Ptgs1,1075.945859710279,1027.6719995007466
Pgrmc1,1076.5891772540635,1101.1711329905938
Ergic1,1080.158758181206,1113.058774868954
Ergic1,1083.729383922,1037.235505724481
Ergic1,1088.3821702493883,1050.5841253544115
Pgrmc1,1094.8879377077994,1056.052495541688
Efemp2,1096.4978390730037,1074.8470211760498
Ergic1,1113.2304758166392,1133.064505991682
Pgrmc1,1117.4686477005737,1053.5741018290903
Ergic1,1156.4543985659716,1134.9987218748597
Ergic1,1171.0771962821675,1083.760185289531
Pgrmc1,1179.9574876311578,1057.862791177245
Pgrmc1,1209.3678140407458,1206.2857212618371
Mrfap1,682.203664529188,694.552846112995
Mrfap1,688.5843843986095,718.2696874260308
Hspa8,693.4559010203125,706.4918409196348
Hspa8,700.9652002691817,718.5050395455537
Hspa8,704.8555833464943,725.3675880845767
Mrfap1,709.2741768167826,732.1313789503251
Hspa8,711.3596212937495,731.9570779078325
Raly,722.2684167876455,763.9678834747797
Hspa8,722.6455252704872,757.3583975877815
Mrfap1,726.1755011229261,758.6879027732043
Raly,726.4557363526671,745.7867224496986
Raly,736.1393590297439,765.499307171747
Hspa8,736.2828490603879,791.646140876405
Hspa8,736.826231844043,762.0865250751156
Hspa8,738.5660493514189,766.9904005942155
Ercc1,741.640362637181,763.2018011312791
Raly,742.8286226313637,773.4737998289366
Eif4g2,745.6467539807054,789.4848615337328
Hspa8,745.8671500085127,784.7615247229766
Hspa8,747.2055849246351,798.6736276708109
Nr2f2,748.2143715836552,797.5348360396354
Hspa8,753.2127954657057,773.3774026885659
Raly,753.9167574651176,904.6995064052918
Hspa8,755.2121074340444,802.9309398931074
Hspa8,755.9482596729842,830.9060029179774
Mrfap1,756.587743708999,891.8103738762568
Mrfap1,758.5672124839282,812.4977075647702
Hspa8,759.9662138222143,800.174376393086
Raly,760.6303334627593,820.0359875224266
Hspa8,762.8954074618765,786.7585871250466
Hspa8,763.9835870805634,872.2834486560387
Hspa8,764.1688811113236,904.856445074073
Hspa8,766.3222153913188,777.2204463266158
Txn2,767.6414973526074,904.7106841587467
Hspa8,768.3919737063304,801.1977639020819
Hspa8,768.7504020483536,909.4700290105244
Hspa8,771.2932030128059,844.8616608092868
Hspa8,771.7317129234763,927.5423994275196
Hspa8,772.3283513595229,870.7000901666454
Hspa8,773.8144990594018,947.234945088251
Hspa8,773.6272562500748,838.7564138092191
Rbm3,773.1184501051665,935.3989376386004
Mrfap1,773.7689230382125,862.3198749074031
Hspa8,777.1407254093875,937.7707339271416
Mrfap1,780.534891606483,922.2627168748612
Mrfap1,780.4138597478567,819.3811104466662
Mrfap1,781.0151133518852,951.4858424890108
Hspa8,781.6260419505649,793.1128503066178
Oaf,781.7689350507987,883.4709878934219
Hspa8,781.7606460140296,868.217869176617
Raly,782.2023506516282,902.4721507296008
Hspa8,784.8941160447498,835.8020684721967
Hspa8,784.9107884318748,810.253788586818
Hspa8,785.7067940669239,850.1199803818056
Hspa8,787.2429273448768,942.5286878157152
Oaf,788.0534164619779,969.733824692266
Txn2,789.7620501324031,809.7076031724336
Raly,794.2371615678509,810.8040635024715
Hspa8,793.8850420691923,870.145512410334
Raly,793.3817589785938,832.14602314382
Hspa8,794.3105389044276,852.0685506753438
Hspa8,795.2103086256361,965.3035576348929
Txn2,797.2620057099956,835.1982420932343
Mrfap1,797.3489966991817,922.0410639236007
Mrfap1,799.1794064856592,978.4881905408924
Hspa8,799.0587577225668,831.5213390968445
Hspa8,799.5967381784919,902.75046283939
Oaf,801.3333044522597,921.1828105722184
Hspa8,802.1073057700304,813.9684753101891
Hspa8,802.6513564330256,987.8732958160464
Raly,802.7170187607846,833.5146052825755
Mrfap1,802.9604564276083,835.993660028322
Txn2,805.4600861342994,823.5108919415492
Mrfap1,806.466793251711,974.5212332949392
Oaf,806.6996067573637,946.7117934955584
Hspa8,809.0006995740068,824.703374434527
Hspa8,811.1863170557267,831.5323627333657
Trp53,813.3108624697354,846.1751973817612
Txn2,812.1453309034238,960.0115100479472
Mrfap1,815.8834173442465,997.4811992222336
Rbm3,815.790661084375,822.531288742075
Raly,816.5238394859207,819.3061098641638
Mrfap1,819.5214514211846,973.13696547995
Mrfap1,819.1154927521017,990.4840063215752
Ercc1,820.7716812671414,993.3409995819384
Hspa8,825.2102026198822,1018.3441659419564
Vim,826.0311321866593,831.6805275115955
Hspa8,827.0593217380506,900.4812451458929
Mrfap1,830.0864045848186,863.2402530066183
Hspa8,829.9114989379694,881.0341290435184
Hspa8,829.8378758832619,852.9967912691098
Hspa8,833.6410332603343,1026.6408709621965
Hspa8,833.9877674525994,1037.6389680407165
Txn2,834.22672853643,847.0681412867218
Hspa8,835.1015232034542,852.3320721366132
Hspa8,837.6472737161603,858.1345386589379
Hspa8,839.4099298421318,946.5346683674466
Hspa8,840.5179030179794,842.2244959468754
Mrfap1,842.7989168353548,963.7180167923184
Mrfap1,844.9975114358965,1027.4004236095125
Hspa8,849.0513593464236,1139.5751124089863
Hspa8,849.9068717359944,1038.3307194362756
Mrfap1,850.0166277557048,1046.134490455618
Hspa8,851.0928520323496,1108.5323299297809
Mrfap1,851.2245109710011,881.9304514011114
Mrfap1,854.2899894277868,1057.2418226712994
Hspa8,853.9628303749373,1009.1525778022384
Hspa8,853.9568941038057,1031.6189947948849
Vim,856.2212119991623,876.651728414514
Hspa8,855.0867557800977,877.4222641661546
Myh9,857.4840103894539,862.4941839207274
Txn2,856.4493264193393,862.1279507235938
Mrfap1,857.0036197180066,858.3196384396246
Hspa8,856.4786787029814,1041.3688415977113
Hspa8,857.9770156146778,987.6525983406582
Oaf,858.8373112513362,886.6313372798372
Ly6e,856.9056573671118,886.3897078888065
Hspa8,859.5997393461143,1022.350944758106
Txn2,862.2911807308825,1038.95060089894
Mrfap1,863.9997755949493,929.7383228054272
Hspa8,865.2068988698021,1058.4611297197705
Oaf,867.526444412682,935.1797756492276
Hspa8,870.0233716350215,1058.3290259151986
Hspa8,871.5851754058126,1123.2062103877686
Oaf,874.2692822600891,990.265761215186
Mrfap1,874.3265586848394,1082.7901322526773
Txn2,874.6190103315544,870.7567142889233
Hspa8,874.6472493713933,1002.6101737734548
Oaf,875.241642083628,1047.9821494517005
Ercc1,877.2412935513711,1050.076834618366
Txn2,878.453894726265,951.366111094749
Hspa8,878.2297256004031,999.8136549616332
Oaf,880.0416404476696,1058.4788306438882
Raly,881.1437636256177,1064.0516346864772
Txn2,881.338515023737,877.2706671372389
Hspa8,883.6006185861464,1156.2142253198924
Hspa8,883.1433623719865,882.8387116995538
Oaf,883.7604861302311,1016.1577912099636
Ercc1,884.3515467188321,1165.907155132125
Hspa8,884.492634230317,1055.662670298724
Hspa8,886.0498320271502,1078.7300682412842
Oaf,888.3554144541207,953.000361803548
Hspa8,889.1362372282271,1054.5913006538167
Ercc1,890.8697915507485,1143.230895992694
Hspa8,890.5650556395357,936.2048517152284
H1f0,889.771411394064,937.5314675569768
Oaf,890.4895520688456,982.6220261537604
Mrfap1,891.3231388184926,1139.2756452862127
Hspa8,892.3051414381271,978.9838766619288
Hspa8,893.8001299565278,1131.731745546036
Mrfap1,893.8522404095299,1120.8607988860936
Vim,891.7022143984402,1121.0630295377766
Hspa8,894.9066878908998,1143.9622600892667
Hspa8,897.6828308508914,1039.6037805341489
Oaf,898.3066086478309,954.6402222282326
Oaf,899.1407906876716,945.0784932944356
Hspa8,899.4531325034361,905.5231175250238
Raly,901.1947962544932,963.55068889219
Oaf,901.3184820498024,1046.505967910426
Hspa8,904.2040233754624,1122.5963707725696
Hspa8,905.0872549844704,941.2639828185276
Txn2,905.1725027625472,898.1415660869956
Hspa8,906.1569252729856,1116.559635183431
Ercc1,905.947691045382,1104.281810739604
Mrfap1,908.078277917074,1073.834793728343
Hspa8,909.6267367092272,938.7700887048568
Hspa8,913.6270402214766,941.4433094650956
Oaf,916.5177537500148,1013.8360953322732
Mrpl15,917.532536360038,984.8268890612324
Txn2,918.0411062318124,890.4183076836327
Hspa8,918.6971557254316,939.925416340041
Hspa8,919.4622648328742,907.1791067463694
Hspa8,921.4757878982898,1057.832073664085
Hspa8,921.6798317759644,1089.479192057314
Mrfap1,922.6917705469696,910.5915750920284
Oaf,923.8938117380002,1071.534525883276
Hspa8,925.0302176367665,931.5907001990496
Hspa8,927.826367900606,1056.7548001057485
Txn2,928.7598972412128,947.1656741125964
Hspa8,930.8798734133684,1076.295020968356
Mrfap1,934.3965005767363,1101.088804876037
Hspa8,937.0833108568712,936.0894963080328
Hspa8,940.0321543123988,1100.335293785943
Txn2,940.8734572252728,989.5154523205836
Rpl18a,939.7680736011824,987.9330689858652
Raly,942.0426729988752,926.70226967285
Ybx1,943.6251319333188,945.0934935632428
Txn2,943.3406775583718,1096.363301009649
Eif4g2,948.6914913848352,1087.339673083417
Hspa8,951.9753453505416,1087.4310000111434
Hspa8,954.6993061991764,1037.0533390952262
Mrfap1,955.952059845802,934.1088643597756
Hspa8,958.8421207318244,957.9499680258592
Mrfap1,961.178602179935,944.8884484021326
Hspa8,965.5840125336936,960.6952638072388
Hspa8,966.274180710371,1085.88630837878
Oaf,967.157306291058,1018.3951904684149
Oaf,973.778263597324,1022.5177807811976
Oaf,974.0108731003558,1003.7615606564884
Hspa8,977.6118452251412,1079.7875451026491
Hspa8,978.142404052309,1094.578129445943
Mrfap1,978.0849043989888,1063.5052022470509
Hspa8,980.60120610654,1090.3538989052968
Hspa8,984.9795188726342,1089.936984284606
Mrpl15,985.162960844098,978.9507041840374
Hspa8,986.11939972474,1069.0397652221425
Hspa8,993.3740870749566,983.5691483537014
Hspa8,995.0656900742492,1086.2577590892506
Raly,996.4095585415538,1029.3679293573236
Hspa8,997.4293910922815,991.761654703138
Hdgf,997.466535643336,992.8178062988026
Raly,999.7877132984366,1083.1453685075196
Mrfap1,1001.5252539101654,995.7148349017658
Raly,1004.7660951834562,1003.265891884946
Mrfap1,1008.9700758323584,1038.9039304817225
Myh9,1009.006053586246,1037.7177016638009
Hspa8,1009.2022538716616,1061.9359105154845
Txn2,1011.5584404853536,1085.028238934007
Hspa8,1011.7658901942414,1089.6700394634802
Vim,1013.8134270782596,984.673830266068
Mrfap1,1011.5406519555332,984.351982141484
Txn2,1013.4339727114186,1011.6535571703156
Hspa8,1013.6042090114393,975.9837074676624
Hspa8,1015.321654556088,1084.6186972639705
Hspa8,1016.4962121494729,1077.8523440598383
St13,1016.0496003997756,1009.9878144503564
Mrfap1,1016.23946551532,1009.8704571576149
Myh9,1015.8998833887736,1009.9775266376948
Hspa8,1017.853796732449,1002.4414015203388
Hspa8,1020.760800750365,1073.184622445783
Hspa8,1021.3855998422912,983.5538679093358
Mrfap1,1025.18576017047,1094.216597458157
Oaf,1027.2388712404977,994.9519609205886
Hspa8,1028.6795913646038,1097.5905820791488
Rbm3,1028.4673932067246,1058.8223569070406
Msn,1028.6033358754707,1058.24362695082
Hspa8,1031.3179188486988,1005.5913212226238
Hspa8,1032.720879717002,1064.98233440294
Hspa8,1033.596177958624,1010.3993004289716
Oaf,1037.4438061278615,1016.0616040694274
Rbm3,1039.074094204629,1034.685727424985
Hspa8,1038.9016530559009,993.3651638672184
Hspa8,1039.56843221199,1044.2925108869222
Mrfap1,1041.0751751201128,1084.3712410040575
Mdh2,1040.6150584621714,1010.1501527573892
Hspa8,1046.3814233939506,1002.7426715980104
Hspa8,1046.204236250927,1007.5996163586368
Hspa8,1047.921523635005,1015.6316996549986
Hspa8,1051.829857079938,1007.0809626860478
Ybx1,1051.5823041403803,988.5471702995536
Raly,1053.096585603687,1103.5951234543209
Hspa8,1054.3438304949368,1042.3387104620758
Hspa8,1055.892938173252,1055.6438444047742
Hspa8,1056.4891677026878,1082.3856424690534
Hspa8,1061.2244379946485,1069.6654688171884
Hspa8,1062.095906480176,1103.2248511507862
Hspa8,1064.720146250001,1063.153659718735
Mrfap1,1065.45939973322,1070.0563907245555
Hspa8,1067.43094196691,1058.738165549854
Nr2f2,1066.9786358850845,1060.0764218665563
Hspa8,1068.6429453347073,1077.5431522017109
Mrfap1,1068.283274986818,1031.741328749441
Vim,1070.669029376258,1028.1692405880267
Hspa8,1070.8656529766356,1082.0350345231914
Hspa8,1071.4102288897288,1062.65802684773
Hspa8,1072.9170172904358,1049.7827130605974
Oaf,1073.1609093080406,1091.5825852691996
Ercc1,1073.4060135877269,1099.1786354764552
Vim,1074.6023919708,1019.3797452003288
Hspa8,1075.6977997158172,1101.027046009377
Hspa8,1075.6070446659674,1011.4944318365406
Hspa8,1079.746138222025,1047.655979930038
Hspa8,1080.5452161629987,1096.1267289589175
Hspa8,1082.048733245851,1014.6019480749806
Hspa8,1085.844043079239,1022.1308160417276
Mrfap1,1088.6169973410351,1047.357339112883
Raly,1088.999598021572,1057.111811251291
Raly,1092.694064737186,1100.2715674388432
Hspa8,1093.9678668896731,1030.5990584336255
Hspa8,1095.6359948473337,1050.213201311264
Hspa8,1096.001781039789,1107.9841252964743
Raly,1097.2038570356156,1092.5179833320908
Hspa8,1097.2646472707338,1058.9793370194775
Hspa8,1098.6962524989872,1097.8983594471813
Hspa8,1098.4460443600055,1025.3942677051105
Hspa8,1099.0908132301197,1048.1097258718485
Hspa8,1099.2217107036804,1031.0485106332078
Hspa8,1103.9092143877458,1026.8815128619551
Hspa8,1104.1115877404206,1112.040786039352
Hspa8,1104.453970551382,1063.1603710464587
Hspa8,1104.4111822613013,1099.2599019829695
Rbm3,1105.7131956824023,1038.2072201654012
Mrfap1,1107.4025247662169,1031.4236071718458
Hspa8,1108.5779653452018,1132.1552652865355
Hspa8,1109.2376524712265,1037.9697132040988
Hspa8,1109.899504364838,1046.8004281364024
Txn2,1112.3000290812606,1097.7823130522168
Hspa8,1112.408797863464,1070.679472878373
Txn2,1113.4166080091777,1091.1291437312157
Mrfap1,1119.6493278251633,1036.1687475906751
Hspa8,1121.806707812685,1071.4785940621032
Mrfap1,1122.3425568266057,1086.371665748317
Mrfap1,1125.8996079048586,1060.0038490038196
Hspa8,1133.5810829205975,1131.7673583794972
Hspa8,1138.0082005093632,1139.5984921274098
Oaf,1138.3962312250703,1114.662334589976
Mrfap1,1139.712105944021,1127.1678151136
Oaf,1142.3182444647248,1059.7758416305703
Hspa8,1146.7340456698898,1085.9449053794915
Hspa8,1152.2469729009576,1078.8053427582645
Hspa8,1152.3077776781972,1088.7996972619735
Hspa8,1156.4007556375163,1121.9337465877484
Mrfap1,1160.9176777583195,1071.8845822339497
Mrfap1,1163.667225628151,1159.5580717132796
Ercc1,1164.4543160307016,1133.8436997820309
Vim,1167.982499211415,1137.583255267687
Hspa8,1168.8285653179782,1068.1147806774984
Hspa8,1168.7011649155224,1127.7931869531153
Hspa8,1172.6916725284373,1168.447526153293
Hspa8,1178.4861281214596,1102.7028548999897
Mrfap1,1182.703142655408,1095.400421527073
Hspa8,1182.927782553242,1063.351285770715
Hspa8,1187.430083783369,1092.1367500164886
Hspa8,1194.318602230112,1061.2667944013365
Hspa8,1196.7790433185414,1073.6035858026428
Ercc1,1197.9629293813107,1106.823117809835
Hspa8,1211.1201546994794,1053.072713338362
Raly,1216.7607734468652,1108.5194071710987
Mrfap1,1218.869912751832,1115.966027916961
Ercc1,1220.9607277762834,1037.6360299243845
Raly,1224.02309787588,1061.2833434326333
Hspa8,1233.9647912150813,1128.942272537539
Hspa8,1247.670700914918,1132.2829387904524
Hspa8,1255.755613217164,1145.9135615906291
Vim,1260.5772036540395,1145.973834834409
Trim28,1259.340697187003,1145.0347563152795
Gsto1,1260.907089998837,1145.1604316990306
Hspa8,1267.6391801809375,1153.028212610997
Txn2,1269.6876837937398,1140.8529152001508
Hspa8,1272.9874468720277,1147.3392705437295
Hspa8,1284.5581377002256,1153.5427972035154
Zyx,695.0863892943876,718.8102974655149
Lmna,705.4574816043569,729.3017142536103
Lmna,724.0351992361626,739.6385112043274
Lmna,736.0039279714952,782.624635410768
Lmna,739.2507665452964,768.5118414647111
Zyx,748.5245703832501,762.4548831081291
Cebpd,749.5266421730648,807.3243552873888
Lmna,754.7917358306252,770.8728635942398
Lmna,760.1805344756782,789.9337064371882
Lmna,761.8845439941684,814.6508526919661
Lmna,761.4739796232215,906.7743472233542
Lmna,763.1753353980878,927.1161029507384
Lmna,763.1852226425143,823.9059833839735
Zyx,764.5615482813616,917.248072285268
Zyx,764.8897147542929,909.9757506767764
Zyx,766.4057381248077,885.4724742846809
Lmna,767.5403241977396,919.8681328337144
Jun,767.4636364241247,877.4173830966257
Cebpd,772.2443882380021,837.0657687567586
Zyx,773.9029033834822,813.1776639964387
Zyx,774.0227573575658,795.4213018963662
Zyx,774.0840267227748,934.7157861971492
Lmna,774.2475107892637,892.4065046067874
Lmna,774.454494662205,898.7538811017265
Jun,775.5761658504327,835.3017898251119
Zyx,775.4275452417285,875.4966519260787
Idh3g,778.6276213757907,883.361247042151
Rars,779.6165524767594,820.8747746957348
Lmna,779.5044904773454,851.345635535243
Lmna,779.5026011479198,813.2775006892009
Zyx,784.4411282208358,880.9800269068415
Lmna,785.6811911770242,875.7117490915641
Zyx,786.2937906918858,831.454671615037
Lmna,786.6171891934894,859.4019378565408
Idh3g,787.5771714994739,909.896443585134
Lmna,786.779352353208,900.9278336656224
Lmna,788.0513364576011,964.2659442262446
Zyx,790.2977076235686,846.0898778567696
Rars,791.4743773737697,875.6317836136127
Lmna,793.5193935915872,864.2608240340819
Lmna,798.431530625167,814.3018341259827
Lmna,805.6053888562903,902.6444430251491
Cebpd,807.2438924140363,882.9729471855426
Zyx,811.2286072939766,1001.0827973724328
Zyx,812.0096730231863,940.0221310782912
Rars,812.4840418981993,910.131988713866
Zyx,814.1424704298291,936.9905984187584
Lmna,818.0751232911691,863.0138369131383
Zyx,819.2250184927058,957.2903878399308
Idh3g,822.119357857541,838.8296022324231
Lmna,822.5146998285995,970.3534680005562
Lmna,823.1385487511774,1028.0990031502936
Lmna,825.8613799266498,875.788464712073
Idh3g,826.8961888074209,854.0511308217601
Cebpd,827.3362473502164,868.2343401767253
Idh3g,829.0221717880988,848.360873880518
Lmna,830.4181544972063,845.4010801405427
Zyx,830.5664579038125,1026.9686400058088
Lmna,831.2093379915402,883.3719995786547
Zyx,835.6626547328201,916.2240910494932
Rars,837.1502459050228,884.1032642184143
Jun,841.1801823445146,1133.729866340971
Zyx,845.2762403509741,860.2730550880102
Jun,850.4798806832415,938.1363702826736
Lmna,852.4223678093578,1061.3742579991545
Lmna,853.0108171169389,859.912401576482
Lmna,857.8629418985885,964.8537247044544
Lmna,857.9010686345065,866.7122513458971
Cebpd,858.4203465509281,876.127788945543
Zyx,864.8334847468948,918.5533458835464
Zyx,867.4106194750523,1044.5773980137285
Rars,870.2649232285876,951.4856114471564
Zyx,872.405959909125,1094.6102222327268
Lmna,872.4574449742637,1017.8366655735056
Zyx,875.026422596922,1099.0366677354857
Lmna,875.0276810388586,1071.493241880868
Lmna,877.9477938705506,1030.8400762483475
Lmna,879.7726976030053,1069.8528280183164
Zyx,883.203413815989,1070.0820732126308
Lmna,882.9707010605433,1174.299689652958
Jun,883.1525353997665,956.2441119829624
Lmna,883.3077306893979,1077.3341628642788
Lmna,883.6907034294777,1161.5298925645448
Lmna,883.9055037664227,1090.434635621477
Jun,884.469826411779,993.5325272929516
Lmna,887.6796817606494,1084.1859306284532
Lmna,888.9606769407009,879.8469412358313
Zyx,888.8213546206184,996.7090011802072
Lmna,890.8914895577528,1157.140693396217
Zyx,891.8692396377437,1030.4952910189954
Zyx,891.2747778515156,980.6978782282372
Lmna,892.3118287282443,1079.831385627237
Jun,892.5801891968387,947.5548716706674
Lmna,899.5789456816669,1087.2843800657563
Lmna,901.2704656283724,893.8132982082625
Lmna,901.5750451998148,905.7278757951484
Lmna,902.6975882340092,1081.7005065403805
Lmna,902.266639048373,1119.326038644514
Idh3g,904.1508862920276,1015.8555274665237
Zyx,908.5827386368868,940.0644197396564
Jun,910.7867374788726,1099.417919991111
Lmna,912.679976564698,936.3831079064324
Lmna,913.3261157105528,1025.096891648719
Lmna,912.5177341663208,1105.6088797449463
Zyx,913.5793720541012,1091.4712403383835
Zyx,914.2649045717156,1080.7112035051084
Zyx,917.108564526923,1095.4824172979174
Lmna,918.2512973888583,1072.317030566316
Ybx1,919.9965781866592,1080.4471011612354
Lmna,921.3509049628262,1087.2297444735682
Zyx,921.3119359138996,1064.777018349102
Zyx,924.8830284603268,1089.5104929844415
Vim,924.9225245762908,1089.5919219582347
Zyx,926.6831292211776,982.4835772175308
Lmna,928.221258101742,1015.0156192798798
Lmna,932.6101828253884,916.5468512675844
Zyx,932.5223328062904,1029.209224177795
Idh3g,935.3299054555764,1042.5404197657117
Nucb1,946.831662088524,1043.1091523852256
Zyx,950.0276742384624,1080.1634499655822
Idh3g,951.150442364149,964.8671395307072
Lmna,959.8822758161492,1068.776671695293
Zyx,962.2836818736616,940.6667711763108
Zyx,964.708455204912,1094.654348413052
Zyx,968.629195254142,1064.4764034871291
Lmna,973.4583393241948,959.3308554200188
Sfpq,973.6520407466776,1086.2836756595211
Zyx,975.9454963011098,1096.729091436924
Lmna,976.1776059300367,1044.1858444960658
Jun,977.3585397845808,963.2409350485316
Tmbim6,981.2734804459674,1094.5923829557405
Lmna,985.9505863062972,963.332558538817
Zyx,986.6472119065652,1097.4006142972612
Zyx,987.4655883538046,982.9578808926376
Lmna,989.6465177911066,960.2473390310824
Lmna,989.8860406677994,1074.992881040659
Idh3g,992.3105269949732,975.354777542184
Ybx1,992.2217430162796,1028.3248872172417
Lmna,994.7723820691392,1003.5517042472562
Jun,996.8234206592032,995.622344930258
Lmna,998.6226047672974,1025.4772409225095
Zyx,1000.0733236311772,1022.0375657779596
Lmna,1008.6522155622158,1081.551152434822
Lmna,1013.897747042858,979.4388255097848
Lmna,1015.6869736611902,1040.3064146473812
Lmna,1015.1597342813938,1069.7182250588455
Zyx,1023.1041042247916,991.9644276167325
G3bp1,1021.8134904738464,1000.9700560525964
Lmna,1032.7512076329383,1082.030023776918
Zyx,1032.598558307469,984.020307530428
Zyx,1034.7164080038997,1018.026874884601
Zyx,1036.6352333939028,1004.2535426591912
Idh3g,1038.5942132950067,1054.4666445761272
Rars,1040.709346673591,1095.0106364021956
Lmna,1041.2785210233028,1040.089604012459
Lmna,1042.1341744838012,1090.7794661113269
Zyx,1043.0833654003463,1049.7321866720931
Lmna,1045.9493359488724,1097.808312716522
Lmna,1046.4008832842685,1010.9391711055556
Zyx,1046.487644344321,1036.136577330827
Lmna,1047.9175323283152,1059.3656381470355
Lmna,1056.8248104076465,1075.5185851757185
Rars,1059.0604033761474,1094.367269515095
Jun,1060.1477815744506,1018.7059468680144
Lmna,1065.7460695040538,1096.7888055618237
Zyx,1069.6616205573494,1059.4159339810883
Lmna,1069.9579551733364,1014.36268691807
Zyx,1072.2155537854833,1071.143857769683
Lmna,1073.982585866455,1016.3400404082972
Lmna,1076.0845098460172,1053.173164742845
Lmna,1078.905972142927,1094.8057147179495
Lmna,1079.959953755846,1040.8968628560528
Zyx,1084.4358310496218,1039.3811941597205
Zyx,1085.6183213210973,1057.8480542517018
Lmna,1086.6860828869949,1043.7324401735789
Lmna,1087.721800687159,1090.4793382999849
Zyx,1087.9248025504255,1112.561695452613
Zyx,1091.1078005147838,1067.775500928588
Lmna,1092.597879221397,1079.4984950295716
Lmna,1094.234901373552,1049.8987266807565
Jun,1095.6749025915178,1047.6119302615757
Lmna,1097.162532611603,1104.5068188640537
Lmna,1099.1072870056018,1049.7778542068845
Lmna,1102.0758594916122,1062.1175096279492
Jun,1103.743141464603,1058.855580101318
Lmna,1106.4737104690698,1043.837111954054
St13,1112.822466914076,1100.0727402582372
Lrrc59,1113.6984281882187,1099.162942175709
Lmna,1114.1824549511448,1057.9590755638485
Lmna,1114.3501478351602,1081.7318166383427
Lmna,1115.701083846194,1071.9715066379858
Lmna,1123.3304068503,1090.302724742284
Idh3g,1126.1123552800568,1042.2446570790114
Zyx,1131.8567806940505,1068.9635700860276
Zyx,1137.6511588108588,1061.0627188167646
Zyx,1139.0176007646205,1042.6914320249105
Lmna,1140.708335123686,1035.579729212616
Lmna,1149.6234062892786,1124.5048279549749
Lmna,1159.3670865391362,1092.7131126218512
Lmna,1160.4338047849556,1077.0787465597946
Lmna,1161.9891109106843,1083.213141276991
Cebpd,1175.1239959634372,1094.1930911451768
Zyx,1185.7722863232016,1141.448535800194
Lmna,1200.0641005065556,1194.4377485563246
Lmna,1201.0586192955525,1064.821296332022
Rars,1203.2410995738244,1196.352309994419
Lmna,1207.3038604805924,1229.4551501339354
Zyx,1212.282151520063,1059.4421625329803
Zyx,1212.8636680783225,1055.4035680897175
Lmna,1218.873305915734,1108.5420036073583
Rars,1220.3639518821096,1114.535941199426
Zyx,1259.9283486405493,1140.5502421981676
Zyx,1263.4116594706647,1145.6923007273967
Lmna,1263.4770342943916,1137.2686874441556
Lmna,1271.5012962915985,1148.4766050341332
Zyx,1283.9406497915695,1152.7473305433136
Lmna,1289.1576480591684,1154.1411140704165
Lmna,1293.102227170663,1158.6794565451487
Nr2f2,712.6988963803071,737.0162450564482
Msn,716.4646043073867,733.2859930546053
Hdgf,725.1007638142913,751.083144422295
Ubxn1,732.2766969421598,759.0898914310349
Tomm40,733.5036593153063,761.1198354724967
Ubxn1,737.0706994793973,763.2722310860752
Ubxn1,747.7927962223307,795.6718710527405
Ubxn1,754.1701698304403,906.790018253236
Hdgf,754.7273638530028,794.4332481347451
Nr2f2,759.5642842855095,884.82936982454
Msn,759.3169762428122,790.679465337757
Gsto1,760.5409670295867,790.8752953519529
Msn,763.3404464102566,853.1590733673023
Myh9,764.0429805143834,914.2306271033073
Hdgf,763.5638340649374,811.8001105676374
Ran,763.5970443864064,810.2921815874422
Vim,762.4827170453991,836.9244339631512
Msn,765.0839753585307,797.2670373494127
Nr2f2,766.2554988246072,919.809882702382
Hdgf,767.9377707691899,906.7838707051744
Hdgf,769.4697990960531,892.015090379462
Nr2f2,771.623472153198,885.6386418547223
Nr2f2,772.3677151885861,943.0842466974952
Msn,772.4854522546672,830.3423013110789
Tomm40,775.0908273062853,860.1233451308665
Hdgf,777.8964033877545,790.5180388696712
Ubxn1,778.736070018638,921.0129748391862
Nr2f2,778.8781802239471,903.1390635416094
Tomm40,779.588936175272,802.927591285599
Msn,781.8936792611763,866.2276930742046
Tomm40,781.670486905764,901.7014870006358
Ubxn1,781.8959899645304,960.6479335099812
Ubxn1,781.8150424750542,936.6222191289654
Hdgf,782.7508697131005,885.6019436138711
Msn,783.5260761951001,948.2174201275158
Myh9,786.6284053997314,815.4636274006857
Ybx1,785.6286976108958,919.4834132279173
Nr2f2,785.8741948452731,919.8469976338037
Hdgf,786.5315161260199,866.43663947402
Nr2f2,786.7239550174311,931.8735757083102
Vim,788.7309936825064,810.8424983245695
Hdgf,789.0033209329749,810.973280525992
Nr2f2,791.135505366893,835.2521131860832
Msn,792.1891025532011,802.9408941723672
Myh9,795.1894237320748,868.5846216910909
Ubxn1,795.9901179330504,821.4117592110356
Hdgf,803.5264517482719,824.8704859033464
Nr2f2,807.1035984390643,851.324514268519
Hdgf,807.5691808722557,858.5280534643389
Msn,808.590891181932,833.0466270398013
Tomm40,809.6305986751008,991.98934202398
Hdgf,809.574785855494,1001.0055625777412
Hdgf,815.3223338681358,858.3560892255294
Nr2f2,816.8999058431698,863.1989928418601
Eif3d,816.7186574410512,1007.3388564661718
Hdgf,820.5336804492815,966.702763783588
Msn,824.8973153729607,887.6949043628622
Nr2f2,823.6728748175615,996.2669165022876
Nr2f2,824.8563229754008,838.2202505911825
Msn,825.5376637590049,874.46993047864
Pdha1,825.7549970900861,1000.287128216303
Hdgf,833.3819798697684,857.2635759135117
Nr2f2,842.9734003120083,940.0137622614112
Ubxn1,846.9411509213741,865.9722606639541
Msn,847.2600029315063,969.9456380932291
Ubxn1,846.8639161807746,860.9567085800571
Hdgf,847.8903041920983,1015.9486285489024
Nr2f2,848.9065026009798,856.6291195700514
Eif3d,852.6872902398986,968.655972124964
Nr2f2,852.9952941409107,1138.3670558068268
Tnfrsf1a,854.0896883572849,861.9679726337635
Sf3b2,853.6282669653375,859.7219692289187
Ubxn1,859.1212352173258,1056.4246582862884
Msn,860.9902481459467,1120.9123332189972
Hdgf,862.8372652735013,1032.1677448730084
Eif4g2,862.5002710493839,1031.228838446489
Nr2f2,865.3292086652266,1160.0574520186378
Ubxn1,865.7956389502664,930.3519159180314
Nr2f2,866.8436953024285,1090.6896386839371
Ubxn1,868.5843123450984,1060.5028289114002
Nr2f2,869.5818697085746,884.8287489603874
Tomm40,872.2157743236719,1075.698509564845
Hdgf,874.1016306578595,1037.3147329743776
Msn,877.9066041450768,1022.9288068941704
Hdgf,879.8291773492855,1030.9644402616752
Msn,881.2735020954889,1162.242014299135
Ubxn1,882.6762251054645,979.9508749415736
Twist2,886.8938614384746,1155.2986332903608
Msn,885.8149650254093,1132.8204866335875
Hdgf,885.6599088981536,1052.1080979872536
Hdgf,886.5460770423654,1042.923924925068
Msn,888.5186899488431,1032.7600429862168
Tomm40,890.8075181273123,1134.514815500545
Hdgf,892.5623940016882,1126.816026763924
Myh9,899.5948184405747,1078.0438999479347
Nr2f2,903.9054667860564,950.209375190126
Tnfrsf1a,905.3770439067794,991.4849823046326
Hdgf,907.5618423250722,969.5923666868264
Msn,909.2338212020304,1058.7606184864408
Eif3d,908.5087881719948,1027.580621822614
Nr2f2,908.614399254264,1073.9402293508654
Vim,910.6259037417196,1031.6523525141536
Hdgf,910.8095654767836,1031.0032018010877
Mrps9,910.734157115619,1031.8100928804402
Vdac1,909.1983436441316,1090.1880595531386
Ubxn1,911.3653075991743,1088.4418509587088
Nr2f2,911.8848092884184,950.8142986158324
Nr2f2,916.07081745258,951.5597245596798
Msn,916.0646977516426,1108.0476363486746
Tomm40,919.2994809236664,982.7005254544096
Ubxn1,921.2691904028852,1078.8849827862095
Hdgf,923.7730291067076,938.5260991837166
Ubxn1,923.437185527677,971.849477210964
Hdgf,924.673130492114,1017.8532892818578
Msn,927.4549731223784,1059.8270870791555
Hdgf,932.5752986120716,1086.449057622125
Ubxn1,933.632498516797,919.6499085389952
Eif3d,934.6660008351108,921.9017120447704
Nr2f2,935.5347115686818,1018.8028006587484
Hdgf,942.2780448570302,1084.9825040965115
Hdgf,942.7668045924528,1046.5177605499712
Hdgf,951.1184564087184,1086.8997101440318
Rnf11,953.033613550227,1078.4710193752867
Msn,952.2803199588062,1078.913117103368
Msn,955.3415220120264,992.2267924429348
Ubxn1,963.04589245992,1095.9901608143427
Vim,961.8752594503512,1094.3480342515347
Ddx17,963.6386872659392,1051.89629348803
Timp2,963.0430034226144,1020.0038808443848
Ubxn1,963.6249822087344,988.364575751498
Nr2f2,966.5652888014152,1070.1572956493094
Tomm40,966.5672209678556,1019.0655644713164
Msn,966.723799696336,934.940410889254
Hdgf,967.2464073644572,1029.6264421739802
Ubxn1,970.4898710984332,1070.8964541492662
Nr2f2,970.0746190192858,1001.9755033443
Hdgf,973.1547702900182,1061.7442268408993
Vim,972.0626442187228,1061.8413246870446
Lamp1,973.1359997952956,1062.6892933131594
Msn,973.4661987432572,986.304052553216
Timp2,984.6496266495296,1078.5867507948792
Hdgf,985.7899525005988,1078.27830509856
Hdgf,984.5635931991088,1069.313939841261
Msn,993.8513764671532,1001.770145749391
Nr2f2,993.9576194148584,963.1411625568604
Msn,995.704740816804,1016.2719772947462
Nr2f2,997.9980936612762,1036.2692281327406
Hdgf,1002.4010468743217,1030.4845650700108
Msn,1002.3052419822934,991.8841817061748
Nr2f2,1004.7969993163968,1021.051847668347
Ubxn1,1005.4869041626324,1096.9611238730763
Nr2f2,1008.7357644448967,1063.558720790201
Nr2f2,1011.5153927605286,980.1443857271852
Hdgf,1012.2991468282212,1092.6203866744345
Nr2f2,1012.8810576339812,974.8757775563764
Msn,1018.7917591247576,1093.8358033824436
Msn,1020.1611777269818,997.9926140006766
Hdgf,1020.123885916291,1004.491917778763
Msn,1029.6452485989626,987.8062124715592
Twist2,1032.4713980096092,1023.1588343363294
Hdgf,1031.920352507354,1033.827797790872
Nr2f2,1033.555803391659,1034.8692978861086
Hdgf,1034.1385732252315,984.516915116135
Ubxn1,1039.2410344151135,1038.1197470824036
Hdgf,1042.1742782547396,1071.9634448041306
Eif3d,1044.5656314911666,1035.3600713827411
Hdgf,1045.7421597137836,999.3113600995316
Ubxn1,1047.686720487044,1084.8115549968304
Nr2f2,1049.3474106311523,1016.6763547771292
Ubxn1,1051.948637932156,1016.3779287678826
Nr2f2,1053.0052016584,1099.892091499094
Nr2f2,1056.057490695917,1041.6046070572704
Msn,1058.3217014181982,1106.6519794318635
Hdgf,1063.3879908618817,1063.4475854809225
Msn,1064.104180717162,1088.125255557488
Msn,1071.3533497974004,1022.8649767741254
Nr2f2,1073.606637209774,1060.5953983645134
Eif4g2,1076.9573539800176,1056.9502582807163
Rpl15,1077.0129165336384,1056.148485930077
Ubxn1,1077.7284653041245,1066.749397525578
Thy1,1085.6505807732165,1026.6475060268674
Vim,1092.183935711926,1106.0798278102836
Hdgf,1093.4911649412004,1106.4083123905014
Hdgf,1093.641094771722,1033.3675095224855
Nr2f2,1097.2516672819274,1084.5147574124544
Tomm40,1101.2406605305698,1078.542895464153
Msn,1104.9264425022643,1045.8269673071602
Msn,1106.683594434439,1070.7290656748346
Nr2f2,1107.4859276141133,1044.6588683313228
Nr2f2,1108.3744360243306,1033.905946217023
Hdgf,1108.3166242557045,1060.1646288627376
Hdgf,1109.0571029507312,1084.795005544222
Vim,1107.6173187832055,1084.13571747094
Pdha1,1115.5758821825098,1078.9168608067002
Hdgf,1129.1658775549404,1112.8284158799663
Hdgf,1131.9252879772932,1078.412460719404
Ubxn1,1155.558117598098,1081.3927421505105
Msn,1159.678678574291,1082.253887189167
Ubxn1,1160.4372602141586,1052.1823018593348
Tomm40,1161.6431968836832,1134.9297984947705
Msn,1167.8092687814217,1066.057199271294
Nr2f2,1169.5124870000486,1114.0207012395977
Ubxn1,1171.7551165984933,1088.550775531015
Hdgf,1173.6387800703417,1045.8146543618982
Hdgf,1178.2658533679814,1147.3071642345294
Hdgf,1192.11804400218,1156.230838309686
Msn,1194.7313917162112,1103.257332305947
Hdgf,1201.7218611667845,1180.0314907632603
Eif3d,1205.9906196028585,1110.1777848885988
Msn,1211.2790387387338,1211.5273082049391
Msn,1215.5060728709177,1242.918750197955
Ubxn1,1225.7700915442222,1107.3878794859895
Msn,1245.5403790609892,1137.336618089815
Msn,1267.7226196205738,1152.967315991183
Ubxn1,1270.6639052062512,1148.6262487336828
Msn,1271.7128684132006,1159.753871059865
Msn,1274.2987805313428,1143.224232094668
Msn,1284.05400546135,1153.9197227263885
Eif4g2,670.1497775225207,698.5173102721792
Eif4g2,676.8377991319661,686.7368117814062
Eif4g2,708.3301484609742,738.6065651366622
Eif4g2,749.7205375157612,795.1681158338712
Prpsap1,752.7698754856343,806.4909246609097
Fkbp4,753.2962950073481,806.8693678402037
Arf1,754.216491011961,806.1523620632238
Ctbp1,759.1666304083053,792.9907319527488
Psap,760.8903270033547,843.3901554090307
Eif4g2,765.6910723772571,823.0138141786903
Eif4g2,774.2648331618752,950.8637238408912
Psap,782.5921519927127,937.5318995070508
Ctbp1,783.8785382702296,829.8909886423626
Lamp1,783.5053740282268,923.3846989403816
Eif4g2,790.3062309932785,841.4764058508831
Ctbp1,791.6932878030686,844.854320965927
Psap,791.6258602378055,856.7059244794941
Eif4g2,792.9646339196892,972.4908599048484
Eif4g2,795.811598717266,906.8716951719856
Psap,799.2844388347934,913.6293491455214
Psap,804.429393278521,945.3564251655982
Ctbp1,805.5499542222917,837.8550904054223
Psap,823.3472143472405,974.6440259290426
Psap,823.6163232878886,938.0233741120109
Psap,824.6067158130145,1003.3668095118416
Gsto1,826.9268551894492,861.954792887234
Ctbp1,826.2321193681864,861.5882060627375
Psap,843.8304224372953,877.5237356504122
Ctbp1,846.1622443329418,1024.6026579143218
Eif4g2,846.6946361558007,935.9158351011562
Psap,850.2409432152975,1030.59439584311
Psap,850.2250644886637,885.1500089478825
Psap,853.9636968946327,1038.7849964998504
Psap,857.0469461701366,1055.8922484097172
Eif4g2,858.8310353969945,912.498750477745
Eif4g2,863.1363100186456,876.099024794514
Ctbp1,863.8651757871193,1064.9231828731013
Psap,864.573335317075,891.4641312720545
Psap,868.4178260349297,999.8725767785088
Eif4g2,868.8953440554924,911.9804293738632
Psap,875.1756995090191,913.2938531150544
Psap,881.21322927796,961.8335133325644
Ctbp1,882.5613926649917,1047.6507796114995
Psap,886.7258987507184,893.429248331091
Psap,889.199108695316,965.12054768857
Psap,904.539035839514,1071.4857786673729
Pdha1,908.3599888293566,983.0463296778064
Ctbp1,908.252421890962,1076.197728788958
Psap,910.4141971990142,1028.700321118055
Eif4g2,911.101423607553,1066.3442597937517
Ctbp1,921.1464211263636,912.9554272463104
Psap,924.5249245127276,967.4297180178462
Ctbp1,924.575882399732,1070.580202993219
Uqcrc1,926.3208788684988,912.9735272036498
Eif4g2,925.929320195934,913.9311946684016
Eif4g2,927.0053710938054,1075.3645801733358
Eif4g2,928.988441718588,1084.9022076323083
Psap,935.1289139302496,1018.715900773443
Psap,938.6577175099568,1014.6578819112412
Eif4g2,944.2487349255388,922.4948281354524
Psap,945.47315154131,1015.3245659373596
Psap,947.6514613006046,1042.089983560459
Psap,950.0103975774812,949.9662771920276
Psap,951.3385089884998,1014.1143872728992
Psap,957.8525284813944,1049.5725077785837
Rpl15,959.7669045262394,1067.38975124288
Vim,960.0634775659872,1066.1430467255857
Eif4g2,959.5015784802808,1066.8582896439111
Psap,961.8050763674648,937.799575385489
Eif4g2,966.235919618406,1069.503382145378
Rpl15,966.2386131727328,1072.2771784487054
Ctbp1,972.1135971351212,992.3145992162298
Eif4g2,973.5537325286724,946.7999400108428
Psap,985.3227944173448,1003.6599470970168
Eif4g2,989.6870819762884,1012.4948811084688
Psap,992.4728594608324,1071.8202588792094
Ctbp1,992.1262788266612,959.6769627696876
Psap,994.0629188241718,968.729471977514
Eif4g2,995.6768217390518,1076.6980350577237
Psap,1000.6064972411336,1029.0162629482656
Ctbp1,1012.0090248156082,992.0680405942012
Eif4g2,1015.3394107096652,989.74117967318
Eif4g2,1035.145231067956,1046.163535395206
Eif4g2,1039.9153401138935,1089.06152303935
Eif4g2,1043.733492053878,1006.745422599981
Eif4g2,1060.4867248418657,1074.406911660872
Eif4g2,1065.1978476599586,1075.3296933480824
Psap,1066.7358867690336,1059.5197706378526
Ctbp1,1073.473983682168,1062.9588028476414
Eif4g2,1075.4742643056884,1093.228713293399
Ctbp1,1081.0137445476817,1078.8051778810986
Eif4g2,1102.1055344086944,1051.810976480166
Gsto1,1108.821535734699,1052.4010392225075
Ctbp1,1108.7923700564197,1051.851630869649
Eif4g2,1113.9543634514582,1057.3972636584947
Eif4g2,1114.7884141831755,1119.1268214802246
Eif4g2,1117.674606877715,1060.007751381279
Eif4g2,1127.4671833239815,1064.3875465995104
Eif4g2,1131.353074645755,1062.397945299541
Psap,1135.2755772060746,1068.7115689413151
Eif4g2,1164.3955419846343,1148.8270235052837
Eif4g2,1167.8158488985405,1147.757521144506
Ctbp1,1175.79643916771,1048.721714575337
Ddx17,1178.2907601667969,1099.728508574967
Eif4g2,1182.8950234474307,1148.2209302843237
Psap,1182.769556720822,1138.489384156893
Eif4g2,1185.9635695428778,1153.9837089676455
Eif4g2,1193.5299573561915,1158.1371469380626
Vim,1221.3753469078997,1059.6470466207309
Sfpq,1219.775976951852,1058.5837665169315
Rpl18a,675.1879361027752,701.7812091356925
Rpl18a,675.5635685362579,691.1143134533801
Rpl18a,685.8382440858948,710.7278952187603
Rps15a,690.3061268509559,701.1927390476897
Rps15a,692.6131573669841,723.3438877354242
Rpl18a,714.7832643555735,731.4111123069576
Ywhah,719.7410933296438,756.0559962481877
Rpl18a,721.7006120407141,745.2509994240958
Rpl18a,731.2730657095785,770.9734786220673
Rps15a,732.8248049663302,747.8120708954657
Rpl18a,737.3287332392924,766.1027751356942
Sdc4,740.6837254752418,783.3476313464306
Fgf7,745.46589678732,790.4191413175564
Rpl18a,745.9069363042597,809.3765006057195
Rpl18a,747.1745703031331,805.873228418564
Rps15a,749.6929173817863,781.5509417617942
Rpl18a,751.8640290411574,800.2193371413332
Rpl18a,754.2819827334823,796.3899673811134
Rpl18a,754.9514310630107,902.3842919281656
Rpl18a,759.197400972427,828.6472112166974
Rpl18a,763.4231380489578,870.9255803654003
Rpl18a,763.0160701423212,849.3982847621604
Rps15a,763.7692032143541,857.6556206703377
Ywhah,765.45069591876,884.129768685042
Rpl18a,768.8989628661634,919.0267705320588
Rpl18a,768.8575516769164,926.5101678714428
Rpl18a,770.6004325236472,811.9535583639611
Rpl18a,772.3672033597625,933.3019563487726
Rps15a,772.9751845153396,823.6531239721292
Puf60,775.6672739260022,854.6439558147863
Sdc4,779.4878608287124,884.6646271124769
Rpl18a,779.3035556424055,784.8491031413555
Trps1,779.5021430140362,892.5193202318164
Rps15a,779.7445352907049,819.7472828710962
Sdc4,781.1787697893768,911.2795368657742
Rpl18a,781.1602672175695,804.846986175163
Rps15a,781.8993906107568,824.7549089477975
Ywhah,784.7729707745035,961.4668713017354
Rpl18a,785.0982410645618,928.9414517254364
Rpl18a,785.520165924219,824.8870642717088
Rpl18a,785.9491351646403,885.8479351907513
Rps15a,787.6976296118696,850.8590330100533
Rpl18a,788.624583517743,961.4698125582188
Rps15a,788.3404895513887,823.5572153511742
Mrps31,792.2417651016257,856.6236808126008
Rpl18a,793.1003653312422,803.4804086809035
Rps15a,794.6225777863742,862.3690848698047
Ywhah,795.0368320416944,868.175074139081
Rps15a,795.1345417552308,822.3853839461558
Rps15a,795.6119466018125,830.7496368455979
Sdc4,796.325556824575,915.8866431964746
Rps15a,799.5727808108339,824.8683542542292
Rpl18a,800.4707719022574,866.4969834127278
Rpl18a,800.7141675958245,848.3675909521122
Sdc4,801.7835070934143,917.5741512751824
Rps15a,805.0466155906649,832.7310956101951
Rps15a,808.1317048106436,992.6468919593258
Rpl18a,808.4554395499626,995.2072944200607
Rps15a,808.7301681339136,846.6192896512168
Sdc4,809.4826755427557,949.0212346072846
Rpl18a,810.7870666788383,822.8531077574725
Rpl18a,812.0305571053727,858.4094743457536
Puf60,812.8982530451444,833.1027463357709
Sdc4,815.4733298706149,911.8666518731156
Rps15a,816.9773580525018,835.6028717846959
Rpl18a,819.4303769614017,972.8908313372648
Sdc4,823.4922890160847,977.4040985268816
Rpl18a,824.6922646215053,981.1176184372036
Sdc4,826.4105744483661,910.067127553917
Rpl18a,826.7952220945195,897.4396844373189
Rps15a,830.2753875792489,1036.1804411919352
Rps15a,831.229713013692,1025.4054007684272
Rps15a,832.8068867704472,854.9006656947714
Rps15a,833.3470456528964,933.3936367624804
Rps15a,834.0325320055301,832.6410143635937
Ywhah,838.9891718119242,845.6635355338719
Rpl18a,838.945428973364,861.5736453190473
Sdc4,839.4437681548291,979.327500851752
Trps1,839.272154261798,913.4383929460698
Puf60,842.880071264347,854.4303041608343
Rpl18a,844.0012467123379,902.3649742957508
Rps15a,847.5436254896379,1033.5805209286914
Lrrc59,848.6347617102065,845.4316046359825
Trps1,849.7251964916322,873.4642091755261
Sdc4,850.8949455597149,982.3237378234876
Rps15a,852.4936652192857,865.1579744910234
Rps15a,853.5617110472042,946.2292092301226
Sdc4,856.3238145826533,1051.2512606556145
Rbbp7,855.916136143501,1050.46623865993
Sdc4,856.7396523368823,906.1692984559728
Rpl18a,858.9328196232113,1015.5224011125854
Rps15a,860.0841080328062,1151.514077948311
Rpl18a,861.6081449763002,1025.59507902248
Rpl18a,862.1588079482185,1123.305103397978
Rpl18a,863.1769046113341,1151.9426019522848
Rps15a,863.3207577924331,1068.5770251361812
Rpl18a,864.6872520796072,1042.3199341723298
Rpl18a,865.3038854889035,1028.9225966962415
Rpl18a,864.8626204825927,996.1176768198616
Sdc4,865.7961459318384,1023.6202435342318
Rpl18a,866.9831910691655,1005.514976036604
Prpsap1,867.9829558981802,1039.627998285957
Sdc4,867.7964709935934,948.8494449102096
Sdc4,868.6887395198942,1115.1164549675225
Sdc4,869.9890832014844,996.5950389339608
Rpl18a,871.0284055299719,1051.3340280620382
Trps1,871.7702399509858,955.2581493502312
Prpsap1,872.2876187106135,969.0970866742362
Rpl18a,874.9510082197957,891.4133829492343
Rps15a,878.1880176615053,1153.1200004057744
Rpl18a,879.3232627232591,1169.4119968461416
Rpl18a,886.0673719921753,1090.756697292294
Rpl18a,886.324016058068,957.4776475476372
Rpl18a,886.903643955118,1051.6708675781715
Rpl18a,887.3536361725414,1004.743199356732
Rps15a,887.5655882625447,1104.788674622991
Sdc4,888.6376300949519,1058.699641575792
Rps15a,888.370508626502,883.1922598682377
Mrps31,889.6848261454547,1042.4746241241946
Trps1,890.358765404121,1026.5402559617874
Sdc4,892.6476754647613,906.9508043553916
Trps1,893.441570729292,942.2825342941676
Rpl18a,894.9545743961487,1080.3015365276526
Mrps31,896.5436049694794,934.4573668034212
Trps1,898.5658358868762,969.420507555267
Rpl18a,900.1991405477459,1022.2806160129184
Rps15a,901.1761077805676,1096.8136905552658
Rpl18a,901.2767640886476,1100.0156953066244
Rpl18a,902.017776913788,1112.645819418905
Rpl18a,901.723366712183,1126.8795680847943
Rpl18a,902.6334716472264,1055.8765354328389
Sdc4,902.9117911400388,1019.0299485039908
Sdc4,902.1300865777685,1048.4815311162365
Rpl18a,908.1040445429392,1037.9857456245863
Rpl18a,909.7045798689584,960.3179697054692
Rps15a,909.2922670106648,986.5662657852638
Rpl18a,911.147131141672,926.172358703478
Ptgs1,911.2398296058564,1000.5408343041288
Rps15a,912.482151867673,999.6164695272834
Sdc4,913.3681113141088,989.6001035016972
Rpl18a,913.7190216146804,1103.6813807338167
Puf60,914.212914020123,912.4818913817816
Sfpq,914.8608080430198,912.0950246058144
Rpl18a,914.2432085995416,1086.7990999149838
Prpsap1,918.32387171911,1109.7962078228638
Rps15a,918.4480829693354,1090.2637801889143
Rpl18a,919.7066573856875,1024.75412092837
Rpl18a,920.36079478723,982.9379078761424
Ywhah,920.5038475805328,924.6901856535732
Rpl18a,924.2760792345508,1075.0843647243178
Rps15a,926.5478107287622,1082.61336840975
Rpl18a,926.4383603251677,953.8080946497932
Rps15a,926.6614319221864,940.786078796406
Rps15a,929.868462824199,1078.285066746441
Sdc4,930.269030282834,1047.698581837238
Sdc4,930.8057079066022,1038.459394033202
Puf60,930.9597633930604,1089.5871331734147
Rpl18a,933.0079355018956,1052.7824748970213
Rpl18a,934.2299134972176,945.8036165524396
Rps15a,935.475496450281,1048.437295739844
Mrps31,943.9476800294816,1035.1898756447645
Rpl18a,945.994016231934,1099.1240544743696
Rpl18a,944.9377460689255,1060.8222284545798
Rps15a,945.7522740032156,1014.0992270975194
Rpl18a,947.0963441819893,926.0963626063668
Rpl18a,949.0831042368068,958.839501786192
Ssr2,948.7822969002456,1039.1809959621332
Rpl18a,948.8552732202282,1039.4747936431845
Prpsap1,950.488786172163,1091.9283282021618
Rpl18a,951.2181913723064,935.4088867472896
Rpl18a,953.188993292522,1069.731931339004
Puf60,953.6161080404352,1007.0991242045465
Rpl18a,954.1241719735194,983.292794790408
Rpl18a,954.8288248995682,976.1754457878814
Ywhah,955.5898062365538,986.631427695914
Ywhah,960.30061422073,933.7068166646416
Rpl18a,962.3618665507385,1084.3148718006596
Rpl18a,962.2061387613028,1058.7305572891498
Clta,965.1806427035248,1053.2524318797396
Cs,965.6429341919038,1054.9879257446712
Rpl18a,966.130647136208,1092.768866129309
Rps15a,967.2706299458414,1048.7465329439656
Rpl18a,967.2563133886548,1028.715223170473
Rpl18a,968.3209564660604,1034.122537899278
Sdc4,971.3037980037076,1054.964177961443
Rpl18a,971.2811556114042,962.7600883074056
Rpl18a,973.3830076646128,1092.5456916272335
Rpl18a,973.0911800540956,971.9689621040188
Rpl18a,974.7805759301066,996.0072919198024
Trps1,974.5428784419686,948.9456430329052
Rps15a,974.8366269913572,1083.172012391988
Rpl18a,976.0891045339574,1012.3550560576394
Rpl18a,976.8348248191584,966.5045234441844
Sdc4,980.421451859148,1096.494317233485
Rpl18a,981.6386422836948,1081.1646153749864
Rpl18a,983.3757116541128,1033.8085781993552
Rpl18a,986.0719416564446,984.9948292027274
Rpl18a,986.631361813716,1017.2016707262176
Rps15a,988.5701355044104,999.6755019537492
Ywhah,991.2036599835404,971.7614333538668
Rps15a,992.868549274233,967.5094147244358
Sdc4,993.5765780069994,984.5528488754946
Rps15a,995.0421403912396,1079.5748312168068
Prpsap1,997.3291060792516,987.7958478720576
Rps15a,999.739723775964,1077.147983183576
Rps15a,1004.2665834964484,1062.317741721213
Rps15a,1007.0607564031892,1080.7020996722445
Ywhah,1011.8648466251,988.6777592957452
Rpl18a,1013.4608376883295,1021.9732989355322
Rpl18a,1015.3818791092228,1091.8601450569151
Rpl18a,1016.2496503514488,1035.4169433591878
Sdc4,1018.4001098283348,984.515709092162
Sdc4,1018.001895238647,1084.0581968437807
Rpl18a,1018.7985248052172,1030.8484295078551
Sdc4,1020.3251894832669,1054.7180924885374
Prpsap1,1020.9515041169128,972.9940951929856
Rpl18a,1022.617526583762,1021.4344668794236
Ywhah,1024.755745133519,1062.3146315650986
Rpl18a,1025.1508534491777,1050.2020497269582
Rpl18a,1028.2480153201236,1030.915637960512
Rpl18a,1029.743510307618,1096.8617637449136
Rpl18a,1032.9203262901567,1068.7556827147823
Nudt9,1035.034963774799,1064.740873530187
Rpl18a,1037.9813312245185,1090.9689643154218
Rpl18a,1037.5465311284315,1006.0436336963976
Puf60,1038.2734197208792,1071.723079354584
Rpl18a,1044.84725284175,1042.049304309577
Rpl18a,1048.3238321159051,1038.4073653267928
Ywhah,1048.8057262827233,1035.8402467203748
Rpl18a,1049.5942633480872,1003.6507304167668
Gsto1,1058.5749150028887,1020.4498686691
Ywhah,1057.9464638188729,1020.252077856696
Rpl18a,1057.560596730004,1078.5970955646376
Sdc4,1059.8599391975026,1095.7218557606643
Rpl18a,1060.026164795416,997.5415781049592
Rpl18a,1061.7165100882771,1037.9547109730845
Rpl18a,1065.4414776469766,1044.1713462907874
Rpl18a,1067.335231156212,1026.3109801799994
Rpl18a,1067.2870691176568,1014.5100555181816
Rps15a,1084.7809176984397,1058.4932917030085
Rps15a,1087.879621567536,1104.3494311822628
Puf60,1089.8521373211004,1091.305327560333
Rpl18a,1090.1221076493237,1071.052983641219
Rbbp7,1091.3289253518062,1082.44757491351
Rpl18a,1091.5832334965976,1076.2582299316512
Rpl18a,1091.9199328378943,1058.2888290603173
Sdc4,1096.1926511023246,1082.8106338820312
Rps15a,1098.6727237262107,1089.914793113622
Prpsap1,1099.447682755094,1074.3508941090215
Rps15a,1102.518843828606,1087.3281844424223
Ywhah,1103.627079658458,1055.6086164659882
Rps15a,1105.9438096423964,1033.5086565388665
Rpl18a,1109.409900241651,1072.2412896992623
Rpl18a,1109.8103177722846,1067.671863135804
Rpl18a,1110.672580662857,1095.9070350762684
Prpsap1,1111.843762452058,1104.8541256962972
Rps15a,1112.9267098850326,1074.8807340002072
Ywhah,1116.948282464337,1037.9867174975482
Rpl18a,1117.2030817237455,1030.6164524931755
Rps15a,1120.5362619798275,1111.9372284316162
Rpl18a,1124.7595603612106,1074.0991152878178
Rpl18a,1127.518550088498,1111.0730334019786
Rpl18a,1128.9973913616222,1041.9195459776906
Rpl18a,1131.2007938293714,1036.9773559934392
Rpl18a,1133.404493293508,1106.5452875974977
Puf60,1134.1162374116016,1086.3760078257735
Rpl18a,1138.6048014151352,1059.732622725689
Rpl18a,1139.0042381160763,1141.8926948939295
Puf60,1139.9568083782035,1111.4999978680207
Rps15a,1140.9591499495518,1084.2959654826702
Rpl18a,1148.1079601472588,1068.233218269326
Rpl18a,1149.164101823903,1121.406250270306
Rpl18a,1151.044804069002,1045.2043603752934
Rpl18a,1152.558535372572,1059.5441287876004
Rpl18a,1152.365394760916,1145.0834972799755
Ywhah,1153.6209859463045,1091.1226675457858
Rps15a,1162.3322925435723,1074.973022835565
Rpl18a,1164.6647470769203,1150.0944837446968
St13,1164.7477737996628,1048.7716214828206
Trps1,1169.9500763300955,1165.666930524906
Rpl18a,1175.659739268625,1152.7457982859064
Prpsap1,1176.1826500326436,1136.0797025318416
Rps15a,1176.9729879994418,1052.257983189652
Rpl18a,1178.078139303877,1071.810415352022
Rpl18a,1188.1855176931329,1091.845576737203
Rps15a,1193.7984920665754,1104.6133811956486
Rps15a,1197.9983283218512,1082.7381726276528
Rps15a,1199.5092466903477,1102.3260681748056
Rpl18a,1201.2257205030485,1201.7751222581987
Rps15a,1209.1572246225037,1057.817617904073
Rpl18a,1210.771201837195,1081.1104730424722
Rps15a,1212.5655349996946,1052.0004424693311
Ybx1,1214.9878702242663,1058.2100587467364
Rps15a,1213.8234208978538,1040.803006761617
Rpl18a,1216.815070820588,1107.325340658473
Rps15a,1217.5255857429352,1115.3842146781635
Rpl18a,1217.580339177183,1039.6159330781395
Ywhah,1220.8603951442874,1116.239506456178
Rpl18a,1220.9056086638411,1055.455820095931
Rps15a,1224.9680736934265,1060.0479184147048
Rps15a,1225.982278933509,1055.8015997432176
Rps15a,1226.7017943742453,1230.0357423505543
Rpl18a,1252.068508379948,1133.6539857355854
Rps15a,1254.3427761894266,1142.2924802364296
Rpl18a,1261.8311425645231,1136.1282354464206
Rpl18a,1273.7777650670107,1151.589064473218
Fus,1297.1674566477031,1157.3825681167525
Puf60,1297.3249502864724,1157.381236632404
Paics,686.435509797585,719.4975701897397
Ndufs8,699.3839702744465,723.0294084107243
Paics,720.3663510403414,752.4318513415479
Arf1,738.0117179873396,753.3515416063804
Arf1,749.261053392749,772.6449757035349
Paics,750.7607478771846,891.2790051631955
Arf1,755.4126060013599,784.07334479472
Paics,756.550003124838,766.4732240504775
Paics,763.4193608304604,887.5698196340479
Arf1,765.1185284644324,831.9258344724682
Vim,767.799350795062,838.988389959921
Paics,769.8661280520087,926.9949385959384
Vdac1,771.2196638181878,781.3770103988033
Ndufs8,771.5717812957546,782.3533360639224
Arf1,776.4764495030827,878.8460167555971
Arf1,778.9874757402641,801.1704878290998
Arf1,780.1718662383498,884.7826137593705
Arf1,784.271101205969,841.0617032448315
Ndufs8,789.2856299073217,846.9310447044576
Arf1,788.8560892288037,824.69337316651
Ndufs8,792.4174680794442,915.2596477164273
Paics,800.7863558212347,818.2706326704913
Arf1,804.5714256530298,827.9873449205509
Vim,820.1360437378296,851.7096880732544
Vim,819.3313450849369,836.8485925804199
Ndufs8,843.5550622326559,1040.0281361522675
Srebf2,848.7233406526909,944.3969420398452
Arf1,848.8420529000174,1126.5234247135984
Ndufs8,853.9150881964124,913.0872782926956
Vim,859.5281270106371,1143.8678934186362
Srebf2,863.5204289592209,926.8032334179758
Arf1,863.5483749425821,1100.8856576146477
Srebf2,869.6030545275328,1002.2879209401334
Arf1,873.293123153856,1108.113705822609
Paics,873.5347941972584,875.7787562835447
Paics,873.5448670460628,1074.113370054127
Arf1,878.8198944446634,1077.679093115334
Paics,881.3009818572255,1169.8114689548563
Ndufs8,887.2329713977015,1076.1286463570527
Arf1,894.7566001919199,1004.1299861096284
Srebf2,898.0420231929776,906.9345073633248
Arf1,906.1270208518208,1058.227230777689
Srebf2,908.7074740065476,959.215302722916
Srebf2,917.1205577447724,960.149703096156
Arf1,922.2442233672036,1105.2225685794651
Vim,925.9779927030075,1084.4995836700646
Paics,926.5528569420644,1092.0657361256756
Srebf2,927.416448596259,949.2563244316324
Fkbp9,931.4239768867998,1076.658947719092
Vim,932.4258039200258,1076.6560103229904
Nucb1,935.0403310705672,1072.5937477543396
Paics,937.5096588625228,1068.8491784662333
Arf1,940.3960047725218,1087.0811706598188
Ndufs8,945.631880592462,1093.0703318458332
Paics,957.5768572177636,1022.189389735477
Paics,959.3531939049144,957.4330563239256
Srebf2,967.9593901862248,1040.9618460683548
Arf1,968.6960046007136,1030.3908130447512
Arf1,969.3440342099713,1082.4833581168684
Arf1,978.66056487398,1092.498061453963
Srebf2,980.3658592028412,1036.7288350151343
Paics,980.2994969244752,950.9772796551572
Paics,987.955831646074,1067.3742121443534
Paics,995.5453318337092,1004.2965629313072
Srebf2,1002.913958594786,987.4095696910816
Paics,1006.8016547389786,984.8878932575532
Arf1,1019.0334443926416,1071.0863825246106
Ndufs8,1022.7845096367258,1080.9617211189045
Paics,1026.0730973916754,1028.3082622109291
Arf1,1028.0639635535072,994.1109190787907
Arf1,1029.9328668386418,1089.2619781734518
Arf1,1029.6838893123718,1000.2086206630312
Paics,1032.8131997683151,1044.58139110441
Rps6ka3,1034.076379536471,1008.0002529332196
Paics,1039.748728102909,1087.9558430743905
Vim,1045.9131764329218,1017.3898837257992
Arf1,1044.8466983765488,1046.4218633672194
Arf1,1050.7730586502016,1083.5457641648643
Arf1,1066.249832849364,1060.8621884058189
Arf1,1087.1933937649897,1029.5275288358723
Ndufs8,1090.4633427028828,1093.894475041844
Paics,1095.817679988498,1038.1537188125471
Arf1,1096.5216225509016,1070.939053692082
Arf1,1101.9680138837152,1050.9231252044217
Ndufs8,1110.706999699631,1114.90731869217
Ndufs8,1112.5386173508705,1066.5222467065382
Ndufs8,1129.3708826133288,1111.5296365610627
Paics,1144.8859505571593,1079.3297706651565
Arf1,1159.1284260797158,1066.0358879936666
Arf1,1165.9247312254197,1121.082227540548
Arf1,1174.5052669571014,1143.2747731544646
Arf1,1195.011876618978,1159.8169377683143
Srebf2,1217.3101584339656,1225.750849289715
Arf1,1218.6695076006424,1215.7192067462947
Arf1,1223.88324031077,1057.8016170840096
Ybx1,1228.8581547832548,1122.5717233063613
Ndufv1,815.4670024487347,835.1137928946995
Ndufv1,840.9794285277137,1020.0201402237016
Ndufv1,855.8369586762892,909.6074010867268
Ndufv1,893.4143838863191,1051.6697578366234
Ndufv1,913.5789644205684,909.792578144659
Ndufv1,917.0119902022489,950.863090135854
Ndufv1,959.3083718519096,1095.6148100277371
Ndufv1,963.81455359952,1072.4683548496591
Ybx1,971.3457588036932,1023.8426350098864
Ndufv1,977.5655542246736,1078.4830165695716
Ndufv1,990.852900888888,1091.3410455289052
Maged1,1026.3061650584025,996.8267432056184
Ndufv1,1083.4487681594792,1016.816826852159
Ndufv1,1085.0754341724974,1076.512914536056
Ndufv1,1104.8282078530294,1037.606398893357
Ndufv1,1112.60372522754,1085.5469565719854
Ndufv1,1134.7908665705884,1069.5068405820305
Ndufv1,1147.733539242413,1152.3645642404704
Timp2,731.5452249606526,775.5545624451693
Timp2,753.7893822836676,899.1387795341268
Timp2,762.6059495110503,831.5972148409331
Timp2,771.6989798697184,926.710952104578
Timp2,776.0884636839959,911.7484802775
Sf3b2,784.390500742125,868.0364332198228
Timp2,785.2899850432774,840.8517174689601
Nfe2l1,788.478336215908,945.7848829171512
Timp2,791.2101146343933,922.3719262961704
Timp2,805.8232521994858,908.1530928779264
Timp2,822.511479199002,941.228041036588
Timp2,822.7852063476174,1004.2391600790972
Timp2,831.080884801305,1022.2425578854655
Timp2,835.5403821257089,885.9635508442083
Lamp1,835.1724648209279,885.0847706611531
Nfe2l1,853.2330526864075,865.2550784513709
Nfe2l1,855.8909733125768,1053.981604927374
Nfe2l1,864.6585959272378,1070.1974693745915
Nfe2l1,874.2724614338978,911.2311135007536
Timp2,878.7029357138991,909.5434593104368
Timp2,879.0490382162021,951.1474911563296
Timp2,880.8887451692977,887.1820446272129
Timp2,884.9162094913003,926.1723939741744
Timp2,891.2792218254169,1041.0368752879635
Timp2,893.6190328031258,897.542781740974
Timp2,903.2753232357892,1042.5409943774457
Timp2,903.8801034281282,1069.0131863117076
Nfe2l1,904.052101047629,1015.2049705885382
Timp2,904.5425050955316,1055.096444747789
Timp2,906.4036057421788,1024.1333687654767
Timp2,909.179460753694,1016.29781783585
Timp2,911.9975993638284,1099.3424745556304
Timp2,913.316651167538,1028.6922143271129
Timp2,920.1957563312516,946.2563504515298
Nfe2l1,922.8178149835372,1017.9545656711437
Timp2,924.932506951793,1077.3369865116344
Ybx1,927.3723843942184,944.5218576949114
Timp2,930.363904526128,1017.6124977577564
Ybx1,932.7656038761936,941.8400848063476
Timp2,934.6404203064432,1040.497630058294
Nfe2l1,935.8508457409612,1012.0852186623875
Timp2,941.9440740463336,1014.3575949549016
Timp2,946.6321621468064,1010.214924303158
Timp2,947.1852849701736,1015.1851814564052
Timp2,953.8259886670564,1088.485391465564
Timp2,955.1696880213766,1075.7467602407137
Timp2,955.2418595232156,954.3637270648752
Timp2,968.8708376735829,990.3910540684548
Timp2,970.8681163134336,1056.9704235999425
Timp2,981.9244805292806,1023.89903740508
Timp2,986.0737595956084,990.7935601901784
Timp2,992.3917752745316,1083.9343998282316
Nfe2l1,993.983875761852,986.8354486253704
Timp2,999.972516308331,1038.2127150565914
Timp2,1004.7455193162468,1044.3799592328082
Timp2,1007.897370129321,975.4544247303144
Timp2,1011.883997816783,982.7557370937016
Nfe2l1,1013.0381044506856,1072.5530030851355
Timp2,1018.1262094039876,1076.7015739039798
Timp2,1022.6942370103848,1004.7051084416794
Timp2,1026.2059521270671,1060.0600259976038
Timp2,1030.594463457502,1070.20177456835
Timp2,1042.5851293277804,1005.444410912892
Psmc2,1051.1159696082254,1040.996873183863
Timp2,1053.5693963744438,1089.7520513480397
Timp2,1060.5683675087228,1020.4504464459268
Timp2,1062.405138675664,1096.2325060014048
Timp2,1067.9524295700733,1104.5009100938391
Timp2,1077.032555878461,1062.1170791724596
Nfe2l1,1104.761320381616,1083.0297630953744
Timp2,1127.4259378703389,1094.1925639218491
Timp2,1130.2309287511343,1048.8222335147373
Ybx1,1134.2079762831618,1103.6627113455904
Thy1,1132.5337039722356,1103.8800376183754
Timp2,1163.8414907739711,1148.3369340679528
Timp2,1189.9941556484418,1183.385964704103
Timp2,1203.336660264668,1215.7399857057435
St13,695.2876190140338,718.2566903359176
St13,709.3802077525565,728.4133511102893
Ssrp1,713.0506162207813,740.7963681431528
St13,713.3819908491132,730.4529197815284
St13,737.4737174453098,785.1040842756908
Sfpq,738.9431956034937,788.2890314103398
Csnk1a1,751.9178398593087,786.8615250114217
St13,756.6070157974001,794.6918151940281
Hif1a,758.7433504129133,812.6983014719877
Sfpq,759.9782819520237,795.4626880064053
Csnk1a1,760.5855741970645,850.4871981949291
Sfpq,764.2574910591591,805.3168211782078
Ssrp1,765.9071201272659,831.5782566155916
Sfpq,768.052399078413,879.6551196267444
Csnk1a1,771.8980107134917,816.0355592624331
St13,773.4413566257278,849.3249197643072
St13,773.9695261750023,864.5648280838201
Ssrp1,773.7558429394551,789.8682870518452
Sfpq,773.5364364496204,810.5102539176034
St13,775.0054909276375,912.7857448093558
Sfpq,777.7000568353908,925.8618545453734
Ssrp1,777.9765831511177,807.5327943850955
Sfpq,780.6969243949994,869.835435479274
Sfpq,782.55101287172,924.3652168855388
Sfpq,783.0471435640889,858.0033141675267
St13,782.6096618137931,798.1083165131389
St13,783.9604127063778,809.311221305371
Sfpq,785.552877145735,844.2604895113882
St13,789.7156752537475,842.4232331138154
St13,792.375838973822,910.372215499642
Sfpq,794.3550109010016,875.0503520967446
Sfpq,796.0266445382688,979.389121875818
Sfpq,802.2200298155858,848.5331566481382
St13,804.0295952777185,865.3593665313607
Sfpq,806.8726790342589,859.4208508828708
Sfpq,812.5722471578853,831.8036380613293
Sfpq,818.7088130236144,848.6697493021013
Sfpq,819.16643218197,937.3385174041764
Sfpq,821.3937528843942,1013.8127434658508
Ssrp1,821.4897761576844,990.4471013593896
Spon2,824.192856405514,859.8572823159438
Hif1a,838.0272143432054,889.9867989678839
Sfpq,838.4567646525197,1033.8628492172356
Sfpq,841.9407685017059,847.9520066457376
Spon2,842.2307053907077,982.7668429602516
Mrpl41,847.0560375054556,1003.091552491088
Spon2,848.800473530539,1138.1803428013286
Vdac1,847.7993724606047,1022.7316633343715
Ssrp1,851.5108318484749,848.4684441485239
Sfpq,858.2440207061285,878.0824047237745
Sfpq,859.2456255550687,873.4249238878106
St13,859.9424663207774,919.7918615424308
Csnk1a1,861.3193714920378,1127.4777229949327
Csnk1a1,863.2361663559511,929.0889059304905
St13,866.597754267566,1139.4881378084904
Sfpq,867.4531042714317,1152.932793729134
St13,870.0039065517387,1052.7983283226451
St13,873.8251253205356,1107.8325258149302
Spon2,878.5438167834052,1022.2922436772672
St13,878.4786348414086,1108.0061798312863
St13,879.1163380756441,1053.4286820257323
Sfpq,879.6000998494519,932.1864001985572
Sfpq,880.509519281256,1155.5065049334332
Sfpq,880.7620326873832,975.9752411182436
Hif1a,883.0428213071742,1102.747051196846
Csnk1a1,890.5367063655086,949.2608320897164
Sfpq,891.6803075023015,1074.1340524750317
Sf3b2,891.4719093865781,1072.0124456892404
St13,893.5170403934741,1124.164004917293
Ssrp1,893.5759873155368,1040.418480286084
St13,894.8893249989458,1057.5961152500083
St13,897.8537293028758,1045.6257129673688
St13,903.0099143796654,1040.5213971746412
St13,903.7982327534044,1082.8363862423175
Sfpq,905.7015482963964,920.7462365799128
G3bp1,907.4369931140222,967.8440654972096
Sfpq,908.1296931484408,961.6729621291906
St13,910.7896194592374,954.0319001347732
St13,911.6563010093182,973.8728529373692
Sfpq,918.8315683231511,957.74389699234
Sfpq,923.2643628444232,1061.1196867786075
St13,926.754495737972,1084.5897996998474
St13,929.582688433519,1053.7114914888807
Sfpq,932.1280293987328,1088.2872135625512
Sfpq,938.6259932926456,1069.0367553845583
St13,940.5037323127556,1020.8530450286944
Ssrp1,941.614006450314,1047.1906745399986
St13,948.478151514156,1033.5415950323045
Sfpq,947.3610485485636,1082.2137446254546
St13,952.0478490987468,1087.6037101761617
Csnk1a1,952.8514215222524,1098.888804901302
Sfpq,959.1254295342388,1017.9862599188432
Ssrp1,960.5989695969108,1027.1144936109622
Sfpq,965.3350495282142,1021.8981857411328
Hif1a,966.9459435554402,1061.0332082439209
Csnk1a1,969.4953105544024,1005.3361610093868
St13,969.8804323222632,952.489662984458
Ssrp1,974.7212329224648,1030.6218500921857
Sfpq,975.3487503933228,1094.5968635873571
St13,976.0160005863248,958.9698407088064
Ssrp1,976.9055716353336,962.5692525610776
St13,981.9796992804446,1080.7984672578275
St13,983.8533231774184,958.5151488459566
St13,985.0400575299882,996.6074684354754
Spon2,986.1832256048624,1054.0148001258565
Sfpq,987.005131055291,1085.3397089227756
Spon2,991.2415706835268,978.6941211882768
Hif1a,994.67894992148,1091.4345294450943
Sfpq,999.4850394551804,1090.646266578504
Sfpq,1004.0075067850372,969.228885360199
Spon2,1006.8233697832164,1015.4858956465272
St13,1010.877340248166,996.1904441859716
St13,1011.5111665802856,987.5504874580135
Mrpl44,1020.6387123731658,973.265215016852
Sfpq,1020.4363563748138,998.5402494176548
Sfpq,1021.230083020796,1087.8416298675052
Ssrp1,1026.057209063266,990.7795381574538
Sfpq,1026.3572338661183,981.8213556906414
Sfpq,1030.5236493027082,979.526292310383
Mrpl41,1030.570338309558,1099.2839928805124
St13,1040.7410865819809,1002.3221255181752
Csnk1a1,1045.4900183789262,1099.7766084853763
Sfpq,1046.4278989653872,1033.336469885382
Ybx1,1045.8467634971512,1047.7210342137548
Sfpq,1048.404629898702,1080.0469166627292
St13,1050.708372758823,1070.8444706640598
Csnk1a1,1055.5486815311356,1046.369714435512
Sfpq,1058.9728003706591,1061.5868992312412
St13,1061.4130084402643,1011.0171460281416
St13,1063.8912594068386,1083.5271643669112
St13,1066.5805031174186,1083.119568274028
St13,1067.2993339696725,1107.4090061624051
St13,1071.4783437731749,1042.9267221384102
Sfpq,1071.991026966528,1068.1212425063748
Sfpq,1073.634188513368,1032.4392677655176
Ssrp1,1075.38918561714,1027.1835142624536
Hif1a,1076.7632092944878,1094.4179378658105
Sfpq,1077.9361386509809,1098.749078574221
St13,1078.7218899102618,1023.9093525008716
Sfpq,1084.0041365316008,1032.879860424144
St13,1085.486223359497,1091.133589358171
Sfpq,1097.00972550691,1051.9675468943262
Sfpq,1100.4892055579116,1105.3306535801732
St13,1101.8573561802557,1034.369871874261
St13,1108.6442646396947,1101.7386553004546
St13,1113.1315482742928,1059.8233121298842
Sfpq,1114.904065979164,1037.1300543834311
Sfpq,1120.778433049271,1059.6801485710728
Sfpq,1123.6932729504256,1081.3264843481647
Sfpq,1136.1057153625416,1041.0232207681518
Csnk1a1,1144.9748591220296,1050.0518460782357
Sfpq,1149.8102966231754,1087.8257631284164
St13,1151.47065741638,1125.6216089891614
Sfpq,1152.2775745731997,1082.9968863623185
St13,1162.5204439199435,1080.2073027368233
Hif1a,1170.6775788427417,1088.955854680226
Sfpq,1170.6466177634004,1149.584951876462
St13,1191.691430809787,1105.015605156595
Spon2,1196.071037837217,1186.2693223463368
Sfpq,1213.7623859125636,1109.6867056441874
Sfpq,1242.374672438007,1135.5096629778634
Csnk1a1,1243.518601055075,1239.6649861051228
St13,1244.9647454780431,1131.8327293320044
Ssrp1,1256.022517671685,1135.305964488878
St13,1262.1993034513316,1144.3498726454006
Ssrp1,1284.62082389216,1160.4859194583587
St13,1285.6864849176072,1157.0647932938457
Ssrp1,1297.3325982037366,1156.4567343017266
Pdia4,703.8378148628403,722.7777902661562
Lamp1,712.1487571803013,726.1805143353407
Cs,721.0631837582174,744.8962598650434
Ran,731.5810311138488,769.6364307326157
Pdha1,761.4743353133349,921.4725562820246
Pla2g4a,761.9664837758608,812.3652353327386
Ddx17,765.8462164454115,925.9457286690266
Ran,769.0358067603333,840.2166221115739
Pla2g4a,770.708459535002,915.404519361643
Lamp1,771.7110836524021,882.0129968678004
Cs,771.34089171256,935.389389611865
Cs,771.6699520497966,792.6690817614074
Ran,772.8389426521962,931.3025134773424
Ran,774.4703033199189,867.5251269131784
Ran,775.756834099337,954.1268102917778
Ran,775.9833616350485,920.4626917692268
Cs,778.9927659803615,951.294710609872
Ran,781.8390696568857,811.0789814513813
Ran,783.8568724960053,803.7126166614833
Pdia4,783.4230038533055,841.5855747497894
Cs,787.1389907746166,859.0966734759912
Mrps9,787.5105387466517,911.4327224998142
Cs,787.3355471727166,906.7303064596516
Lamp1,793.8139775104731,866.0206281100656
Ran,796.3374428183565,972.4842130286124
Tmbim6,799.3883529924132,826.5561473677145
Pla2g4a,804.5431927958163,841.7050555716095
Lamp1,810.6168113112348,923.0173540043876
Pla2g4a,826.7570531445907,947.6531352450364
Mrps9,834.1927329305493,961.0949026085608
Lamp1,839.0848764851801,1015.693329379005
Cs,843.2394105905016,882.2245972544151
Lamp1,844.1727010470428,1032.979174764847
Cs,844.7607134313713,1017.8555106581535
Ran,846.185703866331,1134.7919957730946
Lamp1,857.3162709082276,868.64203695998
Ran,860.9088652531703,1126.7165127242035
Cs,862.0254377887204,1058.923906852227
Mrps9,862.751319195278,1133.1547041676831
Ran,863.9158641252917,1124.3391241236166
Lamp1,866.2576606196947,1111.228838231944
Ran,868.0776957599592,1112.9426922942098
Cs,870.6636539502192,933.5128811628852
Ddx17,872.9281277275153,930.557452370358
Cs,874.2753672286589,1073.9469642357658
Ran,876.5631282216773,1127.8471493251218
Ddx17,876.9842729770191,1006.8376957611644
Lamp1,878.3378136545493,994.5943143269292
Pdia4,878.1469345773348,897.8495806480271
Ddx17,878.7354858743299,1016.9545470567768
Lamp1,882.4162369268965,1031.2964206451525
Lamp1,885.6805254967921,1023.7342387938244
Ddx17,890.3398663233538,1123.3598469761575
Sec13,892.1868840684729,1131.4965102628455
Ran,892.6079102634731,1130.6751330356494
Pla2g4a,892.8786507124485,962.71958004545
Cs,893.9629016774818,887.8695036925876
Ran,897.931549690319,1057.0577080726025
Pla2g4a,899.545428337702,942.1574015165332
Cs,906.0151083353056,1043.8427926464112
Lamp1,906.8872794638208,1021.4058767957052
Lamp1,911.6261706874742,1001.108122732325
Ran,911.8212335364248,1102.7158223141764
Lamp1,912.8408421701762,931.4674085186342
Ddx17,915.0593412648282,960.9137205171884
Pdia4,916.596281142646,964.6195320216104
Lamp1,917.5263156612258,972.0970847040307
Lamp1,921.9025692101094,950.9587755724218
Lamp1,925.6248031242242,946.9476906267768
Lamp1,936.98439524538,1016.740901459103
Lamp1,956.6639978363952,958.688092840248
Cs,958.6822323264752,1097.322859310254
Lamp1,961.5162960102052,1049.7605335634937
Ran,971.70004103116,1058.27175430944
Lamp1,977.9183013964408,1081.611257585197
Lamp1,984.2364298527162,980.0521800136868
Lamp1,986.5206567046544,1031.4661754219585
Cs,987.0312435403728,974.1478041155932
Ran,989.118961463835,959.4457640407212
Lamp1,992.7883590592984,980.4543512700596
Lamp1,995.0984534860424,1073.9930248970968
Lamp1,999.121829183647,999.0222526085244
Lamp1,999.5220515988692,1047.9591641791696
Lamp1,1001.3926501587716,1025.8345578278538
Pdia4,1021.2174317039688,1096.7058726155828
Cs,1025.0498336573137,982.4173259494378
Lamp1,1026.7236804818274,1029.4607556288686
Lamp1,1030.5645777304317,1032.2841349690125
Lamp1,1030.645997546102,994.351540245121
Ddx17,1032.9615438936155,1012.6537119222168
Cs,1032.3852434926516,1019.9800651945576
Ran,1035.6314227141013,1099.312435473626
Lamp1,1042.2994577980128,1101.4183795198182
Ran,1044.5968190438452,1079.435021818249
Ran,1052.2167011567844,1018.4697635876596
Rpl15,1058.5446097488616,1009.7487535308992
Rbbp7,1057.6998272822004,1009.8106005893642
Lamp1,1068.3573680818254,1060.5621311319944
Ddx17,1070.2940303688515,1065.7531500859443
Pla2g4a,1071.5459967619208,1013.3865561400996
Lamp1,1074.9990920797345,1098.5969727728907
Cs,1077.0977076548252,1065.4896441640344
Lamp1,1082.179130349473,1081.373769864437
Ran,1089.795372791042,1083.326037707137
Ran,1091.2642394857216,1042.22818381838
Ran,1094.7094289702534,1111.8082629001335
Lamp1,1096.2630388380514,1038.486439433466
Lamp1,1101.4439360759147,1027.863332419758
Lamp1,1112.2071060889102,1047.4391394304685
Ran,1112.9997278676396,1039.4928500748117
Lamp1,1118.468037518716,1094.747099261789
Lamp1,1122.1994446769168,1100.3291728604222
Cs,1128.0693959554412,1111.512942841519
Lamp1,1135.1851258770182,1085.1417179495836
Pla2g4a,1138.0297398674716,1135.714469919552
Lamp1,1147.2224159659993,1089.4214247900186
Ran,1154.3138236145162,1076.2981290048865
Ran,1156.6488835715402,1043.0311130828986
Lamp1,1160.0791143038418,1090.438586260721
Cs,1177.0522429829448,1154.543597815431
Cs,1178.5027068254135,1097.8050391431598
Ran,1190.0163532254714,1094.727838612608
Lamp1,1216.7185746366808,1230.6145322781183
Cs,1217.5999184123298,1116.3612343182667
Ran,1218.771696184133,1053.0383103610027
Lamp1,1223.184342648617,1232.3634828515
Ddx17,1250.896530392108,1134.550107302682
Lamp1,1267.8960479309849,1146.0434054072732
Cs,1276.9722790477913,1156.7332710701023
Prmt1,691.3649690277739,700.7943727523029
Prmt1,700.7777752523226,724.7175858783329
Ppp2r1a,738.9405906058464,785.1798642499691
Prmt1,753.4927001688343,810.7697885046899
Ppp2r1a,754.5982783417871,772.6423075806772
Rnf11,762.8617561346814,823.8498207664563
Rbbp7,767.9427227387841,868.9795990943351
Ppp2r1a,768.8598084635204,891.3673922094638
Cct5,770.7193451106142,879.348145127756
Rnf11,772.1835414370306,942.106422516404
Zfp36l2,773.2718105325487,910.5829466631144
Rnf11,776.6810920276239,859.1143393344433
Ppp2r1a,776.1613905735576,926.1110915217512
Cct5,777.7768372113928,864.1083179350612
Ppp2r1a,780.7001395774403,900.7669177108584
Prmt1,780.4901506003166,954.8065554470404
Cct5,783.5962943625486,895.5333440436515
Cct5,787.4539906221738,950.1387724748296
Ppp2r1a,788.7398243971734,808.730977219936
Cct5,789.1687262616607,963.9598596264708
Cct5,790.4046069482775,932.0341185496544
Cct5,791.8549061125578,909.8088332733482
Prmt1,791.9260105457414,811.8620495268444
Prmt1,794.2645471793935,819.9951485079945
Ppp2r1a,795.3283002799817,873.2500985252209
Cct5,797.0332857617277,945.1794811212362
Prmt1,796.9678958470247,969.124913409005
Rnf11,806.0371696875188,850.0312805049605
Cct5,806.5800542377807,871.8029473514734
Rnf11,806.3293463804131,843.0929570641061
Cct5,808.5681507630868,892.563041637085
Ppp2r1a,809.2239683346419,819.1097234463175
Prmt1,810.4705826456543,904.4137044873884
Zfp36l2,811.3831973614026,921.2473130932348
Rnf11,812.4126610772232,859.7841777173103
Cct5,812.2000021168627,838.0869197428754
Cct5,812.740552378737,978.9457405832344
Cct5,814.301178305278,825.8429836169985
Zfp36l2,817.9146834538901,837.2792660672487
Ppp2r1a,818.0479477633771,850.9422826560781
Ppp2r1a,827.37579757395,861.1901129961609
Zfp36l2,828.3725656091698,1024.8992052943045
Ppp2r1a,829.2893611541658,848.0330603130528
Rnf11,829.8029801755292,1002.5676994420868
Zfp36l2,831.0096227076529,983.786743707588
Ppp2r1a,832.523952736042,988.3526512449904
Rnf11,832.6008141892879,993.52394071984
Ppp2r1a,836.1733573354595,852.8035728363351
Rnf11,838.6849173666774,1029.3952880675924
Cct5,842.3768300763572,871.23214838319
Prmt1,851.9660738014826,1141.427606334186
Zfp36l2,853.0722615947135,916.3729175477148
Zfp36l2,853.3019837166023,950.9448401163488
Zfp36l2,853.4281409488119,963.0543427031972
Rnf11,855.7391064900195,1022.7646293127948
Cct5,864.0186159837647,1068.523109993274
Zfp36l2,869.2027129695413,908.2791927742952
Zfp36l2,874.9938604060189,888.279302667373
Prmt1,877.377921170876,1070.0728604559974
Cct5,881.1707099099768,1042.2375348412045
Cct5,881.8176570243257,957.9537184182692
Prmt1,886.5414434693846,904.83808737279
Rnf11,886.6353028300947,1085.6229889991416
Prmt1,887.057255297979,1130.680721050774
Rnf11,895.0785166188541,1052.885591594355
Zfp36l2,899.673213830853,991.4965721109168
Prmt1,899.7461079627358,954.5583439799776
Rnf11,900.2996568728244,902.9008935398226
Zfp36l2,901.5137569483994,986.9686949661456
Zfp36l2,904.4376781045372,1083.5554712322748
Ppp2r1a,912.9454240300284,973.1028630140984
Rnf11,917.6845066912194,967.4951270583118
Cct5,919.6184056221044,1035.677060266444
Ppp2r1a,923.1404513988488,1001.255266773312
Cct5,926.6859168263657,913.4898691925208
Rnf11,927.8298194531634,932.9738664417793
Cct5,928.7316364627776,1017.076772553198
Cct5,931.593551205748,920.2106185322656
Cct5,932.5022853414534,948.5756657691862
Cct5,943.5249875284215,1045.163135619165
Rnf11,954.5858820400912,996.4306408840832
Cct5,960.604588704726,988.540480307646
Cct5,961.9213772774748,941.3350470403518
Prmt1,965.2659933206924,950.056404719949
Rnf11,978.1908762279212,1067.828617210076
Rnf11,979.2647330580384,972.3190183443734
Cct5,979.859268654102,950.809070486266
Ppp2r1a,979.9817707443216,997.4746449661568
Rnf11,985.454883440868,1085.1206359271685
Cct5,986.073644816285,955.8621572803828
Cct5,989.8325693084332,1072.428899090935
Ppp2r1a,990.5028612682624,1010.7357585838624
Cct5,991.2202377086478,1082.4603447486547
Cct5,996.5348854796512,1000.4874860628456
Ppp2r1a,999.992317436584,978.2911478785496
Ppp2r1a,1004.3418931965552,982.0646719918168
Ppp2r1a,1005.0611641161626,1008.0915436722604
Cct5,1009.8759596098506,1051.5726394939684
Rnf11,1015.5960800092544,1053.3500861835532
Ppp2r1a,1015.700375514804,1079.561363984489
Rnf11,1016.9483165953508,1033.307704701154
Ppp2r1a,1022.4889884527648,1002.994775119574
Nucb1,1022.8911673905548,986.5055424686356
Ppp2r1a,1026.5004890990556,1030.9586973054013
Rnf11,1028.546602041736,1041.4616383116188
Prmt1,1031.7527725663583,999.483204938022
Ly6e,1032.6969884122684,1004.4255605711832
Ppp2r1a,1034.264702833219,1023.7387088678324
Ppp2r1a,1040.5819645972588,1022.440926844622
Cct5,1039.9573174895702,1063.4196716321778
Cct5,1040.8611101478634,1048.0560074385007
Rnf11,1045.788363292641,1059.76039956531
Zfp36l2,1047.0522706629793,1035.3992956527718
Rnf11,1053.644693916677,1034.2522211597318
Cct5,1062.5979730780475,1040.4438157703871
Ppp2r1a,1064.9296236278165,1024.5405604925966
Rnf11,1070.1073007974574,1020.388085881202
Ppp2r1a,1072.0231817187007,1018.6995381815076
Zfp36l2,1073.096253060865,1026.5611677101112
Rnf11,1073.0745184872962,1051.868880993698
Rnf11,1076.7074739055788,1040.375284387659
Cct5,1077.0611970652003,1051.703617714552
Cct5,1081.6735110706345,1045.6583022617938
Ppp2r1a,1081.9591760572368,1052.9549962415992
Rnf11,1083.694689813973,1054.58226918153
Ppp2r1a,1091.8104968612272,1024.5140455750798
Cct5,1092.5077437926946,1052.256334531648
Cct5,1093.961762853981,1036.5066599587326
Zfp36l2,1096.188747267468,1054.3546625074316
Ppp2r1a,1096.3678178788514,1094.8879234489634
Cct5,1105.9274617603871,1028.8116979193117
Rnf11,1121.1467643519902,1102.6833579971774
Rnf11,1121.2488696329965,1061.7176701316598
Prmt1,1121.8151886657051,1082.5454628625637
Cct5,1139.5424286212274,1062.7741983377502
Rnf11,1143.0449365644845,1118.6483409786656
Zfp36l2,1146.921164566579,1047.976247983845
Ppp2r1a,1148.3811908858102,1092.092582888395
Prmt1,1155.4496665960703,1083.2595453212832
Cct5,1208.3538004115549,1209.676879373923
Ppp2r1a,1219.501234870451,1059.7335686510137
Ppp2r1a,1220.5760186715106,1034.7539947851806
Prmt1,1234.9096392847334,1050.9109144599036
Ppp2r1a,1244.218923959634,1136.8900906155836
Cct5,1254.9979544421335,1141.002950516425
Cct5,1280.3719545381284,1163.8626073026655
Myh9,1285.2928438632327,1150.0915791350048
Rnf11,1284.811663095538,1155.3056677871143
Mdh2,661.1262153612198,687.0485936480694
Mdh2,684.4889081171895,715.3399763553452
Mdh2,724.2556183121891,748.4581991731327
Mdh2,725.6675863280936,758.7971287301565
Nucb1,728.5811411107289,773.2978361833611
Tmbim6,736.169455623512,786.9823225848421
Skp1a,737.577491311861,775.9952555740717
Mdh2,740.5795961114077,772.6145568098107
Mdh2,752.1094764661855,894.0441018210629
Mdh2,754.0194022536851,775.6617425189056
Mdh2,755.6785927004108,807.7689871380998
Skp1a,757.7227470025172,771.1135645133365
Loxl1,759.1997410868912,828.0553005873899
Mdh2,763.669598218472,925.48552428586
Loxl1,763.7014235230088,847.6680167796695
Sae1,764.1038135528324,929.66721012635
Fkbp4,765.6210956412949,790.6078163218175
Pcdhgc3,766.0447865190263,790.4377886046989
Mdh2,767.7064395858688,801.9549873424382
Mdh2,773.6078770637608,803.2147749055359
Sae1,777.8473124945033,799.1590989571779
Mdh2,780.5261231587792,863.8014290399113
Loxl1,781.2656978133022,872.1889273199273
Loxl1,781.0289458755365,926.6156225519388
Mdh2,786.4028098887545,869.8739639884701
Mdh2,788.3714700766193,795.3726856114217
Pcdhgc3,790.263020220754,936.37048121945
Mdh2,800.0488663073006,808.6221228368979
Tmbim6,808.1257877311241,891.106967236944
Pcdhgc3,809.1215976719768,900.8864651350796
Pcdhgc3,812.5757550716676,877.8055227306126
Mdh2,815.213589933321,821.9751439115195
Sae1,819.0951240073131,853.4522331508435
Nucb1,824.915571683603,1001.8482418499436
Loxl1,825.6455245980654,1015.2856577532928
Sae1,828.7273350346773,879.7736332996003
Pcdhgc3,839.4202954763135,877.5414041042106
Mdh2,839.2869727863451,869.4349582100627
Nucb1,843.4741197822502,882.0197180270129
Mdh2,844.3691039539286,1139.320153076715
Loxl1,845.0377275292606,902.6680348008954
Skp1a,848.020064049755,1030.3890385651907
Tmbim6,851.7732277067639,970.0008030566174
Mdh2,852.8468984682328,889.5354330228271
Mdh2,853.8688929607024,1137.5368233036047
Mdh2,859.0028980079501,1032.1040454330928
Pcdhgc3,861.6091546881728,885.6413438991465
Tmbim6,861.8877951593778,1037.9704053951236
Skp1a,865.5654202515308,862.5762954292833
Loxl1,865.1926810709709,873.449807176739
Loxl1,867.8162776931316,999.8877317388858
Nucb1,867.8630432775966,887.7566295967124
Tmbim6,867.8726691201078,1053.7677840885497
Nucb1,872.2845134721331,1021.2687596987262
Sae1,874.5267450634473,877.5554254900832
Nucb1,875.2065459681519,913.2463936061216
Skp1a,875.9613843414529,1103.2120082135232
Loxl1,875.7574578724484,947.9361209695574
Pcdhgc3,877.2107065318465,1010.4147938671306
Nucb1,878.70446926669,965.0182718020432
Pcdhgc3,882.6218749590029,959.428474110736
Mdh2,882.268107751044,1131.2915002129084
Skp1a,883.6491729655572,1128.152018076063
Pcdhgc3,893.4330361106641,995.646451032414
Mdh2,897.2206870868063,1064.094315527914
Nucb1,900.6668399608668,921.4087260587306
Skp1a,906.7484782592728,982.7349553830852
Mdh2,908.6733643003308,982.7530737178269
Pcdhgc3,912.1656811180196,1042.0509647610666
Tmbim6,912.8198335431858,978.4038555651732
Mdh2,916.067034893812,930.7055096725882
Skp1a,917.283995635596,908.508322558746
Pcdhgc3,916.8947397470296,919.3079182553676
Tmbim6,920.0941540373996,935.384258462005
Nucb1,920.3884245233404,961.6545266138128
Nucb1,933.6863704029502,1038.788685824235
Pcdhgc3,934.6589093353545,955.6227555083678
Pcdhgc3,940.3577892291592,1024.3867391570366
Mdh2,943.6989266047802,932.6433777268378
Pcdhgc3,943.7853063421172,1028.871754901539
Pcdhgc3,944.8770658013572,1016.173061934432
Nucb1,944.5795079618016,953.7294323914148
Skp1a,944.8714855448465,935.9085513119982
Nucb1,946.2439979935529,1065.0913333056149
Loxl1,948.9044384170184,938.7951669336406
Mdh2,948.9825049694508,1075.6605678686235
Pcdhgc3,954.7619698880573,1010.4685344727844
Mdh2,956.673841624957,1090.6304425724306
Mdh2,959.1446318443016,1027.305408839034
Pcdhgc3,961.660344483578,991.6120838545056
Skp1a,962.3386361488028,1009.1412021752506
Mdh2,970.0671149928633,1076.1794456115258
Nucb1,971.2416657642028,966.9176439981456
Loxl1,971.6455911239528,1021.8816476578924
Pcdhgc3,974.8207708005532,985.1538790646812
Pcdhgc3,975.2558659913716,1031.420778336335
Tmbim6,977.4236549712284,1005.9617055515268
Pcdhgc3,978.7221199870615,1069.7969815271604
Tmbim6,981.77758418802,999.6867449579864
Pcdhgc3,985.023388865432,953.0629797989802
Nucb1,985.387096892907,1000.0207332461156
Pcdhgc3,985.994765513808,1047.2544590909708
Tmbim6,986.0397921344208,1052.7873234847923
Tmbim6,993.3594454844156,1034.2807264030416
Kars,997.9364294623964,1019.119002158723
Mdh2,1005.3247431335836,1062.0267314712366
Loxl1,1008.2994267708216,983.529363997865
Tmbim6,1009.6820417152996,1043.0100659493862
Mdh2,1016.8911852028637,977.3894497283192
Pcdhgc3,1022.0231119474768,1019.3732534146188
Nucb1,1023.5897252324496,1013.2821550096512
Tmbim6,1024.020668093248,989.9654787252276
Skp1a,1025.2785126935094,980.8264283094192
Nucb1,1026.3259677599772,1021.8250609412114
Mdh2,1028.2121075362277,1092.2697598552536
Nucb1,1028.4081419732331,1075.1136919947487
Mdh2,1030.4968641956716,989.6456130945288
Mdh2,1034.532485017112,998.7669028038546
Tmbim6,1034.650381845669,1067.935811342227
Mdh2,1038.4272503679308,1086.0480057991372
Mdh2,1042.8083797790373,999.1731896185664
Loxl1,1048.7086896493165,1000.6369167099516
Pcdhgc3,1054.7040216192536,994.484852810852
Tmbim6,1055.7114234484743,1081.1992056409777
Mdh2,1058.0141831185213,1068.1356276505344
Sae1,1056.9671672579398,1067.2225321008186
Mdh2,1060.9106317122328,1045.3128779812328
Loxl1,1066.7883875508494,1097.1801515281727
Skp1a,1067.8724573155785,1010.2897817351804
Skp1a,1071.047532228772,1034.4239310416665
Sae1,1073.526198947297,1077.7833745120502
Mdh2,1088.688384287503,1018.8091366953494
Mdh2,1090.9105420020137,1076.0295507487413
Mdh2,1092.250011342559,1113.6677011123677
Rpl15,1098.0161375226205,1055.687468277961
Mdh2,1102.1770361887811,1083.2078742771737
Mdh2,1108.2600283303525,1085.303435829052
Mdh2,1110.8942388365244,1056.9451216942275
Skp1a,1112.0371593230686,1082.7425423633513
Mdh2,1115.428283073055,1050.4698503348404
Tmbim6,1116.861514642805,1107.7835127913831
Mdh2,1123.4656920966838,1056.982717077295
Mdh2,1124.3288247929577,1061.9229038911965
Mdh2,1129.9966907813828,1110.5999875809937
Mdh2,1130.855310547679,1078.244708798709
Loxl1,1133.4279867478713,1070.008538576938
Mdh2,1133.6567828624777,1043.399024357184
Pcdhgc3,1133.987485502538,1103.1831595393348
Loxl1,1136.7528296959126,1112.5647859849123
Tmbim6,1140.7262628536537,1071.030263336282
Mdh2,1141.393886025122,1085.7364728276902
Mdh2,1144.06591825172,1081.785297867468
Skp1a,1153.990455013433,1065.0492502971997
Loxl1,1175.151486035922,1157.927746196823
Mdh2,1179.815695341766,1099.515814059797
Tmbim6,1201.0877558996067,1209.3183547424014
Ube2d3,1213.3661781894325,1050.7693427535444
Tmbim6,1221.3698218315549,1219.336672324083
Sae1,1255.1340541022523,1147.6965534529766
Sae1,1260.2128293391015,1138.1167876730551
Sae1,1268.1847622689245,1144.2619661273804
Nucb1,1281.917185465209,1159.5505703845192
Loxl1,1282.8072848718894,1163.441967574323
Lrrc59,720.8357579602811,739.5847266359376
Vim,741.6245421639204,770.34528042926
Fkbp9,745.3508819490066,790.3796565060447
H1f0,752.558002158331,815.1016622537154
Myh9,753.5115787391665,801.287247624124
Myh9,755.0778100647506,777.0071296129399
Ptgs1,757.1893341473731,788.4876851989347
Fus,762.5764069010022,778.8730623025101
Lrrc59,762.233675622834,853.8005890811107
Thy1,762.2637380951252,843.9590598391745
Lrrc59,763.3698974663998,837.9008525121458
Myh9,764.9246787094118,894.0139094703787
Fkbp9,766.9168138348542,802.7586106440317
Thy1,766.9473168532546,869.1174717329814
Myh9,768.1130493236167,823.1847218354077
Lrrc59,769.0841911395769,778.8863016721152
Myh9,770.5466551613223,833.3453532838662
Myh9,771.2899854200826,840.4165965369004
Thy1,771.1729441003229,859.6362850155426
Myh9,773.5590687773506,923.4949986991642
Lrrc59,774.5711690304508,875.9110134493881
Thy1,774.9538071936995,891.8544650388828
Thy1,777.112708937642,833.87260843791
Lrrc59,777.7722735696523,916.0656857371876
Mrps18b,778.1749498299189,856.8518299498609
Mrps18b,778.1487756024499,886.3957584554746
Ptgs1,780.1411132361825,895.3902462105808
Lrrc59,780.8931890311655,906.10069438548
Thy1,782.0238460447442,961.8482574635304
Lrrc59,782.0087942950278,835.8828979999798
Ptgs1,782.1249206317082,940.5382273829988
Myh9,786.2331811835178,845.3191257289067
Fkbp9,786.7211322303534,902.0264315363936
Myh9,787.3119126761617,821.5071672660283
Lrrc59,788.6912855676587,870.9411992002979
Lrrc59,790.7320119060613,967.9595041108604
Ptgs1,792.3641617443519,808.4416044338959
Ptgs1,794.983780908783,971.3240171772112
Myh9,795.5968505810388,846.288078598508
Ssr2,797.0704013452307,841.6705420236815
Myh9,798.9041740170635,866.4750700743464
Thy1,800.2094775665853,979.1011382424542
Lrrc59,806.1500838960836,866.612471597198
Lrrc59,806.5042778479823,860.5222790623501
Ptgs1,806.9001595302055,975.8189112380926
Ptgs1,815.2025665746575,890.4715490391138
Ptgs1,818.1000467299074,904.1137785135704
Lrrc59,818.6756543470603,843.894294268343
Lrrc59,819.0410680541137,848.83352679113
Myh9,818.9419127257177,838.6936989316861
Myh9,818.9152733338119,829.5697367617795
Myh9,819.296970895511,1001.8382468317602
Ptgs1,821.404009001932,887.5058128872124
Lrrc59,821.8818818941004,866.4990667982092
Myh9,824.051231493287,952.0063087160448
Lrrc59,827.1115339041389,1033.481896034554
Myh9,830.8890548072721,830.0493796188612
Myh9,832.000196789259,873.7522851959875
Myh9,832.9737863093657,1033.7562509382103
Myh9,834.5902898775397,919.2091945498464
Thy1,835.9808007574181,974.057576660024
Lrrc59,837.086603100607,1039.5328109544223
Thy1,838.0903896126206,879.7455340798119
Thy1,839.2525019218407,1015.1075517156852
Ptgs1,843.3949582124937,1018.8091217087084
Myh9,843.3587328893135,942.1590788412384
Thy1,845.0455554747928,1008.6386245912788
Thy1,846.1661369073693,883.8602402842075
Thy1,845.9929819780582,976.9199538242476
Ptgs1,849.5330153315629,1022.4491693370144
Ptgs1,850.0832991303706,979.5576014914308
Ptgs1,850.442910803269,935.9615554369752
Pdha1,851.6898709804466,852.4951069819657
Myh9,854.6670330371637,942.6151603562072
Ptgs1,854.9071880949706,959.93921127573
Lrrc59,856.1066730424548,1069.9495874167062
Lrrc59,857.3885835188925,848.7927856845929
Ptgs1,857.5270460591283,871.4379084460738
Ptgs1,858.5882297047162,989.9092655548608
Thy1,858.9784514075319,1045.1561023585436
Ptgs1,862.597516543164,884.123750180135
Ptgs1,864.1460529664262,982.988304456262
Ptgs1,865.0702660090078,929.1593760659504
Ptgs1,866.7223136535019,959.4552997899732
Lrrc59,867.2156590208953,1088.0565579888062
Myh9,869.2589002302069,1055.1556738504582
Ptgs1,872.3871876220546,887.2953297893494
Ptgs1,873.7733397581542,998.0613992577488
Myh9,874.0918720492961,1106.123540166435
Ptgs1,873.9824555172121,1022.6959680112464
Fkbp9,875.8857517114741,1029.4604446181104
Ptgs1,877.4239370133679,927.9264263365528
Thy1,877.8071470840932,1033.553660686505
Lrrc59,879.5808524910094,1167.5720235253848
Ptgs1,879.1553242185553,1070.1481537280597
Thy1,880.3567371501173,986.3784979521251
Ptgs1,880.0338811750776,950.3348133879592
Fkbp9,882.739966534083,1083.1537131967866
Myh9,883.840562747036,1078.3732308975636
Lrrc59,884.6339875365727,1133.5932464990478
Ptgs1,885.6183762368362,1075.215126934399
Ptgs1,885.5148279813347,1032.3372034129552
Ptgs1,887.1318103635714,937.2888929123563
Thy1,890.514168192904,1037.9325612753032
Csnk2b,890.2409292196877,1037.6197151555912
Thy1,891.1014447392673,1089.21745741508
Ptgs1,891.2818488116063,1080.263260987496
Fkbp9,890.9831893872458,1022.4662841780286
Myh9,891.9915474100378,1073.8218091290832
Lrrc59,893.9583254616939,917.5653714069042
Thy1,894.0856018503881,1004.5930874739266
Lrrc59,895.3399407690715,1137.5215140403038
Lrrc59,895.5096017052633,1119.0537661593503
Ptgs1,895.9742827137494,983.8896121235068
Fkbp9,896.4218356304043,1044.2738198295328
Myh9,898.3103310925824,1068.92881394298
Thy1,900.3155058879753,1027.0993999673608
Thy1,901.8950412316816,999.1430617111056
Lrrc59,901.8850397608614,1092.312335019381
Fkbp9,902.5251128723494,997.5893953155507
Ptgs1,903.1819215875394,1072.2100409540703
Mrps18b,904.2155737191946,905.9871572913016
Ptgs1,905.3043884320832,1097.3669751718126
Thy1,910.624714063673,992.153361785426
Myh9,913.7652058072488,1067.8649167750334
Thy1,916.6032864880632,922.1634575678684
Thy1,917.1834173709252,956.7040132447288
Thy1,919.6942629402964,1059.6519023367862
Myh9,921.0584509828524,1060.54654549673
Thy1,924.6831937979848,946.345398279224
Lrrc59,926.9992053703862,917.289421322964
Ssr2,930.4274548138112,1097.433590364324
Mrps18b,931.9864234028872,1085.1530595022373
Lrrc59,935.8452248130708,1018.1083169407028
Fkbp9,938.0925012142964,1078.1636973915956
Thy1,940.5301875942506,1065.8831712358174
Ptgs1,940.773502672523,944.902022562965
Vim,940.164508790082,946.4071410217877
Myh9,944.3313083565566,923.5617614922392
Lrrc59,948.8454177655668,1094.3836857047563
Lrrc59,952.3626638129128,953.2410364015584
Lrrc59,953.6133870320364,1085.8317164558157
Ybx1,953.3630407522356,937.9789297715296
Myh9,954.26195205695,1092.9503263152474
Ptgs1,955.478047173143,1035.9452778638324
Lrrc59,958.3268134402858,994.9652285256626
Thy1,959.8337641863694,959.00146960651
Fkbp9,959.55203542727,1020.4721419464676
Lrrc59,962.0145023255086,1018.3012563926236
Thy1,962.3669785626364,1088.534353476067
Ptgs1,966.6332063679488,948.3502950520888
Thy1,972.1600855955884,1071.6453167224065
Lrrc59,978.777906286962,1007.3209527066692
Thy1,978.3835731329798,1066.8859003802943
Myh9,982.0441318454704,1086.2338925105516
Thy1,987.9651024609472,1003.062913868077
Myh9,988.209497118358,958.3064289449082
Myh9,988.8728951353066,1037.292287900856
Ptgs1,990.9174053199504,1082.923237767557
Thy1,991.3389405336168,1097.5220317827625
Thy1,995.5041422929256,1023.108152438229
Lrrc59,1000.784848598582,1033.2827594017206
Uba1,1003.2042399581296,1079.9364541210896
Thy1,1005.1818574807612,1053.6963855024387
Thy1,1005.9552854270462,1058.5498330027156
Lrrc59,1009.352800183537,998.1399011329923
Rps6ka3,1011.990059227814,1064.6456403436798
Lrrc59,1014.3297008131126,1041.0517034788993
Ptgs1,1014.6720163093524,1085.4244106816736
Myh9,1015.4585789219974,1036.389346096128
Myh9,1020.402035804306,1082.2506830040404
Thy1,1020.6837001841504,1049.5017970204176
Myh9,1033.809370255374,991.3637676122446
Thy1,1034.2367191582402,1091.2407496325022
Myh9,1037.5670460352856,1007.7571435223608
Myh9,1037.8740230083883,1086.9649687045671
Thy1,1038.8395099420388,1093.3182183755216
Myh9,1040.4080002991714,1005.6685994562536
Fkbp9,1041.2444183345508,1065.7033759146996
Ptgs1,1042.9126869797071,1095.4209410789565
Myh9,1044.134067967893,1076.3313865879322
Rps6ka3,1044.5531313458323,1049.8657451839672
Myh9,1047.69036600408,1081.3609413932686
Lrrc59,1049.409613190399,1023.8470859260078
Lrrc59,1056.119055907749,1012.1038617523805
Myh9,1058.5653702402535,1067.5130976056482
Fkbp9,1059.301935581601,1005.0878316480714
Myh9,1058.8753150491427,1053.0666168512005
Myh9,1060.059337035413,1061.8795815256972
Myh9,1066.03113955986,1003.0183977757836
Myh9,1070.2965819278113,1008.3743573724732
Lrrc59,1071.7684857650654,1049.8377595418274
Lrrc59,1073.1909648254684,1035.8187352100506
Lrrc59,1076.4323270698865,1016.0949719171202
Myh9,1078.136731737363,1076.9157241198595
Myh9,1083.681598294932,1022.1237080994904
Myh9,1083.8667870978798,1082.4131421276782
Myh9,1087.950688482856,1033.1125538861947
Lrrc59,1089.3676221827748,1024.4380174736557
Lrrc59,1090.6736119042198,1107.8287446061072
Lrrc59,1090.9356442110343,1019.5655001871618
Myh9,1092.9531929536408,1031.0750032019578
Fkbp9,1096.311512913706,1095.1467827904944
Lrrc59,1097.5290651232424,1054.9383763787284
Lrrc59,1105.651601004763,1047.6311035721978
Lrrc59,1106.312793467831,1083.7686116513971
Ptgs1,1107.0549243155729,1031.6121264995706
Myh9,1113.9396731343109,1074.6327631240035
Myh9,1116.752140429596,1037.483333733393
Fkbp9,1118.212842277644,1104.527327479886
Myh9,1128.2680017721025,1094.4667927476053
Ptgs1,1130.7430732712787,1041.629850895391
Myh9,1131.5331549039747,1073.4451637612742
Fkbp9,1131.2571282741417,1065.68109876206
Rps6ka3,1137.4032725226805,1064.3564229540268
Thy1,1141.3611645257192,1123.417225947209
Lrrc59,1141.8712941253762,1064.089464670778
Ssr2,1142.729293029128,1115.7653390410924
Lrrc59,1142.2459662570272,1052.2863601264935
Myh9,1145.145981128314,1085.9278709699497
Lrrc59,1148.2320853249566,1138.9856547347954
Fkbp9,1148.2747079171609,1152.4263968817734
Lrrc59,1149.3201771226722,1094.0299009665755
Myh9,1152.391547480731,1092.738020662538
Myh9,1161.394138917894,1118.2358279334603
Myh9,1167.497229090829,1164.1347607797177
Myh9,1176.7003577354722,1103.6415175215252
Thy1,1195.8997858215612,1194.0594358835297
Myh9,1202.971815435436,1195.6907541694975
Ptgs1,1212.7882913414276,1224.2290475215243
Ssr2,1216.210142601479,1228.1370940689662
Fkbp9,1219.3253564077656,1054.0072706390165
Myh9,1228.9449588390582,1235.7659144367376
Thy1,1235.6615356680604,1239.7642235957176
Myh9,1240.2380472779373,1133.0361080142295
Lrrc59,1245.997342674082,1246.6217871952358
Ptgs1,1256.7179310817282,1145.860094057527
Lrrc59,1258.1991850339227,1151.700433626143
Lrrc59,1262.133236078491,1141.5348004298153
Myh9,1297.4370285114308,1154.825848589103
Gsto1,677.2227981944998,697.8119398527825
Nap1l1,706.188672738755,732.7449842290787
Gsto1,716.7892029121917,747.3982638087398
Nap1l1,719.1673593459508,739.0062511641212
Vim,725.1908180432404,741.7249367277964
Mrpl28,725.1212124065345,757.3274416041254
Gsto1,733.1317203062508,782.1573633894085
H1f0,734.657574763633,756.9718429527975
Nap1l1,740.5163586363651,776.8699377324376
Gsto1,741.150949447118,769.7627634212531
Nap1l1,747.1426778673381,780.5433476526591
Gsto1,748.3550096393577,807.9412005409218
Gsto1,748.1647944940139,802.7515929889075
Gsto1,752.1216790916766,884.7157358404678
Nap1l1,753.694877917279,882.545979692407
Uqcrc1,754.5599082083351,771.0568571607513
Gsto1,755.0833610915346,790.9164154802199
Nap1l1,759.7112982400312,897.3086898052907
Uqcrc1,760.4160858643936,846.7092005545754
Uqcrc1,760.2786081897267,843.88071657243
Gsto1,762.6827203159132,891.1891038417239
H1f0,763.5076338973514,824.5544530538845
Gsto1,764.6451283085331,797.0581967461601
G3bp1,766.2008625962756,837.6622929106182
Gsto1,765.8282487471131,909.4428595662396
Gsto1,765.3611342289016,899.5027059938412
Gsto1,766.1275421331404,889.9843496245501
Gsto1,769.8828983919054,850.822921467549
G3bp1,770.1555894688454,896.0978684831525
Gsto1,772.0195708514661,940.892958390621
Uqcrc1,772.6760273508172,817.9492389996336
H1f0,774.368073075423,831.753108321949
Gsto1,775.2309935457068,853.5269664668288
G3bp1,779.6167015058344,876.7212949117653
Gsto1,782.1010352623185,855.8081658782016
Gsto1,781.7429954291048,866.5453512499037
Nap1l1,790.9468902844014,801.300885216322
Gsto1,793.5466366266351,868.520256087986
Polr2m,799.1418489222929,839.6672648247933
Nap1l1,799.935365567324,818.1465085956315
Gsto1,803.018870730119,817.0419157504367
Gsto1,809.4686690897562,999.1439281042742
Gsto1,811.3265383779677,864.7756742020983
G3bp1,810.8248234269413,843.1954878872976
G3bp1,818.6234937166363,976.350761830408
G3bp1,820.5704943521405,951.086422359135
G3bp1,823.3392513774229,1019.5654211136213
Gsto1,825.2877587311224,1017.075040633194
Uqcrc1,828.5338878247887,831.4268475382436
G3bp1,830.360842921054,862.269566806581
Gsto1,831.9633157050619,859.5293102476135
Gsto1,831.6783811514714,1043.8061692673298
Gsto1,837.6120829690245,963.7405187533492
Gsto1,840.8029452955593,918.389870912198
Gsto1,846.8666520815232,972.5707912958616
Gsto1,846.7121306102276,1023.1641154100756
G3bp1,853.7591605885148,905.3515340178664
Gsto1,853.3841858431401,853.3613864290096
Nap1l1,857.6181916733603,1077.3627297412515
Nap1l1,861.1396941433051,1070.9791936792233
Uqcrc1,860.241197124162,1031.3956454557604
Nap1l1,864.7587320330374,917.1239791594296
H1f0,867.8697923851391,863.3700056147866
Gsto1,868.8639793682673,1114.2059988129297
Gsto1,871.1698099330557,1003.685362976466
Gsto1,872.0943792736492,1083.4174357252173
Gsto1,872.6138634882466,876.6876836948371
Gsto1,875.598611381094,870.2879748527832
Gsto1,876.4473161590977,1045.9902055224632
Gsto1,879.5092434527484,1171.6485513565408
Gsto1,881.0044830014137,1139.2204597268328
Gsto1,887.063672411565,890.0081397676427
H1f0,887.8796931403319,922.7979175751824
Gsto1,903.5419607368536,894.9385898066956
H1f0,903.7274706579816,912.2319471564772
Gsto1,905.8993699619838,1088.277723271317
Gsto1,915.2641305302952,1026.2769251492332
Gsto1,915.8784024857356,1089.2626360839176
Uqcrc1,918.3686244890964,938.3067309538562
Gsto1,925.1926011080968,1089.641270832604
Gsto1,930.6984689745364,1101.9729960461382
Gsto1,931.337322089969,1097.6378976795345
Gsto1,931.7490040442864,1074.1001071557043
H1f0,933.5251206555866,1092.6893922883492
Gsto1,939.1519902908032,1080.822216464706
Uqcrc1,949.3061244710576,1061.0519869042505
Gsto1,956.390989630252,1080.2438464056995
Gsto1,958.026288776622,1072.619156886429
Polr2m,959.385613906183,1050.486670638344
G3bp1,960.5744115732924,1090.5361347555909
Gsto1,960.451198191442,1083.8878403156352
Gsto1,961.8270573938383,1069.5173665643233
Polr2m,963.3654686424468,1025.1282511087657
Gsto1,963.9798505479284,1092.999823633454
Gsto1,969.158090717296,1090.9593744201393
Gsto1,969.7440425017256,941.0132072267706
Gsto1,971.6412642417253,1056.558214560441
Uqcrc1,973.4423104433122,1063.6414906832656
Uqcrc1,975.1382086803033,1044.3390247931209
Fkbp4,981.0260997575552,1085.4641711567222
Gsto1,983.381896040668,1006.6582546309836
Nap1l1,983.8329815879698,1086.4747145400047
Gsto1,998.2718748423672,1013.544793887789
Nap1l1,1001.0935234490382,967.8305248273635
Gsto1,1004.7780274790862,1033.494124048292
Gsto1,1010.2497878422122,997.8282085759992
G3bp1,1011.8897157323828,997.1922605661262
Gsto1,1013.4989371261422,1045.6858466235865
G3bp1,1016.7660266116692,987.0220978205972
Uqcrc1,1019.0641431494884,981.4815735406276
Polr2m,1019.365268702252,1087.8097381369632
Gsto1,1021.3832915015988,1090.945834536944
Gsto1,1027.3182243494605,1091.2803813776118
Gsto1,1033.2828756470335,999.8021348130492
Gsto1,1034.1341901744518,1012.4227933801112
G3bp1,1034.7411536965717,1048.771981900009
Gsto1,1038.6972952279343,1088.058272604235
Uqcrc1,1039.7262357593631,1020.751441845878
G3bp1,1049.8476783328515,1021.3130408438508
Gsto1,1051.7274981170167,1078.1442655296937
Gsto1,1052.3489866998978,1072.2639061079533
Uqcrc1,1065.8124775880574,1076.7643723098388
Polr2m,1070.901194729773,1011.1743725127924
Fkbp4,1071.850931919145,1024.792730489709
Gsto1,1073.9609242473434,1039.8157550240733
Gsto1,1075.589346747926,1033.1282461033568
Gsto1,1077.2141932739537,1054.743246361382
Nap1l1,1079.769347878818,1046.3804855065785
Gsto1,1080.499963077191,1083.6300793648998
Gsto1,1082.1007169002462,1101.5426809960522
G3bp1,1089.5171734876658,1025.5366756827707
Nap1l1,1089.7277572851929,1070.0599982965075
G3bp1,1090.1068780556757,1126.3069910241688
Gsto1,1090.5160194033908,1111.3190412405509
H1f0,1095.5529457851817,1070.6764397396803
Vim,1103.1301196696495,1039.5387926575124
Polr2m,1105.9781096993731,1026.2480065453833
Gsto1,1110.1169539362263,1121.514934110656
H1f0,1113.087916418259,1108.131615081193
Gsto1,1115.1493157462844,1095.83652385264
Gsto1,1125.574951904062,1042.730935706947
Gsto1,1129.1989031529674,1135.160625387772
Gsto1,1130.2584845417948,1085.0363707967012
Gsto1,1135.2671890456418,1040.980537767115
Polr2m,1136.5593091035498,1133.4826577780636
Gsto1,1138.2026531922102,1087.4371544382516
G3bp1,1137.9624103395863,1058.9209360930558
Gsto1,1138.9879528662814,1045.224669782192
H1f0,1143.6663541138914,1079.816610650823
Gsto1,1147.5179169709183,1043.527595698907
Hnrnpul1,1150.8792726562756,1092.8183370009288
Gsto1,1156.628330037601,1073.730651705602
Gsto1,1163.697893448778,1044.432601707187
Nap1l1,1166.8213723758568,1069.025998878452
Gsto1,1169.8814084480766,1094.1614744628778
Gsto1,1172.3540527545058,1081.3423490806854
Nap1l1,1173.7230299353216,1127.1013491229346
Gsto1,1174.711616498092,1072.124458875873
Polr2m,1179.7571643617696,1100.382689875403
Nap1l1,1184.946413749558,1186.3562368791609
Nap1l1,1195.8764915461782,1106.7731939260216
Nap1l1,1216.1382234863834,1110.18126365722
G3bp1,1216.5962829587493,1116.1121133773831
Polr2m,1220.5467914355722,1055.085761878019
G3bp1,1236.1252227945088,1247.4418415876912
Nap1l1,1260.0947385378377,1134.3752608268
Vim,1266.877844567881,1152.0333665279695
Gsto1,1267.8366651659062,1141.275078027625
Gsto1,1272.2343915468646,1143.0889082815088
Gsto1,1276.657597786581,1146.933798033361
Hnrnpul1,729.511184918017,760.4321029319761
Mrpl37,759.599184196019,811.8727764508935
Hnrnpul1,766.1467932035716,827.5487137036046
Hnrnpul1,773.8324653694673,895.0686335841526
Mrpl37,798.2789280040217,930.29918124723
Mrpl37,824.0177038435401,999.621616479916
Hnrnpul1,827.3764156758023,887.4594828866308
Hnrnpul1,855.8425884617291,905.8033057028888
Hnrnpul1,870.2126568881696,1112.037200463102
Hnrnpul1,884.6936772899633,911.3163553756482
Hnrnpul1,892.9620610043319,952.9492527750918
Mrpl37,894.9816756173233,1000.224590375904
Hnrnpul1,923.7516925815928,912.1566908117308
Hnrnpul1,959.010947555209,945.2985078472312
Hnrnpul1,963.047408632449,1071.5563520810983
Mrpl37,966.0819093110338,968.8335625318628
Hnrnpul1,993.3303520812784,978.0697721225672
Hnrnpul1,993.9086264329816,1072.544226764092
Hnrnpul1,1000.5318011140408,1000.479517538199
Mrpl37,1020.2470649366014,992.7223226527392
Hnrnpul1,1024.414940752103,999.0209717882744
Hnrnpul1,1034.0443567495806,1011.2684871749492
Hnrnpul1,1036.8797693748645,1096.8894613517184
Hnrnpul1,1071.5213587362507,1038.192318104638
Mrpl37,1071.6485698654717,1065.3353791236082
Hnrnpul1,1084.8514436157143,1085.2614296757142
Hnrnpul1,1095.5997649453593,1088.9672815274448
Hnrnpul1,1132.229458305547,1078.338744169169
Hnrnpul1,1142.0956077923163,1085.009716939397
Hnrnpul1,1184.6651609908183,1063.8943772726548
Hnrnpul1,1265.9265689635367,1148.4063490071026
Sf3b2,727.1924832760644,744.5681705468304
Sf3b2,762.2384408876193,893.7425651099016
Psmd4,767.7176319969535,787.2201925796223
Psmd4,768.9282636284036,848.0319758086188
Psmd4,779.8009586247806,883.5092297909246
Psmd4,781.0496381573788,792.0102936571901
Sf3b2,793.8375021950848,858.2447778523735
Sf3b2,797.2947297897708,971.9280202075216
Sf3b2,814.179018083181,837.8776181115875
Sf3b2,830.6916088805151,840.8914787651189
Sf3b2,834.0356056166431,877.9873132876719
Psmd4,838.7703574633931,992.8517597560189
Sf3b2,869.5251824159914,862.5406447254063
Sf3b2,873.002942563115,1084.2115924473478
Psmd4,908.893054632528,1034.881623521548
Mrpl17,915.4811970823504,954.2622744400452
Sf3b2,916.3319529503332,1032.8577808345258
Psmd4,924.1386508051968,1012.046230999194
Sf3b2,939.9920942351454,946.599101908658
Mrpl17,945.411589667271,1075.5121890090877
Sf3b2,984.9952176751952,1082.0938219129384
Psmd4,1009.6755936112606,1086.7912169721951
Sf3b2,1016.3130514274188,1047.4580401048486
Sf3b2,1019.785692386444,1066.4594491462578
Psmd4,1024.5440964148786,1025.408543537271
Psmd4,1029.2824361757189,1022.985514437647
Sf3b2,1036.1123466873587,1017.084496412309
Mrpl17,1052.519903749553,1071.2562602966102
Psmd4,1055.0781781365106,1036.607158618383
Sf3b2,1071.299529004839,1093.6819343812003
Sf3b2,1075.2954777933764,1047.0919927100144
Sf3b2,1081.212257369751,1040.0542454021452
Psmd4,1089.8897459664977,1123.481531010461
Sf3b2,1107.9052814928275,1109.0549044705083
Psmd4,1113.3334965323656,1065.2046953333088
Psmd4,1137.8945893649734,1130.1439551275366
Psmd4,1140.671881336418,1072.0462314303977
Sf3b2,1151.645847703966,1147.901971401744
Sf3b2,1169.3106219039703,1061.5504799667378
Mrpl17,1178.349608848776,1085.800690368886
Sf3b2,1251.271659191608,1131.3004968862942
Plk2,879.8115990514374,908.5370636771056
Plk2,913.714357175293,955.1958147466804
Mrpl28,719.8394702216556,733.2717037726587
Mrpl28,757.7317908481339,801.9515226988536
Xdh,757.8149034618202,903.4946058343328
Xdh,767.7832401592111,890.1702717427604
Xdh,783.249450457048,877.6262083351714
Xdh,789.3985525442794,919.5014555367544
Xdh,789.9990185357382,858.0570895527987
Xdh,795.6824156284852,875.074021321574
Mrpl28,796.9955408851831,905.2143203817376
Mrpl28,800.9429855016712,811.8515933932515
Xdh,812.7653567464741,957.1172147406024
Xdh,814.451188028078,985.2017028377486
Xdh,816.4426236215103,846.9363410224431
Xdh,818.383225595029,850.1246632087184
Xdh,823.4156909795836,840.1368761836618
Mrpl28,825.4992939936635,1005.7602715500044
Xdh,827.6912473609812,872.1307450258006
Xdh,831.0489230661979,1031.6863057905166
Mrpl28,844.3267753641262,983.6433039016664
Xdh,844.8781400418694,950.8091851053362
Xdh,849.2061121056133,990.7575614361986
Mrpl28,857.6924881592481,1053.1252040224986
Xdh,861.0817344485391,1036.8816135800748
Xdh,863.727513259969,882.2485071482732
Xdh,865.4122159478654,1071.392502847602
Xdh,873.2062536990434,1046.966895164216
Xdh,873.1560367383577,906.81288623401
Xdh,886.9661316561665,952.8194559375688
Mrpl28,902.5746521574698,1084.342186367276
Xdh,903.1395756581242,1011.3279761868296
Xdh,905.1932346048286,1104.6920096483257
Xdh,905.8806489563073,1084.4509393167586
Vim,911.0605454379256,1106.6908060096898
Xdh,912.8067952443574,1097.626184939369
Xdh,914.4899543891056,1104.3577513933203
Xdh,922.8631761822955,1081.2871799611178
Xdh,933.9691592812276,1052.586629600436
Xdh,934.5095741386864,1073.7652806765093
Xdh,939.461082151211,1082.2762980106231
Xdh,975.6832212274378,1089.2570808463297
Xdh,990.3824983101106,957.0483996475476
Xdh,992.5678219836964,1025.193189273383
Xdh,994.7670873867424,1078.6343884716098
Xdh,1005.3342646673784,1082.1483936296058
Mrpl28,1014.121201527245,989.341348213786
Xdh,1023.3914724451124,1032.1828168215295
Xdh,1039.7583821557882,993.8225828543513
Xdh,1052.5650877635603,1008.9624201496814
Xdh,1058.0847233340037,1037.6521489959505
Xdh,1076.677325261183,1018.1832767380154
Vim,1078.2141600597588,1073.1421308699337
Xdh,1084.656716609897,1059.4313217889176
Xdh,1093.974907995282,1073.5307610505338
Mrpl28,1097.0936710734543,1095.6297050991548
Xdh,1106.7582905002996,1079.748342448334
Xdh,1112.2056532023337,1099.197095471274
Xdh,1114.3924344892912,1108.8433211869956
Xdh,1142.3761418980962,1079.339696591685
Xdh,1144.648684898675,1068.9576223644697
Mrpl28,1150.0759840192643,1052.7742958042782
Xdh,1174.0780684159408,1096.636936599902
Xdh,1193.2965185557296,1070.863404946258
Mrpl28,1223.0190354451674,1225.662846683383
Vim,666.4785403340057,692.5962043729256
Vim,672.1822746538851,700.6438176322047
Vim,688.9550035630732,714.4387447561256
Vim,693.0832133512666,719.4845424254896
Vim,718.8749921405226,742.4480676072967
Vim,720.3132523222466,755.9514320296861
Vim,725.4624994215355,765.4443143429914
Vim,730.6698721990329,748.3943290906388
Vim,731.811699152355,759.8167290582529
Vim,733.273475883292,784.3114213000597
Vim,733.704664614582,764.743487830333
Vim,735.353559374727,789.7314333782194
Vim,737.3677624863909,784.3355608966175
Vim,739.6769251584701,796.7112870408561
Vim,740.8320485693343,784.9913538850369
Vim,741.1769125395158,790.2260938380622
Vim,743.1797997188762,779.0483418495307
Vim,745.2479889452956,770.0820708608884
Vim,746.2601844541371,759.8425163742533
Vim,748.914846154649,808.5610994292329
Vim,749.3784452426781,888.5138993498082
Vim,754.7867713767763,898.2142442626806
Vim,755.4789418691525,833.2378342372142
Vim,757.9661161635951,792.1650719139693
Vim,759.4503787389344,882.3812569192057
Vim,759.3791883489971,905.771434181898
Vim,762.0280784585796,772.3383755224861
Vim,762.838892997866,816.0713331666922
Vim,765.455227724357,896.7292179479598
Vim,765.3544698967181,890.1198902201461
Vim,766.0910433860778,931.4006719394448
Vim,766.3888869555977,796.5909054757904
Vim,766.9755206096447,801.5968527925093
Vim,766.6359858346591,852.7851013723683
Vim,768.0446619550314,861.3079381019243
Vim,768.5618747540293,856.8201976046256
Vim,769.3206329353502,844.6780652752263
Vim,770.35313117811,787.818035320622
Vim,770.3977214774147,917.5549075089986
Vim,770.4962915773988,851.0957300570883
Vim,770.5782061957017,905.8017357572064
Vim,771.3352058890931,838.1075663328853
Vim,772.7769568327951,828.3972161229059
Vim,772.7526443190167,866.8939130364649
Vim,773.3951043038542,896.1132655014708
Vim,773.6507025864273,921.590544172005
Vim,774.1860031666452,925.0626259564464
Vim,775.0850452103131,875.8982745245868
Vim,775.2364845358211,912.5346657882308
Vim,775.9434949910199,849.1508596379194
Vim,776.3667266389045,916.7323245120504
Vim,777.2312812491925,931.4183538872217
Vim,777.0084967979375,946.2660553018104
Vim,777.739240048786,895.4573287115281
Vim,778.5207745205739,936.056463669137
Vim,778.2191873831463,823.7252819827112
Vim,778.0893328677142,790.9420697201018
Vim,779.2640850563025,839.5817112794625
Vim,780.514911070713,938.0049454962896
Vim,781.6386306903433,926.35578114729
Vim,782.332446977249,826.4854634795103
Vim,782.7613809645438,909.416825721342
Vim,784.1647546023172,951.7276785167272
Vim,783.7861412174353,872.522684030008
Vim,783.8862317196448,868.1437554438455
Slc25a1,784.5608474335761,833.2799556679519
Vim,784.2195910242725,882.6434214637372
Vim,785.4800997093546,815.7678964354693
Vim,786.0998146047499,896.3288066660177
Vim,786.4324216036732,804.5576459974543
Vim,787.6588140610963,880.0903588407514
Vim,788.2431406725565,912.189882823793
Vim,788.7768311678245,871.7440839563039
Vim,789.4003615399379,820.5217057771996
Vim,789.8488808064279,968.169315878028
Vim,790.6998106235922,846.6947844012859
Vim,790.7851446430803,874.4588659758499
Vim,791.4188702817023,857.3457323442417
Vim,794.5019296319557,913.6350985498374
Vim,794.3161656951149,875.4464403395704
Vim,794.2310263746258,814.0157608580871
Vim,795.867719630689,837.4473499393416
Vim,796.1157517167283,827.9917970107613
Vim,796.5487673858954,854.0611976758787
Vim,798.5215742985636,818.8516117905842
Vim,798.5466246656833,831.4656424167836
Slc25a1,798.8680666233613,908.192967659641
Vim,799.786294831132,865.7614391003613
Vim,802.1617501767273,854.4971148436064
Vim,802.998118587945,820.6308102224125
Vim,802.8168416259748,831.7040444054276
Vim,803.4795382338801,912.6802446599968
Vim,803.9010978474447,815.8721664210082
Vim,803.7803151658459,840.2234744686879
Vim,803.8846594172171,902.3106188934294
Vim,804.6817931253215,946.6943248848096
Vim,805.9538002162371,969.7667042688772
Vim,807.9432781721958,834.3267614210001
Vim,807.9926422599021,840.1611205457253
Vim,809.189642627487,952.6509737128848
Vim,809.8057753724121,862.1710539168175
Vim,810.0298511733604,854.9683439850148
Vim,810.1437198537529,915.7129497067102
Vim,810.9861433456435,814.0280132812557
Vim,813.6941435544175,837.0887559763953
Vim,816.2747943008713,900.507940921105
Vim,817.0037291721571,888.4073489420314
Vim,816.9991601812296,844.0302352878422
Vim,822.2928931379342,987.6434359704898
Vim,823.8635275701625,827.8807902032225
Vim,824.7527168769036,875.7644030516706
Vim,825.9113766455666,890.2387819208246
Vim,826.3425678183137,908.4598025483664
Vim,828.5914189565802,896.7909711325337
Vim,830.1105381184517,867.0512576422732
Vim,829.9966954040269,893.9817804247648
Vim,830.1959721406644,884.3872205420364
Vim,830.6771611075975,1006.599704744952
Vim,830.8382638717137,835.0648805962815
Vim,830.5965446986279,981.0938886408984
Vim,832.6607566340072,875.5832737360397
Vim,832.6578265209698,880.5281356877442
Vim,832.7694144757169,855.4412763911548
Vim,833.3771876147434,1011.273431289676
Vim,834.4445232701094,987.7014377496286
Vim,834.7591998655412,1021.0654699674026
Vim,834.8517359796775,885.8476540951071
Vim,835.5154094664481,1008.409338099398
Vim,838.1005693800918,1009.3593893610448
Vim,839.578308818085,1132.7711644864396
Vim,839.5777276544978,878.896145556118
Fgf7,838.2403006428499,856.394841111078
Vim,840.2618839489002,883.4584012423252
Vim,841.1456224507498,850.6541842244842
Vim,844.2768379856266,967.7941183116076
Vim,844.698683906187,1009.1487264425097
Vim,845.4653899050137,867.3346739685894
Vim,845.0968863586113,908.2178517791688
Vim,847.5841809815647,1018.8666747563776
Vim,848.3368602531283,1012.4191175041274
Vim,851.0600810731908,1033.5717558572085
Vim,851.6926001533241,877.735745327535
Vim,852.6081980676468,848.0320403940593
Vim,853.2621830701444,1039.075099285168
Vim,854.9426857001697,886.9101816044795
Vim,855.1458255044051,950.79740167923
Vim,855.2653439151071,1129.6774119789648
Vim,855.3484023940272,881.4808215982589
Vim,854.8038374869732,1033.8922833965564
Vim,855.7398586368041,1071.774776267495
Vim,857.0838040878125,863.9896941202607
Vim,859.2510764423096,1023.4573391517248
Vim,859.1342668569683,859.3353799814411
Vim,859.9579843470343,961.5375220206122
Vim,860.9346852343353,1106.077405210999
Vim,861.7237617189096,1025.5248512944593
Vim,861.5224510169295,1031.7437496259545
Vim,861.8520396906124,932.4973295791392
Vim,862.8616649067066,860.7508869216928
Vim,863.6368484782631,1114.2991262782775
Vim,864.601925140237,866.6448756420739
Vim,865.6503903911421,921.4549364208372
Vim,865.5513023935113,1042.9038173895567
Vim,865.4095114025163,937.6933375081278
Vim,866.2138990023655,1037.7434663691024
Vim,866.7967603473372,1107.7648952809625
Vim,867.2933072898643,1068.024705304442
Vim,867.5472151147247,883.5420556828617
Vim,868.019687370289,1035.9467480381622
Vim,868.0844508937025,942.6903516117331
Vim,869.5271666747127,965.297488163662
Vim,870.3115197874421,1018.9894677256636
Vim,870.640225901981,1053.9088427194772
Vim,870.8284120498832,1089.85654462513
Vim,871.179297207803,931.0728944905118
Vim,871.6702407652028,1085.9448582721072
Tnfrsf1a,872.1302560154213,946.239437308747
Tnfrsf1a,873.4416617981308,905.330129333256
Vim,873.6893186383918,1126.7363341431678
Vim,874.7646663936708,1061.389642974768
Vim,875.789737415806,989.2191214829612
Vim,876.4319081247613,881.27523932322
Vim,876.8852350444572,925.4075242471808
Vim,881.0188049022765,876.4489133736665
Vim,881.2144083063189,942.1043589137366
Vim,882.276823568196,1176.7897031156683
Vim,882.2429273823741,1045.9435165809812
Vim,882.71688190104,1152.9564479187718
Vim,882.6973072830905,1031.6074420817586
Vim,882.7321006866135,953.4396412695588
Vim,884.3547091784188,1158.7649658738328
Vim,885.6643191326039,1166.3003931405628
Vim,885.0984282219767,1057.154337825326
Vim,885.9604650049986,1043.953724333335
Vim,885.4017292920366,1070.4921519035493
Vim,886.2976239807051,1151.1315972953296
Vim,887.5126647119146,1072.9547903993248
Vim,887.9954346756527,1084.6842336460256
Vim,889.1147048531662,1090.6147110635748
Vim,889.9510318938369,1065.989098939728
Vim,891.2302624097304,1163.9430159936608
Vim,891.8612875185172,1040.33655261682
Vim,892.2635883616394,998.8440319604916
Vim,894.8065509775493,889.2274180862463
Vim,894.4232154678581,1137.0562858024457
Vim,894.7301886969577,1057.1728014907112
Vim,896.5686016376782,941.6729466670772
Vim,897.4010923150939,1112.9844313387025
Vim,896.7738139294128,1120.518344879668
Vim,897.4019064853732,1054.1126486404949
Vim,897.969024727495,1131.4919924769124
Vim,897.9693566576123,1074.712809904286
Vim,899.2443796489928,1125.237323800774
Vim,901.0676792379064,1093.3788049831644
Vim,902.556401916216,1054.261322847772
Vim,903.1217524686604,1022.8228180247612
Slc25a1,903.2408350340096,986.2547344475172
Vim,903.170551010321,998.4820075250028
Vim,904.3263872321836,1116.8553988954227
Vim,904.3990580141948,993.2710638431644
Mta1,903.5308528276493,1066.7426669712747
Vim,904.5339903788764,1104.7104309725664
Vim,904.9992697644184,972.6839048076228
Vim,904.9703803265865,1026.099641330993
Vim,907.491239582776,916.5093646411513
Vim,906.7785110873368,1086.920701297406
Vim,908.0209021977176,1061.0653397212436
Vim,908.8597804552368,1043.486353536793
Vim,910.0259924117306,1097.7533688118656
Vim,909.8446660302797,1090.9096439136902
Vim,911.4963993967624,924.610886138016
Vim,912.8265771326888,906.8522939691458
Vim,913.7451490735876,1092.9303862051268
Vim,915.975461969542,1064.2049476125776
Vim,917.0002557888496,1083.1234202288963
Vim,917.9506817663286,1089.1118502529253
Vim,919.6675487767518,1010.3011512489694
Vim,921.0896797937446,1056.9717350357578
Vim,920.794549327486,1074.721092589683
Vim,921.7462712477457,1064.9912619937934
Vim,922.4959369672496,917.0947408979616
Vim,922.6526819195468,948.8917911804688
Snrnp70,924.5924538774904,1049.9942293259464
Tnfrsf1a,924.5519509080092,1050.153554785265
Vim,924.9616069330912,1077.7393908675258
Vim,924.86970982856,933.673715701702
Vim,924.6489511879504,938.0899954738286
Vim,927.2614623378288,1079.6987206854164
Vim,932.100589865252,1008.9468952913976
Vim,933.1125957172984,1084.6053169592008
Vim,933.3234999865372,1039.7212667008887
Vim,933.6771168785666,942.4694916731224
Vim,935.686161328367,1085.256731138673
Vim,935.969421204332,1049.329720588198
Vim,936.7302457612366,981.1386194310626
Vim,937.0139520295588,1074.3250247962526
Vim,936.8517965442376,1068.5082501644097
Vim,938.264845340996,1014.053225420797
Vim,938.0895981798168,1079.718771923781
Vim,938.8033845159924,1082.4449909554655
Vim,939.5908715785304,1037.985312847134
Vim,940.3612695799244,1098.1446943896478
Vim,941.9425695327536,1047.9479277365658
Vim,941.946540986738,1091.235371634458
Vim,942.6005221008542,1045.1357186048645
Vim,943.3461330598986,922.8137883975048
Vim,943.2980669999264,1068.8097084925876
Vim,944.0001008829886,929.3458337727936
Fgf7,944.3606999774491,961.2630024272404
Vim,944.7161633886444,1086.4805255904766
Vim,946.4825186380592,945.5269124187084
Vim,947.5299154133317,1020.9162776838238
Vim,947.672127892312,1087.2491442747155
Vim,951.4482620849468,1076.665045131233
Vim,955.284915018828,949.3701667201524
Vim,958.2997435986032,1019.4504254281362
Vim,958.970036744822,959.197389099054
Vim,959.051888055907,1093.2236290906708
Vim,959.912505869276,998.25351603468
Vim,960.5524714282234,1043.0956720691931
Vim,961.1119099583448,1072.0416424577013
Vim,961.1699644795266,941.1034509782952
Vim,961.3754167226311,1039.785097859192
Vim,964.3307229321928,940.3296295666856
Vim,964.0682483578684,959.1911380877208
Vim,964.9678116463002,1041.8250064394535
Vim,964.2958559163504,1096.5558548573104
Vim,966.2648185698458,1073.395567686969
Vim,965.869963720564,1038.7925236454585
Vim,967.7276809738182,1050.4068969627608
Vim,969.3263377395448,1034.963174241905
Mta1,970.586057407902,1076.915294124933
Vim,970.8988283693136,1021.6275150025764
Vim,972.6774677718068,947.2325366512252
Vim,974.3156624064306,966.2905579627376
Vim,974.07009869312,1081.8880904595349
Vim,975.6585795414952,991.5844779374186
Tnfrsf1a,976.6390954910069,1063.6242328935823
Vim,977.4612259801464,948.425940451157
Vim,976.713531428168,1086.1167056128272
Vim,977.593916520654,963.629184375318
Vim,979.006108403376,1077.6662858849224
Vim,979.5558722734036,1086.880249752708
Vim,979.3129726107562,1067.8613335494488
Vim,981.164190858054,952.9558558563224
Vim,983.2205072397028,1026.4857002057672
Vim,982.9490492704836,980.1461068145176
Vim,982.4648853913808,1088.3052424340767
Vim,983.4268412250271,1077.3380221871028
Vim,985.2663935159368,971.3357767229136
Vim,986.03721254421,981.409470874568
Vim,985.5843468521524,1078.1822964752464
Fgf7,989.3902619139805,1013.7768991777244
Vim,989.4716027285244,955.2139350626484
Vim,990.6894103001948,960.1470942559308
Vim,990.8323680782304,1033.9988003774265
Vim,992.7960632306914,1078.08001377774
Vim,992.348396418022,966.8603107185098
Vim,992.7502211475854,1072.4662188794375
Vim,993.3659694541468,1087.6300465239387
Vim,995.8631915231576,1024.97383294476
Vim,996.1988286212776,1074.6034790431393
Tnfrsf1a,998.8031170726036,1060.6179769179523
Slc25a1,998.4629243420592,964.1941489318808
Vim,999.0753435366707,967.3076037683608
Vim,1000.2327701673184,976.8437610321872
Vim,1001.5833090801756,1072.7300855247508
Tnfrsf1a,1002.7658368484188,972.0394830050204
Vim,1006.6878884833668,1052.3354393282175
Vim,1006.909902630376,1034.7730751043764
Vim,1007.8647309205,985.4738493290934
Vim,1011.07990057504,1043.2641045787473
Vim,1011.6990076438732,1032.6068536274463
Vim,1011.6737596417478,999.6350926353124
Vim,1012.7226555917672,969.6434467785984
Vim,1012.9138774653454,1083.1768202115854
Vim,1014.0239312837548,1089.553021511383
Vim,1017.1608461768906,997.377144228368
Vim,1018.0847900527476,979.2104297608956
Vim,1018.9814161628208,1075.859632044312
Vim,1020.8092555644783,1054.9247956299823
Vim,1021.5231133364118,1003.8272833261548
Vim,1023.023275102679,999.7772399740572
Vim,1023.0106537789272,1087.9971867866634
Vim,1023.3824227831652,1010.1744919334752
Vim,1023.8450184648426,979.4652108327508
Vim,1025.9746717319763,1060.0341522818103
Vim,1026.951334839437,1077.284366596557
Vim,1027.2042093521752,1013.0119021782592
Tnfrsf1a,1027.11055678283,989.5432227826084
Vim,1028.3001512638016,1074.617703610655
Vim,1032.4044990819011,1051.5264679432778
Vim,1033.461194368534,1066.627023055232
Vim,1033.8518084315897,1045.4257788233629
Vim,1035.1606660934438,1003.659517554317
Vim,1035.1854641217844,1018.0394024627732
Vim,1036.5052520098568,1077.9134356525926
Vim,1036.5932746919914,1098.2525302062656
Vim,1038.105182496803,1083.9199669952584
Vim,1038.3977043895595,1035.2897508872288
Vim,1038.7605154635212,1079.435837144575
Vim,1039.5117117766815,1086.3312018746033
Vim,1040.2392716183087,995.3043666709086
Vim,1040.764074718918,1073.1123479008056
Vim,1042.283095412843,1064.8991178799722
Vim,1042.8625233371145,1053.28917255229
Vim,1044.3286521586124,1007.234301956029
Vim,1044.5069171891569,1080.7195053894338
Vim,1045.6247671341443,1036.1047555503144
Vim,1044.6227093450464,1084.5504442764138
Vim,1045.3374430998035,1053.525957624861
Snrnp70,1048.2343764775326,1008.2036572994627
Vim,1046.7722989637437,1008.854855065019
Vim,1049.1967952830958,1081.123204983119
Vim,1049.6597819193223,1022.7132212737606
Vim,1050.4573450332414,1050.4622532300828
Vim,1052.0218355836685,1071.7954778176577
Vim,1052.6259423634572,988.166205449062
Vim,1054.5042156229983,1082.1216694958264
Vim,1057.5357517723976,1076.2112844182411
Vim,1059.8463096806477,1011.7117998921624
Vim,1059.8703020805135,1091.9077553346106
Vim,1060.5217549661504,1039.5570185828844
Vim,1060.1253670363333,1105.8890379965342
Vim,1061.6582891966743,1050.9894139838573
Vim,1062.6614326931967,999.0017329446108
Vim,1063.3615542903274,1062.3347824713255
Vim,1065.373267254662,1016.5232275958948
Vim,1065.9583260208094,1010.6696166048056
Vim,1066.295675073056,1001.4331579208296
Vim,1066.042850606495,1086.987098547622
Vim,1067.6031771045486,1095.0195583304762
Vim,1068.8727380727976,1063.8708498918268
Vim,1069.246361652139,1077.379635767344
Vim,1070.2686468420047,1085.5644288087158
Vim,1071.0598390151367,1041.1896431228583
Vim,1071.7953534554608,1058.6461002578485
Vim,1072.7594768911797,1062.664113549471
Vim,1075.435853981753,1053.344560391552
Vim,1075.9040861560711,1082.8647409400512
Vim,1076.0452741081813,1039.7164351102049
Vim,1076.226363844179,1099.063032761616
Vim,1077.5374914034835,1114.1720051346808
Vim,1077.468799345041,1029.6969519296636
Vim,1077.6361802015106,1050.2110467519165
Vim,1078.4422189279676,1047.575772964258
Vim,1080.1607371134055,1079.6134423105773
Vim,1081.7717400980555,1095.393809499789
Vim,1083.381841606352,1121.397246363338
Vim,1082.5722772316035,1108.4423671160723
Vim,1083.8018278971413,1023.6223421757056
Vim,1084.0488011269504,1059.1672524529165
Vim,1084.4291456468393,1046.5315931134685
Vim,1089.191813344484,1066.1910091301277
Vim,1090.7706980925675,1022.0884265506564
Vim,1091.4356295242746,1085.4830591217456
Vim,1092.391597297957,1115.915676610036
Vim,1092.646364614992,1110.2034690791893
Vim,1092.7499105914887,1040.081742806579
Vim,1094.8664513721196,1030.6783108595723
Vim,1095.174355011304,1033.3010456839324
Vim,1096.473603388445,1093.0270992917217
Vim,1098.1814665470667,1023.3148784489
Vim,1098.5059586719512,1115.0715051889051
Vim,1099.4844724219315,1053.516872214744
Vim,1099.1862690563262,1028.8151701843196
Vim,1101.9102932739736,1064.3204245931854
Vim,1104.3659035933429,1060.0339083838176
Vim,1105.1092404034848,1034.5090577928172
Vim,1105.8869041234711,1079.1927990900022
Vim,1107.651155835242,1099.585836324454
Vim,1111.4439673161066,1052.4323517611667
Vim,1111.417392162886,1095.4737084766127
Vim,1112.4558850955432,1031.761930099301
Vim,1112.6430104456615,1039.7282186210414
Vim,1112.9164162278498,1073.2903782854116
Vim,1113.1905249726233,1035.4419304580858
Ssr3,1115.129866589702,1084.7999086315622
Vim,1113.243302063135,1083.6961152396289
Vim,1117.080691367132,1038.5332281045803
Vim,1118.292445878687,1033.4987699900817
Vim,1119.6358788079697,1082.4295203273518
Vim,1120.0245649486606,1105.554352397182
Vim,1120.345141467878,1098.9340744062729
Vim,1121.8272732739404,1078.2193219063065
Vim,1123.8726463241064,1038.1353320639848
Vim,1124.6158760248993,1043.6371844943212
Vim,1124.795534056394,1069.5721289030978
Vim,1125.912274454389,1075.588168547199
Vim,1126.2744485084215,1036.1127647983603
Vim,1127.3189538477582,1105.0873041656268
Vim,1129.8046033748494,1115.4746940541247
Fgf7,1131.859017249551,1138.88941308098
Vim,1131.1269777280927,1130.9768344530266
Vim,1131.9500695518534,1112.417092674314
Vim,1134.274504377944,1043.9047544996297
Vim,1135.3709092306317,1078.6484330817457
Vim,1136.397579941911,1085.4671426088237
Vim,1137.0792760132942,1113.4146306277712
Vim,1138.5720111968938,1072.096398738778
Vim,1140.1035706912387,1056.6652629390078
Vim,1142.6634185115258,1120.324820841949
Vim,1144.4938549698966,1065.041007033221
Vim,1146.0486800164472,1047.1254072068984
Vim,1151.714390838997,1146.8760519996245
Vim,1154.1303863029325,1125.5269957543394
Vim,1154.9555379076403,1070.4355358198711
Vim,1161.467452501132,1151.3641247157095
Vim,1163.5432512255934,1136.5133056084255
Vim,1171.899813080768,1156.7979061411136
Vim,1173.34282069479,1135.2930109476956
Vim,1175.3799571952495,1169.2884323961675
Vim,1175.892903711362,1079.0599716696463
Vim,1175.941390444756,1153.9664687673212
Vim,1176.2771679401108,1149.0454556765192
Vim,1177.983711068785,1055.3332431025542
Vim,1177.6126030235966,1176.4296794834192
Vim,1178.890862612243,1141.616102657648
Vim,1179.965230939899,1147.241000205704
Vim,1183.442027857108,1176.0420138952225
Vim,1183.758248743594,1197.302475217226
Vim,1187.554868736525,1099.7920250454113
Vim,1187.9704963527456,1192.0564291387582
Vim,1189.317214906819,1045.4876102466544
Vim,1190.192189594606,1058.8333307583734
Vim,1189.9583801202537,1063.4266545053829
Vim,1192.9098650998922,1075.3898116551663
Vim,1201.175564338956,1043.126228920567
Vim,1202.8862510464537,1195.4990350788114
Vim,1210.4155393210672,1055.925758359274
Vim,1213.6246897100978,1078.919390940947
Vim,1224.154073326169,1121.7666320155115
Vim,1227.2545868519535,1034.4054303857915
Vim,1238.0105216966772,1133.0271770632446
Vim,1241.5191239470464,1251.4737829667783
Vim,1243.746751219019,1240.525738226543
Vim,1247.1589095858158,1131.0728314188857
Vim,1251.0882110061525,1143.958933998601
Vim,1261.8714441215334,1151.2074551093149
Vim,1266.8504232366154,1138.4777223046376
Vim,1266.941748581443,1143.029304184896
Vim,1284.0691701215949,1158.266457875404
Vim,1287.68375604106,1159.361378599659
Vim,1289.7612506562575,1152.8191136540229
Vim,1292.1388485132015,1161.3170315675502
Vim,1297.562285969372,1157.654279823996
Trim28,715.6543111332171,755.512167829546
Trim28,747.7686184569883,791.0438383381112
Psma7,768.6469609731976,847.8599600447105
Trim28,778.4250504635936,816.4672762921365
Trim28,783.992616874785,859.011724531539
Psma7,800.4788655618738,819.7048774239319
Trim28,801.6808463753465,816.8545846326004
Psma7,913.4624301869006,1081.5343884006622
Psma7,1008.063052253366,1092.151819681303
Psma7,1086.1261853535732,1125.0541467396174
Trim28,1152.3816653621998,1042.0352290308238
Psma7,1160.7205785256212,1082.8301678684393
Psma7,1198.626365245454,1195.2130531148136
Trim28,1270.0971997031395,1152.91660764149
Kars,746.6793033342012,773.5070835973025
Kars,756.8411790795774,833.6943517103398
Twist2,769.1073590888614,844.4074897287817
Twist2,769.8102063909944,927.8326411645958
Twist2,773.8006001606092,856.5073198521258
Twist2,774.7339084894171,918.2839562047852
Kars,774.6490812813203,922.5045500608692
Twist2,775.394056546296,814.1984682219328
Twist2,779.5221761032536,939.7021549439052
Kars,781.9932414721908,868.6047851131115
Twist2,788.2861080350729,963.4330472563058
Twist2,809.2691230780083,838.1961048137996
Kars,818.6106163054213,841.1741319548914
Kars,833.9661190245713,836.0558782104722
Twist2,838.5057588275146,1028.019662430607
Twist2,860.462397634422,1134.2673962779854
Ywhae,864.4662964761282,1118.4255416461117
Twist2,867.1829479570828,1068.2920209691035
Twist2,870.0204522388301,1142.3249440216696
Kars,886.4854867775086,1077.8258209704002
Twist2,887.7480568460383,1071.8184222416874
Kars,891.2464974505343,1070.1868850422006
Twist2,896.1581038805369,942.4391567492228
Twist2,902.432854603354,1108.3495658420768
Kars,917.4990997859758,1080.9232027600367
Twist2,918.6968915458708,931.1820537478634
Kars,941.53690787632,920.2200023014892
Ywhae,964.9701362531492,1064.0453350005378
Ywhae,970.853871429758,966.2495459901412
Twist2,973.6709484154258,1095.3397687489185
Twist2,993.0433072636536,1015.3010655915372
Twist2,1026.194810092545,1096.7772090221815
Kars,1036.0226390301596,1038.0931941008962
Twist2,1055.0657667525425,1080.5633965392044
Twist2,1060.290821829091,1076.929458831541
Twist2,1075.732040401079,1052.1810077226132
Twist2,1088.222554330005,1083.5448504682754
Kars,1097.5056462514406,1039.6853460751593
Twist2,1099.368589580061,1100.9980930510578
Twist2,1115.4930859692724,1029.428970265509
Twist2,1121.024081710821,1061.1752908542987
Twist2,1123.7005040075385,1119.7917964446806
Kars,1134.604855760089,1067.9184573603536
Twist2,1164.002824501163,1145.0599891947786
Twist2,1169.4944538688733,1157.8263192866962
Twist2,1190.4061192500262,1172.0592167196412
Kars,1198.728082033026,1044.3266292493563
Ywhae,1223.2978414786896,1059.1364045665823
Kars,1226.6510769007948,1241.0420957422948
Pdha1,755.4947942952047,773.7545134223922
Pdha1,766.0073844110339,793.9635969789477
Clta,766.1293781139364,912.9374046116006
Clta,779.5480577404583,931.9622313927944
Pdha1,781.2894301844444,798.8315840283632
Psmc2,784.0090733241962,800.6450870805379
Pdha1,794.0955433265757,899.2664572370471
Psmc2,803.3689445788378,900.129801650213
Pdha1,820.3897128536017,870.8386101336972
Pdha1,821.9885507425298,1025.76977033583
Clta,822.3654844826492,852.2573647642038
Clta,830.8544016306574,896.0334133451986
Pdha1,836.7324874975277,940.0724753063868
Clta,841.5671995544049,839.1449399223269
Clta,846.434430809,970.7226522293992
Clta,851.3791536508065,1054.3987844448377
Pdha1,856.5266336492159,1089.546821319163
Clta,860.819343636276,1031.059233522799
Clta,861.2569254164429,1079.9720354247029
Clta,876.8064730638425,1101.0916708006664
Clta,887.706841807576,1069.604377950447
Clta,896.0319212353237,1140.27113084138
Pdha1,896.1118692476016,1095.7224550824235
Pdha1,899.1541192820002,1132.2645811831424
Psmc2,910.3939850925076,1092.2506140982996
Clta,917.973512301769,1103.5009456700989
Pdha1,919.323043677475,1085.342820342088
Clta,924.9034760179344,918.4141302962198
Pdha1,924.6363118310492,1060.8628686039783
Pdha1,926.9177513390432,1103.5016981866638
Ly6e,932.2289931641646,1077.6906532110097
Clta,932.6233372783128,1027.1079907626668
Ly6e,933.4599590727556,1009.0764157922245
Clta,938.8097514578404,1027.5521536993515
Pdha1,938.9213948693543,1100.6658509767162
Pdha1,948.6373197322848,1099.0204773181945
Clta,964.6306492372868,1095.3444552463986
Ly6e,968.9047293222678,1090.667660663652
Clta,970.2125534045516,961.6712085634738
Ly6e,969.6308768324328,952.6615679290404
Clta,972.8860654775908,949.2403915887394
Clta,976.4122270664964,1003.6893448670146
Ly6e,979.4816999682572,1010.1980496583928
Clta,987.59429984204,1091.388056498953
Psmc2,992.0541293197564,1076.1560381406698
Ly6e,1013.136639707982,1095.9762130229594
Clta,1013.5305895147584,990.3919248297672
Pdha1,1018.2546112225764,976.1527523346924
Clta,1017.7530588250012,1052.1406950222242
Psmc2,1027.7418467840266,1015.7477337702844
Pdha1,1032.7084316780915,1050.808920411128
Clta,1044.7616432991974,1040.4868721888142
Psmc2,1051.9462740559616,1018.2202584666557
Psmc2,1061.41657671937,1076.9318027384752
Clta,1070.920664301921,1094.8420987170184
Pdha1,1085.565690465516,1040.5790690518986
Psmc2,1089.309380175995,1088.716597579924
Clta,1099.093604584482,1115.0304567723183
Snrnp70,1133.9227394794032,1064.3698773073083
Clta,1135.1681035076597,1058.6770493210347
Pdha1,1164.7384740512111,1089.9743397233142
Pdha1,1188.2154223947305,1147.452238199777
Pdha1,1219.1912307168652,1100.7371936780996
Psmc2,1228.3142350378998,1250.873578562147
Pdha1,1232.686587288356,1127.9525290783529
Pdha1,1261.6475212792477,1137.527881510736
Clta,1276.1831902851127,1153.5853764166002
Clta,1282.7527539778866,1152.2618650587706
Nudt9,763.7304652721399,820.482234045393
Rpl15,770.0955001893046,909.1581890258624
Nudt9,768.5623529852319,910.1012998888176
Nudt9,904.5741075838235,1057.956455059781
Rpl15,659.1112309277056,684.4035955545789
Rpl15,695.7128106032583,718.9107356707734
Rpl15,708.7436259773534,739.2806902734325
Csnk2b,726.3432253941893,745.6061725055561
Rpl15,737.3513329780469,789.7262634079924
Rpl15,738.3636374666729,774.8416605399713
Rpl15,743.9780822834235,764.1386007330515
Csnk2b,761.3771148199105,905.5030594801092
Rpl15,762.1282124821771,923.5326748196352
Rpl15,762.6532165606229,898.5093738660264
Rpl15,767.9744700482036,882.3518912589245
Rpl15,771.4713106340764,945.9395739048074
Csnk2b,773.9750081782279,808.7934851174126
Csnk2b,778.7042176955332,795.6700149780514
Rpl15,780.310958317557,936.4980623448726
Rpl15,788.8187030838225,971.5790048450916
Csnk2b,789.5226334489332,838.7371160966372
Csnk2b,803.968850292533,847.6768738603195
Rpl15,803.5436825340793,988.4370170119624
Rpl15,808.9352488591022,852.7148533558857
Rpl15,809.6206954051252,818.3433112249612
Csnk2b,812.2031236581679,840.7805293075345
Rpl15,819.3432846638108,855.8403743197796
Rpl15,820.5992452106241,852.8284603448301
Csnk2b,831.6469744888581,1019.2392337510264
Rpl15,832.9213874664842,902.3786936658562
Rpl15,834.9406359458475,1030.2516467909277
Rpl15,836.4496901532378,1024.9651244869378
Rpl15,848.9375823246598,1040.101215503122
Rpl15,849.337941299856,853.3950242258747
Rpl15,849.8098115660139,847.272990044507
Rpl15,850.9758836480812,1029.255411654318
Rpl15,852.9889956147689,870.4786597355615
Rpl15,854.8848005228965,1030.6486100538582
Rpl15,857.922064110473,1037.8123697755632
Csnk2b,859.698504402431,1140.4107559334109
Rpl15,869.5080058203748,1134.0980363796866
Ssr3,869.9909348043084,936.0189145794689
Ssr3,877.8741728976692,970.7520411705176
Rpl15,878.4665012692808,1125.5387602324868
Rpl15,880.6165001259018,1062.9525642810931
Rpl15,883.4633539091845,925.298402057839
Rpl15,884.9008053585334,1085.0729800478375
Rpl15,885.5426551191958,994.7020375536646
Csnk2b,886.7725464756709,1024.9388533373071
Rpl15,889.1396407793005,1094.0796127296226
Rpl15,892.3404530898025,1089.8654361445274
Rpl15,895.2427311544313,917.0774132603544
Rpl15,906.696198719202,1094.9651896366267
Rpl15,911.6744321610634,1085.4584011940276
Rpl15,914.2664710165924,1094.3367171525997
Csnk2b,922.054211295686,912.2440553577812
Rpl15,927.4680801945748,1105.7809297383997
Rpl15,938.0419830455407,920.3410618184188
Rpl15,941.579190332484,1096.461048096853
Rpl15,947.9848596345588,996.3454070839178
Ssr3,955.4445903001736,944.0545970493956
Rpl15,958.0459071272,1098.479904920166
Rpl15,960.3017186115208,931.5342961596256
Ssr3,968.7213359168312,1002.4281297607346
Csnk2b,972.0810394089864,1060.5468075990168
Ssr3,972.8525311040298,1083.0129950232022
Rpl15,982.8593212700616,1007.8659718954576
Ssr3,988.2097453893232,1034.3801107445242
Rpl15,1001.9980978136624,1082.7143557632016
Rpl15,1006.212340586868,1011.1033654466844
Rpl15,1011.534686434328,1034.8009257381914
Rpl15,1015.6467830149502,993.412526185389
Csnk2b,1022.726334447686,1079.694565987737
Rpl15,1026.457815418639,1063.837452484915
Rpl15,1028.6215556877205,1030.5089590043049
Rpl15,1029.9357418112625,999.7025758041613
Rpl15,1030.644778932471,1004.4808621892691
Csnk2b,1033.673969502166,1012.5914274565366
Rpl15,1046.2974421653455,989.9919654054764
Rpl15,1048.713967633376,1100.690352962822
Rpl15,1050.9802664929196,1068.6364031404114
Rpl15,1063.63458736249,1059.3109574006205
Rpl15,1074.4084069452233,1021.9301888245438
Rpl15,1083.274270525569,1096.43162997715
Rpl15,1089.025696017432,1025.074728765196
Rpl15,1090.984685174601,1063.0993526720836
Rpl15,1093.253295669654,1083.467273714066
Rpl15,1096.725553114255,1030.144244580856
Rpl15,1099.9739493578084,1082.7582480777146
Rpl15,1112.665395292012,1084.5369117230605
Csnk2b,1115.4989927189522,1058.1083092546062
Rpl15,1119.9703828080076,1066.851017771038
Csnk2b,1129.4371220564783,1107.7673000821555
Rpl15,1137.2034781216232,1132.091705963945
Ssr3,1145.986832715991,1091.2611863882364
Rpl15,1148.0512722547437,1068.23182393489
Csnk2b,1149.8301494139894,1076.9013527695438
Csnk2b,1153.7455460017195,1135.111383065393
Rpl15,1157.9228788655405,1161.658049050388
Rpl15,1171.0742455202767,1153.995861642951
Rpl15,1187.835765882994,1199.9803069020716
Rpl15,1194.0135437394492,1069.1159381397551
Rpl15,1195.1488463860012,1053.6707843602337
Rpl15,1223.8153212032837,1241.0220178653983
Rpl15,1244.284838861485,1136.2792609622593
Rpl15,1260.9212790437075,1151.557954870338
Vdac1,734.4451965343155,787.958612096469
Vdac1,761.4576558182699,802.3855053301264
Vdac1,762.1396814931634,911.554527176542
Sec13,763.3460199376937,809.022309801678
Sec13,767.1878984090085,819.0926073176583
Fgf7,778.1765448268965,920.1913808703592
Sec13,779.3201091722725,815.3237615848923
Fgf7,783.0311473430322,848.1181562687751
Vdac1,787.7648028425955,800.3736996378808
Fgf7,789.5148386249359,824.5941727996616
Fgf7,789.9193668553792,861.1996068262382
Sec13,794.8339168717503,964.872308272107
Fgf7,796.188007771967,914.8097926487344
Sec13,798.9875407514596,979.574684258421
Fgf7,803.0069465975796,849.3790635750788
Sec13,808.1140255390943,902.5325200144066
Vdac1,820.4282670170653,978.4598467862598
Sec13,828.6344065819168,1023.0674299954072
Sec13,831.8963127027571,842.5509568159391
Fgf7,831.939146136605,909.9171608934064
Vdac1,838.4516949098588,948.2985990115568
Vdac1,839.3599090588446,1006.33732168159
Fgf7,844.1802172331413,862.4811015327762
Fgf7,860.3861334210104,1153.720381794171
Vdac1,868.205153967479,901.132751443654
Vdac1,869.8717360142491,868.7397453471792
Vdac1,875.4370689086268,1066.7043006233455
Vdac1,878.6050929462403,877.0746700170391
Vdac1,885.6600295942635,1113.241764613237
Fgf7,886.9549959866674,991.5630395915592
Sec13,898.3695478510174,1080.9538897084508
Fgf7,902.9726713470455,901.917678560692
Fgf7,909.8106397741236,1027.6949329201395
Sec13,917.69641108395,1092.9895455254257
Vdac1,925.4386117877644,1075.22080859156
Vdac1,939.7628623473894,1090.181484397889
Sec13,940.6592740813194,1026.1163033098642
Fgf7,947.387749032756,1092.9532759386216
Fgf7,949.7396250373498,942.4704084666467
Vdac1,951.5287476079156,1063.8513296857782
Fgf7,957.6036239032738,1077.0499554959615
Vdac1,984.554587610349,1097.3376035718509
Fgf7,1005.3472382959252,1097.1606841837977
Fgf7,1005.0914092049096,1032.653629811242
Fgf7,1015.339454926794,1002.1907047033212
Fgf7,1017.100836447813,1040.0214975721335
Fgf7,1028.3274178184197,1001.7060553729824
Vdac1,1031.0711524198098,1014.0737085677248
Sec13,1032.59846649638,1044.9499562681897
Sec13,1036.332763108253,1016.0300041267632
Sec13,1039.7663881231724,1015.6404163084547
Tbrg1,1044.3290904848031,1093.356741514469
Mrpl12,1046.187445341753,1076.00739856033
Vdac1,1056.9739419881944,1085.5434094405164
Fgf7,1087.1070708884183,1026.9084219126237
Fgf7,1088.278447127803,1106.532198819927
Sec13,1088.9258717258554,1058.7357429413098
Sec13,1100.5133002012292,1106.563212638676
Fgf7,1105.8606299361568,1050.1046857332822
Vdac1,1107.693834208948,1093.6911872587782
Fgf7,1149.5475473852766,1140.3758726545766
Fgf7,1153.062550166634,1120.4713707748465
Sec13,1169.489555634076,1150.2910473435095
Vdac1,1226.302176034977,1113.462444758053
Fus,724.4647614130436,755.2159477942998
Fus,732.9216445546134,766.7572340377961
Ywhaq,743.7769910919997,803.4894373033515
Fus,744.4374770298741,781.1586585439454
Fus,758.8246795668482,904.7983704642236
Fus,760.312567066699,880.9930085771936
Mrpl12,778.7242706849024,847.8838858906049
Fus,781.156423499796,960.8703612952746
Ywhaq,786.2668694454275,859.8956751728572
Ywhaq,793.654679786867,833.7065631377402
Fus,796.675487027477,886.1177372188736
Fus,799.5638927646942,812.1175104035133
Fus,802.8921802543649,844.7839131271589
Fus,809.7824193749672,987.4924349441887
Fus,813.8848706886946,891.0641175139763
Mrpl12,818.3102148820402,839.8660259605706
Fus,849.5703598659129,949.1086044408012
Ywhaq,858.9363894641591,984.7455061420948
Fus,860.9145416389075,856.6555800007509
Fus,870.6828786459313,1117.834486081982
Fus,869.9626607392628,935.9672552451073
Fus,882.3475398953561,1134.3261828076738
Mrpl12,886.0207356166962,1033.3559732719443
Ywhaq,887.6873679900862,917.8421836006952
Ywhaq,904.5226030696632,992.4687126167368
Mrpl12,919.597557420112,1064.7543803776828
Fus,923.060455103692,1080.6329522462547
Ywhaq,934.1342579100622,1027.4097642404483
Ybx1,946.2470426451384,1064.7947190837433
Fus,960.3312892994892,931.4686942861028
Mrpl12,967.359699422251,1073.8950249958366
Mrpl12,969.196099603035,959.1556112487788
Fus,981.2385432673,1069.1305033297858
Fus,983.0369516259752,995.4732914026896
Ywhaq,983.7587095819651,1087.79261897815
Fus,999.3438898567972,995.895580335832
Fus,1005.2869443090028,1034.290239881925
Fus,1007.7074933060204,1088.1558207497071
Fus,1010.4509322373614,1047.717568632146
Fus,1029.2216813714983,1037.3628036103191
Ywhaq,1031.8582727131843,1091.297647683949
Fus,1034.0265109327406,1003.0257909274932
Ywhaq,1035.4899689744889,1099.239143592446
Ywhaq,1038.8535970662792,991.3010023470976
Fus,1046.0950045952202,1051.0758493490262
Fus,1053.8831301886455,1081.239541756193
Mrpl12,1058.086182133659,1092.3386457501756
Fus,1068.3803502578298,1073.9674746773917
Ywhaq,1073.6081534054256,1083.7407981861688
Fus,1075.283971036194,1045.7564912842854
Fus,1074.8356049713375,1025.5087390788997
Ywhaq,1078.3167171539928,1092.8791603692566
Mrpl12,1091.9281937192372,1100.0310089830446
Ywhaq,1099.8424547279806,1102.7944887447366
Ywhaq,1106.7121728565385,1075.9170458402075
Mrpl12,1113.8610530542328,1030.5722671895553
Fus,1115.9017984758757,1083.964139200076
Ywhaq,1158.2041860057152,1085.0618967187838
Ywhaq,1170.4000946144324,1149.3339775079764
Fus,1172.839490557457,1084.1267292592015
Fus,1216.5395188355146,1210.3343212356503
Fus,1235.9098563118368,1129.529010977505
Fus,1263.811580313024,1152.3872624646424
Ywhaq,1268.623741255094,1147.7901863509178
Mrpl12,1278.2606171160744,1163.1858764843475
Ywhaq,1280.7411202129374,1147.8005264192004
Grina,742.4865363266589,783.3074904487603
Snrnp70,759.6375175657674,913.1564991691508
Snrnp70,760.952537710477,887.5434459976073
Snrnp70,769.141939974656,822.1211765949874
Snrnp70,769.2034015747657,831.3624184643254
Snrnp70,774.1750864620196,839.975741455131
Snrnp70,778.0442167212605,860.2397951796406
Grina,783.2030606111317,841.6402225083971
Snrnp70,785.7329649745545,831.6672915124807
Grina,788.3393803533133,952.676782619948
Snrnp70,788.3028443723231,865.7980783806361
Snrnp70,802.5251986830817,809.6853605099782
Snrnp70,813.0124270732133,842.0395547749681
Snrnp70,830.7401013106154,1009.0173292078206
Grina,868.1666781407158,1008.1414932867611
Snrnp70,874.0454265922547,1014.5699607477156
Snrnp70,885.7092990330138,904.2615637884118
Snrnp70,905.26132075513,897.683549886205
Grina,905.8638729164584,1019.6843177321424
Grina,908.1698626804772,914.516708559361
Snrnp70,917.6701219898902,950.1477590769
Snrnp70,920.0187326620156,1085.6160663618134
Snrnp70,920.4387063094068,932.9554864178858
Snrnp70,924.697434706822,1058.4857354543965
Snrnp70,931.3066524541632,916.4449924491367
Grina,935.070438114756,1039.7758285193245
Grina,953.2018406504444,988.1913978716802
Snrnp70,992.5569664846018,1083.564780145375
Grina,994.9625265889492,1008.0403739382504
Snrnp70,1015.8580420673902,1077.900528151794
Grina,1036.740748045285,1060.542656159863
Snrnp70,1048.6596350288337,1015.027662850051
Snrnp70,1073.570748182421,1030.4414738097707
Snrnp70,1119.9489093658767,1069.5507310801042
Grina,1122.9056753746397,1103.111890357607
Snrnp70,1156.6060212909258,1081.0784373145664
Snrnp70,1223.1399535782955,1117.451154807453
Grina,1277.5286276597983,1155.873966599178
Stt3a,813.5264953852148,961.7983958002452
Stt3a,852.6925973902887,990.004455252249
Tmed9,852.7164766181103,891.4809961062025
Stt3a,861.1203793905263,934.221529227942
Tmed9,868.9763855745987,946.345945179665
Stt3a,957.1471900169106,1052.8637221836386
Stt3a,1037.691642298022,1009.0911671423548
Rbm3,697.4453950258276,714.1164348643879
Rbm3,715.8813920869053,749.1373259057018
Rbbp7,750.6238589280333,806.2283452632691
Rbbp7,758.8608673397503,787.3927204670812
Rbm3,796.7293348128779,843.0899904426325
Rbm3,835.0078364084129,884.8136421280465
Rbm3,850.9585082128594,885.9336499557742
Rbm3,864.488220249588,969.3011733900324
Rbm3,873.3609143998967,937.9795348048744
Rbbp7,879.9994694902367,1121.5159273322115
Rbm3,891.4476619925265,1116.6319888844623
Rbm3,921.5403220619164,983.0711382849375
Rbm3,1002.3269810910516,1030.5668604507607
Rbm3,1016.1279232354032,1092.5593163974945
Rbbp7,1035.5532177411194,984.7038798915382
Rbbp7,1038.419131469503,1081.9008178370443
Rbm3,1042.320802873654,1076.3210196938169
Rbbp7,1048.3843148134454,1080.8187224253484
Rbm3,1064.2131352429142,1015.7444534521264
Rbbp7,1064.225754380484,1078.4291017158296
Rbbp7,1067.0198383298475,1086.3065130098237
Rbm3,1089.277993874912,1062.179870639993
Rbm3,1098.4124739478077,1042.0402163796934
Rbm3,1111.4485561932904,1106.0612676436735
Rbm3,1127.669845227956,1045.8705628520063
Rbbp7,1160.484303373451,1073.2604756638632
Rbm3,1220.628742036746,1075.3575194144405
Mta1,690.4339719664765,706.4241173050386
Mta1,778.6369009958108,834.5421539562556
Mta1,790.2719384799464,958.1228989701564
Mta1,801.9897239399149,986.3346704339542
Mta1,849.9944808680971,858.9486839722774
Mta1,926.7972618442624,1072.0781821588844
Mta1,936.1403003941886,980.0962943810034
Mta1,970.967162338027,942.6608719946898
Maged1,754.8598296554467,793.3823529534438
Maged1,765.8491719287356,880.261995474445
Maged1,765.9971207501133,898.6735511826539
Maged1,766.3649888887571,852.2486279769181
Maged1,766.9363802130114,858.1602928888663
Maged1,769.808382571924,810.655682305335
Maged1,770.1310150836755,787.2669375417336
Maged1,770.272282508881,828.5450995140171
Maged1,771.6359540868444,915.7065336719548
Maged1,772.0348843349518,876.3150349547898
Maged1,773.974455910665,949.7120306619848
Maged1,780.5017887628404,832.7157089537965
Maged1,780.8807116142776,876.6508092086335
Maged1,780.7828339738661,911.4707033573123
Maged1,785.9224203500435,840.5072790815082
Maged1,786.5140562124967,865.4703870063652
Maged1,790.9703017844179,971.8063932808856
Maged1,803.5748337219594,987.5443290079234
Maged1,804.8363302673091,992.3594787519708
Maged1,808.2794475025331,839.2645530819085
Maged1,819.4272884092411,975.1686696793377
Maged1,826.064230283911,842.6377063831611
Fkbp4,838.1053530415782,860.2305260984697
Maged1,856.349345917957,1095.2633459682706
Maged1,863.5496080571095,1029.7022486660817
Maged1,865.4231007959376,942.807693693511
Maged1,868.2713821926709,1063.1661728104914
Maged1,877.2644566734308,1103.8887591893686
Maged1,885.7969224670054,1162.7820266170193
Maged1,897.0445086256742,1102.3464885538974
Maged1,907.6280776234432,1082.3273510121344
Maged1,926.6956354546758,1072.1735207831189
Maged1,946.5858054561984,1059.25764258739
Maged1,967.810339841776,1080.7728268067713
Maged1,970.093009706678,1065.1254127938366
Maged1,973.3968270376246,1089.2888177323198
Maged1,1001.6619253577254,1083.49931841335
Maged1,1011.880930871648,1039.124594541714
Maged1,1012.143953823111,983.4044895052302
Maged1,1015.7764681412554,992.6844205628034
Maged1,1026.100072949804,1069.9224538284368
Maged1,1045.725975847976,1035.213275798445
Maged1,1057.214472079461,1011.4320421794398
Maged1,1067.2747849631282,1097.8273413077652
Maged1,1077.9326687604248,1092.1904795554317
Maged1,1086.3584743766007,1092.620055454544
Maged1,1101.537177180919,1098.3201224627708
Maged1,1105.186609138958,1095.5907852416278
Maged1,1137.8776193520384,1086.7362545172955
Maged1,1168.817866733027,1084.21809002883
Fkbp4,705.1928530037256,726.3470930665698
Fkbp4,732.3354010761542,755.7670358877463
Uba1,750.2861399112222,802.5049834417342
Fkbp4,753.2095026166573,764.1662703012726
Uba1,759.6288641192796,833.7371877459743
Fkbp4,760.275203993086,885.9936249246002
Uba1,760.7688665594196,923.3593742058148
Fkbp4,772.2259443916208,928.922438173036
Uba1,780.1864125007841,932.1076332247768
Uba1,780.9363251477675,959.5596968011836
Uba1,782.3568102204426,829.7702698962911
Fkbp4,783.427218490122,908.1398608853916
Fkbp4,784.191434186737,847.8384228982485
Fkbp4,787.7999494417045,835.5031845555023
Uba1,788.9394522633556,852.8688709793743
Uba1,792.9075653501873,864.4873117170102
Fkbp4,793.5908846292951,839.6129649101003
Uba1,794.1898149710125,849.4743254774876
Uba1,804.2484163064328,834.9101186335872
Uba1,807.7891594567325,810.6761549645132
Uba1,814.5121297558137,942.248287898276
Uba1,819.8489388801358,990.1613373703152
Fkbp4,826.3231201213853,834.2607177304282
Uba1,858.3802025190656,1067.764043761175
Uba1,865.3966554602468,993.151799271464
Fkbp4,873.1298872979633,866.0422094194959
Fkbp4,876.4387720026559,1079.295435930087
Fkbp4,877.5942978876834,1123.2500816832994
Uba1,879.116175278972,1115.6995631230388
Uba1,883.4330819057154,1025.6590461397086
Uba1,889.7642662995745,965.0732821024044
Uba1,895.2966916840804,1119.5329201804814
Uba1,902.3323485764056,1100.3889150228329
Uba1,905.5321404328502,1120.9166944623285
Fkbp4,907.1835391333884,898.2493980730738
Fkbp4,910.4286081880368,1113.4819040255124
Uba1,920.0449698174754,1087.922935398214
Uba1,926.2380656953552,1092.0273867882336
Uba1,945.9539474968632,932.5502935590991
Uba1,958.6192911759732,1095.077285041543
Uba1,968.3256239462768,993.1997719938714
Fkbp4,969.5432351178728,1008.5079045700044
Fkbp4,969.8061017502172,1071.0407547091563
Uba1,984.1765643910036,1069.080435341343
Uba1,1000.7241787765216,1069.8840559354126
Uba1,1025.5476581419186,998.4745442317897
Uba1,1031.2104814950806,1097.3574973976056
Uba1,1031.141704203459,978.7006470067018
Uba1,1036.8778101067642,1047.8138007894092
Fkbp4,1065.886943519616,1104.9924156177829
Uba1,1068.191173166393,1027.0162928733114
Uba1,1071.404153652206,1096.5491417202895
Uba1,1074.5100430967568,1011.972775502983
Uba1,1084.82737116012,1044.8468459464711
Uba1,1087.380437924198,1025.4670488971371
Uba1,1094.0244678233234,1042.5056332001873
Uba1,1143.31134759743,1081.9727094876982
Uba1,1191.9297442466911,1104.879491371532
Fkbp4,1256.74438488529,1133.6322741448294
Fkbp4,1263.3663294699218,1136.3033872762987
Uba1,1267.2345606950323,1154.4849158010493
Uba1,1295.8564418497538,1158.3715372911552
Ybx1,691.0597643464537,723.8360740297162
Ybx1,724.1493727982169,749.8041737645481
Ybx1,729.9108409882048,758.7525880216562
Ybx1,746.3103012070317,774.8080884577464
Ybx1,749.0808375500084,814.1710071526593
Ybx1,750.3822456224159,778.8097779384057
Ybx1,758.1173098454069,814.8502312748253
Ybx1,765.0575152334,915.8921903224388
Ybx1,768.995492866339,903.9350912609294
Ybx1,770.3835610465624,880.745924218561
Ybx1,771.3731828460413,890.0685931116129
Ybx1,771.5386284816818,791.2286894548381
Ybx1,776.8729519750598,898.0419683506325
Ybx1,786.1188736529933,888.9732955921936
Ybx1,789.7765915833849,898.0762154055705
Ybx1,791.8850517435054,909.8681845357728
Ybx1,794.6853967042491,803.7141714998505
Ybx1,794.6435845932491,903.734644376852
Ybx1,801.2551736929731,977.3645968092568
Ybx1,802.7034398182108,846.7182660818218
Ybx1,804.7809811766728,848.6955645583286
Ybx1,807.390891345038,821.7374313482568
Ybx1,812.9220349667958,925.7978269827544
Ybx1,812.864954414437,959.8687351243436
Ybx1,817.0159257397725,889.3074384741848
Ybx1,822.8991478934303,952.9625769751387
Ybx1,823.4634127283666,998.52815300772
Ybx1,824.3441425790321,1019.979851703822
Ybx1,831.8004628934596,860.6050752990121
Ybx1,832.4214410753027,874.1546371507186
Ybx1,844.0100769089779,1031.8477111886018
Ybx1,848.0231400012583,939.394070682851
Ybx1,848.7828706592893,1113.602733300392
Ybx1,851.2812137812923,1043.8205224752842
Ybx1,851.5425869732588,1030.308068830418
Ybx1,854.3315952148437,989.1589634655796
Ybx1,857.136609393932,872.2565840779405
Ybx1,863.3367555125881,1057.5934697352782
Ybx1,866.3877240817269,997.7541939177544
Ybx1,871.9231356435992,1107.131175773462
Ybx1,872.9551424080457,1055.2817019579657
Ybx1,876.1671300012955,1182.6152742264112
Ybx1,877.9306764560348,1154.8773757402414
Ybx1,877.6582657162159,1018.4678692958144
Ybx1,880.3519539555442,1030.8735333757263
Ybx1,881.0376965478861,997.5532106963236
Ybx1,884.2614718844368,1170.6535357215262
Ybx1,886.6369587247228,1158.97687548761
Ybx1,889.9462919882864,1097.5404798033464
Ybx1,896.1997637906327,1131.2893278288952
Ybx1,896.694911143017,1095.5927443416354
Ybx1,906.5968411650614,983.7517386572916
Ybx1,910.1009977905736,1044.3199401741467
Ybx1,910.2350827831084,905.8704222553158
Ybx1,910.8666745371067,1096.0056962022973
Ybx1,913.4426497600512,1079.6975162016129
Ybx1,914.2184183338874,1086.4218989721444
Ybx1,915.8725064548833,1063.0742503800782
Ybx1,922.7683157869956,1107.1149292070647
Ybx1,929.0005532069416,1048.0535268351457
Ybx1,936.526698939092,924.0794572290802
Ybx1,944.63381455582,920.9774118170176
Ybx1,944.5249224812674,1078.5700393856605
Ybx1,947.3932407829292,952.5958498226976
Ybx1,948.8913706645166,1081.361153502398
Ybx1,963.6596605114548,1087.5525563936965
Ybx1,964.1708184486826,960.49819485211
Ybx1,966.8773897718024,951.970508839794
Ybx1,981.2060056286588,1083.46767288738
Ybx1,996.5769882359718,995.7457653376232
Ybx1,1001.6697680873252,966.6869560401366
Ybx1,1005.6708002635196,1092.4354991669395
Ybx1,1007.8753516388168,1077.1146388253967
Ybx1,1014.069008181902,993.0577421242168
Ybx1,1022.0813967007838,1086.7381054579566
Ybx1,1021.8557108492278,978.5148571304406
Ybx1,1034.8719270463062,999.931023232064
Ybx1,1044.5251041127303,1034.9502133581454
Ybx1,1048.7775913001062,1054.2748091133997
Ybx1,1057.3464753396606,1038.3559494799752
Ybx1,1060.7428189363357,1081.2196169780025
Ybx1,1061.627490108431,1099.057986195332
Ybx1,1072.3787939020483,1101.936632190033
Ybx1,1072.730531147243,1060.854071517099
Ybx1,1086.7455437088183,1061.5959032320268
Ybx1,1088.9225515981482,1069.3869080556965
Ybx1,1092.1551184340592,1042.1116711612867
Ybx1,1095.0723523528766,1047.1477626708795
Ybx1,1096.442270270786,1074.1405780441514
Ybx1,1098.3828456655451,1029.7849782448775
Ybx1,1100.715235363637,1040.686118295619
Ybx1,1116.9085354591718,1065.2355470509588
Ybx1,1125.3161476017892,1119.2482553996742
Ybx1,1129.9605105872467,1086.483989075028
Ybx1,1133.1392271984455,1108.5381245115946
Ybx1,1146.331381956898,1126.7331830466048
Ybx1,1153.572018481577,1083.8411630838543
Ybx1,1174.7357781413848,1151.1319827625389
Ybx1,1177.7834269042671,1049.4315880041354
Ybx1,1184.9468417805076,1177.816878333973
Ybx1,1193.4647693138345,1155.0726179386593
Ybx1,1201.8509424976094,1059.9852962549
Ybx1,1207.757446023042,1201.2481460060649
Ybx1,1209.6048050153584,1069.185730049545
Ybx1,1212.8409421043878,1226.1303926912533
Ybx1,1215.0323549663908,1220.621594747421
Ybx1,1218.1144481001122,1039.292793550725
Ybx1,1219.3730716794637,1054.2420826180337
Ybx1,1219.2800465167982,1058.0215101114154
Ybx1,1226.6763068857845,1032.0467633326562
Ybx1,1231.1522136504611,1059.9563412553198
Ybx1,1255.4441286289507,1130.9343778656685
Ybx1,1260.8140878754316,1136.3632000800808
Ybx1,1268.600086290338,1141.612073882753
Trp53,758.5237622661912,786.6402402548207
Trp53,777.2019735074739,806.4155946282367
Trp53,816.5241010420708,865.2128191871163
Trp53,867.5601642000006,1082.0630018933905
Trp53,895.8524903040625,1072.9653284256246
Trp53,902.217912360942,894.1272667388212
Trp53,908.0759795235438,1087.9983712980054
Rps6kb1,779.3554200792237,819.3160457325623
Rps6kb1,878.9981240956938,982.7933720830592
Tbrg1,765.0090340528203,898.7691388468336
Tbrg1,772.7698323144917,911.7028065673844
Tbrg1,777.0871057583396,927.3483316713008
Tbrg1,778.9249341888707,942.3836500476748
Tbrg1,819.185387472465,858.0795361786945
Tbrg1,886.7559085937252,1060.3018287790023
Tbrg1,898.183822148844,972.498442837689
Tbrg1,935.3642282611984,1085.7621865601468
Tbrg1,948.8405036825504,1054.458606547822
Tbrg1,988.7753309511112,1050.2582496969003
Tbrg1,991.2346511559108,1090.0105479877684
Tbrg1,1000.8692657446284,971.1171518163384
Tbrg1,1069.7729327195482,1051.697064263549
Tbrg1,1135.9287488886027,1059.9235911012042
Tbrg1,1142.7477693974745,1043.5388258955625
Tbrg1,1174.003874367478,1083.9863311161378
Tbrg1,1199.176886693199,1066.9536901351346
Tbrg1,1253.4360364318447,1136.699483095655
