gene,x,y
Rarg,376.2928093843947,1088.480162709543
negative_control,401.2143756399991,1204.7333665005845
Csnk2b,399.5288620346114,1204.4068876031215
Cops7a,399.6511660458256,1182.5203625780478
Khdrbs1,400.4759592406703,1192.7036937643577
Loxl1,406.0989904720717,1216.99307856087
Vim,404.5280008426933,1216.896494083766
Rpl18a,404.5704531273201,1215.5982984824768
Gas1,405.4515452611526,1216.281442489577
Psap,406.8304507647848,1215.4343776000587
Tpm1,405.6265407091923,1215.710769922013
Rpl21,404.00443410920536,1216.0996897123796
negative_control,404.2462969007337,1182.7757311175835
Rarg,404.8537496661646,1158.3446160702215
Eef1g,406.9829640623579,1184.2398466031548
Rps15a,407.7000125620364,1183.930615906368
Ppm1g,408.42037411534574,1184.8985122907898
Mvd,408.6464484726484,1400.402080161931
Pkm,410.1831174688234,1171.3198248696012
Rarg,411.06435872365023,1350.8119879406686
Ppm1g,412.2021453633324,1223.018408402969
Hspd1,412.0261792724132,1216.5015398127186
Vat1,411.9856926321298,1218.2104248712037
negative_control,412.5577711896134,1215.7108993219254
Prps1l3,411.4361092590684,1216.9240803186024
Rps15a,412.50761747085534,1216.524935272483
negative_control,416.13165650626337,1131.555763010184
Snrnp70,415.5076645741624,1132.412170430295
negative_control,414.8245955123633,1131.725167560111
negative_control,415.4355377904564,1131.9233400911924
negative_control,416.81957960170746,1133.9847546197157
negative_control,415.1542159492223,1130.8979991937604
negative_control,416.9253976988588,1132.5628621255892
Arpc5,413.6714304904628,1130.5064877986235
Nedd4,416.0332507824216,1132.483427191863
Mtap,415.8342718283596,1130.6393531021135
Mbd3,415.42237456837626,1131.1291564592325
Khdrbs1,413.3661355869952,1346.608176999132
negative_control,414.2691720726757,1336.948281859908
Ptges3,415.2289400451932,1337.3150149838452
Zfp36l1,416.3581811092522,1087.3968575074996
Trim28,417.54098303423945,1323.8978789793666
Vim,416.8670994268154,1323.4947122856606
St13,418.0914210381223,1324.8746862060823
Ncl,416.6568739615476,1325.570948352288
Eif4b,417.6799389248098,1325.333571490103
Sec13,415.0373636326475,1250.9747087467
Ywhaq,415.2639245829265,1251.552292872585
Ppm1g,415.7755115313143,1251.203359591289
Eef1g,419.2877874902923,1125.9980362884824
Arpc5,418.9310022957101,1124.9981913859133
Hspa8,418.9274309741994,1124.345471087896
Mvd,420.5565732541238,1414.558588273501
negative_control,421.1359715335655,1262.91593093107
negative_control,421.0872664986088,1176.1302340238594
Psma7,420.6267680265786,1233.5492116569235
negative_control,420.3162409232177,1233.8747501778118
negative_control,421.2196917695902,1235.41796203008
negative_control,421.8978086428154,1281.8801367545634
negative_control,422.0794806555507,1281.8305236779431
Rnf11,423.27630784641457,1239.7198475607097
negative_control,424.93550270750166,1239.1933726538036
Sf3b2,423.2794833286498,1229.3608125396051
negative_control,423.6398283306713,1230.378302415749
Fus,421.9242905364972,1229.5172292749055
Rarg,424.1279797326574,1229.5673188855858
Hspa8,422.8482906970493,1194.149816645334
Ncl,423.9656494201075,1191.8670635427204
Pkm,422.9694180799276,1193.8791825129567
Ppm1g,423.6243616468243,1193.672598493687
Fxr1,423.35613681437263,1194.8168954869202
Hspd1,423.8794048854994,1192.358325158936
negative_control,424.0747174044616,1194.7715860757671
Zfp36l1,425.81007571673206,1284.1267079144916
Psmd7,424.6391439781759,1148.3567304040894
Cited2,424.46372779128416,1147.7459814138406
Zyx,424.1875396291919,1147.973711102852
negative_control,426.46811987135845,1171.3243197696802
negative_control,425.7493231965519,1169.7702125689784
negative_control,426.30481275034185,1166.1590217789285
Ywhag,426.11488461113,1168.321866327364
negative_control,425.0443920574942,1167.0677712860831
negative_control,425.7036944029357,1167.8085318415635
Tubb5,426.348376357585,1171.7144070373124
negative_control,426.7156695735599,1170.394862770237
negative_control,424.7132075321209,1168.7087264539614
Ssr3,426.01837522090136,1163.9440550564846
negative_control,425.7114712553957,1168.2406887382244
negative_control,425.6519573172407,1166.276119033595
negative_control,427.00168544626587,1170.554865152132
negative_control,424.8610889472544,1166.543876466861
negative_control,427.0420555338943,1171.3113836059706
negative_control,428.1922247607037,1170.5440563841832
Npc2,425.2938068897986,1169.7362936827471
negative_control,426.2717204914431,1169.631483943136
Efemp2,424.4334888299156,1168.4473017788382
negative_control,427.3719844411302,1170.5353390576424
negative_control,424.6826697631219,1164.3163270915677
Sf3b2,428.5000545319474,1170.1499341288331
negative_control,425.58594065994095,1168.9263930350885
negative_control,425.8226489135964,1167.9200819066114
Tpm4,427.3552502926512,1104.0351492594364
Rpsa,427.9282952923096,1267.673895786182
Vim,427.8660421775904,1266.8866246781772
Khdrbs1,428.8819905297463,1115.5576842080748
Rarg,429.14409197924033,1180.1047476770218
Eef1g,430.8586094654911,1088.7441417405344
Rps15a,429.2590168882497,1088.316285899836
Vim,428.8249076210172,1089.5314331463346
Khdrbs1,430.6231231296704,1088.5504031433732
negative_control,430.5865844799548,1187.0848776821554
Hnrnpul1,429.98515045898887,1097.837928932638
negative_control,431.8555671606967,1097.9468873282578
Actn4,429.42835538350704,1097.4784514020753
Rars,431.68039183165615,1098.7912508813808
negative_control,432.8523019851158,1201.5643485006606
negative_control,433.637571120739,1201.6941647663643
negative_control,433.19186407173424,1201.0438202477012
negative_control,433.0983137566843,1201.4435203128442
negative_control,433.7719217206641,1082.3360903204114
Ctbp1,432.86979444988407,1082.470621889152
negative_control,434.29972910908265,1083.4746562958435
Zfp36l1,436.43708448134606,1108.9836287344929
negative_control,436.6367193199369,1107.640845242212
Pkm,436.50523116689607,1122.517824930822
Tmbim6,436.6837573207246,1120.87236731632
negative_control,436.0854069594589,1121.6084713782204
Actn4,435.83415787246383,1124.7035893896425
negative_control,436.32184320418185,1122.0465695711414
Zfp36l1,438.0442540307372,1244.975354561271
Rcc2,439.0591048940272,1245.6156255381993
negative_control,438.52318460480114,1218.4262155064785
negative_control,439.5255201149038,1218.8969664537806
negative_control,439.7285199040616,1218.9679698886305
Ppm1g,438.85423047841374,1218.5964544751887
negative_control,438.05861249949874,1199.8951988372412
negative_control,437.7469297548176,1198.8099273283174
negative_control,437.4990261337385,1199.3950781468625
negative_control,438.4342521120975,1202.2750167596496
Uba1,436.8980627236335,1200.2030271714568
Snx5,438.49541340969705,1201.7566546835396
Eif4g2,440.1489364135785,1203.6481365103562
negative_control,438.7534329374273,1202.6905998365537
Gpi1,440.784402744432,1084.1619994014338
Arpc5,439.5734137381815,1082.7418584978489
Tnfrsf1a,439.4766502726493,1114.7785748391611
negative_control,440.2901690224604,1114.901086255431
Khdrbs1,442.8927207862243,1086.1264309868964
Ppm1g,443.5955201243247,1280.580713382053
Pkm,444.4906316949899,1280.70121868268
Zfp36l1,444.1187124031974,1247.9092542781566
G3bp1,448.2276188339803,1160.5004285337172
negative_control,447.9983756983307,1159.8716722000718
Spp1,447.1378459388326,1158.785224070985
negative_control,448.4564186794833,1158.185938026715
negative_control,448.3952409577648,1158.436243398583
Fkbp9,447.6220575877965,1173.4120957862867
Khdrbs1,447.5536177862322,1183.333551769543
Vat1,447.084839793675,1184.089264072725
negative_control,446.387941451375,1231.1020101800182
Sec13,446.67713622347617,1231.0823001179367
Rab5c,448.0641541856015,1231.0701265573064
Gsto1,448.380436319609,1232.2401677237742
negative_control,445.3753587105694,1233.047841362416
Tspan3,446.1629718131769,1232.2567236296572
negative_control,448.0322711042919,1231.578972504015
negative_control,448.7097836068029,1231.5650588229166
Tpm4,448.9927344772233,1232.4871559554545
Cops7a,451.1279255764896,1155.9195347725563
Zfp36l1,451.85275626915313,1191.5901263126625
negative_control,455.8320887242526,1102.2537942998233
Arpc5,455.9996194792378,1102.0895479376927
Tpm4,456.5466279900448,1162.8530007291604
Hnrnpk,457.66273407189726,1142.9932123742476
Spp1,456.8886828431324,1142.3489060581242
Grina,458.611288039196,1142.4764226301618
Mrfap1,457.16986411597486,1142.436014931522
negative_control,457.2559698045154,1141.8562119426604
negative_control,460.28200496458777,1222.784882762027
Psma7,458.8907565504628,1221.1683303712468
negative_control,460.1696792809516,1220.7927354564358
negative_control,459.8640099970077,1222.2510715301378
Rps6ka2,459.698849183138,1220.822555582068
negative_control,459.8716062711415,1222.4344138260583
Slc38a2,459.2073954469865,1220.785423051884
Pdha1,460.1748660228835,1221.5727803556013
Uqcrc1,459.2966140861851,1222.999634237414
negative_control,459.9259856327448,1222.468433294462
negative_control,458.382455758052,1221.759683751018
negative_control,458.8837414190268,1221.5973997210372
negative_control,460.08240763439017,1222.7353466688337
negative_control,461.15880295847927,1133.8223637147917
Arpc5,465.3919688685684,1217.6670500194127
Emp1,465.32821090638873,1086.4088144605405
Hsd17b12,467.4762813480866,1090.1024238062057
Skp1a,466.0019295571176,1088.872276255311
negative_control,463.70986393691805,1086.0190706578048
Arf1,467.5004074185798,1089.6077107879662
negative_control,465.4375606849704,1087.0940545131414
negative_control,467.1865571810191,1232.5536500106114
Spp1,466.43319964444856,1101.827438378945
Rarg,466.9626037138617,1067.993595126556
Eef1g,469.0009984610644,1202.930253995862
negative_control,468.9308789580578,1205.305547468962
negative_control,467.7971435405703,1201.0456964743769
negative_control,469.1066280557028,1204.931804507143
Cops7a,469.4306489846877,1084.6883329061702
Spp1,469.6539509873863,1165.944944563042
negative_control,473.0319018081185,1079.9934163358269
negative_control,471.85590941934686,1079.947432298422
Spp1,473.5640942623609,1149.0608697336754
Emp1,474.1558738355663,1148.5552896608056
Arpc5,476.9930628337362,1139.219249531137
Rarg,477.7817425385362,1048.9415399949416
Mtap,478.3261026609074,1162.591269595268
negative_control,477.7850248941632,1164.2131789318512
Slc38a2,483.5604992406599,1205.0396429931548
Psap,482.6905259493722,1204.821530631931
Mmp14,481.2096332095604,1126.256996188273
Nfe2l1,481.59480039525687,1126.399548147306
Spp1,484.9536526225897,1193.9759875153618
Ltbp3,484.7694701677294,1159.9624231419814
Eef1g,486.9148325033806,1101.360264359328
Pdha1,486.0846858638408,1101.304722475258
Spp1,486.2082522620429,1091.6782607337368
Mrpl35,487.75936391174207,1080.257142589617
Gas1,488.13701828476667,1140.988124333493
Psap,488.2524259192418,1141.93397913941
Spp1,488.1487202245977,1198.852141518918
Spp1,489.0068144150938,1163.0954663310931
Tpm4,490.2612531998409,1126.9059038424425
Emp1,490.5053266339438,1168.1834652544144
Rpsa,488.7554040031096,1169.6747306719608
negative_control,490.3106636246658,1168.045283242095
Vim,489.6065564506108,1168.2871995365044
Tpi1,491.1527192201155,1168.7943966869157
Spp1,489.9676797588126,1168.2276108883627
negative_control,491.12468135532254,1167.0853869602415
negative_control,490.4261549092752,1167.7255887518286
Ubxn1,490.6611376155157,1092.7694722904976
Mtch1,491.4430046043986,1093.048033209948
negative_control,490.3608687398862,1091.8329278713911
Ckap4,490.6011946240688,1106.40792267406
negative_control,490.031500084529,1105.8820398567186
G3bp1,489.471551400516,1106.2430609439768
Spp1,491.43371421377856,1104.9948399855068
negative_control,493.9649491156404,1053.092204410823
Spp1,497.3428221443592,1110.0805189155612
Snx3,498.79761736756166,1054.8594946142548
Gpi1,497.95578443255056,1055.7586400101616
Rpl18a,500.4645529664453,1056.0889175640648
negative_control,498.768134840364,1055.3709380402076
Jun,499.5997942699895,1054.606529444069
Vim,499.3469342370619,1056.2747962824703
Spp1,499.8264252557829,1180.919534692617
Ercc1,502.4632695197368,1152.6289894337676
Vim,501.8350631518799,1153.6778559958589
Il1rl1,502.8860652178214,1152.7397435931605
Aco2,505.4680819549784,1154.5600502337857
Spp1,501.3276495316265,1152.6649861189426
Slc38a2,503.7866190647872,1153.886394749616
Spp1,501.25716157622367,1170.798832964322
Cops7a,504.14742645085073,1117.2295296775233
Spp1,504.51002614382185,1102.5302125505514
negative_control,503.7746255813639,1096.3302421322574
Spp1,504.62095273994817,1092.9812124066066
Spp1,505.195716840472,1077.9248495649542
Spp1,512.5536963742461,1158.5861394392518
Zfp36l1,515.1974424336909,1124.6753970622506
Rarg,516.4796866024208,1055.0612673662515
Tpm4,518.1357777107105,1158.4487385987245
Lmna,519.994713830243,1053.568458549496
Eef1g,520.1719420155218,1052.6174211366238
Top2a,519.9798226937547,1051.4421290567554
negative_control,519.1067904395168,1052.2116929151262
negative_control,518.9787929581364,1052.0734331052795
negative_control,518.3230024459635,1051.2798768954608
negative_control,519.8708233840732,1050.426774348108
Csnk1a1,521.62991858085,1053.6005992470114
negative_control,520.0280007367351,1051.452820580968
Scarb1,520.914195736239,1051.9168934143556
Spp1,518.2129984099058,1050.6079609387891
negative_control,519.5885116694599,1053.529170535063
Spp1,519.8914963159616,1060.549247680023
Ltbp3,519.2848084061585,1150.0597224361832
Ltbp3,520.211863820322,1117.4689677111774
Spp1,523.428182499251,1041.6320352422613
negative_control,531.9603998960691,1063.514309242133
Tpm4,531.9147137420089,1114.2883495763058
Spp1,541.6228049448565,1160.3065949883307
negative_control,544.8669359984156,1075.8485580642405
Maged1,544.0650187690298,1075.7267344451454
negative_control,544.2099638725189,1075.7756864245057
negative_control,545.4436973440999,1077.5275873126857
negative_control,545.3323628292873,1075.8011453061988
negative_control,551.7029753470304,1082.335199963828
Rarg,552.1912677298794,1059.1675699140674
negative_control,553.5709297879821,1094.584603123922
Zfp36l1,555.3910176675056,1115.1093241958135
negative_control,562.2349936120654,1043.259867442384
negative_control,566.7807459621565,1052.178888806651
Slc38a2,565.3358490495125,1053.095324598537
Eif4g2,565.5121411561483,1052.6224708386887
negative_control,566.1958120240164,1053.8787547767568
Spp1,574.7904333381841,1139.9812121154932
Ppm1g,575.8770798036895,1036.7589971709451
Arf1,580.519831413132,1142.4340609404592
Spp1,580.5755639765343,1058.640909399559
Mvd,583.9926875702756,1128.5510067930195
Raly,593.5175761594073,1051.7944732880633
negative_control,594.7356508866924,1055.5076295408558
Ergic1,593.7043992591067,1051.8411435409016
Msn,594.1543192393142,1055.2666261003644
Pdha1,592.7639635445454,1052.214137579742
negative_control,593.4980832538657,1051.9440818538844
negative_control,593.761005691357,1052.1148797041735
Rpl18a,594.135905062379,1052.739461330891
negative_control,594.853831014588,1054.6899976719303
negative_control,594.5840218667488,1054.7208850843915
negative_control,593.7861486869692,1053.4098215590625
Arpc2,597.7187995816537,1033.3662881455111
Spp1,596.7567668807533,1033.252687746919
Sdc4,596.683287004421,1033.1579192168765
negative_control,600.5293032424308,1102.028605784605
Vim,603.503348412549,1032.071020478525
Emp1,603.0144619242677,1031.7137238013245
negative_control,603.6382040426726,1033.19934916162
negative_control,603.4825024592275,1032.3837084251315
negative_control,602.3032511941207,1033.958808972256
Loxl1,603.124127511426,1033.3754701355074
Spp1,607.559415325379,1052.7650974540863
Vat1,606.5723950381957,1053.0863477446508
negative_control,608.4045473194063,1051.851425321529
negative_control,614.6714081181972,1047.7469516369808
Spp1,615.1913475463753,1046.6893034697564
Tcf25,615.6626284230999,1047.4225918405573
Tpi1,614.2605798423015,1048.808065971604
Ywhah,615.9134274470508,1045.4086855769724
negative_control,614.6540579985783,1047.3768249351044
Zfp36l1,624.018612360466,1081.8276763505455
negative_control,624.7429003984098,1064.1856484248055
Rpsa,624.6445509027672,1065.4211595821166
Spp1,629.888012285864,1125.3214383933016
Cops7a,634.7381424528912,1104.8070735659671
Mvd,636.3684356173604,1093.3942538560646
Nr2f2,639.7478780512829,1123.2990084783155
Mrpl35,636.5515697323688,1124.269593974975
Gas1,637.0711472855992,1121.410201371914
Rab5c,638.3524083988382,1122.1357435080058
negative_control,636.1873428452864,1123.981630565678
negative_control,637.6709907295974,1124.5277477768682
Msn,641.1552969650663,1048.6479787969497
Vim,640.50379187588,1048.3874334604575
negative_control,640.8813510591802,1048.812920468517
Ssrp1,639.9825140344313,1050.1630538574368
Rpsa,641.5457859992061,1045.9052094646754
negative_control,641.7979274833732,1047.6669669555567
Spp1,641.3069055233154,1050.835540830622
Fkbp4,641.2845751499492,1047.4575008780537
negative_control,641.7076893639154,1122.079069340184
negative_control,644.616457110423,1105.7734738157767
Loxl1,646.9415435968479,1089.314226729653
negative_control,647.9196630748077,1045.2572164052283
Fbln2,648.2447848343262,1045.9974435244574
negative_control,648.1273432545843,1045.5061654692577
Spp1,657.2529750622169,1029.2001226825637
Ehmt2,659.5813632949321,1024.4056917838789
negative_control,661.1984483390805,1024.2257768552856
negative_control,659.0666830841586,1023.6865033059452
negative_control,660.5362366337052,1023.5510863487982
Lmna,661.6362405152331,1025.9688751581125
Vim,661.113056500664,1024.8446359769216
negative_control,659.6823190168224,1023.4240693944804
Tpm4,663.0440357754399,1021.351765217591
negative_control,667.8654364326514,1099.1598345654804
Pdha1,667.753054865479,1098.813002373652
negative_control,667.9307464433164,1098.7735742397213
Prrx1,667.6585777802557,1099.58230602073
negative_control,669.1589191541385,1100.193059431513
negative_control,668.3002157575684,1102.5340153753148
Spp1,669.4336832639991,1090.8202142481475
Efemp2,670.4614312495621,1093.63730387483
negative_control,671.6690136232638,1092.744519841133
negative_control,670.6746507062936,1092.458780679484
negative_control,670.4255878156648,1093.3179605267692
negative_control,671.329605188628,1091.159289587617
negative_control,669.8506945340821,1092.342064585108
Pdia6,668.8611141605885,1092.607799706168
Rpl15,670.1708172865008,1093.5005409779344
Psmd2,672.249590391332,1091.579285195177
negative_control,671.8505887592753,1079.3907080494878
negative_control,674.2718555235025,1048.892040473604
negative_control,673.663816146944,1048.444690857701
negative_control,675.6903432214614,1090.8276818915338
Rarg,676.6559665849329,1043.475339295154
Tpm4,678.9988163831001,1102.247072898813
Ybx1,680.5919047112278,1104.93737093633
Eif4g2,680.9933534433369,1105.8211830282764
negative_control,679.7352597843874,1105.7080657845768
negative_control,681.1033332344945,1046.2789618614152
Msn,680.1022777724527,1031.364613733297
Rab5c,681.1805874720187,1031.9938692065527
Emp1,683.6707397689148,1054.8016491127653
negative_control,684.5757309962269,1054.4928917902469
negative_control,683.6093699137289,1054.3299459639557
negative_control,686.3882553726713,1054.2687228599148
negative_control,684.9816040149757,1054.3974490162072
negative_control,687.3872240235042,1086.5616458806394
Mvd,686.970666703673,1088.198578434921
Fgf7,690.8044112842439,1042.5024974576963
Arf1,690.5123730704686,1043.0275553161457
Nedd4,691.8110873238163,1052.6716716667786
negative_control,691.4334580195728,1053.2237517393228
Ctsb,692.3892618288025,1053.2086919636113
Emp1,692.8182553471806,1051.4018782823478
Mbd3,691.0656377657269,1053.668967966678
Eif3f,693.576098916882,1053.4459077900844
Vim,691.1644712505829,1076.754351162905
negative_control,691.1784025755614,1076.9200815673044
Spp1,692.041223558515,1075.902144393243
Sf3b2,692.1818214771818,1076.343525695968
Mdh2,690.6820857202985,1075.8708797803167
Spp1,694.0967228658465,1079.9725843171914
negative_control,693.103165948974,1078.8014924341314
negative_control,693.4768793444363,1078.9879451811164
Rarg,695.3404182639239,1009.4064724620498
Msn,695.0075773891851,1008.7321233181312
negative_control,694.7103662001971,1048.000465241175
Spp1,696.7279806899667,1052.6799140264666
Zfp36l1,699.7864968849926,1066.1376252916527
Prrc2a,700.3403363709805,1098.6563840424344
negative_control,699.5561021062035,1070.8778462460211
Tmbim6,699.8600594143415,1068.7040107827809
Fgf7,699.3827829866672,1070.590086531553
negative_control,700.0080399917082,1070.053082342696
negative_control,701.3028300093313,1069.6026459596983
Gpi1,698.3205162425288,1070.943655974285
Pgrmc1,700.592494742461,1069.2418507546993
Zfp36l1,702.3520396644923,1079.3066177060175
Spp1,703.3383400359688,1052.435213603284
Zyx,707.1699128079598,1022.3197537930864
Cs,704.5334242340632,1024.7122190818743
Sec13,706.1828129657633,1023.166273362745
negative_control,705.8831153448937,1024.846350455448
negative_control,706.7698670247448,1024.3048291773855
negative_control,705.6514477211363,1023.8250811360556
negative_control,709.067427368369,1070.1668243677852
negative_control,707.7842255154685,1072.0415068615075
negative_control,708.5415982115316,1070.3088546304464
Rpsa,707.3808866559995,1069.453433471787
negative_control,709.4537461471937,1068.137160703775
Efemp2,707.3233751824351,1071.5586104503495
Psap,708.8082411847613,1067.294323414898
negative_control,709.0048661811452,1068.1580504192912
negative_control,708.8645853298226,1066.4928447102166
Oxct1,709.0620322348155,1070.865394698352
negative_control,709.1367227227158,1070.2261167861782
negative_control,708.0163503451033,1081.5566855707389
Cops7a,710.3304812373931,1052.0087936423488
Mrpl35,714.8675005204248,1026.1455247527
Sf3b2,716.0996342584709,1018.5832722867216
negative_control,716.866631004712,1018.6336635559276
negative_control,717.5908234888238,1017.704276940928
Sfpq,715.361258790159,1018.0700629798382
Cops7a,719.6536992192466,1044.0398734496328
Xdh,723.3682356685836,1035.776647225357
negative_control,723.7403600210534,1033.9084858048482
Ppm1g,724.8780504517122,1083.8245887270812
Cops7a,727.3213068315742,1070.8675993912436
Csnk1a1,728.9266032297131,1038.923947511793
negative_control,728.2388682651822,1038.876313980706
negative_control,728.8675139469265,1039.5944403243748
Zfp36l2,728.1568979479177,1038.605107893797
Rpl4,729.5999299960521,1048.5773921639156
Arpc5,733.7832125101885,1045.0185592795028
Tpm4,736.7322502234774,1052.4340304850225
Cct5,738.531877352295,1067.6515641163585
Rpsa,739.345373200312,1069.291012421635
Malat1,738.6712901897948,1068.5939166721157
Ppm1g,744.1326738539733,1068.7743700056403
Rpsa,368.3720480400147,1132.946843911876
Rpsa,387.682235917018,1137.0521121009776
Rpsa,392.46646950513247,1153.2154611457154
Prrx1,392.0704342687712,1133.020319971999
Psmd2,399.6188508831275,1103.325961927662
Prrc2a,398.2063294955636,1183.718493023032
negative_control,398.4102397991419,1183.7889356735627
Rpsa,399.37047619107216,1084.2570145596972
Rpsa,399.5674884846406,1171.968968736845
Psmd2,400.3986325548211,1165.6428387476878
Rpsa,401.221169250734,1047.9137338601436
Rpsa,401.8770700911893,1231.190932073368
Cs,402.3991586432746,1180.8900881007046
Sfpq,404.9363950295266,1179.7161812059494
Rpsa,402.9036136773658,1180.4282906637122
Vat1,405.7737598318392,1180.2704320222217
Fbln2,403.5281264256789,1101.605675420342
Rpsa,403.5717880110703,1218.0343560193155
Prrx1,403.5638318455258,1108.110933630463
Rpsa,404.0347978695579,1037.4988780716883
Zfp36l2,403.8399051326076,1208.125895031615
Prrx1,403.9657810512992,1208.6420116521697
Prrx1,405.0923145261363,1150.9847116978135
Psmd2,405.4036893863381,1409.194690483275
Rpsa,405.0602454347817,1056.7657116300584
Rpsa,404.79100053605,1148.4437843621192
negative_control,405.7559330384805,1163.8022669819889
Rpsa,406.3441759456932,1197.403880601862
negative_control,406.1045942875954,1198.169016911673
negative_control,405.0307751014987,1201.3131897344608
Hspa8,405.961459558592,1201.3318807933024
negative_control,405.94549563745153,1202.293587059282
negative_control,403.9427757399806,1202.152125636158
Psmd2,408.2432013832534,1230.5398462523003
Rpsa,407.8495165291148,1188.8978887887197
Prrx1,408.8171139118616,1391.3846615212806
Rpsa,409.5405440793064,1052.2908591632508
Rpsa,409.4733202444447,1291.7621577284417
negative_control,409.8236894893024,1211.2645235685773
Rpsa,409.48247906946654,1209.3754601427086
negative_control,410.0501072703376,1211.0202592316389
Mrpl15,408.6027091260297,1209.97697859063
negative_control,410.5043215749987,1210.110852181035
negative_control,411.1021162452665,1210.346107306843
Lamp1,410.323885203452,1167.3256875504348
Prrx1,410.8176001563882,1167.7688034050932
Got2,410.9231545515525,1126.955363459236
Msn,410.6775105241562,1125.873824384838
Twist2,409.9422199241128,1093.394747750768
Mrpl20,411.6414431222112,1092.193692619376
Rpsa,411.9683655761075,1093.4875099542885
negative_control,411.9862538493509,1254.903797943234
Tspan3,411.5254067648535,1255.2364880314087
negative_control,412.9375679152855,1254.5035413169985
Ncl,412.02685295745056,1255.5496472516588
Rpsa,413.147726292787,1236.415668521612
negative_control,413.950463701378,1168.19892139773
negative_control,414.73844393598887,1167.953997268737
negative_control,413.5524732936202,1168.3922120602233
negative_control,413.7436584599297,1168.4633609701762
Nedd4,414.473286305796,1168.2786117322098
negative_control,412.7776849153073,1169.7966602321085
negative_control,413.77328224892335,1180.3982698485092
negative_control,413.738326781704,1179.8683105588198
Zyx,413.3978466696407,1206.5763298030397
Vat1,413.1515513310336,1204.0526757742523
Rpl18a,413.1768813276118,1204.1468296541975
Psmd8,414.2991617955639,1206.2320701982098
Txn2,413.5999044839127,1206.0644916324
Mdh2,412.65173108092114,1205.5587319412696
negative_control,413.1517125570023,1212.0407467843795
negative_control,413.64019179724914,1193.2876887995571
Rcc2,411.7652146232281,1194.14834316506
Tpi1,413.083099848416,1193.796129953432
Twist2,412.6602216390212,1193.546624263983
Rpsa,413.7687640049477,1192.198089431783
Psmd2,414.0975621472202,1312.8647970880386
Pkm,415.51936380632407,1314.300180513449
Hspd1,415.0741203992254,1313.2534733908144
Timp2,416.4231107435688,1313.2045725130972
Ptges3,414.8517352702793,1313.406426961651
Rpsa,414.8125170927629,1386.8217222384176
Psmd2,416.5598597036375,1239.895095462465
negative_control,417.7472277265055,1120.7312858084244
negative_control,417.3112318704341,1215.2344916358604
negative_control,418.3712107917041,1226.9201975387878
Snx3,421.2803927045216,1244.4127022268613
Mrps5,419.9357380805606,1244.692440477584
Psmd2,419.6123023363508,1107.168705977407
Rpsa,420.7803555221633,1110.2961641093175
Tbrg1,421.33300627558896,1134.7339335393208
negative_control,420.5444678185645,1134.7735444667276
Psmd2,421.84285328132967,1279.181820798366
Myh9,420.9758730619491,1307.186194932301
Mdh2,421.7748658873594,1305.3494609644015
Eif4b,421.8882377840949,1305.8006707734005
Eif3e,423.52654172935087,1306.1845835845374
Trap1,421.1034421668642,1307.3303571981164
Rpsa,421.90178083784616,1266.830242139034
Myc,421.8185716169908,1255.6928936422014
Hspd1,421.2637808716037,1208.431495926919
negative_control,423.925240528484,1208.487513601134
Rpsa,423.25429452469183,1207.83591362411
Psmd2,423.3076300256072,1153.3381270032892
Aars,423.52183653013344,1406.053890844126
Prrx1,425.0407064448268,1115.9779556506105
Morf4l2,425.8278620251729,1388.249689544254
Gsto1,426.8850663666261,1245.055355296241
Myh9,425.950183586229,1243.408659075214
negative_control,426.9167720841099,1244.1970440359732
negative_control,428.0187487744486,1243.3368938396166
Rpl4,426.1589247543392,1243.0072372381464
negative_control,427.53647231552463,1243.592126835551
Mbd3,426.46497806953874,1212.7420470141449
negative_control,427.0865876066271,1134.3148012243364
Prrx1,426.5243785960018,1123.57843297306
Psmd2,427.3146236410034,1305.7680638372617
Rpsa,427.4560542988059,1333.9039755708268
Aars,428.0653352037863,1277.9156497769577
negative_control,429.03182956323377,1202.6441615678666
Rps15a,428.6383704143104,1202.6683967052309
Gpi1,430.1418135453364,1172.437967081088
Trim28,429.7641163276693,1285.5441161766985
Ywhaq,430.90976940577343,1285.5850534588967
Vat1,429.2070242968565,1285.7865572868309
Psmd2,430.0820419909103,1284.480251672988
Psmd2,430.0042024921871,1281.4176148078427
Prrx1,431.0031882734983,1119.2007044942402
negative_control,430.3793944524647,1120.383747636332
negative_control,428.8001592068713,1120.0810699472538
Rpsa,429.9699477190082,1255.143098921843
negative_control,431.0410128227776,1108.4245284955027
negative_control,430.6035389390556,1106.8468743788944
negative_control,430.5451933874394,1107.1611700201424
negative_control,429.944330713897,1135.3932261535233
negative_control,429.7109963602917,1135.5848272609496
negative_control,430.60723778053546,1136.0812283773685
negative_control,431.0296148971438,1136.5372885387965
Rpsa,430.903475907994,1155.0711940626647
Vim,429.8914677588648,1153.5961837524862
negative_control,431.1002508304734,1153.2046110657056
Hspd1,431.7240755892258,1155.1239939504796
negative_control,432.3590452892037,1154.3408379678135
Ptges3,428.5938041821351,1153.686840681922
Fbln2,430.8662842604065,1141.6954289679013
Rpsa,431.6111281562444,1080.0481303239571
Rpsa,431.3136652924762,1179.608321260155
negative_control,431.8707724876432,1178.9876369393608
Psmd2,431.42023161782106,1116.8702110781687
Prrx1,433.0742226691316,1166.4059975662194
Kars,432.64847971882057,1281.5224618641932
Rpsa,433.2882789816002,1281.5906734997457
Junb,432.5444717696041,1280.0605057476942
negative_control,432.8363052558999,1139.9849813651624
negative_control,433.86874488808354,1139.481806653603
negative_control,433.2566505023056,1139.729188734206
Vim,434.2847139598077,1139.7805649853335
Eif4g2,434.7799810943488,1140.6762860543051
Hspa8,434.5759963719906,1114.0873970931048
Ppp2r1a,431.9159274190816,1115.0814718004394
Jun,431.8300641476941,1118.6510322337497
H1f0,433.7844643012253,1115.2829930615617
negative_control,433.0239442541181,1115.991243281609
negative_control,435.6705287306625,1259.282281477677
Mrfap1,436.5921351736267,1259.452288640302
negative_control,435.7799898408307,1259.9660878744075
Rpsa,434.7077902137356,1259.562053393888
negative_control,434.9688191307063,1259.6287775936812
negative_control,436.73235799016027,1259.503581536562
Psmd2,434.88614340878473,1300.8283439492834
negative_control,434.98191128655895,1185.9588185918412
negative_control,435.20328666591263,1087.8166188705022
Aars,437.3003045909807,1173.5568488482193
Vim,436.5586704376003,1079.9908764784889
Tspan3,436.85342449765307,1287.215778902314
Rpsa,436.7122931391797,1100.7664527052807
Rpsa,438.36491781632645,1254.1831079098647
Vat1,438.0862810995907,1286.3144707691013
Prrx1,439.49031521961496,1178.363876993424
Rpsa,439.1383646608365,1241.0036427029122
Rab5c,440.0231144804762,1239.2868035984477
Vim,438.4578955232362,1240.8253852210971
Gsto1,440.4158754502503,1239.2352312142318
negative_control,439.4857170347832,1239.843485234258
Rpsa,439.5389631187589,1211.4632067004
Rpsa,440.7605058032586,1113.3472760678094
Psmd2,442.0849545050559,1096.3995449242602
negative_control,440.8409141902536,1096.5537766451398
Sfpq,442.1945953129057,1096.0799769511536
negative_control,442.8887781613544,1176.3134116424435
Myc,441.95445937245546,1175.4810587603663
Got2,440.9422556251562,1093.6701275249716
Hspd1,442.1525520807654,1092.2109768399775
negative_control,442.9601509782667,1092.6350494372018
negative_control,444.60476151914247,1092.2389696159294
Rpsa,443.36368126956495,1149.7968011592634
Rpsa,444.2768552953916,1100.863024252456
negative_control,445.295197262838,1138.16425029714
Aebp1,445.0567104535155,1209.441740031859
Rps6kb1,445.459468741697,1255.444073751096
negative_control,445.93358492134746,1254.913542637554
Vim,446.31667198648887,1265.710388393564
Rpsa,446.2722654352936,1266.858186680638
negative_control,446.4791780578019,1226.9580460895445
negative_control,445.8965359883935,1167.8383822484188
Fgf7,448.1810127639936,1090.7850185624827
negative_control,448.4874753547051,1091.437208462169
Rcc2,446.2788126258432,1091.7475948984206
Rpsa,448.6602556628016,1090.311136609175
negative_control,450.124059897411,1126.487666192425
negative_control,450.4239918978623,1126.6753342968102
Cnn2,449.9610958151236,1126.331522943487
Psmd8,449.03747003852703,1216.03835116527
negative_control,449.2132422579782,1173.0472063695595
Raly,450.324283275892,1173.1605355687288
negative_control,450.38786055885606,1172.7277793935348
Twist2,449.7701167168956,1171.6472267668616
negative_control,450.4762498063942,1173.1099825076922
negative_control,450.8204626879077,1172.725761976374
negative_control,448.9660157207614,1172.624896755957
Vat1,451.55084994578647,1165.9844539920548
Pkm,451.1465804353056,1168.2298953995644
Rps15a,450.412610877768,1194.6344062767946
Rpsa,451.4579946504559,1194.51715994472
Nedd4,452.65262558696185,1086.7879132442308
negative_control,453.5163662651103,1188.85239918847
Tspan3,451.9257960436923,1158.6251946184666
negative_control,452.2162840091901,1157.5351961095942
negative_control,451.8584106015247,1248.4043984329842
Rpl18a,451.8660250372912,1248.9844166396135
Rpl18a,452.9812445729316,1154.0741965798284
negative_control,453.2284704916262,1077.7009822449002
negative_control,454.794030756051,1179.027835383627
negative_control,454.3870980337659,1179.7674858195169
Aebp1,453.8089528970468,1129.0714811508335
Polr2m,453.6803367043729,1144.9009343264718
Ptges3,453.73255787231415,1144.3452294114054
negative_control,454.4132816585389,1143.2477744116031
negative_control,453.5910508200622,1143.384315128801
negative_control,453.6441860297125,1144.175709485618
negative_control,456.1712414010708,1234.2191008933548
Rcn3,457.2051368445559,1233.0189787764036
negative_control,456.4664302869767,1168.3534686833978
negative_control,455.759154708493,1168.1657553287537
negative_control,456.1348725580078,1168.071202347178
Aars,457.1655873072991,1071.1126840632064
negative_control,457.410643715359,1202.2426766533315
Rpsa,458.4328592768079,1192.9829081359712
Rpsa,458.6794549661061,1097.1377521718848
negative_control,459.7993192154357,1119.768949689322
negative_control,460.5411183049132,1119.7409288434003
Ctsb,459.1369160758597,1119.3675550110438
Nucb1,459.1536729256623,1120.2842513394978
negative_control,460.1448641397741,1166.8002790718222
negative_control,459.78501029158986,1167.1994404275683
Pdia4,459.4957113895919,1167.5068467820656
Maged1,458.380767499129,1167.9609514227686
Rpsa,461.8969532997171,1149.6099069166737
negative_control,461.8590888369563,1174.596511197995
Rpsa,463.2300460327469,998.0672389684318
Aebp1,463.7249346579785,1207.8141114186692
Prrx1,463.1680119231702,1240.8385796021612
Vat1,462.3900582838731,1071.0814878647986
Rpl15,462.8158218172418,1072.1519404794708
Mtap,463.6294968144853,1071.798370329339
negative_control,461.1092371936281,1073.892744974376
Efemp2,462.9149697501808,1071.461573563667
Sf3b2,461.3059307705721,1074.9382858189874
negative_control,462.9367702640899,1071.7731062719351
Vim,464.2975825370098,1062.7026677415445
Eif3d,463.66778645502507,1063.3359945826842
Ctsb,464.6359881115767,1151.928131218618
Rpsa,465.7926208349824,1076.276907160634
Rpsa,465.6457814582338,1126.8202289943592
Rpsa,466.3198307159577,1217.2485278029812
negative_control,464.4583674986848,1199.2698674540325
Tomm40,464.6158910465971,1199.584663359712
Prrx1,465.7300902048111,1197.810821552656
negative_control,464.7518022670839,1198.0040855477405
negative_control,464.8046813449396,1199.2247123175566
Eif3d,467.8739016598825,1232.3866373726792
Eif3i,469.0815947266133,1106.865123469152
Rpsa,467.4244839831048,1160.7878662726616
Prrc2a,467.62920808308826,1184.7262232989317
Vim,468.5252811327206,1183.5494562269555
Lmna,467.9412509165754,1183.383458345977
Tspan3,467.9291600737854,1184.976265474891
Laptm4a,468.9407723912586,1184.1639056446695
Aebp1,468.87090270831646,1155.1232552765264
Ptgs2,468.9137117583536,1101.3511952866652
Csf1,467.3797355221282,1101.1993340329775
Aebp1,469.5512411731922,1118.9455089431897
Psmd2,472.12702095875744,1216.05256892613
Ybx1,470.33356681884266,1215.9652569486018
Rpsa,470.91761733722575,1095.54875963947
negative_control,471.40682189122936,1212.8148600804066
Psmd2,471.99296798868033,1223.1505825610618
Gpi1,472.5512695641655,1222.1421369446437
Thy1,472.8878879831173,1221.7493683116704
Rpsa,472.973916459981,1202.5100220053791
Psmd2,472.8606422144093,1154.9588190891418
Rpsa,472.9785830617236,1068.0197528446504
Aebp1,473.9152551041664,1121.1630160298198
Maged1,476.3658403949142,1132.9746837709406
negative_control,476.7508914108184,1134.5899527803845
Ercc1,477.1341590342241,1134.3446808368303
Rpsa,477.4416857382849,1087.870336081353
negative_control,477.6694865807772,1197.9718402421663
St13,477.6817431884208,1199.2803750752796
negative_control,477.2956332724243,1199.1102684129464
Rpsa,478.3522311592069,1054.6916684256153
Rpsa,478.63099366248775,1171.4288041530654
Vim,479.5397504087583,1079.750325945127
negative_control,478.96313583847785,1080.063871261632
negative_control,479.143373793915,1079.3210369135531
Aebp1,478.8548632316277,1141.7811452187225
Eef1g,482.0012781520925,1202.2984100688725
Aars,479.43134749289504,1202.5411734664965
negative_control,478.41501237919977,1203.4766547615998
Gsto1,480.59684553186935,1204.1373350091435
negative_control,479.7598282278669,1202.319177420612
Rpl18a,481.7378601624487,1121.9619477298647
Vim,481.508355237174,1122.290032568365
Igfbp6,481.06598810660034,1120.9364145398877
Ybx1,482.4663612292828,1121.395592514969
negative_control,482.1298893461656,1122.0289307885782
Aebp1,482.76058671087947,1148.2573619123125
negative_control,482.9761689989184,1105.5483268351477
Aebp1,483.28954413283975,1151.7043608381862
Ctsb,483.736015596369,1071.2659911813807
Myc,484.13460293681175,1209.6410211604898
St13,481.2908735560587,1209.255577380177
Sdc4,482.99188258486447,1209.1740463291096
Aebp1,483.6951571454389,1176.867971771704
Pkm,484.3581830872876,1157.9156363006275
Aebp1,484.57077559255606,1158.6541114095955
Psmd2,485.98874406544894,1090.5498092796815
Ybx1,486.8092921798296,1201.768283513576
Laptm4a,487.40386136093457,1201.476289027998
Aebp1,485.54606779000994,1110.543093399221
Aars,487.0948511456109,1190.788132813937
Rpsa,486.9847934891927,1139.5835285631306
Rpsa,488.9557464724497,1183.001287415596
Rpsa,489.4119943040868,1058.2679338746343
Aebp1,489.8251355386975,1109.5621810796365
Rpsa,491.1230591101561,1200.306873265154
U2af2,489.67222559340246,1200.1617789104334
negative_control,490.5520357793966,1130.7704333383358
negative_control,490.5932519051853,1179.2687040208637
Rpsa,491.0701126305373,1162.4570972870567
Hspd1,493.1908124379629,1175.4692298843736
Pcdhgc3,493.1760793669789,1175.5198775405772
Aebp1,491.5718780254241,1174.6774791275066
Csnk2b,493.363638657785,1175.897134346371
Myc,492.728407737813,1075.3712523019328
Rpsa,492.80663913609294,1112.8054261736283
Rpsa,492.9224612230824,1133.5306633606965
Rpsa,493.67534455802615,1196.9840282917053
negative_control,494.6846801113377,1196.747404557795
negative_control,494.2507140561424,1196.8608157896629
negative_control,494.10014276458935,1197.5370452832633
Fbln2,497.7395598390376,1169.9427886001918
Rpsa,498.47793010638907,1095.9299474761408
Ywhah,499.0197643335911,1049.7328258343175
Rab5c,499.0723681276778,1050.0751829650656
Gsto1,499.9917476243318,1050.115669580598
Mrfap1,498.3704721536496,1050.593621250643
Prrx1,500.4757816203491,1049.9273481434209
Rpsa,500.0898159491943,1022.7452519523596
Prrx1,501.55156291049366,1145.887255280618
negative_control,503.9161646001414,1127.1100245314365
negative_control,503.8392570008221,1127.224929150142
Prrx1,502.97714514898746,1126.2346458823276
Hspa8,503.9283065335982,1138.962324440643
Vim,504.2732933811013,1138.164629030173
Rpsa,503.34300761069017,1138.4010512673035
Psmd2,503.8119956357061,1181.7873676559375
Rpsa,503.4785325183159,1060.8333488489243
Rpsa,503.9499941161507,1078.094620416258
Rpsa,503.8422011960835,1134.5695044431643
Rpsa,505.55754067592034,1143.493903483842
Psmd2,505.7196007125208,1088.234159951037
Rpsa,506.2119888080133,985.7393564620438
Rpsa,507.0470636041017,1180.562091526361
Aebp1,507.1956310031659,1135.3928222721302
Prrx1,508.34760066294336,1105.2073869860176
Rpsa,508.0849266572405,1113.3710857493095
Myc,508.96741955678976,1076.9004150900723
Mdh2,509.7173094262833,1126.4841858483878
Fbln2,509.6343092597974,1125.698157468889
Ctsb,511.1306844724123,1174.0630133050813
Psmd2,511.17179326144,1069.2713139339744
Sec13,509.82732014907776,1070.0332142672694
Emp1,511.5899929747008,1067.8732065260165
Malat1,510.2990307519386,1070.31895506207
Lamp1,509.4184341492962,1070.4139654443943
negative_control,509.6963998907556,1070.3943676443469
Ptges3,511.3492706523788,1068.2892120254824
Prrx1,515.3961641266637,1101.9777308422215
negative_control,516.6658560252683,1058.2818400931587
Prrx1,517.7499936104227,1098.0542401976695
Rpsa,517.2060679230193,1161.9171180863627
Rpsa,521.1492807435828,1118.329508465613
Rpsa,525.4838143634287,1152.46528419091
Rpsa,527.5548629234436,1030.9342689007303
Myc,528.9573731624782,1114.973918736524
Pcdhgc3,530.6557402185599,1084.5233867135717
Rpl18a,533.1359947220042,1034.1064324921847
Rpsa,532.4392876642501,1037.9015884761734
Vim,532.9865143306324,1038.7330490608886
Rpsa,533.6494245647261,991.0176492686976
Rpsa,535.5961731442495,1007.1387805480308
Aebp1,538.9646415716138,1042.7953201833634
Nr4a1,538.8123699124428,1040.5476205846242
negative_control,539.0501977598344,1042.0393990828045
Rpsa,542.5199293003978,1121.61041383553
Rpsa,543.722080932937,1137.6445750602256
Rps15a,545.5054813666659,1043.324118398191
Rpsa,550.4119077956194,1107.321006341162
Rpsa,553.5494465711838,1111.9781672022996
Rpsa,554.1681231001535,1154.1214153441565
Prrx1,554.9893697360947,1077.66510067461
Srebf2,560.2232125453716,1151.8789760936252
Prrx1,560.1266584952347,1152.2929231948356
negative_control,571.3844111510574,1092.3775198283945
Rpsa,572.8358260988557,1139.3170322265655
Aebp1,573.7858411223684,1135.747904008832
Psmd2,573.7466357415702,1048.5974604087005
Timp2,576.7269520634371,1054.7403439917534
negative_control,575.535176583631,1053.6828836116383
Ctsb,575.4679871239566,1116.6916565385327
Ctsb,580.2201821995401,1151.5850805667098
Myc,580.3003452290756,1066.5770690631205
negative_control,578.807008826804,1040.6419145516209
Fkbp8,580.4502418284319,1042.3091269653564
negative_control,578.7866622811669,1040.797686053713
Vim,581.1564406261864,1041.3162098214812
Aebp1,583.0709281959282,1109.5070844651227
Fbln2,585.0077045166051,1141.6932054842682
Rpsa,587.2683077243059,1099.2394858269547
negative_control,587.1122915727808,1050.1687757794334
Gsto1,589.628461051695,1050.2804859026005
Rpsa,591.1108154290837,1098.1321006289932
Psmd2,591.6322609465808,1084.0923160922166
Psmd2,593.9546938220763,1141.2036368670765
Ctsb,595.8086866381445,1078.0325853881302
Maged1,596.845159274208,1065.98221157972
Oaf,597.1650626347597,1066.655834005774
negative_control,597.1003841565185,1067.4515622810354
Mtap,598.0206448472632,1067.8446141049612
Ergic1,597.94414282667,1067.238472614406
negative_control,598.5840800586958,1067.879708567301
Efemp1,597.30649963548,1065.959576700733
Myc,596.9410769846459,1059.549773900417
Rpsa,597.5132889303978,1140.4933314416123
Vim,603.000926454391,1133.7637612459916
Rbm3,601.4980639769717,1132.1863830065288
negative_control,601.3852935893848,1132.5104765255132
Slc38a2,602.7787692123691,1132.7114404748977
Rpsa,608.6062096135714,1034.554929007178
Rpsa,608.8512076235778,1042.4179957690758
negative_control,610.1977778672982,1049.6850871296856
Nfe2l1,610.3420385582593,1050.648592067671
negative_control,609.3415300794795,1050.301075983206
negative_control,608.8968393548327,1050.2522076148675
Ctsb,611.0457709175214,1076.0486278992362
negative_control,611.8305095844862,1066.218852668501
Tspan3,612.966819650617,1066.948586200639
Il1rl1,611.7909768442186,1064.7300866953788
Prrx1,613.4816985697294,1044.2685986186923
Rpsa,614.5393781608586,1100.9645098260246
Ybx1,615.7071661509368,1133.44963902352
Mtap,615.9901670268181,1131.9907120749083
Hnrnpk,614.7422489188491,1132.3302877953852
Vat1,616.3453131893608,1133.0090356508758
Myc,616.4012274954246,1076.456542908749
negative_control,615.6132604316449,1033.5575889587813
negative_control,621.0211286144417,1035.6678256855323
Rad21,620.5371712948013,1037.2217352382022
Ybx1,622.4351069926687,1033.754715767038
negative_control,622.331130926662,1034.5757542839665
negative_control,622.7913568361432,1035.9442590557924
Aebp1,621.4986701718967,1124.4850724354656
Ctsb,622.1117505805837,1073.8765204838307
Pdia6,622.3708417965739,1046.2426283139075
Ctsb,624.7710978060475,1105.9202039978072
Myc,626.5328544658145,1082.228380415013
Aebp1,627.0110241564412,1126.3103473353694
negative_control,626.2679674113699,1123.0980916078995
Psmd8,629.2262874507642,1061.633094035471
Rpsa,630.2123110913211,1094.314706776949
Clta,633.6652369072003,1053.2614367759916
negative_control,634.4552604100572,1051.869249268274
Nr2f2,635.7621699161012,1053.5771572022356
Emp1,633.3794118786434,1053.096516798228
negative_control,635.5454275049958,1052.931402213459
Rpsa,635.3394605147361,1027.3374813300436
Pkm,635.971626587374,1046.1957361931818
negative_control,640.0687930986732,1060.1230302959636
Ssrp1,639.9269861956365,1059.575070350328
Cct5,639.5404069183132,1059.8354580376138
Aebp1,639.3046702782441,1077.912909043932
Rpsa,640.2046992166324,1026.297001965375
Cct5,642.5494118519346,1084.368534374512
Prrx1,643.7540126491047,1076.9977509940495
Rpsa,646.8419706814097,1106.3393184308673
negative_control,647.0365073434139,1071.2305735677833
Mrfap1,647.1106329322769,1071.3757830230595
negative_control,647.4563952609221,1069.9180764748278
negative_control,649.3362410152497,1090.6357820811022
Myc,650.554046754607,1027.555417561029
Ctsb,652.6591276845344,1031.85438583492
Ctsb,652.9467388771277,1113.0901546253588
Vim,657.7355503469973,1115.8556717186505
Rpsa,653.5946045444931,1118.2613843250165
Mrps5,658.7598418481194,1116.7581560396884
negative_control,652.3069314785823,1116.486709604872
negative_control,656.537956259328,1116.1610286657449
Ssr2,657.2775492883488,1115.742679120486
negative_control,653.1625884612447,1116.8562018121606
Vim,654.8370755665821,1116.7040020389636
negative_control,657.5926353677493,1115.1525187461284
negative_control,654.4964638685054,1115.964145579954
negative_control,657.1492203067892,1115.445162169774
negative_control,655.2355624953507,1116.7979699234188
Vim,652.7076664555693,1093.4721285215578
Timp2,654.3097458312232,1094.3309845319388
Twist2,652.8147012111737,1093.3443304106306
negative_control,654.1513893924478,1094.9946026455448
negative_control,654.7625284515171,1094.0910553373074
Rpsa,654.8588613848971,1028.355317996616
Rpsa,654.9257649301634,1088.9915180238486
Aebp1,654.4725708716177,1035.4854851337473
Aebp1,656.1077036841522,1105.5378876198222
Vim,656.615185401411,1069.49123878859
negative_control,655.9343895333343,1069.6515759690462
Rpsa,656.2688250926436,1069.0601551271736
Aebp1,657.9699931049379,1102.412597446871
negative_control,658.7689760859728,1037.7063311985771
Mrfap1,657.4358436775234,1038.777191672819
Gpi1,660.1676603752941,1040.134996547004
Ybx1,659.1914151432863,1037.6363756205706
negative_control,657.8010246996593,1036.1813550064408
negative_control,660.051526900299,1040.2916570604018
negative_control,659.1610267347853,1038.7614019964212
negative_control,658.7520951913373,1037.278533838831
Rpsa,661.8836296999655,1081.1835496205238
Rpsa,662.7634933970498,1112.183931943121
negative_control,662.5470524794491,1095.363179193126
negative_control,665.2591069085211,1059.5053705079115
negative_control,663.846609088798,1079.0442919157565
Sfpq,664.0045027577319,1078.4186194277831
negative_control,664.7931941270393,1080.5253542126625
Psmd2,667.9462566491522,1041.8418270134605
Ctsb,669.4502552462284,1062.989509360781
Ctsb,670.6575554927854,1073.6580390755216
Rpsa,671.3292455248757,1086.023718191246
Ctsb,672.4590893874323,1102.5127596516768
Vim,672.3700974065058,1109.4604568066272
negative_control,672.2315176923645,1108.793225204173
Rpsa,674.3878579641166,1038.17542019151
Ywhaz,675.632316383169,1042.1553073276832
negative_control,675.9062700395941,1042.7281586083054
Myc,674.3290813527557,1040.308033339688
Rpsa,676.0624082221447,1019.94553289758
Ppp2r1a,676.7362764731754,1094.8069375465443
Fbln2,676.6394653389615,1097.059289515592
Nr2f2,677.1122282772318,1029.3894557211172
negative_control,678.2103678594248,1029.9448612702968
Eif4b,678.3297801353477,1030.2994985912974
Jun,676.8226911887473,1029.705448007761
negative_control,679.0610763129706,1030.6241206693662
negative_control,677.500048523601,1030.73267634716
Rpsa,677.5092688240773,1073.6249704609197
negative_control,677.5387349762517,1046.4001417670706
negative_control,678.0946343379014,1047.061030321577
Mrfap1,677.6284560963313,1045.6102991791486
negative_control,677.3885691813846,1046.6578086404902
Loxl1,677.8533672798728,1047.102555331675
negative_control,677.6209189316992,1046.3518966665515
negative_control,677.52145505071,1044.8207315364225
Eif3i,678.9765802607074,1046.6323271081417
negative_control,678.43689770977,1046.3255238248205
negative_control,679.3937726279675,1084.8869166175814
Rpsa,679.8264416315924,1081.8410884041068
negative_control,678.6296647081635,1081.7841514399915
negative_control,681.0782331962863,1101.2835873874096
negative_control,681.1923336585804,1100.7596547922597
negative_control,684.4058087028616,1105.5270515673035
Hnrnpk,682.7941592955298,1105.848441621349
negative_control,683.9345350697973,1105.817427319112
Ctsb,684.3541388981446,1015.5481999571996
Aebp1,684.816320301461,1084.8305900687508
negative_control,686.3541985965244,1105.7818228049232
negative_control,686.42913108274,1077.742899744656
Aebp1,687.6582656864091,1033.5854820298778
Eif4b,688.8638006290987,1016.4663975811834
negative_control,687.8579712180125,1016.5545270796796
negative_control,688.2460879477937,1015.650458577182
Rpsa,688.3685453878974,1036.879542924488
negative_control,688.5956371027717,1020.8686910191128
Actn4,691.4948414938259,1016.7151415235088
Hspa8,691.7734614303703,1017.2170886140552
negative_control,692.2687503305426,1020.6875926299664
Ran,692.3551544545974,1018.1950610154825
H1f0,692.6293428222552,1019.1299378282944
negative_control,692.3938555212219,1016.4718646488732
negative_control,691.1715644834385,1018.22042508999
Aebp1,691.5535527661523,1026.9798940510811
Aebp1,691.8677994629211,1061.4912050691617
Nucb1,691.3706723875102,1035.1018318519928
Aebp1,692.8096966609947,1035.6867650889285
negative_control,691.355158593222,1033.4262691529837
Uba1,691.4965820746543,1036.101575243115
Pdia4,695.3551731309374,1056.1414398618606
negative_control,696.3579935641609,1068.344082588863
negative_control,695.835566775769,1067.910032887904
negative_control,695.6869893304981,1067.390804306094
Uqcrc1,694.4225946981094,1070.384514860814
negative_control,695.4119395429439,1068.1823594023117
Aars,697.9330956410122,1051.0239702640583
Npc2,698.6556828722621,1062.6111404078165
negative_control,699.1125152987884,1061.9958750071569
Rpsa,698.2057274224446,1063.5866307649155
negative_control,699.2022463293293,1028.423688303314
Sec13,699.2404550600871,1028.130120883388
Prrx1,699.2000167266908,1027.7290195241285
Prrx1,698.3617827580624,1059.5981630200658
Vim,695.9503165953286,1034.5857097720436
Hspa8,697.8070367028413,1035.5581058518403
Myc,699.0187306886955,1036.185761657954
Pkm,696.8185553610888,1035.2528582891853
negative_control,696.4772683034126,1033.7051794792987
negative_control,700.2746649469252,1018.5819466371988
Gsto1,701.141670231852,1050.6886913414432
Psap,699.8093921828548,1050.2851654488256
Csnk2b,698.6483195608159,1049.6576773060392
Ugdh,699.0946315182326,1051.2398841910865
negative_control,699.4933808609026,1048.9715226036546
Prkcsh,701.2766797811661,1050.1341026302512
Crlf1,701.9070628765667,1049.9695023936472
Mbd3,699.9867877641706,1066.4327261966298
negative_control,701.4465454604544,1042.4239872090343
Vim,702.1240746745609,1023.1955909593504
Rps15a,702.6097587236176,1023.0749932497348
Morf4l2,704.7098448083393,1073.6917993586092
Hnrnpk,709.3245747069686,1029.0371361593147
Ndufv1,710.206594197982,1026.6954147662252
Prrx1,706.61415277523,1027.886129932124
negative_control,705.7107094571987,1026.5688868852276
Fus,709.5648514888529,1030.874852256222
Raly,709.8485777082487,1029.88531218349
negative_control,706.2065134581408,1026.890933271215
negative_control,707.7034427187975,1029.8013016349776
negative_control,709.560798458632,1030.0869733978652
Jun,709.9899737844333,1027.9076033296874
negative_control,706.5464887632659,1066.2880650401444
negative_control,707.3996196684795,1019.0405480742976
Mrpl37,707.0111501781262,1016.8292010592864
Arf1,707.4007924564519,1018.9616957414077
negative_control,706.7762845858183,1016.5663962472488
Ywhag,706.5775768300356,1016.2694908856056
Ptgs2,708.0704749419234,1019.0470798309304
Aco2,705.7434732527499,1016.9446358972788
negative_control,706.7897821694011,1016.7153139617692
Ybx1,705.512106192082,1016.2102507481472
Psmd2,708.2374057791519,1086.9376594611008
negative_control,712.6018246216163,1036.2723822105386
negative_control,714.092772392264,1035.76515188644
negative_control,711.9912188277049,1036.2491606657954
Ncl,715.7373900692185,1034.9420598083807
negative_control,712.0603670420519,1036.9922953267233
negative_control,712.6531576726813,1035.88416732693
U2af2,713.1210661862115,1034.3762970161808
Timp2,712.7832601861608,1086.0467027284335
Gsto1,712.7566983326033,1086.8874214224809
Mmd,710.9070931997205,1086.2354734913097
Rpsa,712.2358514705844,1086.6891504641378
Rpsa,713.1054638924093,1052.169646391064
Vat1,714.4711800790549,1030.979432947899
Stip1,712.1926445500935,1045.620731568845
H1f0,712.5064763382813,1045.466563591443
Rab7,712.8483047279655,1046.0295025533449
negative_control,711.7490641105715,1045.574616347967
negative_control,712.2263692436982,1045.401333691424
negative_control,713.3320237447472,1045.4262781484208
Prrx1,716.8564531272814,1020.3059378040372
Myh9,718.129698086228,1077.7714724563527
negative_control,719.4100779012138,1077.9642923665367
Eif3d,720.1161140635668,1078.3173644285048
negative_control,716.9097288577906,1076.6323921525332
Prrc2a,717.356092100701,1078.0127165563383
negative_control,717.1797649322918,1077.873392648901
negative_control,718.3181866987914,1078.440069159199
Rpsa,717.4992850242566,1055.775467825757
negative_control,718.5644901194084,1081.214752166591
Rpsa,719.8945553933394,1028.4163828566925
Tcp1,721.8827598544358,1034.4318153881982
Mrpl10,719.8811038023834,1057.882345980578
Psmd2,720.1175522575052,1056.6390677891836
Rpsa,721.7217741189594,1085.3341120590871
Prrx1,728.6442942456308,1076.9166753519548
Nedd4,730.1133249931729,1078.3904819006575
Rpsa,733.0489587100999,1061.3262919256358
Aars,734.1191941933525,1041.7592821145724
Lmna,735.0210838900196,1031.28543633982
Polr2e,736.4790262952579,1031.5508505056373
Pkm,733.9344562521012,1030.4826576303024
Vim,735.3431565942778,1029.5674079624987
negative_control,733.801123892277,1030.1771956824336
Hspa8,735.5624584421959,1029.5680039222968
negative_control,735.4204820841996,1050.8674350971569
Lamp1,734.8795757074163,1054.1718481913222
Sec13,735.6912999666783,1053.195626165278
negative_control,735.1284329342559,1055.3758221054734
negative_control,735.2027679406989,1053.481529088021
negative_control,736.8587817379221,1054.815817906618
Xdh,738.0431157325417,1059.8442681395204
Vim,736.4247521985628,1057.6349693113325
Actn4,737.1239207223382,1059.086014479617
negative_control,735.8175204835201,1058.8391917879558
Prrx1,736.7109742221104,1059.8283236531815
Myc,737.7379215419171,1066.4229531884753
Prpsap2,737.9933976955082,1066.6759287175282
Rpsa,744.0026163182716,1075.6201600125837
Prrx1,745.8265760957869,1052.1051138287608
Mbd3,747.0441609609959,1055.9374779518353
negative_control,748.5126302323745,1068.7969031944267
Maged1,748.5413602126645,1067.5576317910395
negative_control,748.1041286831695,1067.8065264408092
Ndufs2,389.7885635531554,1200.3466272932192
Vim,392.0490477833337,1126.2687726376057
Vdac1,402.9457570956368,1142.9739278026818
negative_control,402.88053243756485,1142.9517336113963
negative_control,402.3487813097277,1142.771768570251
negative_control,403.7962841959171,1143.4541527094968
Prpsap2,403.6049971402979,1120.5494345887923
Tomm40,404.8830155246165,1226.4352441410815
Cited2,404.2028698054864,1224.5247474056432
negative_control,405.2792615795163,1225.2578910126083
negative_control,407.5138206004111,1167.210541466675
negative_control,406.3590461238725,1167.1338741750874
negative_control,405.9798047815159,1167.1278154288768
Nr4a1,408.4804429376546,1226.38703472305
negative_control,408.25339987691854,1177.434265010125
Ywhag,408.9130130291212,1177.7610773481315
negative_control,409.7497534012693,1177.4279716287967
Ywhag,409.31453323964007,1191.3481770747014
negative_control,410.7469656871322,1109.920869171511
Gsto1,410.33261601880105,1110.738348742744
negative_control,410.43313981049937,1110.5734308721896
negative_control,411.2969206621083,1110.3968820995258
Mrpl10,410.6276756390216,1318.8109712169555
Vim,412.4910429849411,1318.5282392968718
Tcf25,411.375887378907,1320.2045858467875
Hif1a,412.3032659910156,1318.5895207882093
Prmt1,411.7248033285733,1318.9559424090824
Zyx,411.51740239436936,1240.50238567405
Ywhag,411.8668291253724,1198.4569010031532
Ywhag,415.36683393334073,1217.097564563186
Hspa8,415.3556963271159,1218.2125662453
Twist2,417.6107670258404,1144.8077195387464
negative_control,416.9435360428722,1144.7197813338062
Cebpd,418.7750362229706,1175.323602931243
negative_control,417.1745443031601,1175.7590288432216
Rpl18a,418.66232323594056,1174.7518100365078
Rab34,417.16829801229966,1175.533878562039
Mdh2,415.8228080223352,1174.8016236287028
Neat1,417.56641808399775,1183.7237665115083
Plin2,419.94031671615295,1217.0957308558952
Ndufs2,420.61360861435946,1277.5337663386986
Ywhag,420.9496196573581,1220.494096481115
Vim,422.7360404113132,1221.4499856868456
Nr4a1,421.34215398742754,1273.4008446419234
negative_control,424.2093454786842,1222.3922506920303
negative_control,423.9124421293081,1222.7093723590042
Actn4,423.4523339470561,1223.191101244284
Pkm,424.2822275139333,1223.8343686547164
negative_control,423.8364149985693,1223.1487144913924
St13,426.3038021707849,1122.6898784695509
negative_control,426.0208812991252,1122.039184704785
Ppp2r1a,428.6436448538181,1236.5270283409848
negative_control,428.8271808962848,1235.574719131684
Neat1,429.1355364734292,1094.245488150551
Ywhag,429.4876385635149,1246.6789731891718
Rab34,429.8238095735626,1311.3506877179566
negative_control,431.7980576832673,1206.86242009022
Cct3,431.69604802476215,1208.203196411368
Vat1,430.6016969427433,1209.699585699344
negative_control,431.0173434407538,1263.7442151148737
negative_control,432.3711735202156,1265.5157916740368
negative_control,430.45909334828366,1264.3736051814724
negative_control,431.2258988982436,1264.886507653383
negative_control,429.3920873099668,1264.5847574910918
negative_control,436.7086643602119,1082.5398834948264
Ywhag,439.2116651103157,1244.2187004343846
H1f0,437.66867575983736,1244.9526621830314
Nr4a1,439.627614614476,1168.5993622055091
Pkm,440.2122464497895,1136.1023711327691
Gpi1,440.1216840873606,1138.867854044072
Il1rl1,442.7889236827438,1137.870073370853
Ybx1,441.6594426176516,1137.1822875794635
negative_control,441.8395651611942,1135.6272310036725
negative_control,441.236746295068,1138.0583827715066
Igfbp6,441.4324224105728,1134.932416619374
negative_control,441.9245999439849,1137.9965702823722
Mrpl38,442.1473746838349,1135.2425305289237
Rab34,441.9471110147214,1253.5547872444936
Plin2,442.2915674063132,1214.2504854431102
Stip1,440.9538111760112,1213.4127507126284
Tcp1,442.0154098894936,1214.8658223820996
Neat1,441.4535291305703,1161.273165669675
Rpl4,442.2932225335797,1287.483457539805
Raly,444.9875331017325,1144.4024598203491
Rps6kb1,444.2723118867538,1143.9512680308233
St13,442.81779510341846,1143.44242075361
negative_control,443.2994371460251,1143.3124695168544
Neat1,444.90817367909744,1182.7902595041949
negative_control,445.9022718119527,1250.1326569485273
negative_control,445.1233303719618,1250.2337097477
Mrpl38,448.15019364960017,1149.4820952821135
Tcp1,449.496888919571,1262.2917034570562
negative_control,449.5094196664077,1088.442006686366
negative_control,448.5372077763514,1088.8955545091276
Ndufs2,451.5107275813715,1234.7308733134985
Rab34,452.8705922692411,1220.1425174133003
U2af2,452.89258550174543,1242.9167186896912
Vim,453.4976998239728,1242.5874027144837
negative_control,451.879247758505,1241.9693974043396
Eif4g2,452.3224195014466,1242.7120765414086
Trp53,452.321008218992,1241.6472851220997
Rab34,454.7747140578903,1135.585024478586
Vim,454.5581078268097,1085.9799611723322
Rab34,454.44343107932434,1085.6963045441064
negative_control,454.7970839024248,1085.4977334421867
Trap1,454.901614184951,1085.9373779115974
Hspa8,457.0455880249588,1070.0181511612725
Plin2,458.9764622552854,1231.0344817810646
Eif4b,458.2950314063093,1229.847868395723
negative_control,459.0532928452513,1231.661259252246
negative_control,461.1223687874002,1130.8044527049244
Rab34,462.4909523058625,1102.24115519489
Plin2,467.1792307794721,1195.709819898651
Plin2,470.0774505603484,1190.4925019537825
Tapbp,470.7094686736528,1211.32267522254
Sdc4,470.7489583228829,1199.9203557002636
Nr4a1,472.8236664486167,1187.8329584667042
Vim,474.3843318439161,1052.4802751393822
Rab34,477.1722625442115,1137.1458301606774
negative_control,480.0904343630159,1095.3618362698571
Neat1,487.87495701401485,1076.5021444564209
Ywhag,491.99446393644337,1167.1141470748585
Vim,494.2186501469142,1119.6860021118446
Gpi1,494.4081995028606,1119.6125575705396
Mrpl10,496.4190962785764,1056.5932237565858
Ehmt2,496.96435000340136,1140.1159186378743
Mrfap1,496.44995677818,1140.5071926472476
Rab34,502.1580473575124,1189.616320655313
Plk2,505.99601699629056,1045.7364989051184
Vim,503.65509352005614,1046.514671582123
Ywhaq,507.0218060899487,1045.702089618155
Pkm,507.08565529287785,1045.953116810788
Fkbp4,505.21244332627134,1046.3901597659983
Pkm,503.186560216951,1046.3944704862854
negative_control,513.3532583583168,1052.1020717020317
negative_control,518.7203732805959,1127.5338955299517
Neat1,519.380940187931,1076.124853965597
Tapbp,518.8986534371088,1163.1680830478897
Mrpl10,523.7329919588577,1035.714047934153
Ywhag,534.0177978501699,1036.961090545448
negative_control,534.5548847817529,1042.4966495546096
Neat1,541.063325300328,1114.382573566327
Neat1,541.703038480679,1154.6193713976593
Neat1,543.2114141901143,1047.6486098925525
Neat1,548.5027159263259,1116.004221986543
Morf4l2,548.6475476104088,1115.4586231061917
Neat1,551.8429479329459,1122.1287905755355
Neat1,553.0895734793678,1046.6365491011934
Neat1,555.0250268778789,1062.2395776374055
Scarb1,555.9009764012513,1068.9157727785953
Ywhag,558.1110378228216,1094.923172833287
Mrpl38,562.5236079002538,1153.451226502565
Neat1,567.1041539918855,1057.074597986778
Neat1,571.082016501188,1076.5197152340174
Neat1,571.5914161129739,1133.0301501470517
Neat1,572.7743736156928,1128.9121018874175
Neat1,573.7398302365381,1043.1689496316446
Neat1,575.4075366239018,1102.515357186787
Neat1,582.7687087899694,1124.7858175923009
Slc38a2,593.5886483764207,1034.042482738315
Ywhag,594.3249546842916,1034.5997018264693
negative_control,592.7269005093327,1035.7195191096116
Neat1,597.381663181953,1126.2883605455872
Neat1,598.9304928750736,1094.2266624146855
Rpl4,600.5012813755078,1035.0034065444372
Myh9,601.9574632951635,1098.6729939002691
Ywhag,608.4261638693207,1031.4320909589007
Ywhag,609.2593677683585,1060.5385407864585
Ncl,609.9483467061582,1061.302143819655
Plin2,609.6405711939864,1048.0877792904168
Neat1,616.1393459400288,1065.164436931152
Emp1,620.040236496923,1032.4036625647902
Psap,620.1758546148917,1031.6219436200463
Lamp1,619.7955138203712,1033.3192102105745
negative_control,620.1640830878599,1031.8563915909342
negative_control,619.2673093714053,1032.046188331213
Il1rl1,626.1110263248644,1065.723623885252
Oaf,626.9389216950307,1065.2021217394404
negative_control,627.6567435856907,1065.7965057356005
Arpc2,627.1175734024771,1065.7965389583528
Ptges3,631.2108889803683,1127.1998090421434
negative_control,631.9760137424248,1126.3863490468264
Ptgs1,631.0072246474954,1126.551827281942
negative_control,631.7698324186526,1124.899765347855
negative_control,630.9913517940731,1126.9245654270387
negative_control,635.2108367848537,1073.1202932911676
negative_control,640.2918726460487,1054.8644747974347
Vim,640.1028950051286,1055.1501180040584
negative_control,639.9116545271893,1055.3140747424743
Ckap4,639.6711175802027,1038.0497676720126
Msn,638.8435123860296,1037.3937383751042
Maged1,641.2434259815134,1037.6443976993014
Sdc4,639.3527898944569,1075.529385065649
Msn,650.230893706219,1075.80455576258
Paics,650.1377519637442,1075.7319986949883
Grina,649.7478815096096,1074.3238884344332
negative_control,648.0801833436713,1073.5729559544118
negative_control,652.8204783176782,1076.464332000242
negative_control,649.1843727035085,1074.464861542297
negative_control,651.3953083844762,1075.9061970626228
negative_control,648.7978421919031,1074.8033366915029
Rab34,651.7046197678992,1048.5963555396738
Eif4b,661.5264502240384,1092.061382549066
Ybx1,660.6188201341148,1091.884510087374
Oaf,659.5345449332957,1092.950657565544
Vim,658.74641128685,1092.5007329384457
Ndufs2,664.844684904321,1040.5582892093053
Gpi1,666.3485710974933,1102.8925227612322
Vim,670.9983620405501,1019.153232720462
Rpl15,670.367674422492,1020.8584137036968
Eef1g,671.3860173716855,1021.7938402088156
Rars,670.9776079332789,1020.6391823930104
negative_control,670.1630828918244,1021.090461061279
Idh2,671.7076114070522,1020.6340308729044
negative_control,669.5504481911947,1038.8182970097191
negative_control,667.5822117665988,1038.8487071027414
Kars,670.5943264328951,1040.9571189365715
negative_control,669.7538595814461,1038.9701693044103
negative_control,667.8283283182634,1038.7995312211042
Neat1,674.5694195910731,1074.6597016157752
negative_control,676.5349101552097,1039.098084442278
Vim,676.1502373056395,1039.4538774910488
Ybx1,676.7564058489965,1039.5734745485415
Trim28,677.3579869543227,1039.955258923196
Eif4g2,675.8021661448443,1040.149085882509
Plin2,678.4598754198628,1019.2302928786718
Prpsap2,681.9869952592459,1016.115323851124
Hspa8,688.5932742205923,1044.0702809369398
Actn4,697.6224756526785,1092.4251997905217
negative_control,699.1757752266991,1093.089819821582
Mrpl38,701.2214448963234,1025.9863731690923
Actn4,701.440342468083,1025.549233466579
negative_control,701.6489798206724,1025.4823363474102
Mrpl10,701.7392209787184,1031.7353371373908
Gsto1,702.2428098931914,1032.4799815753329
negative_control,701.8789233791314,1032.8597210173662
Mrfap1,702.1155739121702,1032.5183114602414
Fkbp8,700.6909387304415,1032.001906407773
Rpl4,703.4486873328993,1069.8693501629405
Prpsap2,707.757558048939,1026.1352220934248
Ssr2,707.2714743745506,1090.4838793226022
Mrpl10,708.697980271423,1078.103132558792
Rab34,714.5971873510038,1047.4190979074
Plin2,717.0840727182908,1026.8457933021134
Mrfap1,716.6547649389977,1025.8872699611802
Hspa9,717.2768700215149,1026.020938728956
negative_control,717.3972574752328,1032.8683294919538
negative_control,718.5571235233184,1032.5724845343111
Vim,724.2473545683127,1025.084321340468
Rpl18a,725.4266937880687,1024.004744600803
negative_control,724.9416161524193,1026.079700093712
Sfpq,722.4803711123767,1024.7681239434
negative_control,724.5959815584262,1025.6464560752918
Pkm,725.9340114929109,1027.4678537740442
Ywhag,727.2408767168142,1043.1330500689082
Plin2,734.785139673504,1065.0542853785505
Neat1,749.6763817666797,1070.4668103844078
Eef1g,355.69486329439417,1062.4760971472022
Pkm,374.666392026572,1146.4924297799707
Eef1g,375.6052858036293,1134.0247849155298
Eef1g,380.5688258382439,1163.977236646795
Pkm,386.3917363256335,1112.498183609637
Tpm1,391.86790953390704,1181.6509365459517
Eef1g,395.3416013071845,1122.477741090614
Hspa9,397.9217800827325,1190.445279084308
Rcc2,397.8979330681559,1189.9508941059908
Pkm,397.8542695313778,1158.7692675166754
Ywhaz,399.401028834051,1119.7784533491913
Emp1,399.19020844864974,1376.9160437835096
Mtap,399.8073067664984,1126.0285958769905
Pkm,401.3558109456063,1183.7320471783837
Eef1g,401.5243408391023,1139.065634151073
Ywhaq,401.5179681123684,1137.798128012984
Nap1l1,401.847709408068,1193.4006294421888
negative_control,401.8659993823196,1194.566152772104
Eef1g,402.917500963428,1392.1308452614755
H1f0,404.581950531089,1153.152215687291
Vat1,403.9277101021497,1186.3353320541062
negative_control,406.18350009238935,1188.1014597890571
Psma7,402.4646018463471,1185.7903713363
Hspa9,405.427703762826,1186.6527844454226
Ybx1,405.2258356229704,1186.7761068987584
negative_control,402.7579453562123,1186.8902805484272
Eif4g2,404.827651082609,1186.0893813694202
negative_control,402.4757429502296,1185.893538979146
Vim,403.8305876587992,1188.3627073019516
negative_control,403.5000457713402,1186.0586517726044
Ube2m,404.4660597640173,1213.467839913746
negative_control,403.8170758537673,1213.202634954277
Eef1g,404.6002262795447,1101.6950902423714
Pkm,405.02782367104254,1399.1511552530958
Rpl15,404.7318063167348,1171.827596250978
negative_control,404.6588284083241,1172.0550398958608
Cited2,404.5503184745246,1170.7688633213554
Tpm1,405.5400960659658,1154.4252831152137
Ergic1,406.4622191629955,1176.7484226908057
Eef1g,406.7690765864751,1175.363683172655
Psma7,405.70803384293066,1176.098726834189
St13,406.7828441570949,1175.5050715147995
Eef1g,406.9197479499362,1222.426934464827
Ywhaz,406.89042848369127,1248.375608530608
Pkm,408.0791547462619,1208.439056785878
Pkm,408.2559696822654,1229.613734566891
Snx5,408.3487152027824,1148.3458095968597
Pkm,409.53922345622186,1309.7416491260442
Pkm,409.1820778286791,1267.0557737645986
Pkm,410.196294188891,1364.9469428657037
Pkm,409.8579609739817,1218.0573532330925
Eef1g,410.3055889926805,1099.683980509199
negative_control,410.2781783630001,1163.9362389666846
Tpm1,411.0859679340674,1353.8033020714993
Ssr3,412.4083651204206,1241.9149780640146
negative_control,412.7258018740202,1243.0703090384498
negative_control,411.6267233860907,1243.4286799884435
Cct5,411.4100404266554,1183.9934648859178
Eef1g,411.884709884783,1184.68407245261
negative_control,411.494393755459,1183.8650974658633
Pkm,412.7701825965005,1150.5527311424476
Vim,413.98030301871904,1239.18021462199
negative_control,414.39528122752097,1237.987159122482
Mdh2,413.1808089446631,1238.3006581489426
Pkm,413.21911252901873,1237.8884277079296
Eef1g,412.9898014905621,1068.4411594254802
Rab7,413.8038424445415,1382.173094188558
Pkm,413.016589742954,1267.8830468246135
Ywhaz,413.5685174065725,1323.0086186276533
Eef1g,415.10831152368553,1156.6373130021
Tbrg1,414.88597587005785,1092.290514913268
negative_control,416.4749427812649,1091.9922662578012
Pkm,415.8597990308584,1277.8193519472488
Rab7,417.2721026049161,1224.85178311733
Ubxn1,418.4328091911178,1218.314202847716
Rab7,417.4377498503183,1218.0114102940931
Rpl18a,417.8243602252171,1218.115674523934
Mrpl12,417.1537362232178,1217.2816725586056
negative_control,417.6934148287511,1219.4739237322376
Eef1g,418.486016322089,1388.5164131352208
negative_control,419.8809770193745,1191.1119864142397
negative_control,418.7687103701482,1191.286784000658
negative_control,417.8959227056061,1191.093996609629
negative_control,417.9332933041467,1191.412665568402
negative_control,419.4371204419516,1190.6784181923872
negative_control,420.23181075307616,1190.817005115233
Tpm1,419.11551416489584,1096.0698567929833
negative_control,419.83543060048834,1096.060868070898
Taldo1,420.1091620838856,1097.0487952877031
Pkm,419.3611189062896,1318.4863745912553
negative_control,421.2442747138085,1211.516824345777
negative_control,420.65799591388384,1211.56975187435
negative_control,421.7349355613188,1211.756779476534
Eef1g,420.8264825048751,1197.599081875677
Pkm,421.056278655157,1169.8069026323308
Pkm,420.6006550953585,1087.9158578743752
Pa2g4,421.8106009496504,1247.842219457282
Rab7,421.9803016518068,1221.6667931452523
negative_control,422.678401437652,1120.5925819316908
Vim,421.8681368931312,1121.296434409083
Eef1g,422.5789356526432,1088.7096548528232
Emp1,423.0761904268943,1109.849776695646
Ywhaz,423.3116769298452,1310.0516632363174
Pkm,423.0369004994362,1178.9244311184711
Pkm,424.5273478599471,1207.255397101679
Tpm1,423.4338365797375,1259.3825859381682
Eef1g,424.11628044775983,1213.444194083698
Pkm,424.9683537706848,1342.5157509991634
negative_control,425.0860806565158,1256.4914863535378
Eif3i,423.48976377784754,1287.2567001498294
Rpl18a,424.80936714005776,1236.798834129459
Tcp1,425.6821822923832,1237.0325433061105
G3bp1,423.9551853072441,1235.654952811975
negative_control,426.1828732360239,1277.9972174695592
negative_control,425.4829560295228,1278.4946796419931
Pkm,425.4142557730244,1105.588690783818
Pkm,425.4536023637594,1134.7137515862062
Rab7,426.7844304046772,1189.960309189645
Hspa8,426.48981558990937,1249.977899204002
Junb,425.74762874110206,1250.4754769137833
Tpi1,427.40008099117375,1203.0203654410789
negative_control,428.9896804117964,1203.9631259691066
Pkm,428.1885215488738,1270.2525259433096
Eef1g,429.0377230424166,1153.5867735626764
Pkm,429.31577869510375,1241.5528242595367
Eef1g,429.7010120071883,1179.3007719835512
negative_control,431.1774898400018,1173.863153443638
Pkm,431.0338281257373,1310.5447354374382
H1f0,429.7629912766848,1104.6041729498356
Junb,429.61212751924165,1104.7862301278062
negative_control,431.0175309314455,1105.1287466058216
negative_control,431.2639329055496,1104.9428673756338
Pa2g4,432.330617588647,1216.2740816972228
Pkm,432.5773862047405,1132.3054033881208
Raly,433.4589436339648,1241.8806211848987
Pkm,432.2546965588744,1243.0300263569943
Pkm,433.3621996510348,1208.059904896244
negative_control,433.7311157612846,1342.8222880141368
Ywhaz,433.8558546549316,1168.1894563264034
Tomm40,433.05992001561657,1216.4396408796852
Clta,432.23922603834126,1215.471467782284
Pkm,434.28467892594233,1090.8496234890877
negative_control,434.9165971523473,1154.5773617004577
Eef1g,435.1528392765763,1303.2719041047249
Eef1g,436.129241823847,1248.6960945433668
Idh2,437.0099952361079,1247.4429659139953
Tpm1,435.3546488247208,1309.8291697205325
Rab7,436.5481511582592,1211.677142934135
Eef1g,437.0785224184658,1255.1957939304275
Cox7a2l,436.5931327624585,1088.880315584811
Vat1,436.2005643923226,1087.92274046815
Actn4,435.949546817968,1104.6452847536802
negative_control,437.0525113750927,1104.9792595056388
Timp2,438.377237294876,1205.672583551214
Rab7,438.9844722310537,1303.040037911774
negative_control,439.8803485033949,1104.7315176058555
negative_control,438.9714508032084,1105.0934181952696
Eef1g,440.9874612736776,1181.707739489987
Rab7,441.89770968760223,1293.9182668845542
Eef1g,441.2382955276372,1074.704256157871
negative_control,441.6458666665063,1247.1544348141915
Pa2g4,442.72718006637473,1253.2644927455965
Vim,443.3667558650096,1128.8576180190212
Eef1g,444.10262896144457,1129.228021969839
Emp1,444.6357445377655,1219.4168732991095
Fus,446.2140174954809,1219.6578781291255
Vim,445.60857517148486,1218.726276522195
negative_control,443.5337528538993,1159.8166640157824
negative_control,443.65511783762486,1159.741904974042
Mdh2,442.9442436620391,1158.8969169176037
Fus,443.39989409449055,1158.901999326625
Cox7a2l,445.5729081131857,1106.192641960751
negative_control,446.1174704246837,1247.8554171899636
Eef1g,445.5146569236226,1248.9648819959757
Pkm,446.409886217812,1146.3920923980836
Pkm,445.898592240144,1075.4934746918443
Emp1,447.1906229650258,1167.5995794973746
Ywhaz,446.5530823783391,1252.0044644269617
Pkm,447.10708930557286,1139.618427753805
Hspd1,446.6425156625028,1086.566746218644
negative_control,446.3618543272055,1087.2728104925516
Gsto1,448.6743489453904,1088.1000253887692
negative_control,446.7978490669791,1088.109050402069
negative_control,444.6020168422373,1086.3859062158915
Psma7,446.5274563209487,1210.7411408765022
Ywhaz,447.3417341612413,1212.2169648447302
Pkm,447.7794493272416,1094.2399570250625
Pkm,449.033031883891,1131.7894180162791
negative_control,449.5516352959695,1190.1048335844114
negative_control,449.0522140653033,1188.8795644803386
Polr2e,448.2687200351532,1189.1924787929756
Mdh2,448.4764417223658,1189.8668838073568
Pkm,450.615486189187,1258.3955105790913
negative_control,450.5300742151222,1084.5597965332968
Pkm,450.60224428118505,1083.252828729427
negative_control,449.6674078912554,1084.319810510391
negative_control,451.2756838289878,1183.3795154021318
negative_control,451.37996793444734,1183.8909129965
negative_control,450.9085854861031,1183.2699210482265
negative_control,451.3142488557132,1096.206113584588
negative_control,451.8154803471258,1096.5150268485183
St13,451.3165186937728,1074.365630053948
Pkm,452.20421659029546,1077.130451134053
negative_control,451.958800826902,1076.3953689352102
Twist2,451.1088055801434,1075.5151711356662
Maged1,451.9247532733402,1077.6698211357298
Vim,452.32399009187225,1178.974035351592
Pkm,451.6186892297087,1179.3189440822732
Emp1,452.8821815673391,1181.1794435190966
negative_control,453.5814466927944,1147.645930209637
Eef1g,454.2238850612835,1223.032912684159
Pkm,455.0221313127141,1093.9788708907986
Ywhaz,457.33757050262966,1251.2723339527176
Cox7a2l,457.8541359840199,1103.413256224142
Pkm,457.2872869494332,1230.0585318352864
negative_control,458.6161363580516,1238.4162028852884
Sec13,458.7634473605512,1240.3669530421475
Vim,459.22144540682496,1237.082219783652
negative_control,457.6952377273636,1240.344452282506
Rnf11,459.18108326957656,1238.2243545657475
Pkm,458.9266913468515,1106.8040936693988
Pkm,461.0055610776434,1125.1902378181428
Cox7a2l,462.0134637638562,1234.8357558813725
Cox7a2l,461.9341953143116,1156.9876894607546
negative_control,460.4359677145977,1156.6388658565288
Eef1g,464.1878309132095,1075.2209533818384
negative_control,464.664319698711,1069.6456050721702
Ywhaz,463.8863407609681,1067.8568390946248
negative_control,464.0854963193484,1068.4092048638402
Arpc2,463.95707395830055,1068.548417355125
Emp1,464.0347587105765,1080.3147973786397
Pkm,465.3416402172493,1120.4218822248215
Eef1g,465.78470027541056,1105.2363303624295
negative_control,465.22816801192425,1104.359992573437
Eef1g,466.2299698713008,1071.3030651969148
Eef1g,466.84691834198713,1180.9285054840518
Mrpl12,468.2563522849354,1113.9034528582763
negative_control,470.0667357039239,1112.576902450369
negative_control,469.4709648596784,1113.870168399555
Thy1,469.5476594951363,1111.7857945393646
Emp1,469.90399792475466,1163.8477471111153
Pkm,471.8631599036536,1225.7768296617453
Ybx1,470.3000843439066,1191.356515736284
negative_control,470.18028102049306,1190.8821817615406
negative_control,471.23131459219945,1212.6097573885486
Emp1,473.8974035730417,1186.7687038341687
Igfbp6,473.88669477816177,1186.468688430576
negative_control,474.2881481447481,1186.3565029797114
Eef1g,474.2481723078657,1070.226020058293
Ywhaz,474.4702187717154,1062.2645191509978
Gpi1,473.9646567437188,1061.6465603918084
Emp1,481.0383327712915,1144.615728003452
Eef1g,481.1947701324152,1185.6671779785015
Emp1,482.2389832293686,1154.4744349875673
Pkm,483.230405187665,1088.235462682205
Pkm,484.6448875130542,1063.693734589215
Emp1,485.1189909554341,1130.1892437415188
Eef1g,485.48380264711454,1138.863532788179
Emp1,486.208097809141,1077.8153791938018
Emp1,486.5527420928948,1195.8466806680892
Emp1,486.7802673614424,1108.5873741132566
Pkm,489.5864483048994,1177.8303652419456
Emp1,490.1515974626646,1150.104217042748
Cox7a2l,493.6877622319764,1173.2523289043356
Ube2m,495.30587433058287,1123.0244159890276
Emp1,496.3849138565576,1164.0666604437213
Cox7a2l,498.9091474682887,1121.198355006213
Vim,499.83958117674746,1190.7743239977726
Emp1,499.62066670556095,1189.3157987975046
negative_control,500.5480236600898,1189.9079036642677
negative_control,500.6574786239254,1189.898893156101
negative_control,500.9466236390696,1182.8178028126304
Pkm,501.5394069733921,1037.2761576661885
Pkm,501.01545556792377,1115.938990156455
Eef1g,502.204334428159,1170.3955867618977
Emp1,504.2323849385487,1078.128942564651
negative_control,503.4983679415965,1055.750277739906
negative_control,504.0294870173202,1054.282734589513
negative_control,504.3194072476076,1053.021140482196
Eef1g,504.4556121801843,1137.111762941272
Eef1g,504.5107667181077,1155.7698071362693
negative_control,505.7945528926264,1180.48586980754
Eef1g,506.20950385196926,1131.1655311761062
Pkm,509.393444443372,1064.6360116290189
Emp1,509.355758142112,1118.6387504160778
Emp1,510.0409846833485,1157.9277055541538
Pkm,512.3001684992362,1060.7297867895309
Pkm,515.0824921144346,1176.4973938635983
Tnc,514.6219030004304,1176.3395407007465
Emp1,514.7473766028028,1126.4572457829447
Thy1,519.2156228681091,1158.9963128909485
Emp1,521.0771447753596,1072.3150025620334
Pkm,522.359335851994,996.5923409821692
Vim,523.2971681282825,1133.7435962759314
Eef1g,523.199352539471,1133.1719366962534
Ywhaz,523.6741136250738,1054.1473771618996
Eef1g,523.9761662174947,1041.4798924410802
Eef1g,528.9003496239467,1049.2021334316737
Mrpl12,534.2515483938608,1034.6306666101602
Tpi1,534.0061342140426,1034.97946871775
negative_control,533.0255140214924,1034.723677231525
Malat1,539.7424786670715,1050.995508858729
Eef1g,540.3042294670671,1162.122382498257
Pa2g4,544.0746834537634,1040.7319579444516
Pkm,546.2655048180327,1072.7605602046349
Pkm,547.5561272377178,1067.0379428274148
Eef1g,548.222154214037,1092.5606529160514
Pkm,549.2240919930814,1072.380666231444
Eef1g,552.4074421055501,1106.0553949373566
Pkm,552.8726651117798,1090.675425989268
Sdc4,558.0904881751683,1046.0254659488066
Timp2,557.2862873040365,1046.0801823346485
Emp1,556.1850140175771,1046.3302212120052
Malat1,559.381262432295,1046.3280440933102
Rab7,556.8038469686909,1152.547765874689
Ywhaz,557.685138987737,1085.5750912526755
Rab7,560.7446991741576,1039.3562393002728
Vim,562.1414878654535,1039.1855314780382
Pkm,562.5267098165087,1072.3853470557904
Eef1g,576.0510008648255,1102.1217744187215
Eef1g,577.3145084445059,1039.4324958664172
Eef1g,578.7824478079738,1054.7512278917975
Eef1g,580.1775979975504,1092.0429934198194
Pkm,586.6669807859662,1112.8044912015723
Ywhaz,588.0024636171047,1040.7246659731168
Pkm,588.824039561128,1046.1778648471443
Timp2,589.6697347703081,1135.0736460582025
Sdc4,589.0835167360278,1135.2477998294305
Emp1,594.3204152192905,1105.5521225367147
Pkm,593.6555340843249,1061.9013626899025
Rab7,594.5761131332132,1033.236762249708
Pkm,596.5432645674949,1142.3641125470472
Ywhaz,596.8387177020772,1090.9407318836177
Emp1,597.671679907606,1039.2021015789985
negative_control,599.2885604148006,1090.576944501224
negative_control,599.6014240442635,1044.2721989652714
Emp1,602.2679413663064,1084.3099771732452
Pa2g4,602.060630162898,1060.735555400135
negative_control,604.0322194728127,1118.4481859181749
negative_control,604.7162117265987,1039.141223230976
Pkm,604.4319342801286,1040.3854752717527
negative_control,605.455137509835,1040.1695228848955
negative_control,605.0681308302369,1038.824436838202
negative_control,605.1890126520402,1040.001305868793
Emp1,613.7063050498318,1032.7870868025786
negative_control,619.1448478496675,1050.9097742582742
Pkm,616.9323829980653,1051.4346049831422
Mrps9,618.0059164217603,1050.566274828548
negative_control,616.988903741476,1069.4384495706695
negative_control,616.7211990919939,1052.6078673671882
negative_control,617.7360655858246,1053.015932109694
negative_control,616.6311275007747,1052.9767281083873
Pkm,618.1643496326137,1103.157301362182
Emp1,618.2705444970271,1132.28975764878
Rab7,618.4518613811772,1045.1046841141938
Timp2,618.5094009115787,1045.009935826126
Pkm,619.6764103282516,1095.275030028968
negative_control,620.3233971831629,1082.5977065814425
Mbd3,619.2512313206747,1116.9899322785377
Pkm,620.2324029137743,1117.0386758664044
Ergic1,618.8555801574194,1116.8982851117707
Pkm,620.5835381261991,1039.6674501940122
Pkm,620.8204811932205,1060.516798753145
Pkm,622.8101022853766,1107.4647914585084
negative_control,624.2037676008846,1057.7154593340233
negative_control,624.7567168957639,1056.9353397564578
negative_control,623.2420186338012,1055.6372052691308
Eif4b,623.1614970849555,1058.079937483791
negative_control,624.1011368290181,1057.8475908915148
negative_control,624.3201699270428,1031.295088347751
Snx5,625.0955068240114,1029.8486585129249
Slc38a2,623.9599011241754,1030.6332042401534
Emp1,625.1270623119685,1126.9389237754713
negative_control,625.0901386006204,1128.1439736315715
Psmd4,627.1979926345523,1035.7734255930952
Vim,627.9775332303143,1037.2004516415618
Pkm,628.1972737720645,1080.790322002989
Eef1g,629.3949305776731,1063.5734650912282
negative_control,629.7893908032934,1114.593000312845
negative_control,629.4519000638127,1032.228052643089
Got2,636.701752281066,1081.713248266532
Rab7,636.8129664665165,1125.849282987465
Tpm1,636.1476737153575,1049.8616229064874
Eef1g,637.6199594737312,1030.8056620190491
Pkm,639.0552078375787,1038.9973152137115
Pkm,640.917836503885,1105.424703410176
negative_control,641.0293745309085,1121.8499309799795
Emp1,640.9740791155127,1121.7550025724163
negative_control,640.6062347492996,1122.156621824257
negative_control,642.3267808533703,1053.3138176201696
Emp1,642.2898080499189,1079.3914093169797
negative_control,642.3349346092386,1032.0447579933211
negative_control,641.9181849907627,1032.1580422685242
negative_control,639.1458504055834,1033.887102158939
negative_control,638.9489188278943,1033.892832393345
negative_control,641.2585604024525,1034.788852303265
Pla2g4a,640.3799918540647,1031.93544815751
Sdc4,642.2256983137133,1034.8176512532418
Pkm,644.2760954042735,1042.1593161696535
negative_control,644.8115919622576,1090.2950137784146
negative_control,644.7012087243124,1091.7719464819454
negative_control,645.0879536179068,1089.4376139279009
negative_control,646.5500143705083,1047.782270986213
Zyx,646.6132358992942,1049.4364519052542
negative_control,645.1651229596395,1048.2026384709463
Ddx17,647.7977917781648,1048.1999326325622
negative_control,647.4710852175377,1048.8968286192824
Pkm,648.0114575340839,1111.267695147596
Pkm,651.7559645243532,1063.955455619253
negative_control,652.9327185358987,1025.307166160538
negative_control,651.0461345723036,1025.0274076147964
negative_control,654.2872050435847,1026.136489474335
negative_control,653.6548493412148,1025.779803278941
negative_control,654.0260141616279,1026.4165445661913
negative_control,651.0390794624959,1025.5647793314126
Pkm,652.9311685070409,1084.7998118451787
Pkm,657.0352516575001,1050.2502988653248
negative_control,658.7719069891785,1032.7729450136817
Pkm,659.6150647558038,1062.2657101663794
Ybx1,662.7306747242363,1023.4977788366272
Pkm,662.3662485645149,1098.3025385927958
Pkm,662.8834318425868,1115.4292639142989
Pkm,663.7787522508766,1053.9190538937785
Rbm3,664.660032036731,1092.6194047034055
Mtap,666.4205832097833,1090.282625472113
Sdc4,667.7706492742107,1090.5001571999294
Myh9,662.7452970687007,1091.9786795619218
negative_control,667.048282891355,1090.2207933314016
negative_control,665.5507713105173,1091.4428725291025
Il1rl1,663.2600047777902,1093.1497364364998
Mrpl15,663.5824031765849,1092.8400994689491
Vim,664.4231632073381,1092.329473805538
negative_control,665.1810349173577,1092.484253068216
Rpl21,667.2445923455177,1089.4641859970257
Tsc22d1,666.9844795020076,1090.8449535524014
Vat1,666.7426711773735,1068.0543516476478
Fus,667.0765313952145,1067.142124097139
Pkm,667.2376626435642,1101.1418959160465
Uck2,667.5537320671825,1034.6536785647388
negative_control,668.7188186801404,1034.364236704903
negative_control,667.7253729082092,1034.009112253141
Vdac1,668.6928293023916,1034.5817305814337
Zyx,667.5774921513948,1055.23390992503
Sdc4,668.2897278216756,1054.4138351953484
negative_control,668.0058734872828,1055.9473170927636
Prmt1,667.3343522574705,1056.9437998593862
negative_control,668.2311096179451,1056.3354181673978
Igfbp6,671.2534450777785,1095.083559856284
Vim,670.5646556463032,1095.3557225213772
Emp1,671.0586137273685,1096.5843377856247
Arf1,671.8990002506464,1042.532550018755
negative_control,671.6058333820397,1042.911604082033
Pkm,673.8722848448276,1053.499466165045
negative_control,674.0703912517635,1020.4934347208
Vim,673.9061509194082,1020.6182736240164
Pkm,674.6642260469881,1022.4290428165262
negative_control,674.107327981496,1021.2646195149762
Pa2g4,676.0313542667138,1058.8320147643872
Eef1g,679.7888349717672,1025.89370775842
Tpi1,678.9796516489531,1027.128795196713
Pa2g4,682.0428468903893,1053.1750891209686
Eef1g,681.8141373672872,1021.4262568494584
Pkm,681.1430246810789,1080.3052352969237
Pkm,683.4473881112478,1069.6839220539416
negative_control,686.625789048423,1018.739510752272
Pkm,687.818956549256,1093.6434170077482
Cox7a2l,687.4200776557311,1042.2477263769708
Pkm,689.4825872460987,1039.524679745289
Mrpl20,689.3090277986114,1046.0787827085603
negative_control,694.1720872912781,1013.7393894252403
negative_control,692.9353124919547,1014.2621258338602
Eef1g,694.2736039526956,1095.405002439724
Emp1,695.1035248430355,1015.1322143556548
Rpl18a,696.022927364559,1049.52061579495
negative_control,696.0546424168185,1049.985098833573
Pkm,696.8078620593476,1075.9971510302923
Pkm,697.4055540788044,1039.2943167459755
Emp1,700.7433025886149,1094.4627582128187
negative_control,700.0462335759413,1093.8471960030877
Pkm,701.8442463348947,1038.9101278807814
negative_control,701.8753744051905,1047.3953103365134
Emp1,702.2742980669167,1047.7069064174489
Rps6kb2,702.8500351070129,1045.9046303927855
Pkm,701.878446898535,1029.6967425322537
Eef1g,702.4891321972203,1012.1269720827624
Pkm,702.9796475153539,1065.7205895886557
Eef1g,703.9139866941373,1076.053768604689
Pkm,704.4336641315894,1078.3286926325427
Ywhaz,705.6409643349291,1034.3141190637843
Emp1,706.5554625045193,1071.7250385836817
Pkm,708.2923556007925,1005.6695234273172
Gsto1,708.4872309629629,1058.1295183037564
Ybx1,708.2812433242464,1058.0584296827496
Vim,707.1835193373213,1060.961363782771
negative_control,707.9164876460376,1058.6882976219897
Sf3b2,707.4341847564874,1062.4017048853711
Gpi1,709.9917288937127,1057.5043650875728
Pkm,710.1748954852399,1080.33254114521
Pkm,713.2448596822993,1017.653674724722
Eef1g,715.944317372951,1009.325927196512
Snx5,718.2081728115262,1043.76911051271
negative_control,718.0682813330476,1028.3837302660604
Ywhaz,726.268062185824,1076.5214306782234
Npc2,726.678269732972,1058.81264909957
Emp1,728.2963855805708,1046.8010536102624
Ube2m,730.712129366571,1019.1023357149196
Ywhaz,732.9351113928474,1080.322498269792
negative_control,733.1413604897764,1068.9222390143914
negative_control,735.4379770225146,1067.001738005883
Rpl18a,734.6111311118372,1068.6427578274363
Tpi1,733.6055074041958,1067.8647286118446
Eef1g,734.2786902975834,1067.0117962907111
Eif4g2,734.2059877868817,1072.6081218208444
Pkm,735.8744161075447,1056.3053267164885
negative_control,739.510025974992,1076.176221621521
Cox7a2l,738.5439624684645,1078.1683060941746
Pkm,739.8110276287427,1077.0107274527782
Eef1g,738.4756947063306,1038.3498976664685
Pkm,738.412897430075,1043.3352666865353
Pa2g4,740.7441397215455,1058.7215086451783
Pkm,741.3302954124226,1073.9326622017638
Eef1g,741.3233930980525,1033.3488163710492
Pkm,751.4120118020612,1057.839994251566
Nudt9,751.8448232961412,1057.7007029875572
Pkm,751.6713796207448,1049.7387034556823
Pkm,753.981682261722,1073.7023527317317
Vim,756.5429302357634,1072.3031142982004
negative_control,756.6250505385633,1071.7663446902377
Uck2,383.6226982940479,1097.7996765006335
Ugdh,396.4480331836997,1159.832650758116
Ugdh,396.82411015882207,1175.7890912765906
negative_control,396.377492224993,1177.3817549453383
Uck2,397.5843308242488,1095.4926550635355
negative_control,400.5173796812661,1213.4815295952892
Nedd4,403.2157797933538,1156.5848146901212
Nedd4,404.0890700033972,1230.3611187563256
Ugdh,409.4845902428307,1193.0010163522534
Gsto1,408.4160772877645,1194.1720099015947
Ugdh,409.8866578694386,1204.8086792911297
Cct3,410.0580747652429,1267.4345268955303
Hspa8,411.2309571120745,1266.8868136685485
negative_control,410.6843163567213,1266.4058419047706
Ncl,411.6065412354657,1265.910362590288
Msn,411.0029006968197,1200.4086718555009
Cct3,412.1216774438569,1357.068377554675
Csnk1a1,413.89428006916376,1189.5006349849157
Ptges3,413.8163696688464,1117.554262363151
Nedd4,414.7709438703597,1264.4455697437054
Cct3,415.4075881722763,1362.5770148481902
Nedd4,415.9954410157864,1329.4740465465663
Cct3,419.107813054923,1353.9814454457469
Lamp1,419.8956551421516,1086.1830999759654
negative_control,420.4240302020227,1087.1226152186362
negative_control,421.97655700596863,1207.328671170474
St13,420.2976569305076,1208.981700754107
Nedd4,421.3316917292898,1101.3406844636663
negative_control,422.4418148073348,1126.105531221987
Nedd4,425.3324041420408,1226.9588172621654
negative_control,425.26468905766,1226.6172547746178
Trp53,424.7804289161312,1226.7355797547204
negative_control,424.9641638906944,1226.880435324679
Nedd4,426.4799974160567,1337.690565950747
Lmna,428.4700853742787,1128.4279239122577
Sat1,429.8118873484409,1086.6824311598823
negative_control,430.2750553653291,1181.245994516909
negative_control,431.64420891449095,1236.6617674158483
Ugdh,431.3863112858496,1164.189528546268
negative_control,432.4047007165661,1119.6333592163635
negative_control,432.77810737921766,1111.0114438746768
Psmd7,432.7424251404053,1110.7649935812838
Nedd4,433.7661544461786,1109.39385058307
Xdh,435.1193720047438,1165.5867549834456
Stip1,434.9961903855455,1165.2554552276115
U2af2,435.979530881285,1165.1052840391571
Mtap,433.7461310029845,1165.3389685729194
negative_control,435.4023642390523,1164.5762747240556
Eif4b,434.56121493606224,1224.911096627572
Fgf7,435.6986270789805,1134.7971190955964
negative_control,437.7599529573946,1134.6716496017386
negative_control,435.5970495570364,1134.0006984484812
Lmna,436.6527767073576,1135.329415438444
Ugdh,437.23374369581694,1075.7809395858835
Ugdh,438.04138766514825,1287.3743213620332
Sf3b2,437.6510326986872,1286.6241614785718
Ugdh,439.1415323600319,1083.0785835625966
Vim,437.72407697002086,1182.8110378067654
Cct3,441.2286811055607,1182.7153168047246
Junb,440.7899444070016,1183.010487307521
Rnf11,437.7762528823336,1184.9500192375003
Taldo1,438.8875030262733,1182.9602083362777
Ptges3,442.204189574001,1097.567327738795
Rbbp7,442.1236565271607,1098.6096070204042
Ptges3,443.559987462883,1259.6101616592018
Eif4g2,443.5655392983136,1258.9184410927287
negative_control,441.3892548370855,1237.4850485046086
Hdgf,442.7473076230021,1237.6309040763645
Mrpl4,443.4685412818566,1237.7882498738838
negative_control,444.5394127130296,1238.9226744016842
Vim,445.02434241022416,1222.2436956086408
Csnk1a1,445.2687520556679,1221.5807787025767
Ugdh,445.891981283096,1240.9127140119845
negative_control,445.4277947922136,1240.3500173203847
negative_control,445.61983901532267,1240.4467826047317
Cct3,447.6404070719132,1198.2793226906049
Vim,448.8679411583143,1186.7135438877278
Prkcsh,449.5785904226044,1188.0518384750828
Ptges3,454.8014235000812,1070.392734486447
Ugdh,462.933473020445,1208.3751878965434
Cct3,463.8863201219675,1237.0045628863018
Cct3,465.2011120082534,1192.570564796957
Ugdh,466.1212654213678,1228.9341080415206
Nedd4,474.5712375166813,1065.0662337805477
Nedd4,477.0000242263552,1135.0863906652585
negative_control,478.8182602855896,1117.846587303194
negative_control,478.9147619062674,1118.356987184501
negative_control,478.57013500952513,1118.6109530877352
negative_control,478.4955248736028,1118.30107086191
negative_control,478.7478843016546,1118.8581166497895
Ptges3,483.4010976331808,1108.8479492890608
negative_control,483.5230101090642,1107.2642561310415
Vim,490.3202394988787,1082.593711261062
Fus,492.0781391598976,1082.9054788169526
Snx3,491.9448195362821,1084.788200387166
Kars,491.0383783724,1081.7649084901043
negative_control,491.1487497581351,1083.9176337654023
Ptges3,492.1324194961,1044.8588669932208
Thy1,497.0189004582095,1168.3090801618685
Pdia3,496.62404523012674,1167.7234670304808
Myh9,500.5052649319262,1088.6786531487398
Snx5,496.8024974236067,1091.5839338284663
Hnrnpk,499.30856587287394,1089.1066429179666
negative_control,496.9795441989744,1090.279680049062
Rps15a,497.393673356907,1090.5106100272408
Nedd4,499.30853715500393,1126.3297757875216
Ptges3,500.8243090074503,1079.8450549758782
Ptges3,502.8646963082311,1044.2594023173335
Gpi1,511.23668889052095,1049.2825994979685
Cct3,519.051116581716,1173.6516924400958
Vdac1,521.5888051380998,1063.6943336246634
Nedd4,524.0838579224055,1058.002382502914
negative_control,525.6010868267417,1045.0766674835272
Psmd4,524.3576847535089,1046.2402315759373
negative_control,525.6488436283738,1046.4482935011974
Vim,525.4315860344709,1044.3327667761384
negative_control,525.3609084961599,1044.9422508165635
Malat1,528.1074806176907,1054.3970125005478
negative_control,525.9897035306702,1053.4765896505223
Nedd4,525.6832656419215,1052.874622326714
Csnk1a1,526.4201852807611,1052.8325845181348
Nedd4,537.522251794737,1056.627924026
Nedd4,541.3614370542871,1077.897515435364
Nedd4,551.9261606546778,1158.2073579172804
Nedd4,565.1267299807448,1070.6460957550432
Uck2,587.1746865697322,1096.3791888183844
negative_control,600.6044969382652,1053.8768603617214
Timp2,601.5858475517281,1054.0922381207283
negative_control,602.0308484888623,1054.3720080132766
Cct3,605.8987183141483,1049.8509466014473
Ugdh,611.3776079258276,1054.065966943691
negative_control,615.7774762310964,1050.054602227254
Uck2,617.9870530550565,1060.3941509547778
Scarb1,630.925010722204,1070.3033880316252
Mrpl4,635.6600103133495,1078.630320085621
Rpl18a,643.2320768874915,1093.8430128151426
negative_control,642.9611579963243,1095.2263440477
negative_control,643.0147704912868,1099.3810386710802
Fgf7,643.9900768364693,1086.557070264771
Tmbim6,643.7149861911684,1085.5045595625472
Xdh,643.7446364558604,1086.1222429338611
Cct3,644.1232558130696,1087.2444485932997
Zyx,645.8620899749984,1076.6124268675612
negative_control,652.002247187366,1057.007988784922
negative_control,655.9416099175289,1060.4939021662417
negative_control,655.7763772272016,1043.431577896907
Mrpl4,657.5693362236517,1032.1696802761376
Cct3,660.1921843487305,1115.622385860175
Ptges3,666.5219232845018,1085.518351186945
Nedd4,672.2185040886171,1114.9973458499362
Nedd4,672.0189575441399,1047.166458410987
negative_control,684.4049799592748,1089.0406548896144
negative_control,687.1490871354969,1020.5768512964564
Lmna,684.2943880579968,1017.7338837138292
Msn,685.0158486493535,1019.384764512498
negative_control,685.4944969707103,1019.6717285491334
Vim,685.2038963680487,1014.4281181641433
Psma7,686.1192892386861,1014.9356430192277
negative_control,688.4539191812619,1035.36756105747
negative_control,688.7530814971765,1035.6034709207656
negative_control,689.0919562676185,1035.7162827011616
Sfpq,689.5879740083548,1035.475323589907
negative_control,696.6964458610366,1048.6037378427395
Eif4g2,701.4352835678649,1044.8685626596807
Rcc2,701.2841350818804,1043.937122667098
negative_control,700.1196885183832,1043.508179754846
Rps15a,701.7264653442282,1045.9079115179352
negative_control,700.4887615102298,1044.8386711235653
negative_control,703.3472492605239,1067.815367550701
negative_control,703.976426358103,1078.132015432482
Rpl18a,710.253069816062,1091.061160474001
negative_control,710.9952230710596,1091.8200662116087
Ugdh,710.9705515419546,1087.9481892699898
Oaf,713.5036854956377,1024.2194932024968
negative_control,717.0382900911861,1024.2742435942928
Rad21,713.4556492972943,1024.5606078691665
negative_control,714.838969275431,1024.3851375674292
negative_control,713.1873847594354,1024.9286033321564
H1f0,714.3177493570031,1071.554759281774
Polr2e,714.4690122007446,1070.8908479333932
negative_control,714.9470151040985,1070.6756723521428
negative_control,713.1269115952674,1070.4880261208436
negative_control,714.4886755094403,1070.2733267864237
Cct3,717.021878465672,1037.809430305771
Tmbim6,721.537534333276,1021.5710018266356
Ptbp1,723.4916898901238,1029.2380010225231
Rrp1,722.3060179641561,1029.5648845665028
negative_control,723.1130608535668,1027.705467975587
Ybx1,722.7275030400554,1028.6957359754715
negative_control,724.2616978224489,1048.806124370939
Ugdh,725.192001924011,1080.14604356401
negative_control,725.0588985497708,1078.420716950519
Myh9,723.6806963796919,1079.070966975618
negative_control,725.8420855438749,1077.1179625847724
Ugdh,727.2478958796465,1033.9835665971225
Rpl18a,727.9300112031982,1034.275817441741
Cct3,727.1405927154424,1044.5737275051415
negative_control,728.1868964827497,1058.8633486715448
negative_control,733.386367347159,1080.6450797561902
Nedd4,742.8584062962284,1065.361946892379
Nedd4,744.1037271088071,1054.3809122635762
Zyx,747.4677251985538,1071.755062634065
Nedd4,751.4628858688022,1064.2141568068942
Nedd4,751.8173710727774,1051.5237743567006
U2af2,405.8197214742554,1158.5725663617438
Tcf25,408.3338889937344,1125.335134582513
U2af2,409.376355463497,1317.530699987419
Eif3e,410.0680080021479,1153.6705179207318
negative_control,411.3903729457536,1235.4668652521502
negative_control,410.86935341047536,1236.2642149057438
Got2,410.0873245644543,1221.7989249201933
Eif3e,410.3829681502101,1173.458665173227
Arpc2,412.17268750402167,1119.011735620163
Arpc2,413.37879758065895,1351.7712030519258
Arpc2,413.9349262908461,1183.758116641348
U2af2,414.4170821037865,1328.928690501553
Maged1,414.2349382174108,1160.30712216825
Mrfap1,414.0925563555193,1163.4509517607023
negative_control,412.4556174699396,1161.522181699787
negative_control,414.65957885165056,1162.7155140142263
Eif3f,413.459691608826,1161.595812992833
Fus,416.3242918297464,1236.1029015763274
Vim,417.0265552490953,1236.2899059350418
Maged1,416.04282480309234,1236.3430862696418
Got2,417.23358979826105,1375.791558438547
Nr2f2,416.77969234770205,1374.1829571909984
Slc25a1,417.8054830281224,1376.5702892153165
Got2,417.8114884545749,1088.510048672544
negative_control,418.4052642793738,1135.7257287145494
negative_control,419.3462847966151,1222.327738882871
negative_control,419.70603285139583,1263.2164493052906
negative_control,420.5770792731138,1261.9558010847477
negative_control,420.9300664495285,1261.1569256677892
Arpc2,419.7163746229612,1337.932442286325
negative_control,420.9698344479641,1130.3329337410532
Hspa8,422.2322220840901,1165.1021880973829
negative_control,424.4490508653296,1251.9001384812914
negative_control,423.9262639741978,1252.3594738317302
negative_control,425.6161167006109,1177.833690590635
Got2,424.8354941447658,1246.268680784049
Got2,425.334328118598,1280.778589925885
Prps2,425.3336629998848,1203.8147112576858
U2af2,425.5988516607265,1203.3694660228225
Eif3e,425.79390713259176,1139.691738689116
negative_control,429.0575209300901,1106.1193745523042
U2af2,430.09912050399873,1201.6925273716854
Prrc2a,433.295370156165,1254.6656626379367
Slc38a2,433.21079567112247,1254.7301697277169
Uba1,432.4385983773333,1254.2938343036024
Mrfap1,434.4791790867688,1255.8234905124853
Arpc2,432.7112449216492,1285.3451959763431
negative_control,432.4014412618527,1236.7501175365098
U2af2,433.5227846245038,1222.538250231803
Arpc2,435.0098389356923,1083.1816007428538
Arf1,434.85439742688754,1084.2867515272085
Gas1,435.6144487868516,1240.969066219942
negative_control,435.8827647514917,1250.588305252974
negative_control,436.2300342987563,1247.549389894893
Got2,439.65279168691177,1146.3442502201367
Clta,440.72600705551895,1210.9957720066682
U2af2,439.2774344510293,1196.4940519785887
Txn2,440.0679962909789,1225.1184387057378
negative_control,438.87271113384577,1225.607820120944
Eif3i,438.6430086773967,1226.0677089796773
Gas1,440.6001604071598,1286.391078665737
Gas1,443.2882840322553,1174.309798470514
Rrp1,444.49147473866856,1174.0635917219054
Pdia6,446.25312259953216,1244.2524161636177
Got2,447.0107446411191,1122.364553749379
U2af2,446.22431034654153,1228.076460223127
U2af2,449.1068195089688,1134.7288748103217
negative_control,450.4122386311759,1193.537745080029
Ercc1,450.6526547599915,1262.819763049123
Sfpq,452.2142468092815,1260.956990347043
Gas1,452.0776884017328,1262.3843849735013
Twist2,450.8012479409609,1262.7894598624307
Pdia6,453.07727832285576,1124.9569697069978
Got2,453.9102715318381,1218.085391079345
Got2,454.7891030768853,1197.7856120092442
Gas1,455.0077388640924,1153.3722887733315
Gas1,455.3353700961269,1077.2256765672864
U2af2,455.2567128937594,1236.977417985933
Hspa8,454.3740082107879,1237.318683436731
Vim,453.96311368738526,1236.9086803864002
Rcc2,453.6959849027061,1236.2297975593629
negative_control,456.2881856504444,1099.0663864156552
Pdia6,456.35967130116967,1189.818808084117
negative_control,457.7633914909764,1085.6752979818432
Ssrp1,459.9767472994946,1186.4685831544666
U2af2,464.50057822751023,1204.7493232938623
Tcf25,466.3023025333479,1193.7668315891497
U2af2,465.76463768520273,1207.6021630605424
Eif3e,465.9435487563169,1082.9430151899778
Vim,468.5708107274176,1078.7364432205654
negative_control,467.6411398705017,1078.9446607643322
negative_control,466.6021765559805,1079.970786988294
Eif3e,467.89743960571695,1139.2023780122272
Pdia6,468.2251972415597,1123.4940153511277
Pdia6,468.7636457686871,1172.4520437122646
Pdia6,470.52773372921513,1217.6149262424135
Got2,472.1859301849546,1181.8240084323966
Eif3e,473.9354230243312,1183.9991276064543
Pdia6,477.0644364161057,1176.729303114556
U2af2,476.6288505536821,1054.6656170089414
Stip1,480.71407283781934,1188.5664859350904
Eif3e,482.52770713013695,1176.7288836010198
Eif3e,482.6534275567945,1167.3323492323602
U2af2,485.5858660767941,1112.3065365176203
negative_control,486.8319849415702,1095.8662996396283
Gas1,487.6916045782066,1156.9222615185706
Twist2,487.4093575968608,1156.920234151197
Ncl,487.5526972350768,1089.7025889707356
negative_control,488.25313965001885,1090.898418168886
negative_control,487.930897783129,1089.8380716864085
Uqcrq,488.4669859382328,1089.8076945751184
negative_control,487.9506834055445,1090.8504850068657
Got2,494.46450714075,1073.2106587885933
U2af2,495.0752879807434,1194.3693294654
Got2,495.1377526826152,1062.2723446362002
Arpc2,496.294082280474,1124.322495847015
Hmgcs1,501.3681137480359,1097.520536469528
Pdia6,501.4455714014471,1169.818911636182
U2af2,501.37135008981375,1112.898038740467
negative_control,501.2983617351352,1159.3765789328786
U2af2,502.0684073247856,1067.5396800229369
Pdia6,506.3974749022504,1141.537350710105
Eif4b,506.06730718436864,1141.133256122158
negative_control,505.5264955083071,1140.819799012907
Got2,507.6026873742136,1075.8374567710982
Gas1,509.56846677964427,1030.3884397016795
Prrc2a,511.63928552510913,1039.3277568541653
Got2,513.2979044780441,1171.0274244847533
Nap1l1,513.119974878754,1037.6939486266708
Tpi1,514.4005538414428,1039.2960737555095
Tcf25,514.1551465851619,1091.744679688239
Eif3e,520.3671073583233,1109.996411857018
Eif3e,520.7361596439414,1113.761650046108
negative_control,528.0179606820013,1052.237905979241
Zfp36l2,528.4044189091101,1052.039952135471
negative_control,534.6196832787978,1085.3635194457945
Ncl,541.6832950868188,1038.7449516435363
negative_control,540.570404409365,1038.692938147038
negative_control,540.9721943154573,1040.8913305721874
negative_control,540.9422957828166,1080.452865456375
Eif3e,550.3050951369127,1049.0532167749288
Hmgcs1,555.5897244764469,1068.6107427738548
Prkcsh,559.9336910500123,1116.2573186860518
Prkcsh,559.8542739673944,1067.8963513650465
Hmgcs1,562.3771485009286,1152.2776919954313
Gas1,564.6309654429614,1080.5269218299034
Efemp2,565.0231238413883,1081.622006409426
U2af2,571.3316277820572,1072.2425362813665
Polr2e,570.5760750835316,1073.686627548375
Got2,573.307348770691,1148.7593584142933
Arpc2,576.0057525400897,1039.5246166689255
Timp2,579.6674115603688,1142.15262496859
Prkcsh,587.4727983380106,1133.8424740500386
U2af2,589.8456925452512,1143.572814747544
Ptgs2,601.3171837867825,1123.958060038786
Pdia6,601.3359469921119,1123.1212007675672
U2af2,602.3740175461423,1047.8923739950908
Ssr3,603.3172276752417,1037.5765333140653
negative_control,603.4594606193268,1037.9276235319198
Cnn2,600.2671328840362,1037.3263212003994
negative_control,601.8846174887767,1037.1684866818507
Mtap,603.1046709232921,1037.2632182364307
U2af2,604.5086201526826,1034.5995121973297
Arpc2,605.9656904729659,1061.8580507835195
U2af2,607.3416573089925,1115.3563195185002
Got2,611.2625823361789,1125.2248408194002
Eif3e,615.5100104778487,1106.8536267477662
negative_control,616.4046188033016,1098.7460521792302
Ppp2r1a,620.050797957552,1058.646981727777
Prkcsh,619.1507857590314,1057.8173038808511
Pdia6,632.7765336856424,1112.3188181220496
Got2,632.8752032090122,1066.2260902049204
negative_control,643.6995159611218,1048.2216275211438
Pdia6,645.5596469346648,1093.7356202527694
Pdia6,647.716433595071,1067.8184428630702
Ptgs2,649.0295039696076,1066.889051828034
Got2,649.1928797390409,1100.0916819812403
negative_control,654.7599029808165,1050.6683067098966
U2af2,659.1146361986762,1066.8125246600955
negative_control,660.2949755234507,1110.6366373404644
Pdia6,661.3931434579824,1054.6390640512082
Got2,664.0706965362997,1106.4781410219507
negative_control,666.2800862400096,1046.5842729704902
Arpc2,669.9813678581705,1107.1180986212887
Maged1,669.9875823991949,1105.3285586439272
Timp2,669.345559804098,1104.4507656026672
negative_control,668.9392267508586,1103.320464121255
Gas1,671.8948112366695,1077.540729121093
Vim,672.2173048534115,1075.8120749472432
negative_control,671.4479689780355,1075.3627171484893
Got2,674.0081644248024,1043.4562126622327
negative_control,676.574195541137,1089.091074281095
Pdia6,677.7548884807602,1092.7635607508205
negative_control,678.5104216909839,1068.2750936929294
Fgf7,680.2729105459135,1076.4305091257054
Trap1,680.8128115010695,1076.0768259808665
U2af2,681.2445236521684,1076.1963309342907
negative_control,680.136877577075,1077.7142948845544
negative_control,687.1385764024071,1103.8910183815217
Eif4g2,688.5456429827298,1102.771730103312
negative_control,686.2017976347587,1079.2255035855417
Got2,687.1718980289219,1034.7094309907247
negative_control,692.2272660712158,1029.0134245162087
Got2,691.9050147109303,1029.5816464671025
negative_control,692.6114087755484,1084.7044771547344
Rab5c,694.7997144209598,1041.1708294756206
Msn,694.3298767856038,1041.9324324063764
negative_control,694.5088807445932,1041.220374559066
Uqcrq,694.1227865020605,1041.5301656913916
Rpn2,696.2810289371348,1080.2273454864726
negative_control,696.2950641822911,1082.9716958598656
negative_control,695.7993716235756,1081.80306246484
Hmgcs1,696.4985010619368,1080.665854252486
Oaf,697.4617863211984,1081.4392596740818
negative_control,696.7357964146189,1081.4718443641234
negative_control,702.3241090803772,1063.550410692785
Slc25a1,704.287168102394,1084.304356549644
negative_control,703.2899547900912,1085.027472767811
Gpi1,703.9942588803264,1082.467353703342
Pdia6,706.4130303461882,1075.9288654042978
Cnn2,707.2940946907844,1045.0188240500356
negative_control,706.6085984033083,1041.430321180586
Rac1,706.3453550319155,1042.8972857644394
negative_control,710.7104953950209,1083.0131968859012
negative_control,710.5284738363036,1084.208530627952
Twist2,709.8429625369462,1082.9265906809492
U2af2,712.5645083592825,1005.4548227126506
Lmna,713.0776191188426,1005.3037199376812
U2af2,712.6978367208943,1008.201364862908
Uba1,725.7872191209833,1044.4072322961415
negative_control,725.8987385349928,1045.329858064092
Gas1,726.7736004919527,1038.9453211266157
negative_control,729.1818723614117,1076.5750331054107
negative_control,731.7369745558078,1054.589157032803
negative_control,731.8422140552295,1056.011878290639
Trap1,732.8320230731907,1054.0675402630536
Tcf25,740.1097030305234,1035.2477270102013
Igfbp6,374.20097925354696,1100.5907865637255
Tpi1,376.7960887089434,1140.594341843297
Lmna,395.1466128745731,1131.766207293216
negative_control,394.4332584406423,1130.662979748888
negative_control,394.5640021392278,1130.7261035650406
Sdhc,394.58455255312833,1131.6933114466815
negative_control,394.7082357751229,1131.180342352803
Tpi1,394.4222973778575,1091.3247103415797
Mtap,398.2434365282945,1084.0662266246427
Mtap,399.5762414265093,1092.9394670387146
Rpl15,402.3724963004876,1204.6918205329382
negative_control,402.28470887057495,1205.3272441424406
negative_control,404.3329842242722,1143.9126937026751
negative_control,404.6122207650443,1127.329887394901
negative_control,405.53385050323897,1214.0436230723617
Maged1,405.7200503003005,1113.942629495124
Gsto1,405.0800762739018,1115.3858555653524
Ncl,403.9093217135908,1114.694643331137
negative_control,404.8935025316128,1114.4777482851237
Ehmt2,406.41155967718737,1192.124781349568
Rpl21,407.7603999232624,1177.5918322975365
negative_control,408.4810023472718,1182.0231577173556
Mtap,410.23303068702137,1153.3757616688897
Tpi1,411.1585100804523,1271.4916467603964
Tnk2,411.41632004649045,1377.8296264573166
negative_control,411.926968924376,1229.6910037496798
Mtap,412.0605745189826,1300.5632684623529
Mbd3,411.6992403245032,1111.9160904634375
negative_control,412.8103063684503,1219.9684693454212
Tnk2,413.6631096826594,1147.8340024500797
Mta1,414.3334161888513,1147.5700128450176
Thy1,414.733188158267,1147.5829812193087
negative_control,414.74030499213706,1147.745449046969
Eif4b,414.0656359741458,1126.5429972065097
Vim,415.89302620777056,1246.8283435455892
negative_control,415.4433853535477,1246.3689648117572
Csnk2b,413.5621955473782,1246.2208812450044
Cnn2,412.73662465301726,1246.6971236667998
Rpl15,417.2719970957714,1183.4945162942297
negative_control,415.1404636968354,1181.472419076821
negative_control,416.5721603127303,1182.3978423537174
negative_control,417.388677118781,1182.5720365693933
Prrc2a,416.1358819009227,1182.711361342181
Rac1,417.69248216255664,1137.2321448799216
negative_control,419.30030176940056,1101.4331957862155
Rab5c,418.28785271329394,1102.9788772279796
Eif3i,417.9512315107587,1102.9902666222215
Mrfap1,418.8994482800944,1101.338786067534
negative_control,418.0460047463212,1199.3960186479255
negative_control,417.4715935915532,1211.9027635489715
Efemp2,418.2130666828309,1212.1984973595354
negative_control,416.9598424889921,1211.7864170938024
negative_control,419.4342676408265,1256.7183680198898
Eif3a,419.923434650777,1153.0080019749664
Eif4b,420.3819625339858,1267.2160526166458
Sdhc,421.7903305911322,1274.5350257189057
Vat1,423.0317854479727,1219.5529813437663
negative_control,422.238305901764,1218.2417480511926
Vim,422.3225154686637,1137.6193271912634
Ywhaq,423.4019612865732,1189.9627533967237
Zyx,422.8005717460866,1190.6226819775056
Vat1,426.7799575750531,1163.0638473419797
negative_control,427.2918364063313,1163.6538787573077
Tnk2,425.5103691525623,1162.8475691485294
Ehmt2,425.3951014476275,1271.5024591030017
negative_control,425.56267319455566,1193.3594246777775
Eif4b,427.21806104601706,1139.0457284713875
Sdhc,426.4977800532395,1264.9694403306328
Tpi1,427.0840846435603,1078.8428543908897
Eif3i,427.2646698858881,1280.9593577116916
negative_control,427.3476379125163,995.1210783900827
Mtap,428.04841678543033,1110.0432927350512
Mtap,427.9206084517189,1184.3557734558926
Hspd1,427.8683802005357,1119.2717724589852
Rps15a,429.6896171244377,1210.5263695065016
Ywhaq,430.9110213577191,1230.3630323983116
negative_control,429.8737436988447,1230.3808750660162
Zfp36l2,429.22508601378456,1230.0343592104362
Mtap,430.8788048711652,1186.5368803889207
Mtap,433.2745740583263,1262.2343933093964
negative_control,435.0776779346477,1147.8204039061957
Psmd4,435.6629345969304,1178.1193777994026
Zfp36l2,435.1486155144324,1179.3332032496571
Mtap,435.711746066155,1177.926716503314
Eif4b,437.51710735007504,1165.3860782247614
Stip1,439.6876104852549,1109.0090157640616
negative_control,439.4224270659421,1108.464428445419
Cited2,440.0082235897503,1109.2469790310197
Twist2,440.2444228310503,1077.8092241962042
Rpl18a,440.83248206318217,1077.3387864394783
Tpi1,439.9600568687917,1077.5815528687947
negative_control,439.1907444691472,1077.1741746198477
Vim,439.1613855899937,1250.0621762021822
Ctbp1,440.06229493238897,1249.791658646637
Eif3i,441.2498887423182,1250.057313119827
Eif3i,443.4162826045283,1235.3866699207897
Igfbp6,445.73222798391055,1272.4890626462702
Eif4b,446.1390976729506,1274.7133527196163
negative_control,446.86499602220096,1168.2548163313224
Tpi1,446.0086688078173,1177.3013648005722
Eif4b,448.0317629145232,1219.5147641215412
negative_control,451.0021580325574,1235.5785028351177
Eif4b,455.0004975894896,1246.462114985453
Eif3i,456.2611056657845,1148.5658835992235
negative_control,455.0075190941757,1148.2579025039363
Tpi1,462.0641439417284,1233.652061652153
Slc38a2,462.2314331760048,1238.0447376606214
Mtap,464.1311929677761,1241.5115642861597
Igfbp6,466.7481506688612,1100.763260011146
negative_control,467.4578956731254,1099.3638104842698
Ehmt2,467.9051690496496,1150.877357524966
Slc38a2,469.0319483283161,1177.6150136989352
Eif4b,469.8724201980133,1068.8401911958754
Eif4b,470.134080750808,1219.1996781159164
negative_control,471.8199053408174,1082.7963677384214
Hspa9,470.7368475231351,1203.769648699832
negative_control,472.71553193348745,1204.6264108309688
Eif4b,472.2763345794002,1204.5095340865105
negative_control,472.4972645956213,1203.7572382477294
Eif4b,475.33216805846587,1047.6252845909903
Eif4b,476.962615582347,1220.673451681344
Mdh2,477.30572749138105,1067.0303769643083
negative_control,478.6972540153856,1067.4583299985063
Slc38a2,477.5848007284064,1067.4848683219232
Plk2,477.2099269676538,1204.913025723812
Lrrc59,478.94063702884426,1206.8135715101307
negative_control,478.6369716522169,1204.4498941006832
negative_control,478.6756058251435,1204.046445776865
negative_control,478.0137029860918,1203.39642709399
Psap,478.2873736705088,1153.9178784826488
Eif3i,479.50335600603023,1061.71393133848
Eif4b,480.3333158822441,1186.097749585197
Slc38a2,480.6469351253839,1139.092740012427
Slc38a2,486.26690920666346,1130.831298319452
Eif3a,488.9848239570719,1100.0619741328464
negative_control,494.23578512412274,1080.550446405205
Ppp2r1a,494.4388887760367,1078.833582660797
Ehmt2,495.8604730881936,1049.6365838690244
Slc38a2,496.75283243066247,1193.9664839352758
negative_control,497.12769992944885,1192.371998592636
Raly,499.5636900824345,1117.62117273181
Igfbp6,501.072019727999,1158.0988384199886
Igfbp6,504.294239875833,1161.2827588819623
negative_control,505.42269209457055,1161.704025841786
Eif3i,505.3366941303863,1048.6354557964912
Ehmt2,506.5541824391984,1163.4606330551874
Eif4b,506.4724014582251,1134.0623687662246
Vim,507.96598859697934,1052.601280548861
negative_control,507.8735678768353,1054.2002400034307
Igfbp6,509.9179929318935,1157.5261877093076
Mtap,512.0941311380737,1035.935157652316
Tmbim6,513.7051610418321,1107.6243291644143
Eif4b,514.9510943558421,1125.635697331186
Nr2f2,514.447565239182,1124.032262344978
H1f0,514.6263291645056,1124.0696898725196
Slc38a2,520.8786366184319,1041.348095202153
negative_control,519.8752793352074,1043.3685231741706
Eif4b,528.1310867481923,1053.5620537083955
negative_control,528.2770069335252,1065.7838864392068
Slc38a2,532.5793713139119,1104.5160707800642
Eif4b,536.2778315639873,1162.4589682781675
Mtap,538.0582209965254,1110.9313235811398
Slc38a2,538.9896818621751,1078.6542784004002
Eif3i,539.0869551107718,1047.2471371952045
Ehmt2,542.7190768783512,1079.9344723380268
Lrrc59,543.3036705106489,1160.24036908038
Tnk2,547.5201801485027,1053.1034935633306
Tpi1,549.6523105429325,1112.767276819805
Slc38a2,550.0767809400356,1051.5621710287833
Slc38a2,553.2918452807436,1039.9421872070038
Rrp1,555.105702287668,1102.8873559662363
Fgf7,554.8619160342132,1104.4109438485857
Eif4b,563.7854132334583,1151.508189051994
Myh9,568.0238156018796,1079.0747948099374
Csnk2b,567.9979144263566,1079.6757350205994
Nr2f2,569.2818746281748,1079.2962496192952
Sdhc,568.2750464096819,1078.642425757711
Eif3i,574.6858061813535,1103.9958471024513
Slc38a2,581.9203880462011,1065.0569480588506
Ptgs2,589.0026625846076,1068.9940920288464
Malat1,589.7587435794957,1067.448575703588
Slc38a2,589.5280600003458,1070.4235959476614
Eif4b,599.0465181546199,1135.1881195013316
Arf1,599.0405290914316,1081.0311606337264
Rpl21,600.3005978808291,1081.2656700192165
negative_control,599.4016329809749,1080.356772618705
Tpi1,603.6407364595826,1043.846510455359
negative_control,625.0454341273336,1036.1092043611225
negative_control,624.3493606206199,1036.0619825465974
Prmt1,625.3856324133502,1058.9926662361593
Slc38a2,627.2845402764461,1058.4414000019128
negative_control,633.0481117431212,1062.24997679783
negative_control,638.617810821308,1029.7710956482592
negative_control,638.5922545441118,1029.1892440624097
Ppp2r1a,654.6086220118235,1071.8667933041645
Igfbp6,654.5093666510243,1071.0399378876318
negative_control,655.7728244447844,1069.977917055898
Lamp1,653.7811747691583,1070.3765212294925
Slc38a2,656.2799477157937,1036.7636424108623
negative_control,657.9284448857643,1029.7076080955633
Ncl,660.2286235652132,1034.4422799360368
negative_control,660.8782367458915,1112.873440552702
negative_control,662.3455464762462,1039.7692582740335
negative_control,665.8361483421393,1022.5475152656122
Mtap,664.799591026504,1022.9031224922376
Ercc1,665.36512647283,1022.9394591918068
Slc38a2,665.6808723384768,1034.2003950600877
negative_control,666.8239064697249,1058.2240228623382
Tpi1,669.4725164937526,1067.939748949752
Igfbp6,669.5922814154735,1078.4663838122758
Efemp1,675.042884578974,1080.1659421197155
Vim,675.3935073636438,1065.7494383034891
negative_control,675.4026250721766,1066.3046535328049
Gsto1,673.8629273287756,1067.842678408001
Twist2,673.881593092018,1066.7679171917007
Vim,684.2718122774419,1041.4792430001878
negative_control,687.7664603407542,1024.108057074201
Eif3i,688.9167892505741,1019.574471767898
negative_control,689.1530148140678,1080.5636258762538
Igfbp6,693.3507265692871,1075.8332773958866
negative_control,697.9323013815567,1021.1911753557204
Ehmt2,699.0578905235593,1023.1950400176796
Mrpl12,698.4064373457354,1020.8943975844984
Rpl15,698.8529492835896,1012.4694177538316
Sdhc,702.3055766192126,1015.2218565674189
Vim,703.0354289337349,1013.7475790320724
negative_control,702.8980018198686,1078.427092566763
Eif4b,702.6865597671457,1074.5400526065218
negative_control,702.8248713006763,1083.672857563786
negative_control,703.9772197987039,1045.3638447890628
Mbd3,706.8314197557756,1040.0892981246636
Sdhc,707.4356405058004,1039.241729498027
Ncl,712.0827988691751,1055.630484526934
negative_control,713.4109786925984,1055.1894502239804
Nfe2l1,711.8753449406754,1054.7327768554835
negative_control,710.14354168491,1055.0275847012822
negative_control,708.6241573355019,1056.0605948999382
negative_control,710.1579828244938,1054.844494278395
Gpi1,709.8367349120973,1054.5285724036114
Eif4b,709.4945643511122,1056.1168097742932
Nr2f2,713.8501217678031,1056.3576363038826
Eif4b,709.9654593253274,1015.161783804656
Tpi1,713.8885806670168,1092.6088142083604
Eif4b,716.4259974049899,1088.1892757997873
negative_control,721.0693064998846,1039.5895214919506
negative_control,721.2965534309834,1038.655732806146
Polr2m,722.2386249758267,1038.8710611662375
Ndufs8,721.2418236584389,1039.9777467683152
negative_control,721.4046567130896,1037.7475953698988
negative_control,725.7997080524881,1034.761919304646
Vim,727.5111483494256,1043.1183512678622
negative_control,727.3027621068212,1043.339249085326
St13,727.9719642225361,1043.94652335318
Igfbp6,729.121445422431,1080.850029893301
Mtap,730.6237225022376,1041.2784646942175
Vim,729.3480059142624,1041.5264813678268
Eif4b,732.526993997281,1034.6508183471642
negative_control,733.7506276165186,1047.3733180979546
Tnk2,739.894500661602,1073.596165166225
negative_control,740.668270676653,1066.5019422353178
Eif3i,743.9988522593375,1055.6325776093515
Eif4b,746.7393416284402,1058.1647401568694
Rpl21,355.23605200834595,1098.4344384121853
Taldo1,389.6485652926117,1083.0069318272856
Taldo1,395.23653754538,1119.5011211450842
Uqcrc1,395.8043908323313,1111.9843673757352
negative_control,398.3438669544109,1128.662605211868
Taldo1,400.7212196659437,1086.041220667326
Nr2f2,403.9269005279506,1177.1791115678898
Rrp1,404.7610599736764,1176.4717146891114
Nap1l1,403.86526671258,1176.7289654201488
Rab5c,403.3529955256723,1176.4620686343546
Prrc2a,401.7970042830786,1176.902631690814
Sfpq,403.2432413978072,1197.2866216200478
Efemp1,403.1295198837669,1198.0428661788565
Hspa8,402.4459964264649,1196.2762689202686
Hnrnpk,403.5467845909094,1191.407899522893
Prrc2a,404.7617819953171,1232.354712698519
Taldo1,405.0640697706248,1182.9283411008462
Snx3,405.0217685355011,1111.1885374559324
Rac1,404.8999427410225,1160.2460179387465
Snx3,405.320690070489,1146.0467451247057
Rpl21,406.0754192265927,1225.363885772743
Mrpl17,405.1300955706269,1151.1984272209163
Prrc2a,408.36592754570887,1203.1491874056942
Ybx1,409.4857657530773,1155.6058539492828
negative_control,408.4494147573128,1155.32309634791
Ppp2r1a,409.2979657830535,1156.6562372595365
Polr2m,409.9103045049592,1155.3885224086737
Snx3,408.4997699833,1187.340970461349
Taldo1,409.3058911430228,1401.317613504037
Rac1,409.6346325620541,1118.418498986457
Hnrnpk,412.19897647543286,1252.2091404098876
negative_control,412.4880435364192,1367.9773982369563
Mrpl45,413.43027797657743,1188.1933221785278
Rac1,413.5720823669896,1217.590416206365
negative_control,413.7796049894546,1170.8001241300371
Prrc2a,414.2428700607047,1170.703482820063
Cct5,415.88535893249,1176.938266244552
negative_control,415.136700085642,1176.2449664974304
Rac1,415.1568326886969,1114.275601401949
Mrfap1,416.48508063483655,1200.2180772422623
Prrc2a,415.6917185222774,1201.0268696608227
Rpl21,415.97215605520273,1125.2563893605084
Rac1,416.4168664469104,1262.1879676630845
Ctbp1,415.8219697961372,1281.8627569098833
Hnrnpk,416.11661786997286,1267.6983954846455
Snx3,417.4397795415939,1163.9806783386373
Hspd1,417.2621715232866,1252.1519746821916
negative_control,417.8360569512047,1249.99811846524
Hnrnpk,417.6749761114141,1177.9691857203688
Rpl21,418.9904356177784,1158.116999781459
Rab5c,417.9822346437148,1157.357406158294
Dpy19l1,419.5443635675497,1238.9567185933126
Actn4,419.03689519699344,1139.70997360001
G3bp1,418.0756389449292,1140.87346276101
Twist2,419.15895333371685,1140.71466670357
Junb,418.6195996930066,1141.79339052956
Vim,417.6459032437661,1141.9929480043938
Txn2,418.1741896721823,1144.0887217445988
negative_control,418.8955668530999,1140.9379545528263
G3bp1,416.7126189297647,1143.43508521654
Gpi1,428.2156359808779,1176.8403054994417
negative_control,426.4213907095343,1175.5303295908416
Efemp1,426.71666039229024,1154.3006667674836
Cs,424.0299905369878,1101.4125980683395
Hnrnpk,427.0470674550489,1330.6124303664938
negative_control,428.3226119874529,1137.8507865696415
Taldo1,428.857616995289,1338.94293671551
Snx3,429.9540970355076,1189.479482740729
Hnrnpk,431.3707116474999,1250.148035169988
Taldo1,436.3701498470115,1092.3084573267788
Tnc,440.1827428555972,1252.485875518798
Hnrnpk,440.5397530960488,1144.017847365689
Prrc2a,440.9298112628524,1245.3791590841524
negative_control,441.51776800015534,1203.8316128194815
Mrpl28,441.6249042717836,1087.1712549475114
negative_control,441.5918990835358,1087.5774884588727
Ndufv1,443.1582977166168,1087.0348027400637
Prps1l3,443.4009026971783,1220.9024117519252
Rpl21,442.6274940911305,1278.8301541231997
Tnc,446.8817645559856,1143.7040084559076
Rpl21,446.45944632818873,1216.54730932803
Rpl21,450.66916182493344,1251.293786666198
negative_control,449.7595551401637,1135.21882869697
Ncl,452.6978862936552,1246.8354803418547
Hspa8,451.0754535952805,1245.7558605168483
negative_control,451.8136803780109,1246.156023799654
Rpl21,451.4794296436542,1245.4554895106205
Prps1l3,452.7135744168127,1227.966175888147
Rpl21,453.4727559974856,1072.7261304629362
Prrc2a,454.0532356280007,1083.5067264209388
Uba1,453.7069977744156,1248.8484351630043
Twist2,455.16093867278505,1215.2890769597652
negative_control,455.1563293475391,1215.2578099345235
negative_control,454.0441537002448,1215.7715354321012
Rpn2,461.48420757462367,1202.418478021884
Hnrnpk,461.7674590396643,1148.2583361074908
negative_control,462.1323422199165,1144.0991078519644
Timp2,461.8717064708392,1090.140217879088
Prrc2a,461.3875087881903,1089.8246897577335
Timp2,463.6797475085665,1177.5820979163502
negative_control,463.26283500065546,1177.5200477956669
negative_control,461.49514971192514,1177.4717518087346
negative_control,464.7431686348293,1177.9156666996664
negative_control,464.1258359311148,1178.430877367084
negative_control,463.5592965153021,1177.948867243084
Prrc2a,463.1443376512543,1177.7178955382296
Tcp1,462.4070340059779,1175.2789460939116
Rpl21,465.94923590143696,1165.3262373025632
Efemp1,466.3987181563799,1089.0790140360714
Twist2,465.94753815670094,1214.4387152211466
Mrpl45,475.7104788360861,1172.7799201329292
Rpl21,474.8152413437108,1050.2810269247009
Rpn2,476.4246303590012,1163.6255846400509
Uba1,478.1913860947767,1064.3376210856711
Efemp2,477.1031390184535,1144.698345484393
Thy1,481.1101989211177,1152.412012623421
Pdia3,481.6417090510648,1151.4469441952456
Taldo1,480.4928530122856,1151.8573862237213
Efemp1,482.4280155883939,1062.2817149461837
negative_control,482.1107808113226,1126.9980832359568
Snx3,483.79655099718696,1210.09969820456
Prrc2a,483.3174611209749,1193.4121426156394
Tnc,485.8800626619741,1135.818085425395
Tnc,488.422392838261,1131.2312596337144
Rpl21,488.0323394727383,1063.384250183398
Tnc,488.7233426921145,1139.9136338732735
Rpl21,489.17132652593614,1050.734207054525
Fgf7,489.1240827503603,1097.8846651972592
Rps6ka3,491.99088899689394,1079.8613879775992
negative_control,492.0500813808981,1079.3489406410602
Rac1,492.4996190444946,1177.3681897522868
negative_control,490.5043379454984,1178.5493489743494
Rpn2,492.14012684334494,1195.4228453838768
negative_control,495.0439879550026,1195.422486889317
Efemp1,495.51666312172,1130.6178187578932
Hnrnpk,495.9792264633593,1153.3416180091513
Rac1,497.4197113874715,1172.1306082450833
Efemp1,500.0744111311799,1096.3227414786406
Mrpl28,500.2934281355083,1170.7065007599433
Tnc,500.05341227120897,1168.396530494365
Mrpl45,504.10499300327314,1075.5986999258191
Tnc,504.53247821700165,1142.711231129049
Tnc,504.9093421885511,1151.78601963247
Efemp1,508.6459459891735,1126.3349836884493
Hnrnpk,509.426006966263,1156.8443728184627
Prrc2a,511.7956414454567,1117.3520478822277
Taldo1,511.7733914903426,1143.3929286085704
negative_control,512.8276633319282,1064.6152969633608
Il1rl1,513.4212611580135,1064.7270805374685
Oaf,513.5227858820404,1066.201726616025
Taldo1,515.8339289372241,1054.096083670762
Rpn2,516.6066847796366,1155.612432124704
Prrc2a,518.0774122544174,1134.6563243082928
Cct5,518.7174233827645,1133.7896761792576
Gsto1,518.4388574811273,1134.2029327369885
Efemp1,523.6199835891293,1117.510828034562
Hnrnpk,523.6552339856203,1039.8726330885318
Rpn2,530.7340421501674,1125.683224174562
Prrc2a,531.1718517194663,1043.1218625646145
negative_control,539.4510586593997,1038.8342982822096
Prrc2a,540.7415166764962,1080.1310659973474
Efemp1,542.6040116788805,1050.203810059257
Timp2,546.8566493171782,1159.3270137410698
Prrc2a,546.2981075867677,1080.920388839671
Rpl21,548.8517709542939,1097.606529587922
Snx3,551.6348416867712,1090.4537264012488
Puf60,570.6256932660442,1088.265991292183
Rpn2,579.3476584331814,1134.9679260161574
Efemp1,578.9381855460854,1061.6942488974885
Malat1,578.2718237634613,1062.6015023652983
Rpn2,587.5071881448224,1134.7011996433484
Rac1,590.8117081606609,1034.3654000626398
Efemp1,591.598478609199,1037.0404368111226
Rpn2,600.9730739870573,1044.1556388610468
Rpl21,601.4125945141368,1099.2102928121694
Rpl21,602.5378040799471,1071.9674359014575
Rpl21,604.5918482469037,1104.709510520968
negative_control,612.2352665548846,1053.580589727247
Ybx1,620.0879353529731,1128.233801929158
Prrc2a,620.3095342863924,1128.0009796700165
negative_control,628.0003598489766,1093.823250276061
negative_control,627.1874008744328,1088.897666903065
Hnrnpk,628.0574098862,1088.370294646326
Polr2e,626.9602489985521,1089.6206430253087
negative_control,628.3777857697362,1090.075367556105
Rpl21,628.6579623561177,1062.1571630435042
Vim,634.3274808084094,1062.6404685333086
negative_control,634.226399113317,1062.8221301018937
Ddx17,633.4466851702779,1063.5422249288956
Tnc,639.7870913755221,1028.9576295478996
Snx3,642.9663749504955,1080.567535701184
negative_control,651.1821525856649,1074.2094995514967
Rpl21,652.3504466250121,1027.0748856610885
negative_control,658.4261806171978,1049.8565761954333
negative_control,662.3056497394615,1030.3069382971937
Psmd7,664.2796939454281,1032.1256297618656
Rpl21,664.324307437058,1032.8109361873194
Rpl21,665.5144012803343,1040.1925365489294
Twist2,667.93859898355,1036.4536950476645
Eif3f,668.2586583448315,1037.1259125918868
Rpn2,675.2993244355188,1096.123124540374
Prps1l3,677.0448004852491,1071.996711163027
negative_control,677.204255349352,1075.328768173048
Hnrnpk,678.1894573497502,1022.53942678731
Rac1,679.7083669745566,1047.6060664721003
negative_control,682.9361335769916,1059.2652692286094
Hnrnpk,694.6886677245432,1021.3575698740456
Vim,699.6938916617515,1015.8093136268952
Csf1,699.8204534327483,1015.921778656446
Hnrnpk,697.8792935362268,1016.6902981545873
Ssrp1,697.570996599227,1014.915897673434
Ppp2r1a,699.0879313654992,1016.353085397697
Morf4l2,703.4965672700456,1007.5534213370762
Hnrnpk,701.1587478975354,1006.8817241291696
negative_control,704.3988182815526,1054.5928425399911
negative_control,707.5342924234332,1061.9686911049955
Hnrnpk,711.3700775556134,1016.024540278848
Rac1,720.3973886429803,1029.82083666734
Rpl21,721.4746586913587,1086.4863162267884
Prrc2a,723.2272307240964,1035.6926752841755
Rpn2,725.0372683534885,1080.6759162054504
Zyx,729.1728026654056,1025.3974004637237
negative_control,728.4339887675374,1025.839010184642
Il1rl1,728.2050001736372,1022.0241948070316
Rac1,729.2145149457618,1023.2781329334824
Prrc2a,729.9200453011797,1022.0268481262924
Txn2,730.1346505201843,1068.5604332464832
Timp2,730.7002796057483,1069.9667487326817
negative_control,731.355102552418,1068.9912991271626
Fus,731.7184905310419,1067.6302011482617
negative_control,733.0028919972192,1044.397714597161
Rac1,735.0577747969621,1057.8518185450926
negative_control,735.3724586323797,1038.0141194070125
negative_control,736.1479606424759,1039.3399922904296
Rpl21,735.1810131648872,1028.6602843858304
Sfpq,736.0058625658254,1046.3616218286063
Pdha1,736.9946969593047,1045.639985942159
negative_control,736.7676228078549,1046.504144600289
negative_control,736.4903010199678,1046.0076741729306
Hnrnpk,737.9276532471832,1055.6634291697644
Hnrnpk,739.9323178844289,1052.5206783375904
Cnn2,743.8574381008863,1055.518535456687
Hnrnpk,748.8172213774261,1047.54896451727
Morf4l2,391.59493896968695,1199.9728905300674
Rab5c,396.0112529179987,1183.084575138497
Ptbp1,396.4182917396894,1183.49406288216
negative_control,402.6749569668177,1169.109002173196
Il1rl1,403.25704684162594,1161.6875341167915
Nap1l1,403.41567114418194,1220.5107269670298
Prmt1,403.27634323303175,1220.3725863786208
Lmna,402.9453627850111,1219.514812125312
Il1rl1,405.7180116674998,1254.9284029642636
Morf4l2,406.6670617244422,1236.4094816670977
Actn4,408.7481711718384,1153.73659660876
Morf4l2,410.3688568699644,1184.008788784381
Morf4l2,409.9141185004202,1268.428111370617
Jun,409.1884227144541,1166.663460838992
Arf1,409.2962662551956,1166.039936723403
Cnn2,413.3676368272477,1289.9430010465271
Rps15a,413.3009603013379,1289.7133204759516
Morf4l2,414.0052869648388,1367.668020655679
Actn4,414.3996846932207,1256.3084857449555
Snrnp70,415.0781491265551,1255.0864615202624
Hspa8,414.73256955603927,1255.2248315850172
Il1rl1,415.5064711694657,1401.7175129805153
negative_control,415.2453311295007,1171.3000622818429
negative_control,415.0148336232826,1172.1769926288648
negative_control,419.2872911047832,1178.8488224002297
Laptm4a,416.337922294857,1242.6076564571376
negative_control,418.4365195121023,1243.548829808919
Actn4,419.385992089051,1227.3215180952122
negative_control,420.9107222009618,1209.310944595178
Morf4l2,423.2832841581285,1116.8545825520353
Il1rl1,422.9908459070744,1112.4325788550786
Uqcrc1,424.1746912882157,1181.722106737284
Mrfap1,423.26191869610017,1181.4353660412155
Morf4l2,423.6294685598269,1182.712982800302
Cct5,422.9063876097928,1181.3658861370402
negative_control,423.9111792592863,1182.674772320638
negative_control,424.7477282323131,1182.0749933920977
negative_control,423.8869478977293,1217.7434525712722
Cnn2,425.3475642351109,1302.2839516396373
Actn4,426.54101733192977,1217.117259006178
Malat1,425.7845882789207,1113.3742896140386
Rab5c,430.18796230746415,1317.415846853317
Il1rl1,432.28094577200153,1157.728833046619
St13,434.8243707253865,1253.5287758538984
Actn4,435.3337626679592,1175.8355280205883
negative_control,435.6660340384005,1194.0496339730728
Vat1,436.1711696389021,1194.0200002524034
Paics,436.54204665215417,1194.2582810350805
negative_control,435.4310321900794,1194.1607722839776
negative_control,434.64143555013015,1194.3811501506798
Actn4,435.5283069759512,1320.682281187521
Morf4l2,436.9848745173768,1295.5749496138028
Il1rl1,442.5340799570816,1293.8492593734825
negative_control,444.8448370502531,1103.6194419207586
Vim,446.9291310183164,1155.9573976365184
negative_control,446.8148515957189,1155.4671596879402
Actn4,446.4872523869728,1185.5331078499862
Il1rl1,447.7839161178489,1169.7366181642046
Actn4,449.1093413244813,1144.8581048944743
Tmbim6,452.8153827240277,1102.8720040634598
Twist2,452.2713659851577,1253.0480955241806
negative_control,455.1639050772312,1231.3610870255652
Rab5c,460.0230724061191,1080.8041396076726
Il1rl1,462.1112300738589,1187.163352277941
Rab5c,463.30489264972925,1091.2331906485178
negative_control,462.6658618990215,1089.6523500661906
Rpl18a,463.1590714661958,1103.795377063706
Actn4,467.4282805627196,1076.917844957407
Mmp14,468.0752337729209,1155.4563085857667
Timp2,472.6499386555309,1104.105074967734
Ndufs8,473.75426576682287,1104.0693547678056
Snx5,473.3297516950973,1063.821213827625
Psma7,473.0377452451162,1064.975118119699
Mrpl1,474.0327165636304,1213.116473587146
Psap,476.33514911152014,1198.6546173980034
Il1rl1,479.0700232650252,1140.0601425262298
Il1rl1,480.3558934752273,1147.8399300566705
Rab5c,480.5948289694959,1055.014618447515
Malat1,485.4406220964503,1110.1467331593867
Actn4,484.3751793098382,1061.4037722945798
Morf4l2,485.8678390543611,1131.0484825904934
negative_control,486.53444738250846,1087.218287948356
Rab5c,487.18748269750665,1203.5854884371104
Ran,487.8038165604571,1203.777290667961
Il1rl1,489.5002354199786,1135.473007380485
negative_control,492.08922996562,1200.2949920095884
Il1rl1,495.933791733594,1048.3371489369742
Morf4l2,497.71880609504433,1122.3964782742169
Lamp1,496.220633322284,1122.4111279148012
Malat1,498.2713505941257,1098.644904069679
Actn4,500.9457621121053,1039.0360102660898
Actn4,503.6200680499777,1043.0044871596483
Malat1,505.5691296900489,1090.929963524093
Malat1,506.1177734850903,1107.1777740345524
Malat1,506.9331452059958,1101.401493886327
Malat1,506.9548445441336,1096.2195037683955
negative_control,507.4192171938197,1182.233901198203
Il1rl1,508.1964977886952,1137.8655807135096
Il1rl1,509.73315122564577,1122.497622255622
Ybx1,513.0091500632759,1041.025007966846
Actn4,511.0197577076508,1041.9360740386153
Malat1,511.4252628625751,1074.0233819584682
Malat1,511.0065964378168,1082.694016439076
Vim,511.7629039666976,1045.2015703046998
Zyx,511.92989650209023,1044.9653125392356
Il1rl1,513.0721543036009,1158.1542088414233
Il1rl1,513.4607219024299,1117.839275360379
Actn4,514.6011095095238,1126.5849112886578
Malat1,515.9070750741538,1089.9679197181
Malat1,516.9270726002661,1096.6772895876263
Malat1,518.4445659244757,1101.4780238261874
Malat1,521.9420252672279,1070.551729285476
Malat1,523.5633517198271,1090.9815796788423
Malat1,524.1981013430039,1076.8990346214125
Malat1,526.359801098521,1097.5416923185146
Malat1,526.9183553548798,1064.753994344189
negative_control,527.0643026598831,1050.845738276755
Il1rl1,527.740171059239,1101.79795880759
Malat1,527.9812030573863,1058.2715155476217
Cnn2,530.2615062266917,1037.8972435250976
Malat1,531.5846151452326,1088.2643602837743
Rps15a,531.7970596623111,1089.2057088271288
Malat1,530.9851080085915,1102.1904853441697
Malat1,533.2675185311341,1059.4844763964263
Malat1,533.7903372655264,1079.5977051845175
Il1rl1,534.7539305497442,1164.1341247773703
negative_control,534.3490510921647,1164.4541111074557
Cited2,534.0919349275631,1164.428878196302
negative_control,534.5191258178553,1164.3036338729307
Ssr2,533.824568808109,1164.4465145346535
Malat1,536.0470224516728,1097.0698348559326
Malat1,535.6858527412655,1084.526226450202
Malat1,537.5326896230079,1121.6149304286305
Il1rl1,538.2573242471178,1091.3779983644622
Malat1,539.3834565940228,1057.2698961639678
Malat1,538.8589681975415,1097.4854628798705
Malat1,539.629009590127,1079.695671370828
Malat1,541.3825199897421,1072.083904378515
Malat1,541.7478562340922,1047.4800261030184
Malat1,541.6732485951079,1092.4292257422114
Malat1,542.7299845996847,1097.298547336277
Il1rl1,543.2319750324235,1115.2141171412973
Malat1,543.752671964038,1056.9392966233322
Malat1,543.8714111542247,1078.1801952909257
Malat1,544.5098549687182,1088.8815461632853
Malat1,548.1027158231326,1069.7160460837017
Malat1,549.4271609129554,1098.4701636454904
Malat1,549.6013017844144,1081.9455809453611
Malat1,551.8861332721823,1063.7456697414514
Il1rl1,553.7821188426911,1073.640171807678
Malat1,554.8178674743764,1101.78291341519
Malat1,555.2374592116932,1076.2584698770545
Malat1,557.032839292523,1072.35090363905
Malat1,557.5200093162363,1052.2174101421267
Cnn2,559.5213485360064,1069.059581337213
Malat1,559.9846544491973,1063.246072916025
Malat1,561.9076016986797,1058.1085333795213
Malat1,562.1973552298527,1105.7703807516102
Psap,562.2619754613995,1041.8398844081466
Malat1,563.0687551404587,1040.9597705789324
Malat1,563.8503885877395,1070.6405938592377
Nfe2l1,566.3614644888626,1092.2566651983095
Malat1,567.151407422097,1043.4353485752524
Malat1,569.4671336170354,1074.7710326605925
Mrpl17,574.0054288259969,1076.0290679035666
Il1rl1,574.4425601302421,1052.320509822056
Malat1,575.4826208283115,1096.9886213826803
Malat1,575.9914525406393,1066.417413607429
Malat1,581.683694344049,1081.5236161367748
Actn4,581.635748940311,1038.998203909689
Malat1,582.6839553188697,1066.9684737165417
Morf4l2,582.993744904898,1068.847987182269
Malat1,582.7395334988776,1086.675585624079
Trps1,583.103790731865,1073.6287034510551
Malat1,587.6278954278644,1070.0886629936554
Snrnp70,587.4281781766701,1138.2184324733155
Cnn2,587.5188556373429,1138.1077998487283
Malat1,588.3799966852021,1079.278429585983
Il1rl1,594.0120001819323,1088.3108761075523
negative_control,596.0877398880327,1042.4677797225904
Malat1,599.3549160227415,1086.1280134774918
Eif4g2,600.3608264162965,1097.582133276403
negative_control,601.4014899363932,1097.4914564022984
Txn2,604.0663806288588,1104.4866651134907
negative_control,604.1530540290332,1103.6498087770124
negative_control,603.4831595290713,1066.263545061052
Nr2f2,602.800592312876,1067.3044864155452
Il1rl1,604.665626941888,1118.3957944974973
Actn4,604.3912539557962,1058.5518070476246
Il1rl1,610.5951211819688,1053.5699995577115
Fkbp8,611.6802945845509,1134.41350797786
negative_control,612.2952379307143,1133.0760291739518
Fgf7,618.6908543093105,1131.5243913856243
Eif3f,619.2684613014077,1131.4328027159142
negative_control,624.2592091039558,1069.620313722583
Pcdhgc3,626.576806805399,1041.3352968094946
Tnfrsf1a,626.6576019117081,1040.1620710569955
negative_control,627.6232571417441,1040.4082213578251
Actn4,626.0244326575607,1040.8930403618758
negative_control,625.7821930773387,1041.4754016974875
negative_control,627.4181055048913,1092.486945250956
Cct5,627.3844066347237,1121.9647681576548
Pdia4,627.5649558559935,1122.5435507344696
Gpi1,629.0901142798132,1121.6319220904363
negative_control,643.0385886920149,1048.51882406301
negative_control,654.509709333083,1046.7714028901314
Oxct1,656.5866552732534,1046.5203775753494
Il1rl1,657.6255025778981,1118.377224262375
Tomm40,669.2578383512459,1045.4770329285177
negative_control,668.4942176974316,1045.1855571491587
negative_control,669.9048056520417,1053.36141165891
Rab5c,672.2264653145477,1104.2705411907814
Il1rl1,673.358087628079,1095.3881371628029
negative_control,675.3656267087594,1030.7941188838006
St13,680.398003079421,1108.3742229048462
Actn4,680.0082060282602,1020.019543926316
Rcc2,683.0398395115402,1042.7119374465087
Rpl18a,682.7395216799364,1043.105368224304
Vim,682.2800234703473,1104.398626851876
Aqp1,682.5254626408606,1104.675205683763
negative_control,684.9922767628968,1104.3343773788783
Il1rl1,684.5365585218766,1103.789879808859
negative_control,686.7546518013153,1043.0884654423423
negative_control,700.6643023901975,1062.4733930040334
negative_control,701.426942065125,1073.8038899868736
Il1rl1,701.8359688945786,1072.5231851536723
negative_control,707.3461087447204,1080.7027559792225
Actn4,707.8087861751231,1033.237496631692
Lmna,709.7978700052649,1087.7181950218642
Morf4l2,710.5823978531591,1014.2965236493228
negative_control,713.2319576191509,1032.7557677232278
Morf4l2,721.7331729914113,1032.7853265769409
negative_control,724.7051897765449,1051.8802177259572
negative_control,727.0585992311296,1051.7078296597858
H1f0,727.708575688807,1051.735937540392
negative_control,727.7796943260864,1051.4543877645035
Ergic1,725.8758981006582,1051.3214749774415
negative_control,727.4991678081345,1051.3556171066543
negative_control,730.8151560678455,1031.6607476228933
Ckap4,730.0889919518837,1030.1406840432735
Cnn2,740.7746731799803,1065.4549634280431
Rps15a,755.1475032977314,1060.933828332553
Mtch1,353.7357648175628,1064.405329999859
Npc2,359.59788640808483,1074.2004905666115
Hspd1,391.44268397513,1152.9319549934876
Tsc22d1,394.32583370890126,1106.9273244425272
Pdia3,396.7958170662984,1187.1831935075895
negative_control,399.2774979730568,1141.2589969377857
Mtch1,403.5388244820261,1096.0372234162833
Mtch1,403.4387134475863,1233.8182581479537
Fkbp8,405.6176296134088,1164.3902921201388
Hspd1,406.4783841231997,1161.061612094786
Hspd1,406.7816541799024,1210.4203893129918
Ubxn1,407.4433880675741,1211.8381016116132
Ubxn1,408.2732252759331,1260.04375362231
Arf1,407.65958435672434,1260.8082249849824
negative_control,407.3052422234309,1260.3291437068488
negative_control,409.7768797371268,1239.952905960157
negative_control,410.26753545888783,1231.5980160374152
Tubb5,410.37920958600336,1097.258223344867
Tsc22d1,411.85245611915167,1371.14601807972
Fkbp8,413.6752589100742,1198.607479383449
Mtch1,414.06942251519865,1363.2729997664796
Hspd1,413.9354745794274,1287.618020345274
Hspd1,413.99288996979953,1339.8350307879914
Xdh,413.9539643293173,1379.3026538055456
Hspd1,415.3608656780248,1380.5129579754494
Arf1,415.0048757561079,1379.4620274884696
Hspd1,416.8668691006596,1127.6463160401113
Npc2,416.616955871203,1393.014478791236
Mtch1,416.8592359809287,1319.0726377254323
negative_control,419.0588765657896,1273.1136753534815
negative_control,418.16501529768686,1165.973603466363
Npc2,419.5902876910575,1137.9971574125727
Hspd1,420.10903018325314,1126.72565938502
Raly,419.81258488912255,1161.356263552919
Vim,421.634869477695,1132.929473670114
Nucb1,422.4772914236712,1132.3180334135593
negative_control,421.81008020995847,1133.409493124309
negative_control,422.3331018957748,1241.6600029577266
Uba1,421.2263028959495,1241.2434838534084
negative_control,421.8762860316013,1086.8511736897942
Tubb5,423.1723714662824,1082.3882183715518
Fkbp8,424.73408755780713,1089.439410729866
Clta,424.6691855843827,1089.1228822445173
negative_control,425.30046734887344,1185.8831204068629
negative_control,426.0037918034438,1186.5666825362034
Fkbp8,426.6054385318735,1253.4690211864618
Hspd1,428.0133251056967,1181.1054245200005
negative_control,427.1924812563143,1181.5587886809767
Hspd1,427.9991607385342,1091.6713465566838
Arf1,428.617322940792,1175.5367224696602
Mtch1,430.1298108497906,1169.4111341326366
Mrfap1,429.7966657348738,1260.729738287013
negative_control,429.511547351277,1258.6389742135443
negative_control,429.9179706465829,1260.6010139124107
Sf3b2,432.0867588573725,1176.8801760856886
Uba1,433.25246049262057,1092.6842814323195
Vim,433.90753895471687,1107.21285869356
Mrpl43,433.5211996104993,1321.752900199902
Npc2,434.6607068325844,1117.2509406639956
negative_control,434.2667088039399,1096.3903375451569
Hspd1,435.3364671819531,1303.961493269293
Fkbp4,436.1867665625393,1232.0349835046918
Vim,436.2483100047,1231.8218910714863
negative_control,436.4516938988125,1232.5395139153843
Mtch1,439.0234259889031,1146.6030415463508
Npc2,440.7999938299115,1198.4805325374991
Npc2,440.7283463312099,1289.5644952771318
Mrpl43,441.1111810223204,1208.8365722937212
Npc2,442.32500204190166,1139.6854300549294
Fkbp8,445.27939318692864,1153.1243387611453
Hspd1,447.33415621194587,1196.7346636829948
Rps15a,448.00427529327976,1256.0036339706107
Tubb5,447.1284035661197,1141.1291824429895
Aco2,449.6979358457241,1102.4421087611906
Npc2,451.3076306465931,1129.1048274078742
Nr2f2,451.83112713559547,1093.5024708317028
Vat1,452.4605847643314,1094.0567109741953
negative_control,452.6699088957373,1093.5379195315118
negative_control,454.3278935011988,1076.399971276165
Npc2,457.3384148696697,1175.7612986088411
negative_control,458.2318650748964,1165.339196204699
Npc2,459.2181939248143,1189.7902912148782
Hspd1,461.2799921109888,1196.5474315253
Npc2,463.56908411377816,1232.0494777595034
Npc2,464.5076440471176,1113.7188421221963
Npc2,465.3540010960499,1144.9898746439403
Hspd1,465.86137794992266,1123.248224162562
Npc2,467.360673926625,1092.1024532421209
Rcc2,466.67217346060266,1223.267680307721
Npc2,470.9668168888748,1073.7590674239873
negative_control,473.0616699963935,1072.3397889088708
Ybx1,475.04234563073845,1073.4556881269773
negative_control,472.92364487679833,1071.7244817389217
Pdia3,473.1784269650359,1109.7899089146226
Lamp2,472.6793123522783,1136.23463404827
Arf1,474.4487782870431,1216.7239337039352
Ergic1,474.9859714857829,1216.9396441243491
negative_control,477.9742789414706,1190.0096752893269
Thy1,478.374805092283,1104.1019564305811
Aco2,478.77117997562834,1103.9491425917602
negative_control,481.4069608153437,1198.6703679306129
negative_control,481.3413449235243,1110.7894863187896
negative_control,481.1830782546843,1131.4571165679297
Nr2f2,481.88651599714655,1131.9420273129392
Npc2,484.088736305555,1173.1091972685078
Vim,489.7849713579018,1068.102101381254
negative_control,489.2732799686993,1069.7377866926104
Msn,489.1242634156068,1068.988946312608
Timp2,490.57823979916736,1196.5522077733442
Pdia3,489.91704481913473,1195.907950058982
Zyx,489.8055232445971,1194.989800576525
Fkbp8,497.30485113549696,1132.9777332302035
negative_control,496.98260487635343,1093.3144072040668
Fkbp8,500.2388917166859,1040.8554269051397
Hspd1,501.22667833172216,1039.0796487993416
Mrpl43,505.8321462886401,1119.5649555167774
Mrpl43,506.8734580225216,1036.843110206418
Npc2,509.9249174386666,1119.8759197675254
Tubb5,511.7350819489419,1046.8030959638704
Raly,512.1508686568387,1046.3272317889523
Fkbp8,515.8482875673296,1171.4581714679334
Npc2,519.2981611868967,1152.8621036520617
Npc2,523.6889236830033,1077.0334548304338
negative_control,527.7425164270928,1038.3043568493915
negative_control,529.9316279137048,1083.3628557105428
negative_control,531.5016429468789,1106.9043884186644
Npc2,536.3451491135438,992.2664199658047
negative_control,537.9337774284757,1097.2503052804532
Aqp1,544.4212676361866,1117.927874555855
Hspd1,546.4350695207626,1045.915401796737
Pdia3,548.3852381243537,1156.857595599186
Aco2,553.7024079931352,1051.1769809059294
Ptgs2,556.1321149240241,1153.7344768975197
Aco2,555.645811118789,1154.5899409752194
Pdia3,563.1430466032593,1150.3616540905707
negative_control,565.0554965832785,1049.8420704646242
Aco2,569.5234345384022,1099.3670880564323
Npc2,573.7749685310903,1123.8709395785854
negative_control,577.0192706413668,1040.3968507408506
Npc2,577.3621719793581,1041.5958283846533
Zfp36l2,589.3341014750243,1057.7726359147375
Fkbp8,591.5590333359008,1118.2584553578563
negative_control,594.1712459975511,1110.2191641653114
Npc2,597.4441630827497,1093.725951441677
Npc2,598.7061407468261,1104.3491331502814
negative_control,599.8605775568822,1053.637357030147
Tubb5,604.8171744934573,1031.0471527452596
Ly6e,606.8956207074033,1042.7915105221196
Msn,607.5582251151428,1042.343000641861
Npc2,608.3184445444386,1041.8543210904743
Npc2,609.1300142992321,1084.039625764
Npc2,611.951971231731,1049.953311153659
Hspa8,614.3560464677367,1061.776626053857
negative_control,613.1211484839502,1060.2087784951643
Vim,614.7304386390681,1060.6295770186302
negative_control,622.5979118835252,1129.9691211898694
Msn,621.6720892529424,1129.364117690776
negative_control,622.9530992147719,1130.047792897147
Gpi1,625.0526075494392,1125.0078987409197
Pdia3,625.2567079921128,1043.8013310308522
Npc2,627.4652284206682,1028.729335246027
Npc2,629.2123415861853,1044.4168146935674
Prps2,630.7385237623631,1118.4719718188132
negative_control,632.4649090383778,1125.132804885527
Hspd1,635.9086798872837,1050.3741904231472
negative_control,638.8939445069859,1123.8896344602765
Tubb5,640.5095364766205,1027.0031811973186
Vim,640.7945100832536,1026.6361289217134
Igfbp4,640.7556552401899,1027.8984657094777
Npc2,646.6518106368253,1103.1296537390542
negative_control,649.1482030659336,1109.3980014632373
negative_control,649.9541786458827,1118.793693645736
Npc2,653.2601872395885,1074.989047861674
Npc2,653.1038486092838,1098.6836690493053
Uqcrc1,659.8524625007312,1114.9030678732338
Pdia3,666.1764416575587,1042.7608827207769
Hspd1,670.5499237394935,1113.7063780361318
negative_control,672.4300591907851,1050.6541924760895
Pdia3,672.9211375635609,1078.9916062094926
negative_control,674.7911983490537,1078.792291572524
negative_control,672.9212981423601,1078.2405863666568
Hspd1,680.8873056070009,1048.1102798194063
Gpi1,682.7291778971445,1050.3678280853655
Pdia3,684.7805573342271,1040.2931147277134
G3bp1,685.526203120323,1056.290218892645
Npc2,686.4441580626076,1083.515412669679
Aco2,688.7152047852229,1022.553445482152
Ssr2,697.4866638945286,1077.7868695837735
Sdc4,698.167196321494,1078.0331720705876
negative_control,698.9426938490042,1012.7469845265103
Npc2,701.0474469376827,1049.7276379985656
negative_control,701.1669047900396,1028.654399209325
negative_control,701.7800729877894,1029.4371408650572
Hspd1,703.0838070017205,1009.5670988462624
Fkbp8,703.7633040412609,1056.2011865587428
Gpi1,705.1765893714853,1050.6014374023553
negative_control,707.1952771612534,1074.615153260616
Hspa8,710.2666169994661,1021.8602486115316
Ptbp1,710.4792100642275,1022.0434291695937
Npc2,715.5445220082157,1059.625650949691
negative_control,715.2492124147585,1059.252215819355
Uba1,716.8554398401773,1030.797482641368
Prps2,721.1379152248755,1053.990702353551
Hspd1,722.5644279000271,1027.013986671043
negative_control,722.2412763681625,1046.2293917202353
negative_control,723.0142377175594,1042.318852601266
Msn,723.0489949505267,1041.9706032363245
Fkbp8,730.4727407082926,1071.577053857831
Hspd1,731.3344387211266,1049.011347486402
Fkbp8,731.1395941632023,1063.7563359468804
Hspd1,737.403681077793,1052.2124473823662
Tsc22d1,741.4393170891485,1051.4271849612755
Hspd1,741.9039383935337,1055.6353948790438
Ncl,353.77362897551893,1044.5526273268586
Ncl,364.9791615332128,1078.8024175186404
Ncl,386.1708010843778,1161.1842256036875
Ncl,386.269608749156,1110.4744343316518
Ncl,393.2998467468876,1202.705512034261
Rrp1,400.8154092420149,1174.1866184187102
Uba1,398.22135694533176,1148.101406337279
Myh9,400.0054386825912,1147.2589086281223
Vim,402.2143699052541,1147.58099684755
Psmd7,401.7431981888238,1083.15630628309
Snx5,402.571512769544,1220.1254609778557
Ncl,403.4822542730885,1124.0278090693716
Ncl,404.22277245334953,1227.748324584525
Ncl,404.51428624942224,1236.106678758559
Stip1,405.0167218115035,1104.6114413349412
Fxr1,407.3943412331608,1253.028007942345
Oxct1,407.4116277173721,1115.87489924115
Ncl,407.8186131478499,1278.169046014472
Psmd7,408.7580512076437,1357.863241097504
Ncl,409.85773286164033,1304.9068691626085
Stip1,410.0613794331074,1221.0305911961302
Psmd7,410.475597052413,1233.2278643437603
negative_control,413.0722388590923,1370.144796591688
Vim,413.7874258808978,1284.825245882123
Ncl,412.2724131679684,1298.510078419405
Oxct1,413.4198769498432,1360.7460080750095
Xdh,412.8263869974888,1355.0308081522846
Stip1,415.19803022239057,1292.058718154913
Stip1,415.64801744464086,1113.2549339167963
Psmd7,416.0428663843795,1381.4197357472158
negative_control,416.8714080341803,1296.22685389756
Trim28,416.3165638407972,1259.7982696509823
Rps15a,415.0484447620018,1260.419371756314
Oxct1,417.21714628518026,1259.5417002314978
Psma7,420.0963029028021,1261.6127499369145
Stip1,418.3161140433742,1145.842298863385
negative_control,419.32722005607394,1099.004536120773
Stip1,418.4974582814791,1359.710450225789
negative_control,420.414588139529,1118.274061479326
Rrp1,420.17229339750565,1354.9080206818155
Stip1,420.94694285503147,1240.1459628587943
negative_control,421.3448086356067,1304.125664107152
Fxr1,423.0464439073023,1159.315385639919
Nap1l1,423.0848773872277,1184.371878559975
negative_control,423.40407814663496,1220.421573443436
Efemp2,425.1918837491697,1174.0596342783228
Snx5,426.2874657058641,1079.465390226875
Ncl,429.1345641219584,1239.6781379099982
Ncl,429.4943508927825,1253.1547076827796
Vim,429.0961614475895,1252.344647995649
Oxct1,429.6875632274888,1174.8814150611183
Mrps5,430.7082833755508,1167.3120855382735
negative_control,429.7347750320291,1165.7146176859198
Rrp1,429.6903785604322,1159.4024870411324
Oxct1,431.74497140174697,1297.8489584860183
Stip1,434.2410017155658,1119.8441598930794
Snx5,434.9862541763527,1167.851073827152
Rrp1,434.6857109710084,1089.4008042977205
negative_control,438.6376269179857,1174.920932981954
Lmna,435.6956388140256,1173.3609984173904
Maged1,437.0198655226304,1176.920416983131
negative_control,436.5652380913078,1175.3645127099128
Hsd17b12,439.6931506376149,1120.0137359553137
Cct5,438.5530596647775,1121.0902212822557
Oxct1,440.0592110218829,1124.0338659244082
negative_control,441.08325671883983,1090.8363475056024
negative_control,441.3703249994205,1091.4783844603464
Oxct1,440.66623972101,1171.984787467013
Ncl,443.37784957799886,1127.2715462379049
Ncl,444.01076868084107,1101.5099389314398
Stip1,443.2153066046104,1264.850822748289
Ncl,444.9896746352366,1257.33261856208
negative_control,446.8375935535495,1105.6579256810237
Psmd7,447.7275846260599,1082.0443300920192
Snx5,447.4292031539458,1213.0052620756292
Snx5,446.9519017985792,1127.5951979151018
Stip1,448.7699461880141,1235.3911776173534
Psmd7,449.43099397239183,1086.26224250646
negative_control,450.7567535481486,1186.270012153072
negative_control,451.0107986326126,1186.3076221447627
negative_control,451.022040416414,1186.7512095368616
Rrp1,452.4591721431637,1097.7837666260516
Oxct1,452.8802059007296,1124.7360444132928
Ncl,453.3855576245751,1042.144759122351
negative_control,454.9259972009973,1080.5931908342948
Vim,457.3608086333908,1080.7198132638864
Psmd7,454.1047579221332,1217.4609148511354
Snx5,463.070241375278,1097.5740816289892
Oxct1,466.065996537856,1229.0181495430463
Stip1,469.94896222961086,1154.4478395190902
Ncl,471.7011769047912,1109.6699594172312
Ncl,474.8276638743636,1116.6002352636428
Ncl,474.8120555598505,1151.701470854754
Ncl,478.31062697019513,1168.7527777042103
Hsd17b12,485.5619809997968,1198.3150530442376
Xdh,486.1279608183514,1054.1927712450145
Snx5,485.92733802716737,1058.3305182683798
Hsd17b12,486.2519949631895,1124.0505183433495
Snx5,492.1956739397369,1071.5266774558174
Ncl,492.7051845073588,1162.8307542726077
Trap1,495.10746626885503,1045.6981616884773
Oxct1,505.8205977881185,1169.4191178974772
Eif4g2,507.4516029349135,1050.566415176137
Hsd17b12,507.5465475119026,1051.3111040407948
negative_control,507.0226992651338,1052.0690369780043
Fxr1,510.49856896660697,1083.543258577235
Snx5,511.54470183774737,1040.0624220097582
Vim,511.6983053696637,1049.7238735782448
negative_control,511.53382464430825,1050.5035175209855
Idh2,510.148609606392,1052.649410387304
Ywhah,510.4245474219575,1050.9840131504186
negative_control,512.5714678160786,1102.603015126862
negative_control,514.6176657061657,1042.9094921940125
Snx5,528.0289372789757,1080.6953625599926
Psmd7,530.5805738583459,1076.173124808145
Trap1,531.406603618753,1064.5690038408784
Snx5,531.5147628424052,1071.9371612534007
Snx5,533.1621733751836,1033.409542032139
Stip1,541.2462514012768,1044.6940871439797
negative_control,544.1795157450251,1051.8670098261405
Oaf,543.7878462166742,1053.2175694770172
Mrpl37,544.1618129204177,1051.384631980879
Ncl,544.6250054934338,1039.4232870743783
Snx5,546.4152697927158,1081.1006719418513
Fxr1,562.1382309846621,1118.0051719138935
Zfp36l2,573.9775566379054,1091.4845424980524
Snx5,576.0380875483306,1114.2333240432952
Rrp1,578.1494103459758,1095.2191591628516
Snx5,578.9467439938035,1084.1428586384495
Arf1,584.1528607448888,1105.4189426258802
Ncl,605.3927108897046,1050.2081008108316
Ncl,605.4800472610707,1055.6158427876112
Vim,606.0718005820504,1056.4146076256711
Oxct1,609.8305987302814,1046.1636910680018
Snx5,612.6372814217398,1092.024773349024
negative_control,616.026105046356,1061.0931517820743
Rps6ka6,630.8255183305124,1087.2597124082458
negative_control,630.8121293134238,1086.6599119337154
Timp2,644.2370427171941,1074.1762611766806
Psmd7,644.2635745537847,1074.5786110446231
Txn2,645.6508650802425,1073.1533768022152
Ncl,644.6000174161532,1077.8567024812728
Ncl,648.349512588604,1025.5493027424116
Txn2,648.5015953018992,1025.4783364296322
Oxct1,649.5554434783771,1117.8872768993135
Oxct1,660.0341995057512,1049.7996736411774
Thy1,660.4879306353929,1079.6365047276324
Ncl,660.5606223021069,1079.6296671202826
Lrrc59,665.0334401722079,1058.0292340571402
Vim,666.5084808697685,1074.8492345690831
negative_control,665.7955552235215,1074.4635735052398
Snx5,666.2371135241264,1047.6788023137578
Snx5,669.6945938675224,1084.941431757074
negative_control,669.6386364905235,1058.7824170470572
Snx5,671.2333885022576,1035.9867846467482
negative_control,671.684566833264,1090.362662946459
Rrp1,675.1621883556745,1113.7588546664272
Timp2,674.5533582990313,1076.4717006813537
negative_control,675.942156444813,1077.736659176892
negative_control,676.0963829985926,1076.6983951747964
Stip1,682.1991724586322,1018.204743100259
negative_control,686.6964604094399,1040.5650733998082
negative_control,692.4389795831598,1043.4389104634297
Ddx17,692.0911333479987,1043.5797190535914
negative_control,693.3007112090395,1042.591836390876
negative_control,694.9235698040532,1089.9618617914334
Oxct1,694.7880720244601,1095.486606858848
Psmd7,696.7698062022878,1058.7520159566582
Rrp1,699.8199247296825,1060.880854766935
Hsd17b12,700.2218720841831,1031.4369187147938
Snx5,700.802735130713,1082.2321365066298
Snrnp70,707.0225983180972,1082.2312451984103
Snx5,707.2219876707413,1045.7316142391917
Psmd7,706.8009720912751,1079.1892262991214
negative_control,707.9478380972846,1072.7919612115586
Hsd17b12,717.2306794390422,1011.3418669043684
Uba1,718.3278236095734,1085.784008906647
Hdgf,717.0287579231172,1086.5875261845615
Hsd17b12,717.1655654361425,1086.0611338645442
Stip1,728.0209265493879,1020.4062539679816
Rrp1,734.0812237037908,1031.953115741729
Oxct1,738.0074677143498,1071.5475026392714
Ctbp1,739.1375962460413,1070.4989012805856
Eif3f,395.19247557677846,1189.2906539845972
Eif3f,402.9634377564884,1271.5110758531584
Rad21,407.052240379174,1149.0197515096302
Ptbp1,410.149617198865,1214.2709179064425
Gsto1,410.1924328394276,1165.6460414799474
Rpl15,412.7093113240787,1371.9087313566383
Hspa9,412.2759843607224,1371.4282044158329
Hspa9,413.5238948456293,1225.6210470387132
negative_control,412.9246107981575,1224.6605488038026
Csnk1a1,412.6682870545926,1225.7884536645
Sat1,412.3843045621936,1224.6085895518645
Eif3d,412.5695543877436,1227.1129638959103
Use1,413.75943338446814,1400.2521820251768
Idh2,413.96245356247726,1291.837218205632
Eif3f,420.17426091952206,1231.9951921470592
Hspa9,420.4896609578878,1142.7663255266998
negative_control,421.1598125194032,1113.505101478135
Hspa9,421.2746863419064,1293.4105444504994
Sae1,419.6948441589423,1293.130480724751
negative_control,422.5820400278914,1186.338055399649
negative_control,424.2360184640313,1187.462095400636
Pdha1,426.088897523019,1214.0309250506975
Eif3f,425.8460442801562,1049.558296665222
Cct8,427.57899611058224,1144.7056113200267
Hspa9,428.0528954604475,1201.2649778703512
Hspa9,428.093533162504,1205.408722269107
Ptbp1,428.02041800671526,1185.576236178832
Eif3f,430.0817142953555,1320.0354078585522
Vim,433.0190829034138,1198.227512638139
Mdh2,433.0102563074207,1198.1644952106224
Rpl18a,434.0859762224344,1199.5123381314545
Ptbp1,437.3921532926517,1223.0409802213403
Cct8,440.3542320320116,1287.2847113688376
Hspa9,442.8203841197918,1202.5843820986297
Ptbp1,442.7366994046084,1128.8989299951745
Use1,443.5260014486448,1190.6501241205824
Eif3f,443.2696176264532,1115.4900239697322
Ptbp1,444.1037306440418,1110.7242817208355
Ptbp1,444.9479928560932,1083.9670040138872
Ptbp1,446.0359389312375,1095.4088481686972
Idh2,449.71410398214977,1195.0314448421536
Mrps5,451.4217413277254,1106.698792583717
Use1,453.235610312048,1211.5923421737723
Tomm40,463.9706351031306,1189.2444924024358
Mrfap1,464.4236189725535,1189.7759829401916
Ckap4,463.7777809632848,1190.130005378835
negative_control,465.6930450604202,1134.1843834209287
Ptbp1,474.98038137529215,1125.4021398029604
Eif3f,476.3592822528544,1139.7416776337766
Eif3f,476.7051515211671,1083.8051192865423
Ckap4,479.5556295633702,1116.4238751278967
negative_control,489.8234294028237,1119.0171109422915
negative_control,490.7384798670789,1120.689040951492
Hspa9,497.7419048455894,1130.5754355560034
Zfp36l2,499.8751862135768,1160.5956037389851
Csf1,501.1681235600616,1080.7632110089248
Ptbp1,505.45192262855767,1065.152106946419
Idh2,509.70639026790127,1038.9140908166105
Hspa9,515.6401637409487,1044.9110487854784
Eif3f,525.4589705087507,1164.71252862084
Cct8,527.023589635415,1168.6096519676782
Eif3f,533.9972887820519,1105.9202488163692
Fgf7,534.9866822482057,1104.9405358257598
Lamp2,535.2780189974143,1161.474851250817
Eif3f,536.7172214690399,1153.9740174496865
negative_control,548.8509173657473,1062.4054649472498
Ptbp1,550.6611503333065,1156.7467279807945
Zyx,547.9902309959904,1109.0155482923458
negative_control,550.3238373470194,1109.3165453687795
Csf1,587.7867444493176,1140.335216479244
Hspa9,589.8039806877845,1055.5126882043176
Ptbp1,605.4470508134802,1097.647646421545
negative_control,610.8408322507033,1062.7863797257653
Idh2,611.8144743874923,1046.9034171320536
Ptbp1,626.3332125501935,1035.2137687136287
Hspa9,629.1526308907148,1077.9596780158708
Timp2,630.384662450819,1077.4288003910967
Vim,628.0433702010411,1128.772665312143
negative_control,628.7826535618282,1128.0029960858346
negative_control,630.6836133286735,1040.1985898634491
Eif3f,649.1434068454693,1051.1376305225142
negative_control,652.461707392652,1027.8263305121382
Rad21,657.8225727765087,1049.1121366953112
Ptbp1,661.8384539535632,1082.724067157075
Use1,663.7111232994229,1086.5057248430503
Vim,668.5768973962921,1113.9522840672626
Eif3f,668.5509093950466,1112.814221439677
Ptbp1,675.0807296057752,1111.512684445364
Idh2,676.2573726982039,1020.3364526677292
Srm,678.0173587715585,1072.352751964354
Eif3f,678.615319583445,1085.1466465915728
negative_control,686.175064472358,1045.292567448857
Ptbp1,686.7022639255313,1054.535468856944
Use1,693.7347288382347,1060.7987045865168
Ubxn1,705.589140985025,1079.9935221905694
Hspa9,710.99862835236,1006.8969481354944
Ptbp1,713.3641883572807,1091.8397037508255
negative_control,717.913052566401,1057.830910459552
Vim,718.5107535508508,1057.2528725773943
negative_control,722.8197819401302,1038.3386947614083
Rad21,723.018110504963,1050.344435978286
negative_control,724.7383742632707,1083.3894275738498
negative_control,726.7488298755555,1039.1937545152982
Mbd3,384.0432135068204,1109.2914523579836
Gpi1,385.29822037920326,1131.363823658205
Gpi1,392.6158817905014,1176.6018525639795
Polr2e,394.5812470155853,1093.193952288911
Gpi1,396.0829189579385,1124.289733475695
Gpi1,396.7343643656111,1135.731051817639
Gpi1,399.8189039121797,1158.299832899736
negative_control,403.4439472008045,1224.428144572293
Sat1,408.5488742238604,1108.6611477971765
negative_control,407.1999549962077,1213.56387775822
Mdh2,408.58785194720224,1183.0111679524173
Mbd3,409.38651675091086,1126.736668773643
Mbd3,411.0500280972923,1150.8325928687937
negative_control,412.0747541858432,1178.6502869248363
Sf3b2,412.988952123977,1177.6331958530463
Gpi1,414.9205217009292,1323.3148985847406
negative_control,415.2554050679404,1327.1743266290262
Polr2e,416.0516502045117,1245.754560252279
Mbd3,417.4056396628827,1231.603972540579
Mbd3,420.5225782853344,1346.06438422549
Gpi1,425.1404891962754,1081.350417176465
Gpi1,428.0895027217956,1224.8700509239045
negative_control,432.9083784677348,1155.7943947194278
Timp2,433.0033606968076,1155.9142755779917
Polr2e,433.687741362134,1091.869165873699
Gpi1,433.75472307654127,1353.653831336227
Gpi1,434.2251745836178,1121.816762366459
Mbd3,435.5963823869095,1207.124454717908
Gpi1,436.48276306774414,1153.429646684111
Mbd3,438.1385926067015,1192.807648306501
Mbd3,440.3124876214953,1154.8747026946785
Polr2e,445.66437323802455,1102.8887482387568
Gpi1,451.18056991457337,1053.394658994329
Vim,455.881784215193,1072.719970869328
Mbd3,457.3346578625529,1071.4753661845743
Gpi1,458.1328211829552,1059.2655846341268
Ybx1,458.00706156906136,1152.7336209434466
Twist2,459.7784788215759,1153.7811250599216
negative_control,458.6303202005183,1153.9785670557762
Rps6ka3,463.5320934447652,1205.5789056493566
Dpy19l1,462.6685516867886,1204.895994414661
Gpi1,463.3995415901704,1139.8729595873842
Nucb1,464.1540727492456,1155.809252102046
negative_control,464.1342932433892,1155.6014767379054
Mbd3,463.52453550483824,1222.263993727822
Gpi1,474.3218626436464,1160.0372821474657
Gpi1,475.7810228996708,1208.487410581185
Gpi1,480.5692582553546,1156.9939041997632
Zyx,486.4326808412921,1190.7265250476353
Timp2,487.2002804407073,1191.5593660453687
Gpi1,486.0497847397132,1084.5524049232608
Oaf,487.6966243477884,1055.5777136543077
Polr2e,499.8090592949399,1047.606942687927
Laptm4a,500.99380683210114,1166.6483091668783
Sat1,501.4795528040857,1155.6698569678128
Sat1,506.7080575628844,1075.8477601143927
negative_control,519.4773143442619,1043.4522704732522
Polr2e,535.660267657041,1025.4130629369154
Dpy19l1,538.221546309914,1071.689097379746
Dpy19l1,546.2338063735962,1112.298086576223
Dpy19l1,559.8953295571662,1118.45717922106
Srebf2,570.8970441578803,1087.535201624745
Mbd3,582.331197608679,1063.73975077241
Mbd3,584.556393723409,1127.722784474506
Mbd3,585.6368343429294,1058.0950925410605
Gpi1,592.8331896018422,1061.4268026428065
Gpi1,597.9946215243856,1055.2665877992304
Gpi1,606.3631291969383,1106.2413207867858
negative_control,617.4098866885433,1125.6215026143077
negative_control,630.8903824739758,1091.85980825616
Gpi1,634.3457375403627,1048.340261957972
Gpi1,635.4749624981342,1058.0606431555034
Mbd3,637.901182011294,1109.9720578836886
Gpi1,646.3349569215046,1054.6521638066924
Timp2,649.3791383722245,1089.9035667129172
Mrfap1,648.621084385708,1088.9608761022034
Oaf,650.4532599384672,1091.058803071431
Nudt9,648.4433016618543,1090.0197404745363
negative_control,650.4249468688392,1033.859724103051
Mrps9,654.464482772617,1023.0967165245836
Vim,655.9875851518916,1022.441816573248
Rcn3,671.279812859493,1050.793111188062
Gpi1,673.5645545069931,1074.0729922645626
Gpi1,677.0506586509165,1043.117544903106
negative_control,694.7370281191993,1056.1736550221426
negative_control,697.4493229128407,1060.3720854514486
Gpi1,699.4047496802533,1101.896280953834
negative_control,703.5886616967011,1023.9361614201164
negative_control,707.1173873679783,1089.2524717095405
Gpi1,710.5380002213756,1032.479817018031
Rnf11,723.6112718813569,1076.1966291153117
negative_control,723.8794594707891,1051.466676130968
negative_control,725.1224920385434,1029.5891074831895
Mbd3,728.3743237518943,1056.4281864037116
Gpi1,735.2176525621517,1041.877762477477
Sat1,734.7579770312567,1028.124450406885
Polr2e,736.8771676297229,1038.045855047144
negative_control,742.4927706321968,1051.5957968331031
Vat1,382.9674475633666,1144.5294527608676
negative_control,395.1316916286223,1132.72776884419
Rcc2,395.9926619697881,1128.4877790101395
Vat1,398.30423672345455,1092.776040666493
Snrnp70,398.4078021483679,1103.3808491530517
Vat1,398.9579654119853,1103.0203116788034
Cited2,400.046994099742,1072.8707935394625
Vat1,404.3365390951553,1382.546389519743
Vat1,405.43139646033416,1247.5754059452445
Vat1,408.9761098875059,1402.8231015797871
Tcp1,411.1734834086408,1212.6331931228324
Vat1,410.7820067647064,1327.637315562871
Vat1,411.3695353997209,1324.6989811784583
Vat1,411.3253779312971,1355.9135776318349
Junb,412.85894117904985,1303.7659321975457
Top2a,413.8992727761756,1223.7740694994836
Rcc2,414.8751288599073,1155.6683704968011
Ubxn1,415.93202527954384,1185.077138730486
Psmc2,415.8094518482396,1186.284803413463
Hspa8,417.0697208945835,1185.183967891748
Fus,415.6992437770869,1185.972399319409
Vim,415.4035540608481,1230.1763565066176
Eif4g2,416.0398382199951,1229.1687531563875
negative_control,415.1161682844792,1268.520074635048
Cited2,416.0253930916225,1308.871899827352
Vat1,416.5997786188932,1362.6028134487492
Cited2,417.7170642912898,1210.2985075908878
Vat1,418.2389440033768,1252.2644360101444
Hspa8,421.5366467145871,1158.895379880161
negative_control,421.5705001530729,1159.3324932350667
Msn,422.097587544348,1158.4034484919237
Rcc2,420.8324273349303,1103.3014124530291
negative_control,420.9144747206192,1099.8149071342314
Junb,421.2166455235907,1348.1124722686232
negative_control,424.08378348343,1217.2980068657264
Vat1,424.4755257884286,1238.226200259473
Vat1,424.1550252143141,1288.8387308690762
Junb,425.7214920825557,1086.6085760723713
Rcc2,426.0763243870777,1097.2726788905854
Rcc2,427.8982814217413,1209.841739250223
Vat1,428.5182264647219,1355.0888365729472
Vat1,429.0027808573498,1236.3230481836797
negative_control,431.5005166991236,1179.4097335834222
Vat1,432.1581889704788,1164.058072244401
Rcc2,432.9455875531323,1342.903133813576
Rcc2,434.4620610516939,1127.5787705954804
Vat1,435.24821290318425,1237.5262322742572
negative_control,437.2968448711356,1227.684684968777
Uba1,436.8533267621747,1229.2734319363828
negative_control,439.5528279180218,1192.57940957549
Cited2,439.05904045566587,1193.1059312941838
Rpl15,439.5681451950802,1192.9566460772935
Cited2,438.4750746186104,1308.4352314671046
negative_control,439.2229530974816,1094.592443810906
Rcc2,439.68815600585503,1232.7765218382142
Rcc2,440.906209219509,1255.575082715482
Cited2,441.0137556800703,1253.5142596706671
Lamp1,443.967283035722,1104.791832724528
Vat1,444.2100316495553,1156.927899604459
Vat1,444.3262409911611,1080.0410532399512
Vat1,445.46865595642447,1211.4312381160908
negative_control,453.8227424745152,1132.2712968635203
Vat1,457.3624255471535,1123.117925329807
Vat1,457.0879593917198,1206.0609321300765
Vat1,458.5281410922556,1200.1343501058973
Vat1,463.2717129026394,1228.8618402112672
negative_control,465.1620616913961,1153.7630092953743
Cited2,467.48598220114377,1211.842161541931
Vat1,468.0613366627459,1219.9363140366434
Vat1,467.5609486811607,1129.5510707064511
negative_control,468.21900702607263,1163.3971399632696
Vat1,470.6639111553555,1106.6746754638818
Cited2,471.1554536574076,1059.392824068074
Vat1,472.934695003339,1217.452704324406
Cited2,476.6623485119283,1203.2112632773717
Hspa8,476.8015803974964,1106.6611594407937
Twist2,476.2603196478116,1106.7838612805094
Cited2,481.6292392874839,1106.1944211910504
Gsto1,484.8162824776157,1191.324691581754
negative_control,484.4959196343653,1192.6234738082144
Vat1,493.093568372475,1076.3443843635985
Rcc2,495.4063118390823,1093.480119564019
Rcc2,499.5910325556815,1130.9047846271012
Tcp1,504.2757477246855,1149.3017007820963
Cited2,507.3896964899705,1038.4032775103915
Rcc2,515.8897721649914,1074.6258870244897
negative_control,517.2166227328753,1127.8096160043174
Vat1,526.1035361603826,1038.8165155827364
Junb,532.5730786617027,1125.4018926560643
negative_control,540.7588148846867,1159.0979737951648
Vat1,547.9973294234738,1042.341699183274
Vat1,553.4413415403028,1039.3662427087056
Rcc2,562.5405617209572,1118.5282298455393
Junb,569.2361685879263,1149.17202934206
Rcc2,571.0317590479972,1042.2061309258224
Vat1,579.0232510183785,1052.4165473182056
Vat1,578.6129814061704,1125.351069277015
negative_control,589.2054842777075,1086.5038586043038
Vat1,592.3928165668158,1073.9665059633114
Vat1,600.3137340697313,1109.205592620526
Lamp1,602.3086590556252,1135.0896297301429
Jun,602.1373899350365,1135.911182107575
Cited2,604.8935418801035,1083.0567517125642
Vat1,610.308560397684,1130.3876194318202
Msn,620.6232271860189,1048.8890525034958
Ssrp1,620.8054977919745,1049.1106433985128
Tcp1,621.4399627469285,1048.6595561270292
Ssr2,620.3436211440652,1048.898617107026
Vat1,623.8595549364577,1060.0808971860297
Vat1,631.9733949553213,1076.107972170346
Vat1,637.3039488609247,1054.714271367127
Cited2,641.9671375450855,1095.7287676652586
Vat1,643.7383192212786,1075.2994548610486
Vat1,645.6786417799243,1059.0197217920706
negative_control,647.3248129764373,1036.3258130993636
negative_control,652.3790744314829,1081.2098242041602
Vat1,655.9080212489384,1105.4603446877015
Vat1,669.0360674526945,1076.2750473303026
negative_control,671.6620915105543,1097.3452409899678
Mrfap1,673.1207415423257,1029.712914158893
negative_control,672.3401680647617,1029.7987451352687
negative_control,673.22819186687,1029.6138166629853
Timp2,670.376950396978,1081.9535533349786
negative_control,676.5706880233804,1038.2930098450906
Vat1,680.8691765580076,1066.469914190507
Vat1,680.995256474106,1086.448383779088
negative_control,683.1841338854618,1016.7344669898696
negative_control,685.5744602895309,1090.0740806404772
Vat1,686.9663370462424,1075.1356539140168
negative_control,686.2087164321478,1059.4217584578837
Vat1,687.5962061311529,1027.7023943677757
Vat1,694.8948594316548,1043.7694271082564
Rnf11,695.7230953548399,1019.6981649541364
Vat1,697.6693789631739,1086.721838870431
Vat1,698.5298277050687,1069.3669691339203
negative_control,703.4878074397077,1053.1203116059023
Vat1,704.7026912769221,1042.7873102083338
Vat1,706.6156328349567,1052.9239075318994
Vat1,716.2534517609896,1016.1453875243748
Vat1,725.0579324536269,1045.9271813812488
negative_control,411.04173823115104,1163.1935992710942
Psmd4,430.7627254833636,1278.903118063064
Efemp2,435.1093080548834,1257.5793661251112
Pafah1b3,443.9206565093861,1095.223315580564
Pgrmc1,459.2719584284389,1242.0407207705216
Ergic1,466.0907887569812,1096.371195893366
negative_control,466.65896791948313,1124.324616730178
Ptgs2,473.7524411622727,1076.9502405936255
Ergic1,478.7451687143999,1195.158160839834
Ergic1,483.3979701532568,1163.2172348090355
Efemp2,493.93650878202425,1052.4810222801211
Ergic1,495.2630334769141,1099.8924601828323
Ergic1,496.5990635260689,1181.1902622316093
Ergic1,507.1957209406959,1147.547208520358
Ergic1,508.432695072982,1094.8051525164396
Ptgs2,517.9336166939506,1128.9014141001744
Ptgs2,518.2436970909993,1108.81451091602
Ergic1,518.4208802549695,1160.3768280202237
Ptgs2,519.5452271574343,1120.999751881429
Ptgs2,520.395221036905,1049.4531642251295
Ergic1,531.0902888415083,1070.32339406065
Efemp2,530.9851972493475,1050.418887232724
Ssr2,547.824257467177,1047.819632188584
Ptgs2,551.6357087222474,1081.9546295414946
negative_control,561.775448573019,1150.0042457713837
Ptgs2,563.3046950520431,1039.1588838772452
Ergic1,572.2641473981598,1138.2367396145496
Ptgs2,586.0328797798838,1141.6877843633908
Ptgs2,586.571413410825,1105.0884893900309
Ptgs2,602.6251217578252,1118.3698275131323
Ergic1,604.0176028826081,1123.384014841099
Lmna,631.2227766389441,1042.8957429045686
negative_control,640.829286693853,1117.5267713717835
negative_control,658.8608860310467,1090.8319943145937
Ptgs2,670.9286900346458,1033.1998800664885
Ergic1,677.3195849446628,1060.8003373451525
Ppp2r1a,680.170165483338,1041.7978291117777
Timp2,681.5604831115223,1041.9357429125098
Ergic1,696.3527670393837,1089.2218303696905
negative_control,700.3294097788726,1057.9670934271724
Myh9,699.8770145154731,1021.223490976954
Uqcrc1,702.058716180387,1020.6822914901896
Ergic1,730.9948856632524,1038.0891028128444
Hspa8,358.1796138265107,1071.8679351797757
Mrfap1,373.2071676910553,1081.5180315350929
Txn2,376.7744213077171,1115.5482514895111
Hspa8,381.8610126645039,1204.4505884617822
Hspa8,386.6076702215577,1113.0043526583995
Hspa8,398.4488355947799,1185.313136942873
Hspa8,399.5821111348657,1199.3279721520098
Eif4g2,400.96007172037633,1134.1029785816795
Hspa8,401.3611138228863,1098.0785698036143
Hspa8,404.30615923319647,1159.0405093428458
Mrfap1,404.112432864851,1232.4927728181951
negative_control,405.610775017596,1264.6646177299774
Hspa8,406.0358852311407,1267.9262405043696
Vim,407.9120597980117,1188.1109172426834
Msn,406.97159155486986,1158.9895833166702
Hif1a,407.92699455032914,1160.2848392628453
Hspa8,407.6382590076083,1158.2672769078636
Hspa8,407.6815535306837,1384.3093701206965
Hspa8,407.5286765885575,1305.1909214814953
Hspa8,408.2790385130211,1217.9708706815122
Hspa8,408.866791701369,1126.4179763047375
Raly,409.6185304954336,1343.5796912749518
Ercc1,409.87281749864167,1057.537466825116
Ercc1,410.1856801282364,1389.1686810008648
Vim,411.80548840649806,1337.4737370977068
Ercc1,411.9421868056173,1149.860138100532
Hspa8,413.5037969750455,1340.6055727797643
Pla2g4a,413.0710121918938,1298.2126378301386
Hspa8,413.6918838159677,1098.0853396545915
Hspa8,414.5108673634619,1232.182850270784
Mrfap1,414.53737583986754,1314.017461569566
Raly,414.7979614270658,1362.5233630767184
Mrfap1,415.7221070545813,1296.6374654572642
Hspa8,418.1287792482874,1138.7084823468524
Hspa8,418.20577489089646,1131.012844769004
Txn2,419.0623119767102,1316.607791040907
Hspa8,419.0626170230668,1208.838820106356
Mrfap1,420.5089096996612,1276.092928332543
Raly,421.4639577881162,1337.4643351449745
Txn2,421.5401094966082,1255.8045103598558
negative_control,421.1616451131554,1255.4237729640547
negative_control,422.5963426960342,1107.61008372041
Hspa8,423.8823753674652,1307.4771592749148
Raly,424.752645003913,1129.80296700262
Hspa8,425.51830574693656,1270.3230365774075
Mrfap1,424.8955377259628,1184.615809517648
Hspa8,427.83572856562046,1277.7012855206317
Raly,426.87378934397583,1265.300230757673
Hspa8,428.02560262450766,1142.4427229289977
Raly,428.30192234231095,1238.4384536685998
negative_control,429.14267731347377,1101.9346430058008
Oaf,429.2524306416923,1233.8992773894267
Hspa8,435.42359441045846,1090.0744003861791
Hspa8,437.4786178498467,1165.649898562604
Raly,437.7403112091944,1118.5713090986249
Mrfap1,439.7938159529179,1090.4635640526749
Hspa8,440.3800602913961,1247.570532078115
Raly,440.2100937085693,1150.1377754764967
Mrfap1,440.83810639146833,1235.75950764748
Hspa8,444.6504061163398,1080.8106684156323
Hspa8,445.2973932738361,1089.3809576933354
Raly,447.0090727585842,1137.745267648126
negative_control,451.42777754272726,1189.5798571160428
Ercc1,454.0304345470486,1041.9225674395268
Mrfap1,454.9979687305904,1255.788759901628
Msn,455.0943296711366,1256.313997138202
Cs,455.2102699465038,1198.103153578499
Vim,454.3034111247333,1197.567381853028
Hspa8,458.4092714189768,1171.8024212504092
Hspa8,458.935271165117,996.1934146436398
negative_control,460.0533141550031,1176.1890994211844
Hspa8,460.29007835237513,1226.9325680651718
Hspa8,460.8144268585786,1237.7229674194489
Txn2,465.1862425608794,1104.370939653842
Hspa8,470.668868583726,1067.0919756659123
Hspa8,473.844924044495,1201.6719704803957
Hspa8,474.6341896563725,1220.8362147184057
negative_control,474.4900282168122,1220.698635767423
Hspa8,474.3565268792608,1159.6902066912094
Txn2,474.39121480116376,1062.911616172541
Hspa8,474.8106556202272,1069.9012049667274
Hspa8,475.80652982311045,1078.470696169437
negative_control,482.7996537295653,1183.0664418207443
negative_control,482.40476229398456,1182.8414937249702
Hspa8,482.4955158109842,1103.1370949464697
Hspa8,486.8042684659012,1186.1853780037793
Mrfap1,487.83371497810526,1062.7241243448707
Hspa8,492.8438899423361,1093.1020493867632
Mrfap1,492.6870983467037,1150.8576362251854
Mrpl15,498.6267019857132,1045.2182189242408
Hspa8,506.8589846261635,1163.4939035959958
Txn2,509.6705165862272,1167.748965363081
Hspa8,512.8898621256976,1042.2780998756025
Raly,516.5511412910705,1029.9031185518352
Hspa8,520.8591460869202,1062.3324704663369
Mrfap1,522.0060471213925,1039.2879505753208
Hspa8,523.5781625922673,1056.1447477034244
Mrpl15,523.2263976974122,1088.5103210824382
Txn2,523.3924816649705,1027.629756859586
Hspa8,524.9105031347987,1035.4978412279215
Oaf,526.6712679622999,1079.7769132893543
Oaf,527.1169004150705,1169.8986346513184
Mrfap1,528.2704653510223,1034.1831382755663
Hspa8,529.7975182323003,1031.6711422093292
Hspa8,531.610205723817,1045.6087195125594
Mrfap1,537.7829115884228,1035.0983780007623
Ercc1,538.0627680423936,1108.597270023319
Hspa8,540.9349107613082,1036.2843564966367
Oaf,542.9657973860031,1070.941667880081
Hspa8,546.4227930407665,1065.7508144216226
Mrfap1,553.5790994076102,1150.325245530337
Ercc1,556.3440000031301,1062.831287647209
Mrfap1,558.3416494489774,1039.8208959131755
Hspa8,575.238574900387,1042.8600446224093
Raly,583.4013923843295,1103.4478525352033
Oaf,588.8371236358346,1108.1866193865433
Hspa8,598.4640969762586,1036.7733548800309
Txn2,604.5512068519546,1050.3687040433306
negative_control,606.0391721989126,1060.9937937361087
Hspa8,608.8775985964903,1040.8812789253402
Hspa8,613.3115337898139,1066.874946539229
Hspa8,617.5816427251725,1126.214204401172
Mrfap1,619.4607041257254,1082.9949030305345
Grina,635.2770413232184,1122.6210367223546
Vim,643.613636105694,1025.3769713928953
Hspa8,643.6724374446608,1025.4333748082486
negative_control,645.4640118860164,1025.3962829891873
negative_control,665.8986979363666,1052.4687613647566
Rpl18a,666.1071501745075,1075.5052459153228
Fkbp4,666.9714907200411,1075.4865759496688
Mrfap1,678.196097332313,1104.753442410067
negative_control,686.2322290173563,1035.2094576035825
Hspa8,686.2846001601815,1038.5133366697037
negative_control,688.7716691089522,1077.939992401893
Vim,689.004689833307,1078.382699755844
Txn2,689.2504975055958,1078.1696631265288
Hspa8,695.9345212766838,1072.4180714800768
Txn2,696.7550565754632,1093.0924356044898
Hspa8,698.17907864844,1014.3990099310312
negative_control,698.7018036938492,1043.145993497877
Hspa8,700.9727647747966,1024.2432114075689
Uba1,701.6586298966454,1014.855102174669
Raly,702.9849606382855,1015.682588135957
Msn,703.9133217060629,1016.1976409424236
negative_control,703.5994853295462,1017.1336828653888
Oaf,704.4128136859507,1071.6631604821491
Mrfap1,705.3336897513545,1020.7689427657932
negative_control,705.9996164477116,1079.0765727195571
negative_control,706.6703081856948,1079.393285025796
Txn2,711.1862838615983,1044.5006399154413
Hspa8,711.9756387958514,1011.6100691461652
Mdh2,710.9712287397306,1012.6641501075665
Hspa8,712.4140936916217,1052.4038253254346
Hspa8,714.9483664953415,1085.5208545944274
negative_control,716.8307166521769,1030.458536577647
Hspa8,720.6561713383727,1086.6599367979388
Eif4g2,731.2610745725099,1049.7209927289662
Mrfap1,731.0265280598855,1078.4755890468716
Hspa8,733.47097674292,1036.8589135292418
Grina,741.6738206522056,1054.5640847047289
Mrfap1,741.2110399643093,1055.0618708196016
Mrfap1,747.0950895571298,1065.187526002279
Hspa8,749.1035552261487,1055.3925719965118
Zyx,373.59956564683534,1062.9917794661496
Jun,378.8643660016834,1152.4790123164423
Lmna,380.7707538072965,1145.8707474405833
Zyx,387.5063888816489,1083.9140577648163
Zyx,395.16229462821633,1107.2619418725544
Lmna,399.0103876557173,1121.1503147815288
Zyx,400.11659690733774,1189.8417804865835
Lmna,400.6791018894965,1178.6099637601656
Lmna,401.3930380670414,1097.1487745065947
Lmna,404.5351008008295,1208.6678550771442
Lmna,405.8451089048699,1192.0342943801252
Lmna,406.5062994060325,1249.4693834885547
Lmna,408.6600477837361,1241.6672194991688
Zyx,409.1750431486179,1105.8963065362675
Zyx,415.0384490934324,1277.439806208878
Lmna,415.5328084171658,1149.817136979956
negative_control,416.3383677596118,1252.2686429544358
Lmna,417.1970431036703,1305.6465905699422
Jun,419.4054643201824,1214.6567146122643
negative_control,419.9953156013257,1247.0170663287936
Zyx,420.9514387737512,1295.5933195834891
Rpl15,422.83472331587376,1084.2250235869606
Zyx,421.2567062584484,1084.5687572119357
Lmna,421.849935206865,1152.7041264389154
Jun,423.8420201019538,1156.3648753716711
Idh3g,423.7633660391744,1111.5611535392802
Lmna,423.3793376776166,1081.0128072730588
Arf1,424.249142555884,1296.1298734161576
Rars,424.8156355380778,1295.4788996776683
Ubxn1,424.5487733338607,1245.7414804533128
Lmna,424.5326103759065,1244.260032043299
Cebpd,424.09890715476087,1344.2309240663271
Zyx,424.9344122539828,1359.4800616523858
Csnk2b,424.6508461789726,1278.9220399842693
Lmna,425.3668091788665,1279.6161059122649
Cebpd,426.8341093218021,1123.1550613478544
Idh3g,428.3800642787188,1283.3618552745156
Lmna,430.8569546381421,1309.562908424188
Vim,428.9778208673596,1308.414995511696
Zyx,433.4297119977002,1373.0871158877403
Zyx,433.84008148698285,1364.521514559867
Zyx,434.3850121344593,1261.699668022034
Pdia4,435.22586356685,1261.379059160514
Zyx,435.5287274074888,1166.577839848081
Lmna,436.6578713078395,1249.096617867967
Jun,439.2168786838466,1390.1576155742896
Lmna,438.6653303172537,1180.098079235603
Zyx,440.3064823043614,1127.29504974845
negative_control,440.0038323916826,1118.6841669143164
Zyx,442.75102897641887,1078.8764659251185
Lmna,443.0392722591548,1153.52179900265
Zyx,444.99574902758496,1270.102272580279
Fgf7,447.0573763222633,1271.2397208190632
Lmna,448.26426467806994,1098.4725253842687
Idh3g,450.1543101910461,1191.633524059435
Jun,449.6979981159432,1159.1905960020308
Zyx,449.6139303787779,1152.0573568656648
Lmna,450.0325813095869,1216.996076516688
negative_control,449.48946323413736,1079.0091494399933
Lmna,452.6565351148608,1087.7832131954356
Lmna,454.1320379161473,1095.823446690553
Lmna,455.8454198268472,1249.5270659741768
Zyx,455.3173504638341,1073.194500623982
Uba1,456.5752771695328,1083.9435494152876
Rars,457.4500513471759,1155.9832267120946
Lmna,460.46106870892606,1066.9188377278529
Lmna,463.4804079007338,1243.070289715267
Thy1,464.7595873818903,1232.0986405903886
Sfpq,463.737354971904,1231.0873734945706
Puf60,465.5915104769458,1231.2829794753347
Jun,464.5838481406592,1232.3235354479584
Lmna,464.2841298165673,1078.5825375488034
Zyx,465.2113675478799,1229.18829568697
negative_control,465.216103999549,1179.1378045804474
Lmna,466.21508431115006,1202.980690932224
Idh3g,466.1699660535425,1226.7647739501451
Lmna,466.3366581393603,1191.7424419027689
Zyx,468.4113573766931,1058.4792926591797
Lmna,478.3648449388553,1066.5338156094947
Zyx,493.8305189726677,1158.9802070642927
Jun,496.19954141488006,1152.5695204775284
Lmna,502.097931188826,1052.4697470581968
Zyx,503.8301573977977,1047.655087942246
Zyx,504.7074816950958,1109.6037188141242
Lmna,506.31300481533054,1175.9885632785565
Jun,511.8076441480712,1089.255158423545
Zyx,530.1301206820951,1049.8078458360103
Zyx,533.7578795821411,1035.720805638097
Msn,543.3808316101829,1041.8394811373107
Jun,557.2791887944104,1083.9751989457034
Jun,565.1232207110353,1152.8102115406507
Jun,575.4788952185957,1047.6812420856108
Zyx,592.4430595074009,1045.2151217225571
Zyx,593.6940908432155,1138.672202225148
Jun,610.9188833861874,1033.2895054933747
Zyx,614.9566053259807,1062.1134920914512
negative_control,616.134025822275,1077.6500532520895
Lmna,623.3210153175338,1059.5565137163658
negative_control,629.8080981876974,1057.4824014607043
Ddx17,629.627223512552,1058.015957193865
negative_control,630.784314799621,1068.3311917094306
Idh3g,638.6814561404274,1092.189781490942
Vim,653.788331181075,1042.9344543418656
negative_control,654.0113487342121,1042.867611703941
Ssr3,654.0651084148067,1042.7736518715517
Timp2,671.5590142781905,1112.2394366321737
Lmna,671.0635393796279,1112.5641800975063
negative_control,689.7189819159071,1033.455769974857
Jun,696.4437101718273,1096.70351714944
Lmna,702.724875951866,1039.663730782736
negative_control,701.4680666546366,1039.4808578010116
negative_control,702.6456815069415,1035.9715724050684
Jun,707.9842829990816,1060.9860093069467
Zyx,710.5706907058161,1033.0894090320453
Zyx,714.1110229731386,1009.7600844260091
Vim,717.6577301502476,1021.9708436040306
Cebpd,716.774398613622,1021.502601662936
Lmna,725.8496189837655,1032.620958169042
negative_control,730.4039943581506,1037.518960791071
Ywhah,732.0998586615921,1034.6937594571816
Lmna,737.4796848439084,1060.8418235215192
Lmna,738.2049076658036,1065.591788884146
Ubxn1,365.0204986218424,1084.6283653248693
Msn,389.60526254593526,1113.7161589757256
negative_control,404.7970776389047,1201.661702306357
Nr2f2,406.5939571121906,1102.3213869109854
Sf3b2,410.56083633336937,1189.9161398457277
Sf3b2,411.096989123851,1276.2771779808777
Msn,413.6051099937312,1323.2750984863314
negative_control,416.39989764929845,1196.029130920586
Ywhah,417.4704366750558,1257.3344976507817
Nr2f2,419.0432165955602,1147.518542675578
Hdgf,421.9390170629917,1164.4257111648642
Msn,422.0037643602125,1236.9711128509666
negative_control,424.2861379235149,1124.4635788688445
Ubxn1,424.2067273049359,1198.1130464416815
Msn,425.0267735118852,1159.9653746032327
Msn,426.7731753623764,1262.1483925918246
negative_control,434.0668619049485,1250.9311181368123
Msn,434.4669678116985,1299.5640234949944
Msn,434.25922702631874,1121.0496901240508
Msn,434.7906748758848,1241.160819651649
Nr2f2,436.8116616504385,1126.719086055096
negative_control,438.2919009665118,1116.8126073361518
Nr2f2,440.6612855545241,1235.774235808578
Ubxn1,441.4918851950577,1122.0337074139684
negative_control,446.4545605814947,1270.2825411642543
negative_control,448.5527808490656,1081.6605528116966
Msn,452.9381508905327,1064.7127738192569
Tomm40,454.9248859792795,1098.2423523159446
Ubxn1,454.6843066371973,1142.326683013409
Pdia4,457.4852606853818,1187.1543065294445
Hdgf,462.6677667310818,1236.8296549163067
Nr2f2,470.4703209904532,1062.7763722548332
negative_control,471.1769880388912,1222.9266268776091
negative_control,472.0783340775264,1214.2197605130016
Ubxn1,476.5096786555497,1060.745154968446
Ubxn1,478.4296867103672,1016.2709264199756
negative_control,486.64623005741976,1149.1771345758934
Msn,487.2648458446536,1108.0341483902555
Tomm40,488.52220326652,1151.0539428632003
Sf3b2,490.05796858538406,1175.0557747625674
Lamp1,496.6599059365842,1158.5392893054643
negative_control,502.5988104434944,1188.3461713940078
negative_control,503.231599945723,1188.188827976785
Nr2f2,509.2664372660282,1131.644314380953
Tomm40,510.707344611311,1100.7022480937198
Nr2f2,512.4170211584099,1108.2699447033672
Eif3d,517.3086327707616,1148.1599441612452
Nr2f2,517.8036106303362,1044.960791560525
Ubxn1,521.1741834280407,1029.2499111379466
Hdgf,547.4323605958405,1040.704981546834
Nr2f2,558.0889865087852,1043.155686117358
Nr2f2,558.011574538297,1039.3984498765317
Nr2f2,559.3079084329113,1068.7709384256632
Nr2f2,565.1259432941315,1058.4543267684176
Thy1,572.0754252917766,1047.866457674383
negative_control,571.7214868038402,1048.4466993495992
Nr2f2,584.4687841553507,1069.6287544358806
negative_control,592.1836316438098,1036.1684165249326
Maged1,592.4933632022984,1106.0912651218669
Gsto1,594.6243397055131,1135.5483017901292
Rps15a,626.913617534935,1069.647326412188
Ndufv1,625.7184087870752,1070.783545517709
Vim,663.4875538373642,1023.5629132933236
negative_control,667.161853602881,1086.5590886358798
negative_control,670.4335377474893,1051.5519284301515
Msn,671.3062349028194,1077.0950232980117
Ubxn1,691.3144033436613,1022.3018619094678
negative_control,696.1367322630716,1094.368373832599
Msn,706.6712232015292,1007.336628153962
Msn,708.3277643498094,1009.4773870594654
Hdgf,737.6999584962275,1027.511757804418
Vim,739.8818535645562,1044.3259017390055
Msn,740.5595094942862,1047.423916038182
Eif4g2,396.0302330888293,1132.6326747029298
Eif4g2,403.1958632480096,1112.693732682838
Eif4g2,411.35000541386086,1296.8270904808269
Eif4g2,411.30776698659406,1096.6856142260574
negative_control,417.47790564670834,1135.556188770232
Eif4g2,422.20546190010896,1310.1901018942565
Psap,422.7219638343597,1128.8064622149916
Vim,424.2783723520848,1128.1960895975203
Eif4g2,424.9448246835327,1079.2341288861626
Eif4g2,426.0548481511853,1309.7318549391257
Ctbp1,426.2381032860793,1148.5374534381272
Eif4g2,432.2268929414877,1232.7259879865496
Ctbp1,435.6249443811541,1217.1952807922798
Eif4g2,439.8118969557132,1234.633893900926
Eif4g2,443.64326448680777,1270.841650954997
Eif4g2,448.87721301016353,1226.5155917569614
Ctbp1,458.7658098240733,1174.6718357805005
Eif4g2,459.8303434475618,1074.9089200377816
Ctbp1,461.3110804217497,1144.8811080945443
Ctbp1,463.18900293936815,1086.6672562712731
Eif4g2,462.76534772833503,1235.00117654173
Vim,463.3601947006284,1124.2878471929332
negative_control,465.3659993372405,1193.0030444976087
Psap,468.7924971449643,1185.780106323781
Ctbp1,471.7748210436735,1228.7153834371543
Psap,482.2853781094056,1107.0481840844166
Psap,483.32613720246206,1131.5160780303163
negative_control,486.39970578734193,1081.9324006650418
negative_control,488.35274905874206,1122.4688522525769
negative_control,489.7325888616791,1095.4976135605102
Psap,492.41214026851367,1100.8020336069335
Ctbp1,495.1846421130119,1093.9559993007692
Eif4g2,494.9353300629497,1066.5816670516351
Ctbp1,498.9334286051719,1180.5386054357864
Eif4g2,500.3763569416479,1052.5072554139006
Psap,501.1787321553497,1088.9356501183645
Psap,511.12246042661263,1165.7988765134623
Ctbp1,529.0906321738323,1028.1747712252904
Eif4g2,539.1110041784352,1034.8909106183642
Eif4g2,575.7341343662343,1109.544617617671
Psap,603.1094104235113,1049.0852054998393
Psap,627.4700745035823,1038.0168917052238
Eif4g2,630.703771873363,1027.1546824881837
Psap,644.1835085149849,1080.3316254056829
negative_control,651.6456279699145,1046.1817426302414
negative_control,656.60259429915,1036.6036296426278
Vim,656.0471722856169,1036.9311890634528
Eif4g2,683.9284364179664,1040.1350069736404
Tmbim6,685.7695379529712,1108.1053232564025
Timp2,686.2176276601876,1023.251149696286
negative_control,689.079252519627,1015.674855130276
Psap,705.6313569495812,1088.3099218127095
negative_control,706.8477436320909,1037.7060897456213
Eif4g2,708.0135410858711,1033.8367180526243
Psap,725.367862058067,1074.272741399674
negative_control,729.0092167401501,1064.353349878494
negative_control,735.673938650169,1078.6932121097725
Rpl18a,392.1339457888515,1366.9005634095693
Ywhah,393.3546839816665,1108.861978768198
Rpl18a,394.9335448206708,1206.1003537997249
Rps15a,396.3495236515146,1150.70602420766
Rpl18a,400.06472675976966,1228.755170008309
Rps15a,400.5926130129756,1213.871490288962
Rps15a,401.5708851521045,1173.6043762731165
Sdc4,404.3525307018884,1116.6998464512706
Rps15a,406.1606695634595,1125.5422466598734
Rpl18a,412.0886946744156,1276.2831908534472
Rpl18a,411.469157913042,1246.113068486574
Rps15a,414.760157276487,1283.8656086214082
Puf60,415.3119681821818,1231.0159138960944
Rpl18a,416.9306092697553,1057.0083062906988
negative_control,417.8274585033227,1268.9321007316803
Rps15a,418.5914991747221,1349.522138436405
negative_control,418.773729577052,1159.70283732629
Rpl18a,419.91976895254766,1315.0505067078884
Ywhah,422.8222499287573,1155.8098311146516
Rpl18a,424.34030097133854,1134.1136666659645
Puf60,426.4033611794708,1300.0183448606454
Rps15a,426.8013710498895,1260.8181739182446
Sdc4,427.2239597958434,1272.02671546793
Rps15a,428.7743947777221,1221.7609156696403
Rpl18a,429.8574481360557,1277.9809962115492
Rpl18a,430.3502294356844,1065.4911609108915
Rps15a,431.2039194928196,1177.192860595731
Gsto1,430.8996976461767,1175.1011661806378
Ywhah,431.569753201216,1193.6983999573422
Rpl18a,431.4136161146057,1308.0463144933258
Rpl18a,434.77816860810606,1157.3949145120007
Rpl18a,436.7236167809469,1124.606277153151
Rps15a,437.4079901580144,1215.7491448282456
Rps15a,437.679248701272,1208.6473153304337
Rpl18a,437.822065572147,1120.106422839922
Rpl18a,437.9620543592768,1112.1718207665074
Rpl18a,439.3817740987832,1391.9335035369616
Rpl18a,441.120043078575,1281.2245905227048
Rpl18a,443.7313470311032,1192.3978480907592
St13,443.7918546601483,1178.2066700541998
Rps15a,445.9073629656527,1172.639114311332
Rps15a,447.58944990184233,1242.5741978602744
Rps15a,449.9458485621932,1271.341801453496
Rpl18a,452.86583478630735,1125.6540474716187
Lamp1,457.3630941784024,1087.6675596284645
negative_control,458.1053693623554,1114.009802214514
Rps15a,458.88765568969103,1149.400155308952
Rpl18a,458.9925341072954,1129.753863499191
Rps15a,460.0127163379684,1174.9744908988364
Rps15a,461.322983612947,1228.4077878611024
Puf60,460.74175266628754,1067.1064216235502
Rpl18a,461.04938770335593,1122.7502847767105
Rps15a,461.62275860969976,1245.8508452696412
Sdc4,462.4305520068379,1210.49542745311
Rpl18a,466.2209480841586,1248.2506949134804
Rpl18a,466.86622415503,1116.6298218924658
Rpl18a,468.29975911804365,1147.804030332694
Rpl18a,472.08220260974383,1177.349328184237
Rpl18a,471.9947032655173,1168.6736548792396
Rpl18a,472.8028460419666,1140.434802906724
Rpl18a,474.2043264162663,1145.8699687905855
Rpl18a,473.5994844912224,1081.7712364392776
Sdc4,474.6259634494883,1108.8468696837003
Prpsap1,476.2051672262489,1127.364762596909
Rpl18a,478.16897631716313,1096.9385366542472
Ywhah,478.8465249606561,1023.8742229684692
Sdc4,485.118695181621,1135.0224332067833
Rps15a,485.9389876326039,1048.7523727619523
Puf60,486.2901440444258,1069.3252957256936
Rpl18a,487.6095206216633,1194.062353580553
negative_control,486.7113965550562,1143.6184167983422
Rpl18a,488.7954988483593,1206.2469226611538
Ywhah,491.40031577006187,1070.4010792814652
Ywhah,492.6154571949362,1036.1024853418205
Sdc4,494.3127797868545,1127.3443974853492
Rps15a,496.3722460203359,1145.52451631757
Rpl18a,497.4253095461997,1185.3885115902845
Puf60,498.89074213549895,1117.5672236794092
Rps15a,499.2106553559833,1080.376518573983
Ywhah,503.6716765833858,1070.0545415263955
Rpl18a,506.6567002295363,1155.9875228783949
Rpl18a,507.2225761112732,1163.066446879783
Rps15a,510.69544879993583,1119.3929896252594
Rpl18a,511.86339985323616,1041.0178707291395
Rpl18a,514.4491924693617,1035.6453560682132
Ywhah,517.5467885520511,1107.925556994725
Rps15a,518.6205156202323,1036.8189288212434
Rpl18a,522.548873042927,1039.359302423503
Rps15a,524.30666750147,1026.1311130210008
Trps1,528.3821797990424,1122.3292110492998
Spon2,529.7039427261811,1053.1228133449597
Rpl18a,531.6252072411507,1105.4092360032394
Sdc4,532.4514256445601,1136.8669328226051
Rpl18a,539.3611178285672,1125.1451590093072
Rpl18a,540.4344084595533,1004.4396318917672
Rpl18a,544.1870353409288,1143.7271473818105
Sdc4,546.5823221666142,1082.3848239962906
Ly6e,547.3423411119684,1158.0469143777807
Rpl18a,558.7012000703774,1152.6528518297614
Trps1,560.5179146498217,1055.2210459968817
Sdc4,567.1533036374615,1150.2598188616048
Rpl18a,566.6204017184389,1116.6591829164183
Rpl18a,568.2250231914826,1141.1344072294378
Puf60,576.0216860058395,1073.496317279633
Puf60,579.7765878526185,1085.3409644660007
Rpl18a,581.2607809252684,1053.2584355518616
negative_control,599.7451635439932,1102.9947283497268
Rpl18a,602.0352854858279,1053.1068304693893
negative_control,604.0404480227527,1043.6563651902934
Rpl18a,607.1118813302314,1068.415215617223
Trps1,611.5414771206257,1053.8212527572723
Rpl18a,611.6489420096974,1097.5816697484508
Rpl18a,612.9763615413535,1079.0321464162816
Rpl18a,616.6758545496511,1072.7296457176706
Rpl18a,618.4522192653244,1081.8961477930511
Ywhah,618.5631588607797,1037.0593214284354
Rpl18a,620.6427278733634,1089.694167437068
Rpl18a,621.0640418294771,1098.5404300140929
Rpl18a,625.8026704503583,1105.0973573337978
Ywhah,627.0311267257815,1082.71782872442
Rpl18a,631.9723896601956,1077.237213155701
Rpl18a,637.5138256878765,1035.579861838774
Ywhah,638.5825003656252,1043.5879957779234
Lrrc59,639.1560882304948,1077.9325163833832
negative_control,638.192289893389,1080.2435808453763
negative_control,638.496531530346,1079.8016325745216
Rpl18a,640.7657438023592,1105.99593027543
Rpl18a,648.0042891169667,1062.6290529634005
Rpl18a,653.4795754989404,1101.7899933977233
Rps15a,655.8379939479031,1025.9606559277152
negative_control,656.8917743167708,1070.9876116385292
Rpl18a,664.4806997109963,1061.323892702448
Rpl18a,664.519922864585,1055.884897697384
Ywhah,665.4801484448819,1072.1615439737802
Ywhah,671.8951180606906,1053.253159848717
Rpl18a,672.4657721839436,1064.2663062534984
Rps15a,677.9913269930825,1095.4493532661763
Rpl18a,679.3776425168097,1116.838831872398
Ywhah,684.3763267221879,1034.4957953396415
Lrrc59,684.5190727716749,1071.9659688465103
Puf60,697.2321325387812,1037.9596156252455
Prpsap1,698.3763960174931,1075.5082545204573
Rpl18a,700.8187326809782,1017.5866118264348
Ywhah,702.8624527024173,1091.6020472587202
Rpl18a,702.9180578907141,1080.1859209270544
Ywhah,713.3506002534543,1049.0875328030602
Rps15a,728.25288532535,1083.113200020827
Rps15a,731.1430308784109,1051.111768582521
negative_control,739.4427774756051,1065.8487826811468
Rps15a,748.4232779889458,1075.947441067548
Arf1,355.72904454789216,1069.0526778401772
Arf1,391.5580173368208,1085.6160872692503
Arf1,402.3151471837434,1163.5245752767976
Vim,411.33134803394256,1269.2123942892572
Vim,411.2271182192618,1365.0894870126083
Arf1,412.98309722505854,1263.5817638385834
Arf1,419.0361611812122,1287.5047579265477
Arf1,420.3573702864038,1296.520550724762
Arf1,422.6035391608872,1262.884007458369
Arf1,423.04385098585584,1111.7278848403282
negative_control,425.3633015624458,1094.188987677316
Arf1,431.9596428309675,1351.7960871248497
Arf1,434.2614374703932,1149.011786661607
Paics,435.8553346357895,1117.9124236293123
Arf1,447.6531560892393,1079.169579875428
Paics,463.1305881438096,1240.9514545034972
Srebf2,488.6151564440802,1128.3401478852534
Ndufs8,508.0778507629097,1085.9181096761506
Srebf2,508.402774329808,1072.329598749827
Ndufs8,514.054265979904,1068.543635775737
Vim,555.1502999653693,1048.3539184364474
Srebf2,577.5454570124185,1147.9417925830692
Arf1,594.6510422462061,1035.2362477206668
Srebf2,598.9271408951784,1042.62098273856
Ndufs8,618.0183628391941,1114.631822347768
negative_control,645.7234539073147,1081.4462443843795
Ndufs8,664.5820382631914,1089.6845288117242
negative_control,669.2654481538864,1072.7013259274809
Ndufs8,680.0034394016013,1027.9567731019745
negative_control,693.5499391189763,1048.113962205026
negative_control,697.9326338458659,1046.8318088032452
negative_control,710.8737547948107,1070.8144065671563
Arf1,716.6716980316569,1006.2341582081132
Arf1,727.0489406873219,1080.4618389667094
Arf1,730.2638865768064,1033.889844621569
Ndufs8,739.2265980146942,1032.8486754110634
Ndufv1,410.68090750785086,1199.6329215278972
negative_control,428.057601738264,1241.4771330137369
Ndufv1,428.6369943928221,1265.193140425045
Ndufv1,438.42652404042497,1211.69855709658
Ndufv1,441.89761721359145,1153.9835172595476
negative_control,445.0009407768789,1216.6243270669006
negative_control,453.3635966038296,1134.7012834094312
negative_control,486.4048879995484,1071.857549135639
Ndufv1,692.6637266623311,1048.7638745049603
Kars,401.89359065211306,1204.2506659805697
negative_control,402.8401305916464,1204.080627330225
Tmbim6,402.4444650791268,1203.443538722485
negative_control,407.2337456846467,1164.9554120758153
Timp2,422.2865304944158,1275.8823581012389
negative_control,425.65076406079766,1091.5171731080666
negative_control,428.8212674595191,1128.9264599835792
Timp2,429.7277030671173,1162.7114446243636
negative_control,430.3331668092965,1177.2937444912957
Timp2,431.7355913310843,1323.2443889410888
Timp2,437.6814223478967,1137.5939045292598
Timp2,437.963170466066,1156.7790604438785
negative_control,440.7611233568173,1244.639395690235
negative_control,440.91998056578495,1243.9576963423217
Timp2,448.062718232786,1258.961562299466
Timp2,451.8978080892904,1165.208744166179
negative_control,457.0613082871914,1179.351476388504
Timp2,463.1525965407767,1153.3408921136004
Timp2,466.07177875588025,1183.862801146152
Timp2,469.2377815141938,1231.9331568052278
Sfpq,470.3461913703384,1219.9456028833622
Timp2,470.1550867582457,1219.6263970371856
Nfe2l1,475.8530664961824,1222.9150519121283
Nfe2l1,497.3386029955514,1095.3076761585478
Timp2,497.7193291167701,1113.8600704480857
Timp2,502.8234077108924,1091.0802665008946
Timp2,508.8372327612629,1073.4943780083845
Timp2,509.318949265872,1172.9204548861994
Timp2,512.1062976384537,1137.9767099688424
Timp2,513.0522333522488,1117.0668964282795
Timp2,514.0135804667873,1129.4018685756807
Nfe2l1,519.1434415106835,1120.7531869250206
Timp2,526.5138588252756,1115.4815616881342
Timp2,536.3299273604391,1162.6036462057714
negative_control,579.3218466912577,1052.4106234736323
Timp2,585.156893568758,1095.5772680074338
Timp2,590.0354543043393,1044.8952484602746
Timp2,590.2303990452851,1052.512394240813
Timp2,595.6790382013287,1095.0938350963584
Ssr2,698.1202905813191,1041.3130876471885
St13,703.2243691349274,1005.1658550315784
negative_control,713.1669296115055,1027.3577302656363
Nfe2l1,723.7801767809835,1076.0266110694065
negative_control,723.8816232134712,1022.9062168501812
Vim,736.6494787471079,1048.1089304283228
Timp2,745.2858411186554,1067.1033401625778
St13,391.34520028243895,1195.5256538646197
Csnk1a1,395.4135070718054,1135.3077576754229
Ssrp1,404.5731234295784,1243.153889935764
Csnk1a1,407.3469766600565,1357.7513268891394
St13,409.132992379838,1405.3925274417145
Sfpq,413.1743664840826,1343.8921512127076
St13,416.0181974903485,1127.573896405092
Mrpl41,417.87931368445896,1371.5498407543732
Sfpq,418.58811579052576,1186.2028635879772
Hif1a,421.3360223049866,1201.3285842535372
St13,422.0629345628892,1287.1061341336033
Sfpq,422.4373002078589,1118.322534224976
St13,424.8773555132129,1364.1818468901374
St13,426.743152361284,1143.4390337693062
Sfpq,428.0581746964693,1255.5660749278054
St13,428.7543440433647,1352.0405278988449
Sfpq,428.46412933346727,1108.8357268458053
Csnk1a1,429.723059865698,1215.7717676896514
St13,429.9309554535743,1184.1738495081254
Csnk1a1,429.0207319186965,1128.738992736687
Mdh2,428.7697739555534,1263.9696857765946
Sfpq,429.5192153481513,1083.6842356576483
St13,431.6840188003932,1324.7833071262714
Sfpq,439.7287983215342,1133.8350478209024
Ssrp1,439.5986232864926,1228.182120959966
St13,440.4010428748941,1107.7749625353615
Sfpq,440.4451202316232,1267.110912338709
Ssrp1,440.9480151862454,1126.4264299879462
Csnk1a1,442.4118932980876,1226.0270354911338
negative_control,445.5508638636761,1099.4931573078957
Sfpq,445.2802892138251,1249.6827197755638
Sfpq,454.424317648985,1192.1482168478722
St13,462.0649478889064,1155.1890961350102
Sfpq,462.7345383306578,1075.0527970693302
Spon2,462.3270080849049,1200.7160937107974
Ssrp1,472.8186741600355,1190.2480901796223
St13,480.5142624855167,1213.7938856019548
St13,483.7054467263415,1054.2042308405405
Ssrp1,490.7706180760992,1081.4700335102198
Sfpq,503.4207277035397,1045.4942957165488
St13,505.0297997558283,1050.4632802153185
Spon2,508.18557612451417,1142.4661051954515
Sfpq,509.5656864931285,1045.9575109422428
Ssrp1,517.2889259296817,1137.0133247921374
Ssrp1,517.54071642393,1045.1321974354414
Ssrp1,534.8189280825333,1157.0075051408564
Sfpq,535.1645034660315,1041.480690470249
Ssrp1,568.1033010822115,1100.116777232276
negative_control,587.3179695075826,1062.1749337520775
Hif1a,590.1497228533202,1070.8513657759793
Sfpq,591.2261013565021,1043.337823563697
Ssrp1,619.4417776115012,1062.3140269495252
Ssrp1,629.7352074731796,1103.8829006569672
negative_control,658.772058243716,1029.3591894028964
St13,668.8322514160607,1040.5403779711328
Mrpl41,670.3397680716997,1060.2355600296023
Sfpq,678.0119653637282,1041.9848947026187
Ssrp1,677.6478488648673,1025.7568378553428
Ssrp1,680.8865900074459,1071.9061021426255
Ssrp1,683.4393398936503,1099.2129836010968
St13,703.4034136118645,1075.8278094019383
Sfpq,722.5230036049497,1033.410341451186
Ssrp1,729.4213038999103,1073.49511055723
Hif1a,729.2366808530537,1027.750720943333
Sfpq,733.4687962181499,1039.3222881468323
St13,738.0650343710472,1063.724858449754
Csnk1a1,739.1671225163651,1042.5139992416898
St13,740.4959394427268,1073.4569219788104
Lamp1,396.9101135195415,1145.541299230283
Cs,398.9680145608953,1145.5211062964063
Ran,399.5220282970217,1096.4654403186378
Ran,404.5788986349779,1227.9388826826416
Cs,407.5562736441682,1151.759023260616
negative_control,414.52386574517857,1189.1751129075012
Uba1,416.8126064055065,1283.408716664021
negative_control,416.3647054932808,1281.583375492106
Ran,417.79680664966327,1299.7191315641976
Ran,418.18479001051526,1289.6266465802971
Lamp1,419.8048071685853,1129.5061970614938
Ybx1,421.2948550140792,1179.4070139377627
negative_control,421.8158201625938,1276.950538672336
negative_control,424.7274251268922,1297.6800325779004
Lamp1,423.9468189700318,1298.4241668771535
Lamp1,425.0896452346973,1291.201052389129
Zfp36l2,425.51552177534177,1290.6130656907312
Ran,426.0273667230626,1283.023125483942
Vim,428.4886052943312,1165.7916748369626
Ppp2r1a,428.2302687181912,1166.2655582593663
Vim,427.89519151240967,1132.4726456832127
negative_control,429.2353727637084,1133.14306169758
Ran,431.8074398746608,1314.8084411950294
negative_control,433.8842089922106,1266.204707338367
Lamp1,438.1074776126076,1221.1872382112024
Ran,439.891950993212,1258.7223181234142
Pla2g4a,441.3353815931496,1163.749207536615
Cs,447.3135089982916,1179.0056589809735
Lamp1,448.3364805516367,1103.7169326346086
Fkbp4,448.0248067936471,1102.4754784495265
Cs,448.8925782658686,1236.6759681636968
Lamp1,452.6030073791848,1189.9213032730631
Lamp1,456.586382846003,1159.5711574758964
Lamp1,463.58905259232887,1114.2920938295156
Lamp1,463.7821059892188,1083.470695285209
Cs,464.8038752278868,1195.6823247216146
Cs,468.3453438188912,1231.3314334125405
negative_control,471.03188873138345,1065.0330822721428
Lamp1,477.7140113601156,1164.7335180293242
Lamp1,484.1214547386397,1087.4782750467607
Lamp1,488.4040948238807,1139.3077773093878
Mrps9,491.0400216445777,1043.4027825073076
Lamp1,491.8748715800748,1199.3890282399457
Psmc2,500.37853261835374,1148.7632510664623
Pdia4,500.634296563026,1132.5440096607963
Lamp1,502.532122461066,1112.2803282483806
Lamp1,501.7224774667344,1132.7138931646352
Cs,506.813469264267,1161.4211650950117
Pdia4,508.8689409553645,1096.1951528599584
Ddx17,512.7883864944574,1102.6842969908523
Lamp1,513.6900000445504,1088.0796662342982
Lamp1,515.8913562561439,1156.2728604074168
Ddx17,518.471755695331,1110.4624706462205
Lamp1,518.7740468733243,1176.3052072504884
Pla2g4a,521.2276735626233,1062.9098191295811
Ran,525.4206088326761,1138.5899227719387
Pdia4,532.1589894418896,1046.1816763757529
negative_control,540.48152568351,1039.5406624717778
Lamp1,546.1670832981462,1047.530824751996
Ddx17,547.6030241903354,1078.4123568076302
Ran,584.5065468387395,1100.7168653265626
Ddx17,589.8386646724888,1068.2664507955992
Lamp1,596.0345434233993,1078.4878784061575
Pdha1,599.2270737062238,1062.5230569386026
Lamp1,602.4119086467111,1046.3331901843255
Cs,615.0710958609303,1060.077984446659
Lamp1,628.7366672969093,1126.489537298704
Pdia4,630.4650748893255,1043.1309185827338
negative_control,672.0393035683062,1098.058962935333
Cs,677.3286230530642,1108.8834596895026
Tnfrsf1a,685.2887432449966,1044.695516142268
Lamp1,686.7880638022465,1045.5305266637251
Cs,715.7125034853966,1072.747703382063
Uba1,718.7680216796667,1019.3119533023972
Prmt1,398.8777161324557,1125.5199017796483
Rnf11,399.7140981616825,1161.2187821879668
Ppp2r1a,406.38260332012464,1265.6886684665772
Prmt1,406.8394789004875,1146.9594191759354
Rnf11,407.8451401977732,1095.0865082371315
Ppp2r1a,407.5572748844711,1150.2962293129008
Prmt1,410.4718084592063,1059.1571541294886
Ppp2r1a,411.2090411656623,1353.0846555007072
Prmt1,416.893730288799,1094.664381833526
Cct5,419.8886425091128,1206.2913056799064
Rnf11,420.0417086963305,1182.798780365395
Prmt1,420.0717850045368,1120.8119488740554
Ppp2r1a,420.2700052303895,1155.5627261530203
Zfp36l2,424.3280483803264,1157.68641637009
Psma7,428.3206455396556,1115.4512288850003
Prmt1,427.6354587768367,1217.2555964163262
Ppp2r1a,427.04597597483865,1079.6568381785412
Cct5,428.9920948818665,1316.2505545616875
Cct5,430.35845361788057,1050.3680474929836
Cct5,430.5300136090604,1214.962776758284
Cct5,430.89182004000327,1346.073402079108
Cct5,433.3952084746604,1279.7873104194966
Zfp36l2,433.4601478997114,1369.2785355768988
Ppp2r1a,434.3376551223528,1143.601625005317
Prmt1,434.5767375559401,1175.2967971983896
Cct5,437.18358034644393,1138.8628918894844
Cct5,440.17841533002616,1196.3984234574846
Ppp2r1a,441.0303239517589,1180.780547967261
negative_control,445.59014173690247,1091.0415058285012
Rnf11,446.6413750998125,1269.0586661382376
Ppp2r1a,447.8300082215332,1108.3269086320422
Zfp36l2,447.4937353456728,1259.9545573893652
negative_control,452.750906439856,1180.3113712783947
Ppp2r1a,455.47030271078125,1227.494294581895
negative_control,456.6854572440399,1098.272603030711
Ppp2r1a,461.2292349086857,1069.285933410346
Zfp36l2,461.9386754400431,1088.40342561446
Ppp2r1a,463.25068026934144,1191.641249987753
Zfp36l2,463.7660072724244,1223.3448266365326
Cct5,468.7555776870454,1078.180976796773
Ppp2r1a,470.1004679332305,1071.6263797516672
Rnf11,475.16224377626526,1094.1648684862903
Cct5,475.1967047241651,1220.5074612329574
Zfp36l2,479.8229370234566,1216.9254101313145
Cct5,483.7640246234108,1064.5289130392498
Ppp2r1a,485.7248054467565,1096.6047611873796
negative_control,487.0054073043656,1079.0581590449456
Cct5,493.0045074937929,1201.9517428256188
Vim,497.0834505494761,1176.0275023382494
Cct5,496.79876858423887,1176.361620641374
Cct5,498.5319489595673,1048.93569232784
Slc25a1,505.9890174394268,1038.5349113288194
Cct5,508.15290857051946,1131.9757683411249
Cct5,511.5419025882697,1042.4280694043962
negative_control,512.3124041621622,1040.4448199404762
negative_control,513.119864188426,1061.1776285129422
Zfp36l2,540.0105683537763,1160.9605361620993
Cct5,560.95478064737,1040.3326201238156
Cct5,582.9665115533564,1115.9551377442867
Ppp2r1a,597.988779495934,1131.1871728657482
Cct5,598.2623991395523,1060.862914687562
Prmt1,600.5692638923059,1032.64651437965
Ppp2r1a,603.8459982576281,1041.5867158907756
Cct5,620.5863829674973,1098.1975644581182
Ppp2r1a,627.3271165931574,1080.9120718634372
Zfp36l2,629.5077017464293,1077.1153107680498
Rnf11,633.8298221463986,1099.69826678938
Prmt1,637.4233693622996,1034.714652614967
negative_control,637.8309174574049,1073.506040208351
Ppp2r1a,639.148505773405,1116.2858628987142
Cct5,645.03863720237,1119.693350738423
Cct5,648.6064630084876,1071.2337878986282
Cct5,649.6819207835073,1105.49628196793
Cct5,650.3919268177129,1041.6486684714191
Ssr2,660.9198157985888,1113.743865400077
Vim,662.5647549672957,1114.332947766694
Ppp2r1a,662.5966854697617,1079.1793990714775
Cct5,662.7107610360291,1056.9574721934205
Rnf11,661.9564817712909,1026.9229890745778
negative_control,666.7376658118708,1094.9489875590195
Rnf11,670.868121858698,1088.8105694256456
Prmt1,675.9937394413892,1029.4718127389906
Cct5,680.311389825616,1054.6859990634923
negative_control,681.6462538204283,1023.524364644638
Ppp2r1a,684.8822698266124,1049.0815923575688
Cct5,685.4171611753397,1090.346210149026
Ppp2r1a,690.3824823081945,1012.9970038747274
Cct5,692.4549832906673,1039.6719764255597
Ppp2r1a,693.8369987808604,1022.043026109233
negative_control,700.3780461748097,1036.366776514531
Cct5,704.2294521921565,1049.7475457855526
Rnf11,707.3298277914583,1006.3165029831432
Cct5,712.1918153856656,1018.7769232532512
Cct5,712.42108838268,1029.973652655174
Cct5,719.6966606220723,1083.2350013262844
Ybx1,726.6555995121496,1020.8791176557044
Cct5,729.9409133563108,1060.7217286267044
Prmt1,729.9218210095863,1027.6736613520225
Ppp2r1a,734.0417130334098,1042.658899015279
Sae1,397.3065103808896,1178.991295163863
Mdh2,404.7556967572983,1212.0355594891616
Mdh2,407.2130196703607,1128.7247045117558
Mdh2,407.8926117771442,1273.8870221973582
negative_control,408.9366993521404,1203.767989086702
Sae1,410.6536276229798,1179.3255515170326
Tmbim6,413.7290712621896,1233.6175662128994
Sae1,414.00548537144215,1214.0678566033948
Sae1,418.5185240559713,1361.2891783215457
Mdh2,422.139074114797,1401.4665585560706
Sae1,424.1158814956424,1287.4914885030057
Mdh2,424.3863440667023,1200.4974164645428
Mdh2,435.8617612678781,1087.3070169036057
Loxl1,438.3041272164109,1096.177739012533
negative_control,443.0121590708829,1156.9433181170675
Mdh2,443.9694533112623,1182.3101112113484
Mdh2,447.48117652323936,1093.4309246330104
Mdh2,447.7948077652344,1242.5598099502504
Tmbim6,453.2229991449129,1195.267277900572
Pcdhgc3,455.6721406706982,1189.319129060265
Loxl1,458.6375720783618,1162.7199392557682
Mdh2,460.5509139062475,1071.3907416618238
Tmbim6,461.6267271531642,1231.9272486942589
Fgf7,461.8632948696354,1086.83010759546
negative_control,461.4442583260585,1086.2274311386084
Mdh2,462.2429027989026,1082.1670334854523
Mdh2,469.6358794732796,1196.3974466983009
Nucb1,472.2236944007184,1232.0400240755223
Tmbim6,479.2824001415205,1208.567801537762
Tmbim6,485.8866042711202,1156.1505267915302
Mdh2,492.0800626151471,1057.073346628978
Nucb1,500.1942303899738,1124.3944152837698
Sae1,502.2752107852335,1184.846947907271
Nucb1,503.15299855362207,1175.238084110537
Nucb1,507.30046932640346,1135.8767747072998
Tmbim6,512.9768823930539,1143.7493354399792
Nucb1,533.2622155202785,1045.9930458759666
Loxl1,546.5686419512424,1067.8324331375468
Tmbim6,578.6410116385703,1148.9018003881574
Mdh2,588.0194775680127,1060.075806992466
Pcdhgc3,604.094870597512,1120.3389893208528
Pcdhgc3,604.3783004730722,1046.859003115561
Pcdhgc3,606.644580935129,1062.3978484518634
Nucb1,607.7485697690461,1134.677328235603
negative_control,630.2414947219388,1072.3376400754307
Mdh2,640.9244273396885,1123.6402377245136
Pcdhgc3,668.1879466137038,1078.5253381325056
Pcdhgc3,679.7605189983229,1103.4898253020924
negative_control,709.0128819641134,1085.5446039707017
Vim,724.1625631300712,1035.961800768161
negative_control,724.9392110440656,1081.9100752783684
Mdh2,734.9706892707704,1075.7144775325194
Myh9,369.6158112590296,1086.5597763440962
Myh9,398.7950683221951,1127.2455707568688
Lrrc59,400.325205406521,1166.4630281747818
Mrps18b,401.0068466840496,1160.3715085816982
Thy1,410.31228969859376,1056.3009001378064
Lrrc59,413.213083100498,1241.2458659353192
Myh9,413.3324789815344,1360.6637381768464
Myh9,415.235540541814,1379.8089362060832
Myh9,416.6624083610787,1159.4974362913465
Myh9,418.07746909469,1356.951998616211
Myh9,418.839071860026,1221.1574838584274
Myh9,419.9324052050363,1149.5244105508573
Myh9,424.15907378172847,1144.3744016318578
Thy1,426.94718056732427,1207.9656272116872
Lrrc59,426.69164358604064,1153.5219723790196
Lrrc59,428.7210209946669,1143.7651441611908
negative_control,432.72513824944895,1159.1258499768996
Thy1,439.88677379376463,1117.8471197394704
Ssr2,439.8558377284757,1155.7199149387463
Lrrc59,440.9533098361633,1100.9153732694606
Myh9,441.3071294360643,1309.6365698751797
Ssr2,454.6848531460655,1100.4535067876382
Myh9,455.9391708265812,1196.5394486610262
Lrrc59,455.3074298956512,1227.8491879702744
Thy1,455.4055501675125,1190.0671226277836
Lrrc59,457.8106307774924,1140.644680006877
Lrrc59,458.9297509888246,1082.7627311089975
Tnfrsf1a,467.1136846388053,1107.2162657883796
Fkbp9,466.28133402889387,1146.2739732817583
negative_control,467.23349191759326,1223.7355853347808
Vim,470.4683176153478,1161.0082553406148
Thy1,472.6470308726458,1149.264396070577
Lrrc59,474.1913137463542,1168.0522015710478
Myh9,475.63915355410495,1186.7340577321952
Thy1,475.28725678902975,1120.287111779756
Lrrc59,475.9945635021516,1049.8868304098069
Ptgs1,476.752388098381,1217.8936028685566
Ssr2,477.1297435711469,1148.096985019621
Lrrc59,478.3326956049445,1183.1056114610028
Thy1,479.1474493852004,1166.690432880872
Lrrc59,480.22692783997854,1083.970637456743
Fkbp9,481.5916112730588,1143.4376901381745
Thy1,484.00614293999104,1130.0291813000265
Thy1,484.7475860249214,1103.286300252339
Ptgs1,488.6682101574452,1065.173700530013
Thy1,492.44113861608366,1163.0847514404263
Myh9,496.92372840273606,1136.3707993228006
Thy1,497.5136370525317,1177.5970421979118
Ssr2,506.839937354385,1110.7046186306106
Lrrc59,507.1564641976796,1039.3862570614017
Fkbp9,510.6666796932715,1146.176606105937
Ybx1,509.9372884871653,1179.9552430363292
Thy1,510.4907323388498,1178.983931081128
Lrrc59,513.7592268121297,1059.3626631172483
Myh9,523.7090784255502,1108.371901945815
Thy1,527.2926372817436,1150.4556182653089
Thy1,531.0547146526928,1115.4245111837313
Myh9,541.6401041820046,1082.2712431280052
Thy1,564.2493340118237,1042.4769933577506
Myh9,565.0098737922067,1081.3782079143116
Lrrc59,570.0604815375686,1042.4657592524438
Myh9,581.6869839056121,1064.4839859776237
Lrrc59,597.863924424494,1059.324415264075
Thy1,621.9757355754148,1066.4202029089415
Thy1,674.2874055749044,1094.413624721257
Myh9,692.9324304803503,1019.6063076828144
Myh9,696.9839528120563,1011.9934700780772
Lrrc59,700.0930199028192,1034.0119592712529
negative_control,704.1095431366443,1058.2449389307549
negative_control,708.2432248691479,1049.2240965777023
Myh9,710.84066160919,1011.2117890670492
Ssr2,714.2721268064228,1006.1929571033209
Thy1,722.9891702943735,1085.0624389474176
Myh9,729.4356805876073,1065.0292001974958
Mrps18b,739.6932842138262,1036.954923732577
Gsto1,386.3765345510561,1136.6305758521312
Gsto1,389.5297620646527,1103.6147601393125
negative_control,390.6488691125484,1129.0860726546457
Gsto1,394.95091381852586,1141.4460646181617
H1f0,400.9316281010844,1215.145815091356
H1f0,402.3375759495992,1159.8188383113506
Gsto1,402.5747988258789,1131.6842878435436
Gsto1,404.00532242797647,1108.7999290719986
Uqcrc1,410.0030081151051,1341.818929534806
Gsto1,409.8072907685262,1290.5672032646803
Gsto1,411.3341356793571,1177.5902033097282
Uqcrc1,411.6172355687464,1354.1135444366864
G3bp1,414.6098637471,1269.8699801384626
Gsto1,415.9702567579666,1248.375175007428
Gsto1,416.18914319495934,1301.7690706704757
H1f0,417.10428824718497,1242.4410386704726
Gsto1,418.1327428030757,1147.7454856766851
negative_control,418.4753854609877,1272.5340884500831
Gsto1,420.23077916420993,1109.5095118412105
Gsto1,421.61659877705705,1279.554822413907
Uqcrc1,421.80215739702606,1257.2080505499744
G3bp1,426.0516295332164,1260.9458291124986
Gsto1,425.8274588861096,1118.889462447065
Gsto1,427.1877063058774,1385.2851339371846
Gsto1,427.98528435295066,1306.142314036888
negative_control,428.27352757103006,1196.032926495166
Gsto1,431.0226431522098,1226.9923847672196
Nap1l1,431.1553651533283,1213.2677412137523
Gsto1,433.1897519424831,1359.7804514769534
H1f0,434.1159189112008,1266.4119677425736
Gsto1,433.5811672714896,1135.1880009394476
Gsto1,435.0804229905976,1215.9645373757432
Gsto1,436.8535666699131,1308.9354927003342
negative_control,437.13824476657055,1264.685215458715
Gsto1,437.6945388605693,1161.5280351818033
negative_control,442.7017124717513,1143.1685220740237
G3bp1,443.11909222057176,1282.6959453048676
H1f0,444.9471643109927,1274.4023636048792
Polr2m,445.5386117865628,1223.471240823529
Gsto1,448.2628348051419,1079.6610762022956
negative_control,453.8182716308714,1238.1061816750694
Gsto1,458.8268021457128,1186.64842643556
Gsto1,458.9669424744285,1070.8996789809155
H1f0,462.7702478638354,1232.9055040447693
Nap1l1,466.7875535155173,1058.5229590863769
Gsto1,476.9958365069176,1076.6255172026176
Gsto1,477.2655357737218,1145.5335296036733
negative_control,477.8377520989902,1085.037958380368
H1f0,491.5487004212903,1063.5751298263408
Uqcrc1,491.5691931211167,1171.0799461197128
Gsto1,494.3350548070107,1053.7173724318152
Gsto1,503.432031037328,1087.150445632194
Gsto1,507.9422251478347,1077.3007022454567
H1f0,511.9203317160505,1178.3616985250485
Gsto1,513.0136534925265,1134.2677289617247
Polr2m,517.1646360855173,1118.8270775456922
Uqcrc1,528.1194315963114,1035.187948178319
G3bp1,534.5685913079174,1080.3282503166545
Nap1l1,543.4365022515947,1086.4269900671031
Gsto1,558.5583334894728,1044.4679310177228
Gsto1,576.4445021151957,1138.156275022515
Gsto1,584.7011412008118,1090.604764074572
negative_control,632.7993918334685,1047.040263028833
Uqcrc1,639.1365012832454,1086.024175388051
Gsto1,645.4418279646245,1103.3430580266102
Gsto1,648.8365670894173,1049.8185639192486
Gsto1,665.5048853439042,1112.183660739203
Gsto1,695.643174426401,1016.4690036320776
G3bp1,695.8093145062271,1103.3011492938367
Gsto1,711.0406945609789,1038.2752258254832
Mta1,714.2579147628791,1049.4161524471804
G3bp1,724.0214357315969,1017.713718217204
Gsto1,726.6927355391699,1042.8902106102205
Gsto1,739.9688380895429,1046.8945958312534
Hnrnpul1,389.4809872936708,1111.054538633422
negative_control,391.7194732615736,1128.3230960144897
Hnrnpul1,402.9898529936214,1211.6516717208451
Hnrnpul1,412.17513489257976,1328.4971230305605
Vim,415.9656419070831,1174.263906577574
Mrpl37,416.3137068576238,1088.9163581628625
Hnrnpul1,420.3622578503556,1408.066884223774
Hnrnpul1,424.6045404592654,1285.826247807968
Hnrnpul1,427.4750573868925,1227.7240316546824
negative_control,433.3869799725039,1189.8256671338918
negative_control,441.5409893238031,1220.198609936545
Hnrnpul1,460.1931231784596,1069.1975799950726
negative_control,474.0154866340191,1116.7443439403992
Hnrnpul1,473.9525684658702,1076.195470082287
Hnrnpul1,481.4185272631475,1059.9824384006013
negative_control,668.6983055656814,1096.3282443070557
Hnrnpul1,729.2857083952175,1046.266025802983
Sf3b2,404.027105869804,1193.1544668128245
Psmd4,404.7276194022746,1144.8112055641045
Sf3b2,424.095674653758,1103.2580721580264
Mrpl17,432.0254839029549,1167.0601167545017
Psmd4,440.782648306596,1283.3636023523195
Sf3b2,448.5961551923939,1065.2723210417266
Sf3b2,449.3262098901667,1245.9518562691133
Sf3b2,451.2162080985886,1180.611573528793
Psmd4,456.20929088692657,1092.5314634735475
Sf3b2,456.29444735613663,1078.1181879833412
Mrpl17,482.476536958466,1094.7492753570643
negative_control,484.9973843316433,1144.6690741207442
Sf3b2,489.351994474016,1130.8308086588368
Sf3b2,490.7391917428564,1053.7543717012234
Sf3b2,513.4638374380546,1050.7771291316103
Sf3b2,520.2469445234713,1059.694713595182
Sf3b2,548.4628382710343,1064.679439397681
Sf3b2,579.6913112589644,1076.8921389634272
Psmd4,604.680401448039,1127.1985893793917
Psmd4,629.7675317418946,1028.0062562891644
negative_control,638.5001018175603,1047.4551458607218
Psmd4,650.0110090123283,1027.6270958783962
negative_control,650.9934875885052,1044.369285664476
Sf3b2,661.2237005069752,1036.6563229430174
Mrpl17,661.3351728023326,1108.5520434362295
Psmd4,674.9496585304482,1100.2417715374436
Fus,675.1528052525114,1100.4326818805189
Sf3b2,675.8230275203698,1106.806002269073
negative_control,682.3283303225819,1102.9213569799572
Psmd4,699.0981652765563,1101.7331535222104
negative_control,699.8315791004308,1042.3539688024728
Sf3b2,728.7367877937992,1046.7109625416813
Plk2,436.7618757332736,1078.4287167043362
Plk2,456.2654094345726,1208.2146021970275
Plk2,512.9376187477199,1110.0957059660232
Plk2,570.813782535643,1064.895700520664
Plk2,710.515981963013,1030.926066264865
Xdh,412.8595451431343,1228.7418566906665
Xdh,434.6114344164255,1155.0643648536195
Mrpl28,437.7288195354543,1392.3045575148276
Mrpl28,441.73012265912894,1390.807294144411
Mrpl28,448.6033140329304,1195.719369351796
Xdh,450.55738535809945,1229.055683119033
Mrpl28,450.856453046968,1206.4507178360873
Xdh,457.08450015224656,1218.833359135234
Xdh,598.1139328772294,1070.489152814313
Xdh,618.2383952427203,1089.681947177955
Xdh,621.7324377793933,1111.3343580585135
Xdh,637.2186897932356,1032.121163081148
Xdh,651.2362561203829,1042.0879713161917
Xdh,675.339447434733,1022.2561397244788
Xdh,697.9677210615133,1008.3181274536726
negative_control,709.9171968000944,1081.3527305963469
Xdh,716.7189052743449,1039.879384687049
Vim,375.9176361062747,1072.876882256332
Vim,381.2975466291878,1150.743407092682
Vim,382.5345395081311,1200.29612800286
Vim,388.0858586220901,1131.9829635209237
Vim,388.4210618003351,1109.519824602177
Vim,393.8657024319474,1112.5462199186834
Vim,397.5990066009786,1125.5534948656962
Vim,398.1917048489958,1113.2955014621523
Vim,398.581774899398,1160.190162261997
Vim,399.0049620040365,1092.614148284641
Vim,400.0445989862371,1174.0224130391216
Vim,400.25641951629785,1185.420686791915
Vim,405.9251243740272,1220.0856352693386
Vim,405.9189991543834,1263.1420501918049
Vim,406.2428764085332,1398.9419762413445
Vim,405.8197154299321,1085.4544792995405
Vim,406.96188992691344,1173.3495151166017
Vim,406.66244466410114,1197.6233433701184
Vim,406.88696432180393,1121.3027730770937
Vim,410.1710969236095,1354.0524990584804
Vim,410.6509886692575,1180.3860039663252
Vim,411.5445082719682,1295.2130042476665
Vim,412.1644688426422,1289.405635782824
Vim,412.26993869663306,1080.6317549868202
Vim,413.1965541529524,1182.5733453342216
Vim,413.2883262890319,1176.3933667273304
Vim,413.3095803328932,1325.6119233981822
Vim,414.2285141363348,1116.024643252456
Vim,414.1385699452767,1110.9708314808918
Vim,414.2512897220242,1096.3672889476975
Vim,414.8401271990924,1272.3071050684684
Vim,415.8384013079064,1186.9751504696417
Vim,415.8162701733634,1104.1486514940373
Vim,415.9875733635447,1190.7265383621027
Vim,416.420774050954,1090.4272029611784
Vim,416.8900988064772,1219.9244375217208
Vim,417.4674066424325,1084.954841768688
Vim,417.4482716299059,1122.146712123117
Vim,417.8897073363257,1293.2544328128547
Vim,419.839116784317,1359.9294255780978
Vim,420.7658278039541,1224.2601497147127
Vim,419.7369681865588,1184.6485922946908
Vim,420.1899496433583,1364.860873386497
Vim,420.9326670604015,1309.9687166535164
Vim,421.5720580407308,1245.6050202614315
Vim,422.11751370270935,1175.3545240396609
Vim,422.4214478802233,1178.3590172934116
Vim,422.6599587266321,1193.057471905374
Vim,423.2238539319819,1379.2627356987998
Vim,423.76405454551536,1123.8169364533862
Vim,423.1300756891338,1283.770752638938
Vim,423.7376206527412,1275.3969812469345
Vim,423.4562583309653,1167.0617861748349
Vim,424.08553296120505,1267.5697780614305
Vim,424.5515737218633,1392.995006662347
Vim,425.5706574874396,1408.7829791298611
Vim,425.3465558066159,1229.4243990804805
Vim,426.7446182508027,1335.5692567227688
Vim,426.56148136056566,1311.1463234439095
Vim,427.7267405217329,1084.4516353713757
Vim,427.90312134833033,1197.5983760613876
Vim,428.6232093211225,1139.7024039070448
Vim,428.4397813052185,1185.4241050647215
Vim,428.4535256648931,1214.9622221625507
Vim,429.4070436341384,1191.4296775356347
Vim,429.3237745126568,1147.351989173131
Vim,431.00217351540783,1247.1746162211189
Vim,431.9226591394992,1214.5864147131156
Vim,431.8186264803351,1130.7332708214417
Tnfrsf1a,432.9848551000709,1158.4200519643937
Vim,433.3822087619211,1097.7858740595627
Vim,437.4061203662142,1292.0262092116927
Vim,437.9310077287382,1370.0947764837997
Vim,437.9630746052491,1163.4478404190816
Vim,438.860084662178,1207.7184664824042
Vim,440.8938504088719,1295.7289071100372
Vim,441.96039659450497,1099.8886713907605
Vim,442.5057574274512,1225.6124787819565
Vim,442.70965904529567,1247.5746804106604
Vim,443.9267170046287,1280.531733507505
Vim,446.1878026812513,1174.1446866043084
Vim,448.7384412214648,1077.448372986316
Vim,448.8625891532941,1071.409203249375
Vim,449.8585875052974,1223.206590757696
Vim,452.31172552370725,1231.1388081164685
Vim,453.8225787054632,1167.83392488203
Vim,453.4956975355603,1075.3257876065672
Vim,454.5247400212872,1221.8194557740244
Vim,460.3509028979632,1145.9102733052498
Vim,460.97955302428886,1185.2822555198252
negative_control,462.9145387233271,1104.4229464453715
Vim,464.70547459573305,1151.939594158611
Vim,465.50298722318615,1121.724563293705
Vim,467.2895596470557,1204.4761314295624
Tnfrsf1a,467.7544268290421,1164.6345628414674
Vim,468.48104876511854,1066.2479957832109
Vim,468.16444038787984,1209.3836996594805
Vim,469.6750636051991,1228.1819752796118
Vim,470.1862095679212,1149.9737621317538
Vim,471.8895441878807,1036.49711515579
Vim,472.4703687182156,1097.8654748152114
Vim,473.67434470999285,1105.3671967827036
Vim,474.3910726577067,1075.0397049432372
Vim,477.1319638449464,1192.4750014515084
Vim,476.9376140385345,1069.3228522013997
Vim,478.5210512202183,1143.0253387544683
Vim,478.9043422434236,1057.3693938970723
Vim,479.3170253830288,1210.0541355379282
Vim,480.3080130423237,1198.8003329459616
Vim,481.6126198293876,1050.3767434366412
Vim,484.5569854566999,1186.0596625814876
Vim,485.5853251880661,1197.1806504283716
Vim,486.039231619019,1151.4657376769303
Tnfrsf1a,486.85167735958055,1188.846837099465
Vim,488.78740653367606,1048.8779224098928
Vim,489.2022124310545,1180.673225868356
Tnfrsf1a,489.5077040870558,1135.1217352282492
Vim,490.6355852153095,1131.9963804710635
Vim,491.1404125841188,1056.1145424224435
Vim,491.8108779571549,1165.1219975759086
Vim,491.7348945667072,1066.2828792858973
Vim,495.2330005040863,1154.105416875566
Vim,495.7981472829946,1046.6911174637553
Vim,496.9515954430155,1161.8656822040502
Vim,498.4948370346997,1138.475692026885
Vim,499.58135274217295,1130.7364672209787
Tnfrsf1a,499.5374953941795,1134.899847571172
Vim,501.01816627916776,1092.167197745014
Vim,501.8954432064377,1113.7304669227892
Vim,508.522207517068,1120.6321968556908
Vim,512.3645190593256,1159.3800872365011
Vim,514.0245719159805,1075.2068127147809
Vim,516.645061941263,997.8055785930414
Vim,516.7675681968904,1037.6789480208524
Vim,517.4018499289233,1055.035048132981
Vim,518.6872142178013,991.5452923671384
Vim,523.8028300656305,1034.3867396204591
Vim,523.2796255088814,1109.5374885001647
Vim,525.5096455188802,1172.98226184646
Vim,526.4295263548115,1004.4274520263814
Vim,527.3926889913948,1036.5862905047602
Tnfrsf1a,531.3014809539112,1055.2280600715123
Vim,545.6984797235204,1039.1553281805982
Vim,559.1933595688638,1055.2504484614788
Vim,572.3217043681386,1047.8841907019262
Vim,575.7527246186289,1136.541298048738
Vim,585.6914081230268,1115.1889364335088
Vim,594.1518069527798,1137.660838390806
Vim,598.5798386902052,1130.2654182810477
Vim,598.881735657804,1136.161873190361
Vim,599.955245705836,1034.3219651828645
Vim,605.416530158234,1045.656598606806
Vim,610.0732744812839,1058.914097318852
Vim,618.1370295309692,1028.1359418385389
Vim,619.378247969107,1064.4024840778875
Vim,622.147485710117,1131.6200287405347
Vim,624.1122511508893,1070.5323823554595
Vim,622.2533184803319,1029.2974050805249
Vim,623.4718140191777,1129.2918837174432
Vim,625.8487884113382,1031.6694061455164
Vim,627.0060774710248,1091.002122436644
Vim,642.2336509630632,1079.4684250610676
Vim,643.6086908130833,1101.122366788681
Vim,654.2440539763428,1028.0523896113214
Vim,657.4580418199303,1032.1890265441857
Vim,662.732724639558,1029.682781642368
Vim,665.3557048125499,1078.1552617182842
Vim,667.6181511896575,1050.05084680776
Vim,673.6772155934705,1097.8501484994456
Vim,687.2183039553638,1040.0246453617883
Vim,695.6693011787654,1016.2725814724206
Vim,702.2568713899516,1062.102265965141
Vim,706.4119115370393,1089.8897554610246
Vim,708.4289330030299,1011.3129535854678
Vim,712.9490823547792,1033.8916987369264
Vim,717.6897100533279,998.6152583907606
Vim,718.0904392475711,1038.6749634240507
Vim,724.0285193877787,1043.330234229106
Vim,728.2399527990785,1022.966200095648
Vim,731.4606555148303,1052.0231247719548
Fgf7,731.372096294954,1058.2273735602928
Vim,740.7785339629172,1048.8490656957074
Vim,745.9964996652441,1062.6798376818313
Vim,751.3694005516443,1058.4927692367812
Vim,755.6426711669576,1063.0905262804806
Psma7,413.0654203838187,1047.156324820202
Vdac1,416.181612094156,1265.757165450302
negative_control,416.5817965165841,1264.6569039461824
negative_control,416.6883117377593,1162.185255835074
negative_control,429.88383171440586,1191.180351870193
negative_control,429.88341202951335,1080.3733528055225
Psma7,441.44142348207856,1213.0765721103328
negative_control,447.5721592321578,1120.7297923427054
Trim28,449.2207209952533,1201.5129066632308
Psma7,478.4106621865533,1211.1893387420555
Psma7,533.6345439727274,1060.3483130165328
negative_control,610.5078008456117,1033.237739656078
negative_control,675.4444937674208,1092.7613025019102
negative_control,753.8907765653591,1071.2048659873722
Twist2,400.8230616615044,1232.646429248006
Twist2,404.5846572279365,1197.6399595689368
Twist2,405.75835451111766,1209.7960597573715
negative_control,411.100154569572,1303.60917102462
Twist2,412.4735491194862,1105.85436237573
negative_control,414.4982126651511,1229.2935913141976
Ywhae,416.3086350436424,1376.9808971719135
Twist2,417.43698432456455,1161.8682865029778
Twist2,418.2737202276112,1252.685608912266
Twist2,421.7312621357126,1338.882047690699
Twist2,430.71082504442415,1318.4121460474128
Twist2,448.3395679338867,1247.4777150527952
Kars,453.3758863419112,1231.6967865069903
negative_control,458.8784566206469,1104.5942116250312
Kars,462.13832214783554,1157.3726502960517
Twist2,465.3081288677352,1226.401289874746
Twist2,476.19132677275456,1213.7621602300003
Twist2,495.049585911922,1084.1479150711657
Kars,535.6051548536741,1043.144194156302
negative_control,710.9376617136261,1061.2051833053645
Twist2,727.5327745266475,1037.4458002181125
Twist2,742.0950665241597,1063.3898117244476
Kars,755.9862365684107,1066.31827390627
negative_control,401.5469602569066,1157.4884256923
Psmc2,407.7742033181334,1230.4862042070083
Clta,410.0316909623838,1263.9235664094442
Clta,421.4440796621728,1137.7669168510388
Psmc2,425.2297105512816,1155.725636571456
Clta,428.3617951042098,1183.456787868268
Psmc2,430.1163441560575,1082.5244696027246
Clta,430.6668242809185,1352.0001859250651
Clta,430.2796979120624,1236.4538515208517
Clta,431.0881016225068,1317.8304521970404
Psmc2,446.568276216899,1074.865852672638
Clta,449.3453607455928,1260.9988257272305
Clta,453.7264480739378,1082.7409704749684
Clta,457.8868630041352,1223.992533434782
Clta,463.23749276982863,1149.716920419423
Ly6e,463.5101026281191,1197.2110393283926
Psmc2,502.9960141770091,1177.0368220072132
Ly6e,517.5807159708381,1160.4202317465097
Pdha1,528.0791328220985,1050.8911507382245
Psmc2,528.052082570503,1122.8518299451782
Pdha1,563.4135773794435,1120.314521095309
negative_control,614.1548585056676,1045.535745744778
Ly6e,623.7952417850406,1064.6800865987448
negative_control,667.0900689742216,1083.5801846260576
Pdha1,704.4972264985097,1032.275456262238
Clta,706.9223759950148,1060.0061408229049
Nudt9,448.2218614119159,1263.6673217906082
Nudt9,586.840808428759,1060.6292462311626
negative_control,670.3963152876171,1060.3119399124787
Nudt9,734.7584745384523,1060.527170370684
Rpl15,385.8137126402661,1129.7456791575116
Ssr3,390.7252971721677,1134.8791006293145
Csnk2b,405.0872402246397,1180.9048430804476
Csnk2b,408.760849691198,1299.2879640350834
Csnk2b,415.46687856807006,1121.5928968378755
Rpl15,415.5368852141584,1084.5256572405326
Csnk2b,429.6752579612205,1351.6804444136123
Rpl15,430.87304655291473,1122.1372784051118
Rpl15,434.37438831603856,1179.5558585120862
Rpl15,435.2276208752629,1286.9491692605975
Rpl15,440.0988367770527,1100.3387298589746
Csnk2b,443.3121877306288,1091.7725323050024
Ssr3,454.6908620864945,1259.4907953567083
Rpl15,456.2409145521051,1253.357105733055
Csnk2b,457.4571297226386,1090.9274392302184
negative_control,460.5526572815248,1153.3883796434436
Rpl15,471.86362488492927,1159.6505369486065
Ssr3,473.1390975567281,1189.1657744054703
Csnk2b,478.5765360694106,1199.078359072405
Rpl15,509.907251912236,1120.282987113595
Rpl15,532.5290755919866,1013.332096178994
negative_control,577.8264286896069,1050.355194614795
Rpl15,682.0721078504232,1016.652764742943
Rpl15,685.8527660028033,1039.1226166748502
Rpl15,704.427882068562,1046.108332778827
Rpl15,743.6322943554931,1073.4813298853096
Sec13,408.049199728265,1282.2879191226432
Fgf7,414.3408492138481,1280.499580911096
Vdac1,422.9895294298486,1131.4784842877154
negative_control,423.95448543129305,1252.690049258074
Vdac1,443.4369757147478,1084.205734503989
Fgf7,446.4123093625191,1135.6832571448235
Fgf7,452.82608596590006,1259.5500540972116
Vdac1,453.06568891594975,1231.5357558167004
Vdac1,478.4763277218158,1168.3276148010566
Fgf7,494.7952104839536,1086.7233570643652
Vdac1,513.475118723683,1084.5604335190224
Sec13,532.802521872116,1111.5430388726909
Vdac1,538.5544604001057,1161.2769174112195
Fgf7,544.0165044620047,1159.162704712851
Fgf7,556.0445979185814,1150.9332732683538
Fgf7,588.4389407174838,1048.4844886465398
Vdac1,593.4448828897217,1033.7510732355363
Fgf7,664.9621491634325,1050.8613846636656
Fus,385.0725648152359,1159.7976080637936
Ywhaq,400.319983261652,1179.1846037409728
Fus,401.8373035098785,1113.6605801631918
Mrpl12,402.0544371184005,1167.571424474538
Fus,404.6729353920372,1191.7091347171088
negative_control,410.11110591611714,1316.182284273685
Ywhaq,416.78023164435496,1381.5052321036053
Ywhaq,420.8624703332181,1355.2667125518387
Ywhaq,421.0499760085386,1234.9881399897697
Ywhaq,425.2611051479834,1239.759781182712
Fus,439.0471338607448,1260.796986266159
Fus,439.7746275557822,1222.740168818867
Fus,441.3201237739222,1163.8158862518017
Fus,442.05198868985497,1226.726650222441
Ywhaq,453.03164369816193,1095.8464358170256
Ywhaq,454.591894463205,1246.5543190460226
Fus,456.8860337926517,1074.7293094258891
Fus,469.22394136014265,1064.9966207796151
Ywhaq,499.46719474796447,1083.9133706281068
Fus,502.65358901304376,1161.5709109720417
Fus,505.7647127181232,1148.7785094887413
Fus,515.7821395107096,1093.2690136518636
Ywhaq,520.6088533958941,1127.724912402039
Ywhaq,545.3180511662986,1038.2161113653954
Fus,572.6427133854229,1037.37574957829
negative_control,586.6633974404263,1041.4314690502868
Fus,595.5847214331659,1112.1270362392995
Fus,615.6238350309579,1083.1928674998508
Fus,619.4972770109366,1046.7485716059132
Fus,621.2342238180839,1111.1958454540986
Fus,652.0946421886867,1107.384196164842
Fus,664.4045925335274,1035.3138422069762
Ywhaq,695.5510578042424,1012.7192381237468
Fus,718.6784851574258,1024.648166313928
Fus,728.3637402909421,1021.096765017018
Fus,730.0937361960066,1081.7935642414802
Ywhaq,755.5017325857959,1065.0960724372217
Grina,401.88444331863417,1089.171356297577
Snrnp70,411.8208322523645,1308.603593161047
Grina,414.0522916630071,1365.4034710224362
Snrnp70,415.2468416433006,1085.5306889590615
Ybx1,416.2158295532759,1223.794927781492
Snrnp70,421.4972410337541,1237.7228004056358
Snrnp70,421.9325633561516,1081.3221956240595
Snrnp70,435.55111951440296,1250.6131428231756
Snrnp70,444.4889706229445,1260.5653920037196
Snrnp70,449.147532335018,1256.9085866530968
Grina,467.6861498041399,1235.3369977580087
Snrnp70,468.4445880207544,1159.416239971499
Grina,500.21633743008897,1145.7053833400291
Grina,512.7228239036473,1079.177337713874
Snrnp70,531.1043083714488,1062.3859953305655
Snrnp70,554.9074010092488,1040.679383791689
Snrnp70,563.7724221536902,1092.762171130712
negative_control,648.7157214808469,1048.147943638238
Snrnp70,660.6610199867572,1028.298288282885
negative_control,411.125160647948,1295.297352919791
negative_control,422.0587534964423,1175.516379391193
negative_control,431.3997031994909,1222.9598596758756
negative_control,453.64115717894174,1151.4199343762543
negative_control,470.5798136049892,1070.7168169158904
Tmed9,508.8551001404726,1129.6657970068377
Rbbp7,409.06830033102034,1231.467857193038
Rbbp7,424.0962517661655,1114.2209681263694
Rbm3,427.2687227133719,1191.991408418549
Rbbp7,430.9397695879372,1170.51466858359
Rbbp7,437.6986017304405,1247.7930645740844
Rbbp7,437.45747987629744,1079.078514431474
Rbbp7,441.50018489003776,1261.873530638681
Rbm3,475.5704431534885,1131.993670738894
Rbbp7,743.4708917796779,1051.6520197085356
Rbbp7,752.793846164042,1056.3629454187212
Mta1,402.7412009966198,1043.1859191244323
Mta1,418.2370558550223,1193.3549829891836
Mta1,432.8146871017655,1286.027414301166
Maged1,389.2256388865089,1114.2861348258914
Maged1,405.79996128044377,1249.6298804244611
Maged1,409.5488973240476,1096.4033984843304
Maged1,414.4769631722664,1250.6942442744237
Maged1,415.53221940064674,1303.6879245559644
Maged1,420.13744693313737,1257.6205245615688
Maged1,428.5746999922705,1257.279250969239
Maged1,432.93652757896825,1113.080569988583
Maged1,433.9081706545072,1093.6423754256784
Maged1,455.2988126392517,1095.4780292262078
negative_control,468.721959386193,1226.8695121141666
Maged1,495.3142086416243,1099.047716016177
Maged1,511.4453454265934,1120.4148784951608
Maged1,516.4614675344153,1111.19778533627
negative_control,540.2533271647768,1039.581585963963
negative_control,694.7012787721695,1071.825850808821
Maged1,703.8893295090711,1012.8128647671238
Maged1,720.2432266698011,1029.436711583227
Maged1,734.6091849119779,1076.2584767601484
Maged1,755.7866444305454,1060.7437957583948
Fkbp4,398.3718981682368,1196.675763451767
Fkbp4,409.1349094335846,1214.193724957529
negative_control,409.2868642115902,1204.558873424004
Fkbp4,418.09935821151225,1371.94319879782
Uba1,418.9414021620885,1088.277762577703
Uba1,420.917284987937,1315.4606911568235
Fkbp4,421.2563202969541,1206.8402450962917
Uba1,437.13730229678686,1129.9447739933307
Uba1,501.0148159175732,1046.351851997336
Fkbp4,520.125184696236,1140.9470075317288
Uba1,717.8363135025305,1013.0843964747768
negative_control,657.8972707218193,1069.4337610720004
Ybx1,372.3590907535424,1083.030412242164
Ybx1,396.6614328917215,1171.6353875193415
Ybx1,404.478097469877,1181.92053366574
Ybx1,406.3654449888792,1401.8726545254945
Ybx1,410.74325974219227,1297.9881830638517
negative_control,411.6841464851916,1268.3652114213462
Ybx1,413.5388775877008,1350.1426637387913
Ybx1,413.9046230032963,1051.1188075879772
Ybx1,413.8562929957623,1230.5837058298932
Ybx1,414.497015400824,1219.5917037087754
Ybx1,419.19422903515584,1113.8412034534856
Ybx1,422.6620843021609,1296.0951603350536
Ybx1,430.9549958937569,1335.5022179808627
Ybx1,431.26262781607215,1226.7235992256135
Ybx1,433.1491081468374,1283.288699089002
Ybx1,449.0988308540256,1165.8019044012576
Ybx1,452.0403803100876,1220.1155224639565
Ybx1,454.4655978812306,1167.817462348498
negative_control,459.9199677453941,1192.6601609379868
Ybx1,462.6074824485733,1211.8866685752766
Ybx1,465.8375444167543,1088.1482065284908
Ybx1,465.5500314439217,1200.8625715457515
Ybx1,469.8503836368004,1058.6039022544965
Ybx1,470.515529129284,1226.4154521910411
Ybx1,477.72130900991056,1075.9717236172758
Ybx1,480.5807342982815,1197.354865008028
Ybx1,482.4111485068168,1147.9987341128935
Ybx1,484.126579917576,1005.194159099635
Ybx1,487.3773327666548,1059.0826382642902
Ybx1,505.15624136715576,1186.183240170482
Ybx1,510.0252323596175,1156.464704944961
Ybx1,511.3851623804831,1110.3333489358088
Ybx1,515.4727370344649,1050.563622129075
Ybx1,519.8585179086092,1135.1232266457805
Ybx1,522.0169933849086,1073.3734191028975
Ybx1,524.9155685459177,1006.3988153960438
Ybx1,525.526097190216,1027.83350363355
Ybx1,528.2213539310318,1096.8239299517193
Ybx1,535.5419866043128,1036.7453763948174
negative_control,542.4306374831812,1055.8815723119385
Ybx1,562.2323702417334,1114.314285611648
Ybx1,566.0813454805357,1080.0674542047582
Ybx1,575.3253931160845,1040.5839653969829
Ybx1,587.5655411640307,1035.6700194609496
Ybx1,609.8579149441815,1057.4380903413796
Ybx1,616.6970138345598,1068.3958473073494
Ybx1,620.134845412808,1071.9721698439043
Ybx1,679.897084391735,1112.6136172947538
Ybx1,686.9649102159923,1037.1903437510489
Ybx1,734.3405182869046,1052.5985244104454
Ybx1,737.7950327159333,1079.3794502648805
Ybx1,754.9372013940608,1073.2327683400126
Ybx1,759.907745794913,1075.9453998183665
negative_control,628.8729366226182,1096.046959922596
negative_control,659.2951576516261,1033.751504612077
Trp53,379.7683876201221,1096.170020253801
Trp53,466.63285937370654,1237.3296828579023
negative_control,633.5360144132569,1066.9415100732242
negative_control,671.4960956468643,1047.3998368437667
negative_control,705.490079290079,1040.7138097149775
negative_control,424.28812228967575,1169.0180642505152
Tbrg1,436.31570086101874,1244.3904216249084
Tbrg1,574.9849504071573,1123.543553606218
Tbrg1,700.4214328631575,1086.722467206281
Tbrg1,709.0942508642331,1046.7644263673972
Tbrg1,735.1428158957867,1042.3746077099652
Tbrg1,745.9716450500665,1073.6514703024864
