,gene,gene_number,x,y
0,negative_control,993,1315.8227927507828,629.9369045398452
1,negative_control,1915,1315.1260323637348,631.355765711979
2,negative_control,494,1314.8515448762132,656.6212273981015
3,Gpi1,52,1312.6717026572726,655.2260851992227
4,negative_control,1575,1315.6173273297102,656.9719462826183
5,Arf1,6,1315.0479948619916,656.5431886106409
6,negative_control,1827,1314.920376640359,654.1862554991858
7,Mrpl28,97,1316.3558819803602,653.2437860524012
8,negative_control,1043,1313.791131484297,652.9740629705619
9,Mrfap1,89,1316.5865490436263,650.688184559225
10,negative_control,1946,1314.7759916148714,651.9806482173211
11,negative_control,1766,1313.9903506311318,654.1625922438083
12,negative_control,1840,1315.8375287957986,654.2256329462587
13,negative_control,1280,1315.3775323543275,652.8148149543097
14,negative_control,963,1316.1185939391737,650.9248340441828
15,negative_control,796,1317.1737832875024,650.3432382183416
16,negative_control,1721,1315.126490662732,657.415315776547
17,negative_control,873,1317.38488621994,652.6935748930056
18,negative_control,438,1314.7959062412435,655.1615246381668
19,Hdgf,56,1315.250933596948,652.9826479207915
20,Hspa8,62,1320.4632144369148,655.2361578919201
21,Mrpl35,98,1319.8156694743752,659.1234834727957
22,Rarg,179,1325.3302173255154,632.8282946895015
23,negative_control,1591,1327.105520771706,631.1670393298665
24,Mrpl10,91,1325.5035402490455,658.7411638967124
25,negative_control,926,1325.7198464638109,658.4160835928923
26,negative_control,549,1325.7075406226843,658.7788347497462
27,Vim,261,1327.212418280113,641.6899302708234
28,Msn,112,1327.9368429983138,642.5283509627507
29,Tmed9,231,1328.1640796448396,641.3766351069667
30,negative_control,1145,1326.865843085944,643.9489966223753
31,Psma7,161,1327.0987365651845,638.5351612449789
32,Lmna,77,1326.607350200216,644.0650607912951
33,negative_control,1366,1328.601601026549,644.643390124631
34,negative_control,1368,1327.1774244416488,644.1027284645028
35,negative_control,879,1329.3185630164362,644.0174835230592
36,negative_control,1942,1326.0187974913651,645.4977779234986
37,Psap,160,1327.1800111743878,641.2390009359476
38,Prrc2a,158,1326.7980296154155,642.5526407236672
39,negative_control,281,1329.3375613212545,645.021224127513
40,U2af2,249,1326.8132091412435,640.3609922145685
41,negative_control,1258,1326.7238630396314,638.703643799457
42,Rarg,179,1330.877342811887,658.4351154401934
43,Hspa9,63,1336.508179835012,668.0340650263822
44,Psma7,161,1334.8676330573248,667.4078454810099
45,negative_control,888,1337.7905724408947,667.1624563134869
46,Hspa8,62,1337.2386617718914,668.2415462467404
47,Ncl,121,1335.491266063693,668.3399422682909
48,negative_control,622,1337.6164395805863,668.070749552635
49,Tpm4,239,1336.0008623981594,748.5829707751625
50,Zfp36l1,269,1336.086064271413,645.2078025596336
51,Cops7a,17,1338.6768891509123,733.6242847368824
52,negative_control,355,1338.1566946295052,734.4405646274124
53,Tpm4,239,1342.387107992438,654.5476509997077
54,Spp1,214,1342.4729230131168,645.8446081372107
55,Tnfrsf1a,233,1340.527782951312,646.3141341091434
56,Vim,261,1343.0297035839455,639.755899273947
57,Twist2,247,1344.0932105911634,639.6320670423291
58,Ctbp1,24,1342.6791082027578,638.2101049656117
59,negative_control,1003,1343.0308496506486,638.2847468431977
60,Khdrbs1,73,1343.550447249009,773.2362615216327
61,Raly,177,1345.4998749199658,782.9173015826038
62,negative_control,2012,1343.7070304533609,781.0866308071465
63,negative_control,861,1343.1717889931278,780.8125837093826
64,negative_control,1215,1344.2601865773954,780.7465778019741
65,Thy1,228,1344.5293403799535,782.4389940111039
66,negative_control,1327,1344.358360399131,781.2135567564987
67,Khdrbs1,73,1345.364601088375,767.195178374745
68,negative_control,622,1349.1751974501517,700.8808409830308
69,Gpi1,52,1349.7065688414891,701.7921493910028
70,Ptgs2,170,1349.3580660346456,700.5734129017142
71,negative_control,891,1349.8709850941286,700.6202385311205
72,Cct3,9,1352.1701771402688,778.0050463771288
73,Rrp1,198,1352.2832327338583,778.702569936157
74,Vim,261,1353.331710004908,779.7610833957136
75,negative_control,1889,1352.6789791238402,746.4770324965763
76,Tpi1,237,1356.595586559744,798.2373405641167
77,Spp1,214,1356.653545364583,731.7845665933497
78,Lrrc59,79,1356.6798723807171,730.1917271007185
79,Zfp36l2,270,1356.4909496419525,731.0896990327855
80,negative_control,1405,1358.090292661371,802.1808855344366
81,Spp1,214,1361.0306956722222,750.460799696487
82,negative_control,639,1364.85313061075,736.7224813340251
83,Aebp1,4,1365.122414187516,754.5187044022578
84,Ltbp3,80,1365.752556597286,754.7672258624573
85,negative_control,1899,1363.8070142382558,753.8586991881158
86,negative_control,1560,1364.642228097097,752.9307798401118
87,negative_control,1046,1364.8960820178625,754.0827309096085
88,negative_control,2054,1365.391965016188,778.8536393892529
89,negative_control,858,1365.7294475194035,779.6878205460689
90,negative_control,996,1365.5302660906254,780.0127444742427
91,Spp1,214,1366.6576831989737,779.7273215536992
92,Tpm4,239,1374.9422688501854,729.0806561081565
93,Cox7a2l,18,1374.8147297445385,652.1437455546672
94,Psap,160,1378.2667016903406,649.7116485318406
95,Mmp14,87,1375.696438773999,649.0892862553951
96,Spp1,214,1375.0731676448956,650.2060997436483
97,Snx5,212,1375.0382623749813,651.3179882846491
98,negative_control,434,1375.3990113089158,653.2821665472616
99,negative_control,1004,1375.854495894068,651.0270747676666
100,negative_control,2079,1375.1168390145456,650.7020563956428
101,Prrx1,159,1376.6910843721748,649.7961724254747
102,negative_control,1262,1379.022666915562,659.3756941150953
103,Nap1l1,120,1378.8503484758846,660.692441522304
104,Lamp1,74,1385.7313251836033,762.0086064989091
105,Gsto1,54,1385.7791998253424,761.3266083159153
106,Spp1,214,1385.888602652377,759.5371519967335
107,Pkm,144,1397.39645544217,663.1755761718853
108,Eif4b,37,1398.1274399417896,662.0028091851775
109,negative_control,340,1401.4178057656154,749.1433179366169
110,negative_control,340,1404.4067243072116,662.6729986712364
111,Cops7a,17,1405.0799919301455,710.9607578132337
112,negative_control,711,1405.5152123825883,701.8427460217022
113,Spp1,214,1406.7247310554185,701.3024918482641
114,Psap,160,1407.2344074797834,722.481164776101
115,Ywhaq,267,1409.424081832584,645.0737308033379
116,negative_control,386,1409.3523634889427,645.0783679249557
117,Vim,261,1408.7937221113336,647.9772011817678
118,Ncl,121,1410.1056991805126,647.0074640109029
119,negative_control,1466,1409.0867844563925,646.2429095911112
120,negative_control,1799,1410.0657788186252,651.9423115424376
121,Psap,160,1410.5919710533694,650.1740931061313
122,negative_control,1117,1408.0374675097498,647.6757986691888
123,negative_control,1395,1409.4343208427258,645.0182200820853
124,Msn,112,1408.725687235554,648.5845598796093
125,Pkm,144,1409.199992530558,646.619950292883
126,Rac1,175,1409.7643237007403,648.0536723025671
127,negative_control,2092,1410.7421593787506,651.4601250068056
128,Cops7a,17,1409.6575275820346,698.3026373616495
129,negative_control,974,1414.683920655298,647.5204872080171
130,Emp1,39,1412.7475008994377,648.0378613750372
131,Grina,53,1412.7160090153377,648.0438121109485
132,Rpl18a,187,1413.2893769507548,672.2684454655611
133,negative_control,1281,1414.318915514381,673.627940881757
134,negative_control,1505,1413.9414763513964,673.4048385481668
135,Rpn2,190,1414.0871823922294,674.0856790518723
136,negative_control,1654,1414.3298634951752,673.5914650405874
137,Il1rl1,69,1415.062628170802,673.4405738522355
138,negative_control,1566,1414.1738914057537,672.0392543657164
139,Spp1,214,1417.3855867286186,724.5641670692327
140,Spp1,214,1419.2311417455544,757.0705253952414
141,negative_control,564,1421.894040239391,652.7064490182441
142,negative_control,2014,1421.104607613749,652.8302160700235
143,Rcc2,183,1421.3181534247522,652.3059175776999
144,Tubb5,246,1422.055103838704,652.1689804963114
145,negative_control,1859,1421.5945922736223,653.1278098509179
146,negative_control,1307,1421.842900650929,653.7615713640962
147,H1f0,55,1424.8343961865285,795.0428947826152
148,Spp1,214,1424.3823594945957,793.9001756124364
149,Sat1,200,1425.4227811437072,795.228627862275
150,negative_control,1513,1424.129140156623,793.7254006063343
151,negative_control,1822,1424.3904015424712,794.6480146930794
152,Arpc5,8,1425.52827329968,791.7642743676322
153,Xdh,262,1427.0819605086915,644.5627210102421
154,Lamp1,74,1426.4011905321963,790.1692991357459
155,negative_control,1949,1426.6894527083105,789.5123289227746
156,Cnn2,16,1426.0822356431547,789.1085459035769
157,negative_control,1279,1426.70343757057,789.4962378665916
158,negative_control,1405,1429.3895804069562,799.8920867419865
159,Rarg,179,1432.3973047426489,768.331383735943
160,negative_control,2022,1439.7246055881983,651.1127375490204
161,negative_control,340,1438.8938004376066,650.9409481548687
162,Nr2f2,129,1438.971056560791,649.8949498557528
163,negative_control,1492,1438.5542937070709,650.6678003482092
164,negative_control,595,1439.1778468417265,651.1447944634896
165,negative_control,563,1438.382360320623,650.8068639941437
166,negative_control,2036,1437.7015318554204,651.3359602582075
167,Tsc22d1,244,1438.8242206086236,651.4651357739803
168,Nfe2l1,127,1439.250465687937,650.3575901367067
169,Maged1,82,1441.2109897821165,811.9691006340346
170,Spp1,214,1440.8579146981292,812.038271032133
171,negative_control,519,1440.5819494121365,810.2673681271879
172,Efemp1,29,1442.1017727317465,810.5993889175109
173,negative_control,847,1443.2823118309684,811.5109479757766
174,negative_control,1907,1440.458696339737,811.40507409238
175,Eef1g,28,1441.7811721469675,810.941403450961
176,Cnn2,16,1441.8029658297598,810.568280478822
177,negative_control,1388,1440.8794809738035,809.6177778040882
178,Tomm40,235,1444.4615541992955,811.3800431400632
179,Emp1,39,1446.676283233291,671.4082099976285
180,negative_control,1362,1446.3698452868405,672.0081129765204
181,Rpsa,197,1445.1370410071008,671.2162644316259
182,Pgrmc1,143,1453.190767757295,766.8186563189566
183,Vim,261,1450.8090181382754,766.7314375609983
184,Emp1,39,1451.73184056878,766.2546008263027
185,negative_control,1577,1450.8183942169776,766.6301879514866
186,negative_control,1265,1450.775306109606,766.7874638407723
187,negative_control,803,1451.293935697814,766.6516141663468
188,Spp1,214,1451.8923194053623,766.1328488661368
189,negative_control,999,1451.566572967041,767.2202634785756
190,negative_control,1918,1453.4854138124613,777.8361116624376
191,negative_control,339,1454.1229989983212,683.4166473931593
192,Emp1,39,1453.5874123273256,684.1903055422905
193,negative_control,1003,1457.9906997165665,785.5703053782388
194,negative_control,344,1460.3904687427107,802.8451375047741
195,Oaf,133,1458.8383275821157,820.6728456063528
196,negative_control,972,1460.462264583489,822.4381604281875
197,Ppp2r1a,151,1457.2344847220886,820.1255088586846
198,Oaf,133,1461.3726187635348,822.5568606457425
199,negative_control,2074,1460.460499347301,824.0418366256717
200,negative_control,1119,1460.0073215951704,823.4284044765079
201,negative_control,1981,1459.9003370822606,821.2697653594797
202,negative_control,1721,1458.3264481385943,820.8804232754101
203,Sdc4,202,1460.234075029305,821.3094285929992
204,negative_control,1503,1459.3199327452826,821.4011416733147
205,negative_control,2100,1459.283703708716,821.0447457867335
206,negative_control,300,1460.3902987059112,822.7868784623846
207,Mta1,113,1461.198373192362,760.8081740316145
208,Tcp1,227,1461.972335132135,761.9456679392501
209,Pkm,144,1466.971056631579,803.752455113455
210,Pdia6,142,1468.474220824395,805.0390610261244
211,negative_control,1121,1466.184701822391,802.9635722325411
212,Ppm1g,150,1467.903655761904,691.7532304042495
213,Tapbp,224,1470.2319276001615,828.3844844221682
214,negative_control,1835,1469.719024760704,829.198405316315
215,Gas1,50,1467.969755107919,829.4344781228291
216,Rpsa,197,1468.622719074304,831.3323831830367
217,negative_control,1312,1469.3347627046642,830.1323786048208
218,Sfpq,206,1468.091514341593,829.4967748086065
219,negative_control,580,1468.154936062317,829.9466625691065
220,Emp1,39,1469.2267833019057,829.5435806718513
221,Ergic1,41,1470.2834822049388,831.4691189982286
222,Got2,51,1470.1718936423051,830.4384873576505
223,negative_control,1163,1468.9499090317256,829.4226176667116
224,Mvd,116,1469.3441853088902,699.0989466345011
225,negative_control,1221,1469.1142173219082,781.9739432046852
226,Emp1,39,1469.6832057483184,783.0492702001688
227,Psap,160,1468.874102743314,781.0534696374477
228,negative_control,1896,1469.11320339369,781.6477194501911
229,Emp1,39,1474.9248341208418,699.534059534083
230,Spp1,214,1474.4183290385458,732.9136543136677
231,Ugdh,255,1473.0821537847196,731.0965894781136
232,negative_control,1511,1474.3693082755797,731.9479944643188
233,negative_control,2090,1472.6046459301592,731.423200111406
234,negative_control,1825,1472.906512014364,730.8366078648112
235,Hspa8,62,1475.7908968850934,768.5763470521047
236,Tspan3,245,1476.380837432259,769.130047929828
237,negative_control,1941,1472.674343751395,772.9735331457239
238,Spp1,214,1475.8755182477894,770.7921151491032
239,Spp1,214,1474.110004253933,773.732674728006
240,Rpn2,190,1475.2597993332752,710.611212060768
241,negative_control,1121,1475.8794765524658,813.8039666828458
242,negative_control,479,1478.6308044459397,805.2369269175151
243,Mrpl35,98,1479.699948939802,805.1730742368018
244,negative_control,1911,1479.4470213277289,770.8104526991716
245,negative_control,330,1479.3984697977166,743.1814652778486
246,Cops7a,17,1481.2091621055802,710.4538991348234
247,negative_control,1262,1483.3268032397032,817.8080108601667
248,Sfpq,206,1483.7047210649037,726.2399952551355
249,Gsto1,54,1484.7094270164891,766.486718673418
250,Eif3f,35,1483.772640449257,767.3578836107797
251,negative_control,689,1483.0902417244197,768.0706101075533
252,negative_control,1054,1484.4895117776068,769.1311355776324
253,Lamp1,74,1483.8725838663026,767.7928721760184
254,Tubb5,246,1487.5532754577632,821.1382334658521
255,negative_control,284,1488.304014792354,820.9995056174942
256,negative_control,334,1487.016185367151,821.0250384558349
257,Ctbp1,24,1486.159838941483,826.062160918746
258,negative_control,1886,1487.1077046527184,823.3209378095709
259,Vim,261,1487.0570295007335,825.1652435930973
260,negative_control,676,1487.4276964478718,822.7651247732985
261,negative_control,1362,1486.8157435633757,826.8497748526179
262,negative_control,805,1486.7606522817996,824.2752738972657
263,Hspa8,62,1486.7200451940148,824.8070589596969
264,Rpl18a,187,1486.7725963096646,840.9038600194995
265,negative_control,830,1487.5826622966954,842.2180355694143
266,Hspa8,62,1490.8421189277824,845.5811638791195
267,Tcp1,227,1488.703112198447,846.6065504861376
268,negative_control,1221,1490.896257805544,847.5503134723782
269,Mrpl38,100,1487.2609630240988,847.400414348526
270,Sfpq,206,1491.2645666391277,847.5020953765379
271,negative_control,2004,1492.0253492027848,846.7283243605782
272,Snrnp70,210,1491.8616797009956,847.5946093385171
273,negative_control,1905,1489.8273242953285,846.3813032510901
274,Zyx,271,1487.657984676386,847.8161895336102
275,negative_control,1061,1489.1487375151708,846.2833862517743
276,Psma7,161,1489.2527637215903,847.300525981836
277,Tpm4,239,1490.6738198807811,770.7494941351956
278,Malat1,83,1490.3842705577658,770.3841098951424
279,Ltbp3,80,1492.2606798891131,798.4229074507522
280,negative_control,983,1492.595663599509,765.4736869031705
281,Sec13,204,1492.2379424110966,765.7823183082901
282,negative_control,1222,1493.2243622536964,767.9516318571027
283,U2af2,249,1492.7660942664843,767.6172423680798
284,Ptgs1,169,1493.2748336771692,764.1843577977252
285,negative_control,1262,1492.7109439701403,764.2508717125775
286,negative_control,1775,1494.0580763565126,843.8014246303579
287,Spp1,214,1493.8722326932773,741.0068406458478
288,Ppm1g,150,1497.07296799519,744.6891149240065
289,Mrpl35,98,1497.131269308138,812.9482892532578
290,Tmbim6,230,1497.286418478065,761.3029220619235
291,Tcf25,226,1495.722333293594,756.6715212265584
292,negative_control,885,1495.3548108934735,755.814066764624
293,Ptbp1,167,1497.8061468173355,758.8089719545696
294,negative_control,298,1495.655411493654,755.6982194818152
295,Rps15a,191,1496.2953843617468,757.7738904235358
296,Pdha1,139,1498.152943088484,759.6045996702533
297,negative_control,487,1495.0891782412768,756.7365583382449
298,negative_control,1940,1498.7980764080355,844.7739783707774
299,Vat1,259,1498.645927315195,845.0408563252888
300,negative_control,1093,1499.7334369195307,843.4559204497634
301,negative_control,1404,1498.8898191938365,843.7978019218258
302,Psmd8,166,1500.1892507835462,843.9850394285622
303,negative_control,1924,1500.210865715227,842.8440349070615
304,negative_control,1524,1500.506164458321,843.8616441695046
305,negative_control,339,1501.7908212384436,782.5649366886066
306,Pdha1,139,1502.48590659802,848.4820209568207
307,negative_control,1663,1502.0903933529771,848.0657549953343
308,negative_control,321,1501.472574536259,848.9088853001192
309,Rarg,179,1502.25462019803,845.5142257924524
310,Tpm4,239,1503.4342738220216,789.7259222336925
311,Mbd3,84,1504.060897607295,839.1013597350241
312,Hnrnpk,59,1504.2202358834247,837.6516274327007
313,negative_control,1774,1503.4564189648538,838.1379367478696
314,negative_control,306,1503.5897654919618,837.5835263734913
315,Cops7a,17,1503.183515022164,777.6074115391399
316,negative_control,605,1506.6622533351283,794.1656283142912
317,Raly,177,1506.686466814353,794.2747681203367
318,Spp1,214,1505.391054630579,794.69364134053
319,negative_control,2013,1506.466817779216,794.8242983678565
320,negative_control,1755,1505.4349544111412,833.1977775933104
321,negative_control,1879,1506.141819664096,833.0190217538548
322,Tpm4,239,1507.2930409541543,804.1153756712605
323,Mrpl28,97,1511.7747426263727,798.7014041851536
324,negative_control,1211,1513.1264436008953,800.3111996751145
325,negative_control,298,1511.918762493593,799.1111768894804
326,negative_control,1629,1511.8578442901455,799.6219666642894
327,negative_control,414,1511.139265061002,797.6308800906502
328,negative_control,1647,1511.3207357194033,798.8225121626916
329,Hdgf,56,1512.4524961546745,799.9868427524932
330,St13,220,1512.8717656854387,844.9060603523519
331,negative_control,299,1511.5568470766664,863.1820199006349
332,Cct5,10,1514.5597031725652,811.7308407783389
333,Eif4b,37,1513.391359229304,811.9667111696924
334,Puf60,171,1515.2458103096642,811.54504967464
335,negative_control,1262,1513.1242845439267,838.4858247508771
336,Vim,261,1511.4980458436044,838.5612201464194
337,Eif3e,34,1513.576110441829,838.6724808407508
338,Tmbim6,230,1512.2255894407504,837.9510913785796
339,negative_control,1404,1514.8415109558234,837.6328626768762
340,negative_control,1329,1520.096153648558,798.8585688168207
341,negative_control,1667,1517.6360554696437,799.4006255381299
342,negative_control,417,1517.8966802304358,799.7025205489497
343,Lmna,77,1518.3911601731684,797.872959138036
344,negative_control,494,1516.9688614131005,798.674594674298
345,negative_control,1404,1517.9418974932084,798.7948040395539
346,negative_control,2063,1520.3067119775394,798.824529787192
347,Tubb5,246,1520.0367785439491,836.7998435751022
348,Vim,261,1520.2431594396085,837.5306123260726
349,Tsc22d1,244,1520.3752829759278,839.1144157478274
350,Arpc2,7,1520.2045330632195,840.1245855595953
351,negative_control,911,1519.5846378983545,839.6477335522927
352,Uba1,250,1521.5034921632966,838.3728566657354
353,Spp1,214,1519.6676936405051,838.0784573205623
354,negative_control,1617,1520.6009214403362,837.7456703350836
355,negative_control,818,1519.9217798310096,837.3721158100257
356,negative_control,456,1524.1711884307583,826.4932522545014
357,Ncl,121,1523.5172786361989,816.6803506434859
358,negative_control,468,1524.1739851922196,820.2016541972743
359,negative_control,324,1524.6559917886275,817.4727026277767
360,negative_control,1445,1523.8159423514758,817.8042310764098
361,negative_control,735,1524.3418320292376,818.4392366402659
362,Lrrc59,79,1524.8642425200171,819.9807028454934
363,negative_control,1122,1525.618858243186,819.452734431622
364,Cct5,10,1527.737338034562,831.0831095685694
365,negative_control,821,1526.8277163008036,830.6757498147647
366,negative_control,694,1527.767340587919,832.3699804304591
367,Mbd3,84,1527.801493676613,832.8745226525925
368,Vim,261,1527.1876063725097,829.357213147063
369,negative_control,370,1528.2865554838806,831.644370967412
370,Tubb5,246,1526.255522325815,829.6080653138345
371,Sec13,204,1527.610081248943,831.4739320384525
372,Eif3i,36,1529.7609622103096,832.9967287513875
373,Hdgf,56,1531.5613708035753,852.4813780155605
374,Sf3b2,205,1531.0119394240328,851.3272639822654
375,Tnfrsf1a,233,1528.9719357122046,850.0555913598148
376,negative_control,1445,1529.5218395106724,850.3111117690044
377,Rad21,176,1529.9989113001975,851.8129040910817
378,St13,220,1530.1199555615422,850.8748650032232
379,negative_control,1002,1529.2877190319005,849.2316278919598
380,negative_control,1637,1528.315016084206,848.6949441724114
381,negative_control,463,1528.2497069398478,847.682231791787
382,negative_control,1943,1527.9273569053216,849.2059244521863
383,Hspd1,64,1526.8098470162126,849.2685554916485
384,Morf4l2,88,1529.104449471938,853.2944635449651
385,Cops7a,17,1529.150506269874,852.8893964345241
386,Ppm1g,150,1529.7340887151772,845.5363192806826
387,Kars,72,1313.828544734224,661.6881876484881
388,Tubb5,246,1313.910300387387,662.4512844765645
389,Aars,1,1314.1464969303702,661.1275853272081
390,negative_control,852,1314.0728114684823,660.3449080796908
391,Rpsa,197,1318.7457687066922,641.6089506275207
392,Vim,261,1316.8447291551056,642.7460919885374
393,negative_control,1756,1318.1080311203698,643.3004738208024
394,Ly6e,81,1317.4148269882594,642.4361423417313
395,Tubb5,246,1316.3281788192344,642.358611194534
396,negative_control,787,1316.2619158875364,644.4087774920681
397,negative_control,2021,1316.9084488602934,642.6816404575851
398,Ubxn1,253,1317.479138386849,644.0717155619296
399,negative_control,1320,1318.8046093687071,640.0628606002732
400,Hspa8,62,1319.78784464604,639.483210298873
401,Efemp1,29,1318.7198377999127,639.9595276632999
402,Mrpl41,102,1317.440729390418,640.7592705973323
403,Rpsa,197,1319.7760779244295,656.5120342276858
404,negative_control,1026,1320.7907172294194,630.4441427394279
405,Ywhag,265,1324.4680139843035,635.4445611138221
406,Vim,261,1322.0311783067868,636.2036058281491
407,negative_control,546,1320.9831084685263,637.1844384102822
408,Msn,112,1321.0106248029892,637.7188194653993
409,Ly6e,81,1326.9735436787728,634.6001500407303
410,Hspa8,62,1323.4229763260391,635.517376058739
411,Morf4l2,88,1320.545231203449,637.0406999956507
412,Ncl,121,1321.6555103428773,633.5987248143764
413,negative_control,903,1321.4219841007678,635.9650035909353
414,Tpm1,238,1324.882812117481,635.1582005633774
415,negative_control,956,1326.411178536556,635.1945405662477
416,negative_control,1901,1322.804851269406,636.0939010621057
417,Aco2,2,1321.8007396383573,619.4902686559769
418,Eif4b,37,1321.0280078867352,618.9815125450355
419,Prrx1,159,1321.6004537056865,619.0725888033301
420,negative_control,1674,1321.8488381164875,619.5399594001192
421,Oxct1,134,1319.8078047943695,618.7430729964007
422,Rpsa,197,1324.59417094427,727.7607115201795
423,Tomm40,235,1324.9196469864255,726.9992411246214
424,Ncl,121,1327.089864963918,620.3695450798034
425,Fkbp4,44,1326.692828790067,620.0313346756448
426,negative_control,481,1325.9473780582116,621.3849047027495
427,negative_control,1476,1326.700288109636,724.303786654162
428,Psmd4,164,1327.5466540273983,653.7655018410135
429,Aebp1,4,1327.1334096530318,677.9767669424136
430,negative_control,969,1328.203987561052,652.3645540153632
431,Tomm40,235,1328.296629064484,652.8581732400316
432,Timp2,229,1328.346038357712,690.7501103758801
433,Ptgs1,169,1327.8698281853206,689.6877289977133
434,Nedd4,126,1329.3397772388823,690.7587980830451
435,Rpsa,197,1328.8031166370931,690.7808018826819
436,Ptbp1,167,1330.8249567093774,738.1601076294738
437,Rpsa,197,1329.6637992285875,739.6645045047735
438,Mdh2,85,1329.5835843941857,738.9054616930375
439,negative_control,1289,1329.934484446993,628.1744699932223
440,Igfbp6,68,1329.5423135135488,626.6148690157574
441,Hspd1,64,1331.0342401308642,626.5660504238026
442,Sfpq,206,1330.7805571414683,626.2206274781066
443,Tspan3,245,1331.2603216114717,626.1414520799913
444,negative_control,988,1331.150105419753,627.66900874412
445,Rpsa,197,1331.7426967897122,761.4312660735608
446,Prrx1,159,1332.6626580303357,749.8558381515322
447,Rpsa,197,1332.767915159614,736.9270590400055
448,Rpsa,197,1336.756054427603,635.180373996061
449,Psmd8,166,1337.4621093764952,647.5631865188143
450,Ercc1,40,1339.569690143407,654.0431268290122
451,negative_control,302,1339.955647668483,655.3022369028575
452,Psmd2,163,1338.5930208050174,652.3363195820767
453,Npc2,128,1340.344677984394,654.3689882394455
454,negative_control,1630,1340.2039007498734,756.4149259594792
455,negative_control,377,1340.7783164534803,756.4670059269808
456,negative_control,1467,1339.2083695762446,756.6109598907668
457,Rpsa,197,1340.111235601691,666.1100141370869
458,negative_control,1903,1339.2727869814023,623.7527388471956
459,Ncl,121,1339.344409794102,727.3261058606481
460,Zyx,271,1340.4190440653442,727.096724254864
461,Prrx1,159,1340.271369331589,651.4598548177622
462,Rpsa,197,1340.411966464428,777.5475697668812
463,Rps15a,191,1341.702400804732,693.4392555720308
464,Ctsb,25,1341.2126338964722,692.1577674384122
465,negative_control,850,1341.2788150022182,765.2368378009453
466,Psma7,161,1342.3639656162372,763.7417696282605
467,negative_control,298,1344.627001012779,788.3988452353128
468,Aebp1,4,1346.05177556299,631.5126371531169
469,Gas1,50,1345.8420161648646,636.8367921093088
470,negative_control,1355,1346.4777683215802,752.7903580087761
471,Hdgf,56,1346.650839349842,752.1886381349335
472,negative_control,1479,1349.1654487677592,753.5807837145577
473,negative_control,298,1347.9124268726368,752.0927999233701
474,Aars,1,1350.4859489948992,736.6287499716616
475,Ctsb,25,1351.1765980786708,647.1483780132386
476,Vim,261,1351.1381981508207,731.3193589585566
477,Rpsa,197,1351.38977700215,728.3318322804788
478,Psmd8,166,1351.7215122077323,798.3221354892938
479,G3bp1,49,1353.8408206552515,789.7858727535905
480,negative_control,1404,1353.981005390248,724.3053886674035
481,negative_control,1477,1354.4085873253025,724.3810058230296
482,Ywhag,265,1357.091568860604,650.4115936888088
483,Il1rl1,69,1355.500510803964,650.9634807166128
484,Pdia4,141,1354.9176097759864,652.5065765592624
485,negative_control,301,1355.9008347432436,650.2022946886877
486,H1f0,55,1356.5247358557024,650.1433268211755
487,Fbln2,42,1356.0047853483552,637.5056867222976
488,negative_control,1383,1356.6154771921283,637.23096572533
489,Rpsa,197,1357.2098065809744,716.8071076005735
490,Ppp2r1a,151,1358.784377772182,771.2795849918493
491,negative_control,1318,1356.9246254529623,770.7870501526429
492,negative_control,1070,1356.8064559685936,770.2723916114821
493,negative_control,956,1356.617414717608,770.8510331633186
494,negative_control,794,1357.3232334425063,771.0397301576975
495,Ptgs1,169,1357.7968033084514,769.602166003114
496,Rpsa,197,1357.4062041177915,775.8158275167234
497,Rpsa,197,1358.3385766470692,639.170271877884
498,negative_control,968,1357.9892171159945,738.9154887658714
499,Rpsa,197,1358.499770537938,630.5136850659426
500,Fbln2,42,1359.1937819406626,706.5057116776367
501,Prkcsh,152,1356.555171664479,765.7933848912752
502,negative_control,1655,1355.700189560025,765.9518039930058
503,Fkbp9,46,1358.7587294675425,766.4406332004834
504,Uck2,254,1356.0489429100044,767.2339324900676
505,Aebp1,4,1359.826936555211,766.9416929231007
506,Ddx17,26,1355.6328443277414,765.7453091579387
507,negative_control,1801,1356.094860589094,767.0438272354676
508,negative_control,471,1358.982027495954,766.6609650326566
509,Rpsa,197,1361.00465260785,732.3747158983726
510,negative_control,2035,1362.2063311753186,751.2612384668431
511,negative_control,914,1362.351335566072,751.6234410628613
512,Cct8,11,1363.3494348901766,788.2849397118425
513,negative_control,755,1363.4126315915382,788.777685299041
514,negative_control,825,1363.6020286371331,787.4745588203672
515,Cs,20,1364.4157416230491,789.4502078491337
516,Aebp1,4,1364.2128371041867,758.2794662176808
517,Rpsa,197,1366.7211636439588,745.6554732706857
518,negative_control,1387,1367.5914215652106,774.6786585692862
519,Fbln2,42,1367.6831035735684,774.4146732311623
520,negative_control,1323,1368.5991690081491,777.4361072796535
521,Prrx1,159,1368.8406412794736,672.4002637099879
522,Rpsa,197,1369.7289801234049,633.6825419832523
523,Aebp1,4,1369.8641330730895,758.0843240572036
524,negative_control,1934,1372.0993537041702,634.5917360957794
525,Psmd2,163,1372.4479219747052,708.4105145520209
526,Rpsa,197,1372.602903374595,690.9630752954886
527,Myc,117,1372.643558826892,657.0295088225903
528,Ctsb,25,1374.2841988113612,741.6339583471216
529,Lamp1,74,1376.6403876300617,783.6366165109397
530,Emp1,39,1376.4689454159784,785.0595573476018
531,Ndufv1,124,1376.737967939369,782.9591197023165
532,negative_control,1960,1375.540328393326,638.5593169103128
533,Uba1,250,1376.9157644601516,646.3415134885931
534,Rpsa,197,1376.4306088427234,713.6464057770015
535,Ran,178,1376.4232874981726,656.5622381503562
536,Myc,117,1378.9389897504084,773.7502416801165
537,Rpsa,197,1380.6956451771637,725.7413217854227
538,Ctsb,25,1381.3127108886029,629.4857260073131
539,Ctsb,25,1380.2173045059926,783.7652689823524
540,negative_control,1908,1381.5990631877116,770.9905341345545
541,Ctsb,25,1382.127058452354,757.6450282787861
542,negative_control,1612,1381.6083702725225,757.0485067694693
543,Vim,261,1386.5792583660009,632.9993596008253
544,negative_control,1374,1385.345984059776,633.7208134199035
545,Rps15a,191,1383.8507332114782,633.182603451196
546,Ywhag,265,1385.139154000825,632.5062054248017
547,Rcc2,183,1384.7491319304845,634.1522852732639
548,Gas1,50,1384.185018288499,633.2242346135461
549,Il1rl1,69,1383.9945831857265,633.5756641003464
550,Tpm1,238,1385.60731229588,633.6597914696981
551,negative_control,298,1386.329724660764,657.7410332760144
552,Rpsa,197,1386.2524820932288,689.7590203984535
553,Ctsb,25,1388.4874226044574,702.7921505329801
554,negative_control,677,1388.6245857357335,703.1876284321905
555,Rpsa,197,1388.556741048879,680.2250034111437
556,negative_control,298,1389.9239606793897,634.605487161903
557,Aebp1,4,1390.3473731167069,773.3736985234419
558,negative_control,1908,1389.8895371808658,787.7174472210316
559,Rpsa,197,1393.832126693417,665.2759924608746
560,negative_control,550,1395.7734316344377,640.8785091045628
561,negative_control,1587,1397.9694278659504,641.0922901676292
562,negative_control,1944,1394.5954201006437,641.1077485981459
563,Rpsa,197,1394.8941968529616,670.8185605527534
564,Vim,261,1395.8186873467257,778.3218742858513
565,negative_control,1512,1395.8212789262825,778.3344333504556
566,negative_control,1799,1395.7326020503392,778.4633117898758
567,negative_control,1300,1395.761125739618,778.6888763368405
568,Rpsa,197,1396.3918531072336,637.5518384646898
569,Rpsa,197,1396.8842085816625,652.2885499755967
570,negative_control,1079,1402.1830656094455,638.0988606454113
571,negative_control,2033,1401.8604603807098,635.643130508638
572,Npc2,128,1401.8167654450858,639.5749606506638
573,negative_control,992,1403.6562725618896,637.1312321013638
574,Sat1,200,1401.4150286572967,635.8616412611614
575,negative_control,284,1401.8357939468392,638.644709588704
576,negative_control,1498,1402.301161136255,638.7865917252566
577,Rpsa,197,1403.6291935122615,778.0263664180477
578,Tspan3,245,1404.378070035406,713.2530452938959
579,Aebp1,4,1405.2647536212278,668.3712002104038
580,Prrx1,159,1405.0167997608526,723.9241469140981
581,Ssr2,217,1406.253980531101,674.2710219861256
582,negative_control,1675,1405.7580525015926,674.170902926432
583,negative_control,580,1405.800793482298,776.7880263180333
584,Vim,261,1403.366053485487,774.9748634390417
585,Tsc22d1,244,1406.4617419544795,775.5449755428878
586,Ssr2,217,1404.1212357662616,775.4462528370555
587,Rpsa,197,1405.594781906481,776.0792129128749
588,Ctsb,25,1406.8191974963518,787.2726661952444
589,Rpsa,197,1407.5372659118727,672.5444551938384
590,Rpsa,197,1407.809906910072,790.054683984889
591,Rpsa,197,1408.2500877400485,640.1022574890235
592,negative_control,1064,1410.1651315100607,643.0350116477643
593,Rpsa,197,1410.8950888187817,751.6555955343493
594,negative_control,553,1411.5436154802906,629.960902688066
595,Ncl,121,1411.4243179994207,630.4385535986273
596,Xdh,262,1411.4501305430254,628.3013988946576
597,Aebp1,4,1411.6589981462726,796.638519282378
598,Rpsa,197,1411.1801813891425,778.8212641164762
599,Rpsa,197,1412.6482970853858,764.0581362618841
600,Rpsa,197,1412.640675391612,770.8177076921927
601,Rpsa,197,1412.3070566507558,710.9777418569937
602,Ctsb,25,1413.3517922812896,698.6220169893571
603,Fbln2,42,1415.447934136182,743.2393977955996
604,Aebp1,4,1414.6178521164393,783.5376434545177
605,Ctsb,25,1415.8249245379304,721.879012198342
606,Rpsa,197,1415.6917236675492,641.0118115101764
607,Aebp1,4,1415.6375323039715,771.05801400648
608,Mbd3,84,1417.0283735812532,655.831472828632
609,negative_control,1428,1418.9064735641468,750.749421027054
610,Snrnp70,210,1419.8489586375558,751.1493892962995
611,Prrx1,159,1418.420728356629,750.7257887455344
612,negative_control,1037,1419.263957098962,752.0529002414569
613,negative_control,1634,1420.600220534657,633.8173112879336
614,Ppp2r1a,151,1420.9321430350662,634.7925461850424
615,Hmgcs1,58,1421.323088050827,635.2828245719057
616,negative_control,665,1420.9619744687798,633.9009930697335
617,negative_control,1467,1421.4504340841006,621.1475251289448
618,Pdia3,140,1421.2251855659351,620.7862981703139
619,Fkbp4,44,1422.1268583190908,621.7842240079675
620,Fbln2,42,1424.473790561957,774.3149664605725
621,negative_control,691,1425.1869419072295,649.9617994040327
622,Vim,261,1425.413183545142,778.5432284983509
623,Mtap,114,1424.7892842669248,776.0119256917216
624,negative_control,2018,1425.0087330155416,777.79080799968
625,Oxct1,134,1427.548751630937,778.2823802766363
626,Rpsa,197,1424.7007706715908,776.859927306374
627,Rpl15,186,1426.494169542619,779.6891743459828
628,Rpsa,197,1427.508525387106,757.5529053873915
629,Rpsa,197,1428.4726517650706,678.2481253791505
630,Aebp1,4,1428.5483131287258,631.1411584571241
631,Rad21,176,1429.8274144950449,660.4860291716185
632,U2af2,249,1429.8655154293624,661.0921774430001
633,Myc,117,1430.719222098046,709.6989299433287
634,Uba1,250,1431.886179579927,790.4531486985735
635,Rpsa,197,1431.6166085426207,681.4263441600442
636,Rpsa,197,1431.7844206304603,807.7179762503285
637,Rpsa,197,1433.067218931502,795.3724927643194
638,Rpsa,197,1432.673261595903,778.921146407432
639,Myc,117,1432.6460794918207,657.9568158548858
640,Rpsa,197,1433.957494967227,643.9314788841086
641,negative_control,1598,1434.816948247356,752.6263309505442
642,Ywhag,265,1433.2672288532758,752.4148513120917
643,Rpsa,197,1435.822734993308,660.7536593952929
644,negative_control,1946,1438.0527896324909,801.1235143950554
645,Tubb5,246,1437.443703821052,801.072956441201
646,Myc,117,1439.0589999506274,800.7523951501139
647,Fbln2,42,1436.8399752902042,801.7765153165618
648,Timp2,229,1439.476381028362,800.3509453722941
649,Myh9,118,1439.503159466733,798.941917490183
650,Vim,261,1437.1673744935656,800.8989844582613
651,Zyx,271,1435.6591907516026,801.235976543821
652,Prrx1,159,1438.5645522689265,696.2504340070577
653,Psmd2,163,1438.647536056528,759.7598072618433
654,Vim,261,1439.6435897477322,680.2894451628957
655,Prrx1,159,1439.1991993811007,764.2865164292889
656,Gpi1,52,1440.899961899442,714.0157587855063
657,Rpsa,197,1443.1588895642913,687.4862857324813
658,Rpsa,197,1443.583356812118,658.8038579870848
659,Aebp1,4,1443.347655501681,800.4144417093814
660,Vim,261,1449.4277724276026,802.9089828915724
661,Rpsa,197,1448.6300692985278,803.4366722904041
662,Trp53,242,1448.9769057261717,803.1928357390532
663,Emp1,39,1449.3625262652936,803.9599926255761
664,negative_control,1608,1449.7365393134462,815.2596772625074
665,negative_control,1171,1449.673874059616,815.4398892151397
666,negative_control,1268,1449.093340737254,816.0112586690416
667,negative_control,298,1449.5582616674023,815.7767594168561
668,Pkm,144,1449.6223828907007,814.6714038038298
669,Rpl18a,187,1450.6011599697747,787.6102348190924
670,negative_control,689,1450.3745030209216,787.0477417366578
671,Ctsb,25,1452.0922200104394,735.021970523115
672,Ctsb,25,1454.6669437820342,791.0948775979523
673,Ncl,121,1456.5191560056237,807.3141951740569
674,negative_control,714,1457.174565215652,807.8048160703145
675,Nr2f2,129,1458.133137927509,808.1891059418444
676,negative_control,314,1456.43587394537,809.2651798098311
677,negative_control,762,1456.2035714067515,760.6621545452002
678,Prrx1,159,1457.6644513622446,680.6099171290662
679,Myc,117,1458.622361364594,792.5824066786909
680,negative_control,1223,1458.5204939338591,792.5889290513808
681,Rpsa,197,1458.2299010633212,780.9087773730407
682,negative_control,1093,1459.9204478268668,806.063425820531
683,negative_control,959,1459.499974751466,805.6436277957715
684,Ctsb,25,1460.0092837660186,765.5671010620517
685,Rpsa,197,1460.7972369728466,788.6485203226512
686,Ctsb,25,1462.3929592682605,719.4764688082817
687,Prrc2a,158,1464.208956471056,757.4876117559786
688,Il1rl1,69,1463.1953384705455,758.882766004449
689,Prrx1,159,1462.8713101775193,682.88301885244
690,Tcf25,226,1465.8884600496822,785.3652320437684
691,Vim,261,1464.2447000763302,787.9366620686134
692,negative_control,681,1465.8064133862597,787.166158944847
693,Ncl,121,1466.8706632482767,786.0451971246725
694,negative_control,1014,1465.982913742708,786.3954011430035
695,negative_control,614,1465.4519718844954,787.033327198746
696,negative_control,1512,1464.5802910898267,787.8452858194339
697,negative_control,1659,1465.1608452982794,786.9335663216812
698,Rpsa,197,1464.763053482137,764.7683952556886
699,Rpsa,197,1465.048178685196,771.939222009657
700,Rpsa,197,1465.2913955603742,713.3213764510031
701,Psmd2,163,1466.4247812565466,725.933464561103
702,Ywhah,266,1467.7291413588816,808.6663332215999
703,negative_control,1539,1468.867414681161,807.5144562026125
704,negative_control,458,1467.5398147286471,807.9701976107172
705,negative_control,2074,1467.3452800556363,807.972702277636
706,Raly,177,1467.705048534096,807.3625250351117
707,negative_control,1467,1467.9948898662271,806.9662069155868
708,negative_control,1678,1466.01394403856,807.4070556459395
709,negative_control,1355,1468.641956819159,807.7441852716896
710,negative_control,1734,1468.2516265795937,807.1271184009757
711,Vim,261,1469.2287425267527,785.4833297435396
712,Npc2,128,1469.180842311544,786.7282050081199
713,negative_control,1938,1469.4848008232311,784.0157181974063
714,negative_control,867,1470.502937781091,786.2749998336783
715,negative_control,1197,1468.9010294795853,784.8597590123003
716,negative_control,1476,1471.288606157566,826.4264064771876
717,Hdgf,56,1472.5032677103186,707.9133121885278
718,Rpsa,197,1472.7423190359357,721.6140235385894
719,Ctsb,25,1474.285715989875,747.2489434831688
720,negative_control,1930,1474.2595314304351,785.1760203323304
721,Ctsb,25,1474.9509575799827,776.5994369629831
722,negative_control,1480,1475.974561119794,777.1169961854146
723,Srm,216,1476.7084032771577,737.8635507701058
724,Rpsa,197,1476.2432100913438,704.9062442317979
725,Ran,178,1477.3073748957086,747.9185967330596
726,negative_control,1748,1476.0468187825445,746.7425197261965
727,Srebf2,215,1476.8318216578718,747.3695804898298
728,Actn4,3,1477.5994761807217,751.1004387840343
729,Ctsb,25,1477.4283194046802,750.27974397316
730,negative_control,1960,1477.8979190486075,815.8589827965419
731,Rpsa,197,1478.2615475380137,802.3217640130276
732,negative_control,719,1478.487886521658,776.8279132681229
733,negative_control,285,1478.5372985820677,777.0941850089491
734,negative_control,1510,1479.2825296019964,777.611313133244
735,Twist2,247,1480.2451479802153,777.700173192972
736,negative_control,1361,1477.953970308949,776.7746185554631
737,Vim,261,1482.7101579573618,811.800285964775
738,negative_control,1138,1483.675883892976,814.4683220211472
739,Sf3b2,205,1482.7370651390602,812.4817325617229
740,Sdc4,202,1483.5961273666126,813.4498673053845
741,negative_control,1891,1482.2917254341312,811.7731123650378
742,Raly,177,1483.574394674264,814.5633228011694
743,negative_control,1750,1483.7649266958454,815.8108463670724
744,negative_control,1239,1483.6130599720627,813.785035872938
745,negative_control,626,1484.1668309954025,813.526142174117
746,Psmd2,163,1483.3165549997,814.9394134963603
747,negative_control,383,1483.2317768500166,814.5566466775996
748,negative_control,1086,1484.283924617501,812.9349597016438
749,Rrp1,198,1482.163401708584,812.405672487824
750,negative_control,1960,1483.9870463741383,806.9933363418141
751,Rpsa,197,1484.9072331446096,834.5972899008831
752,Rpsa,197,1486.1711782271464,729.4303355313236
753,Rpsa,197,1486.3976658058718,777.0738426105862
754,negative_control,319,1488.0262145473166,802.6963838200305
755,negative_control,1846,1487.3517880831178,801.7678208208818
756,negative_control,1432,1487.3969608435673,801.3532035022749
757,negative_control,357,1486.72571977891,801.3585324064404
758,Rpl4,189,1487.804613033294,802.1836501199616
759,negative_control,1634,1487.4963899338552,740.1827700410707
760,Rpsa,197,1488.008850112624,768.9235203307967
761,Stip1,221,1488.6683034355735,764.4752948519226
762,Sdc4,202,1490.9586085467986,775.9749267163438
763,negative_control,1835,1490.532953181798,774.0036170771343
764,negative_control,691,1489.9041246904774,791.6883456561592
765,Vim,261,1489.8137117994395,780.6915943760982
766,Aebp1,4,1490.2563894762106,747.1053397753071
767,St13,220,1490.883108569208,830.8411907597517
768,Vim,261,1490.5067704517664,830.0642912981888
769,Myc,117,1491.0941766061353,805.1009761008331
770,Nr2f2,129,1494.5848855691256,808.512925172505
771,Sec13,204,1494.7685762902909,808.4782588008878
772,Rbm3,182,1491.6118844983582,753.9784390600347
773,negative_control,1467,1495.762372325633,753.3050993577708
774,Mbd3,84,1490.8993121285512,754.0669179083527
775,H1f0,55,1491.9031856954366,753.0937489069871
776,negative_control,1005,1487.6003730240805,754.6874029286802
777,negative_control,1395,1490.8533633071247,753.5548246740852
778,Ube2m,252,1488.3659863385983,753.3560406105479
779,negative_control,1884,1489.2044931556488,753.3775906374715
780,negative_control,1004,1491.1141099989843,753.0112335769587
781,negative_control,851,1486.7861763427263,756.3432935888846
782,negative_control,509,1495.6020262372742,752.2545728844377
783,negative_control,361,1487.7646477615433,753.9853323369307
784,Snrnp70,210,1491.3228311722276,753.3101501679398
785,negative_control,712,1495.4584913574035,753.1143449091836
786,negative_control,971,1495.6359355022314,754.0607672487777
787,negative_control,2031,1487.7207013021466,752.3660594435851
788,Kars,72,1494.0676561428847,753.4493964356009
789,Aebp1,4,1496.7580053699612,767.1705424424514
790,negative_control,461,1497.0532990472277,850.0310005509048
791,Rpsa,197,1496.5032580657846,830.9795150595896
792,Rpsa,197,1496.9157390503103,809.8138867433767
793,Rpsa,197,1497.9954340186443,816.4636764408932
794,St13,220,1497.3154968474164,787.3797521118883
795,Gpi1,52,1497.2240781590667,784.037311299705
796,negative_control,966,1498.5331819377654,786.0920618724348
797,Nr2f2,129,1498.5130065001326,788.1612090817865
798,Psmd2,163,1498.1621617315868,787.838077956274
799,negative_control,954,1497.803548636634,785.6203953554235
800,negative_control,1268,1497.8067059397847,787.0905451795569
801,negative_control,1435,1498.4085110915312,787.7400519890251
802,Eif3f,35,1498.1317449647045,789.5098252942466
803,Rpsa,197,1500.2062460497998,835.5169944564898
804,Rpsa,197,1500.79565874,818.9622310419168
805,Cebpd,12,1498.6530153994347,765.0622516133649
806,negative_control,565,1499.672234031082,764.0682403211817
807,negative_control,360,1498.7958624584903,764.1024567319251
808,negative_control,892,1500.3221739997423,764.432318364195
809,U2af2,249,1499.3779606332218,763.8079159412429
810,Emp1,39,1497.5228756057577,764.038432808358
811,negative_control,1422,1500.3381055895802,847.2705913772071
812,negative_control,1840,1499.5380380906688,847.3465113271059
813,Hspa9,63,1498.0623721440838,847.0714253759621
814,negative_control,1311,1500.8779421812387,752.7165981769956
815,Myc,117,1501.3137407614026,752.2740526957288
816,negative_control,607,1500.6557294158565,754.6830120139152
817,negative_control,1208,1500.6471533137517,753.4085704652391
818,Gpi1,52,1501.283432139226,752.8727075371812
819,negative_control,1264,1502.190552539255,756.3601528785111
820,negative_control,1712,1501.4254500668512,753.8376999145387
821,negative_control,570,1501.379681444541,756.0731452661937
822,Lrrc59,79,1501.948881616158,772.2957325192909
823,Aebp1,4,1501.8701139217296,772.891672159769
824,Myc,117,1501.5061162067243,809.2167326329807
825,negative_control,1412,1501.901315353609,810.151607626965
826,Oaf,133,1502.332618880286,853.3993658072138
827,Ptbp1,167,1501.8835991622996,854.2361610540413
828,Top2a,236,1501.847465215856,852.8194080281983
829,negative_control,971,1501.0322627112391,851.6442545390869
830,Zyx,271,1501.1501142267973,852.187083762831
831,Fbln2,42,1502.4181470616904,859.3250346908466
832,negative_control,1476,1503.146999627049,829.6980986875272
833,Psmd2,163,1506.9401873982629,830.4695807464186
834,Psmd4,164,1509.0754501167917,847.2796177998658
835,Mrpl43,103,1509.3960562479188,848.6374465543912
836,Kars,72,1509.2683244756035,846.9887500542789
837,Xdh,262,1512.1451601295823,782.3802765238154
838,Prrc2a,158,1511.6089859728363,780.8909548297604
839,Gas1,50,1511.6461702237311,779.6053013774135
840,negative_control,1940,1511.653684325317,785.6749554595087
841,negative_control,1471,1511.3527963411111,784.0788339061204
842,Eif3e,34,1513.3617623374644,784.3334745130505
843,negative_control,600,1512.0166615531402,781.5485229986575
844,negative_control,1447,1512.6340875751068,783.5373167025211
845,Eef1g,28,1512.0923951963684,781.3563833931865
846,Mtap,114,1512.4209392408711,782.5467708108183
847,negative_control,1852,1513.5791081739667,782.7500177120253
848,Msn,112,1512.8179763724945,782.073035469597
849,negative_control,1652,1511.8257374582868,783.026856707683
850,Txn2,248,1511.8863889711108,784.5790756598936
851,negative_control,1478,1511.107858109703,853.1432988486555
852,Paics,137,1511.197748346834,808.8147855978717
853,Vim,261,1510.7436675997474,809.8561222179028
854,Vat1,259,1509.4612036178796,809.5010357810634
855,negative_control,1662,1512.3478333567732,807.8518054659905
856,negative_control,1835,1513.9619430132034,853.2500086789304
857,Vim,261,1513.3746208777384,854.0209411851808
858,Ywhaz,268,1512.0277400053042,853.7763107831217
859,Ube2m,252,1514.0087733064706,853.1192952797037
860,negative_control,1326,1516.4830559818497,852.0086221652205
861,Aebp1,4,1516.8221255833462,869.8004476240039
862,Sec13,204,1518.077388432133,870.4549000677623
863,Prrc2a,158,1518.2434845768155,870.7346496096487
864,Rpsa,197,1516.9854518482136,830.5117632174419
865,negative_control,1361,1517.810262514827,861.2867499586343
866,negative_control,1210,1517.9452164317122,858.8288166503099
867,Uba1,250,1517.895863032264,858.6113259025162
868,Psmd2,163,1517.6685716212944,856.4185496005985
869,Myh9,118,1518.2135552138716,859.0361600014925
870,negative_control,1778,1517.0874813606729,858.1224588377535
871,Eef1g,28,1518.0553904310998,859.8274822197138
872,negative_control,1680,1517.1781025670311,856.4628332981009
873,negative_control,585,1517.7637426414915,857.778623617013
874,negative_control,1960,1518.478319048752,823.4363098489873
875,negative_control,1166,1520.3032070265283,794.9917292209444
876,Rcn3,184,1521.7843146873097,796.4105196793066
877,negative_control,1356,1520.9395961397288,795.2451576710996
878,Mdh2,85,1521.0393585672562,795.2179338308574
879,Aebp1,4,1521.569341043773,866.0641432678112
880,Tspan3,245,1522.220809926103,851.8318278579054
881,Mrfap1,89,1521.2525865573998,853.9315687192376
882,negative_control,1955,1520.1529152885744,816.8855340202846
883,negative_control,1437,1519.873649574821,816.9475237632371
884,Rpsa,197,1521.7383438916354,816.2101672992549
885,Sfpq,206,1522.0410323037918,843.300254001567
886,negative_control,1294,1521.2997519905075,843.262120656578
887,negative_control,495,1520.954820252299,844.3907616829484
888,negative_control,1904,1521.1237805604846,843.0844463050128
889,negative_control,1473,1522.0234772110025,844.0252370538705
890,negative_control,892,1520.089231853422,842.9138367905605
891,negative_control,272,1523.4431338166316,843.4415463300768
892,negative_control,394,1522.8426199242992,843.1719452696228
893,Nr2f2,129,1523.3256363688354,843.3321397910713
894,Sec13,204,1525.6406539596285,867.7077315148969
895,Gpi1,52,1526.670835979662,867.529644891602
896,Vim,261,1523.7960675531192,868.1490539908324
897,Oxct1,134,1523.7087976894315,867.1835938641902
898,Hspa8,62,1525.217384445046,871.0826109113292
899,Rpsa,197,1525.2574812206171,871.2266437039746
900,Fkbp4,44,1524.9211805594157,872.0810414189787
901,negative_control,1488,1528.307665501784,843.3836323607912
902,Vim,261,1528.069757049782,841.5922581739571
903,negative_control,1136,1526.8796465607347,840.3166050467199
904,Prrx1,159,1541.0609701429566,877.892473011523
905,Psmd7,165,1314.1727472343614,634.6374627615467
906,Hdgf,56,1316.2046924956128,632.2843554252854
907,negative_control,302,1315.188273352636,634.1614317355783
908,Rpl18a,187,1315.042715282059,635.0184056303306
909,Ywhaz,268,1317.4941619262645,633.3763720660761
910,Gsto1,54,1315.1110237660814,634.4390676238959
911,negative_control,1144,1315.5417739766492,634.6508977231401
912,negative_control,1840,1316.7274319568155,632.0299622423975
913,Ywhag,265,1314.5538017226356,633.2712888482238
914,negative_control,310,1316.6192233241286,633.4963168296748
915,Prrc2a,158,1316.978091707647,633.7694727200284
916,U2af2,249,1318.4166171964812,632.3344207683506
917,Cebpd,12,1316.4452975812735,636.0249251324253
918,negative_control,617,1318.9521603528829,622.2685090474722
919,Nedd4,126,1318.8732179374117,622.585251905924
920,negative_control,794,1318.6627056933346,621.1051602453117
921,Ywhag,265,1320.616822421055,628.494374437634
922,negative_control,1382,1323.1858270591058,649.1195850596469
923,Plin2,146,1324.7881497412718,622.8486827368547
924,negative_control,1241,1325.4863390017535,732.9135143918248
925,negative_control,1720,1325.3750489890435,734.6132485533208
926,Myh9,118,1325.410105720356,733.0658713863381
927,negative_control,613,1325.3640416385492,733.506156509967
928,negative_control,1848,1325.476080784146,733.5307849594085
929,negative_control,1183,1326.1099979542346,629.2104395588549
930,Ndufs2,122,1326.3523348530057,628.6127766069168
931,negative_control,1234,1325.6142007777946,642.7279922547093
932,Ywhag,265,1332.398944515981,724.3315699339904
933,negative_control,994,1335.3625437772212,738.7375874408942
934,Ybx1,263,1336.336020581483,678.2208961341582
935,negative_control,749,1338.609569338242,644.6491460443874
936,negative_control,1136,1337.2152200089008,643.769185344191
937,Nr4a1,130,1337.2066505637092,644.229554051399
938,Morf4l2,88,1337.5320449011515,644.7594334821811
939,negative_control,1910,1337.046074083931,769.1313036298704
940,Ywhag,265,1337.8825953730543,648.8365276504461
941,negative_control,1626,1340.6748225450235,724.4776790120875
942,Ywhag,265,1343.199787737631,743.4665623830573
943,Prpsap2,157,1345.7874899069595,634.496273089688
944,Ywhag,265,1348.5996540049912,730.6324179658297
945,Jun,70,1349.8332580250608,729.326841682859
946,Hspd1,64,1348.6136699144454,726.4054746428274
947,negative_control,1153,1349.1671820802735,725.3406853766717
948,Rac1,175,1348.737556387283,724.8404849974771
949,negative_control,410,1349.783718008301,726.4781708900402
950,Ptbp1,167,1351.8743222122016,639.8786993274605
951,negative_control,832,1351.759084183227,650.8569835508997
952,Vim,261,1352.9117009660015,722.4010438919993
953,negative_control,1055,1350.925642699132,721.7362093282618
954,Polr2e,148,1350.7613916588389,721.9011928233882
955,Crlf1,19,1360.6243253283956,705.4677486146632
956,Rpl4,189,1364.7908354553108,713.192208795039
957,negative_control,1357,1364.8420300989208,737.8339097309356
958,Mrpl10,91,1368.155536102745,755.0352606046271
959,Tapbp,224,1368.647268426255,708.104061494329
960,Ywhag,265,1370.5392194264118,736.9140344227337
961,Rab34,172,1371.5779285038564,767.805806175356
962,Msn,112,1377.3628426188095,660.468771518308
963,negative_control,1612,1383.9582644406478,664.8172592941457
964,Rab7,174,1383.4290826812369,638.3918177311505
965,Ergic1,41,1384.556520267019,639.0902408180534
966,Rpl4,189,1384.0601199582406,639.6892694901094
967,negative_control,2080,1383.9905967485288,637.1000686035939
968,Neat1,125,1391.5811223021124,736.2709502068938
969,Vim,261,1394.2470447275964,654.5487895595573
970,negative_control,1623,1396.8068582685214,752.4680488323747
971,negative_control,859,1396.5572497871478,625.0655354435332
972,Prpsap2,157,1397.073655664827,624.9813137441628
973,negative_control,1556,1397.3386393292758,625.0446123388755
974,Plin2,146,1399.6504360514084,756.6022950398077
975,Mrpl38,100,1401.7387323354226,743.408461224886
976,Mrpl38,100,1402.223765476751,748.2972439901648
977,Vim,261,1402.7781221818732,748.8018294415078
978,Pkm,144,1403.025438109244,795.5974027975745
979,negative_control,1743,1403.0573538151884,795.4977353405982
980,negative_control,294,1410.3694740749552,764.1746077102587
981,negative_control,1894,1415.121830376495,667.8340878822389
982,Plin2,146,1416.7359115351833,723.8461120016132
983,negative_control,457,1418.2437012702676,652.579970421951
984,Rab34,172,1419.8951918053592,764.2092189558923
985,Plin2,146,1434.0831198063745,703.067912424239
986,Crlf1,19,1439.9276201786497,725.9948374346322
987,negative_control,498,1441.2041246168094,781.663369016376
988,negative_control,1089,1443.4908483810589,782.5316152859142
989,negative_control,1547,1443.1497878819375,783.2483049366413
990,Prrc2a,158,1441.0156877135698,781.389902510131
991,Pgrmc1,143,1441.685617873369,782.6308301468205
992,negative_control,1457,1448.9870573929538,788.9020274049333
993,Crlf1,19,1448.7856350416162,788.8875445529848
994,Emp1,39,1447.51546336849,790.8165556949261
995,negative_control,1307,1447.802390382813,790.4706229739893
996,Thy1,228,1449.5254025015413,789.6980776638754
997,Slc38a2,209,1447.7167642625177,790.9794657424377
998,negative_control,1895,1448.4314594943633,789.6505255856481
999,Twist2,247,1448.8038602807314,670.6139869532839
1000,Psap,160,1450.5960612290032,669.9352035357681
1001,negative_control,1270,1455.6508235358112,671.7156846730123
1002,Mrpl28,97,1454.6703155391506,787.1180990950057
1003,Tapbp,224,1455.396766612162,755.3971087336427
1004,negative_control,1667,1460.6460739671993,763.6827117291726
1005,Ywhag,265,1463.2738472768192,825.1742331150024
1006,negative_control,1089,1467.7010175729615,775.5483378370136
1007,Prpsap2,157,1468.249454244356,688.7986177361715
1008,Ywhag,265,1473.7110486568974,804.1177291104402
1009,negative_control,622,1476.1750083410093,766.921176022012
1010,Mrpl10,91,1477.4661891976382,718.5658605498643
1011,Msn,112,1478.6149707998431,837.787418000567
1012,Rpl18a,187,1480.0170059291884,838.1400372272706
1013,negative_control,622,1481.8127552729472,741.0558533088758
1014,negative_control,1695,1482.0769423127335,769.870470291474
1015,Ywhag,265,1482.957156226738,770.2293271582566
1016,negative_control,863,1482.5397251023471,770.5269495817308
1017,negative_control,523,1481.6717179529169,769.3495417812767
1018,negative_control,1667,1487.0395911570656,770.0200921268256
1019,Tapbp,224,1489.0401214987223,836.7473993073895
1020,Mdh2,85,1492.0043023429896,746.534848623127
1021,Lamp1,74,1490.1050960734783,745.9481586881332
1022,Rnf11,185,1491.4242385537332,745.109842039597
1023,Arpc2,7,1491.0084314793344,746.8444444128617
1024,Nucb1,131,1491.6727664053878,762.234126112559
1025,negative_control,1320,1490.7690523962328,763.0530373693193
1026,Tnfrsf1a,233,1493.406101997744,802.481756842315
1027,negative_control,803,1493.7347780665032,802.3290057221446
1028,negative_control,1089,1492.9399983365115,804.1139881695034
1029,negative_control,2007,1493.219795118057,803.1022860959474
1030,negative_control,983,1492.657127483591,802.16576031043
1031,negative_control,963,1498.2835897200284,752.8261217140667
1032,Hspa8,62,1498.680006992793,750.0306607238037
1033,negative_control,1785,1499.9085122268002,750.5633643437861
1034,negative_control,1750,1500.2165146356574,750.3990145523871
1035,negative_control,1746,1499.815899339837,750.5555737193274
1036,Vim,261,1503.1993965850106,835.9231846063201
1037,negative_control,963,1504.0290838588428,841.7282262422417
1038,Prmt1,153,1507.4736676551702,779.0332134912411
1039,negative_control,1974,1506.5555925829008,778.001445490612
1040,negative_control,597,1511.0784792638892,778.8606655574459
1041,Hdgf,56,1506.2458351030828,777.9325408636804
1042,negative_control,1494,1510.283337147449,779.0626826147827
1043,Vim,261,1508.520744734664,779.2310799547292
1044,negative_control,1675,1506.2811858548598,778.0796633331114
1045,Rpl4,189,1510.9751184044694,864.5390992716864
1046,Rpl4,189,1516.959674803987,795.435424545198
1047,negative_control,1958,1516.1747559788514,793.7364765911027
1048,Ywhah,266,1516.7365338576485,795.8118055370405
1049,negative_control,1927,1519.3916847718965,850.8253187809994
1050,Ncl,121,1519.3101690274016,785.5415919103533
1051,Nr4a1,130,1520.866378437519,786.8032673186775
1052,negative_control,403,1519.754223666385,788.83247122969
1053,Vim,261,1523.536957568047,807.3434011975933
1054,negative_control,498,1523.4910961804158,807.0872904271744
1055,negative_control,821,1522.8955784766886,804.9380343023633
1056,negative_control,893,1523.4167503471083,806.6898576010727
1057,Rpl4,189,1522.4923901948205,805.7499216686184
1058,Mtap,114,1527.485620845787,835.2147105154813
1059,negative_control,1637,1527.8420205247255,834.6561598420772
1060,Tpi1,237,1537.6265581541566,869.7947550864066
1061,Ncl,121,1538.5650095118094,870.3128305484043
1062,Tsc22d1,244,1537.1923183946317,871.4721183506704
1063,negative_control,922,1539.8255527468348,878.9685813409694
1064,negative_control,1290,1540.6835320900104,879.3024367371719
1065,Timp2,229,1539.6782703588144,880.3530060962408
1066,Ywhag,265,1542.993277016063,885.2995836409888
1067,Hmgcs1,58,1314.0242340803184,643.147111554212
1068,negative_control,1014,1314.2944958089008,617.6168146360753
1069,U2af2,249,1314.7099277519742,617.9272618091122
1070,negative_control,1630,1314.87158494892,618.5195036108605
1071,negative_control,2005,1315.539677184565,647.4813760417148
1072,negative_control,320,1319.1600249115702,638.3389080147634
1073,negative_control,1873,1320.5969721512124,650.5495426537884
1074,Rpl15,186,1320.6578683417872,648.7863578626427
1075,negative_control,2092,1318.6312652817744,648.9602560050788
1076,Vim,261,1320.877317704956,662.2889342140711
1077,Eef1g,28,1322.4553138383708,662.2644554122201
1078,negative_control,852,1322.3317131097715,655.8570431670638
1079,Pkm,144,1322.7734568109026,628.7830497024797
1080,Eif4g2,38,1326.5562363612876,675.5733823210608
1081,Vim,261,1326.2090178525682,729.9948412124634
1082,Rab7,174,1326.7477739704332,730.322607047797
1083,Rpl15,186,1325.95117927656,730.0452643988475
1084,negative_control,1380,1327.790793882226,635.0854358297287
1085,negative_control,1956,1327.7668267265076,633.3097434936171
1086,Cct5,10,1327.3670490997806,660.9679724834647
1087,negative_control,1617,1329.9834719749922,639.624500541637
1088,negative_control,2007,1329.663389911702,639.9775440507487
1089,Pkm,144,1331.2743062221762,677.8436432800963
1090,Tubb5,246,1330.1037044745844,677.62499139613
1091,Eef1g,28,1332.2536106817472,677.6784025433718
1092,Mrpl20,96,1330.3686128263378,753.8570143198342
1093,negative_control,1886,1331.8634158717598,692.356519320358
1094,negative_control,1564,1332.40421054321,747.7313398281883
1095,negative_control,1239,1332.5650733872462,747.526219465444
1096,negative_control,2061,1332.6801566178024,748.1438878106344
1097,Eef1g,28,1332.4197480057933,739.5425497862163
1098,Pkm,144,1333.1798958459071,638.3857176711476
1099,Pkm,144,1332.854754592276,627.5070669018234
1100,Pkm,144,1335.911385343153,727.8399455564448
1101,Sf3b2,205,1336.5907743266464,727.0054538605158
1102,Hmgcs1,58,1335.9641054670265,726.4435200595661
1103,Morf4l2,88,1337.3819748173937,660.8410067656994
1104,Xdh,262,1337.7805866951578,659.6490005884299
1105,Emp1,39,1337.1888970286373,659.425258239963
1106,Eef1g,28,1337.655199880145,770.9943544740222
1107,Eef1g,28,1338.0613365899007,723.1488690128774
1108,Cnn2,16,1339.469670608694,749.4076313312243
1109,Eef1g,28,1338.603139628086,748.7497512185495
1110,Pdha1,139,1338.9908910446015,748.5872038649612
1111,Eif4b,37,1337.3432412690102,749.397292634046
1112,Vim,261,1335.8486987193846,752.3234995083835
1113,Gsto1,54,1334.260144440882,752.919750582985
1114,negative_control,1267,1336.2837872529874,754.4085434962458
1115,negative_control,689,1335.9190658281093,754.0167972995644
1116,Idh2,65,1336.1127013696953,753.7168745849849
1117,Mrpl20,96,1338.4552054008757,753.9928087930518
1118,negative_control,1320,1336.2758448189184,754.5278338005136
1119,negative_control,1497,1337.6764216338588,754.7929577542633
1120,negative_control,1471,1338.802231349432,665.9803280648366
1121,Tpm1,238,1339.164354653148,700.4649999072296
1122,Pkm,144,1340.8362185748056,785.17927580665
1123,Pkm,144,1340.6191860890262,683.2688218539483
1124,Ybx1,263,1339.9286975030718,769.8159194257695
1125,Eif4b,37,1339.6053758065425,769.6594992859312
1126,Cs,20,1341.665588944372,762.9101174636992
1127,Sfpq,206,1340.8620114041032,763.3636802771138
1128,negative_control,914,1340.005441099839,763.6720382927208
1129,negative_control,459,1341.6617820848487,762.3810134525106
1130,Pa2g4,135,1341.0682538343106,689.955237557805
1131,negative_control,1471,1342.240119166931,733.6730198705045
1132,Pkm,144,1341.139282155033,694.1369921612452
1133,Pkm,144,1341.52960491514,727.4669947417328
1134,Pkm,144,1342.861252511254,672.2757998883297
1135,Tpm1,238,1342.9966253248172,645.5798593473002
1136,Tpm1,238,1346.0095762451897,774.137479339325
1137,Pkm,144,1345.806854085582,624.7523043265445
1138,Snx5,212,1346.7726715190838,671.4401399434422
1139,Ppp2r1a,151,1347.7322178252691,671.1359527016667
1140,Eef1g,28,1348.2349942859746,784.4376840484208
1141,Pkm,144,1348.3959715735373,673.7537179290014
1142,negative_control,414,1349.834659760685,772.4816866211186
1143,Ssrp1,219,1350.4798393405472,772.6111449405101
1144,negative_control,1953,1349.6293431975196,774.1713432640398
1145,Pkm,144,1349.0711432253368,781.6916371650385
1146,Pkm,144,1350.6732819393835,658.8051191838181
1147,Polr2m,149,1351.581054736606,741.9055977016674
1148,negative_control,885,1353.8243430068771,738.994137783774
1149,negative_control,1100,1351.7617993481413,739.6209252674993
1150,Vim,261,1349.9590448849222,740.495861496617
1151,negative_control,809,1353.7387093501927,738.0663945669149
1152,negative_control,660,1351.203603454692,740.2505142319856
1153,negative_control,1407,1352.4796967201391,739.9556230039855
1154,Tmbim6,230,1350.8117883109176,740.9979287188688
1155,negative_control,1158,1352.5401808240968,719.7218921335625
1156,Emp1,39,1353.9137409436512,648.5929219566899
1157,Vim,261,1354.4759871754227,726.4897424261849
1158,Rpl18a,187,1355.6154379524394,725.6692364724333
1159,negative_control,1715,1355.9002848003274,726.7774104215184
1160,negative_control,1754,1355.8773417727723,727.1732915042444
1161,negative_control,468,1356.354451641468,727.1767206792816
1162,Nr2f2,129,1354.960936840128,653.9952743575468
1163,G3bp1,49,1355.2287925831515,655.464665176945
1164,negative_control,1389,1358.9416003121296,739.1932997416511
1165,Nedd4,126,1358.2192804041645,737.8518098095035
1166,negative_control,649,1359.4124462020325,738.6304995308158
1167,Emp1,39,1357.4096823517466,764.7583727525388
1168,Skp1a,207,1360.749458674091,714.5816355753261
1169,Lrrc59,79,1359.8335350326952,714.7862134379859
1170,Emp1,39,1359.9011591437818,712.1407701189612
1171,Emp1,39,1362.7764287385787,785.2743952001405
1172,Fxr1,48,1363.4632462301197,785.7749868962759
1173,Pkm,144,1363.6614774254608,635.7086308978928
1174,Pkm,144,1364.6356496881044,657.0647831597931
1175,Eef1g,28,1369.4652097243186,793.9037272546676
1176,Tpm1,238,1368.752829006777,667.2895507545217
1177,Pa2g4,135,1370.2323071322617,768.083431285216
1178,Hspa8,62,1376.054863865571,793.0789762153292
1179,Tpm1,238,1374.7012754385603,793.5198800555432
1180,Rab7,174,1374.0770743233718,685.1407783220433
1181,Pkm,144,1375.320129763123,779.6572708750988
1182,Pkm,144,1376.006357561796,644.1155409726069
1183,negative_control,1671,1377.1749384942736,753.9157701506207
1184,Pkm,144,1378.8774576339367,753.8665212895903
1185,Pa2g4,135,1376.4872003060163,741.1540596067969
1186,Emp1,39,1384.8675772088127,701.845860536026
1187,Eef1g,28,1389.3504066474245,676.6064053681139
1188,negative_control,1902,1389.7762779422048,652.7685018873364
1189,Idh2,65,1390.2793768744218,650.9262565056432
1190,negative_control,321,1389.5427585421216,652.581218261765
1191,negative_control,1284,1388.7348368824262,652.5309151321221
1192,Tubb5,246,1390.645462252986,714.0594648696266
1193,Eef1g,28,1392.155131232486,714.0823850948412
1194,Pkm,144,1392.403843899205,645.9047207327419
1195,negative_control,949,1396.3371504146148,771.8781921352536
1196,negative_control,1373,1398.4964858140706,772.543064365718
1197,negative_control,1883,1397.7869690985642,773.0786456715718
1198,Emp1,39,1399.9585855794764,649.9923146868434
1199,Pa2g4,135,1400.907123650245,787.6920230408073
1200,Vim,261,1400.940344237364,721.693983705164
1201,Emp1,39,1400.5815290412088,722.2363944565606
1202,Pkm,144,1401.1819301718551,783.858557172438
1203,Emp1,39,1400.8169657198514,765.271092431651
1204,Fus,47,1402.515338737265,626.556500798496
1205,Mrpl20,96,1406.417721278097,668.1170194547276
1206,negative_control,853,1408.0786842626844,653.6933232836868
1207,Ptges3,168,1407.3656697959611,782.1265478146662
1208,Vim,261,1405.5329172412603,780.6909243986887
1209,negative_control,1497,1406.4270870659495,781.7010666460931
1210,Emp1,39,1408.0620490171034,705.0463255969607
1211,Emp1,39,1410.5987355680347,769.5481298653599
1212,Pkm,144,1414.1648785683235,795.5662609064452
1213,Twist2,247,1412.2989332914328,684.3956061014619
1214,Gas1,50,1412.1006242836393,684.9206751911584
1215,Rcc2,183,1412.5045271563322,684.8523421012079
1216,Emp1,39,1412.8954435542223,684.0935555556161
1217,negative_control,1213,1412.4568669880732,683.8770990919691
1218,Eef1g,28,1415.6733864723487,675.0790040778409
1219,Emp1,39,1416.5587772373303,771.2314517106795
1220,Emp1,39,1416.2245176763408,727.9863644373097
1221,Emp1,39,1416.2018251367313,693.905899191841
1222,Emp1,39,1416.7518943216369,746.1140465627128
1223,Emp1,39,1418.0474655494554,703.0703786910708
1224,Laptm4a,76,1417.574955411491,703.2021092812433
1225,Pkm,144,1418.7916673170728,764.2168579182237
1226,Sec13,204,1418.9201969303845,784.6435802282408
1227,Efemp1,29,1421.7650101202082,784.6725842944492
1228,Ybx1,263,1421.173859948301,784.6344052157873
1229,negative_control,1064,1417.866409646735,785.3016573601406
1230,Morf4l2,88,1417.6966948200682,784.647861957713
1231,negative_control,1278,1419.8310048688404,784.7438312254612
1232,negative_control,1473,1419.83004551317,784.5632443050544
1233,negative_control,320,1421.2054660933743,665.1434588941934
1234,Ube2m,252,1422.2386094955568,643.9247935721284
1235,Pkm,144,1422.409434211345,673.1211367427871
1236,Prrc2a,158,1425.6385785002042,803.7172048291702
1237,Myh9,118,1425.8398784491103,802.8049397957825
1238,Ywhah,266,1426.633229811559,804.8906126495677
1239,negative_control,1007,1425.9345011543203,791.8744512658025
1240,Pkm,144,1425.244956153636,790.3370899259719
1241,Pkm,144,1426.7710887089174,689.6351691595922
1242,Txn2,248,1432.6937798559727,803.1640538263091
1243,negative_control,1160,1432.7941486239906,803.5524250272841
1244,negative_control,2051,1434.1935787370635,802.3820817814142
1245,Slc38a2,209,1433.0381937536044,802.2210974730204
1246,Efemp1,29,1432.663357172109,803.3955846532422
1247,negative_control,1353,1433.8161899338015,802.6433667471885
1248,Ubxn1,253,1432.908471072025,803.7303685832185
1249,negative_control,1948,1431.7258175512236,804.2940796267533
1250,Emp1,39,1434.8332646121537,764.0041350329893
1251,Emp1,39,1437.5956399982838,697.2770545504087
1252,Pkm,144,1437.6476326404215,724.8903321026253
1253,Pkm,144,1439.2893361443955,670.1062348234083
1254,Mbd3,84,1440.2616898364597,775.6399035233055
1255,negative_control,1213,1440.3769316802386,775.3896856769354
1256,negative_control,1800,1439.9399578622474,776.132087912481
1257,Sdc4,202,1440.4617777036974,775.4970428835898
1258,Trim28,241,1440.6354155986537,776.8614366454109
1259,Hdgf,56,1446.14241182653,776.0882346774499
1260,negative_control,707,1447.15744622725,777.268312902287
1261,negative_control,764,1446.581915258656,775.9096641904047
1262,Ybx1,263,1445.9496779038093,776.4585530974311
1263,negative_control,1245,1445.9934671392446,776.600694730787
1264,Vim,261,1445.5375569930152,776.3639015933288
1265,negative_control,892,1446.1796977894849,775.611585260679
1266,Tpm1,238,1446.4860371756808,776.6873971240893
1267,Emp1,39,1449.204821192597,695.8785208414592
1268,Tpm1,238,1449.8003635179316,773.9172513849663
1269,Csnk2b,23,1449.7105455856995,773.6016195965357
1270,negative_control,1143,1450.9196502777477,773.7512519235888
1271,Ergic1,41,1448.8282281937538,773.0679546355618
1272,negative_control,1141,1449.6049812716467,773.3577428109145
1273,negative_control,443,1450.5226275265209,772.0021987700018
1274,negative_control,801,1455.1494635757313,786.5904916666349
1275,Sec13,204,1452.8735269701162,785.6719857051764
1276,negative_control,600,1452.3559672870629,784.284634394228
1277,Pdia3,140,1453.8894477477031,786.1360139663658
1278,negative_control,1235,1452.9453206704952,785.3406204608922
1279,Vat1,259,1452.334421829429,813.2865141253033
1280,Pkm,144,1454.258646144026,812.3009427091224
1281,Sec13,204,1456.7452582926453,798.9354802138164
1282,Skp1a,207,1457.1947473357725,798.9739281921252
1283,Pkm,144,1459.3986268736023,732.6635759126362
1284,Hdgf,56,1457.186210172861,692.670251632956
1285,Prpsap1,156,1459.2816349353757,692.5922561660964
1286,Eef1g,28,1459.3171943190816,692.4574618307041
1287,Vim,261,1458.7899608339485,691.3965160737978
1288,Pkm,144,1462.2822887237544,727.6107306060178
1289,Eif3a,32,1464.029340833394,806.7001560901351
1290,negative_control,1383,1461.6798013384096,804.943759666813
1291,Cebpd,12,1463.797293209932,685.7705291306827
1292,Pkm,144,1463.0930266352411,816.378819963164
1293,Emp1,39,1463.957101597955,794.116817899494
1294,Vim,261,1464.1484073044055,782.5397737701271
1295,negative_control,390,1463.2686896038515,782.8650359769002
1296,Eif4g2,38,1463.05218498943,782.9403327844062
1297,Ywhah,266,1464.2898969858702,783.1503517759625
1298,negative_control,825,1464.4786007563234,781.9758400521084
1299,Rac1,175,1464.3113716121757,783.7568024009032
1300,Thy1,228,1464.9880229586895,826.7765690565392
1301,Emp1,39,1465.6073186687988,779.4588392841504
1302,Pkm,144,1465.739307370474,762.864237464353
1303,Emp1,39,1470.6171515864949,810.1329146292665
1304,Pkm,144,1470.3373519649847,726.4373010204279
1305,Pkm,144,1471.5327608398984,714.1171886163177
1306,Ncl,121,1470.9501632297622,776.9838501693382
1307,Eef1g,28,1471.9270352970225,776.6122447039203
1308,Snx3,211,1471.1707756005158,776.0147161412209
1309,negative_control,1637,1471.6113042281092,777.056535658795
1310,Ywhaz,268,1471.2282302466376,835.0307008534635
1311,negative_control,1592,1473.0968202641466,785.9584797074033
1312,Emp1,39,1473.1425705798542,751.448025514864
1313,Pkm,144,1473.2128969012454,808.2750446667462
1314,negative_control,830,1473.4253986592023,760.3982290848309
1315,Pkm,144,1473.949870233173,797.8494207586534
1316,negative_control,1983,1474.431789902662,745.3410832314057
1317,negative_control,482,1474.8985169739158,743.3979240719291
1318,negative_control,1592,1475.8911115371095,803.4237676286895
1319,Nucb1,131,1479.9580003514056,725.0962009471434
1320,Emp1,39,1477.8169382473468,725.6762222874181
1321,Pa2g4,135,1477.409316167037,761.2869447744522
1322,negative_control,1591,1476.8877261833577,779.2170811419392
1323,negative_control,1654,1475.73875962472,779.5384593467691
1324,Eef1g,28,1479.2894781456755,762.4444834392946
1325,negative_control,745,1479.5251179545176,794.1165526870997
1326,U2af2,249,1479.5097174230502,793.8396417095062
1327,Eef1g,28,1480.3012454025154,778.1871997193167
1328,negative_control,1453,1483.3818658703103,754.3586408928815
1329,Emp1,39,1484.1178409280287,818.6427973712266
1330,negative_control,1430,1484.694793890672,818.9059815545963
1331,Rnf11,185,1483.1754276191982,819.909802955354
1332,negative_control,1207,1484.9080428106183,759.487198340669
1333,Pa2g4,135,1484.766136609649,759.6000821670115
1334,Ly6e,81,1484.0067701531843,759.3199064342684
1335,negative_control,2018,1485.0421160140436,759.3284637211308
1336,negative_control,855,1486.035305779766,815.2318586642393
1337,negative_control,1392,1486.520054757135,798.74044521517
1338,Ube2m,252,1486.4468651919024,799.1089053301494
1339,negative_control,1521,1486.8149527471223,798.5870738688077
1340,negative_control,851,1488.0857188488235,843.8603107575312
1341,Tubb5,246,1487.861124632979,845.4136022811034
1342,Pa2g4,135,1488.4272620284437,732.7383555649906
1343,Pkm,144,1489.1675582066066,796.6301761069906
1344,Eef1g,28,1490.6925182139744,831.3171074362231
1345,Hdgf,56,1491.9382837199817,831.3680458640481
1346,Pkm,144,1491.596136857796,838.0894646569634
1347,negative_control,1320,1494.2636429594168,760.0357823907786
1348,negative_control,1459,1495.8355008782814,814.8516949560959
1349,negative_control,2018,1496.8956983104797,814.7203033649007
1350,negative_control,1328,1496.3420154785442,814.4320627006057
1351,Emp1,39,1496.9108725472731,846.7809865346635
1352,negative_control,1592,1496.6309173253828,781.3586364884915
1353,Rab7,174,1497.1671235394192,746.8025280005872
1354,Pkm,144,1499.089211688659,804.038009195202
1355,negative_control,1389,1498.5620485285392,838.9010734726611
1356,Fkbp4,44,1500.413051210698,840.3132837418384
1357,Vim,261,1499.8044250053508,840.4690509981938
1358,Emp1,39,1500.5312997913588,841.8666258299992
1359,negative_control,818,1499.2289083224498,840.1590021368436
1360,negative_control,1482,1501.7272000718613,838.6109068967703
1361,negative_control,929,1499.126793633212,839.5440930917068
1362,Vim,261,1501.7112365303356,764.5318891757464
1363,negative_control,815,1501.856490684941,764.4093273248377
1364,Eef1g,28,1502.6866039847737,760.7880610996575
1365,negative_control,2031,1501.1401640452634,760.0613028975404
1366,Ptges3,168,1501.2705690008702,759.2036994171813
1367,Hspa8,62,1500.6414735897397,759.3548328036668
1368,Prrc2a,158,1502.344040325329,757.8049772372785
1369,Mta1,113,1500.8904928591817,761.1356641866287
1370,Ckap4,14,1502.2390076156034,758.6578614995407
1371,negative_control,311,1503.6033094058143,821.2299477467398
1372,Pkm,144,1504.2723059576192,799.487457620155
1373,negative_control,670,1503.0102696988,822.9951632785634
1374,Vim,261,1503.7623372907035,824.7617314499971
1375,negative_control,605,1502.494266443393,824.070894623474
1376,negative_control,1318,1503.5422009634715,824.2615586135025
1377,Uck2,254,1502.4776828933764,823.228616723923
1378,Emp1,39,1503.9697649774432,825.1292892741369
1379,Hspa8,62,1506.1145778536602,862.5032272620451
1380,Pkm,144,1509.482000274378,806.7302388954053
1381,Nap1l1,120,1508.931638713319,840.5973407119842
1382,Pkm,144,1509.3490004913697,839.6181796584204
1383,negative_control,1292,1508.3431669034208,841.118909115474
1384,negative_control,1693,1507.424463168951,840.2018831414849
1385,Pkm,144,1509.6375771808675,774.6588572375508
1386,Pkm,144,1510.118614211492,850.7013617034158
1387,Vim,261,1510.9648360647084,849.1310208545465
1388,Ncl,121,1509.8329260592143,849.8695185474603
1389,Pkm,144,1511.4670015548986,811.6894175847284
1390,Rnf11,185,1511.1807718045068,813.6473562966318
1391,negative_control,1178,1511.4582146565597,810.8907186483482
1392,Rab7,174,1511.2329961070172,847.7478893870948
1393,negative_control,857,1513.106988225872,867.2686535635564
1394,Vim,261,1514.74088598373,841.793385706009
1395,Pkm,144,1513.0850920413948,841.1460946752989
1396,negative_control,435,1514.186636430772,839.9274871728734
1397,Msn,112,1511.6410801308443,794.5400678538915
1398,negative_control,568,1511.7889808706975,794.0827828734957
1399,Emp1,39,1513.2725333036528,794.3234695817088
1400,Skp1a,207,1512.051510686646,794.2817380875465
1401,Mbd3,84,1511.298829495921,793.5558192690264
1402,Thy1,228,1515.7987080262187,785.8457989503994
1403,negative_control,2022,1515.7870788782418,786.2620452121897
1404,negative_control,1563,1516.0944626884714,786.350133297933
1405,negative_control,679,1515.9991126476718,785.9986018899039
1406,negative_control,532,1515.1549847588817,786.3332291911936
1407,negative_control,439,1516.461929387185,785.95328353519
1408,Nedd4,126,1514.6277628651876,787.4653452890084
1409,Ube2m,252,1519.8721507028674,869.4439857801361
1410,Eef1g,28,1520.8121337635002,820.5790600222343
1411,Eef1g,28,1521.196630214448,789.8446378742909
1412,Pkm,144,1521.4257648392872,832.776108287958
1413,negative_control,707,1522.0799386080969,797.591537415173
1414,Tnfrsf1a,233,1523.4524660418829,813.6066199760024
1415,Oaf,133,1522.4988465599135,812.948826732345
1416,negative_control,1197,1524.4558977827637,814.7313554226891
1417,Morf4l2,88,1522.272381430016,812.9204052484841
1418,Mrpl45,105,1523.1413025574698,813.5291207427446
1419,Pkm,144,1525.4749259828616,870.8587969100265
1420,negative_control,721,1525.268487451806,864.610749659543
1421,negative_control,1052,1526.2121728658324,852.1072412522153
1422,negative_control,563,1527.9180700256957,836.9687039550276
1423,negative_control,2085,1529.2980518380573,837.5399447579782
1424,Ubxn1,253,1527.9499260742202,837.4062662402777
1425,Tpm1,238,1529.1040660390709,858.4861006518219
1426,Junb,71,1528.5488703479868,859.6083005129155
1427,Rpl18a,187,1528.8467869261117,859.4387628475612
1428,Tmbim6,230,1532.5765225847642,862.9697480363288
1429,Ywhaz,268,1531.7665576470515,862.4204898464764
1430,Eef1g,28,1532.3598502063996,855.9226588496502
1431,Morf4l2,88,1534.5115402453112,861.814185500451
1432,Emp1,39,1534.0436412088077,862.1585920339816
1433,Sae1,199,1538.6434397018782,872.804023702608
1434,negative_control,1482,1539.155517244227,874.7766958439212
1435,G3bp1,49,1539.5424345636775,873.8406696887066
1436,negative_control,1296,1539.2328069433715,874.2024966274143
1437,Tpm1,238,1537.966994647491,873.899685472629
1438,Vim,261,1538.032216129167,873.7665729598365
1439,Taldo1,223,1539.4388698440491,874.8902763441257
1440,Eef1g,28,1551.0807549385406,892.4797926546627
1441,Pkm,144,1561.8114309104076,895.6322512904433
1442,Scarb1,201,1313.287860280126,642.8741833118447
1443,negative_control,1806,1314.856161304194,643.3726635358848
1444,negative_control,923,1315.228899510741,644.0238533539559
1445,negative_control,1241,1318.4961348771146,652.6708970657204
1446,negative_control,1242,1321.2321710450517,660.0599954721437
1447,Tnk2,234,1321.8047748941244,661.2090676173765
1448,St13,220,1323.9776884773594,660.9222407027034
1449,negative_control,610,1321.1535596317765,658.8556145717636
1450,negative_control,1074,1320.8626123538625,658.5874276085752
1451,Arpc2,7,1322.6388424659806,664.2067372515509
1452,Hspa8,62,1323.3413289222754,662.7867854284168
1453,Ptges3,168,1325.3676446632132,642.7578845719834
1454,Cct3,9,1326.0816600028325,652.3673152169849
1455,Ptges3,168,1326.2876304294375,694.6435409557688
1456,Mrpl4,101,1329.0517299140688,741.0361102869405
1457,Sf3b2,205,1329.8708866197726,748.8797603273244
1458,Cct3,9,1335.260025284276,737.3491842054043
1459,Ugdh,255,1337.3604089244072,723.1625860643272
1460,Cct3,9,1338.8630810206612,767.9716137467749
1461,Mrfap1,89,1344.8083482746206,755.2278773014938
1462,Nudt9,132,1344.7531372886017,755.3418229881406
1463,negative_control,924,1343.006839080408,652.073408442955
1464,G3bp1,49,1346.1526041187142,666.4255443377918
1465,negative_control,1658,1346.9786777326724,666.3511660451863
1466,Ptgs1,169,1347.4264631746148,637.946687858745
1467,Nedd4,126,1347.4159797976145,637.1274201380085
1468,negative_control,2018,1349.791535956436,760.4536678462591
1469,negative_control,1165,1348.1441610655138,761.483399121443
1470,Ugdh,255,1350.8132776347652,665.1346530368728
1471,Rpl21,188,1352.7206059161244,736.557229937424
1472,negative_control,1425,1352.126424268043,735.6363697610556
1473,negative_control,1699,1350.9186254974334,735.1534464237452
1474,Npc2,128,1352.9008016570483,743.5363113851251
1475,Tmed9,231,1352.3468218205549,744.148239668115
1476,negative_control,1340,1353.4138576610303,627.6249550396467
1477,negative_control,1812,1352.4087343147726,628.3025210013562
1478,negative_control,1475,1354.0454329826875,627.521613874329
1479,negative_control,783,1351.0624552280478,628.5240043774378
1480,negative_control,761,1354.3643049093675,627.4301035102817
1481,Grina,53,1352.7060598683734,627.2466578491409
1482,negative_control,645,1352.4276926232794,627.5932955619757
1483,negative_control,934,1361.5561764958038,776.295377291379
1484,Mrpl4,101,1366.5280707694692,637.7259822773093
1485,negative_control,1975,1369.0359442713336,659.0496734911296
1486,negative_control,1943,1367.6125598230703,660.159608055179
1487,negative_control,455,1369.537093368992,657.9530698379211
1488,negative_control,711,1368.8993831742205,659.3281239600783
1489,negative_control,1307,1369.2918185273952,657.9324219402363
1490,negative_control,1378,1381.1801400319976,735.1045813149804
1491,negative_control,922,1383.3835972637128,640.2551903301687
1492,Mrps2,107,1397.470777775074,762.8961616798198
1493,Tcf25,226,1398.2724339670133,762.5569656147776
1494,Oaf,133,1396.8713428506485,762.716957777631
1495,Ptges3,168,1412.0713314743048,695.8965047955548
1496,Lmna,77,1415.5407098287058,645.7248043990178
1497,Vim,261,1416.4490539332855,648.3796873964063
1498,Paics,137,1416.0513312531457,648.0565335147858
1499,Sec13,204,1416.1458954677223,642.6711101203541
1500,negative_control,1313,1415.7214373610211,644.9288925237737
1501,Csnk2b,23,1416.5023738078717,648.051665246718
1502,Srebf2,215,1416.91171845094,642.3954993472693
1503,Eif4b,37,1415.7079757440342,646.9520752827665
1504,negative_control,755,1416.5452886850403,647.5182951117969
1505,negative_control,605,1415.8954805821836,644.4284533158472
1506,Ugdh,255,1432.435442932156,719.1320999702777
1507,Hspa8,62,1441.4718185611175,656.3130316101192
1508,Vim,261,1441.2341828884978,685.6796000593847
1509,negative_control,922,1441.5697629662743,684.9403226388725
1510,Uck2,254,1443.3878802912209,766.1903967431458
1511,negative_control,1272,1447.264633200992,792.5472210381242
1512,negative_control,1593,1450.541700448768,798.829716436154
1513,negative_control,1866,1452.5166770958958,685.7435149798874
1514,negative_control,1301,1456.522374984538,819.3516119740084
1515,negative_control,1657,1456.2306831466587,818.6318545114179
1516,Morf4l2,88,1450.254796459502,818.0752617604242
1517,negative_control,605,1452.5684698937955,818.9667071165164
1518,negative_control,1577,1453.2169287730228,819.1801535457275
1519,negative_control,1423,1454.7440763419954,819.32954823397
1520,negative_control,723,1453.808918841115,819.5365209739856
1521,negative_control,811,1454.5325012203991,819.8106842194454
1522,negative_control,1307,1455.4870294968036,819.0960280511252
1523,Ptges3,168,1465.8218075806865,756.6299456053315
1524,Cct3,9,1466.108582252553,826.3358795739898
1525,Scarb1,201,1474.7432149699553,703.8688912942881
1526,Ddx17,26,1479.7129105145584,741.6371502373536
1527,negative_control,468,1486.4953830443906,791.7958744858547
1528,negative_control,664,1486.1522500921417,792.0382594224467
1529,negative_control,284,1486.2879478971315,792.0801739732931
1530,negative_control,882,1486.6446687021478,792.380657376869
1531,negative_control,1494,1488.2504552041546,813.8259978843341
1532,negative_control,926,1487.6430044573365,812.311186682074
1533,negative_control,694,1488.6061664988133,824.6006786537896
1534,negative_control,1512,1488.9645179871268,844.0257805355429
1535,negative_control,922,1488.3042492050145,844.7160042169004
1536,Zyx,271,1490.156903361101,777.7701461271055
1537,Hspa8,62,1489.9153887115062,776.6572520853398
1538,Ugdh,255,1498.933289895696,828.5647857257921
1539,Cct3,9,1502.3285097181335,841.9228474709016
1540,negative_control,938,1505.6293655233585,859.5406524919804
1541,negative_control,955,1506.417157313576,860.01510941278
1542,Msn,112,1505.66960984321,858.7838418396693
1543,Cct3,9,1508.3991073266825,796.9745001901337
1544,negative_control,1822,1509.7474731676623,797.2741704598508
1545,Ugdh,255,1508.6773977235096,846.065256974605
1546,Ran,178,1509.270057556046,845.0918652657922
1547,Ptges3,168,1514.1576787006666,872.2916811815562
1548,Timp2,229,1516.4610216378112,820.5312188649799
1549,negative_control,1318,1516.4805588577692,820.6808911744655
1550,negative_control,1536,1517.5598838097462,820.6683664792122
1551,Maged1,82,1516.4856264681464,820.5604061354787
1552,Vim,261,1517.5706149187663,819.8919487224038
1553,negative_control,1363,1517.9222570848565,864.6243816956517
1554,Rac1,175,1517.8686491805704,789.1621283714084
1555,negative_control,711,1518.44532542324,789.149757746903
1556,Msn,112,1517.789616968577,789.2493560487037
1557,Ybx1,263,1516.7319034582083,790.3733523591833
1558,negative_control,1783,1521.8439015043969,837.6295025971423
1559,Laptm4a,76,1524.130260238358,862.60448684215
1560,negative_control,934,1525.7031427031109,864.0836548656248
1561,negative_control,572,1524.4199029625595,863.7814334859941
1562,Uck2,254,1533.9853729955016,861.5519339613629
1563,Nedd4,126,1544.068497588661,893.0678224687505
1564,Ugdh,255,1556.7060053683165,896.060023784136
1565,Uck2,254,1563.8134341228838,901.3944230893466
1566,Vim,261,1312.5525565337955,624.4892768135329
1567,negative_control,1138,1313.973002761853,648.2872293149521
1568,negative_control,1138,1314.6725323493397,626.85198785819
1569,U2af2,249,1318.206129655669,634.8710632397422
1570,U2af2,249,1317.8474194398464,663.4675082385006
1571,negative_control,1457,1319.2833468345625,663.2832844720517
1572,Ran,178,1318.3401956124924,663.9274324084264
1573,Sfpq,206,1318.7539840431302,662.366034347589
1574,negative_control,1080,1320.3386004460929,621.2444351469428
1575,Gsto1,54,1320.9060117512615,622.713464864666
1576,Prmt1,153,1321.4972928484303,623.7544456103446
1577,negative_control,1214,1321.3389980088327,623.2391132583887
1578,negative_control,1846,1321.2061856486762,625.5025923012681
1579,Ctbp1,24,1322.3573691511076,625.5688515423882
1580,Jun,70,1321.5407891397017,623.7286846209579
1581,negative_control,775,1321.3969891539114,622.2208600632595
1582,negative_control,1147,1319.8231007257457,657.6984048202035
1583,U2af2,249,1320.6793200765158,627.75919221398
1584,negative_control,959,1322.4181894380745,650.187001392485
1585,Gsto1,54,1322.6084015825486,650.4651121550583
1586,Prrc2a,158,1321.899934381415,648.4169824825548
1587,negative_control,1220,1322.653729063138,651.9595194221561
1588,U2af2,249,1327.123935987097,660.6852996956296
1589,Prkcsh,152,1330.3821482494182,684.045902272624
1590,Eif4g2,38,1331.232121559056,684.2340882647553
1591,St13,220,1331.0135194612533,684.2123306739446
1592,Txn2,248,1333.0010792160228,654.4226345553705
1593,negative_control,830,1334.373725658308,623.1673819037308
1594,negative_control,956,1335.7748445171487,622.5503426692874
1595,Arpc2,7,1333.7557738229727,685.1147558734863
1596,Rpl15,186,1335.8429149456438,723.9511883018065
1597,negative_control,2046,1335.3642011549214,724.3730171185305
1598,negative_control,1611,1336.2664191199535,724.4660889795418
1599,negative_control,1863,1336.3342644863887,723.6849444539989
1600,Zyx,271,1338.8522416928445,766.1297614736009
1601,negative_control,1450,1337.8628089020197,765.347874826821
1602,Got2,51,1340.515839247426,754.1077937120207
1603,Eif3e,34,1341.149634922604,679.853267130446
1604,U2af2,249,1341.7379543747234,746.6204381620768
1605,U2af2,249,1342.7723843869665,776.4272759265305
1606,negative_control,1797,1343.379161494985,643.1661852075125
1607,negative_control,1140,1343.3301320210105,643.2174211244967
1608,U2af2,249,1347.8671921208977,647.8983190501629
1609,negative_control,1259,1348.5967236923216,736.2648563030633
1610,G3bp1,49,1347.8612123727007,738.9109427573953
1611,negative_control,689,1349.4787391551697,754.7090874462333
1612,U2af2,249,1349.5313490253816,697.7420160761344
1613,U2af2,249,1351.7915390370551,662.9366999204367
1614,Maged1,82,1350.6074434525417,754.025931128144
1615,negative_control,678,1350.9720202317922,754.8922878200945
1616,negative_control,1629,1351.3086562735734,754.6705257623864
1617,negative_control,1939,1349.0201004127089,754.2147480018457
1618,negative_control,1400,1350.5163190913795,755.2752154536943
1619,negative_control,892,1348.3846247237811,753.5802776230805
1620,U2af2,249,1353.2519697154585,765.702578583866
1621,U2af2,249,1354.979562426135,671.8898825491536
1622,negative_control,1143,1357.52892739249,652.9103491074086
1623,U2af2,249,1361.7354467701207,716.2906623043795
1624,Prkcsh,152,1361.4439702349032,707.4318010880559
1625,Arf1,6,1361.5905997875411,645.3638202124318
1626,Got2,51,1362.5686999609152,645.7584283563541
1627,negative_control,1492,1361.1905437549756,645.7889041653159
1628,Twist2,247,1361.393933235564,645.5919043349272
1629,negative_control,673,1361.7232147754062,646.0347549719287
1630,negative_control,916,1363.7557807779142,694.7877536052001
1631,negative_control,1824,1364.528081357657,732.9690047281027
1632,negative_control,1863,1364.257447497125,733.535916923439
1633,Sf3b2,205,1364.359259628594,732.8224707352826
1634,negative_control,899,1364.3024076049962,732.561759586222
1635,negative_control,702,1367.8680149429165,638.0327149265422
1636,Arpc2,7,1368.861180943219,691.8711896452176
1637,Pdia6,142,1373.691540246412,631.0833317316186
1638,negative_control,1450,1376.495543353402,783.8905240114773
1639,Got2,51,1377.676028630493,632.7529802898107
1640,Gas1,50,1382.0847381650365,658.9398663885165
1641,Snx5,212,1382.4759530916333,655.2727176144186
1642,negative_control,1913,1386.068594742702,642.7583394614564
1643,Tcf25,226,1387.3324121281876,790.736167736695
1644,Uqcrq,257,1387.7088159924847,741.9781674126655
1645,Got2,51,1387.7589363648374,785.568888709534
1646,U2af2,249,1388.670242271366,640.7034472593216
1647,Gas1,50,1388.4051475284436,748.7940276891894
1648,Eif3e,34,1389.6013207234178,628.8479384282551
1649,Eif3e,34,1391.0380996669046,671.2856345714936
1650,negative_control,1449,1393.002085995595,770.2544971867846
1651,Pdia6,142,1397.977444890409,639.770315005328
1652,Got2,51,1401.074541388205,655.0901211218694
1653,Ncl,121,1401.255611359948,765.4924866647734
1654,Prkcsh,152,1401.2905393465137,765.9294980022967
1655,Gas1,50,1403.573521211728,717.3162087144985
1656,negative_control,1143,1404.3323102582067,632.3486817215635
1657,Pdia6,142,1404.4682434569202,699.166060724745
1658,Ergic1,41,1407.7916487924872,664.2742737534452
1659,Pdia6,142,1408.7456888928612,660.5982700873712
1660,Got2,51,1409.3461726151193,766.6254823893001
1661,U2af2,249,1409.1657770128684,769.9551998213358
1662,negative_control,1138,1410.9600134813668,679.084236311519
1663,Gas1,50,1412.1234034747724,771.3360590540591
1664,Eif3e,34,1412.8731967790309,705.1635464705655
1665,Slc38a2,209,1412.8244400682615,706.1726671835906
1666,Mbd3,84,1413.701203534958,652.434947859336
1667,Arpc2,7,1417.9069661459546,769.4290894003959
1668,Lamp1,74,1419.3097107423623,798.5502901928043
1669,Csf1,21,1418.614813941961,799.6848017103795
1670,Rnf11,185,1418.6884099757142,798.8677335637456
1671,Pdia3,140,1418.3346123234585,798.6936662533706
1672,Rbm3,182,1420.515215245562,798.8403490529515
1673,negative_control,1138,1418.507457774057,799.585734886647
1674,Prkcsh,152,1423.3600695521318,756.1696694100954
1675,negative_control,1917,1422.4572278235914,799.7688105427328
1676,Gas1,50,1424.22638914686,621.2446021510988
1677,negative_control,474,1426.18777814034,682.7999319396243
1678,Rpl18a,187,1428.4105938667904,763.1132166559469
1679,negative_control,603,1430.253501036122,630.6675764617225
1680,negative_control,960,1431.584923510428,630.2806580318444
1681,Ptbp1,167,1430.5348385795485,630.2566995509467
1682,Oaf,133,1429.9792807392869,629.1802486526884
1683,Hdgf,56,1431.1150300175432,631.136692310462
1684,negative_control,2043,1430.4046321487162,628.4684061298757
1685,H1f0,55,1429.3008660897851,803.273749061813
1686,negative_control,1712,1429.8062030761098,802.3689895722794
1687,negative_control,1431,1427.774494527552,802.2608552917507
1688,Prkcsh,152,1430.375586755483,802.4267774606335
1689,Prkcsh,152,1430.847954875704,776.644121889363
1690,negative_control,702,1431.8509709878203,672.9379810202606
1691,negative_control,1139,1433.4181561224875,643.3180548804035
1692,Pdia6,142,1435.4332094067918,804.9259425654622
1693,Pdia6,142,1438.7844849581843,687.7862045339001
1694,Tubb5,246,1441.355930264086,652.4321512992751
1695,Csnk1a1,22,1440.793185249091,653.9957952693231
1696,Ncl,121,1441.4239067861145,653.1798531220248
1697,negative_control,1698,1440.773118129206,654.2583867301923
1698,Got2,51,1446.3778147249811,795.9672138018556
1699,Rrp1,198,1449.031672764066,766.4667371645287
1700,Prkcsh,152,1450.448740725656,713.1074776545302
1701,Pdia6,142,1450.3401947560264,804.659382835429
1702,negative_control,841,1450.1169785878255,752.2105039832927
1703,U2af2,249,1454.2834556189257,814.5679615255702
1704,negative_control,1374,1459.7981406362078,800.6640798258193
1705,Hdgf,56,1459.3398570691388,800.712442643358
1706,negative_control,699,1460.0869248332676,802.2824551202013
1707,U2af2,249,1464.4045842394794,715.2848242767199
1708,negative_control,1143,1464.4911396086886,820.876014372348
1709,Got2,51,1467.3356003417034,824.4775525201824
1710,Pdia6,142,1468.4003118754467,795.1107388194405
1711,Gas1,50,1469.766926249907,730.1103355834714
1712,Pdia6,142,1470.050414228294,799.4646417518734
1713,Mrpl45,105,1472.4968320213657,820.1970136054126
1714,Ptbp1,167,1473.8867593621137,820.8814944978257
1715,Got2,51,1472.715947655814,824.1028493383483
1716,negative_control,1139,1475.798730216976,813.321040413246
1717,Uqcrq,257,1476.5462151167703,836.6887215085785
1718,Got2,51,1475.573906355514,752.9536523212237
1719,U2af2,249,1476.863052053632,782.5801053111898
1720,Kars,72,1478.3754582501651,782.6264830394143
1721,negative_control,1373,1479.189276332611,781.3189237961024
1722,Gas1,50,1478.0752609944702,704.0421991085481
1723,U2af2,249,1478.6621590979903,710.0262540112534
1724,negative_control,702,1479.1685184875669,817.5914510402292
1725,Eif3e,34,1478.2450781765356,829.1068989920985
1726,negative_control,1952,1479.298413689692,771.3767886825098
1727,Got2,51,1481.5917099298788,801.5013184694101
1728,Hmgcs1,58,1487.0034076725674,830.2595099050562
1729,Pdia6,142,1487.7448804981975,778.2240228937391
1730,Pdia6,142,1488.7141496614374,759.8413909165574
1731,Fkbp4,44,1493.027008978904,736.2747432550279
1732,negative_control,471,1492.7525354188283,825.2906277056218
1733,U2af2,249,1494.9987537695747,800.1171130722453
1734,negative_control,1984,1494.8921113745405,769.6001685180579
1735,negative_control,790,1494.6715852038978,770.3532260488599
1736,negative_control,274,1495.3365971191513,770.094594252549
1737,Polr2m,149,1494.7856745940917,770.3511879488567
1738,Pdia6,142,1496.3719559470928,785.9199555887997
1739,negative_control,702,1496.132791480089,773.3746895222187
1740,Pdia6,142,1497.7876997501985,748.9612083089082
1741,U2af2,249,1501.0332881256777,813.2334426316515
1742,Prkcsh,152,1502.5505950322083,846.4073445501232
1743,Vim,261,1502.3010493948168,786.1474522642344
1744,Ywhah,266,1503.0565739286674,786.8166093380889
1745,negative_control,755,1502.766034361851,786.3617159280637
1746,negative_control,2013,1501.9645507857665,783.8702791437121
1747,Got2,51,1503.0405274090306,784.3942309088304
1748,negative_control,1222,1502.3190630482995,785.613149790779
1749,Cct5,10,1503.018821741934,765.7565399298996
1750,negative_control,1864,1502.3412811915282,766.567499178384
1751,U2af2,249,1503.7843822984246,819.4003436562816
1752,negative_control,513,1503.4841618928017,795.7600727858423
1753,negative_control,1258,1508.787698985283,851.9616787539576
1754,negative_control,1149,1509.379481467871,794.052138503274
1755,negative_control,607,1511.038649967185,804.4874660000723
1756,negative_control,1566,1509.7359275095585,803.9844954381476
1757,negative_control,1750,1511.151292699923,805.401934972504
1758,Mdh2,85,1511.3921847231245,805.6006548303085
1759,U2af2,249,1515.2807884135204,788.8751160788336
1760,U2af2,249,1517.298952373255,807.1033390009943
1761,negative_control,1739,1521.430306381283,856.437633939441
1762,Got2,51,1521.3155853305136,854.6760367367084
1763,negative_control,1664,1520.9191532303753,856.0046063662556
1764,Snx3,211,1522.843312094988,799.8401761788888
1765,Cct5,10,1519.5151464264625,801.5317236361104
1766,negative_control,1021,1521.7191699957104,800.7621281297291
1767,negative_control,1760,1521.7602218601678,800.6897798154166
1768,Rpl15,186,1522.3296349032244,800.5081288107065
1769,negative_control,723,1521.5796122015945,800.6178681062906
1770,negative_control,2011,1521.5085711058075,800.5636708041986
1771,U2af2,249,1522.9785753308597,862.1254440472362
1772,Cnn2,16,1521.3386843273297,860.8608856582366
1773,Hspa8,62,1521.485025583045,862.174535828063
1774,G3bp1,49,1520.7115157109845,860.6563964362485
1775,Got2,51,1524.4129802304565,830.3588256137358
1776,Tcf25,226,1530.0998867056087,833.8594517204016
1777,Tcf25,226,1553.0374012935995,891.0412923996018
1778,Eif3i,36,1314.136788489445,630.8688401655862
1779,negative_control,1360,1324.256541629553,647.0728812884025
1780,Tpi1,237,1329.2232202284515,630.9422146687025
1781,Sdhc,203,1329.469479344109,742.5043558870509
1782,Vim,261,1330.5040818761972,654.1348460824747
1783,Ehmt2,31,1329.9691546429865,653.1901333617734
1784,Mtap,114,1333.3816680027658,769.488292925555
1785,Sdhc,203,1333.6057866367028,728.5481312729595
1786,negative_control,1256,1334.9027372808791,741.584217293514
1787,negative_control,2022,1334.8266480957302,742.0993878671469
1788,Eif4b,37,1335.6013746442504,740.2473669734527
1789,Tpi1,237,1339.5142374253303,730.7775333094709
1790,Vim,261,1340.530386906506,739.903179432474
1791,Mrpl15,93,1340.197389808082,741.3864562185659
1792,Tpi1,237,1341.5186936761374,727.0066260328026
1793,negative_control,275,1341.8711997998837,648.4755705665411
1794,Eif4b,37,1342.828110318977,767.1419971456783
1795,Ehmt2,31,1344.8831901161443,735.693115458881
1796,Igfbp6,68,1344.9764624550871,692.9217671769002
1797,negative_control,1206,1348.2503397158894,728.719265659872
1798,negative_control,1288,1347.7943799003178,776.4211393456817
1799,Mtap,114,1348.397438498549,777.3971647431722
1800,Lrrc59,79,1351.3330538267487,796.0109699395232
1801,Sdhc,203,1355.641967036548,736.9193799925532
1802,Vim,261,1356.4354050603486,664.9436103675146
1803,negative_control,876,1357.3597662105528,663.8341157654012
1804,Sdhc,203,1356.98712936248,663.096843375462
1805,Tmbim6,230,1356.823945575036,644.9302224433121
1806,negative_control,1629,1357.6576867925237,644.1701406400897
1807,Eif4b,37,1357.7832944273682,645.4504542561925
1808,Tpi1,237,1358.3083708927309,697.2015940926154
1809,negative_control,1222,1359.0895080807995,740.9174188205625
1810,Tpi1,237,1366.49177815748,733.1093902747534
1811,Slc38a2,209,1369.0950815438446,745.0720769257284
1812,Sdhc,203,1369.1830530594907,669.6456902712151
1813,Sdhc,203,1374.774677132018,792.1247867119198
1814,Mtap,114,1377.6622099094022,673.6184695548409
1815,negative_control,1940,1382.5004945097146,650.4995334614875
1816,Eif3a,32,1384.599030782957,637.0047566429683
1817,Thy1,228,1384.8355850846935,627.6180948585587
1818,Tubb5,246,1384.8171130600258,628.4492090918004
1819,Igfbp6,68,1387.8830110318474,715.4995209614278
1820,negative_control,275,1390.732126347932,722.6402276831001
1821,Tnk2,234,1391.2661708369671,715.6658154361558
1822,negative_control,1300,1392.9238332929767,770.0409914527824
1823,negative_control,892,1392.5309994983672,769.4591521758394
1824,Rpl18a,187,1394.7177839129963,768.9067067691738
1825,Hspd1,64,1391.5967563688796,768.042202589452
1826,Sdhc,203,1392.729047436599,639.5245839663003
1827,Eif4b,37,1395.0462784658982,728.8690403164817
1828,Tpi1,237,1396.5022866679192,775.647255426544
1829,Msn,112,1408.8552850877118,758.3246557810692
1830,Hspa8,62,1410.1917300392531,757.9018247924234
1831,Tpi1,237,1408.5531529808377,774.4509357583504
1832,negative_control,1626,1412.012254945186,650.3010136179412
1833,Mtap,114,1412.7078491455936,696.6207788340664
1834,Eif4b,37,1415.241468842598,723.0428086502236
1835,negative_control,2075,1418.510382577599,641.5905512119211
1836,Tubb5,246,1418.8285633225594,642.1057412212355
1837,Slc38a2,209,1418.1259628704083,640.9984378791548
1838,negative_control,746,1419.14118693176,641.4203922273147
1839,negative_control,988,1426.767807432901,679.5552099522605
1840,Zyx,271,1427.169892033022,679.5462220550531
1841,negative_control,674,1425.8907397571993,755.5608116211332
1842,negative_control,1854,1426.9458708497352,755.4837558589915
1843,negative_control,1940,1427.7558914051174,799.4643799411442
1844,negative_control,352,1427.658270083038,798.309436374355
1845,Igfbp6,68,1428.2630929618108,768.5320368338855
1846,Oaf,133,1428.8339775814109,768.839312380478
1847,Slc38a2,209,1427.9354388381812,687.3036406814115
1848,Mtap,114,1428.7697550025791,734.0420138495383
1849,Eif4b,37,1431.5388937677856,729.8444290955831
1850,Mtap,114,1431.6770445609573,706.2684221186003
1851,Rcc2,183,1431.57889068369,719.4860550864499
1852,negative_control,1215,1432.4628333373894,717.6548769416017
1853,Sfpq,206,1432.3184829752984,717.9473840750786
1854,negative_control,1752,1433.463518476009,631.8915490436009
1855,St13,220,1432.7873335113377,632.9436184999862
1856,Stip1,221,1432.950989955289,633.2436686375365
1857,negative_control,609,1432.9835922740451,634.1536510983666
1858,negative_control,1213,1432.8884367335422,633.7222036242333
1859,Vim,261,1433.7812163679175,789.530658437759
1860,negative_control,714,1433.633855388918,703.2879299442741
1861,Mtap,114,1437.0839705871597,719.2577282648457
1862,Mtap,114,1441.270956607515,763.4640696876493
1863,Ergic1,41,1446.4940728009951,722.15488284701
1864,negative_control,1528,1446.0381381431705,722.2926417667092
1865,Mtap,114,1445.8936373215197,766.9103490589604
1866,negative_control,1217,1446.6396889636712,664.396213138502
1867,Vim,261,1449.0073415330903,783.0070513426522
1868,Rpl15,186,1448.512229735776,782.4664673015425
1869,Snrnp70,210,1450.4641168850303,786.2630832630728
1870,Tpi1,237,1449.692411697688,784.1473169481632
1871,negative_control,1516,1447.5757435719745,780.8928736622422
1872,negative_control,1237,1448.7893614861257,783.0228479783103
1873,Eif4b,37,1450.0164763700127,780.7059475882538
1874,Oaf,133,1453.3787905620734,799.2468143699422
1875,Rpl18a,187,1451.1405394711846,798.1981745168258
1876,Eif3i,36,1455.4683202187928,685.0556190733954
1877,negative_control,351,1460.3973782764017,686.5448264296845
1878,Hdgf,56,1463.2876318128308,790.8838735595625
1879,Psap,160,1463.0253364367252,793.1065219626634
1880,negative_control,1761,1463.5712652150332,791.282444453469
1881,Nucb1,131,1462.3754998377665,791.203132654769
1882,Rcc2,183,1462.2492428509215,792.417279458711
1883,Timp2,229,1462.3992671614878,790.9206310840408
1884,Vim,261,1473.1003678818238,812.1140812848521
1885,Ncl,121,1471.4987246653036,811.887459100298
1886,negative_control,1222,1471.6068373721837,810.9690495408374
1887,Lamp1,74,1470.9686033541825,811.4267549762496
1888,Gsto1,54,1472.308894706037,811.7016920858574
1889,negative_control,1318,1473.0309224892676,812.5219046585345
1890,negative_control,395,1473.5350014652909,812.9647319060333
1891,Raly,177,1475.2041255527283,823.5164851655596
1892,negative_control,397,1474.203770840521,824.4470806655506
1893,Oaf,133,1477.6897794458123,807.384056219444
1894,negative_control,1040,1478.375277365226,806.9016746250222
1895,negative_control,1194,1478.5496317810548,806.3735884453104
1896,negative_control,1207,1477.8580194127544,807.0076786034213
1897,Vim,261,1484.2010023256405,840.4486368995232
1898,negative_control,2007,1482.3751526812366,839.390027896141
1899,negative_control,1940,1485.9769380589723,763.2409492599138
1900,Igfbp6,68,1492.2645371090389,772.2481669555744
1901,Tubb5,246,1499.0850540861948,829.8988768305824
1902,negative_control,1712,1498.9205166117335,830.0658462629494
1903,negative_control,1940,1500.956719966403,856.8079973954929
1904,negative_control,1413,1502.2556117366116,834.1007216717267
1905,Tpi1,237,1504.1698851752444,762.2571945363673
1906,Eif4b,37,1513.628029536173,868.8417582142878
1907,negative_control,1222,1516.1141319034905,855.1981754690298
1908,negative_control,1607,1516.6958133577966,837.1524589953361
1909,Stip1,221,1517.9432402974774,837.5130034046252
1910,negative_control,403,1515.8584543071645,837.0316306468193
1911,negative_control,2011,1526.3591402006982,843.1929377351753
1912,Slc38a2,209,1558.275826729681,895.2640925342822
1913,Vim,261,1317.0762477941516,629.674300205092
1914,Rpl21,188,1316.5394338537876,630.3460654814387
1915,negative_control,537,1321.398079291513,654.7646262510381
1916,Stip1,221,1324.4749569754752,682.8133185869303
1917,Actn4,3,1323.8892988849725,682.4629653279095
1918,negative_control,1443,1324.0321397449052,682.904138514331
1919,Skp1a,207,1324.3677454038157,684.4574772202707
1920,Hdgf,56,1324.2101934963362,681.9819744047218
1921,Hnrnpk,59,1327.4828887791273,621.9436107502821
1922,Hnrnpk,59,1328.196003587948,659.9721652328574
1923,Snx3,211,1329.0753166920429,733.7252086245935
1924,negative_control,1009,1331.42363257768,736.3334960286
1925,negative_control,2071,1329.664295172831,728.4915006737635
1926,negative_control,1503,1329.1740658369629,727.3305196831143
1927,negative_control,1591,1330.879443701194,638.6990014099155
1928,negative_control,806,1334.157532981663,656.0140149080532
1929,Hnrnpk,59,1336.000448225362,672.7097932779412
1930,Hnrnpk,59,1339.0943860719908,650.4444352182227
1931,negative_control,487,1341.3917977798224,772.0930536645435
1932,Raly,177,1341.575520312793,772.8826525125014
1933,Nap1l1,120,1343.2179497977509,772.7358074689967
1934,Vim,261,1345.4525260604746,685.0665350927034
1935,Twist2,247,1347.3232136356792,758.7428554624662
1936,Ssrp1,219,1347.505668893563,757.5681585350333
1937,Tomm40,235,1348.6306646320804,759.0491773455653
1938,negative_control,1447,1348.6402013740817,778.0969415698789
1939,Mrpl45,105,1351.8397449825488,747.6103586785546
1940,Hnrnpk,59,1353.3355292002009,767.7691899259221
1941,Hnrnpk,59,1357.600905049536,740.4151698352872
1942,Efemp1,29,1358.5237845714682,712.5483886224947
1943,Rac1,175,1366.1217187017426,724.6065173709693
1944,negative_control,716,1371.2353047691663,651.4224566551238
1945,Prrc2a,158,1372.2437790056174,706.538096311611
1946,Cebpd,12,1374.87866258252,787.3472971288638
1947,Rpn2,190,1376.3649894500963,753.1498617311627
1948,Hnrnpk,59,1377.4345340025002,662.3566585941581
1949,Lrrc59,79,1383.9700793443485,657.8296002400025
1950,Prrc2a,158,1382.277187176138,657.4148543580638
1951,Rac1,175,1384.0543702281968,672.3165165115961
1952,Prrc2a,158,1385.6664431706074,792.4033429367514
1953,negative_control,1237,1392.6393760966023,648.9518066743194
1954,negative_control,1493,1392.7742275041455,649.042064519831
1955,Gsto1,54,1392.1560334669186,649.8915702005468
1956,negative_control,347,1393.0756503216248,650.3735368905051
1957,Tubb5,246,1391.7409094020509,649.9445843024873
1958,Hnrnpk,59,1395.997992819743,694.386795104302
1959,Ssr2,217,1398.8137314892654,669.5552829665507
1960,negative_control,1437,1400.4749090765276,626.7463410820797
1961,Snx3,211,1400.3091415927088,710.1163205005814
1962,Hnrnpk,59,1404.7820205969963,713.74925702201
1963,negative_control,657,1404.191305099403,662.8792588332467
1964,negative_control,521,1405.6962147432262,624.3306748312496
1965,Vim,261,1408.21558755037,655.1430520255636
1966,negative_control,868,1406.4961566454838,655.1767970748137
1967,Lrrc59,79,1408.311908174952,782.93821371263
1968,Efemp1,29,1409.3232657478766,784.0894522914789
1969,Ppp2r1a,151,1409.207574565345,659.3576946637131
1970,Taldo1,223,1409.5868211467166,659.1465633435212
1971,Prrc2a,158,1412.6453531989437,722.7092102908764
1972,Hnrnpk,59,1415.3046819369372,669.4113201782258
1973,Rpn2,190,1415.6623735696596,701.2581177326662
1974,Prrc2a,158,1418.9115414966325,744.5229596681702
1975,Snx5,212,1417.6450056400831,745.0927020340332
1976,Ergic1,41,1419.7517801585377,745.1976207744732
1977,Fgf7,43,1418.0470664609206,745.8313849905581
1978,Rbm3,182,1420.1730726498645,756.8412558516285
1979,Prps1l3,154,1420.6957052704624,725.5833117035043
1980,Tnc,232,1426.949264055021,753.2315268780279
1981,Prps1l3,154,1432.032397091779,702.785248159091
1982,Mrps25,108,1433.2294620120435,680.2865669944774
1983,Efemp1,29,1440.646579704484,684.1684216250233
1984,negative_control,1433,1444.3032355552514,653.3211317353527
1985,Rac1,175,1446.719276807802,817.0070298500307
1986,Mrpl45,105,1449.7120898944015,709.4294479306312
1987,Rpl18a,187,1451.920225615273,679.9761414262252
1988,Pgrmc1,143,1453.2952951789237,680.6242095384409
1989,Ywhaq,267,1456.805856125035,682.2061487934144
1990,Lamp1,74,1455.8219013511134,682.2893903662354
1991,Rpn2,190,1457.348513506916,685.4998811909977
1992,Ndufv1,124,1458.0542202007275,769.8614050376859
1993,Tnc,232,1457.141528793332,769.5276693964703
1994,Sf3b2,205,1457.4025770159226,769.0760676050343
1995,Pdia4,141,1457.4512266623938,770.7845024114768
1996,Tnc,232,1458.6558073140382,786.2314109527176
1997,Rpl18a,187,1459.0157865825918,702.3351676683789
1998,negative_control,1441,1460.3444606478718,703.5822039403076
1999,negative_control,1587,1470.5465217697215,796.2729911362405
2000,Skp1a,207,1469.6404718525428,693.092742107558
2001,Lmna,77,1468.3771783248374,694.8143135515355
2002,Taldo1,223,1469.909321033202,692.726467139911
2003,Csf1,21,1469.5601959249852,693.1847074775283
2004,Prrc2a,158,1470.5790229875345,813.2839350701843
2005,Snx3,211,1475.6494250927813,778.1419960961032
2006,negative_control,379,1475.410553603141,773.2681518672639
2007,negative_control,1315,1474.7807540290428,773.9562437564186
2008,negative_control,1114,1482.7726302715323,752.8941402247553
2009,Efemp1,29,1494.23931163243,797.3008288865558
2010,negative_control,354,1494.0177666315249,797.4227341500496
2011,Rac1,175,1494.6405725104755,796.7724245282385
2012,Hnrnpk,59,1494.686393660677,761.9817701766243
2013,Gpi1,52,1497.3347780021058,796.4377752792856
2014,Hspa8,62,1496.763649607141,795.9844286668224
2015,Vim,261,1500.4005467903037,854.1124689943533
2016,negative_control,1720,1501.28576289256,855.7119264932503
2017,negative_control,1540,1504.3643897826505,834.2412291751135
2018,Prps1l3,154,1504.6648493954729,778.9255706815837
2019,Snx3,211,1504.7685439930665,788.0954398951819
2020,negative_control,1939,1505.194256398719,846.4087552212475
2021,negative_control,521,1510.827376814408,852.2867091886588
2022,negative_control,825,1510.681234140925,852.9093694186831
2023,Efemp1,29,1518.1177912969763,811.6120775949155
2024,Rac1,175,1520.669998498207,878.0098228861409
2025,Idh2,65,1520.1820604343754,792.0177467840315
2026,Prrc2a,158,1521.7683877899167,793.3092357463387
2027,Gpi1,52,1521.8043307187372,792.2404192347245
2028,Arf1,6,1521.784400501387,790.8323270313176
2029,Rpl18a,187,1520.9991744569743,790.3624847296478
2030,Clta,15,1522.8848842803088,838.3543553365919
2031,Maged1,82,1522.2694701524715,839.3061805027452
2032,negative_control,1442,1522.9306093799678,839.0371368815518
2033,Prrc2a,158,1523.2726314587226,871.8140882878446
2034,Rac1,175,1524.1751866942286,855.649128330826
2035,Rpl21,188,1525.202525042839,835.2471765594314
2036,negative_control,570,1526.3998493648614,827.4346737476783
2037,negative_control,1447,1526.0239674633042,828.5524678884218
2038,Srebf2,215,1527.9062790302778,827.4849730062579
2039,Taldo1,223,1529.229486049022,839.3360607509494
2040,Rpl21,188,1537.804860918645,885.3097403797667
2041,Actn4,3,1319.1717782003593,644.4485901549322
2042,negative_control,747,1326.053715607086,625.0811658880225
2043,Rnf11,185,1327.4586243953906,625.023625039218
2044,Actn4,3,1329.4866485108748,631.5366245831551
2045,Malat1,83,1332.297062188669,660.4197439786135
2046,Malat1,83,1333.7878899648,732.3383281063644
2047,Rab5c,173,1337.994782659972,698.5754903637613
2048,Rab5c,173,1338.396842982106,758.2723382098211
2049,negative_control,2019,1338.655998233411,661.8294870851972
2050,Actn4,3,1338.6804994472293,662.0591498590518
2051,Cnn2,16,1346.1025993301591,684.3024918433201
2052,negative_control,1896,1350.220283550408,780.6314287483965
2053,Lrrc59,79,1350.863247879989,780.186322551362
2054,St13,220,1349.529132624613,666.6572429651518
2055,negative_control,585,1350.3453149498566,666.2256881355029
2056,negative_control,1043,1350.5170519460626,775.7483438003334
2057,Actn4,3,1351.914632581159,730.9157118742038
2058,Cnn2,16,1352.1549933286751,783.5390727206723
2059,Npc2,128,1351.6888618620078,664.4234547329455
2060,negative_control,1583,1353.3057172520607,663.6170645889705
2061,Rab5c,173,1355.9094418385737,792.3993112153253
2062,Idh2,65,1355.4350630893862,791.2303874089876
2063,Mrfap1,89,1353.7690590970597,792.215208694859
2064,Actn4,3,1360.1766381442508,641.9614758142031
2065,negative_control,1511,1364.4614283180654,724.188684576092
2066,Malat1,83,1385.9002482205883,747.5160289211606
2067,Tmbim6,230,1387.9548490943057,632.6325181623938
2068,negative_control,2004,1388.5688547088632,632.9374192759809
2069,Prmt1,153,1388.713225550162,633.1244925813436
2070,Sdc4,202,1388.7578803818442,632.8546575261141
2071,negative_control,945,1388.962824986367,633.4096403054987
2072,negative_control,1524,1391.1896575546905,790.238567176041
2073,Morf4l2,88,1393.8286921496467,751.1656256131146
2074,Cnn2,16,1396.876374098618,720.9611651578551
2075,Morf4l2,88,1404.6889412060536,750.6601221525966
2076,Malat1,83,1407.7352434957097,637.1029979286168
2077,Malat1,83,1413.500719274438,745.2448154250919
2078,Malat1,83,1418.335871476189,689.5390008397997
2079,Rab5c,173,1421.035281624483,798.5785105916714
2080,Spon2,213,1423.7493477945904,733.1342482120538
2081,Uba1,250,1423.1923756805118,734.0486127322025
2082,Ctbp1,24,1424.5100830604138,733.0492090305443
2083,negative_control,586,1422.3855379530285,732.5498913239361
2084,Npc2,128,1423.611096595566,732.6910457534074
2085,Malat1,83,1427.535441968486,721.0887802824052
2086,Malat1,83,1430.702835343662,719.337557030938
2087,Morf4l2,88,1431.8290740862396,753.900027893299
2088,Malat1,83,1433.828405609586,733.7978034758285
2089,Vim,261,1434.0945103722618,636.4320277148471
2090,negative_control,2019,1434.5203172061856,636.6394784709289
2091,negative_control,1494,1434.1874516038372,636.2955862998922
2092,negative_control,1811,1433.1173859139008,637.3970235212892
2093,negative_control,1509,1434.05403514222,636.9390070129939
2094,negative_control,373,1435.0967496187643,801.9879602728536
2095,Malat1,83,1436.1078199398987,696.4634434353788
2096,Malat1,83,1438.862707946971,735.0325567569805
2097,negative_control,1407,1441.485581899434,713.2882622442124
2098,negative_control,1010,1446.086669667663,768.2083993822882
2099,Npc2,128,1446.4384842279217,769.5256340497152
2100,Malat1,83,1447.7762448290005,711.4122623928185
2101,Rcc2,183,1447.7331795947998,711.6839750036875
2102,Ran,178,1448.497239526322,750.1256197880934
2103,Malat1,83,1448.8601539864303,749.3952778803989
2104,Vim,261,1449.5689655024837,672.4544474374233
2105,negative_control,1238,1450.70666912226,745.0855515115123
2106,Malat1,83,1452.1049701630436,726.76307042334
2107,negative_control,1736,1451.7411380740434,780.5722836114096
2108,negative_control,370,1451.4228495882503,779.798600865178
2109,negative_control,1876,1451.900424517133,780.1349959938113
2110,Morf4l2,88,1454.7463566304891,670.211730304743
2111,Malat1,83,1456.842387543039,704.4228169669084
2112,negative_control,1947,1473.5977019892523,803.6499010545765
2113,H1f0,55,1477.2620075229956,716.0683016548626
2114,negative_control,1516,1477.965963445497,740.0375448770321
2115,Mmp14,87,1479.6774627499049,756.1800698889683
2116,Cnn2,16,1481.2404833544429,773.2340071819881
2117,negative_control,1517,1487.1959189659435,768.3740535700472
2118,negative_control,1523,1490.1927428973036,768.6644566021778
2119,negative_control,1009,1494.0149735175137,845.7160147509019
2120,negative_control,964,1494.2068224075065,812.5557383927242
2121,negative_control,1355,1493.955013003675,812.3609628585687
2122,negative_control,1296,1494.7805280158657,812.6962902127959
2123,negative_control,1649,1493.5746370806614,812.7788694501967
2124,Timp2,229,1494.1629752275744,813.0122363460238
2125,Malat1,83,1506.4284050909546,802.2518718551942
2126,Mrfap1,89,1507.88614606251,800.9996375809849
2127,Ly6e,81,1508.5367288032385,801.8125254204343
2128,negative_control,1344,1508.5468955865135,800.0630583872933
2129,Morf4l2,88,1509.480613649867,862.1348705370842
2130,negative_control,1514,1510.835479758632,846.3301085184212
2131,Ncl,121,1513.8285695603663,790.7649847579769
2132,Maged1,82,1513.2079868868168,789.3355618843409
2133,negative_control,609,1514.1467437027527,789.6429943267414
2134,negative_control,2090,1514.1734056182574,789.6726486297428
2135,negative_control,842,1513.4377144917785,791.8062991679642
2136,negative_control,719,1513.616540905193,790.3380347546838
2137,negative_control,1690,1515.577685370405,809.3339020357416
2138,Vim,261,1515.3243096506233,808.9693624588161
2139,negative_control,2019,1516.1000122861674,810.2383809154155
2140,negative_control,758,1514.9153408142795,810.0020608743325
2141,negative_control,2079,1516.5737031197496,810.9722742671943
2142,negative_control,1869,1519.4507479199117,854.3483669197184
2143,negative_control,1846,1525.2127812521142,841.5199816278673
2144,negative_control,598,1524.5480373799955,846.4147038833063
2145,Actn4,3,1524.709203538274,857.6202689034923
2146,negative_control,1525,1524.968309313091,873.803558750729
2147,Vim,261,1526.5778824688991,872.8313703096885
2148,Mmp14,87,1551.0752012399887,890.8967367553872
2149,Tubb5,246,1312.542165324602,634.4921749527182
2150,negative_control,1064,1316.4885985339588,639.2394606253355
2151,negative_control,993,1316.7896800343983,625.4555007155076
2152,Timp2,229,1316.2148520836442,625.1863423870584
2153,negative_control,1266,1316.6251582760983,626.900546387161
2154,Prmt1,153,1316.885901095236,627.9952606490368
2155,Ptgs1,169,1317.3239296185632,624.20903543422
2156,Twist2,247,1317.9186125255949,625.4052534423081
2157,Tubb5,246,1316.9726137147834,628.0149341365616
2158,negative_control,587,1322.2255137443326,643.3553218333733
2159,Rps6ka6,194,1324.167492502425,645.2137088522416
2160,negative_control,1494,1323.5631747876691,644.0271825765369
2161,negative_control,1198,1323.238866277232,643.2773683458981
2162,Mtch1,115,1326.7381116052334,647.7247830834854
2163,Fkbp4,44,1327.4393860424682,671.9462386266596
2164,Tubb5,246,1329.9051508197172,761.8475664180295
2165,Tubb5,246,1332.5695622857847,730.3483180486339
2166,Tubb5,246,1334.888715714092,689.5749604251534
2167,Tubb5,246,1336.1009533858942,653.466587961787
2168,Vat1,259,1335.2999674377036,642.8702914123772
2169,Tubb5,246,1341.516910177117,790.6386916404016
2170,Tubb5,246,1341.508355781901,752.9565221938825
2171,Npc2,128,1342.3237012854104,666.5633148144934
2172,Npc2,128,1348.7805153532056,743.9476645758625
2173,negative_control,1263,1348.062768630648,742.988977032605
2174,negative_control,1810,1352.5995048058614,646.4517626163711
2175,Fkbp8,45,1354.0787007316644,683.2131347871662
2176,Tsc22d1,244,1354.962752947623,735.1845668575636
2177,Npc2,128,1355.7945270470666,653.7957140848696
2178,negative_control,1722,1356.527870555704,740.6330273582303
2179,negative_control,1108,1357.20267626722,758.3020398839327
2180,Tubb5,246,1357.417207738929,802.2794497298408
2181,Hspd1,64,1357.1614040176808,784.5363710058792
2182,negative_control,1591,1360.4585759086017,646.3554813064602
2183,Tubb5,246,1360.7546832726553,745.63206920847
2184,Nr2f2,129,1360.0527450817274,745.6737599271604
2185,negative_control,1811,1361.2410465956038,748.7726841708309
2186,negative_control,1812,1361.2052974875144,798.5175697142416
2187,Npc2,128,1361.7874097462618,729.6804198616655
2188,Hdgf,56,1363.1358091303543,738.526352193574
2189,negative_control,961,1363.0115964892748,738.9960377043033
2190,Npc2,128,1364.235664885638,777.1979384726909
2191,Npc2,128,1364.97078580808,742.600457209435
2192,Tubb5,246,1365.2896736469447,788.9503907220012
2193,Npc2,128,1366.5539309406486,752.8993095690112
2194,Npc2,128,1367.7685875738666,735.3520420033628
2195,Npc2,128,1372.5239378153667,741.5253217112098
2196,Rpl18a,187,1372.889426763621,785.1177370965027
2197,Raly,177,1373.280467434504,784.9674604131282
2198,Aqp1,5,1376.2439270335822,789.0127815382655
2199,negative_control,1254,1375.5290439312455,654.0702340233796
2200,Hspd1,64,1376.5583825575968,656.4428699751136
2201,Npc2,128,1377.158578534892,761.7155904647988
2202,Npc2,128,1377.2544716207676,699.9352863601054
2203,Npc2,128,1380.3909088833743,742.0492988620239
2204,Npc2,128,1385.7949133160257,659.9395164711478
2205,Twist2,247,1384.9513046331706,668.3085983955434
2206,Hspd1,64,1387.439655090345,739.7662589483572
2207,Tubb5,246,1388.150644760518,745.210829223384
2208,Hspd1,64,1389.953445924412,668.045230844102
2209,Tubb5,246,1391.891549306406,731.9546358898205
2210,Psmc2,162,1394.7685588487402,638.2044260406802
2211,negative_control,1811,1394.282161190978,636.9716390235201
2212,Vat1,259,1395.9379475117055,749.0356876792848
2213,negative_control,945,1398.0974655805253,767.7426296331555
2214,Npc2,128,1400.4336277376135,761.0255713848176
2215,negative_control,1720,1402.0192549949015,792.8058559766811
2216,Tubb5,246,1402.5480149153298,715.5578299745727
2217,Npc2,128,1403.7616768375674,780.9559883353403
2218,Pcdhgc3,138,1406.62409595092,699.391650781268
2219,Npc2,128,1406.6068238386626,673.2829760902284
2220,Pdia3,140,1406.6051202697995,658.1583095893407
2221,Hspd1,64,1407.0338230131708,653.2192755988822
2222,Rpl18a,187,1409.0017987847166,718.6143610940127
2223,Fkbp8,45,1411.8378454201825,776.6730090949875
2224,Tubb5,246,1413.0005005823673,702.4563550176515
2225,Ssr2,217,1412.8151413336896,752.6823075610387
2226,Ddx17,26,1412.7641522576737,752.2660555648426
2227,Pdia3,140,1414.5867508172475,748.6797691990741
2228,negative_control,1198,1419.4770184028985,794.4956121123938
2229,Npc2,128,1419.7632830981916,674.8121392728439
2230,Pdia4,141,1420.292385970466,773.2820854035565
2231,negative_control,1759,1422.0651602325815,618.4807151686064
2232,Tsc22d1,244,1427.4039634915912,619.9106711254624
2233,Fkbp8,45,1427.470269933681,638.1695744501133
2234,Tubb5,246,1429.143431022347,766.6221153110777
2235,Hspd1,64,1429.095916768057,625.0282174210462
2236,Tubb5,246,1429.522331321393,776.1446717649918
2237,Mtch1,115,1431.3087354709878,773.6283633932023
2238,Prps2,155,1433.3301662723636,641.5052920076082
2239,negative_control,1064,1437.580574522943,648.8009948616567
2240,Fkbp8,45,1442.0013758757627,721.4851850005207
2241,Npc2,128,1442.0482245527735,744.1613751236746
2242,Hspd1,64,1443.3237642047795,653.9979003867618
2243,Tubb5,246,1447.7163713528282,685.9493416590802
2244,Pdia3,140,1450.4998438531095,800.6182134150414
2245,negative_control,1316,1450.846807977029,681.6771330742894
2246,Nfe2l1,127,1451.4742614983634,683.548182445232
2247,negative_control,368,1451.1181860576949,769.7635787704531
2248,Npc2,128,1453.7451080132212,668.1826075720409
2249,Tubb5,246,1459.0154035055234,679.5656486274065
2250,Npc2,128,1460.1060166224158,771.6650256690034
2251,Npc2,128,1461.1116712754574,684.8281846018369
2252,Tubb5,246,1475.890509365118,721.1258671379017
2253,Npc2,128,1475.4736694988496,708.3405567978149
2254,Rnf11,185,1477.3981795849083,771.4119831481432
2255,negative_control,1285,1477.776172285853,771.783788806722
2256,negative_control,1811,1478.4212234924198,786.7953445858027
2257,negative_control,775,1479.853749829721,751.2505633181227
2258,Sf3b2,205,1480.0038293080952,753.6775501691849
2259,negative_control,1400,1479.6909312402918,752.8525410686947
2260,Npc2,128,1482.2888641542663,774.0373799930863
2261,Hspd1,64,1482.4718294580598,810.0614469172201
2262,Aqp1,5,1483.0932560649203,757.0169521817384
2263,Tubb5,246,1484.4518394802308,724.6667494885758
2264,Fkbp8,45,1492.3157025136177,744.1008597062931
2265,Hspd1,64,1491.914106854117,742.8649519718125
2266,negative_control,1198,1491.349612497515,825.8488274381872
2267,Grina,53,1493.939260985754,793.0216172270752
2268,Npc2,128,1492.5892915174093,791.5803537367672
2269,negative_control,705,1493.8796861021342,837.8669444909121
2270,Fkbp4,44,1494.8114854598734,748.174391679547
2271,Mtch1,115,1497.3515780867258,751.677500492772
2272,Tubb5,246,1498.960642448835,788.6820819677711
2273,negative_control,988,1500.2775755189182,832.2021845744341
2274,negative_control,1173,1500.3241577763365,831.7819957748161
2275,Hspd1,64,1500.0352727718905,832.4712142669453
2276,negative_control,1108,1500.6649044410856,803.6789822595712
2277,Tsc22d1,244,1504.1847215329608,756.4420241842489
2278,Hspd1,64,1504.1832171533874,847.1741399486505
2279,Tubb5,246,1512.370759193166,842.4082048064727
2280,negative_control,1810,1515.7648946363056,844.998214351707
2281,Hspd1,64,1515.7360095716622,792.2693404445587
2282,Vim,261,1515.4312388454402,805.9185835878417
2283,Tubb5,246,1516.0750975308097,806.6507412504407
2284,negative_control,1288,1515.5039332214928,806.9400540759966
2285,Npc2,128,1517.5541487706969,823.8132123458523
2286,Tnfrsf1a,233,1518.0315472422517,795.0957935852884
2287,negative_control,1333,1519.2045774875517,795.4287521853054
2288,negative_control,479,1520.998502542595,847.4050135679342
2289,Tubb5,246,1526.6318822488513,837.4680335282726
2290,negative_control,1043,1524.85317634432,837.9656861078745
2291,Hnrnpul1,60,1527.5849812839767,822.8333773303098
2292,negative_control,1611,1526.5849018410036,823.7059643771706
2293,Mta1,113,1526.8606165130866,823.1951407036051
2294,Tubb5,246,1534.977730683885,884.8536344014933
2295,Tubb5,246,1558.7061197111157,893.5033576711041
2296,Ncl,121,1328.7863373284167,740.5983675347213
2297,Psmd7,165,1331.3377540423155,629.532683966912
2298,Snx5,212,1332.9334611426784,643.9632492523816
2299,Ncl,121,1333.7941959984598,735.7041797411285
2300,Msn,112,1336.462996776692,758.0578369618615
2301,negative_control,1495,1336.975223125522,758.5020039694859
2302,Cs,20,1335.8720392328132,761.082599580614
2303,Ptbp1,167,1336.7823095942333,762.1812091759193
2304,Zfp36l2,270,1336.6724045644685,758.8256085647345
2305,Rrp1,198,1336.5790313926277,761.130240813996
2306,negative_control,1421,1337.391146709038,758.4100007674563
2307,Maged1,82,1335.8440912263427,760.3283454503869
2308,Ncl,121,1337.9826431578797,771.59510955468
2309,negative_control,838,1338.2022605113648,742.123909989914
2310,Psmd7,165,1338.4293927372855,742.4920450998134
2311,negative_control,1150,1339.0810171417245,745.5799833253863
2312,Ncl,121,1339.7502162120716,686.0400029187625
2313,Stip1,221,1340.3947880233673,646.9290578335153
2314,Cct5,10,1341.06991467102,784.4017696120169
2315,Eif3f,35,1342.140805927274,651.484829857293
2316,negative_control,375,1343.9923438962912,783.5810943795475
2317,Hspa8,62,1344.8334261511272,703.3348979310739
2318,Nap1l1,120,1345.4930032579546,702.3769207627947
2319,Ncl,121,1344.9206817782333,785.4233110327127
2320,negative_control,1000,1353.2020074137763,721.1994076712192
2321,Prmt1,153,1353.349227829775,720.2471259147267
2322,Rrp1,198,1354.21298467837,669.97391340821
2323,Ncl,121,1358.7131984458688,749.7978701650154
2324,Stip1,221,1360.1263958700974,790.4498236653815
2325,Psmd7,165,1361.858669904982,740.6596163535194
2326,Stip1,221,1365.9500125482948,791.587758998125
2327,negative_control,1464,1364.141610424478,634.0521627990952
2328,Snx5,212,1366.593923472332,632.909625994218
2329,Psmd7,165,1368.4155464513003,723.1083874596571
2330,Ncl,121,1368.7088956348473,792.3727932222323
2331,Rrp1,198,1372.77697713099,781.5554294450735
2332,Ncl,121,1375.5258254895562,696.1081373832053
2333,negative_control,1827,1379.929373942924,648.8498320293837
2334,negative_control,589,1380.374628132949,659.3376921070393
2335,Ncl,121,1381.7342525505228,681.6272575346815
2336,Snx5,212,1383.1299735054924,668.3115152820542
2337,negative_control,1707,1390.0579736493637,726.0379689243217
2338,Ncl,121,1395.470558183301,753.958125355415
2339,Rrp1,198,1396.2885754006857,734.2745494987636
2340,Ncl,121,1395.7797471134363,699.6868322158767
2341,Ncl,121,1399.5832997245,722.2432762066142
2342,negative_control,1584,1402.0489747564536,656.5779763710245
2343,Rcc2,183,1401.2523573661572,658.3356542675156
2344,Psmd7,165,1403.288784395661,754.9039036232653
2345,Snx5,212,1403.645198986272,718.4577714046486
2346,Snrnp70,210,1413.262264232065,797.4321728410466
2347,negative_control,520,1414.1623792539117,797.9303154715229
2348,Ncl,121,1416.3824973808282,816.7055848081279
2349,Ncl,121,1425.9849008946558,684.4599826635772
2350,Rrp1,198,1426.6165829659128,772.6588009141026
2351,Mta1,113,1432.8021098172171,792.2042791671875
2352,Snx5,212,1436.0366262788195,798.0060157837529
2353,Oxct1,134,1436.4448776588658,650.0167492133451
2354,Stip1,221,1440.6785979397455,687.9304142898432
2355,Ncl,121,1441.8393660529814,833.9923793423259
2356,Oxct1,134,1445.3954358334931,690.1769220732635
2357,Trap1,240,1452.5220456085124,670.3217092802217
2358,Ncl,121,1452.818475512197,744.688131765442
2359,Ncl,121,1454.6072154610972,770.7337103856387
2360,Snx5,212,1460.092207616208,673.7309495625435
2361,Psmd7,165,1463.8552742767758,701.9847765605937
2362,Snx5,212,1463.861975352704,745.054884048775
2363,Rpl15,186,1475.7561167084857,805.7702182685437
2364,Psmd7,165,1475.6724459684388,806.9807905748057
2365,Trap1,240,1478.554429034099,752.1115428337205
2366,Psmd7,165,1482.765439462412,714.726270930934
2367,Oxct1,134,1490.038557583165,812.8656577967565
2368,negative_control,1150,1500.7191037326463,795.4445006647868
2369,Oxct1,134,1509.73971343295,831.6891162700203
2370,Stip1,221,1513.1379880106042,795.9753011874086
2371,Zfp36l2,270,1513.188973608376,864.319499966673
2372,Hspa8,62,1516.4443939728317,848.7147241884957
2373,Lrrc59,79,1517.3215956748943,847.3706161094182
2374,negative_control,1626,1516.416789519114,849.8625670819167
2375,Rrp1,198,1517.3329242652394,848.6777540581472
2376,Stip1,221,1518.6255096612426,864.0357260414668
2377,Ncl,121,1519.2407821721254,851.9035633533455
2378,Maged1,82,1518.323528932449,852.4757482105265
2379,Ncl,121,1518.9963923227492,875.5017180509951
2380,Psmd7,165,1520.7212390815391,858.344761350435
2381,negative_control,1166,1523.6642270735113,863.9942035974229
2382,Rpl15,186,1527.8245891073666,865.9548494511629
2383,Ncl,121,1534.28749199084,867.6746236405809
2384,Gsto1,54,1534.7644006036269,866.1807312425186
2385,Idh2,65,1313.4705918173167,625.8361360606664
2386,Eif3f,35,1321.0867030694917,665.34257223904
2387,Idh2,65,1326.3726097499068,628.2114844199093
2388,negative_control,1709,1327.772682643524,658.595693910093
2389,Lamp2,75,1329.3269673963782,685.4013769009796
2390,Maged1,82,1338.558469223859,689.0353077181411
2391,Eif3f,35,1339.0093230369962,687.5416646979768
2392,Rad21,176,1345.856965581147,625.0247235867952
2393,Ptbp1,167,1346.86218800035,633.2796819756202
2394,Ptbp1,167,1350.3397779492077,792.480407651441
2395,Rad21,176,1352.8673390585454,668.3889181480006
2396,Rad21,176,1354.088091383207,767.3631194600655
2397,Ckap4,14,1358.4049370842351,729.0775583331715
2398,Ptbp1,167,1361.6326891536946,666.8804688342461
2399,Eif3f,35,1365.269711557702,739.0104208467152
2400,Eif3f,35,1371.432270837937,758.033954001142
2401,Cct8,11,1371.8873125555783,633.7357619698519
2402,Rps6ka2,192,1376.7643479923338,779.9817684287333
2403,Ckap4,14,1376.975372560866,667.8910884266761
2404,Mrfap1,89,1392.2561947448985,655.7222257028119
2405,Mrps5,110,1393.2220494069034,765.962022384912
2406,Idh2,65,1394.596497688743,774.5649973827105
2407,Ssr2,217,1395.3142342368235,774.3300823672814
2408,Tomm40,235,1396.0548851108715,774.6681876833987
2409,negative_control,1861,1394.8790769395412,773.970387474126
2410,Eif3f,35,1396.266024438014,662.0870867552263
2411,negative_control,1925,1398.6372705061551,634.80384103317
2412,Mrps5,110,1400.8975065263726,754.9705347090877
2413,Rad21,176,1401.8107432987504,778.6826001557921
2414,Eif3f,35,1402.1887951643105,786.6558739308068
2415,Mrps5,110,1405.6618231899715,766.1857044938112
2416,Eif3f,35,1406.9929008110048,684.1695613313016
2417,negative_control,1925,1406.5400675503697,628.856095560328
2418,Mrps5,110,1408.55247379426,735.26077690413
2419,Ckap4,14,1416.4641446629817,676.3936032099413
2420,Cct8,11,1420.6909954170546,664.5830911524594
2421,Rad21,176,1425.3102956136136,666.9582926744602
2422,Ckap4,14,1426.8987505185028,683.9202270360461
2423,Eif3f,35,1427.0889799931572,627.2816682594691
2424,Cct8,11,1426.767291331921,793.4305670537999
2425,Csf1,21,1426.8189728292791,727.2223413556545
2426,negative_control,1056,1427.946980388579,807.0360435477971
2427,Eif3f,35,1429.3140846553586,693.1017525020409
2428,negative_control,1925,1431.3739179372076,634.630137788609
2429,Cct8,11,1438.2569140588157,662.3727176033944
2430,Eif3f,35,1438.98903887583,670.8299085959769
2431,Ptbp1,167,1440.4377104004852,805.9802161331587
2432,Eif3f,35,1443.4657887517558,843.6406439483659
2433,Eif3f,35,1443.7505679320443,665.3118049939542
2434,Ckap4,14,1446.6380875749842,813.0811396551118
2435,Idh2,65,1449.076383607768,703.5766373532501
2436,Ckap4,14,1453.4065019109776,767.9994326792042
2437,Mrps5,110,1464.8201342497653,769.105963501358
2438,negative_control,1353,1464.5886417716652,793.2555595418398
2439,Lamp2,75,1468.4087129716952,811.4917807603454
2440,Csf1,21,1470.6416042770406,807.0756416071292
2441,Rad21,176,1473.191131084595,796.2860837816754
2442,Rad21,176,1473.0565344269453,780.9727434346539
2443,Ptbp1,167,1474.937677438134,749.3555509264763
2444,Ptbp1,167,1476.0155721870665,729.0041366057142
2445,Eif3f,35,1476.0187045212751,697.6549375855376
2446,negative_control,1055,1479.5340539513088,774.6401877920314
2447,Idh2,65,1480.2819137248662,727.7454957902079
2448,Srm,216,1482.9752203479763,820.9502494545691
2449,Rad21,176,1491.1794230139833,738.031636339235
2450,Thy1,228,1491.7233559464166,737.6170281276713
2451,negative_control,687,1493.0155872904634,841.6482534696022
2452,Ergic1,41,1493.1637866919116,842.5342785487894
2453,Rps6ka2,192,1494.291276198196,821.0489513807654
2454,Ywhah,266,1494.7537364583131,853.1548000317824
2455,Pla2g4a,145,1494.5275709831642,851.0736502460046
2456,Rad21,176,1497.8006041982203,817.2481720023667
2457,negative_control,825,1501.542536010732,841.9764771422243
2458,Hspa9,63,1502.3549595128811,841.0317163809057
2459,Ptbp1,167,1502.8042484038704,815.710383649178
2460,Rad21,176,1504.143222303537,850.4251008465027
2461,Ptbp1,167,1505.6483012066117,809.3394411965324
2462,Rad21,176,1507.5109991758006,773.661816324763
2463,Ptbp1,167,1507.9947274949814,788.2839031727041
2464,Rad21,176,1514.1902104000785,815.5157419076769
2465,Rad21,176,1518.5844661069314,829.3589153081988
2466,negative_control,953,1522.4198602015194,807.500733095216
2467,Hspa9,63,1539.179595922791,884.3596888323306
2468,negative_control,961,1317.0651180387315,619.0280113779804
2469,negative_control,1361,1324.083892170142,628.7367969600565
2470,Gpi1,52,1324.1640312943262,631.9626542928856
2471,Gpi1,52,1328.3465905319977,656.4563151005154
2472,Polr2e,148,1329.435594488982,659.3665115277461
2473,Vim,261,1329.2963896438368,682.0408656376846
2474,negative_control,768,1338.722368963051,773.7303955205367
2475,negative_control,1556,1358.0590361402851,648.6933800481693
2476,Gpi1,52,1362.2526668259757,695.4465187368176
2477,Gpi1,52,1362.6908510565322,650.4114114902642
2478,negative_control,1060,1364.0416332440768,660.044678449737
2479,Mbd3,84,1374.0900736891358,761.4217564748229
2480,negative_control,918,1383.4066505709145,656.9500316745981
2481,Dpy19l1,27,1383.647820155159,705.5600417565036
2482,Gpi1,52,1403.650812537706,695.5476528753416
2483,Mbd3,84,1403.3713906464975,643.4895127685885
2484,Gpi1,52,1422.0409222307271,779.9398660537788
2485,Mbd3,84,1422.8990835662098,641.2014960741876
2486,Mbd3,84,1431.068014356898,791.373303627085
2487,Mbd3,84,1434.7777852940717,785.8849814512525
2488,negative_control,1673,1438.784037014001,682.9290932632483
2489,negative_control,485,1442.8014483717386,664.4920897460729
2490,negative_control,1275,1443.503618173248,672.9646166006756
2491,Gpi1,52,1448.6521075837722,677.6348811478988
2492,negative_control,1361,1450.2857355925075,673.4109722837497
2493,Sec13,204,1454.1967410702748,681.2266643196537
2494,Laptm4a,76,1462.400017238475,694.6199172533916
2495,Mbd3,84,1469.0400274657122,736.4561646846578
2496,Gpi1,52,1468.3249736166988,810.848950807752
2497,negative_control,507,1473.999379120667,701.5999792383558
2498,negative_control,292,1473.7857799117248,700.8936475833832
2499,Gpi1,52,1475.062788429484,767.1946964720908
2500,Gpi1,52,1477.633258562612,735.9363176949563
2501,Laptm4a,76,1477.2846388061594,709.3689237262131
2502,negative_control,767,1479.3797939998692,780.8894523129816
2503,Gpi1,52,1481.4162755038712,814.6227597498304
2504,Mbd3,84,1483.2786591353367,720.5089407474443
2505,Polr2e,148,1484.343739421544,733.5388013204578
2506,Pdia4,141,1485.6904477603855,732.9888670404986
2507,Ubxn1,253,1485.4700524606685,733.1538598896659
2508,negative_control,1983,1485.0676823728088,733.2932451203892
2509,Uba1,250,1484.0620794630483,734.6795293614698
2510,Gpi1,52,1487.3361030079163,771.318216927788
2511,Mbd3,84,1487.973202238275,837.9229512518901
2512,Mbd3,84,1491.624819056462,814.9209087944884
2513,negative_control,1223,1495.8922378735651,802.6444456236351
2514,negative_control,756,1495.9731762815245,845.078337725235
2515,negative_control,1307,1505.8703868064376,768.5092481378329
2516,Gpi1,52,1505.4813238081365,861.5986889062058
2517,Mbd3,84,1512.3824611154794,830.532139350041
2518,Hdgf,56,1515.2733877853746,835.4253878461909
2519,Ndufs8,123,1516.1502375530904,835.789353694307
2520,Gpi1,52,1520.0487039974591,870.3732882558653
2521,negative_control,1157,1525.2232382748753,851.1594733103385
2522,negative_control,1988,1527.6524848585211,844.1480747570258
2523,Ddx17,26,1527.127037911227,843.3239061256105
2524,Nudt9,132,1314.6470383277433,665.2868168042332
2525,negative_control,1756,1318.7421217924075,661.7245438344745
2526,Rcc2,183,1319.6195366666657,654.662537012078
2527,Cited2,13,1325.785889665647,627.0710216026047
2528,Vat1,259,1326.1735931460971,661.7777422140142
2529,Tcp1,227,1333.5515573478606,652.4884903325164
2530,Arf1,6,1339.8740662091225,736.7280587757715
2531,Rcc2,183,1339.0173154385195,736.3386960689689
2532,Rbbp7,181,1340.4274887547035,736.9202785137891
2533,Rcc2,183,1346.4653661799036,726.0624019035665
2534,Vat1,259,1351.6967463497913,750.0914465473362
2535,negative_control,1778,1353.0367097896806,671.0245668050252
2536,Ybx1,263,1363.3598861899982,800.4794561929778
2537,Idh3g,66,1366.2550403150262,667.6880186438764
2538,Tcp1,227,1364.8949942166903,667.8770950905384
2539,negative_control,1634,1381.0974247159115,634.4609658204085
2540,negative_control,1160,1383.9934044411852,643.6325604591294
2541,negative_control,1325,1390.5438288345017,644.469827515981
2542,Rcc2,183,1391.530582735656,789.7798803342047
2543,Vat1,259,1411.9787332889125,694.1809396778566
2544,Vat1,259,1413.1762684127907,700.1143270787077
2545,negative_control,720,1414.256110789683,791.7511276345153
2546,negative_control,1092,1423.9407596392998,793.4358756131969
2547,negative_control,2033,1428.325751229029,805.700015471006
2548,negative_control,2019,1428.6644198891431,804.5894465168528
2549,Rcc2,183,1431.3343842289123,756.8730082591676
2550,Rcc2,183,1447.9107587171434,703.5059827914031
2551,Vat1,259,1449.8264078473003,779.7264603358858
2552,negative_control,1757,1452.422036758724,790.0003115014347
2553,Eif4g2,38,1453.1972502627973,770.6256275390745
2554,Junb,71,1468.7520253459325,754.9872127062677
2555,Vat1,259,1478.8123563593138,830.594734847301
2556,Top2a,236,1480.1505771315788,721.7428832182908
2557,Vat1,259,1483.7507010461884,784.4688903376878
2558,negative_control,1690,1484.0079870656582,761.142522243624
2559,Vat1,259,1485.4806264336153,837.1849252933384
2560,Rcc2,183,1494.73130652833,849.3763684380965
2561,Tcp1,227,1509.4346987881977,867.5816837343837
2562,Ssrp1,219,1508.4122844712076,826.8960002285191
2563,negative_control,1634,1510.5125469210889,830.1622816527812
2564,Vat1,259,1512.0576495619275,821.0687661353188
2565,Efemp2,30,1332.1257530600335,743.6973619823974
2566,Ergic1,41,1336.7995654919314,751.9340417092781
2567,Ergic1,41,1339.9390929237352,698.3994730405088
2568,Ptgs1,169,1342.0292327879902,635.0330308191114
2569,Efemp2,30,1341.2192311818485,634.4658179648559
2570,negative_control,678,1342.9320615697388,753.8456023042605
2571,Ergic1,41,1343.6911555141428,677.7658976423944
2572,negative_control,696,1348.2146181471414,737.491044538543
2573,Ergic1,41,1348.7303901007144,693.4962440266933
2574,Ergic1,41,1351.294284715912,641.3833509639219
2575,negative_control,1884,1353.5845932533557,681.6952106918528
2576,Pgrmc1,143,1367.798418051562,779.1073302639442
2577,Ergic1,41,1373.0340484079195,774.5684837639042
2578,Pgrmc1,143,1374.716783197615,671.1982432927441
2579,Efemp2,30,1385.224770103933,763.4765556169696
2580,Ergic1,41,1393.751403107934,633.8116027358217
2581,Ergic1,41,1400.0716776752124,700.2188105654592
2582,Ergic1,41,1401.1495213827393,781.9649141618587
2583,Ergic1,41,1411.777741492293,724.8722161847993
2584,Pgrmc1,143,1413.0683406199605,687.8589870432921
2585,Ergic1,41,1421.958763192533,774.4694186334438
2586,Ergic1,41,1422.132990692962,640.6799210581621
2587,Ergic1,41,1423.960754080792,652.9713398871901
2588,Ergic1,41,1429.7760520192307,689.1153826956022
2589,Ergic1,41,1436.4550213921366,680.0860853962182
2590,Ergic1,41,1450.7436312646755,693.9242065940573
2591,negative_control,816,1452.9616874458893,733.8681177747703
2592,Oaf,133,1464.361181685554,759.028886903396
2593,Ptgs2,170,1489.0670018356846,737.5477013426422
2594,negative_control,1423,1494.8850206749084,775.6271160432763
2595,Efemp2,30,1493.436807776391,774.7156633959764
2596,Hspa8,62,1500.8839405645872,785.8538652122666
2597,Ergic1,41,1503.8369024700787,807.003429443256
2598,Hspa8,62,1313.1504973475037,657.1116259466487
2599,Hspa8,62,1316.4430569681742,665.031261166425
2600,negative_control,1386,1319.6812081223209,627.8155179218174
2601,Vim,261,1320.776684775464,646.0586298087103
2602,Hspa8,62,1323.0839997773598,627.7810113330374
2603,Hspa8,62,1328.8397257150264,647.2656365289865
2604,Hspa8,62,1329.6962298344536,681.9025550537829
2605,Hspa8,62,1331.0682721321875,736.3420737015682
2606,Hspa8,62,1334.6499699319395,651.7536837743476
2607,Mrfap1,89,1338.6778838306732,776.5264512226098
2608,negative_control,2022,1339.2301144404778,701.8293030707918
2609,Hspa8,62,1340.2886560330974,666.8672924969171
2610,Txn2,248,1342.9651854912756,740.2298253562458
2611,negative_control,1023,1344.7051408430802,682.6019407022875
2612,Mrfap1,89,1347.940685216905,718.9516661720738
2613,Hspa8,62,1348.7987667896264,774.3467037340868
2614,Mrfap1,89,1348.932808285388,771.4069391440092
2615,Mrfap1,89,1353.593951518215,775.7072964127283
2616,Hspa8,62,1358.2482168769343,800.4126301872902
2617,Hspa8,62,1360.1636212863757,642.5839515579497
2618,Oaf,133,1368.2124601774565,706.6053518092872
2619,Hspa8,62,1371.960553865895,668.7297070870745
2620,Hif1a,57,1374.469107083939,789.6404994438075
2621,Hspa8,62,1384.060935918564,670.101777908427
2622,Xdh,262,1385.0444639050108,669.6904193905148
2623,Vim,261,1383.0108449698932,651.0638188081955
2624,Sf3b2,205,1384.8469756314814,648.6649526943168
2625,Eif4g2,38,1383.80477566617,650.5801527076995
2626,Mrfap1,89,1384.4626212132753,644.5767683197879
2627,negative_control,1386,1386.1377091670188,665.6168233383827
2628,Ercc1,40,1387.2569365862398,756.163333185717
2629,negative_control,1318,1388.6212175304945,658.8891882358828
2630,Hspa8,62,1397.4233975002703,767.2036457572152
2631,Vim,261,1396.956071588912,675.8837582347724
2632,Oaf,133,1399.0938332631415,707.8359655067941
2633,Mrfap1,89,1404.6655309503465,681.2946459768854
2634,Oaf,133,1407.918456074931,653.390263892067
2635,Hspa8,62,1409.0403715146062,722.9726299625365
2636,Kars,72,1409.8461999349474,669.7591192270856
2637,Hspa8,62,1412.8721865044984,736.6015602316909
2638,Ddx17,26,1416.499336439116,799.2250624413945
2639,negative_control,1986,1416.5453095765783,799.6427683231838
2640,negative_control,652,1419.5477561164278,635.861683290223
2641,Lamp1,74,1418.954837775594,636.5983199503977
2642,Hdgf,56,1419.1700731714393,636.5731835430149
2643,negative_control,606,1420.5411542154245,726.0841302367216
2644,Nap1l1,120,1424.2683286672232,801.6508845335668
2645,Mrfap1,89,1425.7161656612836,741.920538901105
2646,negative_control,1257,1427.0300909842942,796.0701196077127
2647,Hspa8,62,1436.3483601900934,637.1320679566768
2648,negative_control,1799,1440.253929655926,689.3156945566989
2649,Oaf,133,1440.1465164420483,690.3700468925155
2650,Mrfap1,89,1444.2484205554665,655.7658314929879
2651,Txn2,248,1447.981340286377,662.5902723362591
2652,Oaf,133,1449.7201469537738,665.2962111607744
2653,negative_control,1022,1450.034717074689,776.4003747807616
2654,negative_control,1374,1457.8549806954356,682.4171535177837
2655,negative_control,1395,1468.082429554071,728.2586152417535
2656,negative_control,1563,1470.9784739206789,786.4485768624849
2657,Oaf,133,1474.3561310697376,804.8087999795464
2658,negative_control,788,1481.8225454056096,719.0373896436945
2659,Oaf,133,1481.4132866936602,755.6081033443259
2660,Hspa8,62,1482.1780042873163,772.324975300159
2661,Mrfap1,89,1492.4781094722046,739.798075801408
2662,Raly,177,1505.8910475962423,768.3049325029376
2663,Hspa8,62,1518.134242867338,865.8073480653263
2664,Mrpl37,99,1523.4272621693135,845.8987289602942
2665,Zfp36l2,270,1524.1574218948783,846.5499827862066
2666,Fkbp4,44,1522.6520713098969,848.8879070700457
2667,Raly,177,1525.2382998384928,867.3053478442498
2668,Hspa8,62,1527.8752204913912,856.510629409849
2669,Psma7,161,1528.6555407959636,846.4746873053772
2670,Txn2,248,1530.2296040824058,886.0931599346152
2671,Hspa8,62,1535.4996670329597,865.5443853940061
2672,Hspa8,62,1539.808279326811,884.893089418294
2673,Zyx,271,1313.325437820719,632.0969187860434
2674,negative_control,1527,1314.7600827025392,614.8027539821015
2675,Zyx,271,1327.5134814236692,636.3895803402916
2676,negative_control,1843,1332.61164988884,762.4836198540523
2677,Lmna,77,1338.094625357002,696.1433249152049
2678,negative_control,319,1341.1006826293003,634.3874065397207
2679,Lmna,77,1350.3474145433242,678.7468828754952
2680,Vim,261,1355.3703717571198,719.9640064019832
2681,negative_control,1820,1355.538052436908,655.695183894074
2682,Cs,20,1354.6248460193165,747.0528931483692
2683,Vim,261,1355.41628021988,745.9928145577068
2684,Gsto1,54,1357.765546631907,746.0956954273798
2685,negative_control,319,1361.2832003195304,650.3881425170599
2686,Idh3g,66,1362.195543062095,775.7569094199929
2687,Cebpd,12,1366.998190976025,695.4893865976723
2688,Zyx,271,1369.0076061447849,673.5759560039436
2689,Zyx,271,1386.2178046316849,644.3915128747157
2690,negative_control,1527,1403.005258500342,628.9231160349909
2691,Zyx,271,1410.1411210369258,718.1407937104074
2692,negative_control,440,1419.4130882267416,621.2285638131411
2693,Jun,70,1429.4700074440896,774.2040747695651
2694,Lmna,77,1431.1028463087548,748.2355567665516
2695,Zyx,271,1438.149553182006,810.12924116735
2696,Idh3g,66,1438.6681179803766,767.93249855086
2697,negative_control,440,1438.844969885212,784.8249994056757
2698,Mrps18b,106,1439.5227463254732,784.0260035334381
2699,Zyx,271,1440.136422435198,656.7782907880103
2700,Cebpd,12,1456.6139317243567,690.5889262000884
2701,Zyx,271,1457.7936794359823,787.6669488752868
2702,Lmna,77,1466.450879405244,688.6447599685497
2703,Psmc2,162,1479.7306280372195,717.6074218448679
2704,negative_control,1224,1487.6215090341043,828.4204055683734
2705,negative_control,447,1490.3771939620697,766.1121580352683
2706,Tnfrsf1a,233,1489.887316858965,766.5508478409722
2707,negative_control,319,1516.947380660772,834.2772535849103
2708,negative_control,445,1521.3026562977054,803.0224071520648
2709,Zyx,271,1522.677013169452,849.9449334971265
2710,Idh3g,66,1525.58294203044,839.2842659139338
2711,Hdgf,56,1314.9820086473626,649.1119327840571
2712,Ubxn1,253,1323.6914521588692,665.3107878707007
2713,Msn,112,1328.067318665342,676.299635400778
2714,negative_control,516,1328.6905521242193,648.9522333393417
2715,Nr2f2,129,1331.071170983415,667.1750837573079
2716,Ubxn1,253,1337.058990506432,731.1706023647671
2717,negative_control,1861,1336.4121541616912,660.9838621413221
2718,Hdgf,56,1337.5447005594212,736.0980480479277
2719,Nr2f2,129,1338.414251429564,674.2898241765978
2720,negative_control,1351,1341.7226132987375,777.4814006986824
2721,Ybx1,263,1341.5273588050402,776.2872414780234
2722,Hdgf,56,1340.3767315437062,778.0600790902777
2723,Ubxn1,253,1341.9549625816944,767.8113997004876
2724,Hdgf,56,1345.7177332421836,695.3199989987327
2725,Hdgf,56,1347.0260566735144,794.3637865989281
2726,Nr2f2,129,1351.5436867715778,669.6784732101227
2727,Tomm40,235,1355.3860712488297,735.6837674610282
2728,Trim28,241,1356.0198613140603,669.627687266143
2729,Ubxn1,253,1359.7155371336005,670.2824938180056
2730,negative_control,1309,1364.337917151488,659.9148331026596
2731,Hdgf,56,1363.7609802607612,728.7697295497545
2732,Tomm40,235,1365.86472734418,735.2826927519392
2733,Msn,112,1370.3154817997552,801.7993841689263
2734,Nr2f2,129,1380.788400759349,785.9698546804651
2735,negative_control,276,1405.5441141679207,754.9211402875519
2736,Nr2f2,129,1411.7790733770785,716.6577661791923
2737,Nr2f2,129,1414.780248300954,727.8186051683801
2738,Ubxn1,253,1416.1028085668413,809.8927827114276
2739,Prmt1,153,1418.9084610295288,767.4734147968711
2740,Nr2f2,129,1425.7525399629924,623.1285542375011
2741,Hdgf,56,1432.32824286801,685.1481833769996
2742,Hdgf,56,1437.9227411781908,831.8932879364039
2743,Nr2f2,129,1441.0944291405465,647.1758118911623
2744,negative_control,1314,1451.3328864958282,674.4258283508806
2745,negative_control,357,1456.5053172328317,707.929043508865
2746,negative_control,574,1455.7180017214205,707.6789690301856
2747,negative_control,1239,1460.8816051976655,686.2362583946915
2748,Nr2f2,129,1477.1924688419244,714.7103544660207
2749,negative_control,1008,1479.955170122266,808.6394710948654
2750,Msn,112,1480.5017331160764,746.8698579333911
2751,Nr2f2,129,1485.604515065057,768.6874576798832
2752,Ubxn1,253,1494.239993002136,746.749619013432
2753,Msn,112,1493.8479587399006,849.2109232134089
2754,Nr2f2,129,1495.2376429843569,778.6260221297354
2755,Hdgf,56,1498.275876501447,753.5080830450481
2756,Hdgf,56,1505.139943935453,852.4831456125557
2757,Hdgf,56,1506.268865596414,829.1656087772008
2758,Nr2f2,129,1507.6038718496393,867.924006754771
2759,Hdgf,56,1510.0222272512603,856.937622339218
2760,Ubxn1,253,1514.057825325457,840.9122443920282
2761,Hdgf,56,1526.5446356201328,856.972541231778
2762,Hdgf,56,1543.0127186514542,881.3220430557753
2763,Nr2f2,129,1556.4038741185404,893.9713794404673
2764,Ubxn1,253,1562.9678102632497,907.6441862007092
2765,Eif4g2,38,1330.967742649616,745.5589073599415
2766,Psap,160,1333.139051198577,696.1041213548624
2767,Ctbp1,24,1340.5713985130533,747.400860190667
2768,negative_control,363,1342.7368117483495,755.585853053368
2769,Eif4g2,38,1352.966100158697,724.350325483193
2770,Eif4g2,38,1366.162803490255,791.5882772663562
2771,Psap,160,1368.216095854693,707.7205709448956
2772,negative_control,1506,1368.7689030260071,673.605360449429
2773,Psap,160,1391.986144645182,654.3683468987228
2774,Psap,160,1395.8883222943143,674.9177628820842
2775,Psap,160,1404.5976470165228,751.0529956638184
2776,negative_control,362,1414.6077606255506,670.8390002605865
2777,Eif4g2,38,1418.231179712541,773.4398859388357
2778,Psap,160,1426.4466621684865,692.7187901946397
2779,negative_control,976,1427.977194471571,643.3080700887471
2780,Psap,160,1429.3029899980038,765.1149807194702
2781,Psap,160,1433.8074287510708,687.8606140499126
2782,Psap,160,1442.9712979511069,766.7018792826827
2783,Psap,160,1444.678863356942,674.6686902964163
2784,Psap,160,1457.2089811299509,762.3319295292533
2785,Psap,160,1461.8675786670317,787.605004735958
2786,negative_control,1251,1473.9690971694768,826.425371658667
2787,negative_control,1251,1489.022685375081,788.8612632807763
2788,negative_control,1266,1489.1645506108096,765.0364405861966
2789,negative_control,472,1501.1711042766462,783.2860938843987
2790,Psap,160,1503.1157034394523,854.8096920129636
2791,Zfp36l2,270,1513.3878967720273,869.741696524747
2792,Eif4g2,38,1516.343975086378,791.3464521893931
2793,Eif4g2,38,1519.6920725087116,870.0354644890699
2794,Eif4g2,38,1533.4948608253544,865.3629698223936
2795,Rpl18a,187,1325.844414288047,653.7746551932272
2796,negative_control,1853,1329.004591749057,625.8674612810603
2797,Ywhah,266,1332.4174608536907,723.5580236878008
2798,Rpl18a,187,1335.2287926455297,625.5089380991454
2799,Rps15a,191,1335.2801115081509,729.797898062439
2800,Rpl18a,187,1336.7460361500785,656.915184662399
2801,negative_control,1970,1341.5073038977362,778.5902301163862
2802,Rps15a,191,1340.1197369143465,779.3501003221885
2803,Rpl15,186,1342.6769975730358,736.4335932415272
2804,Ywhah,266,1342.635659347058,736.3869046690993
2805,Vim,261,1345.1328295921317,680.6299964185778
2806,Rps15a,191,1344.61716028491,680.5054544011025
2807,Fkbp9,46,1344.6492063667508,702.2185654330191
2808,Rps15a,191,1344.678990859666,702.7538414729734
2809,Rpl18a,187,1345.519564238367,788.4354936127354
2810,Timp2,229,1348.7163696838545,703.280082169267
2811,negative_control,1604,1348.0779262952913,740.4975852303128
2812,Rpl18a,187,1348.4326742242756,759.8258604970292
2813,Rpl18a,187,1352.9199325180507,799.3980284291299
2814,Sdc4,202,1357.090824725416,740.2553888617098
2815,Rpl18a,187,1358.445952873223,753.6418379805532
2816,Ssrp1,219,1360.302919968716,653.6271739321725
2817,Ywhah,266,1366.6119031909182,645.8503358663498
2818,Rpl18a,187,1368.9269781250773,763.1528497292518
2819,Rpl18a,187,1373.3281199646449,636.9005521547658
2820,Rpl18a,187,1376.4460614858997,723.3435817621971
2821,Rpl18a,187,1379.106633477134,706.8109519252814
2822,Rpl18a,187,1383.7990844761075,733.9282518367697
2823,negative_control,920,1385.741893763063,683.3364892972979
2824,Rpl18a,187,1391.109062201829,756.1411791896613
2825,Rpl18a,187,1396.233153355165,710.201126123552
2826,Rpl18a,187,1397.3893470137168,790.2734981836747
2827,Rpl18a,187,1399.387884043867,718.9551240814685
2828,Rpl18a,187,1404.443653864049,625.941220631674
2829,Ywhah,266,1407.7236157485395,693.2783678654997
2830,Cct5,10,1415.9356060574005,783.4872555322299
2831,Rpl18a,187,1419.2756293593611,645.5574546618402
2832,Rps15a,191,1419.6088590205586,728.7095941441235
2833,Rpl18a,187,1421.684127489515,684.5591796508527
2834,Rpl18a,187,1421.623714271859,710.3339800703204
2835,Thy1,228,1424.2088420454152,738.5281724677671
2836,Rpl18a,187,1424.8087461514467,644.0911057871905
2837,Rpl18a,187,1429.773627281439,653.5717694106368
2838,Rpl18a,187,1429.7477028770695,664.1089409971928
2839,Rps15a,191,1429.9237048437408,770.0703529432569
2840,Rpl18a,187,1431.06879175665,786.8133630518095
2841,Rps15a,191,1435.4746499097243,765.8995754890532
2842,Rpl18a,187,1439.5134192417954,746.9815784809889
2843,Rpl18a,187,1441.0544715644712,759.4474016409272
2844,Rpl18a,187,1443.4363670750586,804.1618101631292
2845,Sdc4,202,1442.8505705352943,656.4866574804778
2846,Rpl18a,187,1444.1073019684495,703.6374917676967
2847,negative_control,1375,1445.4646524762054,673.0932888865592
2848,Rpl18a,187,1445.5498732170122,685.6260511055347
2849,Sdc4,202,1447.000224075911,664.668446777943
2850,Rpl18a,187,1455.086243971621,687.6031051148312
2851,Rpl18a,187,1461.8575744082225,738.6816390774628
2852,Rps15a,191,1467.1892776308114,779.0599334346252
2853,Ssrp1,219,1470.8025085814916,725.1989965047346
2854,Rpl18a,187,1474.907861640946,759.9037141822716
2855,Rpl18a,187,1475.697776584091,812.2756722934379
2856,Rpl18a,187,1479.8882262591037,785.4943001902712
2857,Ywhah,266,1480.593247038502,765.6095884211543
2858,negative_control,891,1483.036007460511,732.2636434515025
2859,negative_control,1075,1490.8388803272128,806.9819964660405
2860,Rps15a,191,1491.7446689826804,747.7014112774376
2861,negative_control,1077,1494.2284765319694,794.6147181460456
2862,Rpl18a,187,1494.3758837763985,816.7008764103191
2863,Rps15a,191,1497.8222701810923,826.8703798104492
2864,Rpl18a,187,1499.565121164046,846.4913860778145
2865,Prpsap1,156,1501.5811257628266,791.9115540372608
2866,Tmbim6,230,1502.0608273805717,858.5909651628816
2867,Mrps31,109,1507.4020421405294,853.142708657652
2868,negative_control,1083,1523.167119846444,810.4025915780455
2869,Rpl18a,187,1524.3258585781532,843.2079516447259
2870,Rpl18a,187,1530.497771526063,834.7294216550364
2871,Prpsap1,156,1537.1240006041546,886.1159863122441
2872,negative_control,978,1318.5428763516084,647.4335165972957
2873,Srebf2,215,1329.33919468837,640.5293977343988
2874,negative_control,1877,1348.9056518444718,778.3944952273685
2875,Ndufs8,123,1356.8938462641786,762.5173921056186
2876,Paics,137,1362.366477047931,783.0474100847559
2877,Ndufs8,123,1368.726412012922,671.0619175925802
2878,negative_control,487,1369.6148334744416,782.2075188879941
2879,Arf1,6,1373.933899307827,671.0060550690096
2880,Srebf2,215,1375.1929490488824,741.6812143872297
2881,Arf1,6,1375.4648794247626,787.2039917852342
2882,Arf1,6,1378.7615262075533,674.2016838998834
2883,Vim,261,1390.39466907242,730.8993860953881
2884,Paics,137,1392.2536704417223,792.3624479772025
2885,Arf1,6,1395.204860144017,647.7701279412641
2886,Arf1,6,1395.8590914808103,652.413017040975
2887,Ndufs8,123,1405.2894871512476,660.8892670897065
2888,Arf1,6,1410.5199114728937,772.5942576941756
2889,negative_control,1116,1428.977782349284,804.4914614258572
2890,Paics,137,1445.1024824829956,813.572649100157
2891,Ndufs8,123,1462.0484694903112,752.7115664831772
2892,Vim,261,1467.3365531478748,755.2840275322526
2893,negative_control,1421,1467.8828921441864,755.3151839325675
2894,negative_control,1412,1472.56102038358,729.3347896819952
2895,negative_control,1412,1478.1037185666823,789.585332645883
2896,negative_control,1417,1485.6515803899904,769.151393658989
2897,Ndufs8,123,1489.9140283340432,793.9633127440654
2898,negative_control,1268,1494.2521278473505,847.0743780016376
2899,negative_control,1416,1500.7399339089816,857.066689847351
2900,negative_control,367,1503.2876442640438,813.5145562133691
2901,negative_control,1877,1514.0424398456073,822.0749798622231
2902,negative_control,377,1516.9557156275696,854.2610521484763
2903,Arf1,6,1520.9180507031397,815.1455137925155
2904,negative_control,1417,1526.536896076139,845.7353889593895
2905,negative_control,285,1342.5123842699822,737.9459309005487
2906,negative_control,899,1384.5484076019236,682.5091084665651
2907,negative_control,1674,1495.3330188961086,778.1003193420424
2908,negative_control,498,1345.1453973037023,758.3311114904475
2909,Timp2,229,1360.2020552656627,751.5241046287641
2910,Nfe2l1,127,1374.574788422672,660.2056933618637
2911,Trp53,242,1395.1220690146458,729.42604864308
2912,negative_control,506,1441.3194557805234,765.5723383583518
2913,Timp2,229,1447.5577358384176,669.6441967926307
2914,Timp2,229,1474.716867124225,835.954173422721
2915,negative_control,508,1508.3861137339395,795.7890029542637
2916,negative_control,1130,1527.469078043156,870.021876698418
2917,St13,220,1313.3093523900095,644.2856233027892
2918,Sfpq,206,1322.3236188364667,646.7858888626201
2919,Ssrp1,219,1325.2856860595316,735.1957534567458
2920,Sfpq,206,1325.0243321583832,654.8213973700349
2921,Ssrp1,219,1333.7137445205235,730.414042540709
2922,negative_control,1689,1337.305190857993,774.8586892532303
2923,Mrpl41,102,1347.5926948220986,675.6695642337774
2924,G3bp1,49,1348.222671898338,796.1227924402858
2925,Hif1a,57,1348.1186286919126,795.7669176596037
2926,St13,220,1350.1437640641077,769.1238680508363
2927,Csnk1a1,22,1365.3178069668752,668.9581932852029
2928,Ssrp1,219,1368.8787022037643,736.1031595564824
2929,Sfpq,206,1370.6884192506936,797.2252884312325
2930,negative_control,772,1372.1525610799536,660.3186013918007
2931,St13,220,1372.878689571099,781.9266271989857
2932,negative_control,1690,1386.009638837873,658.2317589300911
2933,St13,220,1388.6427919851817,659.5029874500947
2934,Csnk1a1,22,1388.5880814808193,706.6366472440084
2935,Mrpl41,102,1392.27759629393,778.73110029626
2936,negative_control,1690,1399.8634075025384,638.1110120324623
2937,Csnk1a1,22,1406.5242982246027,708.6772722663432
2938,Sfpq,206,1407.521581678086,774.7573087759166
2939,Csnk1a1,22,1423.974649469997,722.1936003943053
2940,Sfpq,206,1427.5587721542647,716.1723107364187
2941,Spon2,213,1427.7092257265872,730.4251220744111
2942,Sfpq,206,1432.797580954543,709.6909762429938
2943,Hif1a,57,1442.2995937627684,695.9442660387699
2944,Csnk1a1,22,1451.7746233293335,799.3008092367842
2945,Sfpq,206,1453.0099860211603,735.9275136064
2946,Ssrp1,219,1466.4340030110102,721.3213805341691
2947,Mrpl44,104,1469.221737121479,789.6078071511114
2948,Ssrp1,219,1476.3777180316697,781.1446658620397
2949,St13,220,1484.8748415975278,720.7956475759516
2950,Ssrp1,219,1489.390596544548,737.6610142222986
2951,Ssrp1,219,1488.946778856077,784.80947849634
2952,negative_control,1543,1494.7046748924129,808.174977200752
2953,Ssrp1,219,1506.9661102567386,816.6880765086435
2954,Sfpq,206,1515.6358839400762,848.1888361636095
2955,St13,220,1524.882751184286,875.9613366302644
2956,negative_control,1067,1527.1584920194637,839.2453797879032
2957,Cs,20,1324.0088534880765,656.0036631322554
2958,Snrnp70,210,1340.8697054135246,648.3318120751728
2959,Lamp1,74,1364.220139493109,773.734166734708
2960,Lamp1,74,1367.3674635293098,723.5580350488442
2961,Ddx17,26,1387.4657222917058,790.0999819057969
2962,Ddx17,26,1394.6228626513307,745.3168787220993
2963,Vdac1,260,1401.4104061398382,706.8653075085315
2964,Lamp1,74,1408.4905806387503,749.5930922313806
2965,Vim,261,1412.733351093316,736.7514691562453
2966,Cct5,10,1417.3668384052032,708.4477314445643
2967,Mrps9,111,1424.3866004492577,713.5351324996724
2968,Ran,178,1439.7124412083756,792.238784060582
2969,Pdia4,141,1459.2266941005742,714.2852401013532
2970,Lamp1,74,1492.1238800076242,762.6582728103851
2971,negative_control,1297,1502.3837030189238,857.5624740179326
2972,Ywhaq,267,1506.9802291223111,862.4605631442513
2973,Cs,20,1518.5545351010005,816.7882840611737
2974,Lamp1,74,1527.5721238917254,820.821702490748
2975,negative_control,568,1526.6655724577035,820.266671679154
2976,Ran,178,1542.4075790292304,892.3913858495422
2977,Prmt1,153,1326.5215658687353,637.9179249547317
2978,Cct5,10,1327.1257805331866,646.2264596643969
2979,negative_control,785,1328.1175913134284,722.7866375500174
2980,Ppp2r1a,151,1330.35396262954,731.2940680862467
2981,Cct5,10,1342.253745210578,674.6555892776419
2982,Ppp2r1a,151,1342.3179468307264,663.5373420416023
2983,Rnf11,185,1344.8647523984507,671.4805685658557
2984,Ppp2r1a,151,1349.9675483140586,748.1391879417922
2985,negative_control,783,1351.0287240380478,745.7546072150953
2986,Cct5,10,1352.8420300883502,640.5676579089208
2987,Lrrc59,79,1356.5781580058178,744.647813198789
2988,negative_control,614,1356.69086670992,743.6784957500713
2989,Zfp36l2,270,1359.2065615553038,781.5739273796568
2990,Cct5,10,1365.1254992728382,653.0746035266648
2991,Cct5,10,1368.179574553078,656.9974504803635
2992,Ppp2r1a,151,1371.6119349820688,660.5802457886873
2993,Rnf11,185,1378.6689006842155,752.1810166214914
2994,Prmt1,153,1381.958824733687,786.3807642027407
2995,Ppp2r1a,151,1385.1811784459671,655.9152820134578
2996,Prmt1,153,1390.7957695322125,693.2707165844676
2997,Rnf11,185,1397.8695262078425,760.5640159907409
2998,Rnf11,185,1403.6835321855654,697.7498596538785
2999,Rnf11,185,1409.0105135221324,663.7336084705328
3000,Ppp2r1a,151,1411.1378259898256,633.8885488327278
3001,Zfp36l2,270,1412.4945135735052,761.7214248796827
3002,Zfp36l2,270,1416.0644982296649,798.335386375886
3003,Rnf11,185,1421.7798054942598,702.6591107154433
3004,Cct5,10,1427.8427486299202,647.3359736642068
3005,Ppp2r1a,151,1429.513151299751,668.9043848618371
3006,Cct5,10,1434.6115423249032,681.504153547547
3007,negative_control,1380,1434.7630704628425,788.938492531221
3008,Cct5,10,1435.259841517125,769.7297837355106
3009,Cct5,10,1434.6430848611817,693.1488339864911
3010,Zfp36l2,270,1446.7766132795962,719.54855566653
3011,Rnf11,185,1454.067189079206,677.5804910672255
3012,Zfp36l2,270,1459.538382945507,764.0374872099969
3013,Zfp36l2,270,1462.8720795781412,785.1274846973952
3014,Cct5,10,1464.758295679898,800.6638641200675
3015,negative_control,615,1466.6153666258929,827.1312271834377
3016,Ppp2r1a,151,1470.4171060732428,792.3877777691754
3017,negative_control,790,1472.5777912553813,708.9088044422639
3018,Ppp2r1a,151,1481.738477337581,758.7997301002699
3019,Ppp2r1a,151,1482.341592991164,743.723924632109
3020,Rnf11,185,1494.9062806275729,776.7236735795414
3021,negative_control,614,1510.6512883013852,842.6560535476929
3022,Prmt1,153,1512.341945694061,797.5238824375899
3023,negative_control,783,1517.678741414906,825.1616600507125
3024,Cct5,10,1526.4376385951796,821.3876278295475
3025,Ppp2r1a,151,1560.7246384642772,901.505968763322
3026,Mdh2,85,1316.29272733596,616.9326448313504
3027,negative_control,887,1333.8830337257991,734.930124330506
3028,Nucb1,131,1366.6615485985508,646.8490482365088
3029,Loxl1,78,1368.227372586376,781.3447684437499
3030,negative_control,1620,1368.8801912152771,639.0783881555318
3031,Tmbim6,230,1372.4642988653384,783.5200286724831
3032,negative_control,711,1373.4181039325183,793.6704871625334
3033,Mrpl28,97,1372.1666562277696,794.1273524821927
3034,Snrnp70,210,1371.164826621045,793.3490753946427
3035,Mdh2,85,1379.8797160326408,671.461797626503
3036,Pcdhgc3,138,1381.350893759412,736.200248342042
3037,Nucb1,131,1397.9146066780072,732.1505794792574
3038,Mdh2,85,1403.4278482570066,729.5392104004886
3039,Skp1a,207,1404.6506835444304,744.4845367714026
3040,Tmbim6,230,1427.8882658058546,744.0783148734293
3041,Pcdhgc3,138,1436.808547443428,784.6035453003781
3042,Pcdhgc3,138,1458.957037331506,766.4966692412358
3043,Pcdhgc3,138,1458.1636184582724,738.2266638003366
3044,Pcdhgc3,138,1468.2498459892718,778.2031314323804
3045,Sae1,199,1478.6955506375082,808.5944434152659
3046,Ube2d3,251,1502.8924381725822,791.9110851685955
3047,negative_control,383,1507.773736571795,817.8557378905831
3048,Mdh2,85,1520.0218607409015,871.5825112781621
3049,Sae1,199,1540.1902949164428,888.9929705720677
3050,Myh9,118,1316.707454924869,660.4344675333875
3051,Myh9,118,1333.0403085908456,657.6988055347813
3052,Lrrc59,79,1347.3995725948175,772.3372386550448
3053,Myh9,118,1348.3704051371924,790.3305332863849
3054,Mrps18b,106,1352.5094607821666,763.6225858795611
3055,Lrrc59,79,1359.7236878584972,718.7556520059026
3056,Myh9,118,1360.4236563828974,692.1230850989714
3057,Ptgs1,169,1369.2219294875986,745.8711872184215
3058,Myh9,118,1370.127716534961,670.9291411950801
3059,Ptgs1,169,1370.8666369230048,706.2173301066714
3060,Fkbp9,46,1371.1557563467595,630.1017485132426
3061,Mrps18b,106,1372.4159008473462,792.2691171392856
3062,Ssr2,217,1378.3294643335844,749.3810797617557
3063,Lrrc59,79,1379.0981048333738,724.4613500364566
3064,Ptgs1,169,1386.0302304345214,696.3572584567878
3065,Thy1,228,1389.7116956722898,675.5146481071474
3066,Lrrc59,79,1393.201853083815,690.377854419192
3067,Thy1,228,1393.0122089186848,637.8136131405972
3068,Myh9,118,1403.0076650032229,756.6564896053918
3069,Fkbp9,46,1404.8968617298335,638.1466382609309
3070,Thy1,228,1406.664138987487,700.1772156242314
3071,Thy1,228,1406.3138866248332,740.0941066239031
3072,Ptgs1,169,1407.4923483102973,707.0049202974507
3073,Lrrc59,79,1409.1150388570495,789.7030264522493
3074,Lrrc59,79,1415.5419881914927,661.7553396424929
3075,Ptgs1,169,1418.2091423967397,761.8832977999664
3076,Myh9,118,1421.493301818508,719.6033686023712
3077,Lrrc59,79,1427.1723655284882,663.7895453215164
3078,Fkbp9,46,1439.6998353374788,738.8706674066799
3079,Mrps18b,106,1440.1163256418831,669.1051584223883
3080,Lrrc59,79,1443.5165252950069,756.0439995686365
3081,Thy1,228,1448.1545132358433,685.0726946718914
3082,Lrrc59,79,1454.3109971037238,679.0729898135526
3083,Lrrc59,79,1465.7247239865362,761.1615969561553
3084,Myh9,118,1473.5193481357796,710.9908442208022
3085,Thy1,228,1479.3381301174356,711.1823492656825
3086,Myh9,118,1481.892296361134,837.9290961146701
3087,Thy1,228,1484.32407154479,762.0634054065418
3088,Lrrc59,79,1490.3535373188197,841.1096857421285
3089,Myh9,118,1491.5725165849788,851.8192268452771
3090,Thy1,228,1495.8025103277987,827.3698387220381
3091,Lrrc59,79,1502.048410245014,817.5157717442804
3092,negative_control,323,1517.2978242074964,796.419984481888
3093,Gsto1,54,1340.5556867357363,785.2912309557745
3094,Vim,261,1342.1164573899284,792.0021252055614
3095,G3bp1,49,1345.3231873216223,683.2399532770226
3096,Gsto1,54,1345.8249609720265,758.7684079834077
3097,Uqcrc1,256,1356.4081661286698,784.898078338917
3098,negative_control,1644,1366.7666784026912,644.516127475159
3099,negative_control,1644,1369.5579844479942,674.9806306198911
3100,Gsto1,54,1373.252740144478,696.486948277014
3101,Gsto1,54,1373.075204071611,659.5697555084425
3102,Uqcrc1,256,1375.087018934859,664.0816466028233
3103,Gsto1,54,1377.2343194832845,671.4851244389454
3104,Polr2m,149,1378.686976786463,791.1173512723195
3105,Gsto1,54,1390.0964827520777,706.8559973080925
3106,Polr2m,149,1394.0754711924235,647.8297591908752
3107,H1f0,55,1394.5400133120795,664.0539728892819
3108,Gsto1,54,1397.1337186944495,691.8117211668268
3109,Polr2m,149,1459.8443350948778,699.6185179603863
3110,G3bp1,49,1464.026001886535,701.2594123781766
3111,negative_control,411,1471.1142361845498,823.416157786098
3112,G3bp1,49,1484.8282051126646,727.9842034718629
3113,Nap1l1,120,1494.9979422087167,795.2656444091831
3114,negative_control,1487,1505.401235688436,765.8274016954149
3115,negative_control,1169,1513.9858533396457,856.271668984929
3116,negative_control,1865,1314.6268083365164,616.5118781548158
3117,Hnrnpul1,60,1342.3851460424537,724.1889144471692
3118,negative_control,1718,1348.6221280158552,636.0731530975736
3119,Hnrnpul1,60,1355.4070568931313,773.1915904128737
3120,Mrpl37,99,1411.188419450349,640.3475692912904
3121,Mrpl37,99,1416.506915405045,662.3040597744996
3122,Hnrnpul1,60,1461.6549377630945,814.7949276507603
3123,negative_control,964,1496.368289087507,851.2039800883101
3124,Mrpl37,99,1498.9022323573113,824.2734738925974
3125,negative_control,655,1519.0658444703058,801.9034621992814
3126,Hnrnpul1,60,1528.740805279359,856.9373860788317
3127,Sf3b2,205,1315.23062630143,650.4759442534853
3128,Psmd4,164,1338.9229296969186,636.684346096637
3129,Mrpl17,95,1354.180153384832,760.8648295905091
3130,Sf3b2,205,1355.8089905606564,799.8545789622652
3131,negative_control,1184,1358.3428982875564,644.8035784173244
3132,negative_control,1182,1359.363206429052,767.1130578954771
3133,Sf3b2,205,1359.4010823887966,775.4598367507928
3134,Sf3b2,205,1384.7201218287971,641.4044253288669
3135,Psmd4,164,1392.0811130760112,644.0611343226707
3136,Mrpl17,95,1412.0746432055396,622.2922680845311
3137,Psmd4,164,1435.6731822905344,702.3176148411449
3138,Sf3b2,205,1453.9958755106372,788.7046980919548
3139,Sf3b2,205,1461.67803872247,691.0311642000089
3140,Psmd4,164,1472.5485664557946,697.9649813649447
3141,Sf3b2,205,1518.135892361831,842.7149629040209
3142,negative_control,425,1330.305889495576,647.3683216112843
3143,negative_control,429,1511.8720032152996,866.0489663913668
3144,Xdh,262,1334.2396799682083,625.923984055316
3145,Xdh,262,1344.4589366208943,661.3555119087316
3146,Mrpl28,97,1357.4350024981302,801.3740581254506
3147,Xdh,262,1361.4014674018235,692.2564919418451
3148,Xdh,262,1375.57365686966,646.5789956658341
3149,Mrpl28,97,1381.6150781727465,657.4532264916959
3150,Mrpl28,97,1382.522771011107,637.26657753471
3151,Xdh,262,1392.911669006854,678.6543075424713
3152,Xdh,262,1398.596484362527,644.5977552577286
3153,Xdh,262,1458.104948443484,816.1154803039714
3154,Xdh,262,1464.063856009731,814.5561919115735
3155,negative_control,1337,1477.3512474608142,741.1345277795377
3156,Vim,261,1313.6902800038292,645.1817676897791
3157,Vim,261,1313.6602783944502,627.9586040445902
3158,Vim,261,1317.9276609971223,618.6865295131145
3159,Vim,261,1322.8723057608518,655.3135904793826
3160,Vim,261,1325.5294097619403,636.6163759298822
3161,Vim,261,1326.1682703867327,632.6256656270102
3162,Vim,261,1327.8504005929851,687.257219245631
3163,Vim,261,1330.4970069929848,658.1376964478441
3164,Vim,261,1332.7768383102944,737.2511484321373
3165,Vim,261,1333.695965400127,729.1098683241848
3166,Vim,261,1347.5776537566455,727.2119703609683
3167,Vim,261,1347.1783607548143,735.5851767542442
3168,Vim,261,1347.3870630327035,731.3053571447435
3169,Vim,261,1347.4603952701805,723.4743879882378
3170,Vim,261,1349.0346569475794,682.4400896188083
3171,Vim,261,1351.5062092413214,679.7636492002608
3172,Vim,261,1351.0612678337595,798.7329378447414
3173,Vim,261,1354.5196225199995,733.493434902538
3174,Vim,261,1355.7689287405285,788.047989737365
3175,Vim,261,1358.6965670482389,748.7802030060427
3176,Vim,261,1359.6326811652564,662.4918810643769
3177,Vim,261,1367.872146197237,789.6302701396434
3178,Vim,261,1368.4532907014209,692.9962826151417
3179,Vim,261,1368.9588673332362,738.2788006891029
3180,Vim,261,1371.052515279762,727.3665401879177
3181,Vim,261,1374.765545498958,708.3607553179419
3182,Vim,261,1377.7109368001545,658.6660721035284
3183,Vim,261,1377.0989265519404,717.3807251469805
3184,Vim,261,1378.0945839884384,699.0552078622845
3185,Vim,261,1379.060630409464,798.1471210697466
3186,Vim,261,1378.6295433816654,681.0886443405362
3187,Vim,261,1379.9712845252636,791.8453671191033
3188,Vim,261,1383.5505115770616,674.8599676471758
3189,Vim,261,1386.8302096106408,652.6474622722217
3190,Vim,261,1386.25177671707,796.6649984695046
3191,Vim,261,1388.0654753553893,793.3050187857491
3192,Vim,261,1388.4181933099644,755.7693165443762
3193,Vim,261,1389.0781021580042,791.0395034742799
3194,Vim,261,1398.6267720446326,668.6059038954572
3195,Vim,261,1399.753728948571,659.4777137387125
3196,Vim,261,1400.3549049144226,768.5505937781993
3197,Vim,261,1400.5736520594137,714.4325179135174
3198,Vim,261,1406.9094877023292,658.3719190578595
3199,Vim,261,1408.8624904457124,740.3266141084005
3200,Vim,261,1411.0697588317375,769.5031553111387
3201,Vim,261,1413.6025378877378,646.4127009888933
3202,Vim,261,1415.57982542713,772.7015444482022
3203,Slc25a1,208,1419.9809577288306,776.5307502287299
3204,Vim,261,1420.3125164441635,757.1708209502165
3205,Vim,261,1423.1579701118496,726.2106521589217
3206,Vim,261,1424.2368273783693,618.4669780681079
3207,Tnfrsf1a,233,1428.3170121917249,742.0940201196913
3208,Vim,261,1429.6904139797289,765.4176424683253
3209,Vim,261,1430.2251550939195,788.2396887209259
3210,Vim,261,1431.7068245695436,749.6295496181147
3211,Vim,261,1435.2934658468582,827.1071003483587
3212,Tnfrsf1a,233,1439.7348670284348,689.445445298207
3213,Vim,261,1440.0461171881043,692.0514724561767
3214,Vim,261,1447.202788008312,670.3649576701897
3215,Vim,261,1453.8804532543504,760.2763387264745
3216,Vim,261,1455.7068708975785,789.223477584328
3217,Vim,261,1457.30845631973,694.1838113077257
3218,Vim,261,1460.04569122916,703.3040988926763
3219,Vim,261,1460.2349316192715,685.308477904782
3220,Vim,261,1461.3821726827057,726.1557673388089
3221,Vim,261,1463.9130477415445,753.7797951499699
3222,Vim,261,1463.6404432350528,734.3419897824917
3223,Vim,261,1464.5600537048065,725.7949316989661
3224,Vim,261,1466.3522799027612,827.2385063098883
3225,Vim,261,1470.4631953321978,807.4616835355757
3226,Vim,261,1474.3529970701506,715.5087491836491
3227,Vim,261,1474.4635294944428,771.1813387477675
3228,Vim,261,1478.1897665212389,718.3554073818717
3229,Vim,261,1478.1907968076234,709.2264010982109
3230,Vim,261,1478.91743583881,768.3553680637258
3231,Vim,261,1493.2738946151003,772.1548372721369
3232,Vim,261,1494.6465367974536,743.3985149499449
3233,Vim,261,1515.0223264133272,863.7354533018336
3234,Vim,261,1514.681024263863,846.9168401582218
3235,Vim,261,1514.7495550009037,780.4371750579712
3236,Vim,261,1514.7631901281588,869.848104133437
3237,Vim,261,1518.2224895938969,844.9384905522734
3238,Vim,261,1518.469902866431,873.7163626674424
3239,Vim,261,1525.8185399757126,881.8253483007569
3240,Vim,261,1525.021072861892,854.0370830940174
3241,Vim,261,1529.8436218839493,884.7515774305156
3242,Vim,261,1532.506120686599,869.6684970105439
3243,Psmc2,162,1341.5358754805538,770.471120816261
3244,Psma7,161,1341.8806167151984,731.2502833891681
3245,Mrpl12,92,1346.0125639469652,730.4418827874581
3246,negative_control,1498,1348.369638604795,640.1467837202867
3247,Psma7,161,1356.872739214591,696.2715332059432
3248,Psma7,161,1405.4723601684727,803.3093101278886
3249,Trim28,241,1465.283937966271,735.6812172110872
3250,Psma7,161,1492.1457131243487,760.5628019506789
3251,negative_control,1491,1503.4425314849088,767.475187159971
3252,Trim28,241,1510.6209556088172,866.9686190524185
3253,Psma7,161,1517.2937240875722,783.9496113822483
3254,Kars,72,1351.6297814200682,681.282256614071
3255,Kars,72,1383.719485030192,677.1316470810372
3256,Twist2,247,1385.4836452698005,752.7376486705383
3257,Kars,72,1389.4433110357318,681.9790871657444
3258,Twist2,247,1414.43978928947,732.3218368735543
3259,Kars,72,1482.7282892580065,838.0971013498619
3260,negative_control,730,1515.4066838967306,853.3957755260864
3261,Psmc2,162,1329.503042246458,668.5357285955074
3262,negative_control,1647,1342.9484325764777,766.9028520963737
3263,Clta,15,1387.7346073654617,712.2887293111538
3264,Psmc2,162,1401.635756873564,755.3973684175977
3265,Clta,15,1465.4181829762529,724.666578805869
3266,negative_control,1654,1517.9042470869017,855.925302718118
3267,Ly6e,81,1558.1253513794925,901.5475425224683
3268,Rpl15,186,1341.5339723525535,786.9747239606046
3269,Rpl15,186,1378.599273529971,669.0115376273386
3270,Ssr3,218,1432.1505741849223,672.4110474794666
3271,Rpl15,186,1437.578085800044,827.657617748189
3272,Rpl15,186,1440.6025701628896,730.8064115362063
3273,Csnk2b,23,1449.7687116694187,726.0619286160403
3274,negative_control,1799,1455.4438477391368,673.6738548182027
3275,negative_control,1805,1460.502210001711,802.483872538455
3276,negative_control,1803,1476.620760425812,776.1801368068052
3277,Rpl15,186,1479.9870163427386,755.7692552832486
3278,Rpl15,186,1486.6981388046909,766.8849139567492
3279,Sec13,204,1334.7694882759456,672.1934888417193
3280,Vdac1,260,1335.4677113808211,766.5109396893649
3281,Sec13,204,1362.2141857554077,677.1201251642606
3282,Sec13,204,1374.111222843237,732.9536007343227
3283,Fgf7,43,1379.41580124247,666.1864624707193
3284,Sec13,204,1390.6383605543217,636.0635140330348
3285,Fgf7,43,1396.2393213527898,732.0392441990714
3286,Sec13,204,1406.4486589505575,800.9778083063504
3287,Sec13,204,1482.0144055423095,750.2875026513871
3288,Sec13,204,1485.2457068645408,722.8136446856381
3289,Sec13,204,1488.3499453973377,766.3589218308414
3290,Fgf7,43,1498.711412020782,755.2641119441745
3291,Sec13,204,1505.9124038498685,767.354690931604
3292,Sec13,204,1548.3182469085457,884.3466061598842
3293,Fus,47,1362.9076043097084,768.3997029609711
3294,Fus,47,1387.8845714463623,637.497322748581
3295,Fus,47,1399.180360840808,666.3757782209573
3296,Ywhaq,267,1441.826751556721,693.35309598121
3297,Fus,47,1444.6065065363175,700.5378851257987
3298,Ywhaq,267,1448.852848139189,707.9002580608416
3299,Fus,47,1448.8948135389337,703.8391555383566
3300,Fus,47,1471.3935338372398,743.0486378059471
3301,Fus,47,1482.7688036316035,710.1067026582814
3302,Fus,47,1495.672937561976,847.4937503531853
3303,Fus,47,1496.758472407574,747.3060192448239
3304,Fus,47,1526.6557241307323,858.5915656188831
3305,Fus,47,1532.549241442816,862.6640188578881
3306,Fus,47,1545.6861934582455,888.1712712400123
3307,negative_control,2049,1330.7748505025556,659.8921882419238
3308,Snrnp70,210,1349.223903797455,776.1855231040307
3309,Snrnp70,210,1361.787098568448,740.9588701650864
3310,Snrnp70,210,1379.1771965232986,663.4374584311219
3311,Snrnp70,210,1395.506555046186,704.5740961293783
3312,Snrnp70,210,1430.7199848253133,685.071235897761
3313,Grina,53,1430.955231905649,636.6170910890362
3314,Snrnp70,210,1434.8940274936149,632.2671711403831
3315,Stt3a,222,1400.0184745296776,706.953646268676
3316,negative_control,2044,1513.270849171451,851.3528038393259
3317,negative_control,2085,1521.0225423096776,851.9935296643642
3318,Rbbp7,181,1332.4909144530948,693.3743856000619
3319,negative_control,2071,1348.4128388624672,742.0454912934593
3320,Rbbp7,181,1358.3264136452217,695.4508000963344
3321,Rbm3,182,1360.564827960348,714.6771601463226
3322,Rbbp7,181,1372.799764535948,737.5847599278684
3323,negative_control,1970,1464.818814572362,734.9813761272185
3324,Rbbp7,181,1513.8974148879693,865.7557813835583
3325,Mta1,113,1426.2682099965405,728.1311721041652
3326,negative_control,2018,1357.3837027237907,785.792391533218
3327,Maged1,82,1369.9650263757217,733.8295757162904
3328,Maged1,82,1412.3663904484074,738.0508357338126
3329,Maged1,82,1446.5852651515015,757.0142125719988
3330,Maged1,82,1448.8694823817552,699.5985454253534
3331,Maged1,82,1464.221179202986,685.7954087948983
3332,Uba1,250,1329.450767956261,680.3338445663057
3333,Fkbp4,44,1349.0803210167471,773.3934244088402
3334,Fkbp4,44,1361.372696383817,708.9010744893905
3335,Fkbp4,44,1368.9840081477028,724.645224801425
3336,Uba1,250,1381.5066203147292,788.2730909607875
3337,Fkbp4,44,1389.6567673798784,663.3034599066322
3338,negative_control,2076,1351.639416208025,665.0928369983235
3339,Ybx1,263,1338.2717037852328,699.893233263867
3340,Ybx1,263,1342.4828099565511,725.2923982236507
3341,Ybx1,263,1357.044563460394,738.8676057928567
3342,Ybx1,263,1364.0774705011415,694.7165159781466
3343,Ybx1,263,1368.7968649874476,687.6194406640852
3344,Ybx1,263,1373.1535081178313,670.8944096684373
3345,Ybx1,263,1374.6066143574074,680.807922806093
3346,Ybx1,263,1376.2188718736638,789.0853962741116
3347,Ybx1,263,1377.776118393629,696.5276755051907
3348,Ybx1,263,1403.3641798024998,718.4807973504951
3349,Ybx1,263,1420.7889893339334,802.6805314487108
3350,negative_control,1983,1429.64360910621,775.9711599858799
3351,Ybx1,263,1473.261446060502,711.9747723553194
3352,Ybx1,263,1478.6747415503603,839.079481912306
3353,Ybx1,263,1495.1274716021196,762.5515632142809
3354,Ybx1,263,1532.4701793868612,868.1366197227067
3355,negative_control,1984,1447.7979078737962,723.1801894846703
3356,negative_control,1984,1519.8404627000991,866.6405378822042
3357,negative_control,2043,1392.9020007369645,643.2096379887944
3358,negative_control,2001,1461.5363617781495,764.3620699362184
3359,Trp53,242,1407.4092502828596,783.7240097034523
3360,Trp53,242,1463.7440535194446,756.6845271242183
3361,negative_control,2022,1329.486504533205,760.9817712498843
3362,Tbrg1,225,1331.510661332222,752.3725150320876
3363,Tbrg1,225,1345.999228883861,665.6979194451123
3364,Tbrg1,225,1402.1712637897172,764.8839985927477
3365,Tbrg1,225,1449.0724756049449,805.5247831913089
