,gene,gene_number,x,y
0,Rarg,179,538.9246789546291,813.7547323420622
1,Cops7a,17,541.1458608093044,831.1083278883649
2,Fus,47,547.0609222669665,776.7477099314339
3,negative_control,1645,546.0889959330364,775.4438786990172
4,Zfp36l1,269,549.9447689921938,843.9318576386936
5,Myh9,118,552.2470053307229,821.7041617281138
6,Ywhaz,268,553.3629259595486,821.1903018017255
7,Arpc5,8,562.9261857322736,803.196469356842
8,Ppm1g,150,566.0551554169629,784.2563307204416
9,Arpc5,8,566.520392629847,814.9601683678492
10,Myc,117,573.8512779956429,775.0666206048035
11,Rarg,179,573.700464462144,775.9874785920796
12,Tpm4,239,577.3860659419504,786.3007304208691
13,Khdrbs1,73,588.4685055359341,852.8056454695901
14,negative_control,330,592.504067112584,824.4503091837232
15,Khdrbs1,73,592.8348087533705,813.8536361133957
16,Vdac1,260,593.0962937830568,803.6055818922654
17,Rac1,175,593.6274412516872,807.353505131043
18,Ptges3,168,593.6322201078863,804.9231157411291
19,Rarg,179,594.0386105532525,804.0784490386103
20,Srebf2,215,594.7612337604689,805.5988490915839
21,negative_control,1084,593.5725862618045,808.4597015991628
22,Cited2,13,593.9483598638906,807.4455498674672
23,Eif3i,36,593.8734504064674,808.0097788685457
24,Mrpl15,93,593.4753357061929,804.527067588878
25,Tpm4,239,594.4957775460956,819.7359505455338
26,Msn,112,600.2504442845834,805.7666092998661
27,Vim,261,601.7510139034945,787.2390183046197
28,Npc2,128,600.1513471435688,786.0278149791711
29,Hspa8,62,601.362557756851,787.1066480571759
30,Khdrbs1,73,601.2618616602042,785.9848135563888
31,Xdh,262,605.2795787011371,810.6938561690248
32,negative_control,1881,604.4846421358127,810.6221222177107
33,U2af2,249,604.1935625427336,810.2002685572663
34,negative_control,1149,603.4675097575171,810.6856338568829
35,Tpm1,238,604.475970705548,810.4059863283675
36,Fkbp4,44,610.3949315339862,784.9062265637657
37,Hspa8,62,612.6809647957283,785.2160509766177
38,Fus,47,613.2522919021853,784.7003187251901
39,Hdgf,56,612.380091113284,785.0290507569274
40,Eif3e,34,610.3094462240948,785.065537035769
41,Cops7a,17,614.3124199541396,785.1008403361238
42,negative_control,1938,612.6837657528688,785.9442277237362
43,Ywhah,266,612.9787895960451,785.5936207056678
44,negative_control,1421,621.8541845894315,790.4489022155046
45,Tpm4,239,622.9545388064603,788.9873849322018
46,negative_control,1717,623.5826142872215,775.8952953410069
47,Rarg,179,625.317653991407,817.8087686790852
48,Ppm1g,150,636.5873433510435,776.933061570887
49,Mvd,116,648.3406744048228,854.8942862962743
50,Rpl15,186,649.8882064988021,766.4424930208772
51,negative_control,1888,649.5081190341347,800.0893882746759
52,negative_control,910,651.6698602079712,799.3553173200611
53,negative_control,783,648.9642259399668,799.8423082814221
54,negative_control,1584,650.0158970168774,798.8585044110005
55,negative_control,1154,649.6607832583516,798.8395341279321
56,negative_control,298,649.8830121636843,799.4406108334417
57,negative_control,968,650.574445253457,797.6817179354732
58,Trp53,242,649.602984730773,800.8491977332487
59,negative_control,1386,650.6834081155745,796.9208478506755
60,Tpm4,239,650.6307624632141,790.6148380870334
61,negative_control,1926,651.7373721583506,834.849237390765
62,Slc38a2,209,648.3437565480857,809.7082588854087
63,negative_control,1669,649.845539411083,809.9171279336491
64,negative_control,895,651.6955396645917,810.4788555755505
65,Tcf25,226,652.2782096097642,811.3757508022101
66,Gsto1,54,650.5586941461054,810.6592151668958
67,negative_control,1629,658.497176765627,823.1036338915512
68,Ppm1g,150,682.0511195294341,820.6043698731238
69,negative_control,1945,682.8800871164262,788.0761813881536
70,Sf3b2,205,683.156545543954,788.0523862602263
71,Eef1g,28,684.072091144342,788.4827334697762
72,negative_control,1861,682.7115567392369,787.7036857542091
73,Maged1,82,683.2308813436458,790.2210821661546
74,Hspa8,62,689.4052264234881,819.7360760947788
75,Efemp1,29,689.2916271467413,819.324630081223
76,Npc2,128,690.5002956531716,819.499330959462
77,Spp1,214,690.7174537768758,819.4870263391416
78,Spp1,214,693.0873998564575,823.489483600383
79,Arpc5,8,694.3326899541041,784.098686918547
80,negative_control,912,693.6301473255683,784.3212715983243
81,Mrfap1,89,694.9809868244287,783.2521817462425
82,Zfp36l1,269,695.0633586356478,820.1331525280385
83,Vim,261,698.8945605891818,797.2444344455017
84,negative_control,1506,696.4413545174394,794.5846596757464
85,negative_control,796,696.0707083567681,794.9017979539155
86,Nr2f2,129,695.2645997326795,793.9138989763383
87,Hspa8,62,695.2306920920847,793.8936054479612
88,negative_control,838,697.3543110399346,795.1563299857244
89,Rarg,179,695.5571468249507,794.1796965515631
90,Lamp1,74,694.3909288377804,794.9000211169539
91,negative_control,1224,697.2150644554789,795.0877829026103
92,Efemp2,30,696.4216474330237,776.3012485474469
93,Tpm4,239,698.2128307408707,844.2482163385941
94,Efemp2,30,698.0111868171311,836.4036521291563
95,Ncl,121,698.7143460133161,837.5240148153446
96,Fgf7,43,698.724639244128,837.4427460300457
97,Ppm1g,150,699.8829514833815,798.1141019911985
98,Zfp36l1,269,700.105360033258,763.1711008256674
99,Trim28,241,699.2491591929204,761.5622778863774
100,Fkbp4,44,698.5870066528366,761.1073087235694
101,negative_control,1905,704.9122889830855,779.7772150834211
102,Zfp36l1,269,705.1689527689622,804.1027179031743
103,Slc38a2,209,706.5047836649488,875.1521307125715
104,negative_control,1163,704.5048056203034,873.3716388925809
105,Psmd7,165,704.7943018165498,873.4195992718589
106,Ran,178,705.6514659487326,871.5036565396819
107,negative_control,1263,706.002476316466,874.6024465131059
108,Arf1,6,706.88230893527,807.6808287186124
109,negative_control,564,705.3682549486853,765.3153243968775
110,negative_control,846,711.0535456279058,790.9491580477434
111,negative_control,275,710.0684792803075,792.9387461526021
112,Lamp1,74,710.4739486903893,790.3289728697338
113,negative_control,1522,710.8664235153234,791.4278046776035
114,Msn,112,710.0738285154254,793.6625332002585
115,Mvd,116,711.8296821296112,769.1171767754122
116,Ppm1g,150,711.158710000716,758.6804060184634
117,Vim,261,709.9323424129531,759.0465149604518
118,negative_control,527,717.7782797490418,829.861021311684
119,negative_control,1297,717.5320615785822,780.8855053851522
120,negative_control,1664,717.1800334096108,782.1968660314878
121,Clta,15,717.8521353614512,782.0208715082425
122,negative_control,1272,718.4061491325851,782.5128318409339
123,Uba1,250,717.8468585157178,782.3246361818238
124,negative_control,1778,718.4315579434037,781.3564164612744
125,negative_control,339,716.971910741586,782.2023813982544
126,negative_control,621,718.175723898059,783.1255951964058
127,Eif3d,33,716.9777407701375,771.5436600912248
128,Psmd7,165,717.147861105497,771.5401066661714
129,Eif4g2,38,720.1847720919501,771.2783418030692
130,negative_control,1904,719.1866216366637,770.6057725468075
131,Rpl18a,187,718.9036559246771,768.7774173980383
132,Tcp1,227,718.4222265152305,770.2373459583425
133,Mtap,114,718.3985461699175,771.1793184021998
134,Khdrbs1,73,718.4434266514438,767.9161649520181
135,Mdh2,85,720.0018577211413,769.9307435229516
136,Ptbp1,167,719.3561948856733,769.0339711488353
137,Rpsa,197,720.0596348169975,765.8751328585957
138,Hspa8,62,720.5634186616028,765.1138493754739
139,negative_control,1928,718.2617400812605,764.034948299267
140,negative_control,1362,718.597573207698,764.7833752623739
141,negative_control,409,717.5567311963421,765.7652895015985
142,negative_control,1488,719.4989029325112,802.092420153762
143,Vim,261,717.8681361245721,802.5710246226132
144,negative_control,425,719.3874946285249,801.5454338563525
145,Sdhc,203,716.8323754226342,803.6456253155775
146,negative_control,1889,718.0547796050164,802.9945657044915
147,Tpm4,239,720.0118981075736,908.236267359147
148,Cops7a,17,721.4038445056585,750.2474355018599
149,negative_control,342,723.4875970272676,774.0449272881483
150,negative_control,707,724.7558177642607,774.4583306043061
151,Ssrp1,219,724.8193645060883,752.3200445161457
152,Arf1,6,724.2767507433934,753.4207632152222
153,negative_control,1774,723.8827361657662,752.9107859542547
154,Hspd1,64,724.9030064632688,754.7011036426106
155,Spp1,214,727.2582108640828,852.2229927441279
156,Rps15a,191,727.1508181916889,852.8784583604637
157,Khdrbs1,73,730.197132928467,893.0413424580133
158,negative_control,378,730.0744562563276,893.331814004915
159,Spp1,214,731.0898292776782,955.0616635610112
160,Cct8,11,731.1444279808203,955.4257363223536
161,Rpl18a,187,732.6224024333512,813.2354911026143
162,Spp1,214,731.2982176245725,812.0268099918278
163,negative_control,693,732.1142321095848,994.5918818788272
164,negative_control,1309,732.839183655945,760.7006056730079
165,Nr2f2,129,730.8699594746494,759.9287662714992
166,negative_control,714,731.7070451470594,760.5073667166239
167,negative_control,1780,731.5539662582436,760.5649079579906
168,negative_control,754,731.1363333690514,760.5290093353583
169,Oxct1,134,730.7024017466764,760.838458174887
170,negative_control,428,732.5197864810624,759.9655872622079
171,negative_control,1282,731.6620323102813,760.4057164504773
172,Arpc5,8,732.5766959503252,761.1037824754183
173,Grina,53,733.764204854339,780.4530582724769
174,negative_control,587,733.6750937342844,780.5366865308381
175,Ergic1,41,732.8743836927736,780.2279867593026
176,negative_control,926,732.7077569765447,780.0362430467401
177,Spp1,214,735.3189159883111,891.6500942492526
178,Cops7a,17,736.2709835107507,958.6207208171652
179,negative_control,1707,735.8174376639595,959.9098116584156
180,Igfbp6,68,737.8042424090839,960.9943722401906
181,Spp1,214,737.7146198588783,771.8499848283684
182,Rarg,179,742.1093894428394,734.2729291896754
183,negative_control,1239,742.2541365527952,987.7041787368228
184,Spp1,214,742.240017551012,986.6485834577348
185,Ltbp3,80,743.1518678476255,825.6475458396995
186,Arpc5,8,743.5081242762855,780.3211291133555
187,negative_control,1889,746.2729712885196,992.367581006637
188,Spp1,214,746.515796708256,851.2552233091095
189,Pdia3,140,747.0900861355237,850.1653892392376
190,Uba1,250,745.7861006234364,740.8854847620664
191,negative_control,1512,749.027182326196,740.343825108769
192,Mrfap1,89,746.6170634796174,741.6642036583166
193,Mrpl12,92,752.0370681077043,844.2049042911462
194,Spp1,214,752.6745933501466,844.578207794158
195,Vim,261,753.7287755613386,844.5051491373341
196,negative_control,1058,754.0804529860176,788.5857685046924
197,Ppm1g,150,754.5063039594658,955.061779496658
198,Pkm,144,754.2749909356495,955.0737713920728
199,negative_control,1637,751.1653301773554,761.8271310919586
200,Aars,1,751.999227111573,761.8553610454753
201,Myh9,118,754.3331880722785,762.7427071224857
202,negative_control,1254,750.5489013478806,761.8108309066527
203,negative_control,1118,752.149313907159,763.2466795498873
204,negative_control,633,752.418005215126,762.5299553443456
205,negative_control,1889,754.890486600169,763.8742929948253
206,negative_control,995,751.4482340348605,761.6761691543365
207,negative_control,1362,757.2702936120731,822.8224824137486
208,Rarg,179,757.4573988223847,722.2147155061776
209,Spp1,214,759.3275319301792,812.2051420865093
210,Vim,261,758.1381258424548,852.6893693037305
211,Spp1,214,758.8616460092481,853.3287015316118
212,negative_control,2018,757.6173642815181,853.1200080625915
213,negative_control,487,758.0444220837262,853.0091983786356
214,Hspa8,62,758.1552868503584,853.1727773026256
215,Hsd17b12,61,762.9117545738519,1002.815951820388
216,Vim,261,761.2582668231943,1003.7514487657552
217,Ptbp1,167,760.7956440877734,1005.2982020879743
218,Ssr2,217,761.7666907768419,1003.6887639502118
219,negative_control,1717,760.6647862813007,1004.1210305934244
220,Spp1,214,760.1220544170155,900.5226857696589
221,Tpm4,239,761.9249469644752,959.8378503441
222,negative_control,693,762.5845291582472,989.196074409556
223,Spp1,214,764.3268453939581,845.5427580980141
224,Sf3b2,205,764.6930163255262,1010.239245908626
225,Vat1,259,764.9790903120931,1042.009194122244
226,Mrfap1,89,768.4543818819343,1040.840058767923
227,negative_control,555,765.9499738568776,1041.8160344450098
228,negative_control,920,767.3860597298997,1040.5668189611915
229,negative_control,575,767.0622691573569,1041.3742278825723
230,Rarg,179,767.4482722645498,745.1079712903967
231,Maged1,82,768.1901790873067,1022.3055121210198
232,Prrc2a,158,767.409462149835,1023.972198552388
233,Eif3i,36,768.0490416507859,1022.8956366181542
234,Tomm40,235,768.397053819681,1021.8768850973216
235,Myc,117,769.7818932125438,1025.705342998323
236,negative_control,764,768.4604955964322,1026.3499280835192
237,Fkbp8,45,768.51105474466,1024.9298595172113
238,negative_control,1273,769.772754676662,1025.8977094642084
239,Spp1,214,767.9793691721407,1028.2020332066502
240,negative_control,1311,769.3296792550686,1026.450990034953
241,negative_control,1983,768.7920421362236,1027.5522858307704
242,negative_control,1214,769.0936977229281,1027.3569949826067
243,Tmbim6,230,769.0396792579369,1031.6173922138023
244,Vim,261,769.3195161923978,1033.3139948131372
245,Pcdhgc3,138,769.4122037865992,836.9357358183577
246,negative_control,1373,769.6562976542364,1052.534821735952
247,Zfp36l1,269,769.9099759083329,1051.415157909498
248,Nr2f2,129,770.0261300725382,758.1069656932347
249,negative_control,1637,771.2562992837054,758.7891737622156
250,negative_control,853,769.5267041027361,758.7297683702683
251,Spp1,214,770.4689382351296,846.2763781859201
252,Spp1,214,771.3761244079868,754.9537100171272
253,Cops7a,17,771.4737191124495,912.0271376442532
254,Spp1,214,772.6383196596207,842.0399639235837
255,Vim,261,772.3353600979606,843.0672791185891
256,Spp1,214,771.8300653851225,1055.0806946754135
257,Khdrbs1,73,773.7735986490419,1064.2113615824633
258,Rps15a,191,774.738994791243,729.8124269545896
259,Rpl15,186,777.0788669856804,730.7475817866955
260,Gsto1,54,777.6289696456558,730.4497265122855
261,negative_control,1961,775.423229480305,729.1843248135815
262,Spp1,214,775.6159241337551,730.3333467838673
263,Ppm1g,150,776.0941813384295,794.8841804247079
264,Tpm4,239,776.7164330664774,767.21614887264
265,Ybx1,263,776.1667629130886,855.4850100328572
266,Maged1,82,777.6972315065159,855.9012768513692
267,Spp1,214,776.5468245966456,855.3126310079916
268,negative_control,1318,781.2603193440198,1061.2036887747004
269,negative_control,1618,781.4296136636688,1061.6470666901605
270,negative_control,1198,780.4717374577278,1062.833105039181
271,negative_control,2050,781.3250518424453,1062.2290208302115
272,Twist2,247,782.090390356823,1062.102312587367
273,Eif4b,37,780.6284705884909,1061.4773463604324
274,Spp1,214,783.1990400622948,818.4468885643994
275,Tpm4,239,784.6319161790955,1055.5913573180442
276,Psmd7,165,785.8526179236975,754.4610907065644
277,negative_control,1110,785.8279353597034,754.6090088529274
278,negative_control,801,786.0268616542262,754.6290591230169
279,negative_control,652,786.7843467405951,1063.4575557047615
280,Ncl,121,787.523328272942,1065.518657647165
281,Mta1,113,787.2070394354009,1062.5804351603292
282,Vat1,259,786.1898982499528,1068.0264045834826
283,Spp1,214,786.0826130098504,1062.9380732623088
284,negative_control,1061,787.1022323594757,1065.6761238405245
285,negative_control,1776,787.3580943563871,1067.303669288331
286,Ugdh,255,784.6706769181171,1063.416158529841
287,Ube2m,252,787.4332908515275,1069.0053392443915
288,Lamp1,74,786.3126208848819,1004.8523604948672
289,Vim,261,786.6532219504803,1004.9861665637608
290,Ltbp3,80,788.7836456642358,1045.0562259882577
291,Spp1,214,789.5612202475018,781.7978343126683
292,Khdrbs1,73,790.9227922009802,767.5490607954243
293,Tpm4,239,791.3621553640749,725.4253507592398
294,negative_control,1686,794.8162120999148,1018.6059494759832
295,Tpi1,237,794.5261972443069,1019.2814053066564
296,negative_control,1907,793.9874932970454,1018.9787411497252
297,negative_control,343,793.1069981536001,1017.9314747977912
298,Spp1,214,792.3436308149176,846.4236634817212
299,negative_control,967,791.6294832239118,844.3243812650286
300,Timp2,229,791.6470597874452,844.1364783305786
301,negative_control,1625,791.7923429241428,845.0380314355099
302,Vim,261,792.9295914744218,839.8332163387538
303,Spp1,214,792.9226948808944,1081.943151614677
304,negative_control,1881,793.5909276637947,1053.6905362390207
305,Sec13,204,793.766089143542,820.1233051516291
306,Eif4b,37,796.6529566312138,753.5606357617178
307,Rarg,179,796.3560236712035,753.345173005754
308,negative_control,344,798.2157104952942,1030.3199687564163
309,negative_control,339,799.1355623195178,1035.3747120605915
310,Ppm1g,150,798.9854174046084,746.3245737658128
311,negative_control,1243,799.2982713798557,786.6437389327612
312,Tnfrsf1a,233,799.8544803562996,787.1472686815582
313,Myc,117,800.2323026954028,785.7383070914143
314,Arpc2,7,801.2794206221131,787.5550694944322
315,negative_control,1014,800.0707232010722,787.1639966933222
316,negative_control,1192,798.3913009219805,787.1199061873816
317,Il1rl1,69,800.561327781722,1093.3840603456024
318,Zfp36l1,269,800.0999972618724,1091.1835658149314
319,negative_control,673,800.5753214865226,1091.868901460312
320,Ncl,121,801.2445665610815,1092.1579623291232
321,negative_control,630,800.9869155758468,1091.1057374518896
322,negative_control,1068,800.3772427615817,1091.2902702881747
323,Tpm1,238,800.164982476293,1093.764783731768
324,Arpc5,8,800.7377877998739,840.6558552508625
325,negative_control,1858,800.6520914413982,841.0991833049648
326,negative_control,334,807.0284895360209,917.682905938136
327,Zyx,271,806.785548706504,916.0657742692536
328,Tpm4,239,809.8200892911461,1099.2824777378164
329,Rarg,179,811.5265396701743,992.641878539824
330,Pkm,144,811.2719097988065,1044.0415721540662
331,Sf3b2,205,811.9789778709461,838.9753459006988
332,negative_control,2004,808.875740398612,836.8049299626242
333,Nfe2l1,127,808.6307347012238,836.4124032666641
334,negative_control,880,808.7145215625817,836.2067842281358
335,negative_control,1846,809.5477993046994,836.0489629967551
336,Mrfap1,89,810.2842004913798,837.5051105622143
337,negative_control,1092,810.5595253840787,838.2205175202084
338,negative_control,1554,812.6743874735886,1006.2978639378224
339,negative_control,1245,816.2562612166015,1088.4869952433355
340,negative_control,1209,816.4307886427486,1088.570897001307
341,negative_control,922,815.0427967541805,1087.5006197916791
342,Snx5,212,816.9729299028328,1087.5961313901516
343,H1f0,55,816.131389392855,1088.0839123273345
344,negative_control,796,815.0660353714549,1079.7604046011502
345,Psap,160,812.7674509579358,1079.9264876489108
346,negative_control,1360,814.3600773287399,1080.463924120202
347,negative_control,979,815.5167421760925,1079.934104765404
348,Rpsa,197,816.2438307698726,1091.463081866551
349,Ybx1,263,817.0512217903907,1090.595797817245
350,negative_control,1520,816.9712800158095,1090.5193190183006
351,Arpc5,8,817.888502469365,1092.0140122128294
352,Sfpq,206,817.401074250267,1091.155779314237
353,negative_control,859,818.1300807342883,1091.9994874988104
354,negative_control,1926,819.0236346812093,1023.38953277794
355,Ywhaz,268,821.1068251995092,828.4841321410619
356,Nr2f2,129,821.7581211437235,828.2423740931644
357,Rac1,175,819.6721595660456,828.4417145222939
358,Plk2,147,820.6232883479289,829.4322698656869
359,Ywhae,264,821.1569139034125,829.2611710043637
360,negative_control,700,820.6509193843741,827.4367785460119
361,Ltbp3,80,821.946268293043,986.3431600071816
362,Tpm4,239,821.9616544082464,1083.1784048234924
363,Arpc5,8,824.0216334320606,889.8913144205305
364,Pdia3,140,823.7134950688429,889.4221738156177
365,negative_control,2073,824.5421024561695,1096.4577761737178
366,negative_control,516,823.9651654572838,1096.111720382249
367,Psmc2,162,822.7776353367655,1096.210315095266
368,negative_control,853,823.7189832215996,1095.7232621143633
369,negative_control,1887,825.3359723775875,1096.6688749850478
370,Spp1,214,825.5225882639849,827.8380345437351
371,Tpm4,239,825.462662635833,1067.7751041587956
372,Vim,261,826.5232213078214,1055.8972852510713
373,Mbd3,84,827.2345282892436,1056.1315312680792
374,Ppm1g,150,828.3365166030061,1055.7711586941973
375,negative_control,1009,829.7811603922362,1086.8928919604696
376,Vim,261,829.7981119310407,1086.889135473932
377,negative_control,460,829.698253020656,1087.1283426894342
378,negative_control,1707,828.9707317665321,1085.9582074761845
379,Sdhc,203,829.7606010084844,1087.0721630365408
380,Loxl1,78,830.0399269503808,1086.6025440674905
381,Zyx,271,830.4576287432968,1088.2152013168504
382,negative_control,593,829.2401438944435,1086.0593120357034
383,Spp1,214,832.0239504755549,889.8289982182584
384,Vat1,259,834.4633832386758,1104.6998605165345
385,Khdrbs1,73,832.8953023742276,1104.4394634297064
386,negative_control,507,833.576946315112,1103.7876110536674
387,negative_control,1295,833.0318480680634,1075.552741207135
388,negative_control,1267,833.5353297317772,1075.0555565031748
389,negative_control,1161,833.6706548900252,1076.0577436789993
390,Ssrp1,219,834.6641088915931,1075.7201435985442
391,negative_control,1353,833.0019652754531,1076.234147929145
392,negative_control,1698,832.5755284841819,1074.7409897210955
393,Rab34,172,832.03556664547,1063.107902202205
394,Aars,1,832.586434107387,1064.408210937166
395,Vim,261,832.6075623601831,1060.882380072036
396,negative_control,1228,832.6093212196083,1065.913420808087
397,Efemp2,30,832.3969799571707,1064.0714478524396
398,negative_control,275,833.4141966338798,1065.4221839253114
399,Oxct1,134,831.9838884971803,1061.172359394482
400,negative_control,343,834.682532383802,1066.119152762254
401,negative_control,1045,831.9826441836454,1065.0727806365326
402,Emp1,39,832.3138187164914,1062.20378881665
403,Arpc5,8,834.2293124464688,870.485440110485
404,negative_control,1889,834.5414370258025,1095.4322581146096
405,Tpm4,239,834.6690619984145,1069.3051332371028
406,Ptges3,168,834.9484592311865,1070.3353533743152
407,Pdia4,141,836.0291223089429,866.8779907220904
408,Mrps9,111,836.0455924324175,824.592743856401
409,Arf1,6,834.889690352566,822.5340081536631
410,Spp1,214,838.0809333817854,914.5030208784086
411,Prpsap1,156,841.5846932530394,1088.6431222208985
412,negative_control,1976,842.8056975088874,1089.6524443921924
413,Spp1,214,841.3299136053698,790.8277871647668
414,Eif3i,36,842.1831721087658,1108.3597129411964
415,Oxct1,134,843.1528978383508,1107.0088506362508
416,Mbd3,84,842.7122761622275,1106.2158809775751
417,negative_control,1588,842.8556043162864,1107.321118730146
418,negative_control,627,843.1725910173797,1107.3990664773012
419,negative_control,1635,842.0764517294308,1107.2558455326673
420,St13,220,841.5539521085493,1107.25662929288
421,Vim,261,845.1938760060582,813.897785005696
422,Tpm4,239,845.5981709527343,867.2448985135507
423,Eef1g,28,846.6509480145646,866.1414855401287
424,Zfp36l1,269,847.0753110725495,863.7450443033581
425,Ywhaz,268,848.2732821828818,862.8507583358839
426,Mrfap1,89,848.511933518618,864.0167083684051
427,Vim,261,848.4139188265069,1055.330244378386
428,negative_control,1054,848.739663621335,1054.0466973124585
429,negative_control,1404,849.3542774958695,1055.0160295917074
430,negative_control,1494,848.815360456142,1054.0622065721495
431,negative_control,1009,851.9864656168003,1031.7323783041084
432,Cox7a2l,18,851.0344387516316,1033.1914619335448
433,negative_control,1609,851.5031190968489,1032.1702207394633
434,negative_control,1503,851.4686534802978,1032.6276579874543
435,negative_control,1695,851.5064856733851,1032.3651538122267
436,negative_control,396,851.8232200413686,1032.5823754745966
437,negative_control,1889,851.4776472686647,1030.402772240339
438,Kars,72,851.2089248892464,1031.7502434293858
439,Ybx1,263,851.7266779962816,1033.3743920675277
440,Ltbp3,80,852.6987049736799,1009.2174179893572
441,Vim,261,851.9800644097752,1111.9946998883368
442,negative_control,1873,852.6240652445877,1111.1895170233895
443,negative_control,974,852.6752471414255,1111.6424765323757
444,Ybx1,263,851.8908006946044,1110.8023361754551
445,negative_control,757,851.1224289322448,1111.678905998249
446,negative_control,1058,854.5113188530337,998.1090452238548
447,negative_control,279,856.1713640903009,820.222017765635
448,Nedd4,126,856.6275297817484,820.3128234680925
449,Trps1,243,857.1202292579792,820.1951755520378
450,Zfp36l1,269,856.6916673520008,820.4859414013317
451,Spp1,214,857.5416955400894,1043.583132794207
452,negative_control,473,858.1053996138862,1042.049502402475
453,Ckap4,14,857.6153772881845,1043.897885157087
454,negative_control,1384,857.3509288614281,1102.1456454958052
455,Eif4b,37,857.7526617226339,1103.862208660308
456,Cct5,10,857.0611139454463,1051.766289107743
457,negative_control,339,858.4654477099986,1015.5555054513828
458,Tpm4,239,859.632436934011,1023.555309094586
459,negative_control,340,861.0045268809146,917.479029143776
460,Stip1,221,861.5658152892107,1102.3539027869083
461,Ywhaz,268,862.167927278623,1102.72808471768
462,Rpl15,186,862.9812359550901,1103.7003932028508
463,negative_control,713,863.4795291994924,1103.6356675987274
464,Rpsa,197,862.8112017451908,1104.0900823920588
465,negative_control,1160,862.2682872451978,1103.718138781721
466,U2af2,249,863.0387261575515,1102.1022791630116
467,Timp2,229,863.817308795254,1041.425286059467
468,negative_control,1496,862.433370261779,1042.279009636739
469,Fgf7,43,862.6419684020809,1039.746792909757
470,Mrfap1,89,862.6441310865373,1043.0687452464574
471,negative_control,1881,862.9659967192863,1040.9400398845733
472,negative_control,298,862.4285562824998,1040.111497182802
473,negative_control,700,861.4767745692169,1038.436605126226
474,Spp1,214,863.5919374053943,892.8353221835469
475,Emp1,39,862.1636914359917,1066.9416143880162
476,negative_control,1222,864.8045709662008,1066.2691333922762
477,Spp1,214,863.6975478167078,1066.4693407102518
478,Hnrnpk,59,863.9392758501194,1065.7723443527484
479,Fkbp8,45,862.4189963097872,1066.3575647674138
480,Hspa9,63,862.9089489001287,1067.5653069357686
481,Rarg,179,865.4190443626019,1116.9764424854975
482,negative_control,1736,864.905213901862,1116.9555804769827
483,negative_control,336,868.1110213291644,1094.9488317867822
484,Cops7a,17,869.9528126180345,1067.949583081756
485,Ndufv1,124,870.9452790611471,1106.9818865043717
486,Tnfrsf1a,233,871.9240662996456,1107.3422478414782
487,negative_control,302,871.4123326227304,1107.6516129329543
488,negative_control,879,871.9474475161637,1106.3893739879034
489,Spp1,214,872.1908910992904,1052.3874220366108
490,Cops7a,17,872.4406211395709,906.954003200296
491,Tpm4,239,874.078001465285,1120.4668269254066
492,Csnk2b,23,873.6434668959264,1034.307592982169
493,negative_control,1813,878.0854323788365,1037.2574458917973
494,Ddx17,26,878.657525324901,1037.0184599828076
495,Arpc2,7,874.7610568881244,1035.4765647353931
496,Gsto1,54,873.1364743821833,1036.3915014184204
497,Slc38a2,209,877.6156673730122,1036.3162037488282
498,negative_control,1931,874.9194976429475,1033.5178066302872
499,negative_control,546,876.5470758623045,1036.275319699429
500,negative_control,801,873.5180126385741,1033.986742948431
501,Zyx,271,877.1886225297814,1035.305998411956
502,negative_control,299,875.1325862353315,1033.2419071812485
503,negative_control,767,878.6215469278113,1034.4690039904967
504,Zfp36l2,270,874.9567309926806,997.1157591348364
505,Arpc5,8,874.9703532309101,996.133856975602
506,Ctsb,25,874.5574620248817,997.5713641298294
507,Morf4l2,88,876.3082441792833,924.6635476703196
508,Uck2,254,875.8058060032206,924.9781780169706
509,negative_control,299,876.7047015857967,925.0031224434588
510,Msn,112,876.5574592101909,970.9787974516676
511,negative_control,1334,876.3839517959909,970.1911944695004
512,Tapbp,224,876.1173899517082,988.7117534435778
513,Mrps5,110,874.8180104848465,989.7282608507024
514,Eif4g2,38,876.8482226779503,1063.6343512164344
515,negative_control,643,878.7635735840936,1062.698355847672
516,negative_control,1662,878.1122862593385,1063.0135623094284
517,Efemp1,29,876.9051623981617,1002.4890059558176
518,Npc2,128,880.5303886369794,1006.0354514621656
519,Vim,261,878.4982879192738,1004.5635651926664
520,negative_control,1143,878.6852794185593,1005.6658517446344
521,negative_control,510,878.220968125172,1004.5699437339848
522,negative_control,992,877.8886875612795,1003.3312759825284
523,negative_control,1324,877.5018894668011,1002.7646780218186
524,negative_control,887,877.8610153299275,1003.5773962817758
525,negative_control,682,878.3914129046932,1004.9662942177174
526,Sfpq,206,879.4427399211662,1103.5509335110385
527,Fgf7,43,877.645955557775,1103.9487867338344
528,Khdrbs1,73,880.1231189160254,1103.23245161515
529,negative_control,793,879.9302486202382,1104.066865459645
530,Trim28,241,878.7278976103653,1103.3548021710617
531,Prps1l3,154,880.1959450290652,1103.9067282818587
532,Uba1,250,880.6828200298187,1107.8999678312348
533,negative_control,1283,880.6024718304442,1109.2014765115634
534,negative_control,1693,879.3008469502322,1108.6475101793988
535,Rpsa,197,884.2133651335037,1054.271365069376
536,Spp1,214,880.8567153538468,1050.9830437708752
537,Lrrc59,79,882.2036190426453,1053.1528048134217
538,Rac1,175,884.7503820683157,1053.992449602108
539,Timp2,229,881.7744087615927,1054.1596780763334
540,Ube2m,252,880.8219597071495,1051.1248017819314
541,Npc2,128,882.9753748701072,1055.01427273773
542,Nucb1,131,881.2269755480311,1049.3192295705944
543,Fus,47,880.0034171136047,1066.849344520794
544,Arf1,6,877.6700088743154,1065.240359173453
545,negative_control,964,879.5487841978568,1066.1766967986027
546,negative_control,299,880.8245510584488,1066.8656264939125
547,Spp1,214,881.3449040034554,1020.4073448232292
548,Spp1,214,881.8974585745726,1012.8832214157512
549,Spp1,214,882.534070762669,1044.386284577655
550,Tomm40,235,883.568749295001,1042.577421610647
551,negative_control,1289,883.0189663722358,1041.572527685113
552,Hspa8,62,882.9434937425519,1040.5640768110666
553,Snx5,212,882.7733123200464,1039.5087067255365
554,Mrpl38,100,883.5935352065654,1041.295354915194
555,negative_control,403,881.9092194879229,1042.840683933853
556,Tnc,232,881.8376058633374,1039.6946338078938
557,negative_control,923,882.1233744545775,1042.586134460484
558,Igfbp6,68,883.9438891787464,1112.8560685027328
559,Myh9,118,881.9596378176246,1112.6621711737937
560,negative_control,1905,883.7894487345317,1113.320522654869
561,Vim,261,889.4613562828367,1103.0467147801946
562,Rcc2,183,888.7104049537609,1103.1762559649978
563,Vim,261,886.9203634614423,1103.3080397708668
564,Cct5,10,887.4585130547746,1102.5507321819302
565,Khdrbs1,73,887.7986605582187,1103.8142828006291
566,Morf4l2,88,885.80015386981,1102.923615924602
567,Zfp36l1,269,891.822788614854,1121.318981815239
568,negative_control,1690,894.1464566429655,1133.593634215776
569,Rarg,179,893.4484088284164,1133.8229129600704
570,Rpsa,197,509.5249663477644,801.2367446260121
571,Polr2e,148,517.9544734256433,807.1984591897102
572,Eif3e,34,528.33016754635,813.9649359779103
573,Rpsa,197,530.7094940248991,808.3334120313674
574,Rpsa,197,533.49905992023,842.5137594735316
575,Prrx1,159,533.5133403760084,838.4746409223163
576,Psmd2,163,534.6498147132261,817.0358025946587
577,Rpsa,197,534.9722149210781,871.5285901285276
578,negative_control,896,536.5289525057697,845.78256025057
579,Rpl4,189,536.9291267155118,845.2328388882202
580,Rpsa,197,539.7403909711692,851.6214630649354
581,Zfp36l2,270,540.9343579672587,804.0578718032062
582,Psmd8,166,540.3465844948157,820.8610271117581
583,Rpsa,197,545.7683076111412,773.8186079993999
584,Vim,261,547.4040835094677,824.6486638056708
585,Ehmt2,31,548.2415380692125,825.4519539983559
586,negative_control,2079,547.5975047623673,828.3060963979225
587,Sfpq,206,547.210594810858,826.7035412151475
588,U2af2,249,549.629153278587,829.7093902912501
589,negative_control,1503,548.7421256302446,830.7381098415318
590,Hspa8,62,547.9414453931709,826.6329377419625
591,Cited2,13,549.9143950089325,828.551929815944
592,Cct5,10,549.3759652254076,829.9896110426585
593,Rpsa,197,548.1782805473351,837.5109651844872
594,Rpsa,197,553.8033544673401,826.4911473772992
595,Rpsa,197,554.0665854568041,781.3597180310841
596,Psmd2,163,555.7945697923495,832.8960783524984
597,Lmna,77,556.0636676084248,832.3194029252545
598,Kars,72,556.0599517299961,832.7882465523369
599,Rpsa,197,557.8282322885836,846.7578883261701
600,Rpsa,197,559.6846559765601,853.697639382098
601,Rpsa,197,559.9547186520798,833.5916348736762
602,Prrx1,159,560.3752913911703,779.1257669183494
603,Prrx1,159,568.3092053243772,852.3015560381784
604,negative_control,1478,567.9535319512393,850.2459201625409
605,Rpsa,197,571.8397519082064,800.3519041455563
606,Prrx1,159,574.340570160469,804.6459499506459
607,Rpsa,197,575.4114379853456,840.4701083358714
608,Prrx1,159,575.2233940687539,787.8237218973275
609,Rpsa,197,576.4898558354777,836.0280596700927
610,Myc,117,576.9509309754872,780.3064002171549
611,Rpsa,197,578.366696770189,823.5124659490746
612,Rpsa,197,579.766975340304,771.9974702687216
613,Hspa8,62,580.0806208147035,846.5629617764132
614,Rpsa,197,581.1293704736736,818.2333824137293
615,Rpsa,197,581.3053256695907,842.8351615660264
616,Rpsa,197,582.0855971460908,766.8571960765227
617,Rpsa,197,582.8077160277946,798.1450226124032
618,Rpsa,197,584.4283225529616,820.8110380222006
619,Lmna,77,584.958684521531,834.5430774678061
620,Trim28,241,585.551575989853,834.9149489405117
621,Rpsa,197,588.3416619790281,803.548859277629
622,Rpsa,197,591.4600400738963,847.2499172541179
623,Rpsa,197,592.9368281070458,892.901762774897
624,negative_control,1907,593.4815215139779,809.2807832643218
625,Rpsa,197,593.0257707164321,800.8719179521474
626,Rpsa,197,595.2788355804018,815.1624723127743
627,Rpsa,197,595.9703242649507,793.3215310961339
628,Lrrc59,79,596.6960485143059,857.2325362915715
629,Arf1,6,598.886823156386,856.7944027964979
630,Rpl21,188,599.3548857294131,856.2770947891632
631,Rpsa,197,597.9351537243117,855.9903912228144
632,negative_control,1853,599.0616459497246,855.9657621967139
633,Myc,117,599.7741075932449,828.8598134181883
634,Rps15a,191,603.1557680874853,794.8064398763797
635,Msn,112,601.8475416860435,793.4811867779661
636,negative_control,532,603.7385856757494,791.9449044041816
637,negative_control,298,601.6477550863198,792.5015312048442
638,negative_control,1363,602.746337904327,793.6671473281106
639,Rpsa,197,608.1751032513675,824.5609936291255
640,Hnrnpk,59,608.759472285835,825.6560031652167
641,Rpsa,197,609.8639514107157,792.1807694463425
642,Plin2,146,609.0763459075595,793.3597624873282
643,Sec13,204,609.3902399205335,792.4658455299309
644,Eef1g,28,609.3553446167691,791.6661659949337
645,Got2,51,609.491206890722,792.1360489460637
646,Eif4b,37,610.9950265054518,795.866957413333
647,negative_control,1691,609.8284441683923,797.6537767672771
648,Twist2,247,611.2659920501358,796.7022688035006
649,negative_control,1921,610.6154120968172,796.7218471543907
650,negative_control,964,610.631171793997,796.5168382382216
651,Psmd2,163,611.4452330389115,772.9490900844854
652,Gsto1,54,612.3988346260084,800.1706054989041
653,negative_control,298,613.2437489669295,800.6802738310334
654,Aars,1,613.6190884677219,832.4731443955102
655,Rpsa,197,614.9039128838543,816.998019348613
656,Vim,261,615.7652152880211,792.2547343496498
657,negative_control,1779,615.1847472066668,766.3027519540211
658,Ppp2r1a,151,616.1336464875285,834.501956425774
659,Eif4g2,38,616.3094921445737,833.4125064923077
660,negative_control,1520,617.2596951973242,833.231847296795
661,Rac1,175,615.8836312201847,834.1909625843509
662,Psmd2,163,618.8142751643804,799.2166316858045
663,Rpsa,197,622.1692081773856,814.4611698503982
664,Psmd2,163,626.0497882308671,806.4932568140748
665,Myc,117,626.3307012783367,764.3739977490227
666,Myc,117,627.4554930958029,831.2380347946357
667,Rpsa,197,627.4031722764977,852.4370717539059
668,Psmd2,163,628.8147514295048,812.5592459014914
669,Psmd2,163,630.1813888614944,820.0452424989927
670,Myc,117,634.8857182867412,787.9378087605426
671,Csnk2b,23,634.1111183390362,788.6875935605595
672,negative_control,497,634.0619889353181,789.2334184241552
673,Lmna,77,635.0289193032906,789.5791918223966
674,Rpsa,197,640.3852735337379,811.557324185424
675,negative_control,2088,640.9013368485963,787.3317138011945
676,negative_control,298,640.931906478059,787.1881777817252
677,Msn,112,641.4838625028345,786.7569236496385
678,Eef1g,28,643.7713840054375,784.9445226956382
679,Myc,117,644.3980477901379,824.754613375758
680,Mtap,114,645.8925692056876,823.6783331832207
681,Aars,1,647.0693892508422,840.0614082760713
682,Rpsa,197,647.7470394215225,848.5057407622508
683,Mdh2,85,647.2502024473457,802.8534038640171
684,negative_control,1305,647.1899864585059,800.6540812137049
685,negative_control,1494,647.3566816048843,800.8882483908574
686,negative_control,1295,647.0236026813498,800.6290673638075
687,negative_control,379,647.0337350937075,800.6031292929611
688,Pdha1,139,646.3654729686506,801.3688492599281
689,Gsto1,54,645.7939000127647,802.3936553402933
690,negative_control,802,647.5633470834188,802.3446128202023
691,Rpsa,197,648.7616530456283,835.216520805932
692,negative_control,278,649.3917904466049,831.5466332167686
693,Prrx1,159,650.8958920557816,822.5693656603996
694,Rpsa,197,651.1147220467916,793.017825597286
695,Rars,180,652.8955322094287,812.5930198505741
696,Rpsa,197,653.5761497531464,814.8338103828848
697,negative_control,1327,655.4142291859839,797.3264331560571
698,Rpsa,197,657.5740361238995,865.9215434057987
699,Rpsa,197,661.0097526981692,816.379317844867
700,Psmd2,163,663.1504978014561,817.8616786370727
701,Vim,261,664.3254766129655,781.8660254884902
702,Hspa8,62,664.2899395873557,781.0142587794049
703,Myc,117,665.4522849822597,832.2336015691387
704,Rpsa,197,667.1409034061171,837.597363947042
705,Rpsa,197,669.5261890703325,797.9696617377243
706,Eif4b,37,670.5371720103208,796.2808224129478
707,negative_control,552,669.5835523308433,810.3353519735206
708,Fbln2,42,672.6150006412926,768.7280794549243
709,negative_control,1571,673.6723251848848,768.1859210734788
710,Rpsa,197,673.8385310429494,818.1448525633004
711,Uba1,250,678.3246971304523,842.4827752828091
712,Ptges3,168,677.19783714598,842.9987231660542
713,Rpsa,197,679.1185518683264,838.5168819463303
714,Vim,261,679.8251753939084,848.3958248475722
715,Rpsa,197,680.491457801409,849.9322473726489
716,Psmd2,163,680.9073795397977,844.0280886699043
717,Rpsa,197,685.0124912283352,789.1679717518018
718,Prrc2a,158,686.7932220406685,803.0640523382124
719,negative_control,1971,688.0607069236823,803.8858054590027
720,negative_control,1758,688.0824262466261,803.4244747908542
721,negative_control,563,682.9420626658681,803.2124311112747
722,Gsto1,54,685.5271143611742,802.7625729963952
723,negative_control,1861,688.1399551761576,802.4032322728121
724,Rpsa,197,685.5532132136052,804.4502455762781
725,Tpm1,238,684.8519001239465,803.1379008568754
726,negative_control,1322,688.5398641625505,803.086286482335
727,negative_control,1785,688.0419844200375,803.3569648823841
728,Rpsa,197,687.0240264960057,784.5054252735924
729,Rpsa,197,687.7329745597809,781.5465806494825
730,Raly,177,686.2350363234433,781.8007225553337
731,Hnrnpul1,60,688.2156186258635,782.166379046393
732,negative_control,1990,691.0540687046168,772.2274583871754
733,negative_control,2015,691.5898761879826,770.5253010013383
734,negative_control,1577,692.1993999729641,770.6385295851946
735,negative_control,1962,692.0507312945504,769.8489676296352
736,Arf1,6,692.8847628984406,771.3549784428031
737,Psmd4,164,690.6715022236513,769.6238827207401
738,negative_control,1808,689.1446364272642,768.9016274383141
739,Timp2,229,692.4275161443056,768.1594831907948
740,Ywhaq,267,691.6942369746805,770.50026329176
741,negative_control,1746,689.238021750136,767.897226092512
742,Rpsa,197,690.4084913497434,793.4323393384682
743,Prrc2a,158,691.0738561320197,830.883905136777
744,Rpsa,197,691.4206049308001,831.2881327065832
745,Rpsa,197,696.956214160743,857.2439904398246
746,Ywhaq,267,697.2944730174249,857.2147753371809
747,Rpsa,197,697.8490254317029,802.5805467775758
748,negative_control,1082,699.6420271385126,853.4799100368197
749,Cited2,13,698.013144636043,853.3736861682207
750,Ctsb,25,697.8291710199542,854.0233936031026
751,Timp2,229,699.0830499094336,853.3693388262168
752,negative_control,1556,699.8368754137094,853.2957698145765
753,Psmd2,163,698.5198378259045,846.5375689563066
754,Tnfrsf1a,233,700.6629123597996,863.0616971603874
755,Sf3b2,205,700.7403120363722,788.4966973307488
756,negative_control,1516,701.1418553652134,788.1752200496555
757,Rpsa,197,700.9607144735804,788.1839640948697
758,Actn4,3,701.536655727363,774.8473439958008
759,Prpsap1,156,701.2854105286192,777.1656355006663
760,Prrc2a,158,701.6868997631352,775.1937929218261
761,Mrpl17,95,701.0011670175072,777.2398286201582
762,Eef1g,28,702.0613011244757,775.5863859508535
763,Prrx1,159,701.5826935060751,764.3178464161515
764,Myc,117,702.0077099490619,826.4845069214473
765,Slc38a2,209,701.1761545855295,841.5369077809569
766,Cited2,13,704.2913470229679,812.9597123309563
767,Ndufs2,122,703.2164128396644,868.1102632619702
768,Cited2,13,701.917389788517,869.2315924820232
769,Nedd4,126,704.3565869463289,793.8846802919636
770,Psmd8,166,703.5324921883046,793.7392749282578
771,Psmd2,163,703.4147334777088,768.1027368570565
772,Vim,261,703.32108930148,768.0761963831666
773,Prrx1,159,705.0345486348353,783.2163004616162
774,Prrx1,159,706.2084459298917,755.2356118512125
775,Fbln2,42,707.0141750201025,877.0488314295216
776,Rpsa,197,707.0890251287816,771.6963205909076
777,Rpsa,197,708.7405661337514,802.7996983898785
778,Rpsa,197,710.1947968307932,776.2850594163709
779,Aebp1,4,709.4560860072934,846.0839276368166
780,Rpsa,197,710.0739868110785,864.7059575713364
781,Timp2,229,710.904484778184,864.1956127935763
782,negative_control,888,709.2421957099995,864.2910787829516
783,Aars,1,710.0846495953828,882.8081464202586
784,Snrnp70,210,709.6958833526744,800.7898153085523
785,Ugdh,255,709.5261332982411,799.5869906736219
786,negative_control,1734,710.6961407416985,801.2789415074102
787,Ppp2r1a,151,710.4221547068508,799.5167796826751
788,Ctsb,25,712.171246885882,806.788972467644
789,Uba1,250,713.11207956195,752.3073945411227
790,negative_control,1604,710.2287895137455,751.1217460472384
791,Mtap,114,712.6764305191293,752.0928031464084
792,negative_control,1456,712.0910068041455,753.4214325679568
793,Arpc2,7,709.2201040507041,752.5057178619775
794,negative_control,878,713.6017971430231,752.249872600614
795,negative_control,1911,709.9438807890048,751.5255532638301
796,negative_control,1481,713.6987039529571,752.3674528224382
797,Sfpq,206,710.706846504443,753.0282293368031
798,Rpsa,197,711.9465381602972,875.3473241204158
799,Rpsa,197,712.9218739016295,761.4287912254946
800,Aars,1,712.9987256547836,818.8131732902295
801,negative_control,1241,712.536333828486,818.6598087163544
802,Cox7a2l,18,714.3549839586992,770.6865493263163
803,negative_control,1904,713.4845750394169,770.0239308525903
804,Fbln2,42,715.4413362885687,861.6019310907686
805,negative_control,1371,716.6653470558167,791.2646847405709
806,Myc,117,717.8881975643826,870.8720956619122
807,Mrfap1,89,718.0548990418749,752.2675059614309
808,negative_control,1320,717.9099732920431,751.6374273131553
809,Npc2,128,718.7687641411518,750.6110968517814
810,Raly,177,717.5532433489607,757.8056092920592
811,Sfpq,206,718.3352005311435,757.0935618279381
812,Vat1,259,718.6569157027631,757.5953512137532
813,negative_control,378,717.9038381196581,757.4381815277375
814,Snx5,212,719.0791084776367,757.6722587906571
815,Rpsa,197,718.7935680288201,892.8686588406852
816,Vat1,259,719.0466071255332,787.4603213108586
817,negative_control,1235,717.0112668598422,788.288309905836
818,negative_control,1934,718.6996347898794,788.7304456071645
819,Prmt1,153,718.5492218466795,787.4502719546499
820,Psmd2,163,720.2391897873479,809.962294414823
821,negative_control,1842,720.7268804048769,860.0820993642923
822,negative_control,1875,720.4070529081663,860.2209882575646
823,Rpsa,197,720.0581779027211,888.5310688335726
824,Rpsa,197,721.1791813808499,803.4829011330969
825,Rpl21,188,721.2439394119525,785.6601366849106
826,Kars,72,719.9510198719313,785.8832311935196
827,Prrx1,159,722.5557975563145,821.3386450672232
828,Aars,1,723.1362505725201,750.377618399521
829,negative_control,401,723.9526859180704,759.2393306180843
830,negative_control,797,724.4151425733248,856.7930496813692
831,Hspa8,62,725.6667048950732,808.8034783109415
832,Hspa8,62,723.1892600456403,920.3555883826864
833,Rpsa,197,724.5845067748385,919.4282706467768
834,Vim,261,726.5065409808043,785.3939976402249
835,Rpsa,197,727.4038976286504,902.7369292714936
836,negative_control,1376,727.459507493629,761.950432628744
837,Myh9,118,727.6687941110508,761.724482696427
838,negative_control,1242,727.1123472635744,761.9636320717543
839,Eif4b,37,727.2397010306781,761.086959083473
840,Nedd4,126,726.8766543410554,764.8297972615103
841,negative_control,276,728.5737641196921,761.5736685971096
842,Lmna,77,727.0764991529546,763.3718869265883
843,negative_control,298,727.2105274052758,748.9567102991975
844,Prrx1,159,728.2769905284496,758.1095996687682
845,Rpsa,197,728.8388020987721,772.1066436242658
846,Hnrnpul1,60,724.6065420195235,775.6428247275333
847,Vim,261,727.7897048203095,777.6173544205242
848,Cct5,10,724.1418191554878,775.9057557514691
849,Hspa8,62,728.5528553935887,771.4725451262475
850,Myh9,118,726.177127128436,777.2954509534284
851,Vim,261,727.6364097153593,773.8549366259097
852,Eef1g,28,726.8452846686868,776.3170378249145
853,Clta,15,724.880133344729,776.7470329618511
854,negative_control,2019,728.3030604203809,773.5648119199279
855,Hspa8,62,727.2460950785899,777.1799632859215
856,Txn2,248,727.474256938725,774.6326125201838
857,Tubb5,246,726.9389119246022,775.4158707328826
858,Mrpl45,105,725.57149454768,776.0935500614987
859,Aebp1,4,727.8809812578166,920.8589774794784
860,Ctsb,25,729.479886463466,790.6274788957146
861,negative_control,1467,728.9511420538145,760.1219166550835
862,Myc,117,730.5036833434174,866.5256447318925
863,Rpsa,197,730.6918290831946,743.6850627770202
864,Rpsa,197,730.9913752966686,983.3027612448212
865,Prrx1,159,730.3138484591007,817.463084762975
866,Aars,1,730.4323965363197,887.917990933876
867,Rpl15,186,731.0550824463054,888.6449575353656
868,Vim,261,733.1664078972141,961.4476403428824
869,Igfbp6,68,732.473278042913,963.3093521896463
870,Rars,180,732.5396204403622,962.2892616538036
871,negative_control,1183,733.0715797940144,753.4179898627812
872,negative_control,1248,732.3665211307969,753.542861151772
873,negative_control,1426,732.293077892442,753.3471477231299
874,Ybx1,263,732.6332068714928,754.6852493868075
875,negative_control,1461,733.3400874805534,753.9341415121124
876,Vim,261,732.7853375913329,752.2443709342543
877,Ctsb,25,733.827000970978,775.8467920435039
878,Rpsa,197,734.2860841905826,967.6479352493636
879,Rpsa,197,734.3744471958101,890.0648230108445
880,Psmd2,163,735.2894423828654,957.5847697315722
881,Rpsa,197,735.7617275946533,795.1867030873427
882,Ctsb,25,736.6437717224378,912.6389510938636
883,Ybx1,263,738.3013359987801,923.9562304239944
884,Loxl1,78,738.4701116394003,923.7847176083624
885,Sfpq,206,738.9908589644497,923.5920683574814
886,negative_control,1914,737.2491693885027,924.465873592366
887,Rpsa,197,736.8244635554804,989.7771226689893
888,Rpsa,197,738.042486780732,768.690011397375
889,Psmd2,163,739.3969261598982,991.7456380636584
890,Psmd2,163,740.0203500805204,738.0773830525833
891,Fbln2,42,741.0602486229855,828.0587121246735
892,Prrx1,159,740.5103166496474,940.6298482798362
893,Psmd2,163,741.1065371752466,931.264303910146
894,Rpsa,197,741.8129236101832,978.3590748729652
895,Psmd2,163,741.9294628768135,893.4724654838235
896,Rpsa,197,742.1318772729205,924.2205827397788
897,Rpsa,197,743.2561118196761,753.3029224710659
898,Aars,1,743.9360966128381,743.0990293929334
899,Rpsa,197,744.3131995373484,780.1557509098283
900,Ctsb,25,744.0255625722705,866.608969492021
901,Prmt1,153,746.2122336768521,730.7168895573604
902,Hnrnpk,59,745.3097964801971,732.2372634340344
903,Rpl15,186,744.3454540294961,730.3183301016069
904,Rpsa,197,745.1099682371864,730.6932624085916
905,negative_control,325,744.5264857184843,732.9806168923251
906,Gpi1,52,745.3833297412684,734.3241596608829
907,Tpi1,237,745.3731188662911,734.5135465447086
908,Fbln2,42,745.9898508696442,874.1989637671355
909,Ctsb,25,746.1361383644345,999.8919382577716
910,Rpsa,197,747.7110665450845,942.7320906775876
911,Fbln2,42,747.2166348217338,887.7890441122257
912,negative_control,1062,747.6110075488231,783.2476834114265
913,Rpsa,197,747.6630784569445,1011.3199916365002
914,Rbbp7,181,746.8921345684025,1026.2965815695502
915,negative_control,964,748.4258643382627,1026.6416567905285
916,Tomm40,235,746.436755909081,1027.1619096703826
917,Prrx1,159,749.1250199382338,985.6093340009876
918,Rpsa,197,750.1151124396354,752.7215505663968
919,Tcf25,226,750.905362483309,894.8868177270302
920,Rpsa,197,753.2096951450251,789.224312811747
921,Ssrp1,219,753.5167016335464,735.7933931464772
922,Rpsa,197,754.4133980332732,867.9996913901438
923,Rpsa,197,755.5185731075981,990.4663743344854
924,Aebp1,4,755.2527957583727,826.5139273057631
925,Igfbp6,68,756.4591167962951,1005.483125859505
926,Rpsa,197,755.0352126872314,761.0215837905266
927,negative_control,1478,756.2271635325608,1026.4044237778608
928,Rpsa,197,755.965661348334,799.4637819759535
929,Ugdh,255,757.8546971927242,1035.2094410287966
930,Rpsa,197,756.6797076720915,1036.1134817786128
931,Sfpq,206,757.1817692409929,877.1418448763095
932,Rpsa,197,757.4038756967409,874.9209800403271
933,Tnc,232,757.6697895940842,875.016060112869
934,Psmd2,163,757.2286605242816,768.5005047535684
935,Aebp1,4,757.7558736455804,942.9112844489272
936,Twist2,247,757.7796210096988,810.1166980715095
937,Lamp1,74,758.104465513346,809.7803493405745
938,Prrx1,159,758.0521849399152,809.6998717747696
939,Hspa9,63,760.5411147814472,816.5177153926707
940,Hspd1,64,759.1706730827827,816.2069863531218
941,Fbln2,42,760.5229464842834,816.5632489497473
942,Aebp1,4,760.5855209202634,1022.544955480106
943,Rpsa,197,760.3012750766728,748.1285927592161
944,Il1rl1,69,761.3034624158576,747.7695078385801
945,Myc,117,760.2785432584776,786.3198054203494
946,Rpsa,197,760.9566328583396,852.3346672032665
947,Aebp1,4,761.1869115553093,775.8946940140964
948,Rpsa,197,762.368312384492,804.8208506518592
949,Rpsa,197,761.932937804985,795.9005582561557
950,negative_control,1503,762.6720524444132,997.5879058017144
951,negative_control,664,762.8257750637179,997.4228563513632
952,negative_control,968,762.1402657980856,997.0758096947444
953,negative_control,945,762.4387473205851,997.6147749512428
954,Rpsa,197,762.7711758993124,822.9209450888213
955,Aars,1,763.583933410925,743.236482020959
956,Nucb1,131,762.2927201787103,848.9045184364824
957,Timp2,229,763.1726879938501,848.1379218048725
958,Pkm,144,764.3368188562793,766.3327654928895
959,Tnc,232,763.6123160108028,767.5080072874982
960,negative_control,1797,764.8475076702016,766.2618919450726
961,Aebp1,4,764.3800622147193,904.5765792335374
962,negative_control,1606,764.8614505523781,769.5145358713924
963,Ctsb,25,765.6432131319017,810.8742666151192
964,Aebp1,4,765.7747612954822,1026.3712777984997
965,Lamp1,74,764.0745703890719,1032.0363135696575
966,negative_control,968,765.3200782135145,1031.6957761630658
967,Slc38a2,209,763.9857382645998,1033.6239432256968
968,negative_control,1024,765.0815162295236,1031.0139945408014
969,negative_control,1561,765.5394330024476,1031.6603742303882
970,Rpsa,197,765.945054730709,749.0200021893465
971,Prrx1,159,765.9273358959525,766.3429916095525
972,Ctsb,25,765.8393294444829,778.2015139986127
973,negative_control,644,765.9890570368209,756.697278412895
974,Aebp1,4,766.228085110557,754.7453598636896
975,negative_control,1913,766.9666395035968,756.5505417898153
976,Aebp1,4,766.9826992286592,1011.4493470137172
977,negative_control,1978,766.7535422697915,1010.8749918238606
978,Rpsa,197,766.5363114384796,1008.1954983408026
979,Ctsb,25,768.2267347375259,770.9225238928847
980,Psmd2,163,767.9239633415891,1014.1489985007104
981,Psmd8,166,768.9012717840474,973.1808398788198
982,Vim,261,767.840889260103,997.7263475873254
983,negative_control,512,768.2824686047835,997.3596833632774
984,Aars,1,768.0830500165017,998.2418763491032
985,negative_control,1222,768.398124805919,998.39521856813
986,Fbln2,42,769.2057101106243,994.5595459415974
987,negative_control,1161,768.4098798733231,725.7591469686093
988,Myh9,118,768.3357738599258,732.1638161423617
989,Rpsa,197,769.1825867758732,729.9801604856154
990,Mtap,114,769.0113511393045,731.4065709239516
991,Ybx1,263,767.7864458415994,730.206151871326
992,negative_control,1766,768.1650666983907,737.8935593260585
993,Rpsa,197,770.9211073435753,862.0055868701519
994,Ctsb,25,770.266904475992,815.912084258426
995,Ergic1,41,770.165589679421,843.7766676427386
996,Fbln2,42,770.7340473873226,842.3728223287444
997,negative_control,1217,772.4875339401334,788.6979112158646
998,Nr2f2,129,772.1881689098706,789.0939484378088
999,Npc2,128,772.4767337644203,787.389562166784
1000,negative_control,960,772.2703534382819,788.5311561377334
1001,Maged1,82,772.4700518271993,820.7958103758103
1002,Mrps5,110,771.8794580927924,819.9681440779466
1003,Ndufs2,122,771.7692881052066,820.6453233473052
1004,Ergic1,41,771.1840465427181,821.6235606634051
1005,Ywhaz,268,773.6600318798685,819.084661838121
1006,Timp2,229,772.4964446476704,821.1195880748755
1007,Ctsb,25,772.7109611303189,982.299941398162
1008,Ddx17,26,773.8960304630834,833.3704586449534
1009,Vim,261,774.7116821686935,833.1968153367914
1010,Rpsa,197,773.0488067385703,746.8288045720128
1011,Fbln2,42,773.4735046725222,885.0997153782243
1012,negative_control,306,775.3078691328642,771.366645562655
1013,Gas1,50,773.5975688281379,770.4939413570364
1014,negative_control,2055,773.6924537140127,771.2981083295575
1015,negative_control,1061,774.0517090293755,771.5518101519059
1016,Lmna,77,776.0506747738466,770.00955615455
1017,Rab5c,173,772.9506847695047,770.9439128837965
1018,negative_control,1686,776.7898313678069,771.2302864686676
1019,negative_control,1483,774.6257378357104,772.0497228173278
1020,Sdc4,202,773.1647771951236,771.0059311245616
1021,Fbln2,42,772.6812019098604,769.9946672452304
1022,Rpsa,197,773.5294305020113,721.2608616307203
1023,Fbln2,42,774.4565374549162,888.6326038223463
1024,negative_control,1903,774.3726403540828,1047.213114381441
1025,Rpsa,197,773.8939580420893,817.4457324634736
1026,Nr2f2,129,775.1521949108294,742.7108780715585
1027,Aebp1,4,775.4936383582129,809.4481465413203
1028,Prrx1,159,775.690666686979,947.4992661280962
1029,Prrx1,159,776.3458824720078,1064.7907550805016
1030,U2af2,249,773.6417997626988,986.258309911702
1031,Fbln2,42,775.8810085932708,986.2466898876556
1032,Ube2m,252,775.0213868117172,986.0099660512584
1033,Vim,261,775.1587503239198,985.6447549516206
1034,Malat1,83,774.6447751586854,986.0285545905384
1035,Rpsa,197,777.1895913535383,721.7380684781153
1036,Fbln2,42,778.0826611094578,870.3045126390755
1037,negative_control,1615,779.0444126711946,1007.8199714821922
1038,Actn4,3,778.5883249990333,1009.2988641559672
1039,Sec13,204,778.5949379773143,1008.4425854277198
1040,Prrx1,159,778.7100667950589,1007.017854134314
1041,Rpsa,197,777.8721060214867,994.227044049268
1042,Fbln2,42,778.9731328488048,827.7806813219715
1043,Fbln2,42,779.0441892390899,1029.5996754698524
1044,negative_control,847,780.0846244015613,803.1946302388388
1045,negative_control,1152,780.9443167259734,801.3606100728921
1046,negative_control,1298,780.4463325319598,802.9463560040265
1047,Prrx1,159,780.1589157201845,859.4238866056162
1048,Fbln2,42,779.6397382221336,767.7164926281517
1049,Psmd2,163,780.698746405888,794.5137254113747
1050,Prrx1,159,781.60322315795,957.84450677375
1051,negative_control,298,780.8357401746122,954.8066634448804
1052,negative_control,900,780.9542387301901,825.3400682840236
1053,Rpsa,197,781.4796764417813,771.7256701403044
1054,Psmd2,163,782.3018727953227,739.803265674433
1055,Rpsa,197,783.0074783999162,756.61899603391
1056,Prrx1,159,782.4442469884773,948.184030364939
1057,Prrx1,159,783.3415715258109,894.7708777384232
1058,Myc,117,783.7558853982435,996.7393849129
1059,Myc,117,784.0261395998547,1019.8701422841056
1060,Ctsb,25,784.675728833732,842.0959696122463
1061,Emp1,39,784.0363441754283,797.8968995213768
1062,negative_control,1789,784.3522557078928,797.6379897763593
1063,Tmbim6,230,783.9576918762201,798.5492821914617
1064,Rpsa,197,784.9664581551763,847.3256298894596
1065,Fbln2,42,784.9474942149213,802.6424919731533
1066,negative_control,553,786.3103601325377,890.2773372914329
1067,Aebp1,4,787.1250824704487,816.4841142858099
1068,Rpsa,197,786.7738976782474,767.4039922978205
1069,Rpsa,197,787.0091296608541,923.1427339556602
1070,negative_control,1520,788.7344131988251,1002.3511412873792
1071,Aebp1,4,787.9575398886661,1002.5349114531616
1072,negative_control,1716,788.1955653436468,735.2038643181337
1073,Lmna,77,788.4317445783092,736.4278828111436
1074,Vim,261,789.149803060529,733.922699394938
1075,Hspd1,64,787.2753291882152,735.305376140104
1076,negative_control,288,789.4808100087514,793.9956269930781
1077,Use1,258,789.4353204359735,795.1142857467236
1078,Gpi1,52,788.3086440383465,792.5578866396227
1079,Mrpl45,105,791.2583226215471,793.9006368986912
1080,Hdgf,56,789.1638939742063,793.0553158722506
1081,negative_control,1411,790.510826263172,795.8533603888384
1082,negative_control,2056,789.3033585898752,794.6087219883505
1083,Psmd2,163,789.9140679163072,715.8621000445737
1084,negative_control,1421,790.6964128655732,747.2915787064858
1085,Psmd2,163,790.1987124047539,748.2947135157838
1086,Pcdhgc3,138,790.4925309431367,1040.7527248485023
1087,negative_control,2022,790.4045059341017,1041.6123143002628
1088,Psmd2,163,789.7134417258155,846.7631954057456
1089,Timp2,229,791.8562289082345,1028.5070771145313
1090,Ddx17,26,788.1349022765514,1030.833738290504
1091,Aebp1,4,789.9140329164993,1029.4876125275475
1092,Arf1,6,792.0295087851354,1028.317633897119
1093,negative_control,1940,788.921302693342,1030.241159352488
1094,negative_control,347,788.5848601039603,1031.0108377452498
1095,Npc2,128,787.3737996754572,1031.0684896271894
1096,Rps15a,191,791.7150504333811,1028.300210713781
1097,Psmd2,163,790.7638247543891,1078.982639873925
1098,Rpsa,197,791.1422869126541,829.4002900530447
1099,Rpl18a,187,791.6884786805597,830.5864165477119
1100,negative_control,1339,791.8410935380612,738.9235417888708
1101,Myc,117,793.7688072160973,900.1769747929739
1102,Rpsa,197,794.0098757454552,794.4953599813506
1103,Aebp1,4,793.9680534144657,868.5759162539246
1104,Rpsa,197,795.1317162130479,1041.1111679268338
1105,Actn4,3,798.1743552482934,1055.3112718122889
1106,Rpsa,197,796.1321231968515,1058.04255719293
1107,Twist2,247,797.5863172472443,1057.6903832109178
1108,negative_control,1430,797.1211487543408,1056.775535734329
1109,Rpsa,197,795.8948455819391,893.779330136264
1110,Rpsa,197,796.0741386737848,1049.056407639165
1111,Ctsb,25,797.0012978568035,814.7110709672716
1112,Pdia6,142,797.8233863506183,812.8893974592646
1113,Xdh,262,797.7171490709944,813.2556166080552
1114,negative_control,1318,797.0307942620791,813.8030513967865
1115,Psmd2,163,797.2094052499268,751.8358720938987
1116,negative_control,1522,795.7048442565281,760.6716611946189
1117,negative_control,555,797.8029934569583,759.6484580939834
1118,Rnf11,185,797.3011553249529,761.0604660034589
1119,Rpsa,197,798.219070984561,1028.1666300483007
1120,negative_control,1252,799.3308813003239,1028.8091409713911
1121,Ybx1,263,798.6747148192105,988.2105186401714
1122,Fbln2,42,798.133607305007,870.746909775849
1123,Rpsa,197,799.2380930381753,731.9300721430134
1124,Rpsa,197,800.274019195133,772.6032638108816
1125,negative_control,1840,800.7918059361193,1021.9549340657884
1126,negative_control,1662,800.7070328192908,1022.738441964136
1127,negative_control,1079,800.8177343614515,1021.8763536219758
1128,Hnrnpk,59,797.655829887231,1019.0528280467576
1129,Rpl15,186,798.5946575000921,1020.5711853989636
1130,negative_control,403,800.8273899811985,1021.4535656204312
1131,negative_control,809,800.9181479565373,1021.8887879392696
1132,negative_control,1041,799.0417572442557,1020.7225567604132
1133,negative_control,1476,801.0365146970009,932.616393896118
1134,Eif3i,36,802.5787037709047,826.942470225664
1135,negative_control,1662,802.3180368801578,826.6458396972537
1136,negative_control,785,801.4010956755607,826.8019187013814
1137,Rpsa,197,803.3759981747965,998.0596153653532
1138,Psmd2,163,803.248198061071,1060.8262138464695
1139,Mtap,114,804.6836923019558,1061.3406529633949
1140,Pa2g4,135,805.7587175562428,1060.9769763868178
1141,negative_control,1471,804.4844801846008,1061.9057209144414
1142,Zyx,271,802.9946058406347,1061.5700057475603
1143,Rpsa,197,803.2252954147218,1052.8566389452735
1144,Sfpq,206,803.6239632000697,906.3403335037394
1145,Aars,1,804.4055988450885,810.3133545989002
1146,Vim,261,804.8255123884035,1075.3086839635862
1147,Rpsa,197,804.4103976019048,820.8336785750226
1148,Aebp1,4,804.7455006239346,1022.6331334940534
1149,Aebp1,4,804.956702330566,837.9406180676849
1150,negative_control,755,805.9939853816718,859.786370628827
1151,Twist2,247,806.1836751633548,958.0915171462518
1152,Psmd2,163,807.7845996681672,759.3070845237121
1153,Fbln2,42,808.2039101387595,863.1439786986673
1154,Rpsa,197,809.137753241907,766.7885476150767
1155,Rpsa,197,808.9397455043332,813.4788853899327
1156,Rpsa,197,809.9834513985347,1055.529935352608
1157,Rpsa,197,809.6993270548918,1045.9958231784688
1158,negative_control,1062,810.4902610332314,1096.5612592239422
1159,Aars,1,810.6569073762205,1005.271300947994
1160,negative_control,400,811.1380429673845,983.7354885430916
1161,Aebp1,4,810.7110079733229,939.7670277903874
1162,negative_control,1357,811.3055386085902,1007.4235538390972
1163,Vim,261,811.473059130911,1009.4072684316724
1164,Hspa8,62,811.2704260882142,1008.0376181541588
1165,negative_control,774,811.3960880922978,1008.8205555681292
1166,Psma7,161,810.204226738336,1008.1436784175168
1167,negative_control,801,810.4943956089444,1008.1001405205463
1168,Rpsa,197,811.9574854434759,877.6954041332044
1169,Fbln2,42,812.8189044036715,917.0988134445296
1170,Psmd2,163,812.9839747758049,854.3147631193542
1171,Rpsa,197,812.5666043314314,839.963204501679
1172,Rpsa,197,813.4107368110859,1073.7358866985696
1173,Emp1,39,814.2258736561516,799.2684477602531
1174,Rpl18a,187,813.7208315103198,798.7515620079453
1175,negative_control,537,815.02079749351,798.656546917924
1176,negative_control,714,815.3615693288625,797.6012704540332
1177,Rpsa,197,815.5371024710385,866.9154316219276
1178,Rpsa,197,816.9981563452397,1041.5331468564495
1179,Psmd2,163,817.2935130693135,830.2882460321022
1180,Oaf,133,817.190503123662,903.731837502946
1181,Ncl,121,817.9571086885567,904.0846094612832
1182,Rpsa,197,818.6579468901382,1084.0789694609457
1183,Prrx1,159,818.9918008893866,916.8999219820475
1184,Rpsa,197,818.967267795378,984.8180452120176
1185,Rpsa,197,820.7192096209106,1026.930082370844
1186,Txn2,248,821.3826845905038,1025.466158564962
1187,Nr2f2,129,821.9851776489727,1025.0586344744047
1188,negative_control,2060,822.4362302754687,1024.667999219224
1189,negative_control,1207,821.7492946023384,1025.140766822291
1190,negative_control,1506,821.963373413557,1025.1871493588596
1191,Rnf11,185,820.8915680999146,1025.4358305619176
1192,Psmd2,163,822.414405112718,944.4878365860892
1193,Vim,261,822.7801289700475,810.3978757176387
1194,Ncl,121,823.0325410296281,810.5361407224821
1195,negative_control,1320,822.6014632956213,810.0407218349741
1196,Psmd2,163,824.1793170517111,895.3726481352958
1197,Lrrc59,79,822.5632113741267,1038.9398070373932
1198,Rpsa,197,823.5016182591074,1039.6251750720664
1199,negative_control,1509,823.1871653094585,1065.5920332194771
1200,Sdhc,203,822.1953009647837,1064.0962017962936
1201,Dpy19l1,27,823.6957872331499,1066.5022976021855
1202,Sf3b2,205,822.6724215130492,1065.5049750460494
1203,negative_control,664,824.0730097404723,1064.36164357433
1204,Fbln2,42,823.9441972420121,1062.4333711978193
1205,Trap1,240,823.9485888071915,1063.7508963951404
1206,negative_control,1437,823.9873861229511,1063.7414495452522
1207,negative_control,686,823.3415228015797,1065.2042379711495
1208,negative_control,931,824.5165120677062,1061.3773954216883
1209,negative_control,1504,823.4526109331453,1066.1113911622024
1210,Rpsa,197,824.4974150786229,1092.2674795167927
1211,Vat1,259,824.157842717062,866.9996046960507
1212,Twist2,247,824.1302597245804,867.0913708889668
1213,Gsto1,54,824.3404542884504,866.9564568391588
1214,Vim,261,825.93993499197,1105.308234820471
1215,Rars,180,825.5315712604207,1105.876200222007
1216,Rpsa,197,824.2995581952441,989.3227468655552
1217,Rpsa,197,826.5983307696415,878.8374569460132
1218,Rcc2,183,826.4250186120512,1101.4037463973664
1219,Hspa8,62,826.0164518892839,1098.8486540266872
1220,Lamp1,74,826.0177909148116,1100.5253019043048
1221,negative_control,1107,826.9834627290412,1103.5275761912835
1222,negative_control,1909,827.5683892418652,1076.3149467650535
1223,negative_control,1714,828.1184511822566,1077.904896772237
1224,negative_control,1175,828.2472451375281,1076.0566741766086
1225,Ubxn1,253,828.9846477623956,1077.2569214506514
1226,Rpsa,197,828.1298999748769,1075.4113530646423
1227,Ddx17,26,828.2607670800626,1076.9182637754318
1228,negative_control,2084,827.1807510144243,1076.654489946161
1229,negative_control,1726,828.0701532432083,1077.1990923528788
1230,negative_control,1880,829.8443822964175,1064.2803497662032
1231,Eif3i,36,830.0703248019419,1064.5157517686284
1232,Nr2f2,129,825.2061297399093,815.7758164394023
1233,Loxl1,78,827.3869447333864,814.7500698095831
1234,Rpsa,197,828.0507729467718,814.8988859091136
1235,Tnc,232,828.5448842586061,814.0132051360024
1236,Psmd7,165,826.6117344395393,815.7167261618958
1237,negative_control,1279,828.6794966736973,1061.1471356682
1238,Psmd4,164,828.401871228074,807.3209943563979
1239,Rpsa,197,828.7021141151372,996.3654628609016
1240,Rpsa,197,828.2965647629737,911.9418389685636
1241,Myc,117,828.6655031653289,888.5015641881205
1242,Rpsa,197,829.5935372601192,1059.7582103148347
1243,Rpsa,197,830.8745172172751,842.9815207686702
1244,Prrx1,159,830.7916452333222,1102.321284050515
1245,Rpsa,197,831.2633873147636,823.4190400725679
1246,Aebp1,4,832.231205011781,1051.0263767024471
1247,Rpsa,197,833.4862358630361,879.0670721111296
1248,Eif3e,34,833.4394961754916,1021.4620685867876
1249,Rpsa,197,834.4408169770597,903.523495191604
1250,Sfpq,206,834.3549913242528,1101.9353341611406
1251,Psmd2,163,833.9122813843431,1101.2306151968792
1252,negative_control,634,832.9580887764741,1101.449272007968
1253,Rpsa,197,835.0419258083584,1091.7518547602822
1254,negative_control,1320,836.4873301809237,872.3950480338304
1255,Prrx1,159,836.0229528788234,907.8391666287
1256,Fbln2,42,836.1332433248795,1048.272299144031
1257,Efemp1,29,835.3117524984938,1049.4289541329345
1258,Ywhaz,268,835.2850066494734,1048.3431883490246
1259,negative_control,1025,834.751282677694,1050.2035892794297
1260,Prrx1,159,836.9091173745472,837.6239702137611
1261,Txn2,248,836.466079030265,839.0194683937981
1262,negative_control,1755,836.7920043886871,838.5248916803089
1263,Vim,261,837.3395287292183,801.6265564635352
1264,Aebp1,4,837.5112800516213,1032.9299208079706
1265,Rpsa,197,838.1592120159714,993.7021217924035
1266,Raly,177,840.1471378177716,1115.2667297395185
1267,Ndufv1,124,838.6762385253053,1113.7086659954198
1268,Rpsa,197,838.0660533639793,1115.9421091325282
1269,St13,220,838.4023572968107,1115.3920586515048
1270,Rpsa,197,838.1134383492454,817.5181873777915
1271,Ppp2r1a,151,839.0182951953499,1065.805887016735
1272,Psmd8,166,838.3860720508989,1066.4108416495924
1273,Tpi1,237,839.2109410832942,1064.808815058289
1274,Rpsa,197,837.6498406149284,1093.020610019997
1275,negative_control,373,840.4340115053722,1069.4601072935711
1276,Nedd4,126,838.8362359663442,1068.6461053062203
1277,negative_control,360,836.892723653161,1069.1593418294374
1278,negative_control,1993,838.6881790940257,1069.4861610322882
1279,Arpc2,7,839.439253679657,1068.8839588377275
1280,negative_control,548,837.900198487396,1069.117700285542
1281,negative_control,1373,837.3264124708893,1068.509130827358
1282,negative_control,1430,840.4694131961971,1069.231262976583
1283,negative_control,1997,837.988346543089,1038.651621570773
1284,negative_control,275,837.8887186520114,1039.5161292628095
1285,Gsto1,54,839.8033477447743,1039.0931461299224
1286,negative_control,1457,838.885856128209,1038.8929098547587
1287,Sdc4,202,837.7227952841633,1040.053566455959
1288,negative_control,550,838.3395906164831,1039.2097343660246
1289,negative_control,1908,839.4413343544235,852.4732326844669
1290,Rpsa,197,839.0361914444355,998.4529396821864
1291,Myc,117,840.8405994503789,907.47413717358
1292,Vim,261,842.8815088004972,1046.65993837229
1293,Hspa8,62,839.7888388297608,1047.3365224722652
1294,Vdac1,260,842.121145130209,1046.5033100630037
1295,Efemp1,29,840.4394272657303,1046.7044333208405
1296,negative_control,1247,842.0164418187721,1047.435472794235
1297,Vim,261,839.0923592528196,1047.9960802444716
1298,negative_control,1361,839.8780531728494,1047.0147052603547
1299,Jun,70,839.288983041411,1047.2752665029102
1300,Ckap4,14,840.7164913112213,1048.3878550268948
1301,negative_control,1686,841.1610427457309,1047.239556989467
1302,Aars,1,840.8217613976453,1107.014807380448
1303,negative_control,1555,841.7996567193718,1023.2309871866672
1304,negative_control,1779,841.643043959522,1060.1995984248413
1305,Rpsa,197,842.3910331507516,1006.3274258854302
1306,negative_control,1711,842.3710207217471,1029.055546449868
1307,negative_control,859,842.2139198365139,1030.5236302400103
1308,negative_control,1539,839.9788928795183,1030.5884459785152
1309,Lamp1,74,841.4329996480666,1029.1889830360358
1310,negative_control,373,843.2262257167017,1029.174168307338
1311,Thy1,228,840.0714101552581,1030.5670692640865
1312,Eif4b,37,841.6411098557438,816.8929350615622
1313,Nfe2l1,127,842.4543052895158,816.5580735677026
1314,negative_control,1178,842.2812244178289,816.8539657651454
1315,Emp1,39,841.9430178991778,817.1516357344854
1316,Arpc2,7,841.8605103184385,816.1456055702008
1317,Tspan3,245,842.0975559680353,1102.7899663185278
1318,Rpsa,197,843.4294117165846,989.2629992241637
1319,Vim,261,841.9514312044764,838.7389483550562
1320,negative_control,1858,843.6770732349182,886.1212862379749
1321,Rpl18a,187,843.6250744101469,1097.8407151519857
1322,negative_control,1960,843.6936014564901,1081.4181442046006
1323,Myc,117,843.6783987154913,868.5014755431796
1324,negative_control,1858,843.2556646065216,828.6918723860175
1325,Raly,177,842.6653301466741,830.1271949361712
1326,Arf1,6,845.5150331915268,851.7126913749444
1327,Polr2e,148,843.6770658475148,852.282650939871
1328,negative_control,401,844.5487691372717,852.2676474040297
1329,Cited2,13,844.205601951988,919.5915106332642
1330,Prrx1,159,844.3975405198366,918.968511739426
1331,Rpsa,197,844.770206141215,938.0186162854396
1332,negative_control,1960,844.5548295767792,1072.2406708622734
1333,negative_control,944,845.5725700595427,1106.9282578773225
1334,Ptges3,168,844.3464101549558,1019.2570007651956
1335,Sf3b2,205,845.9394469694365,1065.463776416907
1336,Mrpl37,99,846.8878938885354,1066.5479560085207
1337,negative_control,623,846.1513473759813,1065.7816212466732
1338,Psmd2,163,846.0371506386922,1039.8803643476283
1339,Rpsa,197,846.4339528312377,915.0917613926256
1340,Rpsa,197,846.3841229225693,934.033968456872
1341,Rpsa,197,847.6112396356522,1032.9604904186494
1342,Rpsa,197,847.5716534705169,1077.651559651757
1343,Nr2f2,129,847.1880477852573,1038.2534188983254
1344,Uba1,250,847.1379740344471,1039.20153706165
1345,negative_control,1299,847.5226388951305,1038.105386909405
1346,Ptges3,168,848.3696970819049,1038.6976236671092
1347,Lmna,77,848.2190861714141,1038.580712812481
1348,negative_control,1858,847.238379819336,1039.156035894286
1349,Pkm,144,848.7169560329434,1038.5594607369867
1350,Vat1,259,847.0474573245396,810.5334773533368
1351,Rpsa,197,849.5809764973164,1049.045665826607
1352,Rpsa,197,850.0784718017596,847.2597528521204
1353,Rpsa,197,850.6260941737471,940.8222003586156
1354,Pcdhgc3,138,850.974774317481,817.4008498680637
1355,Nr2f2,129,851.3045192036674,882.762130794809
1356,Rpsa,197,850.5506003816704,882.9514704801849
1357,Mdh2,85,849.4911560935091,883.5050860452793
1358,Psmd2,163,850.5059214449873,1118.6438133657623
1359,Rpsa,197,850.8142367123216,967.276272580134
1360,Rpsa,197,850.7908062520655,981.5593881517052
1361,Ugdh,255,851.7047362192275,1095.255969110684
1362,negative_control,1691,852.6921586351117,1096.1785475289205
1363,negative_control,1875,851.9465174188438,1096.620391053602
1364,negative_control,404,851.5377580514053,1098.0259214434843
1365,negative_control,1320,851.0859304288097,1096.5689772442793
1366,Prrx1,159,851.2038556774874,829.0262208992901
1367,Rpsa,197,851.6697645674241,954.5844743044828
1368,Prrx1,159,853.058854919745,820.3751248610853
1369,Nr2f2,129,851.5235856645384,1105.5350404603978
1370,Hspa8,62,850.4558697644769,1105.4021423660483
1371,Ywhaz,268,851.484085151131,1105.8530417605689
1372,negative_control,1545,851.1646639160579,1105.8483225879122
1373,negative_control,1521,852.4821811241602,1104.3607834048764
1374,Rpsa,197,853.5953982180745,926.6000573766806
1375,Psmd2,163,853.8120494465192,892.5021542058281
1376,negative_control,1292,852.778577799592,1041.636283672913
1377,Timp2,229,852.4493771470277,1041.5070164956214
1378,negative_control,1779,852.2895833109341,1041.313910595883
1379,Rpsa,197,854.4952125055258,1054.279260839151
1380,Rab5c,173,855.752219302882,873.9702641723394
1381,Rpsa,197,854.8557850898111,873.0958677374449
1382,Prrx1,159,855.7483600249578,1044.5695699640823
1383,Rpsa,197,857.0194711990032,979.6055074898534
1384,Fbln2,42,857.6281850767243,889.3835308975375
1385,Hnrnpk,59,858.7732318414487,889.9385432814029
1386,negative_control,2097,859.605523235999,1103.625022238874
1387,Zyx,271,859.0632349130542,1103.5366581885428
1388,negative_control,847,858.9468923060855,1103.4836394468884
1389,Pkm,144,856.5014592052183,876.9757956431606
1390,Gpi1,52,857.0784987151897,875.2607445755176
1391,Tnfrsf1a,233,856.8372292005981,875.9761509319509
1392,Rpsa,197,857.5333330046761,793.2917996248609
1393,Aebp1,4,857.7598230827896,1088.798563320002
1394,negative_control,929,858.1157228251775,1110.1283678595232
1395,negative_control,658,858.6885579934,1110.3710897000828
1396,Pkm,144,858.1323720050726,1109.563487604393
1397,negative_control,1654,855.0243942179978,1110.530611419715
1398,negative_control,1175,859.3337420776651,1110.9185908497634
1399,Prrx1,159,858.2472650255775,1109.0408654670266
1400,negative_control,1494,858.1911890841047,1110.4692290485998
1401,negative_control,497,858.8392348738166,1108.3511472631062
1402,Rpsa,197,858.3045336074614,1075.8945972540175
1403,negative_control,1476,858.8553558317619,1068.3631500512888
1404,Nedd4,126,858.2231912630579,1068.4181505146958
1405,Aebp1,4,858.6377386023165,798.7913016265371
1406,Aebp1,4,858.3020798376178,994.6536088447956
1407,Ctsb,25,859.7217935441124,997.7156946074388
1408,Rpsa,197,859.963254365197,1096.3122810951047
1409,Nr2f2,129,860.4230959296502,1059.7786362343531
1410,Csnk2b,23,862.162396732535,1057.979000739846
1411,Tomm40,235,861.7058927480214,1058.804261673913
1412,Mrfap1,89,861.01502602883,1059.0536680442715
1413,negative_control,2079,862.1227172999597,1057.828413099198
1414,negative_control,703,861.4114521716881,1058.6996694425884
1415,Prmt1,153,860.4574546408805,1045.873927707899
1416,Rpsa,197,860.3402889129923,1047.3214301414555
1417,Lmna,77,861.0383121460343,1046.0078621072223
1418,Aebp1,4,860.4511195391324,944.8771947236052
1419,Rpsa,197,860.4231414083115,1085.4590963241913
1420,Gpi1,52,860.9095860712932,883.6637339455941
1421,Timp2,229,861.7636234090488,920.1087692473892
1422,Uck2,254,862.0435646362077,920.7340135477134
1423,Rpsa,197,861.5790796868223,1072.6236750221767
1424,Aebp1,4,862.1040098282205,939.1771578853106
1425,Rpsa,197,862.1642625105225,936.1964105399314
1426,Ctsb,25,861.790873646334,1077.4529462639755
1427,negative_control,1395,861.4399646902871,1033.8615836660952
1428,negative_control,1865,860.7642929552372,1033.9953623630377
1429,negative_control,553,862.2394058026758,1034.2523767551877
1430,Actn4,3,861.1219136660295,1036.017223328063
1431,Myh9,118,861.503178884896,1033.81534990633
1432,negative_control,1087,861.7893079848907,1035.0625425632047
1433,negative_control,394,862.598197019728,1033.1478060297864
1434,Pdia4,141,861.8328163797261,1036.6564074526596
1435,negative_control,1471,861.7537406437119,1034.4515684092469
1436,Ctsb,25,863.0855244519478,1027.3411581378418
1437,Rpsa,197,863.0944630242789,1022.9112310129055
1438,Rpsa,197,863.3031378317697,926.1338334960374
1439,Prrx1,159,862.768595124993,1117.8139283003609
1440,Ctsb,25,863.7576827316576,915.0635891231988
1441,negative_control,546,863.2402352685519,891.7962318013069
1442,Prrx1,159,864.1380692507,1128.4370939673677
1443,Twist2,247,866.1247097254634,1106.0365874580257
1444,Hspa8,62,865.1858700704847,1105.5642313819408
1445,negative_control,414,866.574862985251,1106.7609340551182
1446,Vat1,259,866.8424490036113,971.3123175745004
1447,Aars,1,866.5425201365804,1027.6729101660944
1448,Oaf,133,867.436233272753,1069.376867319412
1449,Rpsa,197,867.1296025250816,1074.103565275624
1450,Vim,261,866.3281149323349,1029.5415522877393
1451,Trim28,241,866.2117709893994,1028.9403315226946
1452,Rpsa,197,868.4959555899218,1067.5092106485777
1453,Emp1,39,868.8387741953604,952.680502648479
1454,Prrx1,159,868.7124928006742,815.0119704691612
1455,Rpsa,197,868.420642373462,997.896500711191
1456,negative_control,1371,868.4454550156538,989.0711530874648
1457,Psmd2,163,869.1644402616392,923.9453872773164
1458,Ctsb,25,869.0351623101399,1045.599534119959
1459,Prrx1,159,869.3520537866955,894.1328037712217
1460,Rpsa,197,869.6027787682395,1097.8979224290272
1461,negative_control,1235,868.6251017952213,1050.6452751992888
1462,negative_control,1260,868.8441198884657,1050.580611862487
1463,Lamp1,74,868.8234808706816,1050.8181930094024
1464,Sfpq,206,869.4574707251819,1048.961775615042
1465,negative_control,1835,869.5545889276614,1049.9775489599274
1466,negative_control,1662,870.5143868241112,899.0957878749422
1467,Aebp1,4,871.7806759122846,961.633311924403
1468,Sat1,200,871.0204757916523,1090.7082386130965
1469,Aars,1,871.2297221621149,1091.3549388001063
1470,Rps15a,191,870.5912189810074,1091.635138723973
1471,negative_control,1908,871.1196653427608,1065.1478686840685
1472,Ctsb,25,872.4844715243457,1055.1244871187937
1473,negative_control,718,873.3293188482635,977.7626041750312
1474,negative_control,1479,872.9644302679092,1004.73032759847
1475,negative_control,1021,874.0060990468417,1005.1982160416846
1476,Ybx1,263,874.2593222099151,1005.9519491962398
1477,negative_control,1992,875.0241291082317,1004.7695164259114
1478,Trap1,240,873.4620643652379,1005.0273579486836
1479,negative_control,1441,873.9051376991565,1004.8522092603904
1480,G3bp1,49,874.0341432572221,1005.255765150692
1481,Lamp1,74,872.9124018064729,1004.4820996247136
1482,Aebp1,4,874.4194584455709,1048.6534464958916
1483,Pdia6,142,874.105917794594,940.6668395766704
1484,Psmd2,163,874.1877014581933,940.5989182719188
1485,negative_control,1010,874.7076419393096,963.7304328404314
1486,Tomm40,235,875.0965955165511,964.3941745904284
1487,Ppp2r1a,151,874.6060516511129,959.1090841192448
1488,Rpsa,197,874.8486302851759,1088.2935980250854
1489,Gsto1,54,876.5694575402376,912.0473064539452
1490,Psmd2,163,876.337870624381,912.1272535320436
1491,negative_control,468,876.0100600256845,910.79884340485
1492,negative_control,1140,877.0560169619391,910.9633796149784
1493,negative_control,396,875.7018095834446,973.5008167519524
1494,Lmna,77,875.8845021542028,973.6878686667096
1495,negative_control,554,876.235273298979,974.3052136873358
1496,Rpsa,197,876.883648684333,991.4244320226586
1497,U2af2,249,877.2126407051118,1044.5443057230946
1498,Psmd8,166,877.3206802282031,1044.8234511351377
1499,negative_control,1476,877.3079333046653,1060.0271920522136
1500,Pa2g4,135,878.2481281781828,1074.1988485327342
1501,Loxl1,78,877.9511881786685,1074.304299623337
1502,Rpsa,197,877.9619858062692,1115.085534796153
1503,negative_control,1242,881.2692407721163,1092.5204841773357
1504,Uba1,250,880.4383371788509,1092.137837983472
1505,negative_control,392,880.5014426656617,1092.8859561167474
1506,Ssrp1,219,879.0558925091241,1093.5625887691542
1507,Pkm,144,879.8455120169829,1093.9449145415756
1508,negative_control,1268,881.1462398691393,1093.305091174629
1509,Actn4,3,878.6977655443062,1090.8140252333956
1510,Mrps5,110,876.3141733074543,1121.1945190115111
1511,Pkm,144,875.8835617281377,1121.7140397151045
1512,Rrp1,198,878.205533056185,1121.2189898121462
1513,negative_control,1267,878.1852471649454,1120.7473891858133
1514,negative_control,922,878.9227390581664,1120.4772680487483
1515,Lmna,77,879.7794901087362,1120.834882221841
1516,negative_control,1888,879.1861404226142,1119.9509139175368
1517,Prrx1,159,878.9128918322283,1118.2118504374664
1518,Rpsa,197,878.3089043895995,1016.8863699047874
1519,Prrx1,159,878.6834468885472,894.829090089219
1520,Vim,261,877.1705934971945,1020.6321070244924
1521,G3bp1,49,877.3430812737191,1020.5252770034896
1522,Efemp1,29,879.5508266302304,1022.604463005894
1523,Ckap4,14,877.9554544233966,1021.2636901950672
1524,negative_control,951,877.4936820074262,1022.3981178769988
1525,negative_control,401,879.1348145871009,1023.1105381283254
1526,Taldo1,223,878.9056341535057,1020.9000456473372
1527,Psmd2,163,878.7766559649176,901.8809681949588
1528,Cited2,13,880.1633337744835,1020.67546367896
1529,Nudt9,132,879.7115157021474,1018.306507670228
1530,Thy1,228,880.8432079787597,1018.8839012285644
1531,Ywhaz,268,879.6459809255115,1087.8254721266912
1532,negative_control,1456,880.9551012023189,1087.183194346488
1533,negative_control,298,880.1800716018322,1086.5284681831486
1534,Rrp1,198,882.1586760292587,916.0520705272866
1535,Rpsa,197,880.5586921578371,920.0423787958672
1536,Jun,70,881.8526046965576,919.124546527586
1537,negative_control,411,881.9885971347661,917.5685108213
1538,Nr2f2,129,881.525273384799,1081.7649065858454
1539,Psmd4,164,883.7562917897174,1029.8142271561924
1540,Tnc,232,880.5699438800805,1033.0580093523884
1541,Tmbim6,230,880.6467485506698,1031.1439041592098
1542,Cct5,10,881.552016384252,1032.8182866220195
1543,negative_control,1061,881.905804884761,1032.3509511405107
1544,Rpl18a,187,882.299885298146,1034.0637870791425
1545,Vim,261,884.9238346540308,1029.0173795659423
1546,Tspan3,245,881.944106600827,1035.592245700132
1547,negative_control,274,881.6483863051733,1033.3685531221568
1548,negative_control,1178,881.3842328106301,1034.736566475376
1549,Got2,51,884.1388819852186,1030.5502000631072
1550,Rpl15,186,883.0290055256323,1033.898594296684
1551,negative_control,1206,882.598786596089,1032.0473506876365
1552,Msn,112,880.8334955113083,1032.557854716369
1553,Rpsa,197,882.0940394193822,1067.913241143771
1554,Rpsa,197,882.4618970672294,1045.2696445361971
1555,Uqcrq,257,882.532619585476,1044.9611199194983
1556,Prrx1,159,883.0813868637,1039.130085479349
1557,Rpsa,197,883.9579433451407,1061.134942235023
1558,Rpsa,197,884.9515595888179,1076.6074876630012
1559,negative_control,377,883.7521897370738,1071.0476118823608
1560,negative_control,1371,884.6088430181337,1071.8044180414845
1561,negative_control,1630,883.6597058631712,1070.4367015577277
1562,negative_control,1902,883.8423248374908,1070.0627321972393
1563,Rpsa,197,886.3470689904434,1139.437893711333
1564,Cited2,13,886.9718673248399,1086.0080103692922
1565,Sfpq,206,887.178060893135,1095.3546148310595
1566,Mtap,114,888.0806907999124,1094.5079861264269
1567,Csnk1a1,22,888.0765277237326,1089.4222691982582
1568,Prrx1,159,887.7798028922697,1085.6198436996362
1569,negative_control,1803,887.6978558852057,1093.8874336422832
1570,negative_control,1253,887.8807383257029,1091.7555077662207
1571,Cct5,10,887.3605015211062,1090.372973351556
1572,negative_control,273,887.6770892144464,1091.3477079292952
1573,Arf1,6,886.3902520777353,1086.888419609184
1574,Rab5c,173,888.0714447191132,1089.4651053039324
1575,Got2,51,887.3428206480205,1086.783786636671
1576,negative_control,1698,887.5761617725324,1087.94544292737
1577,negative_control,1880,886.71115050648,1091.1309386327762
1578,negative_control,851,887.556789171204,1086.3039663730096
1579,Prrx1,159,888.5401514142922,907.9985601961978
1580,Rpsa,197,890.8193746074053,1106.84067762183
1581,Rpsa,197,890.9818236943071,1131.2553664225193
1582,Psmd2,163,892.3282831124146,1110.3161662326163
1583,Rpsa,197,892.8548391731238,1100.9513210567666
1584,Rpsa,197,893.429252814135,1118.822457967854
1585,Rpsa,197,897.7981705461713,1130.177514582807
1586,Rpsa,197,905.9803540526544,1215.1082338325357
1587,Mrpl38,100,506.1686408311813,804.9478980352012
1588,Psmd7,165,543.4591824850136,848.8729493639787
1589,negative_control,867,545.6133095333055,821.5993644011095
1590,Rps6kb2,196,545.1285724755737,820.625653910683
1591,Lmna,77,549.7261947865647,847.2666406054248
1592,Rpl18a,187,550.348311077498,846.4105598694055
1593,Uqcrq,257,551.4876332122518,846.6213443771749
1594,Rab34,172,552.2114721343554,776.8418844667881
1595,negative_control,794,550.5712044169208,777.3484995414233
1596,negative_control,403,551.3270358962519,778.5153165870775
1597,Arf1,6,550.7075924691045,779.362027343225
1598,Tnfrsf1a,233,551.1822998087121,777.8489215843373
1599,Msn,112,561.6523695890855,854.1615422439339
1600,H1f0,55,561.8277211579253,854.495703933967
1601,negative_control,859,562.0501184326326,854.9640047147202
1602,negative_control,281,561.6419367807222,852.9342090193951
1603,Neat1,125,563.6710550574585,830.3613929911462
1604,Rab34,172,573.2195719269062,823.2065173089024
1605,negative_control,963,573.4784826131323,785.4411269551936
1606,negative_control,1771,584.4955934839992,850.3293804995568
1607,Mrpl38,100,586.9274052487821,772.7466131262323
1608,Mrpl38,100,592.7473964954755,759.2169173461893
1609,Plin2,146,593.836090503913,817.1321348659292
1610,Psap,160,602.9739209858158,833.822526406012
1611,negative_control,530,605.798827329577,803.0771745613279
1612,negative_control,1089,610.1427181473465,808.0689882830552
1613,Mrpl10,91,611.3990646249156,764.1631383111564
1614,negative_control,308,620.9867265535222,838.1261162501156
1615,Polr2m,149,620.9506778263001,839.2578049179474
1616,Neat1,125,622.1017636982453,812.1691696906471
1617,Rpl4,189,633.2183929831632,776.8273727739771
1618,Vim,261,637.7676576732192,785.4724220047142
1619,Pkm,144,637.6528366148146,790.1889091293394
1620,Sf3b2,205,636.9764308710362,791.8029816012856
1621,negative_control,793,638.0677375480684,791.2696754914584
1622,Rpl18a,187,638.0579932044018,793.3409871869425
1623,Ywhag,265,640.9111805572246,813.3946911691219
1624,Ndufs2,122,648.2302966422868,843.2276780549734
1625,Ppp2r1a,151,648.4679453810397,777.297016278829
1626,negative_control,1911,653.5450976219063,863.826543314465
1627,Nr4a1,130,654.4306876832037,780.7981098079944
1628,Vim,261,655.7157868429747,806.3486321151863
1629,Hspa8,62,656.2517016074539,826.4030895833515
1630,Vim,261,656.810618898996,827.5008110372443
1631,Pkm,144,662.2890881302037,842.237264645746
1632,Ywhag,265,662.4162733932917,841.1261364656114
1633,Plin2,146,663.29510190215,799.0341138807559
1634,Vat1,259,667.9188422275404,781.4910097097963
1635,negative_control,757,672.2451099118125,822.4396391151015
1636,Rab34,172,680.8271419993065,828.655008380453
1637,U2af2,249,684.9148307528028,814.8336540685038
1638,Rpl4,189,690.3678490451282,842.989426720944
1639,Fus,47,691.2892894703149,841.5231240920597
1640,Rab34,172,690.8111504878789,809.0526128364597
1641,negative_control,623,704.0769324923187,809.306075851382
1642,negative_control,1846,705.8596480512307,809.0961762408275
1643,Ndufs2,122,707.0851079182785,873.7151718504476
1644,Mta1,113,710.3517759162505,772.1324299893356
1645,Cnn2,16,710.4781061489857,773.9236335991679
1646,Nap1l1,120,711.0715451445508,771.9843126714205
1647,negative_control,847,711.1115115271444,772.9568105785854
1648,negative_control,1373,712.1956303897751,772.9601064906075
1649,Ywhag,265,711.0162297572766,787.5285721530297
1650,Ndufs2,122,711.4017940512148,870.0982912982977
1651,Eef1g,28,713.42724643914,883.770382021863
1652,negative_control,1329,712.5380931163846,885.0014523033364
1653,Prpsap2,157,712.1108245527822,885.0058924226795
1654,negative_control,945,711.8354959082878,884.6655828188328
1655,negative_control,1494,711.5995102813793,883.9765929058176
1656,Ywhag,265,715.294070207902,755.294447420971
1657,negative_control,368,714.9559376874424,753.4262890950779
1658,Spon2,213,716.4532110735292,862.5666675025689
1659,Tnc,232,716.2539950705267,863.502745266739
1660,Prpsap2,157,716.333968924332,864.863058410964
1661,Thy1,228,719.9171244884599,890.777117881022
1662,Ywhag,265,718.8887854209047,889.9731258978097
1663,Mrpl38,100,719.1157056722068,896.0467170806344
1664,Ywhag,265,724.8954860337319,803.2216427439437
1665,Emp1,39,726.9223068239851,849.6376269481545
1666,negative_control,1981,727.0343941140287,849.6270076873307
1667,negative_control,1666,726.6090208175324,849.0334948367586
1668,negative_control,2019,726.0314228582108,848.4323599561203
1669,Prpsap2,157,730.3772115685542,920.8820686069412
1670,Tapbp,224,730.8507436394675,859.9260835845262
1671,Ncl,121,735.0093767961705,989.9598191050663
1672,Ywhag,265,735.0511930188504,989.7179106964668
1673,negative_control,627,737.2106673385701,790.215559036736
1674,Ywhag,265,738.4891718509659,979.2295217659348
1675,Cnn2,16,740.5952089455528,1017.2109090220353
1676,Cited2,13,739.9234056791063,1016.5935565875448
1677,Mdh2,85,741.3873569802856,1017.5902634695184
1678,negative_control,452,741.6259694774812,1017.3293686654334
1679,negative_control,1529,746.2201471658473,856.9712302899231
1680,Neat1,125,747.1827754000057,900.2785885580297
1681,Ywhag,265,749.1986714099701,856.8554801725686
1682,Pa2g4,135,747.7273133613874,962.7283260150224
1683,Neat1,125,748.6954892846427,963.347084186518
1684,Rbm3,182,749.5032302662984,909.2008930800378
1685,negative_control,1254,749.7690154088983,909.689239380333
1686,Malat1,83,749.8614563358747,909.4782553539748
1687,Ndufs2,122,754.0456552278714,831.1463783696768
1688,Ndufs2,122,754.5887901872682,975.1300776506628
1689,Neat1,125,756.2211015237533,965.6954395008012
1690,Neat1,125,756.3054851210889,957.6644741490747
1691,negative_control,793,756.8294261382282,774.8472002339804
1692,Tapbp,224,757.0836078269058,783.9506376334177
1693,Plin2,146,759.3562525215638,1026.8421145945829
1694,Xdh,262,760.6500153299805,727.939214729767
1695,Twist2,247,762.1850016528706,726.2541707639858
1696,Lmna,77,757.4375217382687,729.2841710831542
1697,Eif4g2,38,758.4676192874194,729.798009977486
1698,Vat1,259,757.1846027818933,728.700419644327
1699,negative_control,1503,762.1036807953308,725.5639068369711
1700,Vim,261,760.1755417954943,725.5499097011743
1701,negative_control,1813,761.3057524135816,727.7181199447191
1702,Vim,261,760.4702428606035,729.4208314935245
1703,Ywhag,265,762.4509636805482,748.7117880665809
1704,Neat1,125,763.3914400173203,897.6754446527104
1705,Neat1,125,763.8590529087105,969.2557069439744
1706,negative_control,834,766.0973338056401,1039.9412315698885
1707,negative_control,1514,767.2963765883326,992.534940720218
1708,Neat1,125,767.7590884272643,992.2138802597312
1709,Neat1,125,769.7362527918693,884.7303285859798
1710,Tapbp,224,769.2165892215409,954.9523668322886
1711,negative_control,821,768.6473569421928,827.2569255258722
1712,Neat1,125,774.0733243449139,907.1767196062644
1713,negative_control,1894,773.8375751703679,1040.604540698039
1714,Neat1,125,775.471875512231,976.4335361721994
1715,Mrpl38,100,775.4263489981357,862.4700741958945
1716,Mrpl10,91,776.7571188299164,752.7887986543943
1717,Neat1,125,777.0951232339621,887.2600424729104
1718,Neat1,125,777.2413154788967,936.9057651007944
1719,negative_control,466,777.5512157648545,738.6304797335855
1720,Neat1,125,779.9209808114546,974.5619914299244
1721,Ndufs2,122,779.8017952045295,766.5777610366632
1722,Got2,51,778.206952642658,1065.0272050261008
1723,negative_control,1755,778.5823654186087,1064.707713267633
1724,negative_control,530,780.066212862466,1064.3410592423577
1725,Hspa9,63,784.2865654687778,1008.1258821366956
1726,Mtap,114,783.910002998609,1009.1217093377708
1727,Csnk2b,23,784.4512164639546,1035.667196589999
1728,Ptgs2,170,783.9071956576056,1037.3873131698203
1729,Stt3a,222,785.105205332868,1036.2718451909118
1730,negative_control,947,786.1537143829846,1037.3844174300357
1731,Nr2f2,129,785.658213076232,1037.6831048885774
1732,Pa2g4,135,784.036939839872,1033.668354126827
1733,negative_control,1746,786.1668827487177,1036.685275417715
1734,negative_control,1044,786.518858033008,723.3510783742422
1735,Ndufs2,122,784.2679769916573,721.8556074149584
1736,negative_control,1186,785.745973992087,722.7719821289754
1737,Neat1,125,785.5674516346512,900.747183539702
1738,Neat1,125,787.6295460361612,944.5876551513796
1739,Nr4a1,130,788.7689814622851,1060.0505578378468
1740,Mrpl38,100,789.2045426415292,894.8241120774517
1741,negative_control,1160,791.139982480476,1082.8551602067596
1742,Gsto1,54,789.3272466459018,1084.7727059428134
1743,Rab34,172,789.7948102573255,1082.5650288473628
1744,Mrpl38,100,792.5237486959006,888.5976366243441
1745,negative_control,294,792.4087768690054,1047.6694933161696
1746,Prpsap2,157,793.0196893060673,798.386045543362
1747,negative_control,864,793.2478272780712,799.2622304799452
1748,negative_control,407,794.2239521773763,812.5783649282816
1749,negative_control,1545,794.9144223137628,1070.7054456710189
1750,Mrpl10,91,795.9651048693712,1066.8545500089706
1751,Rps15a,191,796.5903680385393,748.1914882013518
1752,Timp2,229,796.8750874410722,748.2646870601089
1753,Neat1,125,796.9591394916978,923.3789754510216
1754,Neat1,125,798.6184259264215,963.1473434519698
1755,negative_control,372,799.0936109363636,1003.0171920662996
1756,negative_control,1812,798.765214219359,1045.0760417019276
1757,Vdac1,260,801.0035557390967,1050.638569052545
1758,negative_control,1012,800.8414545014706,1046.5514079022828
1759,negative_control,1008,800.8732909541923,1049.9840541468143
1760,negative_control,506,798.0618772707319,1044.2566344365378
1761,negative_control,1295,799.6632202316549,1045.7390208874294
1762,negative_control,294,800.3194485753753,1046.504924678319
1763,Aco2,2,801.2698250855358,1049.4994624361696
1764,Gpi1,52,799.8478689678905,1047.4173037134922
1765,negative_control,575,799.2733998098453,1045.233761193041
1766,Raly,177,799.9888592466654,1050.360351772008
1767,Fxr1,48,801.6327508852944,767.5497294853053
1768,negative_control,350,800.8042184145495,767.4048006113504
1769,Rpl18a,187,802.4608744280034,766.1783699523573
1770,Rpl15,186,801.7233788869777,767.5454436247078
1771,Mrpl38,100,801.8047124039699,1083.0558127441702
1772,Trim28,241,800.1306209255157,1068.6106584497547
1773,negative_control,624,801.0493834724557,1070.157367555404
1774,negative_control,1153,801.8291338329609,1036.7784349411768
1775,negative_control,1339,800.9142705376123,1035.3123774715243
1776,Prpsap2,157,801.9194131003444,784.5615856069212
1777,negative_control,892,805.2976866957764,1090.4671201724243
1778,negative_control,985,804.1083328716569,1089.8191922781366
1779,negative_control,308,804.0990051013993,1089.8133549922727
1780,negative_control,1260,805.5638900343102,1089.121024601122
1781,Vim,261,806.7561320568728,1002.337534848572
1782,Neat1,125,806.3208484370416,979.2045337880152
1783,Rps15a,191,806.5266300367106,977.426531278551
1784,Rpl21,188,809.5400019416224,1074.7900289692984
1785,Rnf11,185,810.5382215882131,1073.1129877810797
1786,Eif4g2,38,809.9702631186948,1074.0457482191696
1787,negative_control,1942,810.3147522621007,1074.639590138009
1788,negative_control,964,811.4747420649669,816.6942988518203
1789,Nudt9,132,811.6096801107286,1077.7429453332095
1790,Efemp1,29,810.8041518333257,1078.8410568586123
1791,Mtap,114,810.5951495753733,1077.9116566699336
1792,Rpl4,189,814.6519972168317,808.1735189804651
1793,Tapbp,224,818.6674576708255,991.1792813820784
1794,Rab34,172,819.4945560655636,925.3149733375576
1795,negative_control,1616,819.4004786310518,823.7190844102645
1796,Nr2f2,129,819.1103873676682,823.9099614587295
1797,negative_control,778,819.5533402606496,824.5004429466646
1798,Sdc4,202,820.4074087714212,824.2862561668819
1799,Hspa8,62,818.13473833714,825.0836645433376
1800,negative_control,867,820.5333686553647,1046.3350904617023
1801,Mrpl10,91,823.742248487266,992.960179626373
1802,Neat1,125,827.4627948930524,931.6928714205028
1803,negative_control,1776,828.8668057558574,864.5735968187159
1804,Vim,261,828.0158629569186,864.5530800294293
1805,negative_control,622,828.2129348156487,818.3271098573792
1806,Tapbp,224,832.7646262867215,883.3860439461245
1807,Gpi1,52,838.8991124118393,1101.6038868014848
1808,Lmna,77,838.8101031130168,1099.6153621094627
1809,Top2a,236,837.7280288438519,1099.3707552304909
1810,Rab7,174,838.0173543629119,1098.7929819318413
1811,Rab5c,173,839.5042059791409,1101.440945080892
1812,negative_control,867,842.1836300197217,1054.9062022735502
1813,negative_control,284,844.5431004719592,1068.8295940312312
1814,negative_control,1009,844.7909284411212,1069.3933517322228
1815,negative_control,792,843.6666278380986,1068.6956061031774
1816,negative_control,733,844.1581368059979,1069.6822246088968
1817,negative_control,850,846.7253333548088,846.8114779200199
1818,St13,220,846.3793254750126,1113.3924636074655
1819,negative_control,1677,845.8266957888266,1112.5305696201865
1820,Ywhag,265,850.7418005830766,811.3856212180386
1821,Vim,261,852.1381256407584,990.9881387562984
1822,negative_control,1800,850.9461684711001,1067.4456587447023
1823,Sf3b2,205,852.1628491854599,1067.1116844319624
1824,negative_control,1743,855.6292092086143,1023.9866312054144
1825,Neat1,125,856.2910965440187,1072.8330728396618
1826,Uba1,250,858.656259588508,1124.827539983724
1827,Pkm,144,858.072902219724,1125.5089659523246
1828,Hspa8,62,857.3684429360014,1124.8010515958251
1829,Morf4l2,88,858.0786405814231,1124.444872758687
1830,Jun,70,858.1372782882476,1123.8224603348142
1831,negative_control,1264,859.3045417671603,1124.774371032828
1832,negative_control,2079,868.4288403394826,953.5173439742867
1833,negative_control,943,868.9364774872306,1070.5064911268205
1834,Hnrnpk,59,872.2028310455979,1115.7182828985642
1835,Lrrc59,79,871.5985780232182,1116.428526690736
1836,Plin2,146,872.4725802681497,1114.904711977483
1837,negative_control,821,871.1673158618065,1015.215041196265
1838,negative_control,1927,872.0631767987295,1015.6665389423774
1839,Cited2,13,870.8880022647896,1014.7227376815164
1840,Sec13,204,870.9716789118929,1015.6320115292884
1841,Psap,160,872.1839266656918,1074.8301040072702
1842,Zfp36l2,270,872.5608941984669,1075.885435668299
1843,Mrpl38,100,872.6432435290693,1001.6088910207068
1844,Plin2,146,873.7569211669445,1127.0995801964573
1845,negative_control,1352,874.7030907839255,1078.6588292920374
1846,negative_control,2018,875.6887398173259,1078.5494110340474
1847,Ywhag,265,876.7377713547683,995.2065566534716
1848,Ywhag,265,879.6614803089789,1050.71805661105
1849,Ywhag,265,880.7817354912377,1118.392063860551
1850,negative_control,704,885.1248025787108,1111.7202065041952
1851,Taldo1,223,884.341334414057,1110.9493309440588
1852,Pkm,144,516.7959721722564,811.0057643101594
1853,Cox7a2l,18,534.4889706248616,845.3305382108388
1854,Vim,261,533.5169828848813,845.4779681672128
1855,Msn,112,532.8441627079657,845.7551691733229
1856,Pkm,144,535.1158767281638,829.485669319799
1857,Cox7a2l,18,540.1763897711172,812.0877197771587
1858,Ywhaz,268,542.8595780753762,830.1190446226785
1859,Pkm,144,543.675897929443,776.533008899588
1860,Pkm,144,547.7285847877613,780.8658449020659
1861,Pa2g4,135,548.4672066507476,776.3573714080319
1862,Cox7a2l,18,549.251002243361,824.7020219933373
1863,Cox7a2l,18,552.849959999548,777.6653558572477
1864,Pkm,144,554.9691111369259,842.918136354256
1865,Pkm,144,555.9344239248693,826.3447595137727
1866,negative_control,1258,560.418793355938,841.7765321141351
1867,Eef1g,28,559.7527430523294,843.3300956638352
1868,Prkcsh,152,563.0058032898519,809.2131268019372
1869,Pla2g4a,145,561.8711390398515,808.503656872879
1870,Cox7a2l,18,562.1075061503093,808.9907239745544
1871,Pkm,144,563.2008664985208,832.8265024114108
1872,Eef1g,28,567.5556616807012,790.3385713408541
1873,Eef1g,28,569.8310220655462,785.6713655718872
1874,Cox7a2l,18,573.3833940780323,829.8187104222028
1875,Cox7a2l,18,573.4589793610984,848.2467257617675
1876,Pkm,144,573.4672434183376,787.6097931724055
1877,Mrpl20,96,573.6335197295696,795.1172553697686
1878,Pkm,144,573.2100071428264,842.921076300788
1879,Pkm,144,574.0478219391296,778.8266008457032
1880,Rab7,174,575.7286241116212,806.2525959471698
1881,Eef1g,28,576.0020502475263,801.1186068445169
1882,Eef1g,28,575.3536830299988,852.7990366285227
1883,Eef1g,28,578.7280377831505,820.261181912141
1884,Eef1g,28,580.0600807148993,851.710961795449
1885,Cox7a2l,18,581.7900596768183,775.6334681956965
1886,Cox7a2l,18,581.4493407462694,793.960799763621
1887,Tpm1,238,584.0378726252052,835.4332007852182
1888,Eef1g,28,585.9299382655698,813.1498915699887
1889,Pkm,144,585.9716932549829,793.7360623345463
1890,Eef1g,28,589.5527947999948,796.9123837865961
1891,Arf1,6,588.4530719414788,823.4681481914356
1892,Ube2m,252,589.2952864711907,823.2339931434565
1893,Eef1g,28,590.4847567893979,838.4735350107493
1894,Eef1g,28,592.0283531694704,791.552009825986
1895,Tpm1,238,593.6489486412847,818.254405472791
1896,Ppp2r1a,151,595.520324298975,856.9600828956904
1897,Pkm,144,596.1673002076684,857.5759448263955
1898,Sf3b2,205,599.8858304614544,784.5927113133305
1899,negative_control,850,600.570899503784,853.1055373115173
1900,Ywhaz,268,602.1100836326304,767.5080823979008
1901,Snrnp70,210,602.8710703504443,768.6748845507145
1902,Vim,261,604.1240893090992,796.9139346807532
1903,negative_control,613,602.5974044741927,795.9628652949891
1904,Eef1g,28,602.017221848954,804.5045959334207
1905,Vim,261,602.7696556699489,806.1735904877385
1906,Eef1g,28,603.465334652602,818.2968208474523
1907,negative_control,695,602.2949887197512,817.7709248956162
1908,Eef1g,28,603.3886812097471,790.5483216169705
1909,Vim,261,604.1568971551596,773.7556302638853
1910,Eef1g,28,603.7129401505874,773.9525056297507
1911,Pa2g4,135,604.005742689036,827.7694559447011
1912,Rab7,174,603.8882623815527,838.1770023362158
1913,Eef1g,28,605.3081062476328,870.2246511400599
1914,Eef1g,28,606.8888105743849,805.7560573521342
1915,Pa2g4,135,609.8428129586465,826.555167811068
1916,Pkm,144,610.2354052765133,780.8875043826374
1917,Tcp1,227,612.3916795321094,808.1596129258078
1918,negative_control,998,611.6768131358252,806.9048514701117
1919,negative_control,1626,615.5083036498854,822.2020472011366
1920,Cox7a2l,18,617.3668366890689,793.3319682542622
1921,Cnn2,16,617.08259418761,809.5692256168411
1922,Vim,261,618.5704617892893,809.0909820553013
1923,negative_control,847,617.3978400028325,809.5832040592362
1924,Eef1g,28,618.9136909522556,830.4958100396348
1925,Cox7a2l,18,620.6508788585004,808.8196888201924
1926,negative_control,2047,621.4087198896261,782.8633064170542
1927,Cnn2,16,622.8675776892857,782.2610205780713
1928,Eef1g,28,621.8366930257165,782.6535375469556
1929,Oxct1,134,622.670786304997,826.18367466805
1930,Eef1g,28,623.4817739719973,826.6549519312218
1931,Pkm,144,624.2647098688747,834.3712508024842
1932,Ugdh,255,627.3956690369721,789.0638948149644
1933,Eef1g,28,630.2339751736154,812.6910082350366
1934,Tpm1,238,631.2486761499817,781.4947953872482
1935,Pkm,144,633.1749464633178,837.1740151474281
1936,Uqcrc1,256,636.2173820859467,848.081730129375
1937,Eef1g,28,640.2091410204034,833.2107777355353
1938,Ube2m,252,640.6631951321232,813.5160422388451
1939,Ran,178,641.8041483051218,812.6410773383099
1940,Pkm,144,642.3200477353289,794.1302689537132
1941,Hspd1,64,646.7468793919012,793.6055558320983
1942,Pkm,144,650.8584064244112,783.2626695626218
1943,Pkm,144,650.2828926276334,775.8291296097154
1944,Eef1g,28,651.110327921434,886.6209749404154
1945,Eef1g,28,652.8675571735714,830.7901763554894
1946,negative_control,892,654.7660486297442,774.5894173307001
1947,Eef1g,28,656.5722020912317,800.6753195357032
1948,Cox7a2l,18,658.5501637655341,815.3200967681278
1949,Timp2,229,657.7726866111019,817.1203787067776
1950,Ywhaz,268,660.2357451474393,825.9863897975706
1951,Eef1g,28,660.291400545769,791.9495087507248
1952,Nedd4,126,666.1226296784579,830.1319996628152
1953,Loxl1,78,665.3340900098917,804.7981358359078
1954,negative_control,2015,665.8938293890756,806.3046291690406
1955,Eef1g,28,665.0774111555645,814.37912073941
1956,Rab7,174,665.9098049787476,798.2094998748279
1957,Pkm,144,667.6539641468148,771.6723451827363
1958,Vim,261,666.9321124163694,770.8693316914263
1959,Eef1g,28,669.4522638488772,836.783698751592
1960,negative_control,1629,669.8019033433351,806.6786389206369
1961,Ybx1,263,671.6858198087348,803.2944140733073
1962,Pa2g4,135,672.798167387414,826.100347864094
1963,negative_control,1614,673.7644319910919,825.8386163984135
1964,Sfpq,206,674.3352697610786,824.1904627640076
1965,negative_control,583,674.5410339445771,825.9360300079285
1966,Pkm,144,675.0293851135318,798.821353116221
1967,Gsto1,54,676.8204229646952,776.9445636423656
1968,Eef1g,28,677.3878136331377,806.1538828753485
1969,Pkm,144,679.6438306810544,841.4189001183354
1970,Pkm,144,680.4209016322379,821.1704099704616
1971,Zfp36l2,270,683.309915439632,842.950401092159
1972,Eef1g,28,682.411214245871,841.8063184857315
1973,Eef1g,28,682.2437837591499,849.7647771068489
1974,Cox7a2l,18,683.0214296968061,813.5749405559815
1975,Eef1g,28,684.1743406995002,778.476309456338
1976,Cebpd,12,684.7445787434473,779.1149926129009
1977,Sf3b2,205,685.4543375768808,763.9250840793313
1978,Cs,20,685.3718910807171,765.4442891554696
1979,Eef1g,28,685.4864243147995,827.570085336351
1980,Emp1,39,685.9931166127276,809.6027464637697
1981,Vim,261,685.8860239702815,772.241150891788
1982,Gsto1,54,686.9805011489159,772.4479523774979
1983,Eef1g,28,687.9401818402761,789.9268337312208
1984,Pkm,144,687.5822324069129,799.88374402619
1985,Ube2m,252,689.2309943392411,794.7411997936655
1986,Lamp1,74,689.0525398934114,794.7032395969666
1987,negative_control,1615,690.442582108479,789.7975784287917
1988,Emp1,39,690.6187607265881,789.948113723279
1989,Pkm,144,692.2904123099082,829.924553489635
1990,Pkm,144,692.3532526803491,775.7280260724715
1991,Lrrc59,79,691.2526721526226,823.5216496145767
1992,Eef1g,28,692.9296689942735,823.9465633925295
1993,Emp1,39,694.2966469718538,805.1097205944506
1994,Pkm,144,695.6867480226566,806.9436081837371
1995,Rab7,174,699.6594479491033,843.487521397341
1996,Pkm,144,701.0111364107237,762.8987075399209
1997,Timp2,229,704.3061018980694,836.1782432839365
1998,Eef1g,28,705.9204381597958,824.134143777914
1999,Vat1,259,705.1917896739883,762.5307405605685
2000,Hspa8,62,706.9605188524471,761.5603961661498
2001,Twist2,247,704.1978642701948,761.8860659780074
2002,Msn,112,704.8094012081401,763.2257501997951
2003,negative_control,1755,705.8546924521866,761.4053715063844
2004,Mrpl20,96,708.8709064884412,846.8635805428611
2005,Xdh,262,709.9778873172147,766.7073120593282
2006,negative_control,406,711.0772621613673,767.1258548909066
2007,Vim,261,711.4283221249439,768.3544399737907
2008,Vim,261,711.0546680774953,867.4918050402439
2009,Emp1,39,711.0427145071408,822.3701137495538
2010,negative_control,603,709.9618771868727,822.9606230755226
2011,Vim,261,709.9818361144489,822.4263386577633
2012,negative_control,2007,709.9197042727176,823.0582525978731
2013,negative_control,910,709.976430533516,822.546975643211
2014,Pkm,144,711.256984514188,760.0661300439593
2015,Emp1,39,711.347922802434,837.0270677984888
2016,negative_control,539,711.7622769254845,780.9361238475574
2017,Eef1g,28,713.2602552723415,818.8370242745444
2018,Eef1g,28,714.2886769628153,842.1978220193447
2019,Eef1g,28,715.257209823155,870.4883274658492
2020,Thy1,228,715.1447112070533,854.990142845431
2021,Pdia6,142,715.0020504100805,854.1580298482326
2022,negative_control,807,715.8050278904321,809.9135693099272
2023,Eef1g,28,718.2649536572952,761.5239344574144
2024,Eef1g,28,718.6664764213735,775.4918779439466
2025,Vim,261,718.4883752899243,799.233963557823
2026,Emp1,39,719.4772240728989,798.4717938989764
2027,Eif3i,36,721.0896392221237,756.2047358820703
2028,Vim,261,721.9352865008983,769.2212435161873
2029,Eef1g,28,721.5973747683498,769.3580104107405
2030,Vim,261,723.3075559093161,836.1890907087152
2031,Ptbp1,167,722.1214136536173,764.9251929195159
2032,Pkm,144,723.0502503862092,767.2514186465442
2033,negative_control,1080,724.2316359776895,769.7158382593261
2034,Stip1,221,721.87398565855,766.3689478284326
2035,negative_control,1495,723.1999376510815,765.5517732082881
2036,Myh9,118,723.3355922428736,767.0646131811054
2037,Cox7a2l,18,724.7170531024192,922.114501375419
2038,Ptgs2,170,725.6089165237472,950.1725896755778
2039,Mrpl44,104,726.0236154218409,949.974799539516
2040,negative_control,1381,726.0431075883195,949.5256289427635
2041,Cct8,11,725.814680457807,950.426871435158
2042,Mrfap1,89,726.3987163727573,950.5849921819432
2043,Mrps31,109,725.8835020136354,949.459771892018
2044,Eef1g,28,727.7630230901362,949.9687786922602
2045,Emp1,39,727.4224801361015,962.7688688599604
2046,Pkm,144,728.0845470786501,901.2553351901628
2047,negative_control,847,729.8710237925079,874.7355682632785
2048,negative_control,1700,729.6437584223412,874.9032544629341
2049,negative_control,1532,730.0414187542101,874.4600241301848
2050,Ube2m,252,729.7225114863664,872.5049569391372
2051,Rpl18a,187,729.2222600895601,873.8432160253672
2052,Ube2m,252,730.8329556150602,737.2542261753165
2053,Cox7a2l,18,730.8727232475478,972.013189789102
2054,Tcp1,227,730.9091348504846,890.0444182830178
2055,Emp1,39,731.62830749927,891.2688961103515
2056,Emp1,39,730.9182463956018,960.1906811093364
2057,Jun,70,730.5961622203483,976.385973761073
2058,Pkm,144,731.7433247976181,977.7295134047032
2059,negative_control,1304,733.4619849748731,738.3759307029582
2060,Junb,71,733.3946791734136,740.6884672163485
2061,Pkm,144,733.5728896441972,738.2234087645292
2062,Emp1,39,734.862812645607,997.306813654261
2063,Eef1g,28,734.8852271594285,836.1876889307783
2064,negative_control,444,735.4557524361886,763.2148834308596
2065,Vat1,259,736.1192972490592,763.6669315417408
2066,negative_control,1184,734.9783327338082,763.4403674728451
2067,Mrfap1,89,735.1402434158658,765.044065184768
2068,negative_control,1232,734.6624364541173,764.3074982815265
2069,Vim,261,737.3194090582414,764.766566917813
2070,Eef1g,28,734.8723835932504,825.399479528957
2071,Pa2g4,135,735.7846759741278,805.8799446400113
2072,Pkm,144,737.1984733469667,966.615604439309
2073,Emp1,39,737.6591769467778,878.5171808412061
2074,Pkm,144,736.584551139203,987.9658750448606
2075,Eef1g,28,737.787181935847,817.3501971933289
2076,negative_control,1768,738.1223863126153,816.2570769949957
2077,Emp1,39,737.1417658346033,905.435917599026
2078,Pkm,144,738.3574814752284,811.443861189539
2079,Emp1,39,738.676615856222,861.8981442922787
2080,Plk2,147,739.5499053706274,864.3553117805889
2081,negative_control,680,739.0066870179543,864.6835553733538
2082,Psap,160,738.9348265215774,863.1462666594401
2083,negative_control,2018,739.7246573938257,864.7691214293151
2084,Timp2,229,738.5689034765745,861.633614421714
2085,Maged1,82,738.7194220251324,862.915090723
2086,Ncl,121,737.7700371835878,762.8938174477405
2087,negative_control,1916,739.7874814588198,740.1252349451647
2088,Vim,261,739.5018740382395,738.974688436762
2089,Pkm,144,739.7554434049275,932.0812584918916
2090,Rpl18a,187,741.2792461819711,729.8150726132046
2091,Emp1,39,740.288197568794,730.4096060586846
2092,Stip1,221,740.7705649570355,730.1637778495372
2093,Tmbim6,230,739.5921464848332,730.7649937119081
2094,Pkm,144,741.067357836856,983.740390741679
2095,Cox7a2l,18,740.4496279865497,738.8835103161122
2096,negative_control,977,741.1725461440061,737.7427263144676
2097,negative_control,349,741.3280083700628,737.7167959371069
2098,Vim,261,741.5999347283441,736.0874132900003
2099,negative_control,1554,741.5664228357855,779.1738362612404
2100,negative_control,909,741.5931471651892,779.290998632224
2101,Ly6e,81,742.9175079157253,778.8814478920143
2102,Cox7a2l,18,741.2004490428803,900.9332458377472
2103,Prrc2a,158,740.4840688221858,837.5818841114757
2104,Cox7a2l,18,742.1496934717782,1009.7776505654878
2105,Hspa8,62,742.5401690369088,1010.4607969105284
2106,Mrfap1,89,739.9972761016289,1009.3328104395042
2107,Eif3i,36,740.9763076389745,1009.6527623544424
2108,Rab7,174,742.5622564581345,854.4563194200947
2109,Emp1,39,742.3061406054736,981.9505646478784
2110,Pkm,144,742.9197165923714,994.1646344814808
2111,negative_control,1178,743.5279172698769,744.2369136213036
2112,negative_control,949,743.2654743567507,744.8407714242054
2113,Emp1,39,744.073790856938,840.9125173302027
2114,Eef1g,28,745.1225279484022,1016.8436997213776
2115,Cox7a2l,18,745.5146484971416,727.1313879523624
2116,Eef1g,28,745.6065329396075,785.033755352975
2117,Pkm,144,745.9753766832035,920.5575602221636
2118,Pkm,144,746.9441556462913,805.691070297142
2119,negative_control,1861,748.6624928273,807.1800379532212
2120,Pdia6,142,748.3836126497715,807.5356771106717
2121,negative_control,1242,744.7539412900705,805.5175547541007
2122,negative_control,664,746.5727855411296,805.7985648133808
2123,negative_control,1163,745.3532399265732,805.1187815173968
2124,negative_control,1268,747.7271520393568,806.0427733999927
2125,Pkm,144,745.9580009210437,912.8472547112764
2126,Tpm1,238,747.0851693485238,931.319105132472
2127,Gas1,50,747.010149410992,932.0014678064614
2128,Pkm,144,747.0281929319458,990.4889535884928
2129,Ergic1,41,746.9488392836134,984.3658917840262
2130,Psap,160,747.71557138687,983.9540853749402
2131,negative_control,1320,747.4987559832983,983.8142141074044
2132,Pkm,144,747.4977673990733,984.6932412912454
2133,Emp1,39,747.9148132883331,878.277123788337
2134,Gpi1,52,748.4497893535245,854.5397891062647
2135,Emp1,39,748.7247659138086,854.6995771756702
2136,Nedd4,126,750.0006747780493,810.8713257715318
2137,negative_control,1764,750.2704038419313,809.9278284866149
2138,Eif3a,32,748.947142006262,808.438126804536
2139,Eef1g,28,749.0965623364007,754.9829627296513
2140,Eef1g,28,749.8198221209537,730.0136558186521
2141,Pkm,144,750.3782268838664,1025.1136941185578
2142,Emp1,39,751.6831548649209,1015.7600301862292
2143,Thy1,228,751.5691491589666,1016.3739918930552
2144,Pkm,144,752.2676197911763,791.3648325088222
2145,Emp1,39,752.6697396167797,814.2674892453188
2146,Pkm,144,751.8775337708926,965.6183689811742
2147,Pkm,144,753.2544090988837,748.8795606620621
2148,Pkm,144,754.1852721933685,812.2861683176586
2149,Emp1,39,756.4665022317033,924.0613724036858
2150,Pkm,144,756.7005117184832,862.9721670331235
2151,Pkm,144,756.4974587059651,962.8066693093796
2152,Pkm,144,757.1010854171961,1034.4884166686793
2153,Pa2g4,135,758.108346402815,1046.5505626713357
2154,Pkm,144,756.7651127838375,1005.10861624081
2155,negative_control,1592,756.967135572153,995.9118381092488
2156,Ube2m,252,757.8586877935318,756.7720154225965
2157,Eef1g,28,758.608664333873,822.6538087422448
2158,Eef1g,28,759.1067226243298,1007.8009014993708
2159,Emp1,39,759.2226448370559,893.2822516150757
2160,Pkm,144,759.9142639629356,785.6222141057548
2161,Eef1g,28,759.7518757198628,854.540342467978
2162,Pkm,144,760.2817417429153,1042.8400802800415
2163,Pkm,144,760.7299696946991,732.5451834146701
2164,Rab7,174,760.3273194799428,758.2206502872816
2165,Emp1,39,761.5088623527545,1031.8022935439435
2166,Eef1g,28,761.6741410784666,722.7104418874853
2167,Eif3i,36,762.4228188925466,737.0519608263851
2168,negative_control,612,762.4315490276414,988.1509176741072
2169,Pkm,144,763.369808825506,753.4496227313278
2170,Emp1,39,764.7587297331313,839.9676492302717
2171,Eef1g,28,764.4429734102565,1026.643115959867
2172,Eef1g,28,764.720141418517,1049.53599487545
2173,Lmna,77,763.7541792605568,1050.2874354690666
2174,Emp1,39,764.5946500697182,899.5396721281727
2175,Pkm,144,765.2587167489264,855.7054507208167
2176,Pcdhgc3,138,764.8085579310833,816.7124646486576
2177,Pkm,144,766.3517619276362,780.7676668362708
2178,Emp1,39,765.5149317852425,716.4563832425134
2179,Oaf,133,767.2176933263788,1011.2997855972536
2180,Emp1,39,766.3665889550014,904.0262064666056
2181,Eef1g,28,767.9297668718176,978.4098225160654
2182,Eef1g,28,770.4093686925761,750.2501911849246
2183,Ywhaz,268,770.2803547039669,726.2234730236992
2184,Emp1,39,770.391459344649,881.1438351676377
2185,Pkm,144,771.019314637397,943.1435522185744
2186,Vat1,259,770.2534163821053,1020.9181450588064
2187,Emp1,39,771.3314675244344,1037.2338351238498
2188,negative_control,522,771.5654167299384,1036.8501318419512
2189,Timp2,229,772.1191410971524,871.8717721030523
2190,Eef1g,28,774.5765441716454,1057.9504049256611
2191,Gsto1,54,773.2954351718755,1060.454527923789
2192,Nr2f2,129,775.2632869340833,721.2731651882951
2193,Ywhaz,268,774.7265204345467,721.2280452116235
2194,negative_control,1946,774.4422718327637,721.0817255174245
2195,Emp1,39,775.3399735012974,829.0361365406227
2196,Emp1,39,775.9148821010863,839.8029529010332
2197,Pkm,144,775.5864095428788,968.258880531309
2198,Tpm1,238,777.2947881912214,1069.539560229216
2199,Pkm,144,776.99277206984,961.734626593133
2200,Vim,261,777.9607641881407,773.4908917238113
2201,Eif3i,36,777.7836511399505,773.5726309526324
2202,negative_control,2027,777.2567978873747,773.3274984035361
2203,negative_control,1447,776.9802100334822,772.1601411633494
2204,Rpl18a,187,778.5271851236799,772.2888923613975
2205,Actn4,3,777.1315847712333,772.6774451655879
2206,Csf1,21,777.8640967448916,742.983810167729
2207,Eef1g,28,777.4630393932815,741.9068637052221
2208,St13,220,778.0675194777431,726.7601903289008
2209,Got2,51,777.8458312781003,725.8807884255892
2210,Pkm,144,777.3903758919371,794.3223127909491
2211,Rab7,174,778.4459126153674,995.8562533963787
2212,Eef1g,28,778.4021323032928,754.2999173287272
2213,Emp1,39,777.9166561431591,824.561294555707
2214,Oxct1,134,777.1019042702598,823.733929610286
2215,Ywhaz,268,778.6673762659055,1014.0861683850876
2216,Eef1g,28,778.9469824886144,951.52662762735
2217,Pkm,144,780.1950701065492,718.0356052793702
2218,Pkm,144,780.967297623291,1000.3459541087534
2219,Vim,261,782.7767436264215,904.8483859759108
2220,Eef1g,28,782.4179255281462,773.804416107298
2221,Grina,53,783.1033576932939,867.2369275210953
2222,Ywhaz,268,783.3171244871896,900.5378520826816
2223,Pkm,144,783.9252769580381,764.898904534655
2224,Pkm,144,784.2737728880801,1078.5464411958403
2225,Hspa8,62,784.3465177115602,1002.772764656066
2226,Pkm,144,784.7978635981525,743.3420627527654
2227,negative_control,2037,786.5281137305235,962.1166789931872
2228,Pkm,144,785.3421983234181,710.8588872909189
2229,Eef1g,28,785.9749079334076,738.7753421962896
2230,Pkm,144,785.6159683550313,995.2497938721964
2231,Ywhaz,268,787.2380878753802,897.5905784232026
2232,Pkm,144,787.3004740944145,1025.403800903148
2233,Pkm,144,787.7455372106158,860.2547547248282
2234,Pa2g4,135,788.0141888847161,741.5480265728844
2235,Pkm,144,788.0181692803039,953.5363365347116
2236,negative_control,613,789.5604494285878,948.8703599653644
2237,Vim,261,789.9643870635736,755.876810174384
2238,Ptbp1,167,790.1123795808792,756.0263940962211
2239,negative_control,1904,790.6042741832599,755.5401181036234
2240,Pkm,144,790.1199243749206,879.2747695989549
2241,Cox7a2l,18,790.4488185420506,1016.9013534638884
2242,Pa2g4,135,791.8607543634114,821.7810808068687
2243,Ywhaz,268,791.7558998345542,760.8302751396983
2244,negative_control,925,791.9229853763367,760.8717904614813
2245,Eef1g,28,791.5999192274362,1001.805143619124
2246,negative_control,1113,789.6635770987672,788.0284349461468
2247,Pkm,144,791.2057165742679,789.1329977489329
2248,negative_control,964,790.4411497561854,786.3096721761369
2249,Ybx1,263,790.8979554116636,786.2313137203984
2250,Tnc,232,790.7859739709065,787.5059374658837
2251,Rbbp7,181,792.242988287209,1065.0932396457906
2252,Cited2,13,792.1551171394415,728.0226469343182
2253,Eef1g,28,792.149908908219,728.499201762151
2254,Pkm,144,792.1494553161283,984.9154681659352
2255,negative_control,287,792.9491871382628,1004.3570344070988
2256,Timp2,229,793.4305580909887,1073.6316471255975
2257,Emp1,39,793.4501435439081,860.4285622445852
2258,Eef1g,28,792.9361914525377,755.0517764235892
2259,negative_control,1318,793.0356684925569,1068.0702097996405
2260,Kars,72,792.8447144994068,1068.177279591393
2261,Ywhah,266,794.4152883180159,1068.9681042506445
2262,negative_control,1589,793.7405811582066,1068.3250589382196
2263,negative_control,949,794.2584713133658,1049.1467765881353
2264,Rac1,175,794.9038748114898,742.311101828187
2265,negative_control,1626,795.3248573528688,740.6384120030866
2266,Ptbp1,167,794.769548503645,741.3884335943267
2267,Lmna,77,795.7187841288724,740.270018709555
2268,Eif3a,32,794.3884067514482,741.4158789983062
2269,negative_control,803,794.4257089778062,1055.7426433189376
2270,Cct5,10,794.3155180818883,1054.880249428626
2271,negative_control,434,793.9105743797177,1056.3391356568422
2272,negative_control,1389,794.0606174044818,1056.4584908119273
2273,Pkm,144,796.0035945857722,831.956428315709
2274,Pkm,144,796.2549404382255,861.6998796243946
2275,Pkm,144,794.6358946403848,994.1446407675496
2276,negative_control,821,794.8008989186061,848.9862874569892
2277,Pkm,144,795.5854418928438,847.9797566921939
2278,negative_control,304,794.2173725647397,849.4699890705926
2279,Pkm,144,795.9762587572795,974.8207495717722
2280,Cox7a2l,18,796.1770297116232,775.0621586162774
2281,Pkm,144,796.93006267351,1064.4172911051912
2282,Ybx1,263,796.2480479235769,1064.1185850576874
2283,Eef1g,28,797.7617135368724,779.0867435379085
2284,Hspd1,64,797.9415549460622,779.9528488187707
2285,Pkm,144,797.2892557327991,936.612352398075
2286,Pkm,144,797.7193155096286,1055.1250145519452
2287,Eef1g,28,798.7532908549146,799.2791849968006
2288,Eef1g,28,798.4454192007156,1060.1048187119982
2289,Eef1g,28,798.9689971269427,739.4260031651891
2290,Cox7a2l,18,800.1132048303268,900.7064436173638
2291,Tpm1,238,800.2148645921949,756.5529073820497
2292,Ywhaz,268,799.9731202960459,811.5926282599723
2293,Rpl18a,187,800.9140596746023,839.2927120667357
2294,Timp2,229,800.6666966465564,837.9402508466958
2295,Hspa8,62,801.2671719565665,839.1735707043931
2296,Hspd1,64,802.3207013516185,838.7432378432188
2297,Vat1,259,801.4427991807222,1065.02981692133
2298,negative_control,982,801.8279627655413,1064.2539286169406
2299,negative_control,1009,801.7079037975446,1064.0197469011146
2300,Pa2g4,135,801.2693790919013,1062.4797479106423
2301,negative_control,664,802.5204954911253,1063.217711630526
2302,negative_control,473,801.3260923376602,1062.5363417740807
2303,Tpi1,237,800.362087678318,1063.8253235642298
2304,Pkm,144,801.4266758299048,975.3538101245132
2305,negative_control,316,801.8207791067161,1015.6282211477532
2306,Emp1,39,803.6282893270031,824.6481995329336
2307,Eif4b,37,804.2956507880178,823.1689901086198
2308,Emp1,39,805.7099256065994,927.0742969097986
2309,negative_control,1886,805.6567016901217,1090.970602905112
2310,Eef1g,28,805.1169730489436,748.0791686059827
2311,Tpm1,238,805.2339661269889,769.2548922249283
2312,Eef1g,28,805.8077158005885,1080.6323670387603
2313,Csnk1a1,22,806.7345866142679,1082.0170484576586
2314,Ncl,121,806.2841274706748,1082.757629053229
2315,Got2,51,804.58762682365,1083.0434884685055
2316,Eef1g,28,806.1310409042542,1092.5247028030844
2317,negative_control,387,806.2953342226407,1097.7823139524812
2318,Emp1,39,807.1140028443181,1097.6563838643046
2319,Pkm,144,807.0184689830522,815.6101668703463
2320,Vim,261,807.5195476971693,1080.6503119014378
2321,Emp1,39,808.3527070755622,1079.6651023897173
2322,negative_control,1909,808.6448559747611,840.2193557657806
2323,Pkm,144,810.1428625196007,867.4401415012996
2324,Eef1g,28,811.0608604935449,906.1095943344708
2325,Pkm,144,811.4983691781529,1068.2548309320655
2326,Eef1g,28,812.8046430928604,987.3962465542812
2327,Tpm1,238,812.8436903755228,852.4625690071291
2328,Emp1,39,814.0810415201943,1097.0263299787348
2329,Cox7a2l,18,814.8489920974617,812.1009282099658
2330,negative_control,1592,816.4481854453902,1055.4731042578146
2331,Pkm,144,816.7352483412585,949.2239164915466
2332,Eef1g,28,816.7918493041632,931.128627663374
2333,Eef1g,28,818.7558261232928,882.2706118963894
2334,Emp1,39,818.9389216373622,1079.8377899739269
2335,Emp1,39,821.6818012860264,784.9356936122293
2336,Gpi1,52,822.720609843891,853.0338258752755
2337,negative_control,1440,822.6578949240202,852.3141008317705
2338,Mrpl15,93,820.9707213231411,852.5764116289621
2339,Eef1g,28,823.0659652043267,789.7949787289657
2340,Taldo1,223,822.12121839181,894.030990206282
2341,Nr2f2,129,822.7370327213907,894.2181955307627
2342,Eef1g,28,823.6939979924955,894.2496075468081
2343,Pkm,144,822.5115207462457,1043.469933073713
2344,Cox7a2l,18,823.6376937580575,913.6770666937005
2345,Pa2g4,135,823.5685114958117,1109.758744655971
2346,Pkm,144,823.817699153912,1071.1714738444248
2347,Emp1,39,823.7039466240576,836.7889409589667
2348,Emp1,39,825.9027422875361,943.1063642924996
2349,Eef1g,28,827.4604079328375,895.5395432880534
2350,negative_control,1013,827.9325094149971,916.6655378527698
2351,Eef1g,28,827.9765732364922,889.8843901858444
2352,negative_control,1946,828.6488080128966,890.6807086577069
2353,Emp1,39,828.3989150093901,819.8624762777259
2354,Prmt1,153,829.7907059635124,1104.281578493593
2355,Psap,160,829.7522985527545,1104.8938066164333
2356,Pkm,144,830.2624902387079,1084.3036817121088
2357,Emp1,39,830.4221000715193,837.6607644210162
2358,Pkm,144,831.3862869530221,1108.7861352868415
2359,Pkm,144,831.6943816634512,1099.7907161345113
2360,Pkm,144,831.9303480939645,883.606158326117
2361,Zyx,271,832.7815976352649,1111.39768401604
2362,Eef1g,28,831.797684925551,1110.6527465066663
2363,Vim,261,832.4591445024463,1110.8970280640497
2364,Cox7a2l,18,833.1165550362117,876.556348367078
2365,Timp2,229,835.7376394261545,829.2047876965981
2366,negative_control,361,834.2152404721184,827.462091296172
2367,negative_control,1554,834.2463307874683,827.9482842907549
2368,negative_control,1617,834.0240821317667,827.9858494809441
2369,Emp1,39,834.2999835331121,822.9569119235285
2370,Rab7,174,834.3555115885222,806.9745019639024
2371,Npc2,128,834.0895474625694,807.265114715766
2372,negative_control,1988,835.7520496944587,892.638053536059
2373,negative_control,1015,834.9096173523933,893.3946286198396
2374,Emp1,39,836.0469205778686,1042.3999478845346
2375,Pkm,144,836.3026460086905,856.4875508968507
2376,Pkm,144,836.7726071256153,1031.021376597584
2377,Emp1,39,836.7418473427773,834.0625948334894
2378,Eef1g,28,837.0297572589798,872.5222605331992
2379,Tpm1,238,837.6110728292186,826.2910240751344
2380,Emp1,39,837.1429594596746,922.7629111720202
2381,Eef1g,28,837.0078342433764,1107.1109198390247
2382,Ywhaz,268,839.2686629565599,818.8627219451954
2383,Ran,178,838.348920527983,819.1728123967345
2384,Mrfap1,89,840.0006082956926,818.3901869337484
2385,negative_control,1468,839.722470120073,1075.692060956459
2386,Emp1,39,840.3146228710289,860.811566109782
2387,negative_control,1266,839.8251385293718,860.2033218790864
2388,negative_control,587,839.4293242641414,859.4715583857238
2389,Eef1g,28,841.5932985821573,947.2590735848452
2390,negative_control,854,841.5183095142078,1104.1689960741808
2391,negative_control,1203,840.4309793968439,1105.593277782608
2392,negative_control,1570,840.31962427977,1105.0194422756429
2393,Emp1,39,841.0996697189945,1063.754045270696
2394,Vim,261,839.8765163673793,1062.2941937305684
2395,negative_control,757,840.1381639019809,1063.2615327838937
2396,negative_control,1827,840.2800471212505,1064.3140671480876
2397,Pkm,144,841.9329002849547,1118.5438013517944
2398,Pkm,144,842.9798127018569,834.4300795407534
2399,negative_control,664,843.0094382021407,1087.1306902680662
2400,negative_control,1390,843.5361645482986,1087.0457409889966
2401,negative_control,1002,843.2350808828625,1086.701183433653
2402,Eef1g,28,842.9657877015006,904.5478393477282
2403,Tpm1,238,843.9060149294218,797.2992959261684
2404,Vat1,259,843.9213775269005,1099.6386902175684
2405,Eef1g,28,844.9107012290737,1098.6111197590865
2406,Tpm1,238,844.45864905589,1103.0098966989528
2407,Pkm,144,845.3257384610024,868.443673371034
2408,negative_control,1795,845.2255405806237,1095.1998761248688
2409,Pkm,144,844.8830142345878,1095.1102855947026
2410,Tnfrsf1a,233,844.4961457783412,1095.7933709628771
2411,Mrpl20,96,847.0721798177411,1004.1750152178828
2412,Pkm,144,848.9673336936424,1006.2454991738388
2413,negative_control,1592,850.5299421875411,852.89859033031
2414,Cct5,10,850.929805923284,1063.4559656339966
2415,Pkm,144,850.6008853572704,1062.3803633520974
2416,Raly,177,849.7935864765932,1062.0445129035068
2417,Vim,261,849.4681813707277,1062.6179433380778
2418,negative_control,1873,850.9408517380834,896.975988758861
2419,Pkm,144,851.2415366640564,1074.1481669337995
2420,Msn,112,851.4451310269419,891.825676322363
2421,Rcc2,183,850.7032671018738,891.9960378138057
2422,Mtap,114,849.7631977134029,892.300032378573
2423,Vim,261,850.7905368076213,892.7749238343072
2424,Emp1,39,851.1721348743016,1039.2598800351732
2425,Ube2m,252,852.2524614144013,852.5502044180696
2426,negative_control,1447,851.9938689123019,852.8730437654592
2427,Mrpl28,97,852.6148976473739,852.1625072810206
2428,Emp1,39,853.0813954989547,907.0485772592684
2429,Sfpq,206,853.709877412896,905.332110234255
2430,Psmd4,164,850.5178115311651,904.7718966267798
2431,Rps6ka3,193,853.3341904294595,904.7050376877244
2432,Pkm,144,854.0936499486655,1092.7237389081015
2433,negative_control,1009,854.9125034564738,1045.6369011981249
2434,Timp2,229,854.0001714078402,1046.0268540301695
2435,Pkm,144,854.3555888845835,1045.2353570504786
2436,negative_control,1876,854.0188661067172,1039.6300534564116
2437,Pkm,144,854.265741605832,861.2694853392502
2438,Eef1g,28,855.2710411118902,849.614477782977
2439,Pkm,144,855.397865810927,1120.0063369373502
2440,Eef1g,28,856.2567873755352,854.8143814176916
2441,Pkm,144,857.0045938455138,1063.9268637904213
2442,Pkm,144,858.1259614491279,906.7101426678072
2443,Eef1g,28,857.890546358221,1117.635705333142
2444,Vim,261,860.2835369578162,1112.5353823953735
2445,Eif4b,37,858.6954021455472,1113.400910045626
2446,Pkm,144,858.5005649597848,1112.3579589560177
2447,Eef1g,28,859.4291228468726,827.4348603195958
2448,negative_control,1047,859.7512683826513,809.3730424402606
2449,negative_control,1617,860.1883057037704,808.6588240025276
2450,Vim,261,859.2495859316485,809.3773951958275
2451,Pkm,144,859.8545375491249,927.5759383200552
2452,Pkm,144,860.7169114954622,1055.4612552078825
2453,Nedd4,126,860.225384674491,872.3091005533697
2454,Eif3i,36,860.7176323900787,874.4767846505076
2455,Eef1g,28,861.4538557317223,1123.4895409777862
2456,Psmd4,164,863.2855599197969,887.9176909643866
2457,Mrfap1,89,862.2500651493366,887.0524633084102
2458,Rab7,174,863.2892772841293,887.2251595873666
2459,Pkm,144,863.4426360857467,1091.4585098347177
2460,Emp1,39,863.5564442293895,1036.4025483623282
2461,Pkm,144,863.1850895517618,1085.332391176194
2462,Cox7a2l,18,863.7543289153567,1114.5861086750706
2463,Eef1g,28,863.9945654168891,804.4891964556733
2464,Emp1,39,864.887210546938,1126.501563721882
2465,Pa2g4,135,866.237613147125,966.4478669370357
2466,Pkm,144,865.3724038764373,1018.4597886129392
2467,Pkm,144,866.0894641882528,1097.3322174165032
2468,Pa2g4,135,867.3488462156787,1043.3286773843174
2469,Pkm,144,867.2330123278987,1038.8826355551273
2470,Efemp1,29,867.1109334337714,1037.787703431134
2471,negative_control,2079,866.5220037277755,1036.481347776453
2472,H1f0,55,866.5811880642925,1038.6357135802807
2473,Pkm,144,867.4565400644078,1073.1893953540298
2474,Xdh,262,868.137278767112,1074.1090702474985
2475,negative_control,1723,869.5234930133985,1074.100287579923
2476,Ergic1,41,867.0446244300384,1072.5576438473845
2477,negative_control,1983,868.1340049803549,1072.2774520935525
2478,Arf1,6,869.2117231575373,1121.150007617848
2479,Tubb5,246,869.2857501442337,1122.7647466521605
2480,Cox7a2l,18,869.4022005562189,1052.507734498477
2481,Eef1g,28,869.3347193953257,810.2064815466672
2482,negative_control,1896,872.7277062020707,1088.775209916379
2483,negative_control,1298,873.3418401027043,1088.6055304582765
2484,negative_control,882,872.3912781771018,1089.2502553913732
2485,Psmd4,164,868.9796637756907,1089.8902269057337
2486,Hspa8,62,870.3086667640789,1090.3482497000591
2487,negative_control,445,869.4815866462379,1089.372768234501
2488,Arf1,6,869.6517968784104,926.1360530151304
2489,Sat1,200,867.9067249563855,927.0645521223936
2490,Ybx1,263,867.8770686189958,925.8119611006932
2491,negative_control,870,869.1238836116344,926.7990994360786
2492,negative_control,1222,869.0703223467676,926.5165842929068
2493,Ywhaz,268,870.4429154067789,1112.6883165341817
2494,Pkm,144,870.6969615234806,805.9598116617682
2495,Eef1g,28,871.1841001589387,997.8330737531916
2496,Ywhae,264,871.4236872611676,997.670976308319
2497,Eef1g,28,872.0426891022123,930.656289362415
2498,Hspa8,62,872.773914517871,930.1503683765678
2499,Cox7a2l,18,871.20713315014,1012.940440283504
2500,Pkm,144,871.8522860326442,1096.1814921102532
2501,Lrrc59,79,872.7948599420207,1097.11391205649
2502,negative_control,664,872.3816401541086,1044.9351164584425
2503,Pdia3,140,872.7309411726617,1044.3373673837864
2504,negative_control,275,871.6113735060967,1044.090736585003
2505,negative_control,1140,871.2061143031451,1046.4660551421737
2506,negative_control,1628,871.4788596714895,1046.1536620683637
2507,negative_control,1946,871.7048284274033,1043.7418395433328
2508,negative_control,1953,871.8334448709263,1044.007182772203
2509,Eif4b,37,871.4802639799286,1048.5066669051926
2510,negative_control,1647,870.3740776580768,1045.848309484486
2511,Emp1,39,871.8773021677325,1046.6687723660489
2512,negative_control,1063,873.4079431308697,955.0547873420568
2513,Pkm,144,873.6518475615394,1027.0753567776408
2514,Emp1,39,873.1284543523752,999.1853896907832
2515,negative_control,1383,873.6924167859493,1071.1245407206527
2516,negative_control,1694,875.1084524766786,1070.7041967643386
2517,Sdhc,203,875.0453519174978,1076.4073891298924
2518,Pkm,144,875.256170826681,1128.99606923462
2519,G3bp1,49,873.7977462026694,900.2913512084733
2520,Pkm,144,875.0840830581764,901.098860653831
2521,Taldo1,223,874.2897441789546,900.8489944548998
2522,Sdc4,202,875.4204153366878,899.9390779259215
2523,Ppp2r1a,151,874.187092830375,901.0844866628088
2524,Pkm,144,875.1997105970463,1044.081316129216
2525,Pkm,144,875.5439025087383,1075.234355716348
2526,Ywhaz,268,876.1186974453575,1142.0463179967835
2527,Pa2g4,135,876.6200965593226,928.8863185014424
2528,Nr2f2,129,875.3421566493155,929.2487619981962
2529,Emp1,39,876.8410965831197,953.6596551403755
2530,Lamp1,74,877.4064826625277,1008.8843093223136
2531,Vim,261,878.485947952051,1010.1451917404004
2532,Gsto1,54,879.4894980104741,1010.9588756643492
2533,Pkm,144,878.1180718329755,1010.6890298206464
2534,Cox7a2l,18,878.3442364259505,1114.7919547746828
2535,negative_control,853,880.1544915341792,1061.897720240822
2536,Uqcrc1,256,880.0078740560995,1005.1872639452216
2537,negative_control,1948,881.2977531445424,1005.084484426348
2538,Pkm,144,879.8660752701649,1034.0573663611492
2539,Rab7,174,880.9559318792049,1143.110216892149
2540,Eif4g2,38,879.290532684354,1057.937004981657
2541,negative_control,853,880.788999728759,1058.5403920107667
2542,Vim,261,881.192443099922,1084.198427876126
2543,Eef1g,28,882.153675207762,1084.3943814961524
2544,Pkm,144,883.458520698191,1078.3072934989443
2545,Eef1g,28,883.463653699595,1031.475753991926
2546,negative_control,1624,883.8613975597383,1066.3912444645732
2547,Cs,20,884.2774462602467,1065.8875087070428
2548,Pkm,144,886.1966277560115,1091.256208733649
2549,Maged1,82,886.6166335814279,1097.8667508421288
2550,Pkm,144,886.730308585396,1097.3187146766109
2551,Tsc22d1,244,889.1014255068972,1117.6238082517875
2552,Ywhaz,268,889.0221703063421,1119.5321258312574
2553,U2af2,249,889.9398931556788,1116.7101934246866
2554,Pkm,144,889.7784240772249,1131.513688605006
2555,negative_control,971,890.0822786778222,1100.8093488285522
2556,Nedd4,126,536.7810881643854,829.2519048151054
2557,Mta1,113,540.2093976934185,824.9808099886573
2558,negative_control,1695,541.5085715844011,850.3129293954538
2559,Nedd4,126,555.0657535824331,808.5833284390214
2560,Mrps2,107,556.7185973143611,815.9040746992164
2561,Ugdh,255,562.4056653300694,831.7270058939695
2562,Uck2,254,563.7302015454214,850.5792637682132
2563,U2af2,249,563.4078955264047,848.7046521969393
2564,Hspd1,64,570.946640303071,851.8712138258155
2565,Uck2,254,571.7361404859101,853.3774408126773
2566,Ptges3,168,578.8552120638092,783.9396515612468
2567,Ptges3,168,581.7205348488624,794.2316286144016
2568,negative_control,929,583.3430021837034,802.5011644472105
2569,Cct3,9,584.1125547871785,828.1456495294092
2570,negative_control,1155,585.5055084889373,775.3493086753314
2571,Ptges3,168,593.1175048151686,776.5988293658597
2572,negative_control,1829,597.2698216564754,806.099590639516
2573,Ugdh,255,600.5703491707941,819.6241918199846
2574,Uck2,254,606.0965919259206,801.1030429410223
2575,Ptges3,168,607.6238866244903,816.0009064439599
2576,Cct3,9,608.4645355411154,830.1003959979491
2577,Uck2,254,612.8059458541255,838.875536815856
2578,Cited2,13,617.7594022506573,805.6977176419842
2579,Uck2,254,625.701557396405,779.8233943451148
2580,Ptges3,168,629.1798333439343,807.4006188258331
2581,Ugdh,255,640.4561813194994,792.3339750027187
2582,G3bp1,49,640.0314547338621,791.5734299609653
2583,Sfpq,206,640.0322024862099,792.5361270690514
2584,Cct3,9,640.7814466890995,838.2261912161443
2585,Nedd4,126,641.4814672923392,760.0101229470994
2586,Mrfap1,89,643.1751350679488,835.961881402002
2587,Nedd4,126,643.0254858122462,835.0537983061174
2588,negative_control,1230,644.5529779987619,785.8011468668722
2589,Mrfap1,89,644.4129379897126,806.8590253278372
2590,negative_control,1593,647.96306664194,789.911712878437
2591,negative_control,929,648.3397269515006,816.1214577471129
2592,Nedd4,126,663.7121165985984,787.5917771081707
2593,Ptges3,168,664.8218875874682,842.320704642325
2594,Uck2,254,665.9105962974761,772.305881076928
2595,Hspa8,62,667.0043557042444,788.8188237802915
2596,Msn,112,667.5429562444676,789.6092984083155
2597,negative_control,1962,667.668288918825,789.1904654318132
2598,Cct3,9,667.7246542250844,818.7361593537516
2599,Hnrnpk,59,668.244487340703,818.7863181621367
2600,Fgf7,43,667.4045916464487,820.9528700996862
2601,Ptges3,168,669.349957825404,779.3250559617233
2602,Cct3,9,685.5408222114138,773.1617539650415
2603,negative_control,1686,689.2934623896284,825.1847800263713
2604,Hspa9,63,686.8966388972395,826.1032181713514
2605,Tnfrsf1a,233,687.7201714024948,825.8207811636373
2606,Uck2,254,687.5440889377023,824.0330505343148
2607,Rpl18a,187,686.9123671189342,826.106900860595
2608,Ptges3,168,687.6005461531131,807.032968872182
2609,Vim,261,691.996750751193,810.8945515284436
2610,negative_control,1828,692.5832236845276,810.8377299216029
2611,Psma7,161,692.7887504309379,811.566329286752
2612,Gsto1,54,692.4656931807914,786.9334269015712
2613,Ptges3,168,693.0107981819256,786.8036783930102
2614,Hspd1,64,693.0029037723721,788.0951375281104
2615,Ugdh,255,697.915715911648,778.0118844519114
2616,Csnk1a1,22,698.230029526818,778.8404463193116
2617,negative_control,934,702.5245544120919,846.3356243957182
2618,Vim,261,704.4674771560602,859.7535283495044
2619,negative_control,1686,704.6702505827459,861.2236815408381
2620,Malat1,83,704.7988779859204,859.609941911559
2621,negative_control,1052,705.2530270007128,860.0031827610909
2622,Nedd4,126,705.7782221242231,870.3297603580273
2623,Cct3,9,717.2412044413031,872.2444089448908
2624,Nedd4,126,718.2958583801588,883.7676849068764
2625,Oaf,133,726.0881400366898,817.2705233892923
2626,Mrpl4,101,725.4259503995962,817.1215827804549
2627,negative_control,531,725.6295862566913,822.0932516916662
2628,Nedd4,126,726.5065836205287,748.1093752142456
2629,negative_control,1408,727.8759189268887,742.5123780706482
2630,Cct3,9,728.636470114298,741.8289641710764
2631,Mrpl4,101,729.1591601094854,828.3080189331289
2632,Rad21,176,730.6553602382237,853.1211906765406
2633,Ptges3,168,730.8035931405965,754.4666086969144
2634,Ybx1,263,736.5788969059959,750.3721686358949
2635,Malat1,83,738.9807881993897,963.8386619097868
2636,Vim,261,739.7710372326861,964.0355915802016
2637,Gsto1,54,741.403385685672,989.2635175616034
2638,negative_control,1076,741.188974205812,989.561384403066
2639,negative_control,610,742.0946036012737,989.0793205331242
2640,Mrfap1,89,740.9725243434341,989.7366735450328
2641,Mrpl44,104,741.3723246489321,989.281407823172
2642,negative_control,876,741.1723857301927,988.7514644967144
2643,Il1rl1,69,744.128091102473,821.790396282849
2644,Uck2,254,746.2318866204607,746.1141256954834
2645,Mrpl4,101,745.97418090377,944.9943938900338
2646,Nedd4,126,747.5407516250599,921.560821626422
2647,Zyx,271,747.2387392713273,921.3581512671764
2648,Uck2,254,747.729527081922,873.9760312420422
2649,Uck2,254,748.7277113428763,829.1567103629336
2650,negative_control,1307,751.4500059122972,1030.761224494382
2651,negative_control,694,751.4788922392298,838.0479378595286
2652,Ugdh,255,752.2768582238637,1018.818019587048
2653,Uck2,254,758.0160939915722,983.7635727785726
2654,negative_control,1828,759.473460913359,1021.5613807941074
2655,negative_control,1272,762.0373911724678,778.052732071318
2656,Nedd4,126,763.1521671674864,733.4435815120974
2657,Malat1,83,762.6586020016592,926.9383593989432
2658,Thy1,228,763.3211618795173,926.8397130041726
2659,Cct3,9,762.2461751210246,926.1104330634788
2660,Stt3a,222,764.4850668921638,926.3669568709158
2661,negative_control,800,763.85565827741,1005.7511476157352
2662,negative_control,1868,764.4059514420998,1006.2266881805352
2663,Tubb5,246,763.0368725336353,1005.7015923100818
2664,Ran,178,764.7835708653524,1028.530377093762
2665,negative_control,1046,765.3409380593591,1028.7196282356326
2666,Cct3,9,767.0576096704303,714.5511532923254
2667,Oxct1,134,768.1424056917105,852.7561834984551
2668,negative_control,1732,768.5757417483449,854.0698307167634
2669,Nedd4,126,769.1334636945722,853.5186941230427
2670,negative_control,1155,769.8510299772406,787.0288432453115
2671,Nedd4,126,771.3729128294151,824.4543039826572
2672,Zyx,271,772.6495029708548,737.0718341022794
2673,negative_control,922,773.7293685412835,1039.2701815685143
2674,Nucb1,131,776.5933720972783,1052.5590101608466
2675,negative_control,689,777.9656659303179,1052.725069187613
2676,Fus,47,778.2170180270816,1054.3818997704614
2677,Xdh,262,777.4951080463866,1054.746334684009
2678,negative_control,1809,778.8504232432874,1055.2451185960308
2679,negative_control,453,778.0022858424556,1053.854122829784
2680,negative_control,1307,777.022340303346,1052.598639088435
2681,negative_control,412,776.8683690677216,747.9897233025006
2682,negative_control,1958,780.4295919758924,759.9201175353519
2683,negative_control,611,780.5123577891097,1001.4139899423512
2684,negative_control,300,780.7629122629589,864.9140366287659
2685,Lamp1,74,778.2007655003514,865.7413738618816
2686,Ptges3,168,782.7724717016929,733.3384707273334
2687,Uck2,254,785.6648020799453,777.4044082915239
2688,Nedd4,126,786.3720255608808,759.5760411310808
2689,negative_control,1871,786.9034916384002,723.9851752895504
2690,Ptges3,168,789.7265594656185,729.0659167845068
2691,negative_control,286,792.0566752577012,932.2344059505022
2692,negative_control,1099,791.7073794363291,931.6602694431066
2693,Ugdh,255,793.261045159974,983.9670665992207
2694,Ddx17,26,793.3587385552479,1044.2562118888732
2695,Uqcrc1,256,793.6596880282193,1043.821456417754
2696,Vim,261,796.2598812890624,1044.3350352111609
2697,Vdac1,260,796.3112250915536,1044.9676582532782
2698,Tmed9,231,793.6258227468577,1044.7958759441246
2699,negative_control,1553,793.207974591946,1043.480584333941
2700,negative_control,698,794.732911121767,1044.7412316118352
2701,Txn2,248,793.7765890584033,761.5077323646947
2702,Psmd4,164,794.8623655549436,762.8110140881265
2703,negative_control,1736,794.7896182660953,763.2804384726468
2704,negative_control,798,793.9311217422975,763.1178964229904
2705,Csnk1a1,22,794.7284336501256,762.1876520772275
2706,Lamp1,74,795.3718471155578,867.5573206012925
2707,Nedd4,126,794.7695997262051,877.5892929577749
2708,Uck2,254,801.6082089821563,828.3750435280665
2709,Vim,261,802.9438225421335,1033.3591026934612
2710,negative_control,1213,802.8859974853187,1032.463487307028
2711,Lamp1,74,803.075979726903,1033.5249180288874
2712,Igfbp6,68,803.6954194632333,1035.014226095732
2713,Pdia3,140,801.1202476379169,1032.756356248607
2714,negative_control,2049,804.7814771445863,1032.7395337334158
2715,negative_control,842,798.2251961205075,1071.661808945517
2716,Vim,261,796.7304340820618,1073.5819286440092
2717,negative_control,1207,802.7463350856033,1070.1934300051762
2718,Vim,261,799.174311553855,1071.277785161605
2719,Lamp1,74,802.2982691073121,1070.124058956066
2720,Rpl15,186,801.1770793980246,1070.3705028300176
2721,Top2a,236,796.5509319990792,1072.592803081494
2722,Fgf7,43,800.940590545654,1069.4415490130168
2723,Hspa8,62,804.4601440661886,996.8593616793808
2724,Ugdh,255,805.6299767490968,998.1049123392054
2725,Ptges3,168,807.4611438394921,947.2621853640052
2726,negative_control,284,811.7042916196939,787.1655966152326
2727,Ndufs8,123,812.0546163838719,785.7681901372066
2728,negative_control,1329,812.0448142764242,1022.622614703234
2729,Ptges3,168,818.4286102503727,875.3673884035
2730,Mrfap1,89,816.7486271544577,773.6823959744813
2731,negative_control,300,818.826021315442,773.577843529496
2732,Fkbp8,45,821.53446484523,819.9825518939512
2733,Scarb1,201,822.4880983590273,821.0440006549918
2734,Got2,51,821.5409246440527,819.1768664745266
2735,Nedd4,126,823.8201924042008,837.9725026011533
2736,Vim,261,823.596731833213,838.4305132604587
2737,negative_control,790,824.6431237859772,838.5594290151813
2738,G3bp1,49,825.4433391392181,837.0844638449158
2739,Ptges3,168,824.0094454417597,794.3410743884662
2740,negative_control,1241,824.5475110621907,1095.424341261478
2741,negative_control,932,825.274704046521,905.9986592526362
2742,Cnn2,16,827.9882379208823,1091.5311200167907
2743,negative_control,351,827.8918939027791,1092.743733340344
2744,Uck2,254,832.2628645720835,857.4201863951962
2745,Mrpl4,101,836.4656482884338,818.9147074328749
2746,Lamp1,74,835.9565771746765,902.2380836164248
2747,Srebf2,215,837.774719305359,902.7245885277874
2748,negative_control,1046,836.4700477644586,902.8246378950034
2749,Cct3,9,837.951878986895,873.1939098148395
2750,Ugdh,255,837.9789882159639,1057.822672892471
2751,Cct3,9,844.1843575225496,945.0001884640276
2752,Hspd1,64,847.7668038675855,1102.7355945046118
2753,Eif4b,37,846.6399014298695,1101.1878386846215
2754,negative_control,362,846.572914610642,1103.035416182074
2755,Psmc2,162,846.5589878854339,1103.3119222495616
2756,Oxct1,134,846.3578368735125,1102.7142504229023
2757,negative_control,925,849.6080009238234,1099.264341950838
2758,Ugdh,255,849.582714682603,888.6931785267591
2759,Cct3,9,850.5735760020194,867.854182454746
2760,Cct3,9,851.9613570810681,897.3771792413995
2761,Hspa8,62,851.8959934160275,1037.3209666217112
2762,negative_control,1549,851.8552515657516,1037.343199201218
2763,Cct3,9,851.9163475502205,858.7576361126423
2764,Ckap4,14,855.5198686461989,863.0672853609187
2765,Nedd4,126,856.1931233120741,1123.9709526765273
2766,Lamp1,74,855.7083096820032,885.9746480409196
2767,negative_control,284,859.5834538897925,1106.2067425353862
2768,Ptges3,168,859.9200067510428,1112.1927643836343
2769,Hmgcs1,58,860.1312537838897,1052.3120898466548
2770,Tomm40,235,862.3881644534749,813.0694790237573
2771,Ssrp1,219,862.7137382038347,1091.263435592644
2772,Ssrp1,219,864.2192069627106,1002.517689872895
2773,Ptges3,168,864.600975347506,880.2698071908706
2774,Mbd3,84,864.9231349939089,1060.606867809392
2775,Mrfap1,89,864.5370562619821,894.3627847928042
2776,negative_control,1230,865.4511617039168,893.4775382105428
2777,Rrp1,198,863.9667745946729,894.7812741146029
2778,negative_control,938,865.5343696504059,1055.2410617989638
2779,negative_control,1819,866.8825150434998,1092.7966366043945
2780,Ssr2,217,867.417408313157,1091.992143666335
2781,negative_control,665,866.2358695904366,1093.2835746350331
2782,Ddx17,26,867.0200109873354,1023.9492109256092
2783,negative_control,1240,867.0565320835826,1024.9348195172156
2784,negative_control,1840,871.8510927557711,895.2130414055397
2785,negative_control,922,872.724060665803,1089.3902891862836
2786,Eif4g2,38,873.680751790658,1038.784490832226
2787,negative_control,1928,872.8507362540142,1038.7770494002004
2788,negative_control,1202,874.0295561945028,1039.150303819858
2789,Cct3,9,873.4121948547191,1139.2812294579596
2790,negative_control,811,875.9806204050947,1080.6981596245312
2791,Vim,261,875.2004876880623,1098.9288911842884
2792,Lrrc59,79,876.7369555884766,1100.9083986984017
2793,Uba1,250,875.3356938957016,1098.7323062656696
2794,negative_control,1416,875.993741950406,1102.072148832303
2795,negative_control,1940,876.5838708317775,1102.25789286837
2796,negative_control,1954,876.5060359172679,1102.2433727597113
2797,negative_control,847,875.8426613033732,1100.0162171071138
2798,negative_control,925,875.9926138322946,1109.1051319785845
2799,Mtap,114,876.1465298544115,1110.7889733181887
2800,Vim,261,877.825201038472,1109.4367942293077
2801,Sfpq,206,876.9039340516297,1108.0667040661124
2802,Mrpl4,101,876.6766382466878,1078.6980256469908
2803,Efemp2,30,878.5477087793122,1051.0864084104112
2804,Npc2,128,877.6543982789699,1052.8297296202018
2805,Mrpl4,101,880.6694582802236,907.0410369871124
2806,negative_control,998,882.2563303755063,1127.9725995383435
2807,negative_control,603,882.7981357652823,1129.0436349310323
2808,Sec13,204,882.393691070981,1129.0822506868876
2809,negative_control,1530,881.9661143644022,1128.0662260714448
2810,Ugdh,255,882.6032544566528,1072.6722850759222
2811,Ssr2,217,883.7512477469688,1079.856028156702
2812,negative_control,1738,885.5223005623333,1080.977305069604
2813,Vim,261,885.9581350084727,1080.0843555305207
2814,Tnk2,234,886.9566619624557,1080.8462874730928
2815,Lamp1,74,884.8853350715588,1081.2064281732992
2816,Uck2,254,885.9479873006237,1080.7611064122586
2817,Rbbp7,181,887.359784437909,1081.6792775973518
2818,Sdhc,203,883.959597187373,1080.2377385819384
2819,negative_control,1813,884.7571519943481,1057.915132662663
2820,Hnrnpk,59,886.9114836985532,1116.6781785021096
2821,Cct3,9,884.6506790364326,1116.9549821517571
2822,Cct3,9,885.7758461696277,1101.074206327182
2823,Nedd4,126,888.1377853351764,1134.424931945224
2824,Got2,51,533.1568939362767,854.7413380560533
2825,U2af2,249,539.502791287024,835.3966146413353
2826,Ywhah,266,556.9429052328119,850.7970223150305
2827,negative_control,688,555.4660328556021,850.1595336650354
2828,Tcf25,226,557.0336804432652,776.8967800988978
2829,Got2,51,560.8072703697759,853.9937739515299
2830,Nr2f2,129,573.8189134466784,850.0812368262682
2831,negative_control,797,576.6918560831573,802.3747823287009
2832,negative_control,1259,580.7256979769511,790.7980469053637
2833,U2af2,249,583.4854151698064,826.4562876565379
2834,Pdia6,142,589.3917893212513,854.3770743701643
2835,Mrpl45,105,590.6577311255014,816.1544776236916
2836,Lmna,77,590.2809218531446,817.2273709177927
2837,negative_control,515,596.9455975171044,812.1890628645526
2838,Oaf,133,596.8621033014504,796.0324600577003
2839,Arpc2,7,602.7116129982851,816.851758542203
2840,Rpl18a,187,604.6385030864104,753.9780863140411
2841,Got2,51,603.740404770345,841.2128980032546
2842,Tcf25,226,605.6456989624616,796.9146927162947
2843,Eif3e,34,606.1897210445973,800.5997672986019
2844,U2af2,249,606.3668941649896,826.9594968077874
2845,Arpc2,7,609.136682564317,812.5823615669368
2846,Arpc2,7,610.4727444154767,766.0212654293282
2847,Hnrnpul1,60,611.9028190222248,780.6233050789102
2848,Cited2,13,613.3579712449848,780.5433964916851
2849,Il1rl1,69,611.8647370644524,779.5749402737058
2850,negative_control,699,612.185266229844,782.5506177389275
2851,negative_control,1880,612.5598610407126,780.4140929436608
2852,negative_control,1480,614.065747247997,779.8186335463145
2853,negative_control,1307,613.7505088438655,780.537478019301
2854,negative_control,1864,616.1979315992783,809.6098472006439
2855,Actn4,3,623.4056101478266,785.1406056799276
2856,Rpl15,186,623.4702706012835,784.4523658355813
2857,Arpc2,7,622.5733502730311,784.4720019235327
2858,Tcf25,226,622.5376154570563,770.8291391299133
2859,negative_control,1787,635.4670949112052,807.7588351040779
2860,U2af2,249,634.7842612627908,845.2483052502953
2861,Myh9,118,635.489112572187,803.0288102419669
2862,Got2,51,636.973449942962,803.7265957033997
2863,Tcf25,226,646.0201513871249,794.5000410362545
2864,negative_control,1140,645.6887735027568,815.6938764961044
2865,Tcf25,226,647.2801196231836,820.9849083388132
2866,Eif3e,34,647.7729734196399,774.7336832785388
2867,Eif3e,34,651.4908777774021,784.6529666827066
2868,Vim,261,652.1445752099078,815.0425233613389
2869,Ctbp1,24,652.0502759737979,816.35088807987
2870,Maged1,82,653.0056816441772,815.2916576770955
2871,Hspa8,62,652.9496394389198,815.6629436383481
2872,Pdia6,142,660.9172908548147,770.8231452990558
2873,Got2,51,660.7223398320275,810.0514746997646
2874,Got2,51,664.7179026730158,785.9955147443897
2875,Got2,51,665.389588338199,801.9468154753273
2876,U2af2,249,670.1291347061034,821.1617752998259
2877,H1f0,55,669.6269959142203,820.9079018942037
2878,Arf1,6,668.7417941642934,821.63769070791
2879,U2af2,249,678.2562881055882,821.2865470721398
2880,Eif4b,37,682.4439246253578,824.9664848910373
2881,Thy1,228,681.8078858725555,824.8048294327589
2882,Mmd,86,682.6248178807905,825.1000100329951
2883,Vim,261,686.8714035995663,769.944833298504
2884,Arpc2,7,687.3329893218095,769.6959170707212
2885,Got2,51,687.8147982173571,807.7735816037226
2886,Pdia6,142,689.5617066054831,845.4039697336189
2887,U2af2,249,691.3563354965742,837.6997857806668
2888,Rps15a,191,701.3167598556975,847.6951559146437
2889,Fkbp9,46,700.5852003133361,849.4360876546268
2890,Pdia4,141,700.9739132455887,847.5186732449006
2891,Pdia6,142,703.8388372408699,799.4455673305653
2892,negative_control,689,703.3019294726546,811.4571071583764
2893,Eif3e,34,709.7191857895201,765.0055715367374
2894,negative_control,1449,712.4802969951998,842.8737796215061
2895,Arpc2,7,712.7898471434606,785.4751416591367
2896,Sfpq,206,717.2422134944518,748.3765458048955
2897,Vim,261,715.8385908144805,749.879134729156
2898,Mbd3,84,717.9166833694424,747.6394938886308
2899,Pdia6,142,715.9089663702578,806.0431308087783
2900,U2af2,249,716.4409803331743,773.9635142339594
2901,Rpl21,188,716.1254505672796,823.3819242045253
2902,negative_control,900,715.9454381998338,823.9886652599756
2903,negative_control,1917,718.0341587287585,823.5208535371064
2904,Gas1,50,718.1499190301204,877.1367472874197
2905,Gas1,50,718.946234517204,859.2517928114883
2906,negative_control,1138,719.8191438070686,747.0166019525448
2907,negative_control,1420,721.4508677684059,865.5804979470948
2908,Nfe2l1,127,721.507843257944,865.6278744833432
2909,Ly6e,81,721.2483360725727,865.3641740705577
2910,negative_control,1884,721.5407042221891,865.3845564179967
2911,negative_control,1146,723.1800659309922,866.1849912785809
2912,U2af2,249,724.4517133299935,741.9364828323623
2913,negative_control,1312,729.0690372551021,779.3010613477734
2914,negative_control,1222,729.1030889209911,779.2929655247879
2915,Eif3e,34,727.117315133585,946.2733762834852
2916,Pdia6,142,727.4152644112363,929.9982444395498
2917,Mtap,114,728.1218230011699,929.0779472294344
2918,negative_control,1143,727.8988904405904,914.8006949805824
2919,Gas1,50,728.7362414941355,888.1958916135444
2920,Prkcsh,152,729.5762556367546,818.0877756849532
2921,negative_control,1547,729.2666189590267,823.9439162802994
2922,U2af2,249,730.5073870816458,784.6044808379783
2923,Tcf25,226,732.6756645338617,931.4030057275968
2924,Pdia6,142,733.0453064197808,860.5113717801879
2925,Rbm3,182,731.8434778417818,969.3855953527592
2926,negative_control,1387,732.2295681780697,969.2593081194286
2927,U2af2,249,734.4213149302323,970.6523479993074
2928,Tbrg1,225,732.1866054787947,969.3993974355876
2929,Vim,261,734.9636032866375,744.5845262403474
2930,Stip1,221,736.109012115887,744.1124390560996
2931,Cnn2,16,735.3085349790291,744.5889586118842
2932,Hspa9,63,733.3669573134852,743.592093792862
2933,negative_control,1129,737.6075239131085,751.09760326917
2934,negative_control,1450,737.7910472847215,886.3946170462148
2935,Gsto1,54,738.3341701325168,873.3190167144734
2936,Mtap,114,738.8693481603951,873.4815616518954
2937,negative_control,707,737.2707831244508,874.7657268185939
2938,Got2,51,740.1004352081414,754.4251383661873
2939,U2af2,249,740.4260557934997,1002.3489363492332
2940,Eif3e,34,740.7252200078431,985.624820871275
2941,Myh9,118,741.9719113494558,931.3377484275676
2942,U2af2,249,743.582319592474,753.1726585820331
2943,Arpc2,7,743.409961789514,764.6469875039594
2944,Ncl,121,744.8342204113746,847.8919512255635
2945,negative_control,1917,743.3229587494869,847.9258464901087
2946,Vim,261,747.754824921909,1020.0301734924152
2947,negative_control,1139,749.658347918417,782.2339215418064
2948,negative_control,1139,749.7757723854628,854.4008496373234
2949,negative_control,697,749.8251857302354,771.7176574962983
2950,U2af2,249,750.7329272499308,734.1626767568674
2951,Pdia6,142,751.5892230355738,787.8178537103335
2952,negative_control,319,754.8943955589264,1035.3088563185777
2953,Fus,47,752.7662762371446,1035.3422956651923
2954,Npc2,128,753.5732836977645,1034.325141354156
2955,U2af2,249,752.5733108964622,1033.9141596481293
2956,Hspa8,62,753.2072873908413,741.5569797060602
2957,Eif3e,34,752.1586073672603,741.333080522099
2958,Mtap,114,754.8324033387752,739.1259887936417
2959,Stip1,221,754.4017653835303,741.0577450430043
2960,Sf3b2,205,753.0349257743785,740.1741355423643
2961,Ywhah,266,754.4652329380367,741.9800601932391
2962,negative_control,1863,753.0207993523381,844.612530250798
2963,Prkcsh,152,752.8029302700714,814.7368838924715
2964,Prkcsh,152,752.4481823240355,917.0259920080624
2965,Prkcsh,152,753.9648230394703,828.8428886165439
2966,Pdia6,142,754.5365782951985,1028.018768312441
2967,negative_control,461,760.1606119183944,742.435981727735
2968,negative_control,1347,761.3621125612103,743.4949256039764
2969,Arpc2,7,760.2240486558715,744.4727613091538
2970,Tcf25,226,761.3371421623929,732.4869610215683
2971,Raly,177,761.2864059298489,732.8995016742227
2972,Gas1,50,761.2134818145897,870.7404715881803
2973,Prkcsh,152,762.7409048889289,913.0906305174584
2974,Pdia6,142,762.1772223723066,855.7290850913708
2975,Tcf25,226,763.0522020837632,1015.814008253086
2976,Psma7,161,763.3831688627075,731.1111156383546
2977,Lmna,77,764.2751276566479,732.2525764390898
2978,Eif4b,37,762.8047192964448,730.9693715358537
2979,negative_control,1079,762.6845581853302,730.718340723668
2980,Eif3e,34,765.2210460625739,721.9117251588327
2981,Malat1,83,766.339799597796,912.798691014452
2982,Pdia6,142,766.8056193370537,842.3867370269514
2983,negative_control,1138,768.3766478610999,1035.4737903659125
2984,Prkcsh,152,768.2240813390612,990.4319545131576
2985,Igfbp6,68,768.2048723183484,735.6359711974801
2986,U2af2,249,769.3656803546424,735.8458072602223
2987,negative_control,1827,768.2767392726046,735.1755593681187
2988,Eif3e,34,769.6287407025086,748.8407460277753
2989,Eif3e,34,772.4465982406134,1021.1480603486556
2990,Got2,51,772.4049332985805,807.4742732149369
2991,Lmna,77,771.6261056011948,1052.8357336457586
2992,negative_control,830,772.8871648477264,1053.2379792962054
2993,Efemp2,30,773.3702485849984,1053.1658096025276
2994,U2af2,249,773.1383084157261,1030.4896431821358
2995,Eif3e,34,774.3861785212968,1039.571418067729
2996,U2af2,249,775.2463246234001,945.4172302654964
2997,U2af2,249,775.2430754979575,949.0730137151686
2998,Got2,51,776.6598864957847,815.8750961967055
2999,Mmd,86,777.5140534083982,784.6527053709952
3000,negative_control,1138,778.0758474062693,1022.1105905178296
3001,Got2,51,779.9384894946911,808.0683754913746
3002,Arpc2,7,781.0661747156187,778.0226538973477
3003,Pdia6,142,781.3455794589254,767.5244808811112
3004,Thy1,228,782.5076457264549,768.7938139848095
3005,U2af2,249,782.5151822991415,779.8709348091198
3006,Gsto1,54,783.4896400725395,730.7445657002224
3007,Cct8,11,783.0416226596567,731.1780207626349
3008,Got2,51,782.7104294644919,1022.365902610316
3009,Ncl,121,783.7530882210762,737.7464213086877
3010,negative_control,1138,783.6438953560204,738.6608197068086
3011,Vim,261,784.2449303347918,738.8105906563239
3012,negative_control,756,784.9141336688062,1042.956124961418
3013,Slc38a2,209,784.4444366243772,910.2656157540138
3014,Eif3e,34,784.7062749374091,909.127047521068
3015,Eif3e,34,786.0627460950243,764.4250094704074
3016,negative_control,1530,787.4108566368922,764.3506987721753
3017,Ybx1,263,785.5118062645738,763.851093898597
3018,negative_control,374,786.1601098906908,1051.694304689342
3019,U2af2,249,788.3035957812069,1028.2071773581672
3020,Mbd3,84,790.4800647228598,758.5300509125962
3021,Pdia6,142,792.2550009277834,834.1022717535969
3022,Prpsap1,156,791.7315888099471,731.4086092050807
3023,Sf3b2,205,791.7782246265049,730.9663958205391
3024,U2af2,249,793.2409093287856,878.3846254579385
3025,Vim,261,794.8604485402935,1063.6596268634182
3026,Nr2f2,129,794.775551177574,1065.2912354396765
3027,negative_control,1413,793.5288024646305,1065.004104786432
3028,U2af2,249,793.7998347390402,1063.3536207479228
3029,negative_control,1904,793.9325581209445,1064.25417494085
3030,Prkcsh,152,796.5967770867485,769.6631984725566
3031,negative_control,1983,798.2156710132482,897.2269921734967
3032,U2af2,249,801.0666541014925,1053.074803559136
3033,Got2,51,802.6667556499284,837.2320296650839
3034,Got2,51,804.646598708247,1020.3697005054664
3035,Ndufv1,124,805.1149058375075,1100.296705030582
3036,Pdia6,142,804.903354391525,834.417649471919
3037,Eif3e,34,805.8054461447826,768.5733856526015
3038,negative_control,1260,806.0625691258606,812.7102108820438
3039,Twist2,247,805.5633156278341,1077.8068302764516
3040,Eif3e,34,807.5875080865551,1065.7000964948145
3041,Got2,51,809.2282289928313,1041.8739291613067
3042,Got2,51,808.8643934159818,773.9359007188355
3043,Pdia6,142,809.6637117369128,1030.824181972479
3044,Arpc2,7,812.6538430693491,921.486324354122
3045,negative_control,1139,815.3889352731568,1015.7980828546364
3046,Uqcrq,257,815.9594746452228,827.8401023903633
3047,negative_control,396,818.981412399756,795.2341135725633
3048,negative_control,1859,818.0040581846629,794.6646055607813
3049,Pdia6,142,820.3551577735361,1016.2803916021558
3050,negative_control,1562,820.0984511219533,991.0644118375894
3051,Pdia6,142,820.4268379673803,1040.1160872612716
3052,Eif3e,34,821.7218240081747,1009.266452228038
3053,negative_control,1024,823.1082837339957,1062.6808059858752
3054,U2af2,249,823.0932682604309,794.9199086291393
3055,Pdia6,142,824.549295591537,1077.5218947771575
3056,Cct5,10,825.3946383683563,1036.0329590666165
3057,negative_control,830,825.3429962736493,1034.255193327574
3058,Ergic1,41,824.7371475871046,1034.890771221371
3059,Arpc2,7,826.0730009482853,891.3066096747551
3060,Vim,261,829.1479064673581,896.5237061103483
3061,Pdia6,142,828.7597239853976,896.7761260289235
3062,Mmd,86,830.219524042298,1042.8175605886795
3063,Tbrg1,225,831.9483871313369,1040.9162819219823
3064,Pdia3,140,830.7695124770602,1042.034037517095
3065,U2af2,249,829.4201840786784,1025.5862716670688
3066,Nr2f2,129,832.6552738587376,1031.1580692505656
3067,negative_control,1864,832.9326892035933,1031.1399050030811
3068,U2af2,249,834.5542632913225,921.517675489716
3069,Actn4,3,835.5977750594711,1045.0889065285628
3070,Vim,261,835.642312185397,1044.3673527842006
3071,U2af2,249,835.7537363272972,1043.6208568821917
3072,negative_control,1041,835.2618062499525,1044.408813575055
3073,Prkcsh,152,835.8612396115652,869.2758034793369
3074,U2af2,249,837.4328157563369,1096.8658543198587
3075,Eif3e,34,842.8555052602554,1041.6581346549622
3076,Got2,51,844.4705942214207,946.0935377191164
3077,Vim,261,845.8458587258169,886.2409703827452
3078,Got2,51,846.2075223633401,884.6829487269654
3079,U2af2,249,846.6931593516883,814.8767018106983
3080,U2af2,249,847.6267960442583,1097.1794746796102
3081,Eif3e,34,848.9872165717134,903.40771900419
3082,Ywhaq,267,847.9551270846027,1104.4222541903064
3083,Mmd,86,849.3557171802923,1103.7419851632883
3084,negative_control,2066,848.4817718764133,1104.56442379937
3085,Arpc2,7,850.178370931103,1098.6547241012238
3086,Ndufs8,123,851.4855182329351,1052.4470832210782
3087,Pdia6,142,852.0984722691842,1051.895647552193
3088,Eif3e,34,851.724649379679,916.1334458290582
3089,negative_control,1138,851.6696884436218,1028.888759376318
3090,Got2,51,852.6775761483336,1080.2392993843755
3091,U2af2,249,853.3593336019576,881.7305552639737
3092,Snrnp70,210,852.4724435512925,874.5824848121509
3093,negative_control,1732,852.6807623331526,876.2863249625907
3094,Arpc2,7,853.106290891752,874.7737023282342
3095,negative_control,679,855.3948173723821,1094.2714925483774
3096,Got2,51,855.3241904597173,1003.2168810187092
3097,negative_control,1562,857.5957927460393,1059.3560699866791
3098,Eif3e,34,857.5853609640951,957.2476593358276
3099,Trim28,241,857.7808456606531,888.8465018111251
3100,Fxr1,48,857.8205328265392,889.4777119268548
3101,Pdia6,142,857.9770850575565,954.6715102449248
3102,Pdia6,142,858.7887131083318,996.9044717789008
3103,Pdia6,142,859.4754519530678,1003.9034162753352
3104,negative_control,1142,860.9751160118245,1119.0563385890152
3105,U2af2,249,862.5791145924992,957.7173997230924
3106,U2af2,249,863.4602366781916,1007.226559868872
3107,U2af2,249,864.6117309460013,995.6953352113547
3108,Got2,51,867.272615494302,1110.0189549679335
3109,Pdia6,142,867.3884859287249,963.1556670249004
3110,Tcf25,226,867.993526921198,1104.3456329398982
3111,Gas1,50,867.9596635500718,900.921128353632
3112,Eif3e,34,868.0360825527315,1084.7801514310345
3113,Vat1,259,866.65229345681,1084.940088016608
3114,negative_control,591,869.9230509957932,905.1306015049264
3115,negative_control,521,871.8889627231565,1110.513036690053
3116,Eif3e,34,871.8509210427408,1110.0940681558582
3117,negative_control,804,873.7496932435866,1110.55092224377
3118,Eif3e,34,872.472773268129,928.9114218597148
3119,Fkbp4,44,874.5661839417701,1133.6298954107897
3120,U2af2,249,876.5049133052552,1042.095777427632
3121,Eif3e,34,877.3503286937924,975.6742079542972
3122,negative_control,702,877.0660105536692,1071.4864061268752
3123,negative_control,788,876.2251791124932,955.4392735945412
3124,Stip1,221,877.9580197283594,1097.4180127419825
3125,Hmgcs1,58,884.6341989310728,1062.9817083905425
3126,U2af2,249,884.9927171366589,1104.8216311812212
3127,Arpc2,7,884.7178276903792,1144.8326565208042
3128,Tcf25,226,889.6059419414188,1106.7095723845696
3129,Eif4b,37,538.3109978391481,821.3963503234775
3130,Eif3i,36,542.1960761997437,808.1971334926117
3131,Eif4b,37,542.8351603990659,841.8369838494219
3132,negative_control,1220,544.8740321664485,842.9112302478995
3133,negative_control,1364,548.1947734441203,813.6975201095183
3134,Tpi1,237,550.919769098274,858.6440025890618
3135,Eif4b,37,553.6507274834471,815.5532979193606
3136,negative_control,1776,555.8480423341612,849.3573344795243
3137,Cnn2,16,559.7236697475613,840.1710489653667
3138,Ehmt2,31,569.8079831910047,799.0146562478375
3139,Tpi1,237,577.0201883519966,828.8653402364772
3140,H1f0,55,576.2259088670875,828.3767375480933
3141,Mtap,114,577.4293325448095,845.5014757164807
3142,Gsto1,54,575.8046623178498,804.1077860436797
3143,negative_control,1207,577.8714290035122,803.5988903832078
3144,Lmna,77,580.9977834555094,772.5320667083324
3145,Sdhc,203,584.9163216241965,765.9397057778515
3146,Msn,112,587.760207312069,847.7659394278477
3147,Mtap,114,587.7464798982744,846.6748342807743
3148,negative_control,1854,588.4234756601951,795.1594986114543
3149,Ehmt2,31,592.3683209354242,861.4756456742138
3150,Mtap,114,595.4669863168256,865.0802588938359
3151,Mtap,114,598.4885118935367,833.8823673243495
3152,Mtap,114,604.2234474889647,813.6067068005877
3153,Hnrnpk,59,604.6720276610442,814.9594699441777
3154,Vim,261,603.7427106207198,815.7791818831074
3155,Fkbp8,45,603.9411561932187,814.7977844810189
3156,Mtap,114,607.5097749484347,794.1898786661031
3157,Mrpl28,97,611.2663768955584,799.8081494921848
3158,Hspa9,63,610.2645248582751,800.5037176232789
3159,Tpi1,237,613.2536119744626,766.9412718989296
3160,Vat1,259,616.470989186687,778.4941853823506
3161,Eif4b,37,621.1732885652347,787.0352192416434
3162,Mtap,114,621.2367658789293,869.5137912853386
3163,Eif3a,32,622.9736059185293,822.361724694498
3164,Vim,261,623.1036310552066,833.5053477768095
3165,negative_control,1499,623.385826173196,833.8705351102385
3166,Tpi1,237,623.114970992541,834.9298144350098
3167,Mtap,114,624.9653750741804,806.9514294822709
3168,Mtch1,115,630.2281287440118,833.9374968324782
3169,Sdhc,203,631.2551599837598,833.7294538462752
3170,Rpl18a,187,629.7707868670963,834.1648330941633
3171,Tnk2,234,632.4360216666361,774.906118698957
3172,Gsto1,54,635.2713012001882,774.7308777584444
3173,Sfpq,206,635.5956361615172,774.2053723142169
3174,Tcp1,227,636.3930327880813,774.5815101454939
3175,Mtap,114,645.4501616335817,812.5254880483851
3176,St13,220,645.5286427234762,838.9595840043119
3177,negative_control,1213,646.2649185571962,838.0919653885397
3178,Hnrnpk,59,652.0024886855214,788.6448469427597
3179,Eif3i,36,653.6121421407452,808.021477684741
3180,Nr2f2,129,661.241285551886,832.3368468613227
3181,Mtap,114,662.3258642823573,779.2275909888301
3182,Eif3i,36,669.4617604499222,816.5153931312743
3183,Mtap,114,670.6934555796792,825.3393014961966
3184,Eif4b,37,671.4165917382542,810.391545588855
3185,Vim,261,674.6943972583413,813.4296077676755
3186,Tbrg1,225,674.5218723011851,813.739115944344
3187,Fkbp8,45,684.7493942940777,770.3238594898021
3188,Mtap,114,684.2840104780348,770.8211646319035
3189,Sdhc,203,686.201724855458,829.2793780521008
3190,Myh9,118,688.4619406429226,774.2131719487746
3191,negative_control,1635,689.5877665916255,774.4822065450069
3192,negative_control,2034,689.9183554515942,773.0197588518378
3193,Eif4b,37,692.1684798564901,809.1965340236416
3194,Eif3a,32,692.4872863812324,796.9604686554035
3195,Psmd7,165,694.6219710333479,854.1887337284159
3196,Mtap,114,698.1943860181127,786.5314784844236
3197,Ubxn1,253,697.1109288319029,785.4329918285532
3198,Mtap,114,700.6172434398534,792.9083666240659
3199,Igfbp6,68,701.432578168492,817.742951218035
3200,Igfbp6,68,701.579862953655,811.2970879075679
3201,negative_control,452,704.220723328448,761.9189877417855
3202,negative_control,403,704.7806651478173,767.2160155915402
3203,negative_control,1457,704.7520937869429,753.8731602381994
3204,negative_control,1053,708.3983200280312,806.5918308894194
3205,Mtap,114,707.8808290797223,834.6190165608062
3206,Mtap,114,708.6693678390849,766.1795910179392
3207,Junb,71,712.613590321879,821.2385332427524
3208,Txn2,248,710.620349555626,810.4350030984413
3209,negative_control,1837,711.9592473819248,811.5883147914257
3210,Slc38a2,209,712.4462331089086,868.4132837050623
3211,Nfe2l1,127,715.1509564536454,858.3595952157385
3212,Ehmt2,31,715.7802424232976,858.5699911491462
3213,Tnk2,234,715.4408537762833,755.1400717523096
3214,Ppp2r1a,151,715.8342081647172,768.5073564071487
3215,Slc38a2,209,718.3808473305119,861.1580813242404
3216,Igfbp6,68,718.416343511407,849.0346253542987
3217,Eif3i,36,721.5887673153359,779.4652003235175
3218,negative_control,442,721.4119454322056,835.0005080670735
3219,Igfbp6,68,723.3697459124152,836.4316882859495
3220,Slc38a2,209,722.9749935584214,907.5006989745774
3221,negative_control,1854,723.0036197928159,903.7151056326188
3222,Slc38a2,209,723.5855217740743,864.4089509374442
3223,Eif4b,37,724.3277343498346,922.2541633605068
3224,Igfbp6,68,726.6673254819146,890.4422630910743
3225,Slc38a2,209,727.6046529524239,939.1809189842024
3226,Vim,261,729.5172480078902,995.097714661651
3227,Tpi1,237,728.9211446273893,995.148637133658
3228,Slc38a2,209,728.9638870086685,840.6712286626148
3229,Mtap,114,730.0610926608852,983.1643324346642
3230,Eif4b,37,731.7204399127651,919.4553920533976
3231,Mtap,114,732.787980244856,817.3060157609395
3232,Eif4b,37,732.0752417869064,756.7400289801694
3233,Slc38a2,209,733.68212701304,825.1249276709046
3234,Vim,261,734.9921644245575,759.5859812119944
3235,negative_control,523,734.4949714381809,759.4415910207797
3236,Slc38a2,209,735.958581334102,915.9657433525228
3237,Il1rl1,69,737.6306628582442,771.9160423645312
3238,Kars,72,737.514106131373,770.5134771521555
3239,Slc38a2,209,736.4798245445836,990.8569593383056
3240,Vim,261,736.7625247441149,798.7741790860946
3241,Timp2,229,736.3906064418537,798.5899224415318
3242,Rbm3,182,736.4050311394078,799.383297321043
3243,Lamp1,74,736.0346593605354,797.9186157668051
3244,Pdia4,141,738.680537569764,773.583435655612
3245,negative_control,1392,738.7698350139784,773.5203916691004
3246,negative_control,609,739.1299005944586,773.9775361142642
3247,Nfe2l1,127,739.182008144762,774.1477037914958
3248,negative_control,1609,739.1375715055312,944.2713908855594
3249,Sdhc,203,740.738286011001,997.6798750931822
3250,negative_control,1216,740.7777041878426,786.1240941481295
3251,Ncl,121,740.3538228906033,785.3726304705996
3252,Mtap,114,741.2018272847616,1022.9036761126746
3253,Sae1,199,742.9688667087222,1022.0840012567478
3254,Igfbp6,68,742.8950928846771,948.5577407622112
3255,Slc38a2,209,742.9101236871163,897.7260073152868
3256,Lrrc59,79,742.8726611925746,728.3725720908067
3257,negative_control,2019,743.1110763729406,1012.894345323122
3258,negative_control,527,741.7175785040533,1013.7692765049194
3259,Dpy19l1,27,742.1957973981874,1013.8270135084756
3260,Eif4b,37,744.0201228741032,870.0474072663358
3261,Slc38a2,209,743.9273024859231,884.1708763027794
3262,negative_control,1664,743.6797850832393,739.5206936725957
3263,Psmd4,164,747.5886664496514,753.4698593316916
3264,Tpi1,237,750.4757449145177,1018.8574107433376
3265,Psmd7,165,749.6643569069748,1018.9877404537656
3266,Eif3i,36,750.9551729351842,884.0599765073839
3267,Rps15a,191,751.2772213867134,862.0839797117827
3268,Eif4b,37,752.0243907702064,861.1030180911304
3269,Igfbp6,68,752.8177309391157,826.1657534203953
3270,negative_control,417,752.2484353142694,827.8712892971072
3271,negative_control,1757,752.8898457360317,827.6073372218352
3272,Slc38a2,209,755.3634441480845,1014.588244566498
3273,Mrpl28,97,757.4176440918025,734.8434277429537
3274,Vim,261,754.6404514298312,733.0233641569744
3275,Ehmt2,31,756.7726071958026,733.8729968417388
3276,Actn4,3,757.3984962396537,734.8981415381312
3277,negative_control,1004,758.2410111518569,832.7072980933451
3278,Slc38a2,209,758.7011682214084,919.78558337235
3279,Sdhc,203,759.8659436587445,873.1735155655992
3280,Eif4b,37,762.3063518180385,739.5950670341576
3281,negative_control,1235,763.4602358589746,775.1168179633901
3282,Msn,112,762.7954911962383,775.4321607121279
3283,negative_control,598,763.6830798243087,1007.8939880852766
3284,negative_control,708,764.5607391394326,1008.1564168640372
3285,Slc38a2,209,764.408366597256,864.7168005153774
3286,Eif4b,37,764.7939006825954,908.9187815447674
3287,Hspd1,64,764.7142245657787,1051.215734514544
3288,Slc38a2,209,766.1470640263789,987.2215385991587
3289,Ywhaq,267,766.1529877321057,843.3994026387575
3290,Eif3i,36,768.4844287044509,1003.1341927192352
3291,negative_control,1558,768.5670240580434,777.0548028374985
3292,Gpi1,52,768.639960592255,915.2995653738006
3293,negative_control,1364,770.0621158839224,1035.5465016068715
3294,Timp2,229,770.0358955859072,795.9892787057333
3295,Ncl,121,769.8895115694611,795.1708937526089
3296,Eif4b,37,771.2722481251553,887.7126664188361
3297,Tnk2,234,771.7002888833952,872.2107511554149
3298,Vim,261,772.7010676520053,760.1053953240197
3299,Slc38a2,209,773.0736523371381,759.7489244471594
3300,Nudt9,132,772.6025938168947,723.2136393010433
3301,Vim,261,772.0646568682597,724.5162004375641
3302,negative_control,1209,773.8724992576947,735.47107956444
3303,Eif3i,36,775.5321995997435,1023.8715663290988
3304,negative_control,403,775.8685252785388,1048.0757002594046
3305,Eif4b,37,776.1258211461959,793.0832600320698
3306,Slc38a2,209,776.088446403005,883.0291463464841
3307,Eif4g2,38,776.2099450680954,1033.195178843193
3308,Fus,47,775.724851478664,1032.1815693701903
3309,Vim,261,776.5618087952694,818.662798137397
3310,negative_control,317,775.7574597585062,819.5657259061688
3311,Twist2,247,775.6062250939696,1013.6122042524956
3312,Slc38a2,209,777.2464051869215,827.3851985061074
3313,Mtap,114,778.2574672336095,733.1714795032641
3314,negative_control,1559,777.7403848568024,766.3104608285988
3315,Mtap,114,778.7195765096022,1025.4248652571334
3316,Hspa8,62,780.7196504140131,847.8340630731568
3317,Nr2f2,129,779.755280263176,848.3950627406359
3318,Sdhc,203,782.4955870253416,863.4518311390586
3319,Slc38a2,209,783.798669288675,918.8949976453016
3320,Slc38a2,209,783.9685372463217,899.1506010523459
3321,Slc38a2,209,784.5060605276407,1005.032246252863
3322,Zyx,271,782.0819072904982,888.4335942552481
3323,Malat1,83,783.5267412041287,888.4390605805854
3324,negative_control,1626,783.2668236559941,889.4126010193531
3325,Gpi1,52,782.9665858533585,759.8363723906723
3326,Eif3i,36,784.085253083767,760.4840117387478
3327,Tnfrsf1a,233,783.9755129188763,761.6795794178679
3328,Tpi1,237,784.6104208813326,715.3759472256338
3329,Eif4b,37,784.6161237681381,1041.0067157553538
3330,Uba1,250,785.5186927258015,746.9958148532553
3331,Ran,178,784.9481326729858,747.49524526365
3332,negative_control,275,785.8267199033914,747.1822614928906
3333,Rbbp7,181,787.7284718631986,746.3252478131033
3334,Tnk2,234,786.1542268489392,870.7679760893042
3335,Eif3a,32,787.5872928808756,744.1823989919172
3336,Igfbp6,68,787.9851939440562,835.8219583125763
3337,Mtap,114,790.2103442470117,724.6925664222706
3338,Tnk2,234,790.1991625320854,800.0463944755608
3339,Mtap,114,791.042308634371,875.2621166136253
3340,Eif4b,37,792.7431355460193,758.4841612694036
3341,Mtap,114,793.0097083136596,734.1691694911531
3342,Eif4b,37,794.410070423889,749.9795720308454
3343,Slc38a2,209,796.0394949096961,990.997828413057
3344,Tpi1,237,796.6278994814252,895.6447479123728
3345,Eif4b,37,796.8172373835519,779.0776036147793
3346,Eif4b,37,798.0612731826343,724.616120710708
3347,Slc38a2,209,798.9308544748463,925.5598491316246
3348,Vim,261,798.7175453482228,745.8744942620822
3349,Eif3i,36,798.7037115276473,730.4285215864921
3350,Slc38a2,209,799.6488071797373,930.333944382348
3351,Igfbp6,68,799.139534973066,846.1468917269094
3352,negative_control,1207,800.652352933544,751.5978571346883
3353,Tpi1,237,801.1612738044358,1055.717921661735
3354,Rps6ka6,194,802.4826377954132,1055.5947681150828
3355,negative_control,584,802.5807388829621,1055.8958259273218
3356,Vim,261,800.9611053565102,1056.4438304313612
3357,Igfbp6,68,802.5518859496947,851.8716641960009
3358,negative_control,586,802.7220403797478,1048.288137247622
3359,negative_control,1004,803.1387783465367,1048.1427170853497
3360,negative_control,447,803.766019213778,1080.1062573449813
3361,negative_control,914,804.8173788782689,1081.374781495707
3362,negative_control,1746,803.4062336151749,1081.0387729592244
3363,Slc38a2,209,805.0366791654934,876.4563443272273
3364,Ehmt2,31,805.5510406642436,1069.724466750626
3365,Mtap,114,810.3069487271632,799.7298255393183
3366,Slc38a2,209,811.3958206052632,930.8236666378168
3367,Eif3i,36,811.509162700234,766.2966988507449
3368,Eif3i,36,817.9759721471044,779.328107395225
3369,Eif3i,36,819.9225987907334,803.165328754728
3370,Mtap,114,819.8445871184035,1090.954975107853
3371,Sdhc,203,821.5318185493245,1101.012739914445
3372,Slc38a2,209,822.8272163836699,832.4154262774476
3373,negative_control,914,823.2239307046599,828.0663820064876
3374,Fkbp8,45,823.8617490285425,828.6895098856005
3375,Eif4b,37,827.4804190993227,1063.0823107770962
3376,negative_control,373,827.8088422116614,1098.3460878449373
3377,negative_control,1539,828.345541713302,1096.8406911584054
3378,Rbbp7,181,828.053924323025,1099.689567005179
3379,Mtap,114,830.3586182614627,904.3469387436731
3380,negative_control,403,830.8041843300246,823.0514798184743
3381,Slc38a2,209,831.239702583779,859.1574800625901
3382,Psmd7,165,832.3917396666468,1077.676064755016
3383,Eif3i,36,831.9038040700253,1076.9468732280482
3384,negative_control,346,831.8415353317408,1077.524025637539
3385,Trap1,240,831.6752751693944,841.0203397369869
3386,Il1rl1,69,831.6809938397496,840.7965707995511
3387,Npc2,128,832.0426444250503,840.7522682419626
3388,Igfbp6,68,834.6770117249266,900.0601137265844
3389,negative_control,1118,837.112330692893,1110.417198191447
3390,Ssrp1,219,836.9203539222989,874.2100823799883
3391,Eif3a,32,838.6876656455456,839.5834109054969
3392,Eif4b,37,838.7903873337859,1096.252797540359
3393,Slc38a2,209,842.9336758082466,836.4307902296184
3394,Mtap,114,844.9692838127515,817.9883689757819
3395,Eif3i,36,846.5524796220559,1118.729296516125
3396,Vim,261,846.1966644338745,1099.9528430041405
3397,negative_control,2037,846.9599065962215,1099.1533753894755
3398,Mtap,114,847.7339177684923,840.0918841135915
3399,Slc38a2,209,850.6877810000642,866.9536386779656
3400,Timp2,229,851.6070719420553,1057.0461828441053
3401,Igfbp6,68,851.1757610485081,1057.3752505500297
3402,negative_control,1009,851.4307616586807,1057.4063478101698
3403,Psmd7,165,852.103071990263,1116.5087543153631
3404,Mtap,114,852.780027437775,823.1446342662349
3405,Msn,112,853.9199439781335,854.4460048497014
3406,Eif4b,37,853.5184903465749,855.5779864727526
3407,Eif4b,37,854.6199687834288,1100.2696416660851
3408,Eif4b,37,856.225531543977,815.7478534628779
3409,Mtap,114,857.6301709752056,807.536852997358
3410,Igfbp6,68,857.7324671587563,917.8740024017588
3411,Psma7,161,858.58019413431,909.680670247155
3412,Hspa8,62,858.4403775413773,909.2714793275976
3413,Vim,261,858.3314694846488,1045.9703268898531
3414,Xdh,262,857.1915174615073,1043.9735089357007
3415,negative_control,1406,858.0920877063588,1045.3481789531393
3416,Twist2,247,860.1346368654015,1101.0725525932912
3417,Ptbp1,167,863.5190593307763,1125.3283257565008
3418,negative_control,1768,864.1691940512903,1121.3645703236484
3419,Eif3i,36,864.3842310705644,1125.0115492084
3420,Nudt9,132,864.4394719608392,1121.867567165184
3421,Vdac1,260,863.6907424519752,1123.3467732475033
3422,Sdhc,203,864.1936710985669,921.0987460127473
3423,negative_control,1664,863.9303855507782,1099.9639404292757
3424,Vim,261,864.2759981467658,889.5022847744091
3425,Timp2,229,864.5892369015742,889.9887021836255
3426,Psmc2,162,865.0023945018361,889.750878161562
3427,Nfe2l1,127,865.465735339226,1114.2891353337263
3428,Eif3f,35,865.5318897023228,1113.5161965557834
3429,Gsto1,54,866.8472631351934,1112.75379578853
3430,negative_control,1082,865.1702517598216,1113.8365371810671
3431,Tpi1,237,868.1563714973905,903.7717572411811
3432,negative_control,1664,870.1239566303964,1073.4558616629638
3433,Eif3a,32,873.7675444384561,1109.208600285282
3434,negative_control,403,873.5428795586029,1062.9900227860846
3435,Timp2,229,871.927067667245,1051.1570431623163
3436,Actn4,3,872.4498486415962,1051.244588340259
3437,Pgrmc1,143,874.240684691299,1053.6820029436026
3438,negative_control,822,874.5431555909504,1053.8878209064023
3439,negative_control,1948,873.295013106311,1052.6395620588662
3440,Mtap,114,879.1933797101643,1072.214463480781
3441,negative_control,1208,879.4179214938632,1074.6706637668033
3442,Mtap,114,881.4974609968297,1060.2132041866455
3443,negative_control,1694,880.9345614494958,1057.9238033724157
3444,Eif4b,37,882.4158613925442,1147.5548733714556
3445,negative_control,293,882.0557505204974,1029.8851074305237
3446,Mtap,114,885.5626848645594,1015.7274103511496
3447,negative_control,838,886.9769741558875,1105.0328897692343
3448,negative_control,289,887.8234818944977,1105.708048752952
3449,negative_control,821,886.4175498067702,1110.102150541541
3450,Tpi1,237,888.1250732522724,1119.548347522825
3451,negative_control,1940,889.3532324625621,828.5247348742811
3452,Eif3a,32,899.9295245914705,1135.0284955553054
3453,Taldo1,223,541.5675116080027,844.445763964747
3454,Prrc2a,158,557.4420249101703,789.1048459945976
3455,negative_control,1278,558.3957158934396,833.447194053341
3456,Rpl21,188,558.7642677151177,812.6677350323095
3457,St13,220,563.6947743645654,831.6050555520098
3458,Prrc2a,158,561.9292129071717,831.0460920175774
3459,Rpl21,188,568.3491250090759,808.9086528721497
3460,Hnrnpk,59,572.284158017788,824.3601935885758
3461,Rac1,175,572.5356555904066,801.136576864273
3462,Snx3,211,576.0041146461186,847.8458461944749
3463,negative_control,1445,580.0785321407018,850.0782273820871
3464,Hnrnpk,59,582.4304859884483,799.8139088080851
3465,Prrc2a,158,586.0081848717593,828.8382545308442
3466,negative_control,1447,588.557196958749,808.9603346786612
3467,Rpl21,188,593.4564615614715,823.5255799876466
3468,Twist2,247,594.6931961435411,860.1609256708331
3469,negative_control,650,599.3379702177808,852.1290127711998
3470,Raly,177,599.2558620756345,851.7537007187641
3471,negative_control,836,600.9340145634419,782.7359487939409
3472,Use1,258,600.7383220073532,780.3657719920354
3473,Prrc2a,158,601.9168507582445,780.9023542786392
3474,Rpl21,188,606.4007388067508,790.0495707383484
3475,negative_control,1434,611.3403197020167,806.0144004132953
3476,Tnc,232,614.8858232160209,766.5433730000293
3477,negative_control,787,614.7774822383489,824.5389442901023
3478,negative_control,1748,615.2051924931602,780.956815421633
3479,Rcc2,183,615.7790938368071,795.848286819508
3480,Lmna,77,617.9242112869007,831.678710961924
3481,Prrc2a,158,618.0570784644148,831.8082268021437
3482,Rpn2,190,618.9162950626303,811.058916492945
3483,Hnrnpk,59,621.1832072111024,822.9765507888832
3484,Hnrnpk,59,625.2197919507214,769.932387432714
3485,Hnrnpk,59,628.6657791783892,774.9904111726114
3486,Snx3,211,632.8736075182073,789.6757223966616
3487,Morf4l2,88,635.1823594619541,783.6978434012731
3488,Hnrnpk,59,637.020167018307,787.1287788762479
3489,Hnrnpul1,60,639.3678468833508,782.5346538322187
3490,Mrpl45,105,639.5806215845258,781.6028462353298
3491,Zyx,271,640.3256475190303,830.68968021026
3492,Mrfap1,89,640.4865272711497,829.4152779980581
3493,Hnrnpk,59,641.310206673284,837.0564459214231
3494,Snx3,211,645.1713558472863,784.2404405168088
3495,Taldo1,223,648.790915243283,840.2682410135609
3496,Prrc2a,158,650.8957214014516,835.087187928898
3497,Rbbp7,181,652.1197421059402,831.7034859296225
3498,Vim,261,652.3878456231506,831.906142280974
3499,Uba1,250,650.9583799615016,831.7202868076365
3500,Maged1,82,650.5357541619078,831.2201304304344
3501,Eif3f,35,652.404637379312,830.5829824526328
3502,Mrfap1,89,652.7404356149426,802.7541275139786
3503,Taldo1,223,652.2863073645606,801.3447137341149
3504,Prrc2a,158,655.1550422441009,829.0385386736727
3505,negative_control,346,655.5743259602458,828.0437381736343
3506,Rbm3,182,657.5298444257894,839.130308260381
3507,Ybx1,263,657.2100863836338,835.5428610077665
3508,negative_control,1663,656.7667094139705,838.2545261657174
3509,negative_control,1125,657.023658467597,836.8954365531223
3510,Gsto1,54,658.4298775252458,838.6023515183184
3511,Gsto1,54,659.3678324205481,810.3367928926901
3512,Clta,15,659.2691013539942,810.5119887904888
3513,Rpl18a,187,657.5986795283211,809.2518429670278
3514,Taldo1,223,663.4938459530131,774.0675565949819
3515,Prrc2a,158,663.7839819389443,770.0372190080982
3516,Rac1,175,664.0960510916916,816.4859944942573
3517,Nr2f2,129,665.9169513992946,824.1044996886892
3518,Taldo1,223,674.9499950349351,814.7219699783104
3519,Hnrnpk,59,676.9562721534384,846.9536278112087
3520,Snx3,211,678.1960026301675,820.6462619831129
3521,Hnrnpk,59,681.3191569111739,795.7938380857406
3522,Rpl21,188,686.6874917325827,844.3603681817966
3523,Nr2f2,129,686.905417689709,844.1296043215517
3524,negative_control,1923,686.8681739974453,778.676346093386
3525,Stip1,221,686.3688000397827,779.029509937784
3526,Rpl21,188,687.6856153255801,765.9373894288009
3527,Mrpl12,92,687.569895286347,771.959036580193
3528,negative_control,959,687.963074570991,772.5724693984808
3529,negative_control,805,688.9561959325874,791.1121641513049
3530,Hnrnpk,59,692.9088569095567,789.5278772375842
3531,negative_control,1301,696.1722837715945,772.5292685969334
3532,Aco2,2,697.7094870896761,773.4897917487665
3533,negative_control,1503,696.9812390527305,774.2904760956985
3534,Ptbp1,167,697.8859935987788,773.8183247232158
3535,negative_control,1355,695.2669825321473,772.2546190112716
3536,negative_control,1431,696.2005099057693,772.3895283788747
3537,Rpl21,188,699.4530991262855,779.8233920652583
3538,negative_control,1444,699.4305436905395,757.6345363955697
3539,Taldo1,223,700.4867980155539,764.493468752183
3540,Prrc2a,158,705.8360327443977,866.1613092026181
3541,Uba1,250,709.0752532404197,764.1434459225437
3542,Prrc2a,158,709.864425060661,797.2624140418113
3543,Prrc2a,158,713.1512126664203,872.2622522898225
3544,Rac1,175,714.3628075026036,763.3765612769059
3545,Vim,261,716.5311109842888,762.7168673751137
3546,negative_control,1160,715.0778541437955,762.6372842326
3547,Hnrnpk,59,714.5191162421274,808.5273783361779
3548,Mrpl45,105,716.6021093407912,826.3118493561615
3549,Rpn2,190,717.7553855367898,854.9228264111795
3550,negative_control,1041,718.6357899502952,810.948963021048
3551,negative_control,1838,718.4244523184466,811.1010548451777
3552,negative_control,1318,722.7015749933959,801.5874677510692
3553,negative_control,847,721.1575115168578,911.208735182545
3554,Cnn2,16,723.0212486025455,752.3849954654153
3555,negative_control,1750,721.6719271148025,753.5181751947963
3556,negative_control,805,723.8850475417074,770.208008580242
3557,negative_control,1518,724.2705725918889,743.3563253291497
3558,Vat1,259,723.6260942654708,743.986845581535
3559,Taldo1,223,724.4931990991371,744.2488603894942
3560,Eif3f,35,724.3469904706953,743.8669625368258
3561,Rbbp7,181,722.5112866008644,743.9874139146968
3562,Prrc2a,158,724.9524711600297,763.3797995589348
3563,Rpl15,186,725.8084497516061,892.5683279524105
3564,Tnc,232,725.3173683580062,893.4952783250537
3565,Vim,261,724.9728303268564,823.1717270076676
3566,Tcp1,227,726.1853121993753,823.8957129355415
3567,negative_control,705,728.1551947827809,755.8882577523441
3568,Prrc2a,158,729.5478027090898,760.0437365247416
3569,Hnrnpk,59,732.9676910424449,959.3867815832511
3570,negative_control,1447,733.5250349627386,762.6595848684664
3571,Cs,20,733.3303464962349,762.8482743574239
3572,Rpl21,188,734.1293397393056,988.2265474689198
3573,Vim,261,734.1897429118212,1000.187098263845
3574,negative_control,1690,734.1128377254074,1000.167780564613
3575,Taldo1,223,734.9266908240463,999.9250761774204
3576,Tnc,232,734.4813293806343,926.2771113980286
3577,negative_control,1278,736.4123711828553,994.8529931616464
3578,Rac1,175,736.5369175252531,758.3371053506557
3579,Ybx1,263,736.5828820054596,758.3345764612718
3580,Snx3,211,737.1931823483134,814.6086131700947
3581,Taldo1,223,738.6802895270494,885.8630565461306
3582,Rpn2,190,740.7452125442289,892.0333117027668
3583,Prrc2a,158,742.0657718882716,751.2976339178191
3584,negative_control,1202,743.2524138407526,979.818456585424
3585,Taldo1,223,744.9697512010489,1019.0881391726648
3586,Hnrnpk,59,745.6095643471149,983.3664122431228
3587,Ncl,121,745.1687821028022,981.382708321068
3588,Hnrnpk,59,745.5461753714238,934.4927301459436
3589,negative_control,1355,744.9456379599192,841.0062290385563
3590,Tnc,232,747.3806777917287,867.8828862715256
3591,Tnc,232,749.1276886348463,812.6121640557417
3592,Tnc,232,749.706995273333,881.7943362764026
3593,Prrc2a,158,750.6650343426318,1029.2487386433888
3594,Prps1l3,154,751.4422992714345,971.857820781579
3595,negative_control,1429,752.8334332223187,822.8498403493974
3596,Taldo1,223,752.0217638048138,815.7436478342986
3597,Efemp1,29,752.8773794268702,1013.067392590392
3598,Prrc2a,158,756.6453302349266,828.8612034230631
3599,Prrc2a,158,757.1705579957268,953.3825035661258
3600,Taldo1,223,758.0006192191212,739.4254001340744
3601,negative_control,2013,759.2002868962568,1033.7648468212765
3602,negative_control,1446,759.610507705348,1032.679577019435
3603,negative_control,1188,759.841226508896,1032.0870930650951
3604,Vim,261,760.5703961693239,868.8865273539686
3605,Cited2,13,764.0871147284214,771.7945230345251
3606,Efemp1,29,765.1736860866896,1020.5005354933832
3607,Prrc2a,158,765.3775810846444,740.075917793831
3608,Tnc,232,766.0963514885137,923.8886703582916
3609,Prrc2a,158,765.6343414670392,927.724341849648
3610,Taldo1,223,766.6085813242619,989.9286089712548
3611,Prrc2a,158,767.5363791146726,1050.868559269126
3612,Prrc2a,158,768.5418694031339,726.6071825023462
3613,Snx3,211,769.444187052069,840.7573595722005
3614,Rac1,175,773.4655946583986,827.1331180821222
3615,Efemp2,30,771.6721315669479,1031.7465761182702
3616,Pcdhgc3,138,772.527794505021,1032.4911090086268
3617,negative_control,1446,773.5193452857775,831.7623488332558
3618,Hnrnpk,59,774.9409491003933,1062.3537678641603
3619,Prrc2a,158,775.4947102369244,741.4734128001503
3620,Ncl,121,776.709090400523,755.5997627462546
3621,Zyx,271,777.5754572752838,757.4854218148731
3622,Ercc1,40,776.8779494944437,757.6638421956434
3623,Il1rl1,69,777.4031592386214,965.68662658872
3624,negative_control,1399,777.884460269873,966.8123622100936
3625,negative_control,1497,778.0139480082879,762.3768412580964
3626,Taldo1,223,778.4117699249675,754.7110840101145
3627,negative_control,1514,777.6800619510807,764.1542833913019
3628,Prps1l3,154,778.2837490775298,763.8115785261157
3629,Rac1,175,779.0036655964168,745.5582926021791
3630,Taldo1,223,780.4179416453334,981.829153794696
3631,Hnrnpk,59,780.5282492320573,713.6201926011936
3632,Efemp1,29,782.1881148665237,735.0038359094576
3633,negative_control,1437,783.8172615713496,1055.2798498975726
3634,Tnc,232,784.448645270648,879.5943715568759
3635,negative_control,1417,785.706633379608,848.5330280562378
3636,Npc2,128,784.8051646006894,847.4712051001487
3637,Tnc,232,784.789844932206,847.3496325226697
3638,Rpl21,188,786.885641472617,1010.3551230275568
3639,Prrc2a,158,787.0393585415409,1038.8488797406308
3640,negative_control,1852,787.1202834174579,1039.6785931033255
3641,Prrc2a,158,788.3163712028462,911.7656322953972
3642,Efemp1,29,788.2068605464108,970.8977607633116
3643,Hnrnpk,59,788.6321766099975,790.6483659138694
3644,negative_control,1125,789.7600350571652,796.4496266332264
3645,Rpl21,188,791.861054832235,746.7957908788333
3646,Mrpl45,105,795.7592271337154,904.8193656167912
3647,Tnc,232,796.4693767001087,813.2043468020115
3648,Tnfrsf1a,233,795.9870538723494,1077.9864439191745
3649,negative_control,1229,796.7336054220794,1077.0603210998152
3650,negative_control,1090,795.7054421089817,1077.2466156026676
3651,Ptbp1,167,795.6618281120068,1079.0909749273765
3652,Rac1,175,798.0901534981638,1049.6951726739692
3653,negative_control,319,798.933794572655,1077.8410371361697
3654,Tnc,232,800.3377838367062,844.3971857196647
3655,Hnrnpk,59,800.6214690720758,1032.6655102689365
3656,negative_control,662,800.4394901029722,795.2332687681194
3657,negative_control,1497,799.6783306915081,795.4472020945212
3658,Tnc,232,803.9069829182048,822.1899938758407
3659,Efemp1,29,803.0786901989419,841.9776488631217
3660,negative_control,806,803.6437948682923,1057.848604523434
3661,Tnc,232,804.0435726249194,980.8790807390355
3662,Efemp1,29,804.4500795393901,870.3474385669525
3663,Rpn2,190,805.2008594822823,838.9822470716238
3664,Malat1,83,806.4777000276018,987.1271590688244
3665,Rpl21,188,806.2489808759802,987.751352448775
3666,Rpn2,190,807.31731070658,764.6839524349917
3667,Prrc2a,158,808.9517225826763,876.0053795326644
3668,Tnc,232,812.5925578093778,998.8441271639444
3669,Lrrc59,79,813.6465218272006,1006.304063993467
3670,Prrc2a,158,813.9069792734622,966.9284729436984
3671,negative_control,805,813.6641565517921,1085.682680991128
3672,Prrc2a,158,815.6513882388134,988.1258126720666
3673,Prrc2a,158,816.2314012787815,878.9357388202734
3674,Hnrnpk,59,817.0276795160697,814.0445452310066
3675,negative_control,371,818.7726361847187,786.4888126833409
3676,negative_control,348,819.1212005453096,1081.1850392369506
3677,Hnrnpk,59,819.0975652596553,1095.0325214281208
3678,Rpl21,188,821.9548382087321,782.657671933932
3679,negative_control,1610,825.0953381726385,1084.1616812295924
3680,Gsto1,54,828.7930664332262,1057.636896612814
3681,negative_control,803,829.3958676126894,1057.0471340297313
3682,Hnrnpk,59,830.9420779654142,834.8518983490369
3683,negative_control,1436,831.2294118563432,1073.4782041611654
3684,Vim,261,834.4235003082864,889.1482212085975
3685,negative_control,1430,834.1837886328776,889.7159792735342
3686,Cct5,10,835.3422548622673,990.3272046103518
3687,Efemp1,29,835.3430064808581,870.9772235246168
3688,Rpl21,188,836.2165412943899,842.2144955528743
3689,Tomm40,235,837.3333693154767,842.1051449073282
3690,Morf4l2,88,837.369597678819,841.951766816225
3691,Hnrnpk,59,836.2880445658415,1107.488090139908
3692,Prps1l3,154,837.1400626634668,1116.156892471409
3693,Prps1l3,154,837.0876100842269,1094.9122722269944
3694,Rac1,175,836.8211412190581,852.3377609433142
3695,Hnrnpk,59,837.5612092050281,1114.149973957797
3696,Rac1,175,838.2230584689793,860.4547943634486
3697,Tnc,232,838.589555615492,1063.4257495702514
3698,Tnc,232,838.6533700343101,855.8572023272601
3699,Rpl21,188,841.1026221060549,878.1422874498808
3700,negative_control,716,840.9072328747847,983.847927013382
3701,Hnrnpk,59,842.0166227037022,1088.0598922443696
3702,negative_control,1601,842.1147973904184,1058.6272596014346
3703,Snx3,211,842.9221169322303,1110.95694259362
3704,Rpl21,188,843.1687775045765,884.6506873091621
3705,Prrc2a,158,843.9025231107693,809.6152109820907
3706,negative_control,1261,844.7102814414163,1064.7026105526706
3707,negative_control,1237,845.3816527847969,844.3876184640338
3708,Rpn2,190,846.893600875548,946.7086769627496
3709,Mrpl44,104,848.5577524570078,819.4480917506253
3710,Hnrnpk,59,848.5783885205465,800.7035992686847
3711,Taldo1,223,849.8462113640794,1108.0546755612445
3712,Fus,47,852.7430720970872,1089.296552291606
3713,Hnrnpk,59,851.8063791829716,1089.407126566482
3714,Vim,261,852.6525510096346,1090.085900621367
3715,Snx3,211,854.3152604853731,883.7711003855164
3716,Hspa9,63,852.6272125142222,1109.7635385250285
3717,negative_control,805,854.0614858473559,1109.2275967849073
3718,Taldo1,223,853.6337524173498,839.7940957704704
3719,negative_control,1610,854.3697739938715,1086.1746461316325
3720,negative_control,292,853.1395963631179,1119.0558449751593
3721,Hnrnpk,59,854.405041739706,1118.2298009213391
3722,Mrfap1,89,855.7823488115023,1118.426492053592
3723,Efemp1,29,855.6655189776088,824.2153349898027
3724,Snx3,211,857.0581240674414,796.7994896833677
3725,Rpl21,188,858.0658388179124,910.3273738842696
3726,Rpl21,188,858.5990313783794,894.1255665979512
3727,Vim,261,859.5211468114732,880.8396412426566
3728,negative_control,1541,862.3346331561355,1010.3340615051734
3729,negative_control,1447,862.1360582782302,1114.120271687275
3730,negative_control,1278,865.2323622332901,923.9887167726508
3731,Mrpl45,105,868.0534367412679,799.5125139333353
3732,negative_control,390,867.3112754525254,1088.758516478403
3733,negative_control,1446,867.8693731207136,1089.9564030189242
3734,Hnrnpk,59,869.5770016661386,1070.9461678268908
3735,negative_control,661,870.1395919080965,1048.0967368574388
3736,negative_control,1120,870.365116593895,984.4429635774422
3737,Hnrnpk,59,871.3740190766,1008.2310632983256
3738,Hnrnpk,59,872.9961385925005,1131.4965495390156
3739,negative_control,1125,873.3277436116654,1113.7743151776306
3740,Gsto1,54,876.5918397049576,1113.6192513617675
3741,Loxl1,78,876.2951343909576,951.62652776257
3742,Rpn2,190,878.7355462938737,1039.172641012649
3743,Rpl21,188,878.2092547653957,1093.0699693790968
3744,Efemp1,29,881.3778621485724,1044.9409100581097
3745,negative_control,836,882.4480367547797,1047.1787223820877
3746,Hnrnpk,59,883.1429501773252,1088.51655424489
3747,Ncl,121,882.7768943603475,1076.0199788333298
3748,Uba1,250,883.1585146591318,1076.3140707660018
3749,negative_control,1365,883.5707353543966,1074.736216627413
3750,negative_control,1353,883.5973311965141,1075.4369324175707
3751,Vim,261,883.0135537646365,1075.8941523575866
3752,Prrc2a,158,885.5224469746685,1123.6042819444529
3753,Taldo1,223,888.4494997668239,1097.6546059168454
3754,Taldo1,223,896.5342012269793,1126.6471571795903
3755,Rpl21,188,908.1326021312752,1151.2817856688268
3756,Mrfap1,89,532.6929546386888,837.8990180146175
3757,Cnn2,16,546.8987719812935,841.344227069834
3758,Cnn2,16,552.4676669161954,854.6521244295732
3759,Ncl,121,561.5435934916175,810.0568348868517
3760,Rab5c,173,565.5797363041926,852.1332716047142
3761,negative_control,890,565.4919963979266,853.3458206699072
3762,Actn4,3,565.0725435842854,810.3463954057089
3763,Morf4l2,88,569.325522778144,850.4831212093638
3764,Rab5c,173,574.9678724248629,818.5366794275886
3765,Vim,261,582.8599045438809,849.1234246558714
3766,negative_control,801,581.5410548904841,849.0124399684464
3767,Gpi1,52,580.3833778486352,803.531294040466
3768,Arf1,6,580.5425990827456,803.7572300892141
3769,negative_control,1322,580.40448614516,803.5696615155123
3770,Cnn2,16,583.3777815991557,857.161696277318
3771,Morf4l2,88,596.9906049359323,863.0141193010095
3772,Rab5c,173,600.1504859886261,798.2065782951736
3773,Actn4,3,604.6624233382354,764.2066165052009
3774,Cnn2,16,609.2124184889017,809.0497248807264
3775,Cnn2,16,614.9038552648989,766.2839439139793
3776,negative_control,842,616.8688249604787,780.8900438518021
3777,Actn4,3,620.4132234993277,813.3252897263172
3778,Cnn2,16,620.5465560834381,833.0648979885307
3779,Vim,261,620.6069956209861,833.2334765869696
3780,negative_control,1005,620.855231753326,821.1795991609893
3781,negative_control,2097,620.3654835771465,820.7487127241752
3782,Rab5c,173,624.3845953503577,819.9291528655436
3783,Cnn2,16,628.253149972983,830.0376001582639
3784,Cnn2,16,628.3394452747555,840.8813075113195
3785,Il1rl1,69,629.0051839914897,775.9433969394124
3786,Actn4,3,632.1950876411429,811.3568538173383
3787,Il1rl1,69,633.1340442871715,825.8270339404769
3788,Actn4,3,640.3769207024832,763.9894551121464
3789,negative_control,463,640.2415851602026,831.0368276131513
3790,Naca,119,640.6570069060693,797.6730528389073
3791,Il1rl1,69,644.5495968889443,829.0999921537546
3792,Morf4l2,88,644.4169771339249,792.7084856335152
3793,negative_control,1846,645.3228536809322,776.72541443328
3794,Rab5c,173,646.0867877611288,812.8817755180404
3795,Vim,261,648.6951140479969,783.024984683799
3796,negative_control,1524,646.888597453826,783.7281247845976
3797,Pdia4,141,648.16200533048,781.4161044244663
3798,negative_control,790,648.1635474494504,782.7271208806603
3799,Actn4,3,647.385449820313,859.5084965251315
3800,Il1rl1,69,648.5334936229317,834.0941742797802
3801,Rab5c,173,648.1204058323015,806.7088444032461
3802,Actn4,3,650.6147779145117,772.1794046842399
3803,Actn4,3,652.9958638705996,834.9958500815069
3804,Il1rl1,69,654.7170897254667,841.1525099616061
3805,Mbd3,84,657.0446743637277,779.8007952112758
3806,Morf4l2,88,663.7713977915896,845.6453314782489
3807,Vim,261,662.9878480557609,845.9803222387762
3808,Actn4,3,669.9556905453882,818.5450397317846
3809,Rnf11,185,671.5270201960016,818.5766370182984
3810,Vat1,259,672.8644178875352,838.9852703212339
3811,Vim,261,671.2317490585768,838.8152027662163
3812,Morf4l2,88,671.3386818475577,838.7284979448549
3813,Il1rl1,69,680.6058043192834,807.9800430267122
3814,negative_control,1010,681.3649079328874,813.1734427919046
3815,Il1rl1,69,684.0428333130359,829.4275405414907
3816,Il1rl1,69,685.521811179318,834.8619304541585
3817,Il1rl1,69,698.5477395397943,803.0789226022264
3818,negative_control,470,701.6679185309742,759.2480567129193
3819,Actn4,3,702.7955299881194,799.9150602343191
3820,Il1rl1,69,704.7338693811845,800.7664733461586
3821,Il1rl1,69,705.7641408094491,840.2996196414979
3822,Morf4l2,88,711.1975056243882,817.1734273017415
3823,Gpi1,52,712.438326185992,788.0710622605601
3824,Il1rl1,69,713.2562143872697,872.317923014341
3825,negative_control,1200,715.006798858375,803.5709730528636
3826,Cnn2,16,714.448985455406,766.75435165132
3827,negative_control,1513,715.7172537301427,857.6372757246604
3828,Eif3f,35,719.3769827690033,777.0998670140455
3829,Actn4,3,718.3212669771518,777.4502685459222
3830,negative_control,1010,719.3809775226302,816.2056939091824
3831,Il1rl1,69,720.6030789852833,906.379142960972
3832,Actn4,3,723.8946479774147,916.7820818234228
3833,negative_control,913,724.6695258459994,916.4980182283877
3834,Zyx,271,723.7773429034379,772.5703508218146
3835,Thy1,228,723.3934416033635,771.2795230181539
3836,Il1rl1,69,726.1168338304753,922.359374301589
3837,Malat1,83,729.5318005443315,910.3791270334456
3838,Malat1,83,731.0712404622409,938.2449618322528
3839,Nfe2l1,127,729.8418316219565,931.9223377058152
3840,Malat1,83,731.3336051599687,950.384091344524
3841,Mmp14,87,732.2257166795151,831.8804481499806
3842,Morf4l2,88,733.7384447542096,853.9227180456817
3843,Naca,119,735.2623976359698,920.2885410842724
3844,Morf4l2,88,736.175100236059,947.5544235275734
3845,Malat1,83,736.6649596559431,914.8770040076358
3846,Malat1,83,737.0054854137971,954.8844280752284
3847,Malat1,83,738.3927466854572,938.7614642158436
3848,Il1rl1,69,740.6984795767469,907.0040205071348
3849,Malat1,83,741.2493867947893,950.2652799109674
3850,Malat1,83,741.8920988285952,939.590409896474
3851,Mmp14,87,743.0274341568035,815.6903176656191
3852,Malat1,83,742.9458230941822,926.1615331217764
3853,Actn4,3,743.4002738928175,819.4167106971336
3854,negative_control,801,743.9788111750363,737.4091684523104
3855,Malat1,83,744.1071079193483,902.1114822032256
3856,Rrp1,198,744.227804789763,741.7058784564074
3857,Maged1,82,742.7291145960288,742.3499211888711
3858,negative_control,1380,743.1066898602351,741.0721019075036
3859,Malat1,83,744.9049038842669,954.4360106426118
3860,Malat1,83,745.8240561757893,906.628197798554
3861,Malat1,83,746.9104182750142,950.5434267955218
3862,Malat1,83,748.0898607332992,957.375712894818
3863,Malat1,83,749.3400472175551,930.8474031760416
3864,Il1rl1,69,750.5744711217021,884.8196440836404
3865,Rab5c,173,750.492808500893,724.2553211620163
3866,Il1rl1,69,750.4865238162042,845.0635572106319
3867,negative_control,373,751.2162791390564,870.9430764826114
3868,Morf4l2,88,751.5512530945184,727.2853054518023
3869,Malat1,83,752.0516755788835,901.3970017608158
3870,Malat1,83,752.6065050229764,890.105736605767
3871,negative_control,1334,752.9778192698965,967.808621236254
3872,Malat1,83,753.3306451775426,984.0289399826936
3873,Tnfrsf1a,233,753.2078252389203,982.5513277766912
3874,Malat1,83,753.442026532769,886.2119434820147
3875,Malat1,83,754.0594616440501,936.6200567400942
3876,Sfpq,206,753.1756584472303,918.4543099074128
3877,Mmp14,87,754.6681934150938,917.6885180706428
3878,negative_control,1517,754.4758289557873,1019.6316027486462
3879,Malat1,83,758.4002574276697,883.87401080086
3880,Il1rl1,69,758.4763470177002,937.8079134907526
3881,Malat1,83,758.7444945824254,900.1421802772024
3882,Junb,71,759.9500898844426,806.9982164766072
3883,Malat1,83,761.3173691551233,951.6222610806612
3884,Malat1,83,762.0819047178219,968.1640071567416
3885,Malat1,83,762.7874855820146,976.800961326976
3886,Malat1,83,762.0430623660695,931.1677802797544
3887,negative_control,1514,762.5509135330151,870.3200968269466
3888,negative_control,377,763.4999817219168,854.276737548313
3889,Cnn2,16,763.8707725495001,979.6688376592548
3890,Malat1,83,764.9255805405295,921.7279405652232
3891,Malat1,83,764.2897426474001,908.5864406152332
3892,Malat1,83,765.1846052388032,904.252282313822
3893,Malat1,83,764.8336367092855,883.7867755299555
3894,Malat1,83,765.6735190899142,943.2654594287806
3895,Malat1,83,766.2784350051281,978.8918927373868
3896,Malat1,83,766.0041286220118,953.382048688474
3897,Malat1,83,765.9895564570085,931.0850185182304
3898,Il1rl1,69,766.3875370515068,975.4364964066034
3899,Il1rl1,69,767.4022888888621,846.3302806457098
3900,Nr2f2,129,767.9454530177668,722.1597549742878
3901,Psmd7,165,768.1844330606748,720.323095624971
3902,Malat1,83,769.1066464415356,959.8365446596164
3903,Malat1,83,770.0625262315323,887.4733771540576
3904,Actn4,3,770.1520258385225,973.8303449036604
3905,negative_control,826,770.9462512172336,974.294388625299
3906,Malat1,83,771.9308844145668,932.084419687629
3907,Malat1,83,771.7518247161674,981.5017104693738
3908,Actn4,3,772.429543071586,1045.1517042267355
3909,Il1rl1,69,772.990176017872,874.9588281789255
3910,Morf4l2,88,773.4310495322659,893.1239093817569
3911,Il1rl1,69,774.0938520571134,756.4463907237894
3912,Malat1,83,775.2794993172073,899.035209702168
3913,Malat1,83,775.1148238532171,961.4664934611149
3914,Malat1,83,776.6146163595286,919.9826591588754
3915,Zyx,271,776.1334848877115,1024.119325682852
3916,Vim,261,776.0049319871836,1023.9985277207438
3917,Hspa8,62,777.0076359313709,1023.7053028733712
3918,Vim,261,777.1842507821009,808.3372247716347
3919,Mbd3,84,777.5306096590081,806.6902584157168
3920,negative_control,2091,777.239856262658,808.5105586510085
3921,Il1rl1,69,776.3624583878473,808.1911987297963
3922,Malat1,83,777.4609650051256,978.8139800653096
3923,Malat1,83,777.7992795134842,953.8225346171308
3924,negative_control,960,777.9022731396567,1044.3614288214071
3925,Malat1,83,778.79427616219,981.5530474547596
3926,Malat1,83,778.5873060726575,934.9007742066538
3927,Actn4,3,779.8636322918719,794.9860158343818
3928,Mmp14,87,780.1967724493618,870.0283626277906
3929,Morf4l2,88,780.0715645242367,712.1953641391842
3930,Cnn2,16,780.7513961151924,892.7806772478655
3931,Cnn2,16,781.7160008921223,1008.2780458246916
3932,negative_control,1515,782.7402235631143,946.6131902281217
3933,Malat1,83,783.3585936574415,960.4785208711692
3934,Gpi1,52,781.7036599079366,753.5935777031591
3935,Rpl18a,187,782.7321313145713,789.41303140523
3936,negative_control,498,783.2016915109165,789.5780942269887
3937,Actn4,3,783.1506505479867,805.3303239030741
3938,Malat1,83,783.7934516490463,989.1079947447558
3939,Malat1,83,784.4996220913106,894.8789020430033
3940,Malat1,83,785.0935552942553,909.3217479089342
3941,Malat1,83,785.6402737943596,981.353936749968
3942,Cnn2,16,785.6532829934993,774.112223446595
3943,Actn4,3,786.1219256266409,745.5708589441183
3944,Jun,70,788.1077844068149,745.6770081056875
3945,Malat1,83,785.697644759205,926.4148197524644
3946,Hspa8,62,786.3132530359654,883.2005543539035
3947,Morf4l2,88,786.3550646788512,884.6421055497404
3948,Twist2,247,784.834258222388,883.8200768401498
3949,Clta,15,787.0057720439399,884.1065137954128
3950,Malat1,83,787.8430846960304,890.7163238892275
3951,Gsto1,54,788.3903099147453,728.6144642775937
3952,Malat1,83,787.7638027156727,963.8487425449946
3953,Actn4,3,787.9776470642903,1009.4890615063048
3954,Vim,261,787.9577114538927,1008.742370478273
3955,Pdha1,139,786.3898364585622,1008.9859630944312
3956,Txn2,248,787.1391387348397,1007.7970616670736
3957,Rpl18a,187,789.0907264472658,806.6138003888603
3958,Malat1,83,790.2925221018528,961.637194010452
3959,Malat1,83,790.5970400208422,983.117342663872
3960,Rbm3,182,791.6635895777468,982.5304387182556
3961,Malat1,83,790.8086217039829,927.0918327842278
3962,Malat1,83,791.296229459019,998.025782004112
3963,Malat1,83,790.7390218496895,974.9962247470604
3964,Rpl18a,187,791.3969334907614,752.2735669629831
3965,Actn4,3,792.6635054994088,737.3264273850441
3966,negative_control,598,793.0949123150559,842.8764778681237
3967,negative_control,1539,790.4305967010687,842.2419297599077
3968,Malat1,83,792.6950856957995,965.7845804323108
3969,Il1rl1,69,793.9565003967989,819.9729647802462
3970,Morf4l2,88,794.4619731652801,781.7772929869635
3971,Cnn2,16,794.6872549326065,766.385771470335
3972,Malat1,83,795.5700961411915,935.1888002852164
3973,Actn4,3,796.1877638080734,745.388195918593
3974,Malat1,83,796.1238471317201,888.6907549915325
3975,negative_control,1098,796.1668514233652,993.7252537740889
3976,Malat1,83,798.0007957540503,972.35058241478
3977,Malat1,83,797.4687430412882,921.4390381413426
3978,Malat1,83,801.8524687540324,890.9731669403873
3979,negative_control,847,801.3467638146325,783.1009829324938
3980,negative_control,1583,801.490960767134,783.5079988096347
3981,Malat1,83,802.9194134995358,912.4246878255848
3982,Malat1,83,803.175284690054,921.585049369028
3983,Cnn2,16,802.8753660171484,741.0574370079908
3984,Malat1,83,801.99019064546,927.145821066921
3985,Malat1,83,803.7365988434047,936.5544565413184
3986,Puf60,171,804.21899637468,1074.645513739437
3987,negative_control,1509,803.8042498263874,1073.88557035129
3988,Malat1,83,803.5453108316749,942.1269632516388
3989,Actn4,3,804.5232628840761,971.0661713059544
3990,Tmbim6,230,804.8011506313293,819.2123231294343
3991,Sdc4,202,804.1118899136368,819.8200063424777
3992,negative_control,960,804.4158508999539,819.8030789647112
3993,negative_control,1525,805.338691890194,859.1489899916317
3994,negative_control,1684,805.2075335875719,858.6375671872684
3995,Sdc4,202,805.1179946830341,859.4562303583804
3996,Malat1,83,806.1379506489927,920.5945852920548
3997,Mmp14,87,807.0024648647777,803.9693766657933
3998,Malat1,83,806.4898000132728,915.821503938192
3999,Malat1,83,806.6529821414593,966.8733709697176
4000,Malat1,83,808.1180834574665,889.0966049389756
4001,Malat1,83,808.7996816449229,901.117856051851
4002,Il1rl1,69,808.7931114740837,941.4924965572886
4003,Malat1,83,810.0317909411849,936.572415619176
4004,Malat1,83,810.3738283683389,963.6034847288032
4005,Malat1,83,810.5785225984637,929.2891873355728
4006,Malat1,83,812.3659823881285,945.1721251181652
4007,Malat1,83,812.6241334462802,921.4766080297196
4008,Pdia4,141,812.355305906496,920.4554392058504
4009,Malat1,83,813.656477231028,979.0803618903378
4010,Malat1,83,815.1448843636688,913.5559453392904
4011,Mmp14,87,814.8954152391647,975.6389953535268
4012,Malat1,83,817.4133893792666,941.2178675692944
4013,Malat1,83,817.5503466898163,935.4824035418642
4014,Malat1,83,822.4281997937125,901.541531026484
4015,Il1rl1,69,822.1883562078086,939.1472244012068
4016,Rpl18a,187,824.4508230151806,845.2015476971907
4017,Snrnp70,210,825.8928851873281,845.2730016462979
4018,negative_control,408,823.2917237757662,845.4528348207708
4019,Malat1,83,826.6147795617037,925.5594392149044
4020,Malat1,83,825.895693705939,934.7106907458168
4021,Nucb1,131,824.8609635387335,802.7643371216475
4022,Vim,261,826.4286039705481,804.7061475840494
4023,negative_control,289,826.7999132320303,804.8634416052512
4024,Malat1,83,827.2854077984182,1109.8301446663625
4025,Malat1,83,826.8496661696922,905.697039993378
4026,Il1rl1,69,829.7838371291626,785.5883593386975
4027,Rab5c,173,831.1894031808044,1101.2802963775705
4028,Actn4,3,830.7237220788037,821.5256555428241
4029,Rab5c,173,831.5833303178609,1058.3070715943677
4030,Ppp2r1a,151,831.5462862360182,1057.2998707336185
4031,Il1rl1,69,833.5808198212719,810.7444277710612
4032,negative_control,373,834.9689025671964,911.5741624477894
4033,negative_control,1514,834.6582978170924,1058.5252121545725
4034,Twist2,247,836.5609724236896,907.3481130925038
4035,negative_control,1355,835.5166661862676,906.2478612297404
4036,negative_control,1127,835.7498395259366,906.8717691054654
4037,Mmp14,87,839.7861554691149,792.709096928101
4038,Kars,72,839.8368528400732,792.6353809645398
4039,Naca,119,840.4766326043307,1036.568592025936
4040,Cnn2,16,842.8557859943264,843.8928497753392
4041,Actn4,3,845.7766700259178,1055.8483790148816
4042,Cnn2,16,845.7815011657249,905.3110551215864
4043,Vim,261,848.1213764138271,1041.860435291721
4044,Il1rl1,69,847.344630483765,1042.050187071325
4045,Actn4,3,848.5564542635842,834.3841429183212
4046,Actn4,3,848.3664857981477,1120.473117761939
4047,Actn4,3,850.2187460746645,801.1742310684526
4048,negative_control,1671,853.3475502862744,1114.5471883752157
4049,Actn4,3,853.2683051563633,866.3087081907382
4050,Actn4,3,853.3900986517024,890.6199646773472
4051,negative_control,280,853.7917869015312,1095.076142962741
4052,Mta1,113,854.3912461206494,1115.206852250118
4053,negative_control,1514,859.0840139342811,1116.8080156490678
4054,negative_control,599,859.6509839437741,1018.9412005025184
4055,Mrpl37,99,858.8919323817042,1017.9244058019073
4056,negative_control,1734,860.1230965838888,1019.2053491982758
4057,negative_control,1008,860.0975537352928,1019.553188263348
4058,negative_control,1698,860.7622643641906,1019.2939100673382
4059,Morf4l2,88,861.8317298342902,891.1702699817001
4060,Il1rl1,69,862.7051797408171,879.8283043204545
4061,Actn4,3,864.5157931714314,813.8267111998189
4062,negative_control,373,866.2805327879577,959.9882563957204
4063,negative_control,1247,867.5054099243674,1102.5122439895792
4064,negative_control,1823,871.9230642424076,999.8904656957134
4065,Timp2,229,874.3022554312346,926.0594034261026
4066,Naca,119,872.9881581538558,956.7514920175558
4067,negative_control,1425,872.904265496936,955.3878877566558
4068,Mrfap1,89,872.4509760419523,957.0032275988036
4069,Vat1,259,874.6050813987305,1107.0564265467617
4070,Vim,261,875.0476628340232,1107.019558506709
4071,Il1rl1,69,874.2029650519634,923.4884825640614
4072,Tsc22d1,244,876.4196692035051,1029.9111402602723
4073,Cnn2,16,875.8884539518772,1029.9892811684438
4074,Dpy19l1,27,877.2753584333245,1029.8506852743385
4075,negative_control,439,875.6121643651074,1031.1947232952862
4076,G3bp1,49,875.9295736861039,1131.9165285158565
4077,Sat1,200,876.5934921610201,1131.319525164679
4078,Rps15a,191,876.0246136658038,1131.852980548798
4079,Il1rl1,69,876.2530308058168,982.559766185042
4080,Actn4,3,878.5646754115702,1111.500631461313
4081,Mrfap1,89,878.1194784340533,992.78819788208
4082,Il1rl1,69,879.7892703960437,1029.6844953643267
4083,Lamp1,74,879.806253588013,1043.558065631375
4084,Vim,261,881.1315065571748,1061.203918336285
4085,Actn4,3,882.8917353147278,1060.9749523592238
4086,negative_control,385,881.7586904897875,1060.4025908004153
4087,Actn4,3,883.9737789872428,1098.7446225725284
4088,negative_control,1524,885.4832524963794,1065.618839075678
4089,Cnn2,16,886.0221190723066,1093.596323000063
4090,Cnn2,16,889.2101186917907,1010.0845474073756
4091,Mrpl43,103,539.6630383587254,816.2245360897764
4092,Hspd1,64,542.246714082747,839.2791501820839
4093,Hspd1,64,548.4514068320398,840.5501048435464
4094,Aco2,2,557.5874991066809,766.5146522093037
4095,Hspd1,64,563.6692975306402,810.0462931091125
4096,Tsc22d1,244,565.794477992828,786.806919944556
4097,Npc2,128,567.8241187731726,854.5367436956458
4098,Rpl15,186,570.1573287094163,815.8830803086909
4099,Tubb5,246,573.5281033011977,843.2908360623871
4100,negative_control,1328,574.9766880973281,807.6826538825487
4101,Fkbp8,45,575.9353491351153,824.7115514601895
4102,Npc2,128,578.8655063385906,793.1143571857255
4103,Npc2,128,583.8475614408194,816.534472110238
4104,Aco2,2,588.3318538085442,806.6893558745865
4105,Npc2,128,592.5835476078516,851.4531205473322
4106,Mrpl43,103,593.4062176437999,847.3056980759977
4107,Mtch1,115,594.2594485030182,762.5353709305024
4108,Ergic1,41,595.3817684095123,821.5325232843743
4109,Hspd1,64,595.6133418565221,827.3866296572629
4110,Timp2,229,596.2257092185657,797.9422079956539
4111,Aco2,2,596.3521425432687,799.571029166473
4112,Hspd1,64,597.7988133211798,775.3810563169116
4113,Fkbp8,45,604.8520316009108,843.2540943414065
4114,Npc2,128,606.6997040602483,796.1394754866911
4115,Ndufv1,124,614.9407884254307,803.9627707752918
4116,Zyx,271,614.462024543367,804.0107253991603
4117,negative_control,1328,616.7755212070043,808.375244041215
4118,Npc2,128,620.4190517064256,848.2898214125186
4119,Hspd1,64,624.7299909762155,765.6812901326496
4120,Mrpl43,103,635.363827945441,796.1749908971647
4121,Fkbp8,45,635.7254620763016,808.4005024843648
4122,Mtch1,115,640.5456183454919,816.6344629148228
4123,Mtch1,115,643.2898102680886,805.4498443911389
4124,Pdia3,140,650.6228404366616,787.0238628657478
4125,Ppp2r1a,151,650.706165495726,787.3425311136324
4126,Mtch1,115,658.8599796197648,846.620615192571
4127,Npc2,128,659.5022426444177,816.364444280819
4128,Hspd1,64,667.8615855051296,789.3620333656763
4129,Hspd1,64,670.5766322810251,817.0964313376312
4130,Hspd1,64,672.7573021915643,814.526742636516
4131,Mrfap1,89,676.6725592501018,796.1490576971985
4132,negative_control,945,675.7402071921688,795.5205680159048
4133,Pdha1,139,676.7306705341816,795.6416295721731
4134,Srebf2,215,679.9315534941314,778.7082880744207
4135,negative_control,1254,680.8948804936791,778.4087635605628
4136,Ncl,121,683.1286011867876,820.5419186822702
4137,Vat1,259,683.356739756553,819.5097683265491
4138,negative_control,1602,683.8918906381132,819.8060511337487
4139,Pdia3,140,693.9900242516687,807.1085708443386
4140,Uqcrc1,256,694.6103808297057,760.194650138362
4141,Vat1,259,694.1706546491465,761.137986750111
4142,negative_control,1611,693.9607512729833,760.5600212297179
4143,Rpl15,186,696.4446448935602,782.4591658093966
4144,Mrpl16,94,695.5214783397811,782.3480697744988
4145,Fkbp8,45,695.7818689661002,758.8582082140977
4146,Npc2,128,699.1358363876301,806.5846138420476
4147,Hspd1,64,698.9424986026681,820.8103106411621
4148,Ncl,121,700.93250675055,760.715177161612
4149,Pla2g4a,145,703.0361725106569,795.7976216361396
4150,Tubb5,246,702.3452175004516,797.0638020896304
4151,negative_control,1722,708.4788655244167,851.8784822490845
4152,Aco2,2,709.1757373260439,809.1825939170255
4153,Npc2,128,709.7208953963195,828.4914421087074
4154,Pdia3,140,712.6060430251416,839.8548456169879
4155,Npc2,128,715.6433079353842,779.2191404588929
4156,negative_control,1373,717.2084071799641,773.6105417575233
4157,Mtch1,115,717.8960565080157,853.0776439765767
4158,Tsc22d1,244,718.1253620651208,904.2537028070664
4159,Vim,261,717.1405519390628,873.2786492623907
4160,negative_control,603,720.3558258895447,908.2589951652952
4161,Tmbim6,230,719.8640600377183,820.1459465964047
4162,negative_control,698,721.9887203776011,868.684745250769
4163,Npc2,128,722.722130201904,847.3918817696874
4164,negative_control,1068,724.2223086488639,819.5472030781108
4165,Npc2,128,724.4031363371892,937.3070036379016
4166,Pdia3,140,726.5696099192011,846.6234534091076
4167,Hspd1,64,728.1257676662408,744.7292066806731
4168,Ncl,121,738.4520277097854,825.5035441018675
4169,Aco2,2,737.4795616836288,826.5401039741695
4170,Hspd1,64,738.9114259984556,829.843422263526
4171,Aco2,2,739.690106647786,832.3467671112612
4172,Vim,261,743.186393355566,1005.6387188056758
4173,negative_control,1723,743.2257278968685,1023.8712358739068
4174,negative_control,1811,743.5578947841831,776.074654159246
4175,Mtch1,115,743.7539827102823,858.77736633847
4176,Hspd1,64,744.885565983912,996.576001146536
4177,Npc2,128,744.7968294126838,855.0095611831694
4178,Tsc22d1,244,744.8847505569836,737.1728347965939
4179,Oaf,133,746.0789600886815,764.8436734171303
4180,Ssrp1,219,745.1820045814392,790.8170230940883
4181,Vim,261,745.849903844364,1022.9317516400024
4182,Tubb5,246,746.8448491636369,1020.6264305325174
4183,negative_control,1722,747.2401871382328,803.4160405145583
4184,Mrpl43,103,748.6077097561719,732.8315586876952
4185,Npc2,128,750.2042817033443,922.9027729105552
4186,negative_control,659,750.5034652743649,732.8820155853643
4187,negative_control,1011,751.7061490149866,759.3105350314528
4188,Hspd1,64,753.1682725040251,840.7965832166593
4189,negative_control,1722,753.3348628379574,803.7019541638142
4190,Fkbp8,45,757.0319646972622,783.6510309890967
4191,Pdia3,140,757.4310581079434,1020.956906757381
4192,Hspd1,64,757.5728712888108,982.3475262409918
4193,Fus,47,756.4931887535183,753.4588867445498
4194,Ctbp1,24,757.2301578422636,753.4606752306784
4195,negative_control,1880,757.982443215905,755.4211111602654
4196,Hspd1,64,757.9701247162232,722.7325374428679
4197,Mrpl43,103,760.1393184920353,739.375339640338
4198,Aco2,2,760.3229459324596,959.4982022239792
4199,Npc2,128,761.2250018787221,854.5683347459993
4200,negative_control,368,761.5518867209619,780.3611079949151
4201,Npc2,128,761.8473643689603,827.8795909072846
4202,Tubb5,246,761.7755787679204,949.9527084920662
4203,Npc2,128,762.9696954898577,1058.8914340411889
4204,Fkbp8,45,763.0423207527584,1047.4151430413344
4205,Aqp1,5,763.2911523977988,905.9800395191226
4206,Aco2,2,763.5390702152338,858.5312199753673
4207,negative_control,758,763.9312018225188,1033.6574502747658
4208,Aqp1,5,765.8199117499681,733.4795876259982
4209,negative_control,660,766.5824108529914,733.6926484501906
4210,Aqp1,5,765.8592653361313,978.9662239845752
4211,Npc2,128,768.3919472323876,814.3676922130129
4212,H1f0,55,768.7683406040112,828.8072125052236
4213,Npc2,128,768.1796213070904,828.7789009960658
4214,Tmbim6,230,767.9373250579771,828.228216601267
4215,Hspd1,64,773.8545221957954,824.370715445305
4216,Mtch1,115,774.5148557964815,956.3586824569896
4217,Npc2,128,775.3423694339789,805.1109588570703
4218,Hspd1,64,776.8159511882757,717.2260284741965
4219,Mtch1,115,778.0568876807004,833.8505474208226
4220,Npc2,128,778.128501868913,862.988623958744
4221,Npc2,128,778.6907246565154,749.165733000461
4222,negative_control,346,778.2880268567026,873.392272042792
4223,Npc2,128,779.1160752163433,820.7877786692344
4224,Rpl18a,187,779.9037926484709,1013.042103130096
4225,Npc2,128,780.1166408189818,771.5444571181943
4226,Npc2,128,779.7359435750991,1047.2820284726
4227,Fkbp8,45,781.3176770962807,1065.933292740713
4228,Mtch1,115,781.7691623088674,762.5185426548762
4229,Fkbp8,45,784.4685931237981,989.1236458232268
4230,Gpi1,52,784.5898620416981,937.8823499806643
4231,negative_control,483,784.3269642897633,937.9396805731044
4232,negative_control,1842,784.9086350943298,768.3496857583771
4233,negative_control,1963,786.205117226342,944.2098689767524
4234,negative_control,697,786.0487058806291,1024.7933150373292
4235,Hspd1,64,786.8614716365898,727.9234904652443
4236,Aqp1,5,787.20864615072,998.1348301921804
4237,Pdia3,140,788.3248701850055,1018.0654114102704
4238,Vat1,259,787.7955378363904,722.4238687133878
4239,Npc2,128,789.4576072109487,810.4731675126923
4240,Hspd1,64,788.6840044754289,784.0326052344338
4241,Pdia3,140,791.0010577280284,838.2685914820476
4242,Vim,261,790.0838863501713,837.9334595187383
4243,negative_control,479,792.412757299492,880.1090281172732
4244,Mrpl43,103,794.4154325941392,812.0320187023826
4245,Npc2,128,795.3686753222601,918.3291535203376
4246,Hspd1,64,796.3551031154514,805.9259770921708
4247,Npc2,128,796.2645339311039,769.0205215530877
4248,Hspd1,64,797.8868160835788,1059.6087711305752
4249,Npc2,128,797.2243423237762,773.6959326142787
4250,Fkbp8,45,802.3466485884737,925.2378336419112
4251,negative_control,1320,803.1824381814267,924.7140849279392
4252,Uba1,250,802.2165313723126,907.582241396106
4253,Zyx,271,802.3317400985693,907.0165929134268
4254,Npc2,128,803.40686430428,835.1529398153186
4255,Npc2,128,803.9751330597622,847.7950520793074
4256,negative_control,1810,806.3802460839745,821.3218085586172
4257,Npc2,128,806.9042086346515,1047.2391242669307
4258,Npc2,128,807.6756150940894,1027.2929623546722
4259,Gsto1,54,808.4422072269253,998.4405586770342
4260,Rpl15,186,807.8468755373816,997.365740688434
4261,negative_control,1733,809.0304156041317,1055.6533830931935
4262,Fkbp8,45,809.1629053152476,1092.4565435051973
4263,Npc2,128,809.5612679854144,760.6463091106924
4264,Npc2,128,809.2469601253731,767.239244121866
4265,Npc2,128,810.5297753444672,756.0973234856232
4266,Fkbp8,45,810.8687834434992,859.0762111954032
4267,Aqp1,5,811.1503705342827,910.1812671179
4268,negative_control,1736,811.4886703223997,1004.4697837053316
4269,Gpi1,52,814.2287234081382,791.1380546839541
4270,Npc2,128,813.946111116043,791.8701217037624
4271,Csf1,21,813.8122163308349,791.7048986097853
4272,negative_control,807,814.0402930131903,1102.4144352702165
4273,negative_control,1328,813.9582526839122,826.4793595197923
4274,negative_control,1809,814.667101985006,1043.0305283679572
4275,negative_control,1849,819.7991932310731,785.9788550929015
4276,negative_control,1729,819.3889684417236,1048.777369056143
4277,Fkbp8,45,819.0641772857499,1013.292010210064
4278,Npc2,128,821.3970248938558,903.6955510681424
4279,Npc2,128,821.6460360935132,935.361487035881
4280,negative_control,1064,822.6642166576398,1058.387517596114
4281,negative_control,1810,823.9702503610802,1049.6695496646494
4282,Hspd1,64,824.4455987849695,971.221768291066
4283,Fkbp8,45,827.2321329718206,1000.5053082701936
4284,Hspd1,64,826.4992542870292,826.1547464320083
4285,negative_control,1721,827.02206392579,891.6187569848485
4286,Hspd1,64,827.2250507275411,877.7564214897551
4287,Pdia3,140,831.8996991608715,1106.98213037783
4288,negative_control,1812,831.0729525046073,1027.5328807459275
4289,Npc2,128,831.0456129283546,809.1129489611926
4290,negative_control,955,833.7100561013054,1105.715079043719
4291,Vim,261,834.3069602408052,1033.8408464006052
4292,negative_control,1253,834.3237396988602,1113.81132847859
4293,Ppp2r1a,151,837.4820113889617,829.0700232368688
4294,Npc2,128,837.5343232498367,1017.1812884211053
4295,St13,220,835.5884943694889,1059.0360019701952
4296,Tubb5,246,837.8308699067377,1057.526183548423
4297,negative_control,518,836.2933525823961,1057.491366844631
4298,negative_control,1734,838.1058497629047,1059.2919939797457
4299,Prmt1,153,836.5101127490734,1057.799577782203
4300,Csnk2b,23,834.8196933624434,1059.5109392503518
4301,Npc2,128,839.06508928406,999.8851609735808
4302,Npc2,128,840.2372636164857,858.6785360330982
4303,negative_control,1729,840.4969597169488,1082.1982059268694
4304,Ywhah,266,839.9814969460568,1083.523298854073
4305,Npc2,128,841.5424173236529,836.5313240140317
4306,Aco2,2,842.9884011649119,864.6416939123174
4307,negative_control,1064,842.7179828701237,1100.0851280359534
4308,Npc2,128,842.6231884568308,946.5693009063853
4309,negative_control,1611,843.0864493512647,1011.4382178690644
4310,Aco2,2,843.652571672358,827.1175981443141
4311,Fkbp8,45,845.4205155465592,911.2212443958964
4312,negative_control,956,845.6752005689132,1050.4304059716108
4313,Hspd1,64,846.4863044547101,1109.7810228922992
4314,negative_control,346,847.4204658807697,917.295062157838
4315,Nfe2l1,127,846.0506315649296,918.1410077993994
4316,Tubb5,246,847.5885231145247,1120.9504678833523
4317,Npc2,128,847.5661457169349,1107.1249461374948
4318,negative_control,1176,846.6363042284233,1106.69636931469
4319,Fkbp8,45,850.905740473749,911.70367067323
4320,negative_control,1254,851.2112419813127,890.296956806523
4321,negative_control,1164,851.565583928953,890.1791026228581
4322,Npc2,128,852.1513765459765,1039.9276753713884
4323,Ndufv1,124,852.1754593697256,1119.8005367211222
4324,Vat1,259,853.533185215495,945.10115632244
4325,negative_control,483,856.1398561067408,1105.2504429883804
4326,Ywhah,266,855.172031419823,1104.3452773029364
4327,Hspd1,64,856.8902135291939,862.7956789186178
4328,negative_control,368,857.3603296911001,1073.0981548204727
4329,Npc2,128,859.266368889781,960.9676943015868
4330,Npc2,128,858.8059084112565,993.6990133574212
4331,negative_control,1954,859.0046887525928,975.8561156032948
4332,negative_control,705,860.7347753634582,1023.9978253284188
4333,negative_control,705,860.6832461942219,1004.0820903807618
4334,Npc2,128,861.587580929337,996.58330006434
4335,Mrps9,111,864.4334219926963,899.6653096696152
4336,negative_control,413,865.7362802974172,921.8943642302582
4337,Sdc4,202,865.6298625656597,924.3880742256712
4338,Fkbp8,45,866.5708578468957,1120.9947557051482
4339,Tubb5,246,867.6462441762628,1102.1626881271316
4340,negative_control,2033,868.0259413587222,906.2771024384948
4341,Fkbp8,45,868.2019447450759,1009.392509208559
4342,negative_control,1254,871.8144384436127,1113.6144856160583
4343,negative_control,1809,872.4990162643635,1030.1001586617876
4344,Nr2f2,129,871.8222920412719,1079.6194709821534
4345,negative_control,1809,873.4384398911083,1079.394242066688
4346,negative_control,1727,873.9199477754547,965.8984042694476
4347,Prps2,155,874.8870737469518,977.7682181276476
4348,Npc2,128,875.9098616415426,1047.215736509209
4349,Mtch1,115,876.5328105464769,913.8405601887866
4350,negative_control,1060,876.5188360899986,1075.3510635584803
4351,negative_control,346,879.7971213049954,1052.8515191757797
4352,Prps2,155,880.243957566606,1064.2723619723756
4353,Hspd1,64,881.0474975469529,1068.9234970204627
4354,Pdia3,140,880.7380337099735,1041.3894874681712
4355,negative_control,1556,882.9328056863013,1082.166109999086
4356,Mrpl43,103,886.2778759540379,907.1413690053524
4357,negative_control,956,889.8708911915229,1114.1583162346851
4358,Ubxn1,253,891.8552688947594,1112.9417444749658
4359,Gsto1,54,891.2588267135325,1112.137410019373
4360,Mrpl28,97,896.2008622475273,1143.1272233390423
4361,Ncl,121,508.642503622355,802.9940022393107
4362,Psmd7,165,529.98731519862,836.5078090904781
4363,Psmd7,165,533.1661289862938,851.2524162482492
4364,Gsto1,54,533.5798488830112,851.355998582118
4365,Eif4g2,38,534.3945567448743,850.4356185573582
4366,Psmd7,165,534.9812516065422,835.6901505581811
4367,Ncl,121,539.1596131933873,847.721146338511
4368,Psmd7,165,541.8571569328551,823.064350739697
4369,Mrfap1,89,542.4650270092603,824.6661382175886
4370,Ncl,121,545.4974562681475,844.0323158371646
4371,Rrp1,198,545.9202733176239,867.6966794331644
4372,Vim,261,552.7543912049034,852.0142453192623
4373,negative_control,987,551.311763302262,851.5030483685339
4374,Ncl,121,564.8280805952343,819.7105804680473
4375,Psmd7,165,564.7493687749435,842.8267049088499
4376,Ncl,121,567.5920994740279,771.6636202266556
4377,Psmd7,165,569.348890478309,787.6218319954322
4378,Rrp1,198,574.0400727507744,841.3178762955577
4379,Stip1,221,574.1267219250906,777.7810238492677
4380,Lamp1,74,573.7622416482951,782.5551932688857
4381,Ncl,121,587.7753019301732,829.36156114636
4382,Stip1,221,591.917378948962,812.4077405975415
4383,Ncl,121,596.6897843834086,863.676863097709
4384,Ncl,121,598.0905346487654,794.9522071688261
4385,Snx5,212,600.9235573506941,779.3901423178894
4386,Rrp1,198,607.4635847439254,851.2910719485507
4387,Psmd7,165,611.0879537603873,828.4846335602537
4388,Gsto1,54,617.8508381264746,788.8837368159678
4389,Ran,178,618.4806191361927,789.416984322275
4390,Ncl,121,624.2586045043738,839.0694010796014
4391,Maged1,82,626.5938141902479,782.4347094576322
4392,Stip1,221,629.2609257060967,773.4613652060276
4393,Snx5,212,629.9461838861337,787.5918864803609
4394,Rrp1,198,630.9739775341616,779.8650168492475
4395,Ncl,121,634.415225928986,780.0344357560066
4396,Psmd7,165,636.0713196324482,798.168541087186
4397,Ncl,121,640.6939001204566,810.284024670268
4398,Psmd7,165,645.8418884402497,790.1986213025718
4399,Ncl,121,646.0113839341873,818.0554020904648
4400,Twist2,247,646.1864977044771,795.0374780874589
4401,Snx5,212,649.0944758141194,881.7335933624345
4402,Ncl,121,650.4324194393402,769.1969462511574
4403,Ncl,121,651.6166079587194,777.206903819039
4404,Ncl,121,653.5228277659702,824.0005281221205
4405,Ncl,121,659.2094166606853,839.7583700385426
4406,Rrp1,198,659.0173848542266,787.700645819516
4407,Mdh2,85,661.4013558875623,772.6317786430694
4408,Ncl,121,662.4959652766202,797.2853133857418
4409,Stip1,221,669.6686195817866,785.6178040594559
4410,negative_control,988,672.5660781476349,842.392410801194
4411,Snrnp70,210,671.2524910214668,843.8279064744756
4412,Ncl,121,674.5004373651249,803.2007859089083
4413,Psmd7,165,678.0978593601485,807.407189074642
4414,Psmd7,165,682.5054353150986,838.219050431494
4415,Ncl,121,691.400928685019,805.8239042069581
4416,Rrp1,198,695.1849281035088,838.3908660452703
4417,Psmd7,165,696.3516691088493,822.0600349329724
4418,Snx5,212,700.1954661782536,866.2891442981778
4419,Rrp1,198,710.5047275439629,842.6419290596909
4420,Timp2,229,711.4917293625384,854.9307607655898
4421,Ncl,121,711.6318213287811,855.7577808618514
4422,negative_control,998,713.7284404826283,790.2139743717804
4423,negative_control,750,713.7515762285767,789.4833195068315
4424,Trap1,240,715.9932720305793,778.8795104817261
4425,Gsto1,54,715.9122002397164,765.2842116805883
4426,negative_control,1182,717.6049781004612,774.6042437176421
4427,Stip1,221,717.8267098096599,774.5436873541684
4428,Rrp1,198,721.2871260673196,818.0693409618953
4429,Stip1,221,724.2996236599882,818.5582191283091
4430,Stip1,221,726.9470474767686,780.983085131752
4431,Ncl,121,729.6836319457277,909.1963251424044
4432,negative_control,1274,729.9770531507971,883.085745932964
4433,Prmt1,153,735.1497831688013,768.6663464247277
4434,Rrp1,198,732.8923626809108,769.0399783113323
4435,Hsd17b12,61,734.1595493499266,834.1327460586384
4436,Stip1,221,735.5224999431936,785.9895464172816
4437,negative_control,281,735.5307239307971,786.297388401197
4438,Fxr1,48,742.2167401476645,977.9906897534544
4439,negative_control,985,743.6496560866392,833.0507499790409
4440,Ncl,121,749.420012774162,859.1029957121284
4441,Ncl,121,749.7860758085656,865.2015351759939
4442,Ncl,121,751.9130534465777,730.5449545945979
4443,negative_control,1285,752.5782216730249,978.7265995274996
4444,Snx5,212,756.5051054026233,858.5372450592964
4445,Ncl,121,757.2757896319046,758.9761622007675
4446,Ncl,121,758.9267369332823,985.9319112322056
4447,Snx5,212,760.713291261398,841.3140718479904
4448,Rrp1,198,761.4866671130359,759.2326218416204
4449,Snx5,212,762.1654840578813,912.0905401321576
4450,Ncl,121,762.577400840011,922.2516421325764
4451,Snx5,212,762.5927915804172,994.4073637593636
4452,Ncl,121,764.013143550224,734.0718118983098
4453,Hsd17b12,61,764.4300649885122,745.393955657466
4454,Fxr1,48,767.9558759745239,923.9081692418974
4455,Csnk1a1,22,768.3298305327843,761.0955582865395
4456,Snx5,212,769.2368061737428,809.4774402610079
4457,Rrp1,198,770.4062316354059,799.614781085839
4458,negative_control,1897,770.8061834189448,1008.563699901262
4459,Rps6kb2,196,771.6123478943593,933.0905146618298
4460,Snx5,212,773.9300975007387,1026.7501369830009
4461,Oxct1,134,774.306883334244,993.4667606679176
4462,negative_control,1880,774.7738011805734,711.4570696553275
4463,Nr2f2,129,785.883763052815,998.4359415314342
4464,Ncl,121,785.5711257896988,998.9942357744372
4465,Snx5,212,785.9888721181892,783.1613403581644
4466,negative_control,1944,785.587131675545,810.2056130575572
4467,Snx5,212,786.5427107092789,1044.8828332313533
4468,Ncl,121,786.8223754725464,741.9981198840758
4469,Stip1,221,788.1511134394708,1080.533723156159
4470,Ncl,121,789.0463792091375,858.2605895444253
4471,Snx5,212,789.4061326196013,1056.7393061919477
4472,Ncl,121,791.7867662615265,720.4868177104206
4473,Ncl,121,792.4726526384134,806.7597887406097
4474,Ncl,121,792.7849678260569,732.7485950412765
4475,Oxct1,134,796.7130603785481,1000.5467987026136
4476,Vim,261,797.1719359428348,735.1809821049723
4477,Oxct1,134,796.9884971185103,737.0578954701973
4478,Rpl15,186,796.946322695309,735.3532137821236
4479,Ncl,121,799.4191189746874,778.4444326277102
4480,Stip1,221,801.554167218136,1058.0491342470923
4481,negative_control,2032,801.3653959336359,1057.2546507453342
4482,Snx5,212,803.0261394420385,990.316365274836
4483,Hsd17b12,61,803.5342247255767,945.5604749220528
4484,Oxct1,134,803.8662660737465,1012.708660733292
4485,Snx5,212,804.1538390557243,999.2875970153468
4486,negative_control,2011,806.2637026926739,902.046348557915
4487,negative_control,655,806.756344335428,1043.2616608409323
4488,negative_control,842,807.038437912747,800.8972429529487
4489,Stip1,221,807.0823882430983,1088.826599422424
4490,Ncl,121,813.2001108649964,1082.118463603614
4491,Ncl,121,814.5191145401815,932.7557063715212
4492,Oxct1,134,817.9935761746888,1070.104373134362
4493,negative_control,1041,821.127132488894,988.4459830219976
4494,negative_control,988,820.9278212856552,988.1759244059136
4495,Trap1,240,823.4814251733037,917.6655911025612
4496,Trap1,240,826.3644858911273,875.4176506059938
4497,Ncl,121,826.5278980776841,796.6744835657395
4498,Ncl,121,828.5360938236572,837.8395405957606
4499,Stip1,221,829.4470237517293,1100.16823098474
4500,Nucb1,131,831.6439277721645,859.8818863542565
4501,Snx5,212,832.2836284332052,818.7000767637917
4502,Ncl,121,831.9522293879741,1048.103249197197
4503,Ncl,121,833.995352753294,852.4263320408711
4504,Psmd7,165,835.1010490645137,1104.8663492056096
4505,Psmd7,165,836.5653324556681,1112.7725576165208
4506,negative_control,1274,838.890550505109,1025.8767491528654
4507,negative_control,989,838.1786243927696,890.08483364412
4508,Snx5,212,840.6574532728789,952.5201457008524
4509,Oxct1,134,843.724269916898,809.4813106806372
4510,Rrp1,198,843.4329363999254,814.1474525742219
4511,Oxct1,134,847.6173639428091,1078.581804492515
4512,Psmd7,165,850.4993054454476,795.3394803223323
4513,Stip1,221,853.2611229376225,802.4109949362615
4514,Stip1,221,861.0433102485124,1118.0938701802183
4515,Rrp1,198,860.497278903923,1065.0057636139395
4516,Fxr1,48,863.1539100882267,796.9410766873881
4517,Oxct1,134,869.0816690592223,919.8332832554432
4518,Ncl,121,869.571066735466,888.2988107746281
4519,Stip1,221,871.5782919278768,1058.7400751516104
4520,Rrp1,198,873.535054650742,894.8071275190348
4521,Stip1,221,876.0055475819919,984.7038222881724
4522,Stip1,221,877.1195954025817,1064.9687783921863
4523,negative_control,998,883.092076583413,1063.135997325466
4524,Ncl,121,891.5173677902819,1030.4641213800778
4525,Eif3f,35,532.4199607731098,846.6779901409188
4526,Ptbp1,167,534.9175953313519,843.9476760217206
4527,Ptbp1,167,538.6179099924751,850.763954790222
4528,Ptbp1,167,544.9237796532627,780.0731503488034
4529,Hspa9,63,545.4446849772891,776.7226789025955
4530,Ptbp1,167,548.7423157636706,783.6586824322203
4531,Eif3f,35,550.590119754673,817.4542478697088
4532,Ptbp1,167,559.5712092410762,820.7954883847451
4533,negative_control,803,585.2898442883508,853.9360246513054
4534,Use1,258,587.8636104523631,830.0079305407354
4535,Ybx1,263,588.2594797051989,828.6232166028082
4536,Rad21,176,592.3126935073514,798.2151711152667
4537,Vim,261,595.001351779177,824.0897058237038
4538,Hspa9,63,594.6181984767182,824.8327096737519
4539,Hspa9,63,596.3790252746965,852.1428225597854
4540,Rad21,176,619.4839475869394,768.403310325108
4541,Csf1,21,627.4502264393042,809.1424270215491
4542,Hspa9,63,648.1993818310604,830.6691119924801
4543,Cct8,11,650.0171575737561,789.4846135729815
4544,Hspa9,63,655.934551375404,837.7600483018184
4545,Hspa9,63,663.3668756958144,777.6357825625995
4546,Rad21,176,667.3873764081402,782.6752120417863
4547,Hspa9,63,671.6093910349143,804.7964419252335
4548,Vim,261,672.353849989676,804.2200964563522
4549,Eif3f,35,672.0101856984218,812.7046602718623
4550,Ptbp1,167,682.0466882566434,848.82755836413
4551,Mrps5,110,685.1645844750227,811.6798639552092
4552,Csf1,21,686.0976682799526,816.8587098546017
4553,Hspa9,63,690.8651040899238,848.5388667519761
4554,Sfpq,206,690.9720342908294,835.068485536871
4555,Rad21,176,692.3161645729299,834.1525226753274
4556,Ptbp1,167,695.3173515572329,780.7017006958206
4557,Ptbp1,167,695.504084601889,812.761364797234
4558,Ptbp1,167,710.076013289583,876.4488583394116
4559,Cct8,11,712.9308302628529,758.8404893599309
4560,negative_control,1706,712.9715041953924,843.1684159491263
4561,Use1,258,719.5882722140775,841.0816034670393
4562,Mrps5,110,723.5532848022309,800.1455277782268
4563,Eif3f,35,724.8729985546305,846.4940773218492
4564,Ckap4,14,726.6775427692334,934.9764056917622
4565,Rpl18a,187,725.9936081050461,886.735117337378
4566,Csf1,21,735.761170113506,838.2946364298759
4567,negative_control,367,735.3152583715157,897.2770540245133
4568,negative_control,1334,739.1370267719437,742.597274828378
4569,negative_control,1324,740.4898220035468,749.3395262811487
4570,Use1,258,744.3275770641969,836.3654591954407
4571,Hspa9,63,745.8295228080893,784.7924372231182
4572,Cct8,11,748.5843105288835,998.9822101745276
4573,Hspa9,63,748.7621175394308,752.532621344591
4574,Ptbp1,167,749.0872077839159,990.9760510348636
4575,Hspa9,63,749.6602053308643,745.1107389861652
4576,Mrps5,110,750.9699509831705,919.3376596499372
4577,Ptbp1,167,752.4362171651094,1020.8436286653996
4578,negative_control,1626,756.7614846779411,855.0312676030157
4579,negative_control,1665,756.4240465868635,855.1876687547142
4580,negative_control,1703,756.6945075719534,766.9526250885052
4581,Ptbp1,167,758.0208059060516,777.9437962989434
4582,Ckap4,14,759.8874751501634,736.3027682103581
4583,Ptbp1,167,759.6732699437237,732.4439272078839
4584,Ptbp1,167,764.9341121077639,752.5674454454667
4585,Ptbp1,167,766.8524989258642,776.5349504398673
4586,Ckap4,14,767.3179015611327,840.279543132999
4587,Ptbp1,167,770.0908303778815,1004.7968764428792
4588,Csf1,21,769.9202750136342,883.239385770893
4589,Csf1,21,771.4572478157352,770.7963577185695
4590,Ckap4,14,775.798450809717,842.8115142389072
4591,Ptbp1,167,775.7084777412038,1068.1527675980951
4592,Lamp2,75,775.9832015589607,809.7855984406017
4593,Ckap4,14,777.3978747982767,865.827132850485
4594,Eif3f,35,778.3299892461616,828.5892624084988
4595,Hspa9,63,783.2334845147019,816.0712554802151
4596,Ckap4,14,783.5314504239686,765.0350547148848
4597,Ckap4,14,789.464539702298,784.649685922083
4598,negative_control,1703,792.872886209932,850.5904338409298
4599,negative_control,637,794.3415890400183,803.4985652916716
4600,Psmd4,164,794.530134680203,1085.06275828538
4601,negative_control,272,795.6270550396816,1085.7418730391405
4602,Ptbp1,167,796.1963198887106,840.3355097248525
4603,Ckap4,14,802.7345876336899,955.1810250206096
4604,Ptbp1,167,803.5576328952252,758.9554244078796
4605,Rad21,176,803.1752227432949,1021.7028957103764
4606,Mrps5,110,803.8741451074857,999.0429710798152
4607,Ptbp1,167,805.4395482560849,930.2863962741455
4608,negative_control,1665,806.330484427709,1077.2266649368398
4609,negative_control,1856,807.8687718026523,918.505405994778
4610,Mrps5,110,806.9451286384425,1069.0599068338568
4611,Ptbp1,167,808.0621464570457,814.6672927369857
4612,Ckap4,14,808.4240805899965,986.3542627748902
4613,Rad21,176,810.1725608211518,823.8629433490447
4614,Hspa9,63,813.0979673445845,841.377598172589
4615,Use1,258,813.3103662411584,851.3122450011671
4616,Rad21,176,814.1005524656753,886.4639295853726
4617,Rad21,176,814.2151235579522,1109.4336541440805
4618,Csf1,21,821.8206773185134,876.367492067212
4619,Eif3f,35,822.6561137809692,859.0374051919985
4620,Ptbp1,167,825.5431341887677,806.0986800842998
4621,Fus,47,826.224423531258,1077.4539067979836
4622,Csf1,21,827.6442366355421,1064.3320633560631
4623,Cct8,11,830.1426005473797,1011.5021877115228
4624,Eif3f,35,830.7460573780172,895.2912680503129
4625,negative_control,1704,831.74921675673,1105.063222051397
4626,Ptbp1,167,831.94257339213,803.7323653330008
4627,Gpi1,52,834.0502482231217,1005.4548479128064
4628,Ptgs2,170,832.698921113866,1005.5813146540642
4629,Timp2,229,837.7896531251224,910.85712836716
4630,Ptbp1,167,837.7582385409055,892.0230533317042
4631,Ptbp1,167,838.1180024746841,1076.9016982692206
4632,Eif3f,35,838.2353784412012,805.65984626264
4633,Ptbp1,167,839.0381418072972,841.4026582560036
4634,Hspa9,63,839.324675176822,799.5788332962018
4635,Eif3f,35,843.2966645429701,1035.803722016013
4636,Use1,258,842.1785717255673,940.9192997768004
4637,Ybx1,263,842.468883873828,896.5740911855625
4638,negative_control,1665,846.1355175358342,1097.833372241255
4639,Ptbp1,167,847.509910151472,1089.179381071027
4640,negative_control,2050,851.3047048830476,1065.5135675455142
4641,negative_control,1334,850.6396812882332,1066.088409241089
4642,Ptbp1,167,850.2134406502621,992.4338579255872
4643,Eif3f,35,850.3066736981201,863.7441450295037
4644,Ptbp1,167,850.3217929844988,1114.2443791931605
4645,Eif3f,35,851.9574533056133,869.8034991681654
4646,Srm,216,852.6705015181741,1036.676758201403
4647,Puf60,171,853.6304052956998,894.9258432396837
4648,Hspa9,63,854.6876145783895,828.4227800734733
4649,Mrps5,110,856.3866920081562,981.14019722886
4650,negative_control,1925,858.6862127509162,1099.7711141658372
4651,negative_control,1856,860.2206561127163,995.1368863602586
4652,Ptbp1,167,860.164580621252,1080.4830956163548
4653,Psmc2,162,861.024195457414,906.2832085712204
4654,Txn2,248,860.9022882356641,906.923768720611
4655,Eif3f,35,861.8605200406688,1051.6461791018796
4656,Eif3f,35,862.8928133249378,1082.560374730134
4657,Ptbp1,167,863.8776674749279,1103.6732156872038
4658,Mrps5,110,864.8277844181821,952.4670418994556
4659,negative_control,1055,865.5486990597597,918.1736162399194
4660,Vim,261,865.0541247414569,919.190399459162
4661,Lmna,77,867.0801749627703,1100.4763220794216
4662,negative_control,1665,866.0549868616547,960.296345685134
4663,Rpl18a,187,869.7715306167372,989.7224561274666
4664,negative_control,1708,867.8574392472171,986.0316426979722
4665,Lamp2,75,869.1858431235098,1018.2814872081722
4666,Ptbp1,167,869.4658853630157,941.2993507319954
4667,Csf1,21,874.9081328255388,936.7517639739738
4668,negative_control,1401,875.1202845782791,1081.5125795821525
4669,Eif3f,35,876.8058652211519,1060.450235352887
4670,Hspa9,63,877.8857036775022,1044.6354641038338
4671,Hspa9,63,880.2024902934326,1069.4556598439608
4672,Ptbp1,167,886.3451177779693,1075.3504014554817
4673,Ptbp1,167,888.3750568864233,1142.810265628424
4674,Gpi1,52,503.0827888926592,808.8738672622915
4675,Gpi1,52,540.1917895144435,847.2621888471213
4676,Sat1,200,563.0925694699363,813.441261492171
4677,Mbd3,84,578.2154368823274,858.2522091394904
4678,Mbd3,84,584.0564028104117,854.6341313196195
4679,Vim,261,588.852136796138,810.7842873868368
4680,Zyx,271,587.2792194693466,810.1037288818113
4681,negative_control,1981,588.9213771354923,810.2109908983421
4682,Sat1,200,590.5848063151657,826.4806055054692
4683,Polr2e,148,591.9396474488254,857.8752874553714
4684,negative_control,1404,604.7663667825025,797.885238716568
4685,Polr2e,148,612.6263411420063,795.1364939022384
4686,Sf3b2,205,614.392192194067,824.7380077487663
4687,Polr2e,148,637.02870447153,857.4277466548203
4688,Gpi1,52,637.4778752243935,761.7585081148492
4689,Polr2e,148,641.4952952633145,835.5678895034267
4690,Mbd3,84,642.4333504002369,780.9320292551729
4691,Gpi1,52,646.3680642110404,864.7576574658704
4692,negative_control,765,651.3169221807859,842.1877831990099
4693,Mbd3,84,663.8947800736952,850.1317412799102
4694,Polr2e,148,679.3949242633369,790.0957992384378
4695,Eif3d,33,684.2078395507094,766.3726022187078
4696,Gpi1,52,693.341335593214,817.8332424409609
4697,Nr2f2,129,694.816820381367,817.2595115825209
4698,Vim,261,696.8536914046161,759.162360241974
4699,negative_control,755,696.6164419695033,759.7838218579643
4700,Gpi1,52,696.3564655188507,822.2359885804875
4701,Dpy19l1,27,701.4436041804115,785.4162747218847
4702,Gpi1,52,702.8927624536296,861.6392577920253
4703,negative_control,1403,704.5440058832207,803.8014188119859
4704,Polr2e,148,708.2412505881598,806.3206595927625
4705,Mbd3,84,712.9670163720243,824.9922219437299
4706,Vim,261,721.532950462752,889.7954272245993
4707,Sfpq,206,721.2271365595294,890.0988736277707
4708,Mbd3,84,724.3553434725613,810.3219629781527
4709,negative_control,918,725.5948357238148,757.7177603030985
4710,negative_control,760,727.3149596252908,788.2388584968844
4711,Psma7,161,728.1789715960028,909.9898745782511
4712,Rpl15,186,732.0084747352402,829.174376572117
4713,Ssr2,217,732.3067943040471,829.645732336291
4714,Dpy19l1,27,730.2686329941507,829.2694610274368
4715,negative_control,1948,731.3802870597668,976.63121653296
4716,Gpi1,52,732.1085799908708,790.5547157443668
4717,Gpi1,52,734.485018648929,841.1905350912127
4718,negative_control,1313,737.4621447301333,891.4040736305271
4719,Laptm4a,76,737.526351699262,889.5222367377862
4720,Polr2e,148,738.5775889902523,753.0347589404123
4721,Laptm4a,76,739.3268055139923,1006.5031998537888
4722,Mbd3,84,740.7926973786927,759.1175302586536
4723,negative_control,524,741.103748293008,773.9705804832977
4724,Laptm4a,76,744.6117174050629,980.3075683212696
4725,Gpi1,52,744.0510467682758,761.0716076180513
4726,Rcn3,184,746.0419233497846,726.1423004581072
4727,negative_control,762,747.1765590936765,756.0540112487718
4728,Gpi1,52,748.9760774761863,818.4582215602221
4729,Gpi1,52,749.9410929686551,1006.8342058402444
4730,Rcn3,184,752.1035385049187,959.9757688082055
4731,Mbd3,84,757.6171767128415,836.9210847004449
4732,Sat1,200,758.1019726836533,1056.8372126965703
4733,Gpi1,52,759.6625783337166,1025.7480668290148
4734,Gpi1,52,760.0445226205742,1041.664401869822
4735,Gpi1,52,760.4509100796662,1002.063734982864
4736,Polr2e,148,761.9850113758391,736.6336229915173
4737,Sat1,200,766.3569333658603,813.869435780329
4738,Sat1,200,770.1590845346719,1063.2521828356478
4739,Laptm4a,76,771.7891069605412,950.1714278548512
4740,Dpy19l1,27,772.4911761082624,753.0185142776672
4741,Gpi1,52,773.6379355457128,1060.8457540175978
4742,Gpi1,52,774.1913106216347,1045.3914235545917
4743,Polr2e,148,774.5930537870186,829.1513179557483
4744,Xdh,262,777.9707747712904,737.9734587132821
4745,Hif1a,57,779.227410416613,738.0274648979735
4746,Gpi1,52,778.1749045128843,1020.359994910842
4747,Ssrp1,219,777.3136849826993,1020.7199196292144
4748,Gpi1,52,778.3376543077646,1049.472590432276
4749,Sat1,200,779.3985718202507,982.7481757930276
4750,Rcn3,184,788.2699136905346,763.7530336396309
4751,Gpi1,52,788.4898591447883,786.2481319301132
4752,Gpi1,52,789.4349461976786,1002.0314418693893
4753,Gpi1,52,789.4222627293489,1053.744589332137
4754,Mbd3,84,792.4141646372963,1018.621146107578
4755,Gpi1,52,792.3574015917499,775.7802500888986
4756,Gpi1,52,794.9378574985084,935.2291033727206
4757,Mbd3,84,797.175843546577,829.8525276882829
4758,negative_control,1275,799.5946176879196,768.7733942448963
4759,Polr2e,148,798.5701853848328,800.4754851564852
4760,Polr2e,148,799.2451129069019,738.9741395512331
4761,Mbd3,84,801.0396955301114,747.8347328454242
4762,Mbd3,84,800.9814829891246,815.2831884588404
4763,negative_control,1672,801.258025091945,1061.3749861123033
4764,Polr2e,148,802.6246617501597,812.7657642478368
4765,Myh9,118,804.2145466885868,1095.671897574832
4766,Mbd3,84,804.1010001594846,1094.3420026714057
4767,negative_control,1410,805.6185613720679,1069.9271609990865
4768,negative_control,1555,807.5844332797419,1043.8114298743185
4769,Mbd3,84,808.5550271527089,763.7624608039944
4770,Prmt1,153,808.9208469894515,975.1437915154216
4771,Nucb1,131,808.83973104152,976.1759940887016
4772,Gpi1,52,808.6548923924273,1023.710995782
4773,Mbd3,84,812.0895747710348,780.7217503733964
4774,Mbd3,84,814.0557974323515,1030.8743429034846
4775,Gpi1,52,814.5524734262656,804.8186020037899
4776,Laptm4a,76,814.4506186768605,892.0380360474769
4777,negative_control,485,816.3213912449372,1064.720721805788
4778,Laptm4a,76,815.9719841476156,882.8126706875296
4779,Gpi1,52,821.0133278727577,1030.7313735788264
4780,Gpi1,52,821.2600295769342,790.1277199775482
4781,negative_control,1295,822.4236494976627,891.1740437671156
4782,Gpi1,52,823.9807261252096,1109.3563457247046
4783,Vim,261,824.5012122036351,1059.5881157974195
4784,negative_control,755,824.0773887805558,1059.8564814802514
4785,Mrpl12,92,824.1716616278762,887.317464919869
4786,Gpi1,52,826.1473843184742,780.2423289009432
4787,Gpi1,52,827.1617127700044,916.7232332623878
4788,Gpi1,52,830.9854634404256,803.024907312643
4789,negative_control,1767,830.1436294752457,802.3627984581432
4790,negative_control,1361,831.94964592014,1105.9318724123027
4791,St13,220,832.2543845954077,859.236741250653
4792,Mbd3,84,833.5073174085255,847.6272523620245
4793,Laptm4a,76,832.8769993239457,805.1948869607019
4794,Gpi1,52,839.2847075443253,833.6301835173824
4795,Gpi1,52,841.1051213999322,1012.2473078050194
4796,Gpi1,52,841.9794268027302,1073.3768842443017
4797,Mbd3,84,844.780591229115,999.738922481634
4798,Gpi1,52,845.1826241286524,949.3308425188668
4799,Gpi1,52,845.5255995274059,1060.09784780929
4800,Gpi1,52,846.6660734679944,1110.150057259327
4801,negative_control,1252,848.5055258543333,1094.4894101535983
4802,Polr2e,148,848.5576918920694,852.9653141719764
4803,Uba1,250,851.1261277154963,871.4127986959281
4804,negative_control,1223,853.7510776576655,1021.4473386504192
4805,Gpi1,52,854.1665298723618,901.7708295966382
4806,Ssrp1,219,853.9858902945541,1036.3818440996924
4807,Gpi1,52,856.9926441216674,1016.3399132473764
4808,negative_control,755,857.6381128788431,887.4117304148454
4809,negative_control,1686,859.4577523657588,1105.7885560420495
4810,Gpi1,52,862.3841579217185,1005.6611667034468
4811,Gpi1,52,869.6154435198351,1135.731541308588
4812,Mbd3,84,870.5957124657907,1124.8707900168915
4813,Mbd3,84,872.8459440121674,934.1998985215556
4814,Polr2e,148,872.8794004647764,949.3291239530096
4815,negative_control,1995,873.1356427342824,949.9186795775476
4816,Polr2e,148,872.7377534206598,908.4316654270166
4817,Laptm4a,76,873.7865571093396,1113.9988413566718
4818,Mbd3,84,874.7736285707722,1018.5823796187073
4819,Gpi1,52,875.9907450690828,1069.3922060577893
4820,Gpi1,52,877.9652813456325,963.2525297683286
4821,Gpi1,52,878.6606336904176,1071.6414108891322
4822,Gpi1,52,889.1201532520016,1134.0672290197176
4823,Mbd3,84,890.2609597257294,1121.3889309515446
4824,Gpi1,52,890.3684962780665,1111.7278200174562
4825,Ran,178,517.2169011118542,803.4390133943291
4826,Lrrc59,79,517.4670706833701,802.8261257672774
4827,Psma7,161,518.0470112359151,803.9743427894231
4828,Tcp1,227,525.1152929163196,854.701892314657
4829,Vat1,259,541.2778687970806,840.8905216988
4830,Vat1,259,545.5826075634442,858.970607004145
4831,Vat1,259,547.9777723945898,784.237915108365
4832,Rcc2,183,552.3335828482477,780.9071848045073
4833,Rcc2,183,555.6685817361079,813.8485554995985
4834,Clta,15,560.4964127172441,777.5539072916781
4835,Vat1,259,561.576165332905,778.5319634709048
4836,Vat1,259,569.1419349332234,834.4647636730847
4837,Tcp1,227,569.9849085170548,814.7244573557349
4838,Cited2,13,576.969271558341,827.8734279921481
4839,Vat1,259,578.2560667557773,782.2990678042213
4840,Rcc2,183,579.9961895213564,785.5496169952648
4841,Cited2,13,586.5494967193691,833.7808258086492
4842,Vim,261,587.1726851540201,852.4656822321547
4843,Tcp1,227,588.4159741606779,851.4059772176221
4844,G3bp1,49,608.9071927788156,779.8087222089018
4845,Vat1,259,615.7075104470439,803.6478600641385
4846,Vat1,259,619.5851015677443,836.4833812281785
4847,Top2a,236,624.2675206045172,825.731633788871
4848,Cited2,13,626.6080084793509,764.0988124804651
4849,Tcp1,227,627.739349981407,776.7064048856049
4850,Vat1,259,629.3368271019863,820.8309060712319
4851,Rcc2,183,629.1934482836173,767.0411440116295
4852,Vat1,259,637.6370971151413,797.7090900731553
4853,Cited2,13,640.1263218851351,783.5373403089555
4854,Vat1,259,639.7178751135559,856.1295002874517
4855,Rcc2,183,641.7509483382862,837.4982440931877
4856,Vat1,259,649.2303184624261,828.8383860990658
4857,Vat1,259,650.863164273437,805.5288002675088
4858,Rcc2,183,651.9939243876368,829.3462585600945
4859,Vat1,259,667.6500152549008,813.3643210224232
4860,Vat1,259,667.7400299021858,829.9032474123687
4861,Vat1,259,687.8639319781785,847.9948380132497
4862,Cited2,13,687.9978336191144,843.626747244853
4863,Rps15a,191,690.198027820961,761.9490125948363
4864,Idh3g,66,690.3815734155853,762.8947057760631
4865,Vat1,259,693.9635898767654,767.7204178327909
4866,Rcc2,183,697.9642544826829,778.8654830138659
4867,Vat1,259,699.3906091611026,864.2009723336234
4868,Cited2,13,701.5491455605139,757.0913088492273
4869,Cited2,13,711.1781742996588,787.0865677713466
4870,Vat1,259,717.5926554740247,881.2361060666256
4871,Msn,112,718.5754044123863,877.6481182845994
4872,Cited2,13,723.8358307360527,804.1454910442274
4873,Psmc2,162,724.81251994036,750.512837832546
4874,Vat1,259,728.5555313717409,972.6937675999328
4875,Vat1,259,728.1887947761039,749.9763403681368
4876,Vat1,259,729.3918555495727,792.4049257595204
4877,Vat1,259,730.3581921506575,992.4382390733236
4878,Cited2,13,732.2979668945424,869.1747160413541
4879,negative_control,720,734.8429661666926,897.0523274278165
4880,Vat1,259,737.3612497981213,893.5658739545925
4881,Vat1,259,740.1347156539599,871.1682961254187
4882,negative_control,563,742.2852428074216,761.3748253937446
4883,Vat1,259,742.7571976788245,784.4795834238167
4884,Cited2,13,747.386559678307,906.1562062333352
4885,Vat1,259,749.2482784676843,993.397546651404
4886,Vat1,259,752.5868252114856,743.2071394485652
4887,negative_control,1626,753.8078455347481,1020.5184722521026
4888,Rcc2,183,754.5707803981363,984.6880853823
4889,Vat1,259,754.2706953261207,774.6797382707997
4890,Vat1,259,758.8666631747375,776.3793660459469
4891,negative_control,1634,760.0088531351608,777.8431926965548
4892,Rcc2,183,760.3909301028228,736.8638389751305
4893,negative_control,1626,760.672840107191,813.2852366829852
4894,Vat1,259,761.251177910137,759.9622555231948
4895,Junb,71,763.9808372504037,734.8181963507061
4896,Vat1,259,763.4068946888428,726.8767966130262
4897,negative_control,1625,763.594175115634,750.9598235238641
4898,Vat1,259,765.133919852383,870.6311362648034
4899,Rcc2,183,766.9641235664546,733.3563905719668
4900,Vat1,259,772.4575968995086,1057.890972460511
4901,Mta1,113,772.4956462775987,838.9350215734513
4902,negative_control,1634,773.4815921910856,837.1779348542826
4903,Cited2,13,773.5975273694244,716.7574568420872
4904,negative_control,1698,774.8218678198309,717.5543741191327
4905,Mrpl41,102,772.6237761957826,848.4511410463759
4906,Tcp1,227,773.4561216444632,962.9791143233144
4907,Vat1,259,775.5307934609318,781.7432539677318
4908,Vat1,259,775.8303715491799,1024.9290747194698
4909,Vat1,259,776.3711930861989,1046.0386253368215
4910,Thy1,228,777.5196526052256,853.0401218866102
4911,negative_control,1309,778.455872894906,1044.1253464794
4912,negative_control,1913,777.4296400201899,864.9382551448488
4913,negative_control,542,778.8535967701403,760.6589431267248
4914,negative_control,1778,779.4993236397171,1037.6012745104013
4915,negative_control,1635,781.6046282019636,794.0438765299963
4916,Vim,261,782.3276925568975,873.2572016812308
4917,negative_control,720,783.4448633871211,970.7235462357988
4918,negative_control,310,785.5833275065339,1010.939968293762
4919,Cited2,13,785.5682410647266,872.8812780262666
4920,negative_control,1633,786.6858140873503,719.5555471939491
4921,negative_control,1636,786.243870206265,996.9031899562108
4922,Vat1,259,787.2689996715783,770.2290564092546
4923,Zyx,271,787.6584778274373,778.817500775034
4924,Cited2,13,788.667210731554,964.335266446197
4925,negative_control,1626,790.7530059752796,759.1817687467569
4926,negative_control,1471,790.7107945914278,762.1767620075057
4927,Top2a,236,791.6099655022102,743.4166243673169
4928,Vat1,259,792.7070462660055,1062.0121075642835
4929,Vat1,259,794.8467509733188,1001.6917126343168
4930,Rcc2,183,794.4584224734836,744.3098772143657
4931,Vat1,259,796.8979047916753,822.6275468421616
4932,Vat1,259,796.6026887374162,810.2656971441202
4933,Rcc2,183,799.0103600758343,752.5264646031702
4934,Cited2,13,799.627236740248,894.6568639796088
4935,negative_control,1912,801.1543396624895,799.9802379621837
4936,Vat1,259,801.7190902690847,745.0141345145754
4937,Vat1,259,802.4300744011459,779.1272863359395
4938,negative_control,1636,803.844474940104,782.3868985782402
4939,negative_control,720,804.5449125869794,1012.2353860030792
4940,Vat1,259,807.0081885547495,752.1274613250444
4941,Vat1,259,811.7703420057396,1034.2870283706648
4942,Vat1,259,812.7663672776556,783.8549675768168
4943,Vat1,259,816.6432014282443,812.6278100972477
4944,Vat1,259,816.820423655777,1016.6160987091572
4945,Vat1,259,816.1396436166858,1110.3593727198777
4946,Vat1,259,817.9674726866516,890.3623727741067
4947,negative_control,1630,821.882152815524,1096.0515298212704
4948,Vat1,259,821.603205251043,1078.861972141196
4949,Vat1,259,823.3630291800389,1081.9626853585146
4950,Vat1,259,823.7661947438512,1046.5183926854204
4951,Vat1,259,823.7358739467081,1050.8805455795175
4952,negative_control,1093,823.8046966497076,1053.1101027837226
4953,Rcc2,183,824.8222929542251,835.8623430725677
4954,Vat1,259,826.3040004902833,1019.4538922653976
4955,Vat1,259,827.6798864858004,1040.4235005446646
4956,Vat1,259,832.9275528853286,862.5226337771048
4957,Vat1,259,833.9584487569184,999.8842770766812
4958,Vat1,259,833.9860229235471,1110.0773743219722
4959,Mrfap1,89,835.569820082653,1061.969757957584
4960,negative_control,1768,835.4832206105934,1061.648912210219
4961,Vat1,259,836.080798574387,835.8739944152195
4962,Vat1,259,839.0487040924992,879.4496361377234
4963,negative_control,1160,840.6238400192818,1038.1645003564086
4964,negative_control,1891,842.9885942584328,1007.7473532128104
4965,Tcp1,227,844.7060937710713,845.9226242788767
4966,Vim,261,848.3910099344873,1109.1980540654051
4967,Txn2,248,851.0548798112632,868.2756358976692
4968,Ctbp1,24,851.6373444247932,868.8336897784887
4969,negative_control,1778,853.2815829072056,984.3961323515364
4970,Vat1,259,853.3128916827663,851.0544450491741
4971,negative_control,1891,854.5292151101514,994.6325999577736
4972,Cited2,13,855.8223231392543,835.2458081221258
4973,Vat1,259,855.8892662766132,906.4891879250902
4974,Vat1,259,858.371822596494,1082.951186400937
4975,negative_control,1929,859.9367043794372,1119.043246917489
4976,Vat1,259,861.5205967801678,930.164801431631
4977,Rcc2,183,862.0661021843483,903.2156729904302
4978,Rcc2,183,862.6316534602923,875.5724065107522
4979,Vat1,259,863.3710143942374,1100.2919654733846
4980,Vat1,259,865.756518520183,819.6856164329921
4981,Vim,261,866.6313012374092,803.7855046569489
4982,Vat1,259,866.5605602741957,803.991943792443
4983,negative_control,1226,866.9937310957928,1128.7917879041606
4984,Vat1,259,867.8965660141686,947.9825879177932
4985,Vat1,259,868.0764634953446,935.1923715753738
4986,Vat1,259,870.4717393767919,1129.9984165146852
4987,Pcdhgc3,138,871.5662379044346,1077.752834488085
4988,Vat1,259,873.8437433036494,931.4334026548152
4989,Vat1,259,874.8261097556172,1055.657310547305
4990,Nr2f2,129,879.7798755499156,1079.7027253691515
4991,Rcc2,183,881.0038306518857,1015.1764018701932
4992,Tcp1,227,885.0975069694482,908.7500724542766
4993,negative_control,1626,887.1779477473085,1082.533199089779
4994,Vat1,259,889.9597187360437,1018.610033428702
4995,Efemp2,30,501.8132412163235,804.0733914935349
4996,Raly,177,502.9789457152632,802.9872372980954
4997,Efemp2,30,533.3113351441762,830.5452399925023
4998,Pafah1b3,136,557.4395781836824,859.9013227199918
4999,Ergic1,41,597.9426833748738,773.4115132550922
5000,Efemp2,30,604.633934833661,863.8684265755317
5001,Pafah1b3,136,612.9123869680329,771.7431175771017
5002,Ergic1,41,616.5385542963534,771.1602525185127
5003,Ergic1,41,639.8868772586799,846.3776962693216
5004,Ergic1,41,649.7119467855106,814.1889430821931
5005,Lmna,77,649.1491296659689,814.1733184866525
5006,Pafah1b3,136,663.2129096212075,818.2189623038037
5007,Maged1,82,665.0992140312444,837.7603601336258
5008,Efemp2,30,665.8475564472753,775.9835147680866
5009,Ptgs2,170,673.7934876825997,827.0983700894731
5010,Ergic1,41,676.4390266238852,817.995999761088
5011,Ergic1,41,684.6599885025092,831.5880524982176
5012,Ergic1,41,708.1369538764933,755.9667709095825
5013,Ergic1,41,709.752466060215,820.5813855770914
5014,Ergic1,41,712.846559730716,847.2724539787945
5015,negative_control,1747,721.5004253638319,754.2501744187548
5016,Nap1l1,120,722.6690765187907,754.4896287261182
5017,Efemp2,30,722.5643337527947,814.4968634053976
5018,Ptgs2,170,727.4609916337529,895.412197039607
5019,Ptgs2,170,727.9248830419249,944.6885270217762
5020,Ptgs2,170,733.0089700353336,890.857646855493
5021,Rbbp7,181,735.3985812954154,853.8845317617488
5022,Ergic1,41,744.0944226746584,777.5888041932428
5023,Efemp2,30,744.8311741806593,854.1088972774857
5024,Ergic1,41,745.451693339901,803.0519407253022
5025,Ptgs2,170,745.9576662395987,952.628318701938
5026,Cs,20,747.5766678545922,979.732570245812
5027,Ergic1,41,750.8852241883457,886.762188373382
5028,negative_control,672,751.7681021129296,1030.3485729988213
5029,negative_control,1330,758.3327585356574,871.6300819012203
5030,Ptgs2,170,761.3525938524582,958.1390187871754
5031,Ptgs2,170,766.3550999290987,919.1730674075504
5032,Efemp2,30,777.5292088497835,968.9991175531578
5033,Ptgs2,170,776.8867208286698,903.284111498244
5034,Ptgs2,170,779.7304771522628,1044.48233308191
5035,Tbrg1,225,780.7978705449282,833.4248097526288
5036,Grina,53,780.4888953582484,832.6172903500911
5037,Ptgs2,170,782.8776642634784,1005.6265839815852
5038,Ptgs2,170,785.2524368702107,926.756360077637
5039,Ergic1,41,790.6313191360891,782.3708919679771
5040,Ptgs2,170,796.9646887258072,998.7740511559944
5041,Ptgs2,170,797.350534379371,885.0956379872199
5042,Psmd4,164,798.0971853923991,758.4662257678638
5043,Ergic1,41,802.5708204206583,1075.0039999925043
5044,Ergic1,41,803.701813439484,972.4446954928944
5045,Mrps31,109,805.941731036374,902.0531284462826
5046,Ptgs2,170,805.3594376691767,925.08032431671
5047,Ptgs2,170,806.8002611623182,948.1253262675732
5048,Ergic1,41,808.7637214139563,1060.0611278350282
5049,Ergic1,41,810.7876126061298,929.5342163416028
5050,negative_control,1884,813.403062451199,812.3483307572421
5051,Ergic1,41,815.5079051649308,778.2746170436066
5052,Ergic1,41,817.5359078066468,1008.3070081085708
5053,Ptgs2,170,818.4673802609556,956.7007032956442
5054,Ptgs2,170,818.9772910478077,977.5389672194366
5055,Ptgs2,170,821.6064447144682,862.1812043743795
5056,Ergic1,41,822.6157616792699,1005.3040068388578
5057,Ptgs2,170,823.4703659858337,958.385829002317
5058,Ptgs2,170,823.7637178171933,963.4657169345292
5059,negative_control,696,824.3175108925492,1025.380830895414
5060,negative_control,696,828.0796885772738,1039.5106661286925
5061,Ptgs2,170,829.1926234659221,966.008164997634
5062,Nfe2l1,127,829.4363233710118,1030.16085281331
5063,Ergic1,41,831.5185296288146,1028.983647100208
5064,Ptgs2,170,832.4877294840211,978.8585513925404
5065,negative_control,683,833.9579933954408,1050.295570092609
5066,Ptgs2,170,836.0155863814252,995.663366430792
5067,Ergic1,41,836.9530966894989,863.6940932436892
5068,Ergic1,41,837.7198131259295,808.0398975020431
5069,Ptgs2,170,839.7971701192838,858.6498301631246
5070,Ptgs2,170,843.0317244982418,944.4938101708856
5071,Efemp2,30,848.7535157530693,1056.5123677545396
5072,Ptgs2,170,857.8564678198724,952.2680391925758
5073,Ergic1,41,872.4181868691325,1011.6387467389776
5074,negative_control,1919,873.651448337852,1050.3586681990073
5075,Pgrmc1,143,882.8201810206275,1107.6896162344144
5076,Ergic1,41,886.9457695821613,1138.2932422400434
5077,Ergic1,41,893.3739905369721,1132.374376242769
5078,Ergic1,41,894.7438437369115,1115.6357173102654
5079,Mrfap1,89,533.9114004752636,854.5549908595276
5080,Hspa8,62,539.2899290555258,850.578509701766
5081,Mrfap1,89,539.4320168356301,837.8595880632021
5082,Hspa8,62,540.8345036636966,766.5066555272474
5083,Raly,177,544.0069193889052,782.6243988888452
5084,Mrfap1,89,555.8394484906162,854.4553233446097
5085,Hspa8,62,557.8985879692474,848.8657417409806
5086,Gsto1,54,561.4161257192211,872.8646270196632
5087,Raly,177,561.0744627624975,873.7163649706009
5088,Hspa8,62,564.5644707024512,850.9418128720977
5089,Hspa8,62,567.0126675085348,834.0042017860328
5090,Mrpl15,93,568.132493605052,814.1025046480077
5091,Hspa8,62,570.479796478117,835.5684708406765
5092,Hspa8,62,570.8317625922493,819.7738573398437
5093,Hspa8,62,572.1183346771752,767.3431117968717
5094,Hspa8,62,578.7758119855167,805.1504341581906
5095,Hspa8,62,591.4461929938316,811.9624002245143
5096,Mrfap1,89,595.7948955092779,835.8793339513398
5097,Mrfap1,89,595.479134730312,826.3948575779845
5098,Mrfap1,89,595.951454973275,851.6178508271446
5099,Ercc1,40,598.335614243503,817.3765160605053
5100,Lmna,77,599.0667042064229,804.9982669644465
5101,Txn2,248,605.4499544856783,792.0906206654381
5102,negative_control,1257,607.0241092019469,815.2742779620532
5103,Hspa8,62,607.0345180226823,808.4021563343236
5104,Hspa8,62,607.3017532174649,838.8358824699247
5105,Mrfap1,89,607.9587550671944,829.7285765658806
5106,Hspa8,62,610.8485555975008,833.437264453283
5107,Hspa8,62,612.3378649572497,762.0434081786766
5108,Hspa8,62,614.463402278805,823.1086694048879
5109,Lmna,77,616.867196297538,773.6573660792515
5110,Ercc1,40,619.1680886519744,790.570690068526
5111,negative_control,1613,622.4482269288546,821.50108465981
5112,Mrfap1,89,622.2501672331093,779.5839827459549
5113,Hspa8,62,625.8673236070332,771.5714489273121
5114,Raly,177,629.8600503957251,853.9068465063897
5115,Hspa8,62,637.1986234429334,768.4933727269483
5116,Hspa8,62,638.5634597969363,797.3431443513625
5117,Hspa8,62,640.2577585609242,840.0995596479771
5118,Hspa8,62,643.8703670788883,781.6359127358489
5119,Hspa8,62,651.1305013961983,824.9332053358372
5120,Vim,261,661.0941091683184,818.289797896244
5121,Uqcrc1,256,660.4749928311581,819.0487795853265
5122,negative_control,847,659.8349659920542,818.7340344230844
5123,Hspa8,62,661.3464642599562,817.5380181693964
5124,Txn2,248,662.0743005480955,784.427640234728
5125,Txn2,248,662.9685244774716,823.258884583386
5126,Hspa8,62,663.5923420367982,775.8350310704309
5127,Mrfap1,89,664.9362774259921,807.186544759556
5128,Hspa8,62,669.6176381849151,844.4294508672688
5129,Mrpl15,93,672.4376601532255,771.0247940880711
5130,Mrfap1,89,673.3378960475407,810.1302408396884
5131,Hspa8,62,680.4551739210199,849.2321298898552
5132,Mrfap1,89,686.0448564533217,800.2536806373184
5133,Hspa8,62,693.2035965997818,765.1012762613032
5134,Oaf,133,694.905958505997,842.3383276156994
5135,Raly,177,695.1857606140563,768.83384167959
5136,Hspa8,62,695.7766301104331,850.176488790159
5137,Hspa8,62,696.9543662152075,803.8512403757923
5138,Hspa8,62,699.7812133429251,846.0951345283124
5139,Raly,177,702.067660359383,779.5846922473212
5140,Hspa8,62,703.8396999021139,862.4936473933606
5141,Hspa8,62,703.8136776202518,835.7455573411228
5142,Hspa8,62,706.7300948651355,794.8839619776365
5143,Hspa8,62,709.0174219906983,785.9080332394512
5144,Hspa8,62,711.3103348619569,804.4215998137687
5145,Hspa8,62,712.0559321541054,765.5669643199724
5146,Raly,177,712.9091226114613,816.0853585402353
5147,Mrfap1,89,715.4157707080681,856.202671161181
5148,Vim,261,720.0738923950645,907.9685880950068
5149,Mrfap1,89,720.418629297789,885.8667389552944
5150,Hspa8,62,723.1663122384082,909.5156888287988
5151,Hspa8,62,723.2157274101075,769.85071939828
5152,Raly,177,724.5584290710777,741.9494729252439
5153,Txn2,248,728.8256378500384,911.3166863552968
5154,Hspa8,62,729.8028783722266,985.2983484502043
5155,Mrfap1,89,732.6035313965821,740.135577478846
5156,Raly,177,734.0602724299806,742.9217927420736
5157,Ercc1,40,735.5754656554593,858.2568960264713
5158,Hspa8,62,736.6194313134898,894.2311105189722
5159,Mrfap1,89,740.7900238644071,972.6150992993884
5160,negative_control,1698,740.9406830432724,825.8494843104153
5161,Txn2,248,741.6149344720859,811.6789199224506
5162,Mrfap1,89,748.1890134883397,726.1667579712611
5163,Hspa8,62,750.5602883454685,728.7071590309229
5164,Hspa8,62,750.318898828548,736.8133330249382
5165,negative_control,2100,750.766536434141,737.4751624175946
5166,Oaf,133,751.1939093861837,859.9523778692571
5167,Ercc1,40,754.8675213842527,1021.4633120259632
5168,Raly,177,755.2773331601705,743.9234396332545
5169,Hspa8,62,757.2383875358349,887.9867254424645
5170,Raly,177,757.579595908369,902.5204201300572
5171,negative_control,1384,758.2380026984931,856.7048750935076
5172,Ercc1,40,759.984496124258,756.2029319068363
5173,Mrfap1,89,760.7122556982667,999.5209094245388
5174,Hspa8,62,762.2859349337442,759.700092919056
5175,negative_control,1899,763.6708472843623,1006.8302387151392
5176,Hspa8,62,764.1555397255129,860.2762957149365
5177,Txn2,248,767.8352381209307,729.9617594186806
5178,Oaf,133,771.0748222635158,910.2587955074778
5179,Raly,177,776.1863234866578,726.5886243477934
5180,negative_control,2019,777.3087479082795,1012.1568863657506
5181,negative_control,1391,777.4502177312684,1011.487113319817
5182,Vim,261,777.796789686658,769.1591322136907
5183,negative_control,730,775.9178988344927,769.2802404186007
5184,Mrfap1,89,779.1869542908761,1069.527469301021
5185,Raly,177,779.8766637677375,818.679587981057
5186,Hspa8,62,780.2726304166481,1029.9500509307577
5187,Hspa8,62,780.5853267326856,726.4501353366873
5188,Mrfap1,89,781.2695907718505,854.7324438878532
5189,Oaf,133,782.5790120853754,754.949181626009
5190,Ercc1,40,784.1879993638485,717.6723871266422
5191,Vim,261,785.0744316012896,817.3256313147914
5192,Sdc4,202,785.7487722902117,817.2481302132601
5193,Hspa8,62,784.6111467398409,817.4411199668507
5194,negative_control,1171,783.6382183244151,783.6251243335684
5195,Zfp36l2,270,783.9966817490695,958.8118956688764
5196,Vim,261,785.2235493278156,958.0461635574204
5197,Raly,177,787.1584963999285,843.4874731965741
5198,negative_control,633,787.6297362761348,1017.0591235709236
5199,negative_control,1808,788.506389704862,1067.791911612116
5200,Txn2,248,787.608868356917,897.5266454871107
5201,negative_control,1815,787.6502788057596,1070.9560671781924
5202,Oaf,133,789.7671895312457,1021.167572309985
5203,Hspa8,62,792.0180195786827,756.1175242164232
5204,Uba1,250,792.2529507322363,1079.905152549754
5205,Arf1,6,793.3183962210289,1078.5627867240808
5206,Hspa8,62,794.7831347150615,865.0143007142761
5207,Mrfap1,89,797.6089466546555,1059.3715562232298
5208,negative_control,1560,797.5707775655895,1059.9543769542013
5209,Raly,177,800.4209070941891,843.0793998383233
5210,Hspa8,62,801.1270653072794,747.7868528201794
5211,Hspa8,62,801.0128122358466,771.6426421436129
5212,Rpl18a,187,799.7256213309031,770.6426142062737
5213,Vim,261,801.9308449935422,1087.0638492880742
5214,negative_control,1815,801.1670151254156,1087.5969219046904
5215,Mrfap1,89,803.055535276303,924.3900294538438
5216,Ybx1,263,802.015307912934,1071.071440182413
5217,Hspa8,62,806.2554991538832,1086.272974659079
5218,Mrfap1,89,806.8477406751172,866.1005945653482
5219,Hspa8,62,807.7728542598534,815.1702215651691
5220,Mrfap1,89,811.245338337164,967.1955859809286
5221,Hspa8,62,813.8879797463458,782.9909783368392
5222,Raly,177,814.3631713696087,900.9567131029888
5223,Hspa8,62,814.9137134641401,840.6394819770919
5224,Mrfap1,89,815.2122469914672,1081.8862989164172
5225,Hspa8,62,819.5211431091129,789.886000273171
5226,Msn,112,819.54850090589,812.6634851436172
5227,Trim28,241,819.8382034131569,813.6453126647198
5228,Vdac1,260,821.8738286519275,812.2105911400382
5229,Hspa8,62,825.6015092276905,811.1396892173074
5230,Hspa8,62,827.8841173222129,805.9510152646964
5231,Mrfap1,89,828.4551235116562,832.3729431580281
5232,Mrpl15,93,829.4961577718623,903.475019599696
5233,Hspa8,62,831.5087027402991,850.2497298035314
5234,Raly,177,831.6714140135292,869.6044898972273
5235,Rpl18a,187,832.4923138433842,890.4515268654086
5236,Hspa8,62,832.2197537786274,890.5657289171448
5237,Txn2,248,833.668547817548,848.7770764454158
5238,Hspa8,62,836.7153212838161,1110.6520330132212
5239,Mrfap1,89,839.1810821657425,909.3666168587148
5240,Mrfap1,89,839.8371410545078,831.908639649217
5241,Ercc1,40,839.4387177904524,1109.794162990479
5242,Psmc2,162,838.6720895602634,1108.949085683826
5243,negative_control,1698,840.9547021642517,824.9155861696337
5244,Mrfap1,89,841.4757557385349,863.8044598185397
5245,negative_control,1235,843.7392485975668,1066.574062227046
5246,Mrfap1,89,845.6279948015668,837.2093853672081
5247,Mrfap1,89,847.5012471990469,945.3574878463064
5248,Hspa8,62,852.2034180843912,812.3658820620301
5249,Raly,177,852.7697857517321,828.9723665067977
5250,Vim,261,853.1995700407222,886.3598071637517
5251,Mrpl12,92,853.7238115610721,886.0947750591666
5252,negative_control,1851,852.7994363306385,886.40448309649
5253,Raly,177,853.0177780591117,1042.8542820407092
5254,negative_control,1393,854.6963595673286,918.0077298029717
5255,Raly,177,861.5442159555355,1123.910999189035
5256,Hspa8,62,867.1457151004456,923.244569625757
5257,Hspa8,62,870.6177073037031,886.9611351937314
5258,Raly,177,871.8302388653641,1007.6442481811262
5259,Raly,177,871.9355180248099,812.9055575998046
5260,Vim,261,873.024742350173,1057.9017681419157
5261,Rpl18a,187,872.8823326271447,1058.583577409183
5262,Hspa8,62,872.6820395865115,1118.4043518219428
5263,Hspa8,62,875.1731627733228,951.137948607622
5264,Raly,177,877.6966438744998,894.652055232518
5265,negative_control,1267,878.462095844244,893.8168587048998
5266,Hspa8,62,879.8588067725391,809.7400614058336
5267,Hspa8,62,879.8821024004474,1089.618040694716
5268,Mrfap1,89,881.2375568227625,1022.3028771484828
5269,Raly,177,883.4992850638914,1046.5875461145315
5270,Trp53,242,882.9935709884996,1046.2428338065315
5271,Hspa8,62,884.2264833141683,1033.014430980381
5272,Raly,177,885.41101550334,1060.0740925009663
5273,Raly,177,886.419113970084,1143.7001464391924
5274,Oaf,133,889.0138672663466,1092.8494137984078
5275,Mrpl15,93,889.9549468341961,1126.4618972914564
5276,Hspa8,62,915.4265239332938,1150.366382090146
5277,Lmna,77,536.1166700982897,833.651000955213
5278,Lmna,77,545.8238092103111,808.8272415294243
5279,Zyx,271,545.8022390683757,839.7325925443973
5280,Cebpd,12,549.8617396863992,781.2854658614117
5281,Zyx,271,551.2883533385293,839.3538966700098
5282,Lmna,77,553.513375908793,836.6127570277158
5283,Lmna,77,566.8346885469065,788.1326438032822
5284,Lmna,77,576.9627242617712,843.9618634358278
5285,Vim,261,576.3104845303214,843.5683772236614
5286,negative_control,289,580.4177655615017,799.226328893722
5287,Lmna,77,588.2983833348057,768.3858664501819
5288,Lmna,77,594.6236323939388,821.1278998381883
5289,Zyx,271,599.5801036847226,859.7052401607916
5290,Lmna,77,600.4990702685088,855.1393440932114
5291,Lmna,77,605.5831131299554,802.2186272212621
5292,Zyx,271,606.9845854331948,788.5639959326584
5293,Lmna,77,609.2262144644417,806.2498953381166
5294,Lmna,77,610.6132890974081,800.400343891725
5295,Lmna,77,615.3608887344153,811.9149050223588
5296,Lmna,77,618.3149503362691,780.457094085227
5297,Lmna,77,625.6110652783473,770.9654668331274
5298,Lmna,77,626.0527326485935,825.8634023042523
5299,Lmna,77,640.6549677653097,845.3861317527375
5300,Zyx,271,642.024339993388,811.5893506833751
5301,Zyx,271,642.9860689764405,772.9584158790503
5302,Lmna,77,644.5220456399184,818.8818972973547
5303,Jun,70,644.7117737491624,850.4783028401523
5304,Jun,70,659.4805015015743,779.0066197070946
5305,Lmna,77,660.4332423870917,813.2124247623676
5306,Zyx,271,662.023327232273,780.1102634848096
5307,Lmna,77,670.3245520903632,844.0751192085622
5308,negative_control,1690,669.6787805481111,844.2522173533705
5309,Zyx,271,670.5481251005904,766.5405434198651
5310,Lmna,77,671.2655148240323,813.4772339220292
5311,Cebpd,12,675.0159453253029,806.4799885582265
5312,Lmna,77,680.5500853469804,826.1262027655655
5313,Lmna,77,680.9543189204014,789.3485066723204
5314,Psmd4,164,683.7726268991003,769.3032057734326
5315,Zyx,271,689.6721960577964,836.1840133662324
5316,Zyx,271,694.2273696507285,771.0301764585272
5317,negative_control,449,704.9548820741256,854.0844193631789
5318,Zyx,271,705.4920021296432,758.7271816338941
5319,Lmna,77,708.9867586048506,874.7739372760136
5320,Lmna,77,714.5536140690057,772.1006910619966
5321,Jun,70,714.2526424251686,821.0328785076083
5322,Lmna,77,716.3505292718357,763.4445332781784
5323,Zyx,271,717.9119715243362,885.0000002055682
5324,Lmna,77,719.435695398136,745.3289930529618
5325,Zyx,271,720.1813510258714,761.0404585768539
5326,Zyx,271,722.1614389938322,841.3545879619753
5327,Maged1,82,722.9289722454682,842.7253735785224
5328,Zyx,271,722.7436703017594,749.4187884503209
5329,Lmna,77,723.4263291469116,808.2482849265222
5330,negative_control,319,725.3930755226347,797.0760017569969
5331,negative_control,440,725.9962722326553,839.500819367161
5332,Zyx,271,726.8708449021893,808.1272457423186
5333,Jun,70,731.6174917862472,965.3247866553831
5334,negative_control,447,732.8935620005731,768.2122323826434
5335,Vim,261,731.7671277875389,770.333090659092
5336,Zyx,271,735.9010951077689,875.3113466799932
5337,Zyx,271,736.4456482779411,988.9085690974784
5338,Lmna,77,737.1253737227087,974.454550150514
5339,Zyx,271,736.9912468425448,993.48651729026
5340,Zyx,271,740.2631275660859,976.5176836680334
5341,Lmna,77,741.4499186088517,750.175826947307
5342,Zyx,271,741.504166875288,777.6242759830127
5343,Lmna,77,743.213264040579,1008.4503316901825
5344,negative_control,2062,743.3420865496666,808.4207668956701
5345,negative_control,711,742.550580475078,807.0035698582763
5346,Cct5,10,743.1887858509094,808.4832241399033
5347,Lmna,77,748.0610589868356,947.8414171930468
5348,negative_control,319,747.8158911500188,768.8394073345826
5349,Zyx,271,749.7181729427672,736.4094461347518
5350,Lmna,77,752.0917934202481,922.1773084574992
5351,Lmna,77,752.3769181498503,746.5403678577457
5352,Lmna,77,753.1363599295933,739.3180879894378
5353,Zyx,271,757.7101912492939,1008.926658865551
5354,negative_control,1083,759.3440061725327,1038.6011470453286
5355,negative_control,319,758.7580042209768,1038.8730301984012
5356,Lmna,77,763.8219173300985,1073.6295621625047
5357,Idh3g,66,766.7644457135824,853.1211350754584
5358,negative_control,319,767.1838616664069,728.7450797943868
5359,negative_control,319,771.056435705796,1010.7948746932128
5360,Zyx,271,774.5935988428662,725.7558425031028
5361,Lmna,77,774.7342087141647,1002.054031827518
5362,Jun,70,776.0847538838719,860.8996476159518
5363,Zyx,271,780.0429139418667,777.2199246382759
5364,Lmna,77,780.5482886019913,876.2096506894586
5365,Jun,70,781.6850734061491,727.1524810139654
5366,Zyx,271,782.6024977880377,903.7427863438596
5367,Cebpd,12,783.694041551915,712.0686848977826
5368,Rars,180,784.7268211910314,933.9954074358404
5369,Zyx,271,789.5513772021174,1068.5482369560705
5370,Jun,70,790.2860326899529,926.2637157987708
5371,Lmna,77,790.315097704462,808.9063296837214
5372,Zyx,271,791.5656654060298,985.0244784720676
5373,Zyx,271,791.7864085978811,979.4550284433436
5374,Lmna,77,792.6772442984975,743.4023379532066
5375,Zyx,271,793.4697899073835,788.5727458913151
5376,Lmna,77,793.82293278937,733.7105246037951
5377,Ppp2r1a,151,793.798154065719,733.7446956918973
5378,Rars,180,794.0968572947596,773.7652733293528
5379,Zyx,271,795.1917894347434,874.8912962854345
5380,Jun,70,795.1267759646556,917.4279617816708
5381,Uba1,250,796.5927115728448,1090.094413465331
5382,Jun,70,797.1624401021732,1088.52536820273
5383,Tomm40,235,796.7644967228299,1088.3039985258158
5384,Psap,160,798.3901078393943,830.6386227085181
5385,negative_control,1288,797.0345174544909,1070.1024275284997
5386,Jun,70,799.4360909536649,978.0693865532684
5387,Lmna,77,801.547659106114,920.871410854709
5388,Lmna,77,801.5726292226481,748.2948453850045
5389,negative_control,1166,802.0636858877098,800.4400232064604
5390,Lmna,77,809.4610847869567,764.2025333956315
5391,negative_control,1489,812.0978416578729,1042.234919020624
5392,Lmna,77,811.7628627374179,1083.0086975787428
5393,Zyx,271,812.2674666423346,786.4284813356896
5394,Zyx,271,815.8561564812308,785.0717327540243
5395,Zyx,271,816.975703919248,906.8756810882788
5396,Lmna,77,819.2114107797715,801.5799066445097
5397,Zyx,271,823.4447647196921,915.8733732126292
5398,Lmna,77,823.7295680806196,1099.1990650153343
5399,Zyx,271,824.9324562171853,842.2688148254009
5400,Lmna,77,828.8290754551608,1058.1292218922804
5401,Cebpd,12,832.5789241543805,1047.2632817321246
5402,Jun,70,832.9551593554781,905.5093111753082
5403,Lmna,77,836.7878508493366,1112.3473693981705
5404,negative_control,1527,840.4815960461203,1070.6643801021523
5405,negative_control,440,840.0117066212771,849.9669744825129
5406,Lmna,77,842.5269808502774,1114.0907286037154
5407,Idh3g,66,843.3370847732092,1092.6662594934774
5408,Zyx,271,846.0300614912107,945.7971049198416
5409,Jun,70,849.1506889886031,858.5408660215843
5410,Cebpd,12,850.0919379002914,887.4281334856596
5411,Jun,70,849.8918702593135,848.2810267718719
5412,Cebpd,12,850.4054089728493,870.8155137651065
5413,Zyx,271,853.4184357331922,879.9530909974609
5414,Lmna,77,854.6925484686595,894.8550527852774
5415,Cs,20,858.2171772122546,1066.2642077439796
5416,negative_control,1365,860.6823918379562,1110.738674406005
5417,negative_control,448,861.2437950054992,914.4778235835269
5418,Lmna,77,861.9317563853481,899.6351061403038
5419,Vim,261,861.6075298788884,900.5772978585115
5420,Rpl18a,187,862.7466205826623,899.6151332856849
5421,Zyx,271,861.2445592853118,909.0745429092532
5422,Ppp2r1a,151,864.5728083963212,1072.0739802129208
5423,Jun,70,865.5401457731908,1098.2730586093603
5424,Zyx,271,865.715257608991,1068.6019480386958
5425,Lmna,77,869.114413919921,1130.3714192092457
5426,Zyx,271,871.3321324691458,918.6152104865992
5427,Lmna,77,873.6908067515612,942.0174800470302
5428,Fus,47,876.5303520843609,1069.119781781989
5429,negative_control,1955,876.6390572870251,1068.3885400013803
5430,Ybx1,263,875.8666556279297,1073.1899052808535
5431,Vim,261,878.7772374666305,995.6683490314098
5432,Jun,70,877.8739631311146,996.3382840357456
5433,Zyx,271,880.1200178549254,1096.0528191098228
5434,negative_control,1820,885.8841925424911,1121.9511528045616
5435,Ywhah,266,885.0783360608244,1085.071236070166
5436,Zyx,271,889.1727472973095,1111.220367341306
5437,Lmna,77,889.4050254829351,1135.037373851191
5438,Tomm40,235,538.0411490332558,805.2995899875
5439,Mrpl37,99,552.4942824082727,849.230771216193
5440,Tomm40,235,569.6249573365814,835.575362477546
5441,Nr2f2,129,572.3249188500467,778.9214443595272
5442,Nr2f2,129,576.0077234397882,833.760776793751
5443,Nr2f2,129,577.2018604074792,811.8973937474996
5444,Snrnp70,210,577.0209997890234,810.7004499406873
5445,Ubxn1,253,578.0801794524536,799.3642333393742
5446,Tomm40,235,586.6879538106573,812.2182481836944
5447,Ubxn1,253,596.7883322464867,892.6801163638196
5448,Tomm40,235,602.2668905683745,828.422944538831
5449,Nr2f2,129,602.9947269804434,848.16539973813
5450,Nr2f2,129,603.8697022085241,756.0204829646207
5451,Msn,112,621.7121424929567,846.1633556392146
5452,Ubxn1,253,625.7065634444511,831.2991194289392
5453,Nr2f2,129,644.2599537573417,797.4940821522754
5454,Ubxn1,253,646.8585905861732,848.578199019743
5455,Tomm40,235,651.9142170250851,771.3927742591331
5456,Tomm40,235,657.0944909831896,792.9350632596125
5457,Nr2f2,129,658.9267872668597,776.0720511963995
5458,Nr2f2,129,662.7462349252037,842.4845062702464
5459,Ubxn1,253,663.3235967987654,790.5628614168385
5460,Nr2f2,129,665.3972633660569,773.1422720483372
5461,Tomm40,235,667.0084729875463,779.4210571613322
5462,Nr2f2,129,668.4655690518374,809.2320004265507
5463,Ybx1,263,670.47922106625,824.1212625804741
5464,Vim,261,671.3286510112197,822.9820866823104
5465,Tomm40,235,682.7972631010373,800.057742085593
5466,negative_control,1549,688.0178773684199,823.7453621570495
5467,Nr2f2,129,703.0246310304206,812.7856385812604
5468,Hdgf,56,705.0377776102373,758.8466064798172
5469,Timp2,229,711.5007580716699,798.0524991397241
5470,negative_control,1307,718.2164329720904,749.0624517703206
5471,Tomm40,235,721.2995499029093,818.2798505286648
5472,Msn,112,722.064470518108,822.0306944576639
5473,Nr2f2,129,722.775418339992,764.4706110406402
5474,negative_control,847,722.7869449107066,834.6255461305069
5475,Nr2f2,129,723.3033439060926,780.5359762132802
5476,Vim,261,725.9425233082,901.1773599697271
5477,negative_control,1307,723.3759990057961,753.3909794752108
5478,Msn,112,735.6541018377119,949.740273857169
5479,Vim,261,734.7003048536344,888.2939251301132
5480,Tomm40,235,737.9606033331078,748.891535755953
5481,Tomm40,235,739.9700874308095,1010.6627031924796
5482,Csnk1a1,22,739.9342242466,732.8905182014884
5483,Nr2f2,129,743.8611508627828,727.2822286312303
5484,negative_control,1191,742.9063277910178,727.4205896492855
5485,Myh9,118,752.6442679653599,961.3259187458726
5486,Ubxn1,253,752.7491721812297,752.0076549513983
5487,Msn,112,757.1478330561939,723.5461285017618
5488,Tomm40,235,758.0712867808909,949.014743610604
5489,negative_control,1239,759.1289443322999,1017.6393782566654
5490,Ubxn1,253,758.7881757298371,877.2968375918537
5491,Rnf11,185,761.1723962979688,1007.1555568152112
5492,Nr2f2,129,764.3463891190074,981.9305539701396
5493,negative_control,1122,766.0818182279538,1015.1616753070792
5494,negative_control,1306,767.2598586038405,1034.3324479614146
5495,negative_control,1861,766.580025538716,815.141094059549
5496,Ubxn1,253,769.4146203527137,1011.9555669620684
5497,Tomm40,235,769.8236952777713,767.5129527506645
5498,Eif3d,33,771.4710420262586,927.4521200907602
5499,Tomm40,235,771.9585338221251,764.3977732793279
5500,negative_control,1307,775.8419352911949,842.820622809918
5501,Eif3d,33,775.7407314865288,866.71911150099
5502,Nr2f2,129,778.594911782735,714.6143405650425
5503,Fus,47,777.2530453693479,713.9293992490545
5504,Eif3d,33,780.5317528886571,763.8581541003489
5505,Ubxn1,253,784.1812646205125,714.6476141840142
5506,negative_control,1861,786.188488213767,884.0126235845681
5507,Psmc2,162,787.7928529845024,781.5987553633088
5508,Msn,112,789.1698495720348,727.3554725919673
5509,Uba1,250,790.2804501278079,727.6937903779625
5510,negative_control,378,794.6857669875485,786.3934631909304
5511,Eif3d,33,795.1566049849362,962.134828098105
5512,Msn,112,797.9137249431947,765.3383420317517
5513,Hdgf,56,800.4415734154408,758.1329962286668
5514,Rpl15,186,805.1382836197255,847.7288846102623
5515,negative_control,276,809.1942485678808,1098.0945613384822
5516,Ubxn1,253,809.2907090010034,754.3948165504404
5517,Ubxn1,253,811.7824602802864,1095.9530853416368
5518,Vim,261,812.8811182229618,777.070444183725
5519,Msn,112,812.6770618842115,777.1636447676394
5520,negative_control,1179,814.7437342589513,1102.5951885248717
5521,Eif3d,33,820.3264912404406,835.0679750746802
5522,Msn,112,821.8602426410416,1100.5749022843656
5523,Nr2f2,129,826.8691377479457,1061.813637076218
5524,Tomm40,235,829.3615164174914,879.8539573249368
5525,Tomm40,235,829.7847296159052,852.8142971488892
5526,Ubxn1,253,832.8809725910392,913.5826589344772
5527,Eif3d,33,843.0287581489052,897.8885993669273
5528,Lamp1,74,850.1742916310598,1038.922406082734
5529,Timp2,229,849.9248098670669,1040.0537621076885
5530,Msn,112,854.0687377327002,897.4240634523416
5531,Nr2f2,129,857.4998320802799,882.2110498540345
5532,negative_control,1086,856.7805450507327,1114.3282170101377
5533,Nr2f2,129,860.8153016614789,825.2584677121436
5534,Tomm40,235,870.858241998827,886.715840730783
5535,Vim,261,871.1134774637151,949.52128733545
5536,negative_control,1448,870.6465867674845,950.318057437476
5537,Msn,112,871.2132521942955,924.0192570664752
5538,Vim,261,870.4510299199233,799.9877705823174
5539,negative_control,398,873.5424173999374,965.3388271018206
5540,negative_control,1549,876.3119987360758,1130.325569298033
5541,negative_control,398,878.4953810688498,1055.8784959487543
5542,negative_control,1307,881.9208868917125,1097.3188495740046
5543,negative_control,1307,884.8286097141123,1101.425559721053
5544,Hnrnpul1,60,889.9030650057002,1151.044063163562
5545,Ubxn1,253,899.8434280176787,1130.2106421710782
5546,Ctbp1,24,550.2655992404316,820.2696592357523
5547,negative_control,664,566.4511098954329,844.1629465298691
5548,Ctbp1,24,572.5417637184685,781.7496992003408
5549,Eif4g2,38,579.353554271449,785.507042929813
5550,Eif4g2,38,601.1428941389928,853.752152031495
5551,Ctbp1,24,608.832989578807,771.5129108933447
5552,Ctbp1,24,654.9910879811687,823.3920050665204
5553,Eif4g2,38,670.7807193437145,780.854344146066
5554,Eif4g2,38,673.4677002033183,844.1537474226118
5555,Eif4g2,38,676.564380494525,825.7071592772986
5556,Eif4g2,38,688.3930088097028,841.2988473869875
5557,Ctbp1,24,696.080374029733,840.759350503577
5558,Eif4g2,38,702.4146692089832,826.3986639748744
5559,Eif4g2,38,704.6603392446024,804.6712180072551
5560,Eif4g2,38,709.9354555260876,863.0277645295678
5561,Eif4g2,38,711.8068454411142,807.461257426076
5562,Ctbp1,24,721.6378536922919,912.75770591901
5563,Psap,160,724.2438062713144,833.3109593800667
5564,Eif4g2,38,743.626872328929,1022.305740325394
5565,Vim,261,745.7978132060501,782.6251303715076
5566,Nap1l1,120,746.9199725563967,782.1181597545759
5567,negative_control,1251,753.3046287081102,995.980242505386
5568,Psap,160,756.4267815721818,809.8966037827435
5569,Eif4g2,38,760.8265974068414,720.8599707156905
5570,Psap,160,766.9206868969193,983.4743595002284
5571,Eif4g2,38,768.4186298991486,1038.3844271730886
5572,Psap,160,772.0414038905986,799.2578850809766
5573,Psap,160,775.8167387662425,936.8512070795329
5574,Psap,160,775.1579575045669,844.7969720348515
5575,Psap,160,780.4471911961264,779.0195884399617
5576,Psap,160,783.4034844763115,977.4893952029502
5577,Psap,160,786.3227466155748,842.1524856733997
5578,negative_control,352,787.5364281101848,723.3263870243172
5579,Fgf7,43,787.7142763894021,935.2708073282456
5580,negative_control,1016,788.1483843296323,883.5453826660998
5581,negative_control,1983,791.5113572953463,757.435235164557
5582,negative_control,1408,791.8848968856634,771.935070823783
5583,Puf60,171,791.1574991441158,994.5685471581075
5584,Psap,160,795.7923974497106,878.5810713627238
5585,Psap,160,799.1077341677087,817.557197016499
5586,Eif4g2,38,802.39369127237,781.5424792222401
5587,Eif4g2,38,805.182314059645,761.219503982741
5588,Ctbp1,24,807.1644818820848,861.421171101462
5589,negative_control,1127,807.0938705754023,1000.2241578577676
5590,Psap,160,810.6926726324718,811.4870523241091
5591,Psap,160,819.8529050138181,1104.5019474262322
5592,Psap,160,822.3772436319824,806.6156359018844
5593,Psap,160,834.996726629432,834.917517048356
5594,Psap,160,835.1694899624952,784.8439394266692
5595,Vim,261,836.8230204170518,844.7921476990768
5596,Psap,160,836.7663889326631,844.3844182496064
5597,Eif4g2,38,837.5887096928559,1046.023915293199
5598,Psap,160,841.9134615008165,1065.808425321646
5599,negative_control,1169,847.5714400846225,1068.8927216741251
5600,Psap,160,850.6260531452224,1056.8362376561972
5601,Xdh,262,859.8453046060602,1101.2812812766442
5602,negative_control,978,863.5521226736303,1112.265385323924
5603,Psap,160,872.5148162555697,1126.5035867125223
5604,Eif4g2,38,874.4617890907493,982.409356998274
5605,Psap,160,875.0191266343104,1082.776786452484
5606,Lrrc59,79,876.7238265140362,1138.2621653522103
5607,Psap,160,877.7313570642425,999.6000412074038
5608,Psap,160,878.0254506330502,1006.0536377670486
5609,Psap,160,887.8106335607752,1107.8644603271134
5610,Eif4g2,38,889.6807380564445,1150.0133581138048
5611,Rps15a,191,537.3958260647607,829.4244319408206
5612,negative_control,957,541.911441700599,824.8726063492079
5613,Rpl18a,187,546.9423105478777,862.9446829916703
5614,Puf60,171,555.7760685892321,768.4109718398013
5615,Rps15a,191,564.6351039759397,804.8823698462612
5616,Rpl18a,187,565.5380849145287,772.1065893746107
5617,Rpl18a,187,565.8715807256447,835.691817103834
5618,Rpl18a,187,573.7580864669005,807.3691951798644
5619,Rps15a,191,578.5320095615688,781.1998752716408
5620,Rpl18a,187,585.6892603478378,830.4782437932969
5621,Ywhah,266,600.2277438868947,861.6099968679455
5622,Rps15a,191,603.1440484863781,872.1328521432531
5623,Rpl18a,187,607.8027760297194,770.5321824189941
5624,Rps15a,191,608.8544481513759,779.5756085661775
5625,Puf60,171,614.8128367347206,836.9812385092655
5626,Ywhah,266,617.3187012622029,795.6230818650582
5627,Lamp1,74,618.0391350252978,866.5575873430976
5628,Ywhah,266,619.413307894565,801.5045872539606
5629,Puf60,171,629.2907099939313,790.0898192798523
5630,Rps15a,191,630.4974061280225,817.2023828488359
5631,Rps15a,191,633.7752172616226,839.2648714171811
5632,Rpl18a,187,636.7337952941643,836.4121486204265
5633,Rpl18a,187,637.171493760327,851.2503924298883
5634,Puf60,171,639.9088769499797,806.0331462336585
5635,Rpl18a,187,645.5858986171806,783.6149985552927
5636,Rpl18a,187,646.1166805900403,816.8421479989593
5637,Rps15a,191,656.9823956840146,842.700720003745
5638,Rps15a,191,661.6299198923718,818.6179503753639
5639,Prpsap1,156,667.9682379046045,812.6848333998262
5640,Rps15a,191,669.0139964063576,802.5218469521207
5641,Rpl18a,187,674.3495989032365,808.9609190223545
5642,negative_control,1087,683.8663127411128,817.1977128337811
5643,Rps15a,191,684.3422190905382,767.3626839526422
5644,Rpl18a,187,692.3057380387964,775.8606176196349
5645,Rpl18a,187,705.136485167066,775.3916029786658
5646,Ywhah,266,706.1343419192555,835.0646445848204
5647,Puf60,171,707.887428467627,855.2698013488322
5648,Rps15a,191,710.0113911945765,780.186554839971
5649,Rps15a,191,711.6659779300994,784.6115130877483
5650,Rpl18a,187,712.1683505474798,860.6939884774376
5651,Rps15a,191,720.1319689367879,812.5915526785955
5652,Sdc4,202,723.6407578586067,892.1332969701981
5653,Prpsap1,156,726.1165614485727,878.0701677831989
5654,Rps15a,191,727.1845361157896,825.4875303081737
5655,Rpl18a,187,730.2406184838247,847.8284862173082
5656,Rpl18a,187,731.3203248573336,821.8348790309179
5657,Rpl18a,187,731.727848478347,883.5851094564377
5658,Rpl18a,187,733.9317668564341,838.481812531745
5659,Rpl18a,187,734.7199981215936,784.18536502323
5660,Rpl18a,187,734.8765476075754,960.189126323788
5661,Rps15a,191,735.3527568305543,890.2984212925871
5662,Rpl18a,187,735.1696237367472,734.391572290692
5663,Rpl18a,187,735.1319881157383,994.4528631541144
5664,Vim,261,736.2957989661693,860.1634231240721
5665,Rpl18a,187,735.4245788020833,860.4469971969431
5666,Rpl18a,187,737.7634087830204,801.0658515614871
5667,Rpl18a,187,739.3018722915992,808.902503735525
5668,Ywhah,266,745.5727151896235,1004.0969388270906
5669,Lamp1,74,746.1869143706404,808.3102523469702
5670,Rpl18a,187,752.4507788155878,832.377017940248
5671,Puf60,171,752.7975852078882,884.6557472009742
5672,Sdc4,202,752.7100005862967,813.1904082230247
5673,Rpl18a,187,753.9001514429599,753.6171423484138
5674,Rps15a,191,758.1842312108926,1002.9540462444608
5675,Rpl18a,187,758.7432057832306,761.8380412918807
5676,Prpsap1,156,760.6995881070784,991.1766060945928
5677,negative_control,584,762.5246966270049,1030.999672524233
5678,negative_control,1551,761.8774940370333,990.3795403181904
5679,Rpl18a,187,763.3046469301867,1051.8104237269167
5680,Prpsap1,156,764.0664529349261,909.7550909967528
5681,Rpl18a,187,765.4924746469527,719.1232930934354
5682,Rps15a,191,767.3086613375673,800.7538028558603
5683,Rps15a,191,767.0144738552099,760.5807732156496
5684,Rpl18a,187,767.2081611410854,811.0064248016862
5685,Rpl18a,187,767.6915040975257,796.6612573571633
5686,negative_control,957,769.9265865322034,901.2755506280396
5687,Sdc4,202,771.0177333787082,768.8924646132156
5688,Rps15a,191,771.7181957583512,876.5635156764754
5689,Rps15a,191,775.3051586112681,838.6486759039503
5690,Rpl18a,187,774.7158346048943,762.5059460537747
5691,Rpl18a,187,775.9171657851075,1000.8689506466156
5692,Rpl18a,187,777.2847207496179,733.6036208974442
5693,Rpl18a,187,776.7949164380238,831.4038133779837
5694,Rpl18a,187,778.5801594093532,951.8572570044536
5695,Rps15a,191,779.6966995476832,749.9020672322138
5696,Sfpq,206,781.3788351596143,1025.9181949119095
5697,Rpl18a,187,783.0920260847093,972.691124000254
5698,Rps15a,191,782.4473641474244,717.0664771762958
5699,negative_control,2080,783.9509118061889,716.03961002986
5700,Trps1,243,783.8294205003667,1053.4263655136622
5701,Ywhah,266,786.8397826273989,852.4669502680964
5702,Rpl18a,187,786.5256329873523,866.7315940686589
5703,Sdc4,202,787.5197860221459,996.872740103621
5704,Rpl18a,187,787.0989121981,861.3861334069251
5705,Psmc2,162,788.5246484358418,744.4079884154398
5706,negative_control,290,787.3523394610518,743.4349395318695
5707,Rpl18a,187,789.1071144337512,850.7045203401567
5708,Sdc4,202,788.6155111781254,943.7778573320246
5709,Ywhah,266,789.4128287462913,983.3759842406514
5710,Rpl18a,187,790.9700816666569,744.0612451954648
5711,Rps15a,191,797.6931699517381,990.1393308529672
5712,Ywhah,266,797.4981576339545,867.3362160590173
5713,negative_control,1084,798.2202927678634,1030.7807691805824
5714,Trps1,243,798.5116798158067,908.3686567423814
5715,Prpsap1,156,800.2018347925573,755.3916536230947
5716,Rps15a,191,802.6488253929507,1087.4855861138356
5717,Rpl18a,187,803.479157300184,1000.8098982990751
5718,Rpl18a,187,803.8594341966492,787.9100896502624
5719,Vdac1,260,803.5886572503236,781.32664533055
5720,Rps15a,191,803.4569693847158,780.7484550838439
5721,Sdc4,202,804.7037956006385,804.4339854960333
5722,Rpl18a,187,804.8026771297641,1014.8948722253896
5723,Sdc4,202,805.0053767302641,849.5436860101661
5724,Rps15a,191,809.6221495609229,844.8467818118511
5725,Ywhah,266,808.8870718466553,1073.2295428778384
5726,Rpl18a,187,809.6815052357935,1029.9725564133296
5727,Rps15a,191,812.073547053232,967.5154319686466
5728,Ywhah,266,814.2623062506259,1100.2169546911332
5729,Rps15a,191,815.9084186831982,1102.718801935262
5730,Rpl18a,187,816.1340145292975,1120.3180542611049
5731,Rpl18a,187,816.2380524958984,862.2941389161788
5732,Rpl18a,187,816.636323514876,1051.430355973532
5733,Prpsap1,156,816.0395020384607,909.0203141428816
5734,Sdc4,202,817.9712973393241,1097.0244254623476
5735,Rpl18a,187,819.3741421351149,802.8100846000164
5736,Puf60,171,819.2905285901998,883.9547415643901
5737,Rpl18a,187,820.2958246479373,1075.9973481575116
5738,Ywhah,266,821.4404536764586,1109.06496972145
5739,Rpl18a,187,820.6903715584414,873.412014375416
5740,Rpl18a,187,823.1343766708947,976.6187437107104
5741,Rps15a,191,826.6174660387455,904.870518529627
5742,Sdc4,202,826.5332735408591,809.3292536912488
5743,Ywhah,266,832.6169186957773,793.2790759172505
5744,Puf60,171,833.8511520149029,901.7034897182456
5745,Sfpq,206,833.7385877985108,907.3308749648032
5746,Sdc4,202,837.6619940231146,802.5058547962898
5747,Sdc4,202,838.2838659530904,857.0731855129253
5748,Rpl18a,187,838.9822357356289,923.6736875472762
5749,Rpl18a,187,839.1979282760835,1079.373544353669
5750,Rpl18a,187,844.8365282376636,824.5881802630124
5751,Rpl18a,187,845.6950980051437,954.8055297626054
5752,Rpl18a,187,845.9181129149266,966.3606644075992
5753,Rps15a,191,848.3928422211055,872.4213598967594
5754,negative_control,920,849.0876999202319,1107.1536878661675
5755,Rps15a,191,854.210032008583,828.6897807897462
5756,negative_control,584,856.1553864458414,938.9366581632578
5757,Rpl18a,187,856.8205025331989,1076.967219999016
5758,negative_control,609,859.4761394284462,1060.8540347518992
5759,Rpl18a,187,860.2900644848334,1065.0754394740893
5760,Rpl18a,187,861.9105536542193,969.9090040274632
5761,Sdc4,202,863.2568527176893,918.7759084236292
5762,Ywhah,266,864.5174003736008,968.8324555668012
5763,Rpl18a,187,864.451467788582,929.801801916056
5764,St13,220,865.3206849370315,1067.274672877162
5765,Rpl18a,187,866.7152636686728,882.3885989887003
5766,Rpl18a,187,868.4797199368386,1128.1774819939687
5767,Rpl18a,187,869.9349616119117,1070.8376898686424
5768,Rpl18a,187,871.9198513415664,890.5680695456211
5769,negative_control,1694,872.4097119780417,1136.093884980012
5770,Rpl18a,187,872.9824988285612,1011.7148191555152
5771,Sdc4,202,878.7167959460141,1070.0188064275203
5772,Rpl18a,187,877.7221618345575,1111.8362129498812
5773,Rpl18a,187,880.3628613879981,1090.100003361698
5774,Rps15a,191,883.5318557705889,1098.1319811019855
5775,Myh9,118,887.0550294166942,1110.24932448778
5776,Rps15a,191,894.4764703062458,1140.7872840149416
5777,Arf1,6,503.455512050968,806.0214958638376
5778,Arf1,6,588.049615270277,764.4039984885131
5779,Vim,261,597.287829947272,801.9159599512587
5780,negative_control,1888,616.9815477498832,799.3560171787142
5781,negative_control,1865,616.3562017904022,799.4316101890809
5782,negative_control,1414,617.17828137016,798.5025175418299
5783,Vim,261,626.4382031070111,831.9499422738135
5784,Arf1,6,641.9120386082072,851.1864310170151
5785,Ndufs8,123,645.4177500980936,834.6671425394529
5786,negative_control,1425,645.8724656911332,808.2813749841406
5787,negative_control,1417,646.3646562615713,798.1704408468016
5788,Arf1,6,688.6260714638242,818.0464343566343
5789,Ndufs8,123,697.9992646490185,770.3711505675445
5790,negative_control,489,706.9245114507544,766.431374417709
5791,Vdac1,260,724.2862880547488,747.3667789146268
5792,Ndufs8,123,730.9893150124101,743.6442905597096
5793,Paics,137,737.4706503790479,766.3009210017594
5794,Ybx1,263,737.0841299728627,766.7649547129377
5795,Arf1,6,754.9196874307609,817.3866783040432
5796,negative_control,978,755.5441051361827,822.1922018746218
5797,negative_control,1425,773.3399441647483,728.4308457462496
5798,Arf1,6,774.2170224762904,818.1649250517441
5799,negative_control,1268,774.8886056109911,1003.2279811284606
5800,Vim,261,775.659835000261,898.2423463227271
5801,Arf1,6,779.5885304229794,996.1010131483876
5802,Sfpq,206,791.8008487853622,927.3360567676856
5803,Srebf2,215,793.8361198662951,1001.8923930518353
5804,Arf1,6,795.0705642280478,924.9173925635268
5805,Srebf2,215,801.0930176207023,911.5288822418496
5806,Ndufs8,123,801.8603574519449,871.0866737921476
5807,Arf1,6,804.8948960711925,805.425484719672
5808,Arf1,6,813.3748253067015,1108.167525491422
5809,Srebf2,215,813.8503221831483,787.1361778617477
5810,Srebf2,215,822.5938535507792,920.556482465877
5811,Ndufs8,123,826.2683562857972,1085.08020815275
5812,negative_control,1420,830.6785362821056,1052.3530736811745
5813,Srebf2,215,835.3088893166978,792.0715455573809
5814,Srebf2,215,835.23207788422,828.9901891352524
5815,Arf1,6,840.4119746195158,836.5646168234545
5816,negative_control,366,840.2399032079155,979.2291863216268
5817,negative_control,367,843.9043719887575,1008.3795503954316
5818,Arf1,6,847.1180412603478,884.4080102117284
5819,negative_control,1410,849.5582402687247,1042.4616657560814
5820,Vdac1,260,853.0450011738919,1114.2969114735308
5821,negative_control,1417,859.8310342310472,913.3027502112936
5822,Vim,261,861.7671181844486,1055.700488039691
5823,negative_control,377,867.0602416580934,1002.100805715869
5824,negative_control,1797,867.4973646623914,1003.533773575252
5825,negative_control,1412,873.5105328310368,994.1942596525132
5826,Arf1,6,875.9190069873505,981.8766868248448
5827,Arf1,6,877.6322214194281,955.2893378237496
5828,Arf1,6,879.5694994733849,1107.0335605606865
5829,Mrps18b,106,560.0693434072434,856.2891123484358
5830,Ndufv1,124,611.2153590339865,830.7533264754321
5831,Ndufv1,124,646.0031043234629,803.9469040112498
5832,negative_control,1675,648.4359592001101,802.4581313074725
5833,Ndufv1,124,651.9280445785598,777.2054647339758
5834,Vim,261,658.2080017851506,800.3002730652804
5835,Ndufv1,124,674.2074790310465,800.2996297852426
5836,Ndufv1,124,702.7526809773391,869.1594755018046
5837,Ndufv1,124,704.9013211888415,814.1570553047998
5838,Ndufv1,124,723.3624400782151,901.3776151823188
5839,Ndufv1,124,767.6455151158314,900.7581442671246
5840,Ndufv1,124,779.6552225982758,758.5968551083422
5841,Ndufv1,124,781.8991577160009,1073.0910643034977
5842,Ndufv1,124,811.3328831445697,762.3502410671491
5843,negative_control,909,832.5616999204835,909.9112404774684
5844,Ndufv1,124,885.8176717270246,1113.3784334083423
5845,Timp2,229,570.1951374340914,853.9278120403516
5846,Timp2,229,584.3790504262591,792.2287050185666
5847,Timp2,229,652.6679359999375,839.6521590907877
5848,Timp2,229,697.4287870715524,841.2014885018982
5849,Timp2,229,704.153840010383,807.3928217382447
5850,Nfe2l1,127,704.4799012444688,821.6152113296047
5851,Timp2,229,721.2341241623915,912.1314223913718
5852,Timp2,229,732.5421949272683,847.7536099797379
5853,Timp2,229,740.1720580270586,971.9663830166412
5854,Timp2,229,740.5897828793295,827.6294820700732
5855,Timp2,229,742.8573617286875,986.1875147757448
5856,negative_control,1194,746.1861874390809,1022.6937057260316
5857,Thy1,228,745.7714733115324,1023.8089552680758
5858,Ybx1,263,750.4196075295522,822.0371069154983
5859,Timp2,229,754.0077808180552,816.2678766091115
5860,Timp2,229,760.1929374826059,900.89542491774
5861,Nfe2l1,127,762.4676780322368,893.1785407042249
5862,Vim,261,762.8409849553398,733.2431856271875
5863,Timp2,229,766.4492648614806,1053.4735128028617
5864,Timp2,229,767.3697687640931,864.8450026269268
5865,Timp2,229,768.7382312640186,800.4949890501186
5866,Timp2,229,775.2706689719853,794.680833501512
5867,Timp2,229,780.9424819439529,823.8336161242393
5868,Ybx1,263,780.6780168129961,849.6883444749586
5869,Timp2,229,782.1098718757894,815.0764963748427
5870,Timp2,229,784.9462694623139,810.1910336286629
5871,Timp2,229,786.3903848878314,848.1152801901793
5872,negative_control,838,786.9055387767237,973.2151310602596
5873,Timp2,229,790.1932651803995,919.55561428768
5874,Timp2,229,795.1679684422459,992.03245884705
5875,Timp2,229,795.8640104874968,1000.5545786547956
5876,Timp2,229,795.2940082799126,813.5786883010351
5877,Timp2,229,802.3573949467443,929.1807640496842
5878,Timp2,229,816.733845950074,946.2893014110632
5879,Timp2,229,821.05742904505,898.5336926920385
5880,Timp2,229,822.3189428818647,784.6540625225821
5881,Timp2,229,824.3144973740849,782.2860901511526
5882,Timp2,229,828.695524876172,792.2480969605515
5883,Timp2,229,832.9453886488076,829.019727514897
5884,Timp2,229,834.5135685303228,1070.6823407413349
5885,Timp2,229,835.1703450145001,896.453483494967
5886,Timp2,229,839.6247225451415,848.7338770507087
5887,Timp2,229,840.5339269639649,876.9795784947256
5888,negative_control,685,842.6166667433447,1027.8446628374768
5889,negative_control,1755,848.9905078285362,905.768839052086
5890,Myh9,118,873.7640395986928,1063.5996238249722
5891,Timp2,229,873.2364141359211,1063.453530316013
5892,Timp2,229,874.3054118254121,1127.4143975973966
5893,Timp2,229,881.7477522721701,1028.1952219620212
5894,Trp53,242,884.154785615867,1124.6094435945238
5895,negative_control,1282,883.7207772849952,1122.1601833238003
5896,Sfpq,206,544.1396893076054,831.312823769676
5897,St13,220,555.8307671549541,860.7550095810454
5898,Ssrp1,219,576.4217717087032,799.7023098638388
5899,Ssrp1,219,617.9213670649274,827.2475124174427
5900,Vim,261,618.9556149374285,814.743594697057
5901,Hif1a,57,618.5012326706375,814.3901163519382
5902,St13,220,621.6450951720585,832.7228344950047
5903,Sfpq,206,622.3330988442526,827.3224711677631
5904,Xdh,262,626.4415875898518,823.2293831650937
5905,Sfpq,206,628.142743499237,772.8480658664008
5906,Ssrp1,219,639.5668817109402,766.3493172814533
5907,Csnk1a1,22,645.49166673021,822.6704490444101
5908,St13,220,647.9173199091302,790.3070500460085
5909,St13,220,652.3468998558568,805.9486730893439
5910,Clta,15,660.1989063779841,838.2403932820115
5911,Hif1a,57,670.2580767919799,842.8351456576119
5912,Mdh2,85,671.1975697902205,849.8616064518554
5913,Csnk1a1,22,672.5850286573427,849.9364522731257
5914,Ssrp1,219,672.6297348672706,827.9651052137817
5915,Sfpq,206,673.4134995498878,815.9695258746483
5916,Sfpq,206,676.2388733969468,849.7636676589027
5917,Sfpq,206,686.6065305480503,785.6611716348991
5918,St13,220,690.1512777884985,815.646019579541
5919,Sfpq,206,690.4526348509852,791.2640559391414
5920,Ssrp1,219,696.8035259097792,799.4115868858883
5921,St13,220,698.2295845694733,835.7441417780536
5922,Hif1a,57,702.1976463045428,817.9500713240286
5923,Ssrp1,219,704.2554822921581,797.5785316604745
5924,Sfpq,206,707.471396914933,814.4369392040873
5925,Sfpq,206,721.9533375205751,821.6445984803988
5926,Sfpq,206,726.2853119220806,937.1036154009116
5927,St13,220,726.2385298222483,820.9766265823034
5928,Sfpq,206,728.7752348105525,905.1774664961868
5929,Ssrp1,219,729.4318158465891,977.2846040845176
5930,Sfpq,206,730.3849424800119,989.45925298998
5931,Csnk1a1,22,731.525083323857,736.8894832966712
5932,Ssrp1,219,733.5294117476909,843.5542440557922
5933,St13,220,734.6849463919468,983.6984359888032
5934,Sfpq,206,737.881682894599,1010.473436942224
5935,Ssrp1,219,740.2145866307493,944.1552482654968
5936,St13,220,743.0664228190274,811.1227538092073
5937,St13,220,743.9134498851859,806.1409748918763
5938,Sfpq,206,745.201970851311,881.5862612644445
5939,Spon2,213,748.0793677181838,868.3121430945106
5940,Kars,72,752.3414041849912,752.948479902202
5941,negative_control,1690,757.3796779564723,759.1441666456851
5942,St13,220,758.1443100768583,972.5166730673652
5943,Spon2,213,768.6711469452059,833.2612598303257
5944,Mdh2,85,772.489871035094,1059.8318299679297
5945,St13,220,772.0722434147051,714.7108327594174
5946,Hif1a,57,773.396065966007,820.0944141478142
5947,St13,220,774.7620988185495,1055.408158761169
5948,Sfpq,206,775.3419108102087,795.3339047621155
5949,Sfpq,206,776.7943318280769,731.8559492696925
5950,Sfpq,206,779.208248290674,796.6438279671149
5951,Csnk1a1,22,779.8660323317029,980.9240224667188
5952,Sfpq,206,780.504212288461,720.1692420562276
5953,Sfpq,206,780.9102778383606,920.3989173525638
5954,Sfpq,206,781.3514064283224,958.1057318034711
5955,Sfpq,206,784.3362595607451,778.3270693924915
5956,Ssrp1,219,785.5938441064368,927.2158863094966
5957,St13,220,787.3271966461904,1071.6588917001409
5958,St13,220,788.0607530975368,847.8556787036616
5959,Ssrp1,219,788.1117340199265,943.9014059648612
5960,Spon2,213,791.6101750561406,773.7668858672384
5961,Hif1a,57,791.9917701195436,1010.4963336181376
5962,Sfpq,206,794.0906266870068,765.2060166316996
5963,St13,220,795.0020028592319,756.5858474207744
5964,Spon2,213,797.3856929838322,877.7698939627
5965,negative_control,1691,799.7015853255301,1016.645849783624
5966,St13,220,803.0439536323925,825.1903341361375
5967,Sfpq,206,803.1802292910347,972.8090518079484
5968,Sfpq,206,803.9003950773495,771.8006663378204
5969,Sfpq,206,806.8623171978641,925.055229586199
5970,Spon2,213,810.2201546504834,845.3195179175514
5971,Sf3b2,205,811.1705487147682,996.2448692696786
5972,Hif1a,57,813.7750693205344,839.6604364084574
5973,Ssrp1,219,818.2848101045146,980.4625564338878
5974,Ssrp1,219,819.2834687939426,805.6860959820633
5975,Ssrp1,219,820.8785658238814,916.4392214750654
5976,St13,220,822.2970266244586,779.6796332347052
5977,Csnk1a1,22,822.6465073065993,823.6429363225234
5978,Sfpq,206,824.5513991708068,788.9158482587488
5979,St13,220,825.273355982782,1093.9447744320864
5980,St13,220,826.2507287638407,1057.7050465655168
5981,negative_control,1543,860.4795092546526,880.500876276013
5982,Csnk1a1,22,862.4893457657486,900.9507537092944
5983,Sfpq,206,866.0529958210566,804.3833497890587
5984,Ssrp1,219,872.7929046138084,1096.3078858400154
5985,Ssrp1,219,872.1370081179589,1071.9031922631077
5986,Csnk1a1,22,878.2062272997163,1055.441530363673
5987,St13,220,878.591688692009,1077.0587826697026
5988,Sfpq,206,880.4262677536128,1066.5141858768252
5989,Ssrp1,219,883.2449078986144,1135.6578043446953
5990,St13,220,883.3308753690733,1085.908173106092
5991,St13,220,897.9702583720042,1148.4357783335706
5992,Ran,178,579.5835886758755,801.8440533683479
5993,Ran,178,604.5973113611437,879.7650291425217
5994,Lamp1,74,605.5693062116727,775.8156125068477
5995,Mdh2,85,612.4553642476137,787.7095988385602
5996,Vim,261,613.8240001983112,787.7348768937918
5997,Lamp1,74,612.3251841999794,791.7272033934462
5998,Ran,178,617.9623994227431,783.8079805233667
5999,Cs,20,621.0111397300301,766.0498156552621
6000,Cs,20,645.8230596969097,772.7400468225251
6001,negative_control,1300,648.2841838605194,790.5479053469865
6002,Ran,178,649.2918891631925,808.4512313273776
6003,Pla2g4a,145,652.9924354330506,829.1614256699866
6004,Pla2g4a,145,659.9776212871338,820.5241532469845
6005,Ran,178,661.1909286402047,771.1334073977482
6006,Pla2g4a,145,694.2324919645707,842.1854658765344
6007,Ddx17,26,699.7038800310384,815.4230941094925
6008,Ran,178,702.6981602982444,784.7872920218374
6009,Lamp1,74,709.0018237788668,831.0380124718172
6010,Cs,20,712.5248854827893,841.8211008951832
6011,Lamp1,74,717.566128522111,823.3923101778862
6012,Lamp1,74,725.521916180602,815.2379454383477
6013,Lamp1,74,725.8023785532631,823.663547815609
6014,Pdia4,141,727.1492608146418,854.8520753197857
6015,Pla2g4a,145,728.0895124542487,827.4399011879568
6016,Lamp1,74,737.8393777077363,829.174188902427
6017,Lamp1,74,739.9070453847216,887.9789860233366
6018,Cs,20,742.3539101355235,832.4440927797809
6019,Lamp1,74,745.2057489550482,984.6343851314954
6020,Pdia4,141,746.2013867874056,949.7897517854024
6021,negative_control,1607,748.6282016125891,896.0098441189839
6022,Lamp1,74,752.8926718010066,974.911666819707
6023,Lamp1,74,754.6101103221052,817.0854510584411
6024,Ddx17,26,756.1022469523652,932.0901726509858
6025,Lamp1,74,762.4477860307557,840.167490594765
6026,Cs,20,766.9734962478137,984.6721571614188
6027,Lamp1,74,767.5164414220324,1020.080081134394
6028,Lamp1,74,768.3473250701722,831.467027448417
6029,Ddx17,26,775.115085206098,735.4512763967344
6030,Lamp1,74,777.1372493870069,816.9087392146339
6031,negative_control,1289,778.598465317451,1062.8884934040072
6032,Ran,178,780.3532631832891,1026.992068351042
6033,Lamp1,74,787.2604736419041,783.3853005348985
6034,Lamp1,74,787.2245498641896,1074.201795147751
6035,Lamp1,74,787.23081500754,775.7140255783936
6036,Lamp1,74,790.3509895903201,839.4219868809573
6037,Ddx17,26,791.073585040244,944.4995583683173
6038,Pdia4,141,797.5601291387542,963.9248286978732
6039,Lamp1,74,803.777631069438,867.0530167593216
6040,Lamp1,74,805.2224174059728,1078.5052648976298
6041,Ran,178,806.1906048887458,919.5718008271384
6042,Lamp1,74,810.5844463553473,814.9801292280524
6043,Lamp1,74,810.6666475142936,843.3123969527627
6044,Lamp1,74,814.8469946179384,886.5632459793462
6045,Lamp1,74,817.3749043565747,1102.1041063499767
6046,Ran,178,818.3355230220461,780.2455762525695
6047,negative_control,1298,820.0855759760286,903.5944746188948
6048,Lamp1,74,822.7016052681832,781.4861946152182
6049,Ran,178,826.2451897310684,867.0712519236873
6050,Cs,20,828.4592795190498,870.6601079926501
6051,negative_control,1287,834.3788414827027,812.5708439207759
6052,Lamp1,74,840.2604021466668,789.6551042072596
6053,Cs,20,847.6544309385895,806.2290821894651
6054,negative_control,377,852.8125459686762,1103.5302244253753
6055,negative_control,377,852.2769833201833,990.7098773865544
6056,Cs,20,856.1226760702222,1122.4625968121177
6057,Lamp1,74,859.9815113356078,1043.9743674233316
6058,Lamp1,74,871.6100025754066,939.721097133722
6059,Cs,20,873.1627368357995,810.7901064688084
6060,Pdia4,141,874.2910635876046,998.182422498582
6061,Cs,20,876.0473813088506,940.3692470400008
6062,Lamp1,74,877.1180934280326,1005.7719807017244
6063,Prmt1,153,538.5653015626348,841.1882495712134
6064,Cct5,10,542.0798704312202,822.2019382849695
6065,Prmt1,153,544.4943845038829,772.1370823142455
6066,negative_control,788,553.3881788180595,840.9842673661499
6067,Ppp2r1a,151,557.502815510983,841.9954054482598
6068,Ppp2r1a,151,565.9788990678808,842.8584900330707
6069,Cct5,10,566.7130428267342,820.370881324843
6070,Prmt1,153,570.8366226769803,830.9216436248123
6071,Cct5,10,581.4326532287378,833.8699390844108
6072,Prmt1,153,585.1610180578092,855.1637667820088
6073,Ppp2r1a,151,589.8920800226517,854.7057009064484
6074,Zfp36l2,270,590.4737553381068,813.4992910677172
6075,Maged1,82,601.9040787687883,814.9374815638482
6076,Rnf11,185,603.777772261905,823.0788890275651
6077,Cct5,10,604.6414247668538,778.507516452758
6078,Ppp2r1a,151,613.2433227755263,816.90267089795
6079,Psma7,161,615.6769928075116,806.0259539371848
6080,Myh9,118,615.163859021698,806.0035809402759
6081,Zfp36l2,270,620.8851527158424,775.1186923775401
6082,Ppp2r1a,151,628.5935366155637,837.4480611480675
6083,Ppp2r1a,151,631.5446176746409,848.0267022184872
6084,Rnf11,185,644.7252477291798,770.4550592879314
6085,Ppp2r1a,151,658.3451918795831,787.5887543819218
6086,Cct5,10,659.1134743144848,832.1304252713297
6087,Cct5,10,659.0133001990021,840.3672726801134
6088,Ppp2r1a,151,669.4865508911831,850.7829787117576
6089,Rnf11,185,670.8786181970426,790.7292573251134
6090,Cct5,10,671.3331387897292,779.3303354524477
6091,Sf3b2,205,670.5760518445394,840.491577906208
6092,Cct5,10,677.8156326326866,781.0696819632011
6093,Cct5,10,687.7655638213573,765.3129547437359
6094,negative_control,790,690.1183834703929,770.481523434045
6095,negative_control,1086,704.5506854913667,794.5499536804864
6096,Prmt1,153,713.4997155920222,859.6520863999514
6097,Zfp36l2,270,720.2845815421459,847.3164226916838
6098,Cct5,10,719.8590507471324,762.2450734862581
6099,Zfp36l2,270,721.3915419092832,861.6136183294315
6100,Ppp2r1a,151,722.6976427999043,788.1970807057256
6101,Rnf11,185,724.4361316480986,791.281925628027
6102,Fkbp9,46,723.9731296776738,785.2558807584935
6103,Zfp36l2,270,723.5053930869267,784.7075949921398
6104,Rnf11,185,727.512740574411,992.7323508973808
6105,Cct5,10,728.7256722131086,743.8952399127837
6106,Prmt1,153,729.9101530470407,809.6491004384228
6107,Rnf11,185,731.2338066927434,985.6343073504356
6108,Cct5,10,739.0821049822243,976.4706657009089
6109,Ppp2r1a,151,744.1224228251617,1002.3825137793332
6110,Cct5,10,745.1505813409954,866.2881595367387
6111,Ppp2r1a,151,749.2767319060675,750.4645173343833
6112,Cct5,10,750.7165402502924,999.2002754056626
6113,Vim,261,749.3172852437045,995.1400476246762
6114,Prmt1,153,755.7426376111604,734.9931507193148
6115,Cct5,10,756.0504442793128,747.0859362601882
6116,Cct5,10,758.5678657953288,935.5447385350152
6117,Cct5,10,759.8768255605991,725.2811176268306
6118,Prmt1,153,760.3934563683315,751.1134113816247
6119,Cct5,10,760.8291592638642,843.4835707895814
6120,Cct5,10,763.7489248878414,811.038893363021
6121,Rnf11,185,772.0045529078636,1049.06488463823
6122,Ppp2r1a,151,771.639674490555,964.6754137267436
6123,Cct5,10,776.8856046451299,1046.090683710826
6124,negative_control,1561,778.3851164402067,922.6510249199746
6125,Ppp2r1a,151,779.0024993646828,1028.6226667879807
6126,Prmt1,153,779.5000697341567,1070.5649269309718
6127,Prmt1,153,781.9811840288382,709.9074854571415
6128,Rnf11,185,783.8800116603377,872.9121347910739
6129,Ppp2r1a,151,802.6487981920177,1030.1043443078534
6130,Ppp2r1a,151,802.6188859046663,1043.3580033261846
6131,Prmt1,153,803.2955396521623,804.6020890106995
6132,Ppp2r1a,151,805.1300792349581,743.1796659796428
6133,negative_control,1380,805.7577060130606,1055.9685597827663
6134,Prmt1,153,806.8308228077545,908.9590078792716
6135,Cct5,10,809.4715762688057,1094.2475274484168
6136,Ppp2r1a,151,810.093871615016,1068.6149428262988
6137,Ppp2r1a,151,812.2838983347839,988.5173680318896
6138,Ppp2r1a,151,816.245393237537,1013.5407806471142
6139,negative_control,615,817.2800826853735,1079.1128570876194
6140,Rnf11,185,817.9786767101316,1012.094904776925
6141,Ppp2r1a,151,819.90671773102,781.8051591922203
6142,Rnf11,185,820.2013303105232,985.3794997440316
6143,Cct5,10,823.1660752802347,1105.7408597992426
6144,Cct5,10,822.7396203520275,1050.506627033731
6145,Ppp2r1a,151,823.6598953017041,1074.589483302505
6146,Rnf11,185,826.5574152057955,861.5179166908624
6147,Zfp36l2,270,831.2303021300204,812.6853761243668
6148,Prmt1,153,831.0051242405186,1051.7660352224789
6149,Ppp2r1a,151,832.7914726657889,1000.5336026520074
6150,Rnf11,185,832.5652498246995,1082.5859790894535
6151,Prmt1,153,832.6586169538456,906.6585450443508
6152,Cct5,10,834.0767162828776,1064.2582053862625
6153,negative_control,1561,835.779709620754,898.6237488680046
6154,Cct5,10,837.5693826320978,881.1103897735646
6155,Cct5,10,838.8120866366004,1097.4838770935337
6156,negative_control,1245,838.579144804776,1098.103067498133
6157,Ppp2r1a,151,838.791651340432,1093.2512580217574
6158,Cct5,10,843.2167114111357,1094.0192466303724
6159,Cct5,10,848.4280752046056,1025.53755535326
6160,Ppp2r1a,151,855.6707584126616,797.842427686004
6161,Ppp2r1a,151,854.8735327096614,1037.0954933242158
6162,Ppp2r1a,151,857.8936751166268,998.1601354335722
6163,Ppp2r1a,151,859.1911148515651,1039.9979623886038
6164,Ppp2r1a,151,867.9715302899326,906.804254583414
6165,Rnf11,185,870.1327926217566,912.028484284394
6166,Zfp36l2,270,870.858223583522,1000.0188807270314
6167,Cct5,10,870.9570877624261,1086.180833762773
6168,Prmt1,153,876.4502818333626,1023.3586739645676
6169,negative_control,305,883.3946394434672,1093.693142746486
6170,Rnf11,185,883.751095527711,799.6257562870724
6171,Mdh2,85,558.9349048098051,826.9322024847578
6172,Sae1,199,564.6438294999126,848.894029837285
6173,Mdh2,85,574.8015579567264,786.9724348309057
6174,Vim,261,582.7852236249003,853.8349836761633
6175,negative_control,395,609.7033703784471,802.1748104951694
6176,Mdh2,85,619.2969748498926,810.003905857615
6177,Mdh2,85,620.1139077780175,764.8612768509922
6178,Mdh2,85,643.030828773288,781.2098576250858
6179,Tmbim6,230,654.2907309950814,768.9598552455344
6180,Sae1,199,654.6991427796099,824.0767831647854
6181,Nucb1,131,662.5945622896045,791.3782169426315
6182,Pcdhgc3,138,671.135063045456,775.2793298629299
6183,Nucb1,131,684.9957546490666,802.3824858881135
6184,Mdh2,85,699.6426389200515,776.0804106729377
6185,Mdh2,85,706.9069732893404,803.6826509959999
6186,Pcdhgc3,138,708.8596116592173,876.2333186298497
6187,Tmbim6,230,711.0227534846355,837.962062361672
6188,Tmbim6,230,714.4446032320857,882.0018505188286
6189,Mdh2,85,720.7398256307202,884.0926053847365
6190,Mdh2,85,722.0895413952317,783.209141616319
6191,Tmbim6,230,728.5785134843593,844.3779724837052
6192,Tmbim6,230,733.1132689385494,835.5833696850327
6193,Tmbim6,230,734.7276827855976,926.0163563694844
6194,Tmbim6,230,737.869398282018,903.43339162982
6195,Tmbim6,230,738.0850686706849,955.7339111819684
6196,Pcdhgc3,138,741.8960626300898,841.1310628675186
6197,Mdh2,85,742.1943629388288,809.0045598005564
6198,Twist2,247,743.8630187140341,765.5262941887897
6199,Mdh2,85,746.6071436679999,728.1081085358119
6200,Vim,261,747.9016001328508,739.3339465061661
6201,negative_control,711,747.1046989351162,741.4829374804251
6202,Loxl1,78,747.2503379358075,873.2402187267994
6203,Tmbim6,230,748.840740968029,841.9281958795821
6204,negative_control,712,748.6729961634051,832.190487028441
6205,Tmbim6,230,749.4745229781735,862.5302645969257
6206,Sae1,199,751.6348045926495,743.2972736950665
6207,Pcdhgc3,138,752.3238298877111,990.2399291147676
6208,Nucb1,131,753.6110588196885,862.9214351274975
6209,Tmbim6,230,754.5981567339288,831.8193125514329
6210,Nucb1,131,756.4918348789553,852.8947693798282
6211,Nucb1,131,758.2125554828929,951.4198782935084
6212,Pcdhgc3,138,765.3099335194624,757.8239365725594
6213,Loxl1,78,768.2480760670056,800.015353241515
6214,Mdh2,85,771.5167124902802,727.9695802886149
6215,Nucb1,131,771.6612408816923,971.3794697664782
6216,Nucb1,131,773.2982588916016,981.0036549702428
6217,Pcdhgc3,138,776.292820572377,803.351575245774
6218,Pcdhgc3,138,780.7961373187336,796.6523396009114
6219,Sae1,199,783.8869466772836,793.828086889893
6220,Nucb1,131,788.5521445293226,765.9628998743598
6221,Pcdhgc3,138,790.6901372657504,822.3922742088711
6222,negative_control,1159,791.6417228773914,1067.2721889265376
6223,Loxl1,78,791.5298892282929,1008.8561728472456
6224,Pcdhgc3,138,796.1620470866313,942.3195379606248
6225,Loxl1,78,796.5258985276884,787.8051270236546
6226,Mdh2,85,797.1529303560715,987.0495920374764
6227,Loxl1,78,798.2900533090983,970.3298654275052
6228,Nucb1,131,805.4533537143852,875.6593571855208
6229,Loxl1,78,806.1968874717467,843.1512215039198
6230,Loxl1,78,807.6646745558892,948.1021999465296
6231,Tmbim6,230,808.4161631843584,1078.8066476375727
6232,Nucb1,131,810.2198246917078,970.576957161985
6233,Mdh2,85,810.9093067754366,799.9854539050318
6234,Loxl1,78,810.9593085332239,841.2741779226108
6235,Mdh2,85,812.772051115359,787.772523545457
6236,Mdh2,85,814.1984111042855,983.8307185278944
6237,Tmbim6,230,814.9246570799265,777.0982813760199
6238,Sf3b2,205,814.9285599248449,1077.399149648485
6239,Nucb1,131,817.2611315108051,1080.5296518512164
6240,Mdh2,85,826.6366712647894,778.1254221180842
6241,negative_control,394,827.5061619829453,1029.010189189962
6242,Tmbim6,230,827.6621023224344,809.6932975335445
6243,Pcdhgc3,138,835.2899625261284,785.7142780232479
6244,Pcdhgc3,138,837.3220763892724,1041.368437749741
6245,negative_control,383,839.1083852435629,984.9182463119174
6246,Mdh2,85,843.7405131665796,894.452865427058
6247,Tmbim6,230,843.4507739927967,800.294504999403
6248,Sae1,199,846.7067292773722,1123.2222322585735
6249,Nucb1,131,846.3563603454465,850.498302033367
6250,Mdh2,85,848.9140357326885,903.5142622027612
6251,Sae1,199,852.4050163316464,870.774165875452
6252,Nucb1,131,853.10606813354,1010.6354685836816
6253,Sae1,199,854.0946154542736,856.2147520748582
6254,Tmbim6,230,858.141381236737,870.8414823949353
6255,negative_control,1159,858.0272167702493,880.9699843297997
6256,Tmbim6,230,859.2366864002332,805.8705686370631
6257,Pcdhgc3,138,859.0531824732464,1089.3245625002942
6258,Tmbim6,230,860.2417414115487,886.073278080359
6259,Tmbim6,230,863.3344774155353,989.9530981155896
6260,Mdh2,85,867.3936969187276,891.742304588791
6261,Mdh2,85,871.3196400179935,901.8860394972962
6262,Sae1,199,879.3348250098438,1142.73869770811
6263,negative_control,866,884.2733606670473,1050.000529382099
6264,Sae1,199,885.0394521603332,1070.9739139481874
6265,Maged1,82,885.1007817247391,1130.286381538341
6266,Mdh2,85,886.0117013019892,1130.7943379362328
6267,Myh9,118,886.1935804536417,1129.8857699438363
6268,Mdh2,85,890.7387352996052,1163.9269243867318
6269,Sf3b2,205,574.3899988546832,829.5859981276813
6270,Lrrc59,79,583.6187937152562,795.1181984765136
6271,Lrrc59,79,590.1119202014886,795.717437437001
6272,Mrps18b,106,590.2791691527283,835.8558105939649
6273,negative_control,802,602.5017900848702,788.9547004981437
6274,Myh9,118,605.9838795388209,833.1861429549579
6275,Myh9,118,617.6338515412181,789.991804408538
6276,Twist2,247,616.6113019230745,787.6904257035594
6277,Myh9,118,628.2413526312329,774.4218912794755
6278,Myh9,118,641.2480511553919,767.0085549969449
6279,Lrrc59,79,644.4223575248811,772.202692857676
6280,Thy1,228,645.6497188000255,819.9163785876201
6281,Lrrc59,79,651.5518548404807,836.8677039948078
6282,Myh9,118,663.1507441120871,812.6590949383515
6283,Myh9,118,663.5475595872399,831.5877275798589
6284,Thy1,228,665.509964557377,794.0538978503416
6285,Myh9,118,669.6854069110146,804.0801990608882
6286,Myh9,118,670.9526314128545,785.5674515443934
6287,Ptgs1,169,688.4841692457508,832.7308707864985
6288,Mrps18b,106,690.4154713522175,854.1891506302677
6289,Fkbp9,46,693.4576774284188,834.7141223162918
6290,Ssr2,217,697.6614490846081,824.8094315300559
6291,negative_control,1570,701.397251614279,811.7925746363504
6292,Myh9,118,702.3208402386949,782.3022439909121
6293,Ssr2,217,705.0227644063343,826.3732900537643
6294,Lrrc59,79,710.0968642199518,762.9629853213792
6295,Lrrc59,79,709.5178947619794,844.3991368371892
6296,Psmc2,162,710.5348863432479,877.1185371141994
6297,Myh9,118,712.0639534463711,810.2783276969619
6298,Lrrc59,79,714.1437595166468,802.7801606950136
6299,Myh9,118,720.3726146313386,810.8893718338436
6300,Lrrc59,79,728.0701144079363,878.5665000901718
6301,Lrrc59,79,731.8294401153817,882.9895001829216
6302,Ssr2,217,731.8699986987692,949.0387914268482
6303,Myh9,118,734.8006418379921,736.7946228377043
6304,Thy1,228,734.5466492859163,830.4734672596092
6305,Myh9,118,735.7296967099473,836.743187592216
6306,Myh9,118,738.1645397257156,981.4741506839144
6307,Ptgs1,169,739.1770000610809,970.7531850004744
6308,Myh9,118,743.2732874758327,938.550362085996
6309,Myh9,118,747.8607947702404,810.7115771442428
6310,Ssr2,217,748.2717835249862,1027.3159130614565
6311,Mrps18b,106,751.1600212023837,803.16386227718
6312,Ssr2,217,751.1970499007324,891.2043445133376
6313,Myh9,118,752.8452093748701,945.503865552616
6314,negative_control,951,756.3242879940486,742.8764484520493
6315,Ssr2,217,757.7967022785951,944.4756938375994
6316,Lrrc59,79,759.2220637811225,764.8949861259625
6317,Thy1,228,761.7533293286731,870.3875457964074
6318,Rps6ka3,193,762.099154727936,1012.2554633691811
6319,Ptgs1,169,767.3011970140142,926.5844426420712
6320,negative_control,802,768.6714859868335,995.5069150414612
6321,negative_control,1568,771.8141630251706,757.0626245424489
6322,Fkbp9,46,772.2588355560321,991.059421547217
6323,Thy1,228,778.8534113784282,888.014567487616
6324,Lrrc59,79,781.1045769938196,864.1702120270561
6325,Lrrc59,79,781.8610113810772,786.9039225159546
6326,Thy1,228,783.1274945477421,819.4187963096192
6327,Thy1,228,783.8738049741819,825.5172383911165
6328,Thy1,228,787.3451071930328,840.5041723950302
6329,Lrrc59,79,787.3201546837597,822.0854865784479
6330,Thy1,228,791.5000900514012,782.7415321574188
6331,Thy1,228,790.3164444360323,1022.1542239290744
6332,Myh9,118,792.2960691502698,895.7412397592066
6333,negative_control,1570,793.114611080638,1083.3993043766616
6334,Thy1,228,794.3759683586806,807.2120212580714
6335,Myh9,118,795.1789967427227,774.1511643769486
6336,Fkbp9,46,798.1424094539617,794.9119515274402
6337,Thy1,228,799.4600740738495,982.4181312601128
6338,Thy1,228,801.1922737390178,823.7201652086255
6339,Fkbp9,46,800.9014210260133,888.5033129401024
6340,Thy1,228,801.5941509897824,802.4960361638516
6341,Myh9,118,809.110824738235,1080.0291430586065
6342,Thy1,228,814.3903502946679,896.0879700033302
6343,Lrrc59,79,817.7576277921668,1004.0758636749551
6344,Lrrc59,79,823.3940696117003,1025.6514582467355
6345,Mrps18b,106,825.0955789673997,1008.467172841206
6346,negative_control,1569,830.8307802908485,1062.4274653991954
6347,Lrrc59,79,831.0589640114474,1027.317584940629
6348,Thy1,228,843.6766424148823,1030.6760613255146
6349,Mrps18b,106,845.0941908200905,857.9186698133984
6350,Thy1,228,848.08024194929,854.8156908518301
6351,Myh9,118,849.7517283232112,830.8998403731913
6352,negative_control,802,852.7083283570893,836.7790051189984
6353,Myh9,118,854.4811516625055,1119.9356929099845
6354,Ywhae,264,866.4634090144768,890.4814700012507
6355,Lrrc59,79,867.3689688774559,891.1612374155495
6356,Fkbp9,46,867.628624460824,1022.0754118915088
6357,Lrrc59,79,869.3161395978818,1075.1820418175755
6358,Lrrc59,79,869.2834969632434,1081.5221283988408
6359,Myh9,118,871.0620129282928,1109.3595816509123
6360,Mrps18b,106,873.5380916518757,1031.854644122236
6361,Thy1,228,876.5483054541977,996.525197239325
6362,Thy1,228,877.734396441261,987.480164676968
6363,Myh9,118,882.6875965495555,897.7066415561521
6364,Myh9,118,883.989303031468,1098.7416021795912
6365,Myh9,118,885.2243865371679,1119.4551913022362
6366,Thy1,228,886.2946135989854,1134.090649744854
6367,Myh9,118,891.396999905675,1100.9381150639745
6368,G3bp1,49,527.1656634952237,852.7001082794324
6369,Gsto1,54,533.5133845133391,820.7341714355119
6370,Gsto1,54,538.3359478855336,818.768376019424
6371,Nap1l1,120,540.1666837629452,841.6066845970706
6372,Nap1l1,120,545.8745981295713,773.9125978217158
6373,Gsto1,54,558.7404615105426,862.8760201570681
6374,Gsto1,54,560.6396591371072,770.9335135500661
6375,Gsto1,54,571.6836644794694,828.8783765320845
6376,Polr2m,149,574.7893538333218,814.4745874407824
6377,Gsto1,54,575.393767655417,848.5983135942864
6378,Gsto1,54,575.7200424521483,785.937504560421
6379,Nap1l1,120,584.5430003761345,794.3064756394732
6380,Uqcrc1,256,585.0895763377258,786.1226827948858
6381,Gsto1,54,593.8056553492366,825.4551249705205
6382,Nap1l1,120,599.352630786099,793.5015715347337
6383,Polr2m,149,600.3283480931323,818.9536446373977
6384,Uqcrc1,256,606.0768249958819,766.995149331699
6385,G3bp1,49,611.2398140040497,826.1843087359168
6386,Gsto1,54,623.3436951240382,809.695644290349
6387,Nap1l1,120,627.4409304600107,772.5493858654364
6388,Uba1,250,631.5831430849014,783.8179061533511
6389,Gsto1,54,635.7223208454304,763.3172990498869
6390,Gsto1,54,636.4972327867779,832.8798995809773
6391,Gsto1,54,642.4475775001686,792.7516196279918
6392,Gsto1,54,644.1930434606275,842.0249795022715
6393,Uqcrc1,256,651.5001511345139,794.9285631635646
6394,Gsto1,54,651.164834700391,769.9559613176232
6395,Gsto1,54,654.1520699699945,852.5435596653505
6396,Polr2m,149,655.6303591127755,778.8205025481373
6397,Polr2m,149,662.914418438876,868.7844026816358
6398,Nap1l1,120,664.8685337137656,832.135196936196
6399,negative_control,1171,669.5044672801142,833.9527399201238
6400,Gsto1,54,676.4307153581638,821.8533120321407
6401,Gsto1,54,682.2023306587381,799.1546165799464
6402,Gsto1,54,683.3463714766419,821.7009482407029
6403,G3bp1,49,688.1158618590431,853.633420021516
6404,Gsto1,54,695.8264952837708,804.8922879037319
6405,Gsto1,54,696.4822477928733,825.8351010974388
6406,Nap1l1,120,697.3196653422765,791.6230365501236
6407,G3bp1,49,701.5144828605537,761.77883365495
6408,G3bp1,49,704.0823172584937,841.7318275143717
6409,negative_control,1168,707.5093711160689,831.1292981102629
6410,G3bp1,49,710.2596485443675,777.2027460048987
6411,Gsto1,54,713.0816939300319,856.3418291146871
6412,negative_control,575,713.9229987789806,774.3822628313247
6413,negative_control,1174,715.3716018467269,772.6212585338694
6414,Gsto1,54,720.586921401409,819.1140814218458
6415,H1f0,55,726.969679302343,809.5719339869217
6416,Gsto1,54,728.3101379678446,818.5829916934555
6417,Gsto1,54,729.4383888102204,738.2233955780783
6418,Gsto1,54,740.8567640467419,966.7103107124718
6419,Snrnp70,210,743.4815477236687,861.3173013800947
6420,negative_control,1487,743.3369008096491,766.2085122187958
6421,Gsto1,54,744.5309891629142,731.1518141783772
6422,Nap1l1,120,748.9365574751728,737.2950549314453
6423,G3bp1,49,749.5609886270167,981.8536494267942
6424,Uqcrc1,256,754.504689583741,736.636905621601
6425,G3bp1,49,754.7037407800608,734.1523722279272
6426,Gsto1,54,755.5339708471596,810.5786112509252
6427,Gsto1,54,768.339508817172,874.0578624759723
6428,G3bp1,49,775.9524053928503,925.7027400532864
6429,G3bp1,49,776.981452031798,989.4012396021906
6430,Gsto1,54,778.6465565604085,977.9999010811068
6431,Uqcrc1,256,779.2714837517753,850.9269094570791
6432,H1f0,55,782.5186132208137,716.7566314292092
6433,G3bp1,49,783.9105503684001,957.8843842877455
6434,Gsto1,54,783.7903546478303,860.3426172498807
6435,Gsto1,54,784.7059647199153,835.8117975244493
6436,Gsto1,54,787.7444899602465,749.2856531541645
6437,Gsto1,54,788.1356741362614,1019.9485739573664
6438,G3bp1,49,790.3176463553427,766.807859018903
6439,G3bp1,49,795.6189013462562,923.4365836627528
6440,negative_control,1169,802.2550823804636,821.5300423196794
6441,Uqcrc1,256,812.7370081483291,1075.516560796611
6442,negative_control,2080,812.1478539874206,1096.202969743003
6443,Uqcrc1,256,813.419059829859,1095.104491487824
6444,Gsto1,54,814.665799157443,830.7801322396153
6445,Gsto1,54,816.9563813900785,1081.756034545366
6446,H1f0,55,823.6619107927777,883.263895939982
6447,negative_control,1173,828.8952852485286,1022.990833688574
6448,Uqcrc1,256,831.1173379575853,788.4035167171412
6449,Gsto1,54,839.3131415912246,897.0783053755025
6450,negative_control,1174,840.1779455910543,1102.5983530681572
6451,Gsto1,54,845.3372069321879,830.6401209415393
6452,negative_control,1170,846.4145573867812,1074.540150114416
6453,Gsto1,54,853.0159852135955,814.919709367447
6454,H1f0,55,859.6712452520619,1108.029078154029
6455,G3bp1,49,865.3007505207736,1092.8215777512482
6456,Gsto1,54,864.9778444997382,1070.3981592228456
6457,Vim,261,870.9196998580328,1012.5607396884216
6458,negative_control,1169,873.3893424841905,1015.8213927348186
6459,Gsto1,54,880.5178653102683,1081.6499894124358
6460,Gsto1,54,880.1364484568883,963.0486617588352
6461,Gsto1,54,886.3861215084902,1124.2684509189596
6462,Polr2m,149,889.1354785113562,1153.9453739140808
6463,Gsto1,54,890.5324704743473,1118.1311776234434
6464,Mrpl37,99,571.6567410652351,826.4613745986625
6465,Hnrnpul1,60,610.5650982605696,788.363872879874
6466,Hnrnpul1,60,683.7127790603593,835.1246212944599
6467,negative_control,345,709.3845876095634,771.9455003666159
6468,Mrpl37,99,712.3734862369703,830.8332916362261
6469,Mrpl37,99,725.6902357662527,759.2028258945832
6470,Mrpl37,99,734.656862153131,813.4688178036704
6471,negative_control,644,753.3912079339975,732.5516273698008
6472,Hnrnpul1,60,763.186554508513,898.2441896584774
6473,negative_control,640,777.0326630898132,1006.6528214528372
6474,Hnrnpul1,60,778.9970749350026,944.340962898259
6475,Hnrnpul1,60,778.9115644725682,984.5392968408624
6476,negative_control,644,799.7052891943875,1054.3780839178708
6477,Hnrnpul1,60,809.5970429879616,1103.7229932879686
6478,negative_control,1865,813.4813644693494,1102.7780020874432
6479,negative_control,1252,823.6853130618487,1043.3568154616555
6480,negative_control,1718,849.529851058697,990.1191048486706
6481,negative_control,964,850.7815061749857,901.6944487500684
6482,Hnrnpul1,60,861.3069258555495,1129.52401690926
6483,negative_control,1252,865.8870820171453,1011.1680661368812
6484,Psmd4,164,537.6843464148785,837.093425407813
6485,Psmd4,164,545.3356934908777,774.8725504841043
6486,Psmd4,164,552.8139070866902,782.4871251978291
6487,Sf3b2,205,577.1466397428767,850.5272701652791
6488,Psmd4,164,609.7216681846098,777.1450452369006
6489,Psmd4,164,618.7956512362207,773.1042666709337
6490,Sf3b2,205,623.4530207450954,819.5317658130474
6491,Sf3b2,205,624.5500928912081,845.4818419881581
6492,Sf3b2,205,634.6114602548341,808.4559368428319
6493,Psmd4,164,691.2555094827086,846.8557916350089
6494,Sf3b2,205,700.7228214046075,841.8506850408464
6495,Sf3b2,205,702.7657024271678,867.5765673259195
6496,Sf3b2,205,704.2135277361101,870.3966379718615
6497,Sf3b2,205,708.5797348624329,767.8799058265529
6498,Sf3b2,205,721.3196096525495,777.604650934808
6499,Sf3b2,205,736.3795331289459,968.8481028596434
6500,Psmd4,164,737.8472275357567,738.1037626910241
6501,Sf3b2,205,737.6950593455654,1005.1889509652176
6502,negative_control,1195,740.6212721933127,733.8626265757916
6503,Sf3b2,205,763.1643501247692,720.0668701333248
6504,Sf3b2,205,763.6760070628059,983.8022910895212
6505,Psmd4,164,771.9061375854011,1049.4142228542992
6506,Psmd4,164,773.5549173062989,767.2053933119023
6507,Psmd4,164,778.0898679553579,875.9421216921656
6508,Sf3b2,205,783.022319730808,1073.3738300770874
6509,Mrpl17,95,788.088390088619,885.4819514668914
6510,Psmd4,164,797.2552343529466,769.4005116604937
6511,Sf3b2,205,812.132942122286,827.7719484946169
6512,negative_control,1190,812.5122219243132,1033.9674053553556
6513,Mrpl17,95,842.7992984066832,1041.81743183136
6514,Psmd4,164,846.6437063370337,1051.6780621631303
6515,negative_control,1182,848.413168732782,1080.1505629900448
6516,negative_control,1194,867.114676891242,1090.8816766998625
6517,Sf3b2,205,873.4729342828899,1130.941499321002
6518,Psmd4,164,874.1057010954323,1117.7958727546106
6519,Sf3b2,205,874.3173884640369,809.6973311222404
6520,negative_control,1183,874.2644731450264,1069.163744185504
6521,Sf3b2,205,884.7254519946364,1050.6860589619007
6522,Sf3b2,205,884.6540235299253,1063.5424281778785
6523,Sf3b2,205,887.4722184688072,1126.0041460600162
6524,Plk2,147,625.0411924343982,773.2285207258695
6525,Plk2,147,684.2838744666944,793.0430440812205
6526,Plk2,147,734.7404642090794,923.5943062958604
6527,negative_control,425,755.1452457411859,787.6938000027149
6528,Plk2,147,807.131884491214,927.5654272395824
6529,negative_control,417,876.2594135513485,1090.6613435497195
6530,Mrpl28,97,513.3680180026385,808.5233287857563
6531,Mrpl28,97,543.4858454763126,840.0028101323912
6532,Xdh,262,561.4204523215924,801.8347047544148
6533,Mrpl28,97,562.2844243029764,873.0691096639908
6534,Mrpl28,97,612.359443198428,773.8712576642885
6535,Xdh,262,613.8962816391822,815.5099788740896
6536,Xdh,262,647.304332326112,789.42342434983
6537,Mrpl28,97,665.731130358578,795.4525428116578
6538,Xdh,262,681.4673698275046,846.5239186848133
6539,Xdh,262,700.8829318200834,769.2878250479157
6540,Xdh,262,731.2879226188664,936.3849907376832
6541,Xdh,262,736.186640213074,966.6250447847848
6542,negative_control,1340,750.2643421757512,778.7419183047011
6543,Xdh,262,757.6671980770332,956.1164939033558
6544,Xdh,262,762.172155253021,951.331869312858
6545,Xdh,262,767.5753520757844,723.3533765446684
6546,Xdh,262,778.0785146108416,1036.7179790268465
6547,Xdh,262,786.7986036596279,1045.8023567632697
6548,Xdh,262,789.0880457189869,990.0681243744906
6549,Xdh,262,801.713651277023,897.192707843202
6550,Xdh,262,808.7094410803887,901.739331155626
6551,Mrpl28,97,808.9010067187294,827.9862896638073
6552,Mrpl28,97,814.0675399759589,856.3844284196093
6553,Xdh,262,815.1062422145812,949.6608198794614
6554,Xdh,262,815.5448309758553,821.903172544201
6555,Mrpl28,97,835.0352896831596,869.0332330120203
6556,Xdh,262,838.9458695405086,888.2269489185161
6557,Xdh,262,853.1697404316315,1002.6084149670286
6558,Mrpl28,97,852.933892840791,1100.0002334247908
6559,Xdh,262,858.3548965243778,907.9784796498913
6560,Xdh,262,872.9831154353836,1019.9905453727876
6561,Xdh,262,877.7030387302605,1084.0131975627592
6562,Xdh,262,883.5474277249464,1087.834588709202
6563,Vim,261,519.6909851170756,788.393942024242
6564,Vim,261,529.6790749593032,844.9666853246437
6565,Vim,261,529.9436082589641,812.7080818309582
6566,Vim,261,530.2494409071668,803.4441713330541
6567,Vim,261,536.4165372546272,842.1487984780088
6568,Vim,261,537.0133539126932,821.7676700942686
6569,Vim,261,542.0453441221412,827.6399650704954
6570,Vim,261,543.2561927818133,817.6146509091507
6571,Vim,261,543.4903770586591,784.0069912251182
6572,Vim,261,548.4948515929887,780.5983553843012
6573,Vim,261,548.9608246910489,775.045001057876
6574,Vim,261,549.2114250845195,784.8855367178993
6575,Vim,261,551.4664982961067,815.2943311619185
6576,Vim,261,552.1190113146112,837.7586614592814
6577,Vim,261,552.1248860149694,859.665848143004
6578,Vim,261,553.1214005300872,782.9767510514773
6579,Vim,261,556.1601948866701,777.1909312738078
6580,Vim,261,559.2378361009172,816.6047167887709
6581,Vim,261,560.1340098588471,850.5036866141265
6582,Vim,261,561.6774897002457,857.7659434745941
6583,Vim,261,562.2331451838864,812.8906526853777
6584,Vim,261,562.540996309935,776.1130570213966
6585,Vim,261,563.3760443820073,771.2912237941557
6586,Vim,261,564.144250333152,837.3853126369519
6587,Vim,261,566.3372788404483,833.2962074658594
6588,Vim,261,566.1772645603041,848.8987552384485
6589,Vim,261,570.4872520323679,853.5850049848316
6590,Vim,261,574.3174075736681,810.6033174719283
6591,Vim,261,574.568164774976,823.6379372086838
6592,Vim,261,576.3495773023444,791.8557218933495
6593,Vim,261,577.3563513247493,798.9332761564914
6594,Vim,261,577.1753651766066,784.7804447467657
6595,Vim,261,580.2324543754755,844.8133731125595
6596,Vim,261,582.8260776830595,791.1473862941466
6597,Vim,261,583.1283217867483,838.7570594703332
6598,Vim,261,590.5748528444914,861.9894242487969
6599,Vim,261,593.29811547649,801.449575215178
6600,negative_control,2086,593.8002937820143,820.3038442588486
6601,Vim,261,593.3278070043178,820.2874484598802
6602,Vim,261,595.390065877737,797.0946085872042
6603,Vim,261,595.695463758135,859.5842560254112
6604,Vim,261,598.1064980281137,813.8610126015321
6605,Vim,261,599.4447744329912,752.7021852690449
6606,Vim,261,602.0608929244954,840.6657431893215
6607,Vim,261,604.6048267515046,785.2394814731077
6608,Vim,261,604.2155750326899,834.1467481367947
6609,Vim,261,604.6508875153934,871.4712066050088
6610,Vim,261,605.0130103170013,824.5242959788989
6611,Vim,261,605.0622177622529,883.1519801690335
6612,Vim,261,605.5810523869717,854.100523088248
6613,Vim,261,605.991725289691,876.384763350472
6614,Vim,261,606.8927344331087,761.3425050933068
6615,Vim,261,608.7945307707429,768.4536961418105
6616,Vim,261,609.5802936803191,777.0500734233872
6617,Vim,261,615.4088515978018,838.7235648346964
6618,Vim,261,616.550173674663,795.7627864650858
6619,Vim,261,617.7247502182054,785.5054153311486
6620,Vim,261,617.4737495391876,762.3845116324762
6621,Vim,261,619.115084374936,777.6442497642827
6622,Vim,261,622.3855327371373,772.8596977616148
6623,Vim,261,623.9525350779957,781.4962398467601
6624,Vim,261,626.5887443425357,821.4143365935874
6625,Vim,261,626.7042877800084,825.7885875995829
6626,negative_control,574,628.6733920639506,780.2822703132331
6627,Vim,261,628.3463040679114,770.3770542010072
6628,Vim,261,629.7158153549906,809.011282085875
6629,Vim,261,633.1227873042217,820.3856944131533
6630,Vim,261,634.1525074873816,776.936920802395
6631,Vim,261,634.1188233733458,806.6675378406676
6632,Vim,261,635.4221341166666,840.7429272669028
6633,Vim,261,637.2457355831787,844.8792910750002
6634,Vim,261,637.3946572794564,812.4201797477683
6635,Vim,261,639.0855650862945,775.5508764202289
6636,Vim,261,641.2002231438063,797.9737980764934
6637,Vim,261,649.088374165232,792.2694667252191
6638,Vim,261,649.642029081742,767.1166683967158
6639,Vim,261,651.7040663907828,893.9649051624403
6640,Vim,261,651.7729234133287,809.9295692621363
6641,Vim,261,655.1813458882253,793.347670450301
6642,Vim,261,654.8961778543592,786.4005097129454
6643,Vim,261,655.2303140572664,835.1289161377698
6644,Vim,261,656.7181423828245,853.2090716176275
6645,Vim,261,657.2215323013388,818.763040539755
6646,Vim,261,660.2341071662274,795.9182532725704
6647,Vim,261,661.4027103771842,814.4139037427215
6648,Vim,261,662.2645932249803,850.4132006082484
6649,Tnfrsf1a,233,663.2336264638802,766.2721309921711
6650,Vim,261,667.1358425295558,846.2184607254298
6651,Vim,261,668.8387334821624,814.0604865537159
6652,Vim,261,671.3061051128768,790.5391869158523
6653,Vim,261,672.4042104259819,786.7255514498892
6654,Vim,261,672.5257494882894,783.86121681349
6655,Vim,261,673.47235412833,819.8467828487558
6656,Vim,261,674.8235594657797,790.259810579891
6657,Vim,261,675.5309453467778,850.2982599837698
6658,Vim,261,680.5180955560262,772.7873976994056
6659,Vim,261,680.6146311134951,818.7383372326042
6660,Vim,261,681.0668090589256,786.6821211785979
6661,Vim,261,681.0450750921613,793.3870812257991
6662,Vim,261,682.8885758172271,822.822104673053
6663,Vim,261,684.3847476251997,852.2835989885391
6664,Vim,261,686.4590230702267,822.5211506395672
6665,Vim,261,686.6975610212681,763.5666849437839
6666,Vim,261,686.9442244302372,836.4066231805679
6667,Vim,261,688.6649003401866,788.9629351090769
6668,Sec13,204,689.1773403574786,797.1305521579604
6669,Vim,261,690.2399160841755,766.750822231629
6670,Vim,261,692.7009516495029,816.9591957328129
6671,Vim,261,693.6632281478846,762.2311002469044
6672,Vim,261,693.8685873816366,807.7170506684636
6673,Vim,261,693.9766800781922,847.7631102635468
6674,Vim,261,695.1855347602993,844.7342108368691
6675,Mta1,113,696.5130703755353,787.6699142497324
6676,Vim,261,697.9626835248404,860.1677920904278
6677,Vim,261,698.9081671277388,834.1921559124322
6678,Vim,261,700.522665054334,783.0079870389651
6679,Vim,261,701.7689514167404,824.1700802532947
6680,Vim,261,702.6123947760234,865.9376367223318
6681,Vim,261,704.6550520704046,827.2126622695894
6682,Vim,261,710.3987405513761,783.686962526283
6683,Vim,261,710.4214633356847,815.6560915284056
6684,Vim,261,710.7239778166551,803.1003414037298
6685,Vim,261,710.9940803659604,878.5628153534396
6686,Vim,261,710.392120967307,810.4702183838544
6687,Vim,261,713.1841499274705,756.7164633418986
6688,Vim,261,713.6764857163514,808.1534599760246
6689,Vim,261,714.9255077236805,799.9397481693397
6690,Vim,261,715.4187868963961,759.8791536239253
6691,Vim,261,720.6388063586649,751.2799419857712
6692,Vim,261,720.6826100763667,883.2366281927302
6693,Vim,261,725.8734266579766,764.8850423219918
6694,Vim,261,727.5490583661883,769.3328703957001
6695,Vim,261,727.5151176018924,953.977573212624
6696,Vim,261,728.9136773274765,741.5578993761851
6697,Vim,261,729.5512159688312,975.1133490827942
6698,Vim,261,729.9918687580426,848.4450389533532
6699,Vim,261,730.7029630196188,784.860892172014
6700,Vim,261,730.379517285895,832.661214764302
6701,Vim,261,732.2824929232083,893.4615063442429
6702,Vim,261,733.5168422813213,813.4979170313146
6703,Vim,261,735.7417157191995,808.755557834775
6704,Vim,261,735.7115921554087,826.4627066981434
6705,Vim,261,736.2119315454294,771.5077182993913
6706,Vim,261,737.5281130044499,842.4944236044348
6707,Vim,261,739.2009814913536,899.1985781213796
6708,Tnfrsf1a,233,739.7961425300061,918.544760352926
6709,Vim,261,740.9464185321224,865.938372167732
6710,Vim,261,741.1780553560523,837.0991914086856
6711,Vim,261,740.9337448469358,998.7687594613732
6712,Vim,261,741.9465347143071,876.6641625166341
6713,Vim,261,742.2530904024538,731.5785275830478
6714,Vim,261,742.3917490170902,854.2590048976978
6715,Tnfrsf1a,233,742.7917537409378,900.2685766363633
6716,Vim,261,742.7753104774561,830.8427329980666
6717,Vim,261,744.4668736634002,970.0067668237236
6718,Vim,261,745.7685794648648,956.7635752066492
6719,Vim,261,745.2223464869498,756.470117320028
6720,Vim,261,746.5784182007679,859.4027955957398
6721,Vim,261,747.0583095147322,759.1500838929644
6722,Vim,261,747.9019211848846,818.4241591098015
6723,Vim,261,754.2728375016941,1016.0061294061306
6724,Vim,261,756.7964066271205,1025.400457843998
6725,Vim,261,757.1380255112676,823.4546121526755
6726,Tnfrsf1a,233,758.174610559019,999.9786304606844
6727,Vim,261,759.790144472996,953.5349357131694
6728,Vim,261,763.6571727331261,1017.258507286411
6729,Vim,261,762.8164971926828,934.0064093144612
6730,Vim,261,763.2856621924761,723.8894097187906
6731,Vim,261,763.8126275277432,845.1879609416474
6732,Tnfrsf1a,233,764.4471253868558,772.6849338359424
6733,Vim,261,766.8431807769944,813.0314969394709
6734,Vim,261,767.9533306784539,732.0668464336192
6735,Vim,261,769.1271789629176,753.165317673469
6736,Vim,261,769.1473038539618,1019.7845991359476
6737,Vim,261,769.7691376786886,1069.3084031343933
6738,Vim,261,770.2424021371096,867.477936196328
6739,Vim,261,770.0341494176669,730.1222879106451
6740,Vim,261,771.1983262870456,1044.0267472514213
6741,Vim,261,771.5338793837332,835.2357029702234
6742,Vim,261,771.2663728055222,910.2267090199302
6743,Vim,261,771.6870447164179,762.4623796201062
6744,Vim,261,772.2485099027471,1062.13488306557
6745,Vim,261,774.5476851391769,1027.1736807095915
6746,Slc25a1,208,774.5090719883043,870.0371954406564
6747,Vim,261,774.4303573727991,744.9266399364075
6748,Vim,261,775.7335892819996,825.4561583671643
6749,Vim,261,776.2698006422627,756.1235712720465
6750,Vim,261,776.0916660862742,740.1099037355165
6751,Vim,261,776.5809411807459,1060.529167842494
6752,Vim,261,776.8147934745218,993.263761790278
6753,Vim,261,778.4247298187117,930.819992343896
6754,Vim,261,778.4717973595976,854.1023657249945
6755,Vim,261,779.1752984127793,758.7851992744664
6756,Vim,261,779.9680239036715,737.0361584461984
6757,Vim,261,783.0869738541594,729.8215472129282
6758,Vim,261,783.6287063893697,969.4170836139882
6759,Vim,261,783.5558474193244,1027.2170300309076
6760,Vim,261,785.2349125881998,1070.3902909573317
6761,Vim,261,784.6065025815494,925.5950680704018
6762,Vim,261,785.0508619742334,749.2542611852083
6763,Vim,261,787.924303467989,974.8438844136912
6764,Vim,261,787.5726396892637,841.6953088012795
6765,Vim,261,790.5085292257984,858.2236230445021
6766,Vim,261,790.8258992103764,999.0400306883251
6767,Vim,261,791.0734981897403,944.4787447956312
6768,Vim,261,792.181704031589,742.3451009365183
6769,Vim,261,792.8007037806613,1007.305417759134
6770,Vim,261,793.2452720940095,748.8364594100844
6771,Vim,261,794.2699398520226,847.5735231381451
6772,Vim,261,795.2008416391549,850.103434587198
6773,Vim,261,798.7422459244448,732.514051198176
6774,Vim,261,798.7955709125429,888.8371757336039
6775,Vim,261,799.4608757737011,797.3863449719206
6776,Vim,261,802.0995273089567,744.8493995552861
6777,Vim,261,803.0126816248509,758.2091090370543
6778,Vim,261,803.0981823130687,858.4747410556109
6779,Vim,261,804.8234956578821,810.7756021947987
6780,Vim,261,805.7402760360103,766.4402447678273
6781,Vim,261,805.5081149903854,781.3900306465646
6782,Vim,261,806.0960317580127,885.5263031839113
6783,Vim,261,807.62502424081,761.8748024253056
6784,Vim,261,810.925866993159,877.1279995052253
6785,Vim,261,811.8050469262988,781.8780474277145
6786,Vim,261,812.9148346279558,1084.927029050325
6787,Vim,261,812.9322696498386,766.8622601611793
6788,Vim,261,815.7403390180125,895.0685613172474
6789,Vim,261,814.5381988727711,883.2563824348274
6790,Vim,261,815.2485994327662,966.5959461526442
6791,Vim,261,816.2401126330595,878.9908924307407
6792,Vim,261,816.2779672496881,900.7298391868268
6793,Vim,261,818.2977300131831,1094.6027240075462
6794,Vim,261,819.836829037534,890.6575554219645
6795,Vim,261,820.4670061657926,768.5779152722997
6796,Vim,261,821.4939679569779,1079.0988707935394
6797,Vim,261,824.4302753307046,784.445455178907
6798,Vim,261,826.3356859740298,877.4142917110862
6799,Vim,261,826.3645234118926,899.9259125946928
6800,Vim,261,828.7139083837474,947.2370562554986
6801,Vim,261,831.0821181610586,903.6661426259748
6802,Vim,261,832.3296300920534,809.8430286246388
6803,Vim,261,833.6815914049296,896.6844296785355
6804,Vim,261,838.6515168755564,872.4542461200956
6805,Vim,261,838.5080595304371,897.7692455464404
6806,Vim,261,840.1854515545452,846.5885184331422
6807,Vim,261,841.9623843158657,1032.7994520359252
6808,Vim,261,842.3876998097055,1060.682760372264
6809,Vim,261,842.5189335971133,804.779595077792
6810,Vim,261,846.489055251993,1117.715209169391
6811,Vim,261,846.5444959865365,799.522827364698
6812,Vim,261,847.521377114728,898.3575884737586
6813,Vim,261,848.1367687764539,809.5128168426066
6814,Vim,261,848.128486195432,871.7332195451927
6815,Vim,261,848.4107892177394,846.1325899105873
6816,Vim,261,851.8029396791795,860.1591869245805
6817,Vim,261,855.0673715323728,1041.3261273614569
6818,Vim,261,859.1257488181652,1066.535568432448
6819,Vim,261,860.601138521492,876.7914315697527
6820,Vim,261,861.8333613215608,817.0587324201415
6821,Vim,261,864.8760002658894,1069.1353301675797
6822,Vim,261,866.900542256275,1050.1202497424488
6823,Vim,261,868.5212554147172,1000.601360677518
6824,Vim,261,868.2206680060376,1130.511531702387
6825,Vim,261,869.0026462855246,908.4881521823656
6826,Vim,261,869.5060035765644,890.3497574029317
6827,Vim,261,870.3876725137977,1074.7804849776298
6828,Vim,261,871.3713019129736,1006.2619159256424
6829,Vim,261,872.1647877542595,917.7204048048436
6830,Vim,261,873.9674831530433,904.7769572357
6831,Vim,261,873.6329622169239,1111.9673441704476
6832,Vim,261,874.4853205543127,921.716815989506
6833,Vim,261,875.8202449711764,801.603194481811
6834,Vim,261,877.3439693318473,1134.662049294758
6835,Vim,261,877.2568874127015,931.60409522876
6836,Vim,261,877.714666219829,985.8526595770364
6837,Twist2,247,877.5969893983702,986.3847182506648
6838,Vim,261,880.201461164858,1054.5355210941475
6839,Vim,261,881.4320576250193,903.3193200228424
6840,Vim,261,883.4776666698085,1022.4580479249124
6841,Vim,261,884.846344504221,1118.6921014873135
6842,Vim,261,886.2792488245676,1074.0756193187929
6843,Vim,261,886.8771803467492,1095.7947980107806
6844,Vim,261,887.4066500122772,1145.3016141946125
6845,Vim,261,889.1680281431261,1111.0160775239171
6846,Vim,261,889.616812447249,1114.6465930230124
6847,Vim,261,890.7006591244036,799.2402280004615
6848,Vim,261,893.2266045281634,1147.3705457635954
6849,Vim,261,975.4480420008584,1206.7682409503811
6850,negative_control,1503,551.0084416000307,842.7969553917771
6851,Psma7,161,603.740334191855,828.3818348651957
6852,Trim28,241,632.3672989647575,849.43908067863
6853,negative_control,1498,654.5813084875842,806.1628144843226
6854,Trim28,241,672.864586407507,848.6829025062516
6855,Psma7,161,721.8323371279654,782.5245287611042
6856,Psma7,161,735.6023438108954,900.6418011085512
6857,negative_control,1505,737.7360196202677,788.3944651940441
6858,Ybx1,263,741.0226212478976,892.5572256346496
6859,Psma7,161,759.0785907025692,730.5868875364642
6860,negative_control,1494,759.6289508485798,806.4130263700524
6861,Psma7,161,760.8164222462044,745.2901058629395
6862,Psma7,161,771.1356310368183,740.1313121865592
6863,Psma7,161,781.7965647816962,883.6207524130039
6864,Psma7,161,787.571589453238,741.201968110689
6865,Trim28,241,802.1628956559797,851.6753676503107
6866,negative_control,1507,825.1410929379414,1102.6892632142976
6867,negative_control,1497,825.738078764091,933.88910023341
6868,Psma7,161,829.191144783193,889.8889433356856
6869,Uba1,250,860.1281671732409,878.9135231235376
6870,negative_control,1506,876.9257205975688,1052.975138740792
6871,Trim28,241,876.1715574887195,986.85935833292
6872,negative_control,1506,879.727326755891,1113.8750307261432
6873,negative_control,1494,891.8792046533414,1108.036920424153
6874,Sec13,204,534.5279950550494,805.9806613761202
6875,Twist2,247,569.9964019341543,834.8611544826879
6876,Twist2,247,614.0041566246841,818.7795461792781
6877,Kars,72,628.6326010164653,779.8704053798821
6878,Kars,72,693.9240365516723,765.480043674729
6879,Kars,72,711.3812338972908,884.5861082597299
6880,Kars,72,719.4576948440435,907.4641242892128
6881,Twist2,247,721.9828634634987,761.8523662252044
6882,Twist2,247,743.9183874829553,812.2676216925832
6883,negative_control,734,777.654487310869,759.4411824559805
6884,Kars,72,780.3601499547913,889.7427853993322
6885,Twist2,247,786.6792702939755,804.4387920820118
6886,Maged1,82,786.6179980294689,803.3108004122753
6887,Kars,72,791.3188117621746,799.8173382600124
6888,Kars,72,798.3245441711583,1091.0648242074355
6889,Twist2,247,809.6569593643427,809.597495078651
6890,negative_control,728,810.9301575582085,804.8326110432649
6891,Twist2,247,829.3488820814555,1102.39888038564
6892,Twist2,247,841.3076915742474,848.1153262603907
6893,negative_control,728,850.6192447470996,1080.239139225888
6894,Twist2,247,880.5289297184058,1000.4839841306016
6895,Pdha1,139,542.7543755676677,830.8905049043155
6896,Vdac1,260,558.3070850755844,830.8896873260833
6897,Clta,15,561.8582693698994,803.5308641378256
6898,Psmc2,162,602.9040586272729,824.7432610136898
6899,Pdha1,139,605.708311959238,757.6107822988532
6900,Pdha1,139,611.5756234770023,811.229503880064
6901,Ly6e,81,660.2383600102947,824.2400845088893
6902,Clta,15,667.8179234407376,833.6440018821546
6903,Clta,15,705.7405795364687,759.2641730272331
6904,Pdha1,139,706.611079233732,819.6162294912965
6905,Ly6e,81,740.3935069656579,866.295665210411
6906,Pdha1,139,741.5967312078425,748.2060341101806
6907,Pdha1,139,742.5763110969806,893.9740527209731
6908,Pdha1,139,749.4747828334271,868.0873470526326
6909,Clta,15,749.9536025196778,918.424775908734
6910,Clta,15,755.4500731289851,979.570947173717
6911,Ly6e,81,758.572399878948,747.8650207915693
6912,Ly6e,81,765.918247257362,852.8586067956038
6913,Psmc2,162,773.4547364450316,951.6970033884782
6914,Ly6e,81,774.0058222411271,1030.7895429639673
6915,Pdha1,139,780.7704483806444,755.9188500850744
6916,Ly6e,81,781.3257511591156,999.0720018777504
6917,Clta,15,788.2347793012084,1060.6693502008295
6918,Ly6e,81,788.6194542567997,840.0855206894682
6919,Pdha1,139,788.9295238007779,1072.3700045774935
6920,negative_control,1649,791.8195146542323,802.8836889355549
6921,Pdha1,139,794.3033300105153,745.5533324731127
6922,Pdha1,139,796.1832650958274,1070.769629823818
6923,Pdha1,139,812.8401698695959,942.653936509713
6924,Pdha1,139,816.299573091731,974.1248756725056
6925,Clta,15,818.6059388742656,785.3322163123603
6926,Pdha1,139,824.9189171564126,907.637587432964
6927,Pdha1,139,835.5945947274208,889.6101306352244
6928,Pdha1,139,850.3555059778436,1059.862584323715
6929,Clta,15,854.3569398527912,1125.0286054572246
6930,Psmc2,162,859.3228216692207,878.4962013213046
6931,Pdha1,139,872.097563776079,939.995076666434
6932,Pdha1,139,878.3139565857014,1046.4120447276623
6933,Psmc2,162,884.0499204843238,1052.108904964859
6934,Psmc2,162,889.1248720469564,1105.0544926562188
6935,Nudt9,132,625.4450410221834,774.8846180007947
6936,Nudt9,132,700.4713534591106,824.5869015683674
6937,negative_control,880,788.8300177393824,1059.9435329791008
6938,Nudt9,132,793.4447406073584,1009.8879908520164
6939,negative_control,876,800.0517854401489,1053.6188493848497
6940,negative_control,891,806.0722417666972,1025.374349405969
6941,negative_control,885,849.1096178639765,897.267883785946
6942,Nudt9,132,866.8110111000367,925.6652848822432
6943,Rpl15,186,558.6956964055394,782.094512847803
6944,Csnk2b,23,567.5222825792011,844.4939767071663
6945,Rpl15,186,568.138302458718,784.3307757729101
6946,Csnk2b,23,576.1148094335138,825.6428205677109
6947,Rpl15,186,605.3726722300894,826.6035046320792
6948,Rpl15,186,635.3167360570412,846.4944055120425
6949,Csnk2b,23,650.3813326548958,808.3765943089754
6950,Rpl15,186,659.1568697307166,784.4662358573869
6951,Csnk2b,23,667.2545390188436,777.1005661673099
6952,Rpl15,186,668.8485399082355,827.9754355629759
6953,Csnk2b,23,669.6121437203919,841.799660032689
6954,Rpl15,186,685.6431388707579,833.3839619479309
6955,Ssr3,218,686.6228028558286,810.8835426622607
6956,Rpl15,186,701.2044938207225,805.9169964126199
6957,Rpl15,186,712.8853371587662,758.7382884403966
6958,Rpl15,186,715.5040915995191,776.8598164633663
6959,Ssr3,218,724.4681096730003,887.3196971299756
6960,Rpl15,186,746.8864277981656,965.7962196862766
6961,Rpl15,186,748.056441131927,1015.1963323522928
6962,negative_control,1800,755.9056465939713,759.6941451872169
6963,Rpl15,186,757.47419895312,940.4363188653746
6964,Rpl15,186,759.0065730372802,1033.754844589157
6965,Csnk2b,23,762.2292849760998,741.5053771276762
6966,Ssr3,218,766.0537656385351,910.8086142483446
6967,Csnk2b,23,783.6254154952627,995.4686107294508
6968,Ssr3,218,790.8014126033962,938.7260003833134
6969,Csnk2b,23,799.2295585212407,840.4588374532993
6970,Rpl15,186,805.4616188224905,980.361915988691
6971,Rpl15,186,806.6870033543918,966.9527282689072
6972,Rpl15,186,806.8520108858913,764.8137595801878
6973,Rpl15,186,808.5189396854795,1100.8196485880749
6974,Ssr3,218,812.7338997138958,782.4927221302022
6975,Rpl15,186,814.113920005433,801.9844975373248
6976,Rpl15,186,829.6757864737518,877.9052809771481
6977,Rpl15,186,837.4781380760788,883.7642301694871
6978,Rpl15,186,839.0948571012332,802.0230173784919
6979,Csnk2b,23,843.481670841287,1108.949955800399
6980,Rpl15,186,877.421698448974,1067.5035812771262
6981,Rpl15,186,881.7262516644881,1133.6837733394627
6982,negative_control,1794,882.6383081093174,1069.735907222415
6983,Csnk2b,23,882.9661286570836,1091.0465811104782
6984,negative_control,1800,884.7203055804478,1109.1198232756387
6985,Rpl15,186,890.0258383436646,1019.8134583315832
6986,Vdac1,260,545.6759830378528,784.5333125095813
6987,Vdac1,260,568.942295037905,850.1787178334405
6988,Vdac1,260,592.8584649211817,841.3959317316744
6989,Vdac1,260,630.6185575365099,778.625988153399
6990,Vdac1,260,637.7548976100924,810.005985857293
6991,Fgf7,43,647.1254824263088,778.6462989108263
6992,negative_control,1041,677.59780351735,818.6625911748534
6993,Fgf7,43,687.9394599543284,776.3624915651951
6994,Sec13,204,703.5764945598413,798.7522348241112
6995,Fgf7,43,708.0297440606435,832.2672749315141
6996,Fgf7,43,730.3573160931606,888.6693126636363
6997,Fgf7,43,740.2035453517526,809.3250316707754
6998,Fgf7,43,747.7655888970711,856.3188751472233
6999,Sec13,204,749.8722791767525,743.8115323607823
7000,Sec13,204,757.6738222584395,961.2445300745038
7001,Fgf7,43,762.4007382668858,925.2325437468847
7002,Sec13,204,765.9707410897753,1063.5843038945875
7003,Sec13,204,768.0517019506431,936.9548648476816
7004,Sec13,204,772.4524071093318,890.6567505101141
7005,Fgf7,43,780.4189208435666,813.6300173039756
7006,Sec13,204,783.6634692362111,776.3294891594269
7007,Sec13,204,788.7547605125749,845.7363840364891
7008,Vdac1,260,790.7549948075476,746.0748166868276
7009,negative_control,1988,789.929943117801,745.8678470636484
7010,Fgf7,43,795.8670810200908,795.7153229806089
7011,Vdac1,260,796.5583262637057,757.1374875114967
7012,Vdac1,260,800.9612280092562,962.9503150143
7013,Sec13,204,816.66805143822,885.5189636889412
7014,Sec13,204,830.6309057574504,814.1648688879008
7015,Vdac1,260,832.1088905081181,788.8326538013754
7016,Fgf7,43,833.3584642842776,1071.771922831401
7017,Fgf7,43,843.7257714891014,827.3784767343061
7018,Fgf7,43,850.4394588564501,1060.4655088425536
7019,Fgf7,43,852.2624242441887,1041.679384075747
7020,Fgf7,43,865.7822819592423,1100.7759387457731
7021,Mrpl12,92,544.6535838961443,845.3717881206444
7022,Mrpl12,92,570.9653060579099,789.3019886387559
7023,Ywhaq,267,604.9878658118929,756.6578519849695
7024,Ywhaq,267,607.2802996969334,823.0949690242062
7025,Fus,47,617.2166778205967,814.4713255378473
7026,Fus,47,637.8287424909138,833.1349760577151
7027,Fus,47,683.9483328921752,791.8920693855448
7028,Fus,47,729.9896088314821,935.3256276387526
7029,Fus,47,745.0735047764157,957.9134922011668
7030,Fus,47,753.4583516206244,1029.5993559001831
7031,Ywhaq,267,753.8458554005886,966.095668472952
7032,Fus,47,756.0541334564707,733.7968242245421
7033,Fus,47,756.044404498645,986.5183066255772
7034,negative_control,2047,760.5682609291774,1028.046597475421
7035,Fus,47,761.8272608610868,790.9228290634123
7036,Ywhaq,267,766.7048999630765,754.9557456311163
7037,Fus,47,768.6232286117742,790.1331298743789
7038,Fus,47,775.1924921711643,872.0654952543922
7039,Fus,47,780.0495155213729,952.9449564141224
7040,Fus,47,781.0398451844097,725.0183451663671
7041,Ywhaq,267,786.885579211275,728.4866740599472
7042,Fus,47,810.0636109239119,1054.8747126256042
7043,Fus,47,810.4228672232794,965.405987307738
7044,Fus,47,812.9294389599567,1050.191241074992
7045,Fus,47,819.3031951216444,785.1190106835778
7046,Ywhaq,267,824.3224723946953,877.0465259630471
7047,Ywhaq,267,835.4888514296589,898.4790890911805
7048,Ywhaq,267,837.2408993758107,835.0084028353724
7049,Mrpl12,92,841.7017840756287,888.607348645806
7050,Fus,47,848.5544062755998,969.086848363114
7051,Fus,47,855.6607481649648,816.7343796462499
7052,Fus,47,858.8112236494102,1084.162607450732
7053,Ywhaq,267,863.0853202122923,1111.6353278184424
7054,Ywhaq,267,873.9911089203217,1045.593259084168
7055,negative_control,2065,703.4696250730751,765.4071319702417
7056,negative_control,2069,843.0176404795088,988.769202105486
7057,negative_control,2052,880.2747809926137,1047.5160916634402
7058,Snrnp70,210,592.7354240352929,816.9156807973485
7059,Snrnp70,210,605.862148118217,831.2319485394124
7060,Snrnp70,210,622.1274581986836,848.213036097791
7061,Snrnp70,210,664.6089550326077,799.9202277748091
7062,Grina,53,716.4436066497124,846.131441855349
7063,Snrnp70,210,717.5160385083573,771.9942396220182
7064,Snrnp70,210,724.6082204115322,939.5977520399628
7065,Grina,53,736.1757066474668,910.7550780847736
7066,Grina,53,744.5645362142039,792.8445425155576
7067,Grina,53,744.6250095599173,775.9483986571497
7068,Snrnp70,210,745.8405437036934,750.6496229501136
7069,Snrnp70,210,758.2010884158874,753.188150765439
7070,Snrnp70,210,760.608477392213,972.3792468019432
7071,Grina,53,761.7871630599715,761.7355900275369
7072,Grina,53,769.8442070960155,852.6745898755557
7073,Snrnp70,210,771.84479125537,971.9639101128222
7074,Snrnp70,210,784.742558203571,766.9510585136384
7075,Snrnp70,210,790.845074983297,968.6542379545056
7076,Grina,53,809.6866226389835,827.1729365796959
7077,Snrnp70,210,814.5821077208848,790.0125859279077
7078,Snrnp70,210,816.0559520890417,777.3051609218653
7079,Grina,53,820.8156752493236,775.994633922621
7080,Grina,53,825.2931269343978,1011.2562391715468
7081,Grina,53,840.9458071791312,1086.904299979419
7082,Grina,53,877.4110973618021,944.0150594108536
7083,Tmed9,231,684.7311996251527,827.3779922217913
7084,Tmed9,231,740.6080965242774,934.4268318652404
7085,Stt3a,222,755.7325811878451,924.879601858662
7086,Tmed9,231,759.400275054252,834.925731742509
7087,negative_control,2056,807.5998215352306,868.8985695633098
7088,Rbbp7,181,558.6964186830877,816.7521869994789
7089,Rbbp7,181,706.7035665642319,844.2653649717212
7090,Rbbp7,181,722.0536687200389,774.1701479735195
7091,Rbm3,182,724.3364936520866,890.7213677629068
7092,Rbbp7,181,730.0835426000276,992.7068177040392
7093,Rbbp7,181,734.0711306865317,1001.1986272179932
7094,Rbm3,182,776.453188260777,965.2923655013002
7095,Fkbp4,44,783.3375594090348,792.9287841064344
7096,Rbm3,182,785.0611060864763,860.2489952150823
7097,Rbm3,182,799.8370276853716,889.7809021355358
7098,Rbm3,182,804.4765509040103,1098.4180447274175
7099,Rbbp7,181,846.9722554931307,838.7001777983503
7100,Rbbp7,181,860.1600993959976,1064.0157423888943
7101,Mta1,113,556.43268336537,826.2524618828944
7102,Mta1,113,606.9265780571304,809.8542264835817
7103,Mta1,113,614.5120629699366,776.8466536354432
7104,Mta1,113,702.2460328308907,778.6392125101902
7105,Mta1,113,711.6076912128283,780.5419102306792
7106,Mta1,113,765.5370889927514,981.281524955869
7107,Mta1,113,767.3091523052861,1042.9420617063984
7108,Mta1,113,778.6918974794313,1071.1355737244012
7109,Mta1,113,779.4787302114894,1067.7440554083291
7110,Mta1,113,785.7011061714184,1078.913951862582
7111,Maged1,82,551.8185643377124,843.9291288923735
7112,Maged1,82,556.2155434777526,787.7669553636879
7113,Maged1,82,581.5777391052331,789.0353540037515
7114,Maged1,82,596.5146358446136,817.1925140227438
7115,Maged1,82,624.7122782997143,810.0859492245473
7116,Maged1,82,661.2937944738428,843.0376150838417
7117,Maged1,82,665.4594756430713,811.6770600751593
7118,Maged1,82,701.8837311490054,806.0543077136153
7119,Maged1,82,706.796984143613,871.5081103478811
7120,Maged1,82,732.7394855588084,810.2503006768103
7121,Maged1,82,739.9048307960666,986.4405507650672
7122,Maged1,82,744.0730586876879,781.2565784981779
7123,negative_control,1983,753.6994084855903,872.0768804095752
7124,Maged1,82,754.0720632008722,1013.4173365239076
7125,Maged1,82,756.3607116290722,754.6122361824189
7126,Maged1,82,756.5088388281198,1024.0745537423934
7127,Maged1,82,760.3414590349379,1064.7324047287864
7128,Maged1,82,763.2990081703604,724.9742539276622
7129,Maged1,82,763.589063323795,751.3039326169767
7130,Maged1,82,770.2009917668616,766.0121951181557
7131,Maged1,82,774.9609449825738,873.8721218074996
7132,Maged1,82,785.5537277339367,735.7112575197959
7133,Maged1,82,788.0425076114194,725.2795160169987
7134,Maged1,82,792.3861403607153,806.5361023927649
7135,Maged1,82,795.3882930956715,728.6828620454015
7136,Maged1,82,797.434881063529,1091.0028375942125
7137,Maged1,82,798.4343285227545,889.7095129842288
7138,Maged1,82,802.8808852097227,777.0671899476072
7139,Maged1,82,805.5223713270622,900.5209615854253
7140,Maged1,82,819.9191032422802,793.3903395834092
7141,Maged1,82,824.9727928720212,780.0447348617311
7142,negative_control,2018,831.9659276939973,834.4486135508043
7143,negative_control,2100,850.8403364065639,1100.1771400866455
7144,Maged1,82,852.314634392375,1123.2511383708993
7145,Maged1,82,858.196448075174,876.4574284869661
7146,Maged1,82,860.0806156214943,1125.0014707747575
7147,Maged1,82,867.7904858093314,807.9539262472736
7148,Maged1,82,874.2704396475414,1075.1742489810472
7149,negative_control,2079,877.3747231695728,1072.1578633812462
7150,Uba1,250,558.0289510820744,819.7055343437875
7151,Uba1,250,567.2633308363381,822.1961840374643
7152,Fkbp4,44,583.5444393224091,767.5044696528632
7153,Fkbp4,44,598.4709785718649,772.2578785485548
7154,Uba1,250,601.5759926068345,783.2145955721437
7155,Fkbp4,44,612.4667558823678,772.6507769603079
7156,Uba1,250,639.1211450359839,831.6502400038715
7157,Fkbp4,44,655.2648283798287,842.3972404158316
7158,Uba1,250,666.197881050211,848.9171328476867
7159,negative_control,1993,667.2828509474867,807.7008230583028
7160,Fkbp4,44,674.5881326585067,785.1754552150875
7161,Uba1,250,679.9627751796113,789.9924278002136
7162,Fkbp4,44,689.051926437027,771.7167521276444
7163,Fkbp4,44,704.8665731724151,812.3487650659639
7164,Uba1,250,708.0891420110049,827.2226306866233
7165,Fkbp4,44,738.7009004395502,736.4872544287232
7166,Uba1,250,750.5952454040043,740.2195283935629
7167,Uba1,250,752.2941501419828,729.4490108970678
7168,Uba1,250,763.3724445590542,759.6198607216228
7169,Uba1,250,764.6908976920789,734.7410080721776
7170,Uba1,250,777.564328681654,752.0581177937203
7171,negative_control,1968,788.8462609442256,1072.1094134715383
7172,Uba1,250,791.7863331030637,734.6508751089652
7173,Fkbp4,44,792.3897537958823,1072.9320575603158
7174,Fkbp4,44,797.0245676245115,744.4710555485319
7175,Fkbp4,44,803.8952463906473,864.2270102469738
7176,Uba1,250,824.7807024333088,847.6854007262091
7177,Uba1,250,830.1030578740616,948.2227484437872
7178,Uba1,250,853.3481796317565,1009.8122689445764
7179,Fkbp4,44,859.1312416683122,1118.704487749946
7180,negative_control,2087,859.0837679258915,1017.5958752155924
7181,Uba1,250,861.3950254750521,1128.405185354028
7182,negative_control,2005,617.9796991512759,806.8844367939118
7183,Ybx1,263,497.2219522107418,802.7654405669755
7184,Ybx1,263,523.1804571061851,818.7549785246262
7185,Ybx1,263,529.125879498886,818.2274785004181
7186,Ybx1,263,535.2130879764997,810.9334827395213
7187,Ybx1,263,539.2442042668479,814.26446510395
7188,Ybx1,263,544.197155583969,822.8021955830666
7189,Ybx1,263,543.6824481099676,849.129804130152
7190,Ybx1,263,544.4241098721848,768.262930329869
7191,Ybx1,263,565.0025398831649,809.9159308733019
7192,Ybx1,263,564.7630330313898,795.5303682535337
7193,Ybx1,263,570.9527954938742,846.9079980309273
7194,Ybx1,263,573.3816206080869,821.5782125321039
7195,Ybx1,263,574.8459932906453,780.0578899628638
7196,Ybx1,263,580.4577614943944,783.410730318976
7197,Ybx1,263,583.4352254455692,777.1268238179837
7198,Ybx1,263,588.033671127017,813.7109754303438
7199,Ybx1,263,593.044506826472,891.0943256501148
7200,Ybx1,263,597.4302139648587,817.0377338368316
7201,Ybx1,263,603.3312560133327,836.1492433737924
7202,Ybx1,263,611.9083127892823,814.5716992385862
7203,Ybx1,263,635.1874929757145,797.2690253217651
7204,Ybx1,263,636.4588124723257,853.7717941627934
7205,Ybx1,263,657.6585036972225,787.9749940280877
7206,Ybx1,263,662.1378028789505,809.4294972011076
7207,Ybx1,263,667.4724574164002,796.0028673880487
7208,Ybx1,263,680.5628166101842,767.9041065401943
7209,Ybx1,263,691.1969277646297,828.7366039854021
7210,Ybx1,263,692.3044391517418,816.7933966408098
7211,Ybx1,263,701.6054336871312,819.6213705296502
7212,Ybx1,263,717.806917437424,813.1320404237465
7213,Ybx1,263,718.9755695877466,902.0848392662144
7214,Ybx1,263,724.7908589094588,922.7691614453267
7215,Ybx1,263,725.5812341653761,947.5871893257938
7216,Ybx1,263,727.0427178013897,888.0957989897911
7217,Ybx1,263,738.375667527059,1003.0788797142138
7218,Ybx1,263,738.4921061052613,982.269603902434
7219,Ybx1,263,745.7373122013149,835.5434977502273
7220,Ybx1,263,747.9483118717819,921.6346084474288
7221,Ybx1,263,750.0935317987457,725.0458155627139
7222,Ybx1,263,751.5077066068957,734.1753686665509
7223,Ybx1,263,757.3358345054423,953.5943913823578
7224,Ybx1,263,762.155811936967,1058.95411863021
7225,negative_control,2080,763.059977762801,1048.251079060165
7226,Ybx1,263,764.6352392848319,714.7793468213399
7227,Ybx1,263,768.971150751948,755.3292336771764
7228,Ybx1,263,769.443561460268,1050.983386602984
7229,Ybx1,263,772.2082215910955,1045.6949726979965
7230,Ybx1,263,779.0510851262235,938.1413881057384
7231,Ybx1,263,782.884404234984,1027.7891520698552
7232,Ybx1,263,783.4439994714686,872.890034463874
7233,Ybx1,263,784.2021809552042,742.7132444048246
7234,Ybx1,263,784.6033595638911,751.7445162043875
7235,Ybx1,263,789.4113868029972,868.4262608832169
7236,Ybx1,263,790.3818243773558,857.5524370698892
7237,Ybx1,263,791.6570550939414,1006.7211818488678
7238,Ybx1,263,792.323896492378,863.5691675554879
7239,Ybx1,263,796.874631825092,874.2342678445627
7240,Ybx1,263,801.2872476769043,887.649859573143
7241,Ybx1,263,801.9903627601659,845.1295273215417
7242,Ybx1,263,804.6872154831137,982.2886994956727
7243,Ybx1,263,804.6982337285428,769.5259484892277
7244,Ybx1,263,805.0518931249499,760.1139388258891
7245,Ybx1,263,805.0939707127118,1000.0328869422484
7246,Ybx1,263,807.0897971468456,886.840139642507
7247,Ybx1,263,822.6302628662278,775.9591290043688
7248,Ybx1,263,829.353775700254,1100.0568328447555
7249,Ybx1,263,833.767893901173,1109.1638219050465
7250,Ybx1,263,843.4314761892261,1059.599353469215
7251,negative_control,1983,859.6280757342887,1065.582985491399
7252,Ybx1,263,863.2034439646688,882.9293066961611
7253,negative_control,2019,864.0113444204923,1054.263367082095
7254,Ybx1,263,876.6394485002106,938.0739632571908
7255,Ybx1,263,882.1315471322213,1018.964975069632
7256,Ybx1,263,888.2679522873076,1026.7701080050704
7257,Ybx1,263,892.7586059563057,1168.0291157942672
7258,Ybx1,263,912.4206581733564,1188.089673440746
7259,negative_control,1984,701.4197572163389,850.960911363584
7260,negative_control,1984,800.2949526274484,842.6930065255881
7261,negative_control,2011,793.7125206590541,807.5744852271783
7262,negative_control,2011,827.0183782357651,834.967712187889
7263,Trp53,242,550.8981726203581,844.7897187313168
7264,Trp53,242,598.8596848877796,861.2530537468716
7265,Trp53,242,604.8850471640405,768.993769519505
7266,Trp53,242,612.6790884987811,812.078365741577
7267,Trp53,242,617.5253778791467,820.8365501695655
7268,negative_control,2009,785.2297641777748,807.9563346309635
7269,Trp53,242,802.4792976688939,1089.3096373721498
7270,Trp53,242,813.9018565378421,802.6104561926768
7271,negative_control,2092,852.3910719267735,990.9601220590662
7272,Rps6kb1,195,722.8539450474892,813.020467136463
7273,Tbrg1,225,761.1807214519835,1070.2491508812243
7274,Tbrg1,225,767.0499721780753,774.5709567358256
7275,Tbrg1,225,790.7986965359904,917.7366200944356
7276,Tbrg1,225,798.064205188926,998.7997123246588
