,gene,gene_number,x,y
0,Ppm1g,150,628.0239171238657,1776.7291659222074
1,Uqcrc1,256,643.0488307077579,1775.8863564089029
2,Arpc5,8,656.8963813854781,1805.4134095026104
3,Spp1,214,666.3418134255661,1806.56222662736
4,Spp1,214,685.8845547095316,1809.672234304251
5,Tmbim6,230,704.5514386049157,1788.0753790048298
6,Mmp14,87,703.8524116384406,1788.0172281484915
7,Ppm1g,150,726.2748712771364,1774.1035628499485
8,Ncl,121,728.2396470514487,1772.5533489290033
9,Hspd1,64,728.0840857560648,1840.2910070521823
10,Mta1,113,729.2806601125931,1840.0421890222767
11,Tcp1,227,727.7698444283201,1840.8373982209173
12,Tpm4,239,733.3183847472098,1859.8750830053664
13,Mvd,116,739.3220804795445,1869.067143378105
14,Arpc5,8,745.5607924128199,1885.74935350149
15,Ppm1g,150,768.4216323956786,1800.0196780295205
16,Ctsb,25,767.9120543068174,1864.5743187026728
17,Tmed9,231,769.1122799659313,1865.535219698833
18,Hdgf,56,777.0664061090592,1880.2308150215213
19,Spp1,214,778.0196511926754,1880.530180329444
20,Spp1,214,783.5759118702174,1844.724341424828
21,Rad21,176,783.3314479454953,1826.1799203442483
22,Ltbp3,80,784.2312104812474,1882.8283932681884
23,Psap,160,793.5136420359786,1796.0704830984337
24,Arpc5,8,795.2405285285843,1777.568072437201
25,Ppm1g,150,798.2420858044915,1905.0911178491765
26,Zfp36l1,269,812.0303976889409,1851.3942748100503
27,Rarg,179,814.5201861688168,1914.2288172779336
28,Cops7a,17,832.397310307252,1927.5577887805853
29,Cops7a,17,833.4030148068027,1856.9695292991623
30,Ltbp3,80,845.1683688938837,1777.205491330882
31,Khdrbs1,73,846.6201694993981,1943.701468855878
32,Vat1,259,847.4711418529312,1961.84561563812
33,Arpc5,8,848.703988165883,1957.040922092648
34,Ptgs2,170,850.4592264394948,1810.046459208456
35,Tpm4,239,851.0598248985041,1796.7636943308316
36,Zyx,271,850.8986397192178,1970.102392046272
37,Cct8,11,855.8258512977687,1935.2282259840672
38,Cops7a,17,864.997317308018,1954.159139158121
39,Cops7a,17,866.9982109410233,1861.6546933724765
40,Ppm1g,150,871.9420306093048,1917.3382837293025
41,Mvd,116,873.2031361515277,1847.8265359109912
42,Arpc5,8,877.6435760338984,1915.970719382267
43,Tpm4,239,881.4599759636681,1964.400502399307
44,Khdrbs1,73,885.4929887550289,1964.0608122684127
45,Zfp36l1,269,888.7844147081114,1914.3430757769925
46,Vim,261,891.573261614038,1956.4646824221225
47,Hspa8,62,891.3209386773875,1956.7856593824424
48,Efemp1,29,892.1075355972316,1955.97801794488
49,Ppm1g,150,894.4141805073211,1823.6959348448463
50,Spp1,214,895.638902948444,1930.0467250800637
51,Rarg,179,907.1282180305312,1791.6653404174322
52,Spp1,214,911.0337068449508,1943.4561760968263
53,Khdrbs1,73,912.1771015380197,1798.8869498903523
54,Ppm1g,150,920.470491705467,1825.971410761184
55,Ppm1g,150,936.1593736443268,1849.1501908903
56,Ltbp3,80,939.3844275825122,1947.7138083780912
57,Mvd,116,946.6116316949616,1907.7323928955448
58,Spp1,214,952.2745952962892,1808.7743578231248
59,Ppm1g,150,952.4845999261386,1888.1374941989104
60,Aebp1,4,965.7661582576642,1924.5026329443413
61,Cops7a,17,965.1352038427904,1925.7858814770489
62,Spp1,214,969.0395011069558,1835.7215257740284
63,Fus,47,971.1029024695345,1896.327098010421
64,Spp1,214,972.0678485186504,1824.2947539257607
65,Ltbp3,80,973.1869671161696,1902.795154642368
66,Zfp36l1,269,974.937790649198,1860.4921632619976
67,Arpc5,8,976.8793880007972,1922.2184494300243
68,Spp1,214,983.586703552778,1906.4643247333904
69,Spp1,214,986.4319504486772,1927.177326165376
70,Cops7a,17,986.5013043141996,1913.4758531061696
71,Arpc5,8,989.1361924785982,1836.513712035136
72,Spp1,214,993.1329238885224,1914.5706481609996
73,Spp1,214,993.7108239518108,1903.9137580588908
74,Cops7a,17,996.4364019658068,1892.887625868288
75,Rpsa,197,999.276176574262,1862.166103718504
76,Spp1,214,999.9093043718495,1819.1132364808616
77,Spp1,214,1002.9438375019909,1919.282836106877
78,Sec13,204,1003.5647629156928,1900.972983021444
79,Ctsb,25,1003.1484390269596,1927.064813343803
80,Ltbp3,80,1005.2159609395256,1848.629769335845
81,Ppm1g,150,1017.8343378176016,1844.493661867525
82,Spp1,214,1021.8331528034098,1903.86114979459
83,Arpc5,8,1039.7657125141,1862.3316050566489
84,Spp1,214,1047.6674587770508,1931.1850186448032
85,Ncl,121,1048.046537149086,1931.4906038414272
86,Vim,261,1047.726187076301,1930.4321863779523
87,Ppm1g,150,1063.719477222472,1835.82857275153
88,Cops7a,17,1073.452444068202,1851.241822282778
89,Spp1,214,1085.6912675457295,1913.144771211859
90,Ubxn1,253,1088.4151434983646,1855.2972908154727
91,Mvd,116,1088.5525144431333,1854.8009842168044
92,Spp1,214,1089.6778016868725,1916.1246712066345
93,Vim,261,1095.4865201079042,1865.3400717382729
94,Ppm1g,150,1096.143251242438,1865.296385060652
95,Arpc5,8,1097.833016260916,1901.599274281176
96,Khdrbs1,73,1100.7648635782705,1898.388463598724
97,Rarg,179,1103.6886921590828,1915.0364699192564
98,Rpsa,197,1115.790246283888,1949.0635401052832
99,Srebf2,215,1119.4864228610363,1933.4946777153052
100,Ppm1g,150,1120.7162912820058,1933.5427490010877
101,Zfp36l1,269,1121.6455239117752,1883.828854371335
102,Khdrbs1,73,1124.321382007338,1872.7843090076224
103,Spp1,214,1125.6761660418708,1956.7426341535136
104,Ltbp3,80,1130.2355898602573,1914.4452032790252
105,Tpm4,239,1132.4227513905598,1883.744495254188
106,Mrpl37,99,1131.358747847148,1882.2151154346775
107,Rarg,179,1132.6666391777203,1926.070381921495
108,Ppm1g,150,1142.878280280875,1958.590896416708
109,Ppm1g,150,1151.9594262795872,1947.8163928557944
110,Arf1,6,1163.309856980286,1926.450105603297
111,Myh9,118,1162.8890748447684,1927.5468536837727
112,Tubb5,246,1164.3125598247086,1926.873545565544
113,Rpsa,197,618.2505495962421,1771.283492013543
114,Aebp1,4,627.8497955535471,1777.1614945002032
115,Psmd2,163,629.827757057601,1767.7695279310708
116,Ctsb,25,631.8800840697355,1783.2843944732394
117,Npc2,128,639.6175913641389,1797.4415405990846
118,Pdha1,139,639.8252361307781,1797.8558751090395
119,Psmd2,163,638.8179648618666,1798.2638039515373
120,Rpsa,197,645.3930573591064,1771.16726726887
121,Rpsa,197,646.0570881266501,1800.2145048245502
122,Rpsa,197,652.8610756626679,1774.1435725461874
123,Ssrp1,219,651.8539603944686,1779.87796965114
124,Vim,261,653.8453308483731,1809.0296169745895
125,Lamp2,75,654.5974155343914,1810.0879530309228
126,Psmd2,163,652.7136545344748,1808.2096580068803
127,Rpsa,197,656.7452884866244,1807.6569666617968
128,Tspan3,245,657.3290236433429,1798.418255528785
129,Fbln2,42,659.8433931543207,1789.71887942615
130,Rpl15,186,663.7736695170513,1776.0048800471068
131,Ncl,121,664.2115735490413,1781.1944250780232
132,Psmd8,166,670.9718976101777,1787.8236190037917
133,Fgf7,43,672.6002594183324,1818.5793288112425
134,Tspan3,245,672.6619982077615,1823.418928786704
135,Aebp1,4,673.2858369157743,1803.9341828228696
136,Ctsb,25,674.367691807194,1765.1510542966366
137,Rpsa,197,674.8419083939575,1822.3928468111164
138,Lamp1,74,676.3196317725649,1781.810597778254
139,Tspan3,245,676.1059609649053,1782.5778887794615
140,Rpsa,197,677.745272115397,1784.5325923175428
141,Aars,1,679.4210346608374,1819.791033373649
142,Gsto1,54,679.2992256245351,1803.3922774507469
143,Rpsa,197,679.3142528532593,1802.8909736649616
144,Xdh,262,680.0609567923145,1803.9243749617387
145,Rpsa,197,681.2174548564974,1799.3482760437971
146,Aebp1,4,683.7641177318767,1815.804218850368
147,Rpsa,197,683.6016435558925,1786.4182881046322
148,Aars,1,685.5347698458442,1831.4204847643784
149,Fbln2,42,687.4171936632608,1778.6422216901587
150,Ctsb,25,687.9071229756307,1823.083142843686
151,Rpsa,197,688.5494196410413,1790.0078343804944
152,Ctsb,25,688.8676266514547,1808.4973897752348
153,Aebp1,4,689.6925344148091,1832.2288062238476
154,Fbln2,42,689.7550071299862,1824.9108123649787
155,Rpsa,197,690.4550941950478,1799.4167952039186
156,Fbln2,42,693.6656893918278,1819.5154368710755
157,Aebp1,4,696.1790793747164,1802.0997887780984
158,Psmd2,163,695.4326372393441,1776.6325584924991
159,Msn,112,697.5662590605231,1811.9958902198427
160,Hnrnpk,59,696.9642080932906,1833.2088039610903
161,Tspan3,245,697.4114997468456,1826.1012450778244
162,Ctsb,25,698.6996787343828,1796.3070817322832
163,Fbln2,42,698.4453489214385,1809.271106016111
164,Maged1,82,698.5099083371962,1824.4610005709412
165,Tbrg1,225,696.9890910258157,1824.1106859469496
166,Timp2,229,697.1717596169884,1824.7068014324643
167,Rpsa,197,699.1904124637639,1834.4173911784649
168,Fbln2,42,700.626128147559,1789.378773890516
169,Rpsa,197,701.0027838315216,1786.0562220284887
170,Fbln2,42,701.889140777741,1799.241393300454
171,Rpsa,197,701.7404294223031,1828.3476595816185
172,Aars,1,703.7494919147524,1783.5667809355675
173,Rpsa,197,706.2471183065073,1802.061855493073
174,Psmd8,166,710.7681221135242,1782.866752611248
175,Fbln2,42,711.865197413948,1796.4636083678745
176,Rpsa,197,713.5074629049719,1816.565558552944
177,Aars,1,714.4160018206865,1843.40874914739
178,Rpsa,197,716.9190695972709,1822.064991151677
179,Rpsa,197,718.1425101568375,1812.934722161188
180,Aebp1,4,718.2609534215721,1786.40706226132
181,Rpsa,197,720.169239619764,1778.9247907234924
182,Rpsa,197,721.0629649002527,1799.8845252885326
183,Rpsa,197,722.1982693272107,1855.882464251183
184,Rpsa,197,724.3925946792806,1822.8327659706024
185,Rpsa,197,725.0755403076405,1809.3428557534608
186,Rpsa,197,725.8021634783303,1846.406295900141
187,Fbln2,42,726.6291961224775,1851.730426884775
188,Rpsa,197,726.7871390577312,1782.1241303692875
189,Rpsa,197,727.5709823386619,1849.8401300477492
190,Psmd2,163,728.3490519149323,1875.0201839812603
191,Rpsa,197,728.2667822501986,1869.083112657976
192,Psmd2,163,729.3195554795412,1796.806933905253
193,Rpsa,197,729.4173952110068,1865.004965491212
194,Tspan3,245,732.7036625230533,1777.1940472761537
195,Vim,261,732.4084710869647,1889.8663967483487
196,Prmt1,153,732.8314779562077,1889.0675455107012
197,Maged1,82,732.5346880568916,1890.05346867807
198,Aebp1,4,732.4333457145057,1783.0234908101488
199,Rpsa,197,733.0689924803921,1813.8358344762
200,Fbln2,42,735.2237602592597,1772.750431755609
201,Psmd2,163,736.4721055898555,1827.5090137632287
202,Rpl18a,187,737.237193757493,1890.4645562069347
203,Gsto1,54,737.1989952356079,1889.035561163466
204,Raly,177,736.7619494110767,1861.6017218616828
205,Rpsa,197,737.1501487780555,1861.9392934208283
206,Psmd2,163,737.8651577789278,1880.7627716120392
207,Rpsa,197,738.7517590385927,1857.319272462596
208,Rpsa,197,740.2952653000317,1780.1949122472663
209,Rpsa,197,741.2296978420759,1811.4778518060896
210,Rpsa,197,742.428150116645,1787.3630980588714
211,Rpsa,197,744.0617948847791,1808.5656793009184
212,Rpsa,197,746.0194488897804,1778.816131373776
213,Fbln2,42,749.0417990745892,1893.5915828648945
214,Psmd2,163,748.9581120148982,1815.5117429351365
215,Rpl18a,187,748.9814888995357,1790.6495975841258
216,Psmd2,163,750.8048902846956,1894.1387860619727
217,Psmd2,163,751.67128571749,1872.5598459665453
218,Rpsa,197,751.7232278407515,1834.9389696465248
219,Hspa8,62,751.7556439729357,1836.3367990478907
220,Rpsa,197,751.7200336304229,1885.0166585058903
221,Rpsa,197,753.9604580450675,1830.5363730564543
222,Rpsa,197,754.4670809858641,1817.3901783367307
223,Rpsa,197,754.7042963610511,1806.6032244056328
224,Rpsa,197,756.3120761691475,1877.08968037624
225,Rpsa,197,757.1791248095525,1840.758120116971
226,Ctsb,25,757.8396921944894,1792.5984644503176
227,Prrx1,159,759.8233887415109,1776.563609665288
228,Ptges3,168,761.7346534909525,1831.722747016477
229,Prrx1,159,760.5453055028154,1831.8563553080903
230,Aars,1,760.6207664502246,1878.3960003101336
231,Rpsa,197,762.8694068287564,1849.3231139296977
232,Psmd2,163,764.2120867620694,1873.093957054552
233,Aebp1,4,764.7487790293229,1830.9872180741315
234,Psmd2,163,765.6260808125598,1772.5141339754846
235,Rpsa,197,768.0908012651005,1829.5461616221075
236,Psmd8,166,768.9406999340597,1806.438194686628
237,Rcc2,183,768.9344636675032,1883.34859579009
238,Pdia4,141,768.7735204021225,1882.5353859413208
239,Zfp36l2,270,774.10464891426,1822.5752066573368
240,Aars,1,773.7887920432505,1890.0448703671443
241,Top2a,236,773.5056942134366,1853.6298695887344
242,Timp2,229,773.5135795699434,1862.112388111524
243,Fbln2,42,773.8332608208533,1861.9686560622329
244,Aars,1,775.2217079297449,1791.235781537083
245,Prrx1,159,775.1837970056615,1787.7302853192734
246,Rpsa,197,775.7093875985607,1832.4062531617708
247,Aebp1,4,777.8219614622851,1881.0730848994024
248,Ctsb,25,778.9413124293925,1857.750714996904
249,Tcp1,227,778.8616916387919,1792.7297537692957
250,Maged1,82,779.0904725669521,1792.25630663508
251,Rpsa,197,782.2122517179472,1889.2847489285348
252,Ctsb,25,782.1826349610058,1825.6339023778685
253,Rpsa,197,783.2815563781941,1829.1207358194729
254,Gsto1,54,782.3658692495994,1873.6087589233464
255,Rpsa,197,781.9693481550636,1874.2870735912768
256,Ssrp1,219,781.8431345720473,1819.2738950120888
257,Aebp1,4,783.8844686232997,1850.1085094246
258,Rpsa,197,784.26362654718,1902.3816918391972
259,Ptgs2,170,788.6834569897638,1799.0199030153578
260,Ncl,121,786.6658489811523,1887.057349496898
261,Hspa8,62,786.1755943228461,1887.3041674406456
262,Rpsa,197,787.0000287516336,1816.6512060666448
263,Rpsa,197,787.9177520449928,1841.7590222689676
264,Gpi1,52,788.8228441441348,1839.177746203686
265,Rpsa,197,791.2835078959706,1827.1995529148207
266,Ctsb,25,791.1505110460996,1879.9494006551856
267,Aebp1,4,791.8958516096193,1798.715204005082
268,Ssrp1,219,793.5052178583386,1903.1508406954856
269,Fbln2,42,795.4773077492594,1898.8867062217612
270,Rpsa,197,796.1075134409125,1891.2351324695976
271,Aebp1,4,796.4341391079167,1846.715756572928
272,Ctsb,25,798.6307922698281,1790.4192052389012
273,Fbln2,42,799.3994887088809,1903.1563994534563
274,Aebp1,4,799.878642858009,1838.950847658168
275,Eif3f,35,799.2413017092349,1814.799759082084
276,Fbln2,42,800.9189410092961,1820.5741392879563
277,Myc,117,802.1792959524857,1805.7835407643988
278,Psmd2,163,803.2294456347621,1873.2857062500332
279,Psmd8,166,802.9207741331439,1875.9607895962731
280,Tcp1,227,804.30923199568,1905.9313862472168
281,Rpl15,186,804.3031292274374,1906.3355256737568
282,Rpsa,197,803.7505462530322,1907.2132439147176
283,Prrx1,159,804.0136888822638,1901.7310412363695
284,Rpsa,197,805.0289289726418,1837.5498941770263
285,Fbln2,42,804.7169007391542,1799.7948583486186
286,Fbln2,42,806.4863189161471,1814.7305178593251
287,Rpsa,197,806.291363385551,1779.2827786064474
288,Rpsa,197,809.1765542357913,1896.1337478086095
289,Rpsa,197,809.3579298121929,1909.54460571178
290,Rpl18a,187,809.4436386855723,1795.9392268877623
291,Mrps18b,106,810.0843097964062,1795.2179065708867
292,Fbln2,42,809.6656447318071,1796.1452076268697
293,Prrx1,159,810.6728968503843,1803.5255296142248
294,Aars,1,812.308224973822,1916.128700451522
295,Fbln2,42,811.9037602037099,1776.3755390385927
296,Morf4l2,88,813.2133775226393,1774.420083801001
297,Fbln2,42,811.8944737978716,1884.6059599511557
298,Rpsa,197,812.9047232353822,1881.112028322512
299,Rpsa,197,813.0718063519587,1807.5382770405135
300,Rpsa,197,817.6655272631446,1816.5569508227843
301,Rpsa,197,817.0193749875689,1869.8642980821355
302,Eif4g2,38,816.3744249287139,1899.7122887695696
303,Ddx17,26,819.0162594917983,1904.3906171881213
304,Aebp1,4,819.349810943909,1891.4522553416928
305,Rpsa,197,819.0413337076511,1776.6548562186815
306,Rpsa,197,819.509904609746,1906.4667765780327
307,Rpsa,197,821.4829335920859,1826.920682109755
308,Fbln2,42,821.5822854353219,1934.9781887123463
309,Rpsa,197,821.6337626320201,1896.812355538248
310,Rpsa,197,821.8763487397649,1921.764328833
311,Rpsa,197,822.3004678656464,1806.774435964298
312,Aebp1,4,822.3564436163792,1912.4100683095417
313,Psmd8,166,823.13636203702,1941.0175839889216
314,Ctsb,25,824.409722218847,1853.6912072541404
315,Ctsb,25,823.9194103839516,1813.6631911007569
316,Rpsa,197,824.415041123724,1781.9005680177129
317,Rpsa,197,824.8413263457056,1878.5407127985527
318,Aebp1,4,827.6264358443523,1935.190722905144
319,Thy1,228,826.74663422477,1935.4137406583857
320,Vat1,259,828.6264185507185,1786.8006648934554
321,Msn,112,829.044725932131,1779.1875637215849
322,Mrfap1,89,828.8427623663741,1779.9133479475945
323,Rpsa,197,829.7268284068846,1966.4262082855169
324,Rpsa,197,830.8138565557226,1852.014831140537
325,Rpsa,197,831.4767981968977,1812.75662808406
326,Hdgf,56,833.5846794689696,1874.679425043776
327,Prrx1,159,832.7388780608879,1874.0306880118012
328,Ctsb,25,833.1558225532457,1945.1707202388995
329,Rpsa,197,833.1554162624598,1925.2741213889797
330,Csf1,21,833.5853472519365,1773.0492090344856
331,Ercc1,40,833.8818947244688,1773.3383338566546
332,Ptges3,168,833.1343874021522,1773.362311136707
333,Gas1,50,833.4217176988786,1772.7645337421334
334,Rpsa,197,835.078514044568,1774.1000148999972
335,Tubb5,246,833.0428470405272,1773.2074809083515
336,Aars,1,833.0190070313024,1771.8578399699095
337,Fbln2,42,834.0353139314324,1887.8673172264905
338,Tspan3,245,837.3046425228637,1896.8142366694256
339,Prrx1,159,837.323961851564,1955.5555936058515
340,Cited2,13,837.5334036112769,1797.4591717036192
341,Psmd2,163,837.7033346458511,1965.6964372093648
342,Aebp1,4,838.8765651405353,1792.4572150834313
343,Rpsa,197,839.4468565948891,1810.1118926391575
344,Rpsa,197,839.8515941532878,1888.5403717956572
345,Rpsa,197,839.1553823773694,1939.914278921913
346,Psmd2,163,840.4348632155504,1781.3023355936175
347,Rpsa,197,842.4832384163242,1971.395684423031
348,Rpsa,197,841.556294018322,1840.7592982045417
349,Eif3i,36,842.7286757094871,1951.8612315858288
350,Rpsa,197,844.0589366204132,1950.0718144662155
351,Psmd2,163,843.2292266128636,1895.2758413537167
352,Mtch1,115,848.0947570913662,1920.466371032516
353,Ctsb,25,845.9769306032915,1920.348791218295
354,Cox7a2l,18,848.0461747325157,1921.3325408219969
355,Msn,112,847.5664563592201,1920.304835472261
356,H1f0,55,847.2647188592164,1920.488908113828
357,Mtap,114,846.9912322787898,1956.317765122078
358,Ybx1,263,848.1515085121308,1958.1360579862771
359,Psmd2,163,847.2573992087829,1945.7325727287264
360,Rpsa,197,849.0443005933832,1903.6056033584928
361,Ctsb,25,849.193464094546,1894.8473295877093
362,Rpsa,197,848.7828087561903,1783.700757300545
363,Rpsa,197,848.8788675132488,1791.426936776247
364,Aebp1,4,849.9874172728647,1866.7172353866292
365,Aebp1,4,849.9449514720345,1909.709710016738
366,Ctsb,25,850.3182200696872,1832.445340822755
367,Loxl1,78,852.5013876998449,1975.4456667002253
368,Clta,15,850.7299563453239,1975.4858238681536
369,Got2,51,851.7523173640978,1975.9508728759
370,Tnfrsf1a,233,851.0451347294318,1974.5162358287096
371,Rpsa,197,851.0484989572732,1808.866379407165
372,Fbln2,42,851.4195475223403,1897.380768169004
373,Psmd2,163,854.1226417988362,1968.3556076150803
374,Psmd2,163,854.7324917266546,1878.7529425569908
375,Rpsa,197,855.1187001187275,1841.1735556391457
376,Myc,117,858.2438578639814,1805.3672438207584
377,Ptges3,168,858.611266665689,1889.3958069224827
378,Mtap,114,859.0602887463641,1888.813863893493
379,Ctsb,25,858.3665392850969,1923.6543718774044
380,Fbln2,42,860.0902460670586,1927.607568782838
381,Rpsa,197,859.8133953070591,1781.9438569423132
382,Rpsa,197,861.0261802454909,1803.9732040577744
383,Vim,261,861.9945913305331,1945.126089651441
384,Tspan3,245,862.4819993587408,1944.848717926469
385,Ctsb,25,862.6749495646362,1938.1461887265448
386,Myc,117,862.757356356323,1793.4161112405347
387,Psmd2,163,863.6422431612848,1955.2302587420309
388,Ctsb,25,865.6884422818946,1901.661941435544
389,Psmd2,163,865.8129873169261,1947.9577593174356
390,Rpsa,197,866.6996222901678,1839.284709485952
391,Fbln2,42,867.989807860336,1897.6845375020723
392,Myc,117,869.0366305510676,1962.56129488562
393,Cited2,13,867.3830068979651,1964.1233779339625
394,Rpsa,197,869.7206517787602,1780.1896022210194
395,Rpsa,197,870.4523125984418,1787.2798547787572
396,Psmd8,166,871.4414105251801,1948.029225825932
397,Psmd8,166,872.6085877332653,1927.9254715643688
398,Rpsa,197,873.1176239654303,1965.8862220455453
399,Tmbim6,230,874.686053197533,1946.5013703591983
400,Rpsa,197,874.4219347985321,1946.8843073385813
401,Stip1,221,874.0825722427014,1945.9413110050616
402,Fbln2,42,874.7075629033646,1881.9425390466324
403,Rpsa,197,875.1623958569282,1821.264708440004
404,Rpsa,197,876.2675810264185,1797.7856490909594
405,Rpsa,197,879.4656304819343,1868.458511525681
406,Rpsa,197,879.2544249817483,1838.8978312937795
407,Pkm,144,878.8822805337238,1839.1911337700817
408,Aebp1,4,879.4154892938446,1810.011648361998
409,Rpsa,197,881.8518684615008,1941.0713090544969
410,Rpsa,197,881.2733984242318,1910.3639621589568
411,Rpsa,197,882.6752326227667,1960.882113427847
412,Fbln2,42,883.2199063539008,1869.640458331126
413,Zyx,271,883.7501645595512,1881.069170912292
414,Lamp1,74,884.4370441972438,1880.688253394164
415,Gas1,50,884.9282550843199,1880.7955547507208
416,Fbln2,42,883.3546802575859,1880.8188330209384
417,Rpsa,197,883.2997194126426,1884.4153911118003
418,Myc,117,884.4657327674348,1801.3585543473337
419,Tspan3,245,886.5704706032053,1796.869311196829
420,Vim,261,887.1050582931799,1958.9698510222088
421,Ptges3,168,887.3111569909802,1960.35004100366
422,Fbln2,42,886.4860836002056,1892.255903617718
423,Ctsb,25,889.641104498683,1907.05999429418
424,Psmd2,163,889.6641338081415,1874.75955544726
425,Psmd2,163,890.9648407491709,1947.5181035824985
426,Myc,117,893.006369071532,1956.155933094381
427,Gas1,50,892.2622781547459,1957.0046318154928
428,Ctsb,25,895.6423961348091,1923.3211282185343
429,Fbln2,42,895.5058154755802,1859.930865436236
430,Myc,117,898.0148701246919,1862.681043894011
431,Rpsa,197,898.925792828051,1780.778284429688
432,Prrx1,159,899.4003055394861,1897.576637392627
433,Rpsa,197,899.646893896296,1856.3015059470335
434,Loxl1,78,901.6715088166824,1964.8982257672037
435,Myh9,118,900.0394051317251,1964.5657269836515
436,Aebp1,4,907.4455730283714,1823.012861855596
437,Rpsa,197,908.9112364570722,1933.624477949144
438,Aebp1,4,908.55943283331,1895.532808701588
439,Aebp1,4,908.6745084512768,1846.2133223077008
440,Myc,117,911.4045688556791,1815.002427466776
441,Rpsa,197,912.1753295640953,1940.0233764410705
442,Rpsa,197,912.8378276994456,1950.2008856359157
443,Rpsa,197,913.0261664815812,1844.73560901502
444,Rpsa,197,913.6764339900176,1825.6824355708693
445,Prrx1,159,914.290644529631,1872.1782546423992
446,Fbln2,42,915.1403904524084,1902.9483577816052
447,Rpsa,197,915.6338721991052,1836.4624669450177
448,Fbln2,42,915.6728343155152,1894.0136009113655
449,Rpsa,197,916.2205139966755,1851.6260055792832
450,Rpsa,197,918.083523421676,1804.0547596343893
451,Tspan3,245,918.662861774035,1793.7879075322287
452,Rpsa,197,918.2215539093452,1797.6195627717782
453,Rpsa,197,919.0715286140404,1952.1687810196595
454,Rpsa,197,918.7598877209664,1867.3700791817944
455,Aebp1,4,919.5824595844852,1871.5212595023088
456,Rpsa,197,921.1758186737412,1790.522425940639
457,Prrx1,159,921.2827926960786,1825.9052837905
458,Fbln2,42,922.7976176143184,1925.7355447500745
459,Rpsa,197,923.6168148570936,1802.1719864100585
460,Rcc2,183,924.2762191598712,1802.202496510428
461,Rpsa,197,924.7538867764124,1813.5987694875475
462,Prrx1,159,926.6412668347295,1846.6790254325108
463,Aebp1,4,928.4504307100588,1841.1855647033472
464,Ctsb,25,933.109982926568,1933.564371868281
465,Fbln2,42,933.9231689837048,1951.2027893193524
466,Aebp1,4,933.9383274493262,1952.6250518525628
467,Aebp1,4,937.164313572634,1811.5914220914003
468,Ctsb,25,938.2880854785928,1873.6822305205628
469,Rpsa,197,939.2882923688612,1827.6104742607663
470,Fbln2,42,940.2111516756383,1938.9133310752973
471,Fbln2,42,940.9984854526344,1951.907616804114
472,Aebp1,4,940.986106995575,1950.6052639871823
473,Prrx1,159,940.8950533112326,1813.164490877101
474,Tnc,232,940.2732217691864,1812.8107940499124
475,Myc,117,941.264236250472,1911.7583855014727
476,Aebp1,4,947.4234269076024,1905.855829107128
477,Ctsb,25,948.7265027564112,1864.8132987303552
478,Ctsb,25,951.2985431103008,1936.9794839114372
479,Gas1,50,952.0854895112076,1942.0216063347737
480,Pgrmc1,143,951.9911838604504,1942.63489166318
481,Aebp1,4,951.9831888785404,1942.608562200816
482,Rpsa,197,951.5426796524786,1932.729722212841
483,Aebp1,4,952.542356097489,1896.3181594939056
484,Psmd2,163,952.6520352031404,1870.0966666097715
485,Aebp1,4,953.6453898538938,1884.0668569568747
486,Aebp1,4,954.8360196361284,1947.8445442247173
487,Myc,117,955.8618646182584,1823.742384756462
488,Aebp1,4,957.2167296143456,1918.5553348887315
489,Ctsb,25,958.0641399359736,1896.175090290388
490,Rpsa,197,960.2150550499867,1884.956547506437
491,Rpsa,197,959.5829216166226,1863.4887284491049
492,Rpsa,197,962.0634955458902,1902.4756519756845
493,Rpsa,197,962.31108637641,1939.9704006593304
494,Rpsa,197,962.0501345533762,1868.0416521649984
495,Fbln2,42,964.7497468745772,1818.417183216679
496,Rpsa,197,965.409856072174,1825.852607463169
497,Nr2f2,129,964.670369101232,1824.25623651634
498,Prrx1,159,968.1477080949312,1914.0257554636216
499,Ctsb,25,968.442968347138,1882.0275449883447
500,Ctsb,25,971.836914922827,1803.1447493346684
501,Tspan3,245,972.383351247214,1886.9982098650848
502,Rpl21,188,972.1773530718898,1885.057442358383
503,Psmd2,163,973.5035338856212,1916.85906483556
504,Psmd2,163,975.270203419462,1899.0009241961477
505,Ctsb,25,976.2387160520622,1934.5083926458203
506,Rpsa,197,975.7580292038635,1815.4142366567005
507,Rpsa,197,977.1234322398852,1836.3698395402805
508,Rpl15,186,977.847052366532,1802.5000304840069
509,Fbln2,42,978.958203987753,1899.887675088616
510,Psmd2,163,980.4328273767288,1871.833618535505
511,Tspan3,245,981.2385902570492,1926.0542693784585
512,Rpsa,197,983.2340741934042,1943.8565130834008
513,Fbln2,42,984.3355490919068,1811.4854104642848
514,Rpsa,197,983.2219311546384,1847.3815134342983
515,Rpsa,197,986.231448488397,1862.467747730612
516,Rpsa,197,984.7471240624384,1803.6785894827565
517,Aebp1,4,985.8649031275193,1920.024632567628
518,Rpsa,197,985.7863779750704,1870.8531057392456
519,Aebp1,4,986.4506607174558,1897.8788343663
520,Ctsb,25,985.8757394831558,1846.205121003362
521,Myc,117,987.8597040789226,1832.1435728244471
522,Aebp1,4,988.123720713067,1903.6240905404804
523,Rpsa,197,988.01873583478,1941.2430991868832
524,Rpsa,197,988.7500311651112,1836.359087819898
525,Fbln2,42,991.2004092456116,1871.197779320717
526,Rpsa,197,992.2004397848448,1935.518858621385
527,Fbln2,42,993.3064760536456,1884.5431962423909
528,Aars,1,996.7738466934416,1842.0521066481235
529,Psmd2,163,997.755413139352,1883.5031328723887
530,Igfbp6,68,997.0706551104252,1883.9592119848292
531,Fbln2,42,997.82784374003,1809.8759956478848
532,Rpsa,197,1001.6223834283876,1822.4458509797869
533,Oxct1,134,1002.1902243357872,1891.5177479675965
534,Fbln2,42,1004.1603714590032,1911.494238821141
535,Rpsa,197,1004.8016496251212,1833.561299442907
536,Fbln2,42,1006.2965724751948,1900.3031310344995
537,Myc,117,1006.2831205178676,1871.77674720793
538,Psmd2,163,1007.179323668594,1909.480189141096
539,Tpi1,237,1010.21864425031,1827.740437812188
540,Vim,261,1009.6185294858732,1827.2857100746528
541,Fbln2,42,1009.752936004438,1825.7686527645687
542,Aebp1,4,1009.8776850404236,1830.474170916193
543,Aebp1,4,1011.052488199836,1916.494953889032
544,Rpsa,197,1014.1431098583056,1910.5820533554772
545,Myc,117,1014.2700973411274,1930.168726074596
546,Tspan3,245,1014.8810306490352,1887.2843565841997
547,Rpsa,197,1014.8251011364216,1834.855380623042
548,Fbln2,42,1015.8244590041342,1893.6809687504497
549,Rpsa,197,1015.818911864113,1922.1024077353236
550,Aars,1,1016.5697063213064,1827.00808579261
551,Rpsa,197,1018.0927417996144,1846.271116862551
552,Rpsa,197,1019.4196617479416,1823.756989008384
553,Rpsa,197,1021.6158860741764,1901.171989598239
554,Aebp1,4,1022.0540598430424,1861.5277049147471
555,Ybx1,263,1023.8406923438648,1815.4214440661613
556,Maged1,82,1023.604161193321,1814.7779952296116
557,Vim,261,1025.0740389733262,1814.9330081579096
558,Skp1a,207,1024.702470265583,1814.7966331531816
559,Aebp1,4,1024.7923171972382,1878.586355001604
560,Aebp1,4,1025.6318099822306,1932.9187457773264
561,Rpsa,197,1025.6549423069443,1926.020845181431
562,Aebp1,4,1028.1645577834934,1940.5301862606464
563,Rpsa,197,1027.9755792161704,1891.5013202433363
564,Psmd8,166,1029.7314464616986,1880.3695985566887
565,Ybx1,263,1029.3836504490923,1848.823423146316
566,Rpsa,197,1031.2414496153913,1913.538199168366
567,Prrx1,159,1031.500749904468,1906.0540613840667
568,Fbln2,42,1032.4287957382987,1892.9238268551176
569,Fbln2,42,1033.9040062665802,1897.1587445017624
570,Rpsa,197,1033.5751247983233,1933.087571347504
571,Prrx1,159,1035.027978187452,1836.0441255017367
572,Aebp1,4,1036.0164096435915,1879.797413365627
573,Fbln2,42,1036.081227065886,1860.1724120736435
574,Rpsa,197,1038.4362413632573,1902.667459245844
575,Aebp1,4,1039.778021232327,1899.9293910720148
576,Ctsb,25,1040.3548187138326,1867.327595497726
577,Rpsa,197,1041.5768367903036,1890.745068651468
578,Aebp1,4,1041.7577494725904,1850.3062482665869
579,Rpsa,197,1042.898152753131,1900.1873479062308
580,Rpsa,197,1043.3045901006376,1910.212941388707
581,Fbln2,42,1043.2324010465338,1894.741802423221
582,Fbln2,42,1044.5735170817002,1914.697832226262
583,Ctsb,25,1045.6380357853025,1854.7366478583476
584,Rpl18a,187,1046.8772274310727,1885.365606231955
585,Aebp1,4,1046.908264979589,1890.246838674219
586,Fbln2,42,1046.7581852467167,1858.2254945572315
587,Rpsa,197,1047.3845338487383,1828.5305639315843
588,Rpsa,197,1047.4503990295211,1831.950991403856
589,Rpsa,197,1050.8610191981015,1921.1134430524828
590,Rpsa,197,1053.768181559809,1918.732018083021
591,Zfp36l2,270,1057.129737466627,1898.2336857766816
592,Ctsb,25,1057.118122490239,1863.6473960370424
593,Psmd2,163,1059.4295473283016,1832.0605465215688
594,Rpsa,197,1063.3997025678989,1888.4507935671768
595,Rpsa,197,1064.400749248051,1931.2699059710685
596,Ctsb,25,1065.038953906478,1917.6048957722537
597,Prrx1,159,1066.89448300371,1897.6808125187013
598,Rpsa,197,1067.3658478229422,1932.9975257424112
599,Rpsa,197,1070.2303395568956,1942.387503042295
600,Rpsa,197,1072.967441242592,1858.949700334246
601,Oaf,133,1072.187348623647,1905.758735960669
602,Rpsa,197,1073.4843595237603,1905.300957973592
603,Rpsa,197,1074.8136476115942,1912.4483419230164
604,Rpsa,197,1074.6223222010692,1892.3433831559587
605,Rpsa,197,1076.9965534531998,1886.288195581948
606,Gpi1,52,1077.220629025153,1853.5779982287663
607,Rpsa,197,1081.0180173933863,1878.922909758412
608,Vim,261,1084.5993946585809,1913.4981738857396
609,Rpsa,197,1083.4896247677964,1894.1329431482077
610,Aebp1,4,1083.183851616444,1905.507647809165
611,Aebp1,4,1084.304976578827,1929.039642618676
612,Aebp1,4,1085.3776722902614,1877.3265118252173
613,Fbln2,42,1093.4633485544796,1945.5377766110707
614,Rpsa,197,1093.769752083476,1900.5868691267087
615,Aebp1,4,1099.779016435944,1929.771625540793
616,Rpsa,197,1103.6844762048313,1876.7210405196809
617,Psmd2,163,1104.2115420023697,1923.3205538581503
618,Rpsa,197,1104.0286927766283,1892.1418387189408
619,Eef1g,28,1105.9397264065592,1871.9984962628223
620,Myc,117,1108.4703953330145,1869.0315513625997
621,Rpsa,197,1108.7401496468706,1933.6806197156577
622,Rpsa,197,1110.4742748530357,1921.7813974460355
623,Aebp1,4,1110.4800552687564,1931.1482683221711
624,Rpsa,197,1113.2963635441774,1875.68496606598
625,Rpsa,197,1113.7122511408904,1906.4685538369797
626,Eif3i,36,1115.200793973119,1926.990922472376
627,Thy1,228,1116.982630488129,1951.412115677056
628,Ctsb,25,1116.394282963677,1953.2458188130936
629,Rpsa,197,1117.8020090456737,1904.0592946341017
630,Fkbp8,45,1117.8615936169067,1911.0110858103676
631,Rpsa,197,1118.8694500038869,1871.5582865173308
632,Rpsa,197,1120.2235910402069,1956.0512331347516
633,Rpsa,197,1120.7383253550324,1949.2250093856528
634,Psmd2,163,1123.7358935372984,1940.5226905260777
635,Prrx1,159,1124.2811859604744,1916.069666200368
636,Rpsa,197,1125.888600227983,1909.0653825171296
637,Rpsa,197,1126.8292009596885,1931.3470790883523
638,Rpsa,197,1130.1526781059235,1897.4290781983411
639,Psmd2,163,1131.0731715347436,1918.811948294224
640,Fbln2,42,1131.7648565918953,1914.8893018813117
641,Rpsa,197,1133.9991655577069,1888.8610895056388
642,Rpsa,197,1135.506334833244,1878.7775894525407
643,Rpsa,197,1136.9016908755627,1953.5404629342536
644,Psmd2,163,1140.558343144955,1952.1504975647067
645,Rpsa,197,1141.8375104968295,1944.1759988520885
646,Rpsa,197,1142.2693105809387,1884.8515074651373
647,Myc,117,1143.8906935012774,1889.51261553215
648,Rpsa,197,1146.2169418550477,1895.137915754651
649,Rpsa,197,1146.5290459018463,1919.877887666525
650,Psmd8,166,1147.0188545133178,1950.803437824985
651,Gpi1,52,1147.5646922512217,1959.751047888712
652,Rpsa,197,1151.2848032882162,1947.8755980153303
653,Rpsa,197,1153.6234581384938,1901.5591941644088
654,Rpsa,197,1154.0560001958963,1896.451028760305
655,Eif3f,35,1154.3093488481547,1953.575761293912
656,Rbm3,182,1160.0524186057662,1954.5177015545737
657,Vim,261,1160.7936021408152,1954.3377519276944
658,Hdgf,56,1160.2032639060744,1954.1007023271827
659,Polr2e,148,1161.4525842774158,1953.8266826105807
660,Got2,51,1159.6300378838746,1955.0517496899704
661,Mdh2,85,1160.6511580631718,1953.115355568045
662,Rpl18a,187,1166.981169576873,1899.4820185066503
663,Rpsa,197,1167.143286641843,1943.2693166070571
664,Mrpl38,100,638.6807216364596,1776.6581951401415
665,Prpsap2,157,645.8500869727667,1789.801167919591
666,Mrpl38,100,647.9766112265036,1768.8618600612656
667,Ywhag,265,655.4107602289504,1777.9390332341995
668,Prpsap2,157,658.3683347790235,1764.7266773447868
669,Rpl4,189,671.1317655236775,1814.7651731554515
670,Eif3a,32,670.2758449428918,1814.4755132567475
671,Prpsap2,157,687.7655114984177,1769.727566110315
672,Rpl4,189,699.506971436696,1769.140740270185
673,Ywhag,265,725.5958413186038,1842.261648597494
674,Rab34,172,727.3419824505573,1800.750628585807
675,Ndufs2,122,726.7822560360287,1876.8124463995207
676,Oxct1,134,733.8716068764606,1886.9100904108452
677,Ywhag,265,748.2328380556276,1786.4925324070707
678,Plin2,146,748.8999135220937,1850.417651543272
679,Mrpl38,100,749.7064875073787,1893.652322694502
680,Rpl4,189,754.8667531044628,1793.6129822391233
681,Ywhag,265,758.518382853003,1774.6808143764013
682,Rab34,172,765.9083946213218,1872.6242301888176
683,Ran,178,767.4478048120865,1834.250821436084
684,H1f0,55,767.8848520273841,1833.865053739481
685,Mtap,114,769.3821715819661,1867.5216837237872
686,Plin2,146,771.5985157785208,1883.6071855798211
687,Ywhag,265,771.9106224865347,1852.7018787262125
688,Mrpl38,100,774.5182786662763,1844.192148360186
689,Mrpl38,100,779.4330848064748,1804.406234888379
690,Ywhag,265,787.3253388366248,1838.1643622857032
691,Tapbp,224,789.7737791446785,1880.9787887751336
692,Plin2,146,790.9433517572216,1792.3660422325102
693,Ndufs2,122,812.582764272871,1788.9413480203211
694,Ptbp1,167,817.6910256536985,1899.8720314187096
695,Mrpl38,100,817.6089640045866,1899.4694482664256
696,Rpl4,189,818.8696489526172,1776.867171027292
697,Rars,180,824.091347218952,1939.5771304483756
698,Vim,261,823.551647740113,1939.9243267900413
699,Tubb5,246,823.2828323196612,1939.9255068192424
700,Eef1g,28,823.2161577474179,1940.8916941510251
701,Neat1,125,825.5011144514841,1885.561629772
702,Nr4a1,130,830.6564549828811,1909.6177320389384
703,Neat1,125,843.9619999810648,1902.9093479912103
704,Ndufs2,122,847.670982681751,1971.820017913882
705,Neat1,125,851.4587115717114,1892.9825078905203
706,Neat1,125,857.5297031339037,1871.79422675545
707,Mrpl10,91,872.2496124100905,1791.7155269825817
708,Rab34,172,873.5111246344952,1928.3893108958137
709,Neat1,125,876.0460800911372,1889.9187929537256
710,Neat1,125,876.4430915153823,1924.5890496587783
711,Fkbp9,46,878.0098042482169,1895.703494169714
712,Neat1,125,880.0544976511615,1854.219422506904
713,Plin2,146,883.8436659967131,1929.5932520619265
714,Plin2,146,886.6408348744174,1966.7699714661856
715,Nr4a1,130,893.4537690310789,1960.981754847749
716,Ywhag,265,914.1950360846668,1878.770012996123
717,Neat1,125,920.729066874659,1868.7909067577752
718,Neat1,125,924.822446687258,1831.4857031071608
719,Prpsap2,157,930.7748225616076,1827.1129162933437
720,Rab34,172,932.4473981530292,1885.2055194545744
721,Rab34,172,933.7873916344864,1947.3507356072555
722,Neat1,125,936.79809446738,1842.143073064284
723,Mrpl10,91,938.3611342792618,1811.459662842257
724,Neat1,125,941.366586747815,1842.838389256101
725,Rab34,172,948.0758667266608,1835.651788239749
726,Nr4a1,130,951.6317782413488,1947.657004355626
727,Ywhag,265,955.882625419473,1814.2396207086024
728,Ywhag,265,960.8077781088084,1815.0235299429776
729,Ywhag,265,972.6757391486128,1865.259271531004
730,Plin2,146,988.4807595082892,1852.112741243814
731,Rab34,172,989.6073596304598,1907.699776229608
732,Rab34,172,994.635202379216,1832.3714570719344
733,Rab34,172,1002.9416728896832,1853.3402592248187
734,Plin2,146,1008.0183359202628,1815.334797596226
735,Nr4a1,130,1010.3741613007986,1859.4680238696728
736,Crlf1,19,1016.9530506768664,1887.8813577883795
737,Plin2,146,1027.661268873274,1869.975739347326
738,Ywhag,265,1029.4025329071833,1901.917473456279
739,Rcc2,183,1037.5617321617333,1829.5208059944375
740,Ndufs2,122,1035.684095195827,1828.7686980784547
741,Rpl4,189,1038.5963592740231,1887.1516832016248
742,Crlf1,19,1064.8698874318836,1912.1258129318508
743,Rab34,172,1070.4576198909806,1886.9781927681863
744,Rpl4,189,1074.2713243648834,1875.1606663812188
745,Ywhag,265,1082.503175893285,1862.667972457095
746,Rab34,172,1098.6791560253164,1901.2536186612097
747,Rab34,172,1112.2366096647188,1885.2164200441
748,Plin2,146,1114.9556166613013,1945.6448442552685
749,Ywhag,265,1115.970192280026,1924.6094606265135
750,Plin2,146,1116.5528190817524,1901.3480168734925
751,Ywhag,265,1124.361240430779,1940.9935975924343
752,Ndufs2,122,1130.601966568492,1935.569833842052
753,Mrpl38,100,1150.6951778796602,1918.799967391072
754,Rpl4,189,1151.1737111394773,1941.6531337861857
755,Rpl4,189,1152.0221751413146,1914.1631955595965
756,Mrpl38,100,1153.52905942059,1917.2981944828164
757,Ywhag,265,1155.4171165636208,1924.3600960330716
758,Ywhag,265,1165.9866992959096,1891.815457137374
759,Ndufs2,122,1166.5438211710875,1948.855302231109
760,Eef1g,28,620.2583509420094,1772.6545946156857
761,Ube2m,252,633.2859409209672,1772.5387386751345
762,Pkm,144,632.6696750409546,1790.784252306356
763,Emp1,39,634.5522972023707,1781.7850833440327
764,Cox7a2l,18,635.952830205487,1762.3262678006838
765,Pkm,144,637.5827518439471,1767.7231107692833
766,Eef1g,28,640.8850399802452,1762.2934620715855
767,Emp1,39,642.3265713303788,1773.0913724734542
768,Emp1,39,643.4742436446159,1781.033089669315
769,Timp2,229,645.2699229149835,1792.5622967123
770,Pkm,144,645.7961503192494,1800.43615580629
771,Eef1g,28,646.1284666334134,1763.7175205251883
772,Sf3b2,205,648.1902385221995,1803.238790419803
773,Rab7,174,647.325675862899,1767.8504133490646
774,Hspd1,64,649.0233763322155,1778.6650017425525
775,Pa2g4,135,651.3602061817697,1798.3443376194343
776,Ube2m,252,657.3423512274469,1802.0765655519372
777,Pkm,144,659.4602544159749,1780.4370001235973
778,Emp1,39,665.0819669855564,1812.0847778726288
779,Emp1,39,664.7798050184637,1773.4183746033857
780,G3bp1,49,667.8833142792747,1777.327316281114
781,Npc2,128,673.1947750121419,1801.1676548899843
782,Eef1g,28,672.8062597622134,1800.850928151037
783,Pkm,144,673.5518195705756,1780.4010041287318
784,Emp1,39,674.8487359093334,1807.516123976227
785,Emp1,39,675.6194293499676,1785.2704051758762
786,Pkm,144,677.7972427994374,1805.5016963252945
787,Pkm,144,677.4023430802933,1790.280807814119
788,Ywhaz,268,678.9284827601289,1777.7397456571705
789,Eef1g,28,678.6768814325065,1798.4076014635627
790,Emp1,39,678.9254870115219,1821.231923850075
791,H1f0,55,679.3461464166694,1827.6806668366232
792,Pkm,144,681.2726136654946,1773.6977416077857
793,Timp2,229,683.9297755448222,1821.2472832895191
794,Pkm,144,683.2474913190654,1789.3692003887588
795,Pkm,144,684.5842824980166,1770.3775922623397
796,Emp1,39,684.6309659018727,1778.499461293817
797,Ywhaz,268,685.2831337876937,1812.499785899599
798,Emp1,39,688.9298656168041,1806.617713584
799,Eef1g,28,690.7580572615173,1840.425358114101
800,Eef1g,28,690.432597359546,1770.269674787074
801,Emp1,39,692.1641809138488,1825.259759164132
802,Pkm,144,692.5078315284024,1777.861144047053
803,Pkm,144,693.1650670834085,1812.3392944758104
804,Pkm,144,695.9569829183995,1819.924304267514
805,Emp1,39,697.13501487358,1800.9585476953157
806,Eef1g,28,697.6223426698061,1845.3361244471469
807,Eef1g,28,700.9813603390664,1840.715911975661
808,Pkm,144,703.5817947375574,1832.6059854572957
809,Emp1,39,704.1429806149237,1785.557658703297
810,Tsc22d1,244,705.1923733819092,1790.3559472238555
811,Pa2g4,135,706.5507518629621,1832.3270095203225
812,Emp1,39,707.5097692654213,1804.7514139439832
813,Ran,178,709.8253295303805,1862.4551325751693
814,Emp1,39,710.5628673811494,1791.9940901606255
815,Pkm,144,711.2828043182566,1838.9214854765655
816,Emp1,39,711.954565667736,1789.06187313705
817,Pkm,144,713.3233681489295,1825.4034277872825
818,Timp2,229,713.472208702007,1824.3440031236391
819,Emp1,39,713.3774900703269,1793.7270924187292
820,Pkm,144,713.4915537482449,1817.968809621019
821,Pkm,144,718.5581084999715,1794.3440969872377
822,Tpm1,238,720.9459260127066,1771.904223041672
823,Tubb5,246,722.0568302669011,1846.099490419836
824,Vim,261,721.5453453924812,1845.2576263317424
825,Pkm,144,721.3070870324309,1866.3862113192429
826,Eef1g,28,722.5457482585048,1797.3391482565808
827,Eef1g,28,724.9267888159434,1815.1460789491084
828,Ube2m,252,725.2001599502767,1822.0872405191128
829,Rps6kb2,196,726.2468811805884,1809.531601397517
830,Idh2,65,727.1663641045787,1807.1298983552424
831,Ptbp1,167,725.4077723946756,1809.3051618648344
832,Rab7,174,729.9711882534743,1793.084821927565
833,Ube2m,252,730.0274943041757,1783.5044444331486
834,Vim,261,732.7877832564308,1885.9159932050209
835,Pa2g4,135,731.9972904050235,1837.827037846464
836,Pkm,144,732.8139581821722,1831.828331481935
837,Eef1g,28,733.2392701870633,1812.9368096086391
838,Eef1g,28,733.3271045885626,1844.8064617444224
839,Pkm,144,733.3073593605767,1877.2220561200309
840,Eef1g,28,737.3771907528854,1771.7029594721662
841,Tpm1,238,737.9485962592508,1873.443414641395
842,Tubb5,246,738.6413906803041,1872.5475933020248
843,Pa2g4,135,738.5389990705928,1785.3853829660525
844,Ywhaz,268,739.0855330534082,1783.238653667695
845,Pkm,144,742.2531858818993,1873.1820055698045
846,Pkm,144,742.0982199829145,1837.2947612967205
847,Pkm,144,742.5464801783246,1828.2541512000944
848,Thy1,228,742.8581334524408,1867.0916706160087
849,Pkm,144,745.4277540604197,1852.852913883669
850,Ywhaz,268,748.1332596900495,1787.4065728239975
851,Tpm1,238,751.9743090025049,1853.665523365884
852,Tpm1,238,753.1359195918711,1829.9630075040316
853,Eef1g,28,753.9744762702996,1806.4308059868893
854,Tpm1,238,755.9222036232957,1862.364519501625
855,Pkm,144,756.8234022608254,1815.7348913086544
856,Pkm,144,756.8126753209422,1770.8097819695524
857,Pkm,144,758.4043887273988,1807.665828173774
858,Ergic1,41,761.1037905989153,1775.6939417342303
859,Fus,47,759.418690360779,1776.767272310958
860,Myh9,118,759.3726111485595,1775.012288190444
861,Tpm1,238,763.8078662452072,1865.637554347954
862,Pkm,144,765.6513978841108,1785.6452919936685
863,Eef1g,28,766.4297373462132,1827.622891594798
864,Eef1g,28,767.329080470657,1819.2518986944376
865,Pkm,144,766.9452139847187,1813.4107824375144
866,Raly,177,767.5813255453344,1812.862989994748
867,Eef1g,28,768.1451377153029,1772.8550360166803
868,Emp1,39,769.7132722252154,1847.0309223791096
869,Pkm,144,771.6412564949273,1831.1865975772837
870,Emp1,39,772.9333999426347,1780.0776452492896
871,Mrpl20,96,774.4421377921944,1828.7190351628376
872,Pkm,144,775.5387334099737,1846.1532799307176
873,Emp1,39,776.1746449459788,1853.118415566036
874,Emp1,39,775.9685004344389,1837.148381645344
875,Eef1g,28,779.2648041540527,1829.0070036383013
876,Pa2g4,135,779.0445039766428,1793.8553663298935
877,Pa2g4,135,784.4151994397191,1798.4550708253782
878,Ywhaz,268,786.2006454529738,1784.0934889532002
879,Emp1,39,786.2817618125221,1814.510459544858
880,Ncl,121,787.8156154394595,1823.2436596809732
881,Eef1g,28,787.168891339627,1823.3170457557471
882,Emp1,39,789.033006299341,1795.011704276642
883,Ybx1,263,789.9548150461377,1894.5229692424364
884,Vim,261,788.1271858905009,1894.7501985488343
885,Uqcrc1,256,787.9470359653158,1894.779513024708
886,Emp1,39,789.7495576519323,1895.0837681059695
887,Eef1g,28,793.6703290654184,1856.036398063973
888,Eef1g,28,795.0008297875548,1904.8389796898307
889,Pkm,144,797.7959659603858,1774.596433159497
890,Vim,261,799.7548423347771,1898.1393674744932
891,Fus,47,801.6669358331147,1864.1185904313409
892,Eef1g,28,802.6354571917976,1862.887336598155
893,Tpm1,238,801.6163012798353,1901.1570337342791
894,Ybx1,263,803.466193337754,1825.521727219444
895,Pa2g4,135,807.3486903921837,1914.439821200446
896,Emp1,39,810.7573761244425,1898.6159920833925
897,Tpm1,238,810.0383082368617,1880.559790204657
898,Pkm,144,811.798204262453,1918.2373149592272
899,Pkm,144,814.0152320586795,1794.828077280455
900,Pkm,144,816.7360512104888,1853.8080320295016
901,Emp1,39,818.3024512667066,1902.2570104590109
902,Pkm,144,819.9306828424938,1864.0004668844635
903,Ptgs1,169,818.4259223245016,1865.8193047723305
904,Eef1g,28,821.8852091213496,1773.002072482281
905,Pkm,144,825.1387219873129,1792.4798420078157
906,Pa2g4,135,828.294987902021,1931.1085351962936
907,Pkm,144,828.632653479075,1868.1836139615648
908,Emp1,39,828.0503368268676,1782.245242928893
909,Eef1g,28,830.6635847696834,1940.5434831342145
910,Emp1,39,831.378687210633,1802.9334282033144
911,Tpm1,238,837.3533597251865,1947.2916608208864
912,Tpm1,238,837.4730079297112,1953.413411520597
913,Pkm,144,837.4914686447764,1907.84536567254
914,Pkm,144,838.1896219419489,1853.126084310448
915,Emp1,39,838.5752582334245,1920.9708456016408
916,Cox7a2l,18,839.6012808143539,1937.828729165089
917,Pkm,144,841.1811236083798,1901.682663261996
918,Eef1g,28,842.7427140757396,1888.9284625752048
919,Eef1g,28,845.1291072292845,1956.0455953554929
920,Pkm,144,844.515781063357,1857.6436323668547
921,Emp1,39,844.8846705890526,1893.477096105472
922,Eef1g,28,845.8773610066919,1878.7874028547867
923,Cs,20,848.0600694807507,1777.8568203740158
924,Eef1g,28,847.9461405470165,1778.2551117158769
925,Ywhaz,268,847.4520719289972,1973.8019835635832
926,Eef1g,28,848.7134217636134,1964.7150041142336
927,Eef1g,28,850.7806037789467,1972.082697788359
928,Emp1,39,854.421628103798,1911.7647653775407
929,Eef1g,28,854.9224461776148,1819.0003762594276
930,Cct5,10,857.0727883547472,1778.421858321348
931,Sf3b2,205,856.7888468388999,1778.9648232033016
932,Mrpl20,96,857.1103446599993,1959.328228409276
933,Eef1g,28,858.9884904448123,1784.585786538753
934,Emp1,39,860.501093120285,1896.0949935957256
935,Pa2g4,135,862.524683210647,1963.388370804757
936,Eef1g,28,864.883931643546,1869.7251030381208
937,Pkm,144,865.1246772641296,1837.977535742992
938,Pkm,144,865.4436147268771,1947.085427372995
939,Ube2m,252,866.0489349520792,1952.27863431334
940,Ube2m,252,868.4026452906159,1971.011236742666
941,Eef1g,28,869.1198206648978,1960.6587233309167
942,Pkm,144,870.6320557109722,1808.2835019660297
943,Emp1,39,872.1400861234359,1925.849911296009
944,Eef1g,28,872.6073510442578,1781.46090502912
945,Pkm,144,872.577627146635,1935.05773563497
946,Ywhaz,268,872.9902828107057,1959.1197940733136
947,Eef1g,28,873.2858690539508,1897.860204446206
948,Pkm,144,874.4130103021283,1791.2655309145996
949,Eef1g,28,875.7939860986118,1866.6011706564727
950,Sat1,200,876.236195561682,1953.638641992006
951,U2af2,249,877.7246525236983,1953.08444587368
952,Eef1g,28,878.4121426604848,1782.8219584114695
953,Emp1,39,878.6220007932033,1884.3841072606576
954,Oaf,133,883.5556036432179,1920.0075426630929
955,Emp1,39,883.9466513047062,1923.305843831245
956,Eef1g,28,884.2343733048842,1795.020110572962
957,Emp1,39,887.4247577777091,1920.1016743808605
958,Ube2m,252,888.0973433353272,1953.849436167028
959,Pkm,144,890.8761021555947,1951.4492061683036
960,Mrpl20,96,891.2032367769709,1852.2178209348583
961,Emp1,39,892.3366715616544,1947.4914366010173
962,Emp1,39,894.8027000570546,1863.7575395993415
963,Eef1g,28,895.714643474904,1849.7413009026009
964,Pkm,144,898.72805643842,1962.5219364976283
965,Pkm,144,899.5043656045198,1965.8566380064012
966,Pkm,144,901.9050333962304,1809.633048372811
967,Eef1g,28,904.511908359811,1960.321038104115
968,Cox7a2l,18,905.6581097303292,1841.8297441359769
969,Emp1,39,909.5446363194734,1949.1920790447143
970,Pkm,144,910.670816417323,1850.0590948637112
971,Tubb5,246,911.3365368744446,1850.3377432825607
972,Pkm,144,910.9512325804768,1835.7198763248475
973,Ywhaz,268,914.3120880171134,1896.7895468209715
974,Eef1g,28,917.681878668296,1818.5276953881469
975,Eef1g,28,918.2133046997852,1895.1543093845144
976,Oaf,133,919.4326001184568,1924.8679869430184
977,Eef1g,28,921.451350115326,1892.3906467496288
978,Pkm,144,922.8989534433108,1886.368203742743
979,Ywhaz,268,923.4857983314444,1954.3160616591683
980,Pkm,144,923.6709052771326,1880.5677758066915
981,Emp1,39,926.102559049178,1896.4766674481623
982,Pa2g4,135,926.6237126939976,1795.99453698984
983,Sec13,204,930.4629272679967,1942.5360966963085
984,H1f0,55,930.0373468810388,1942.562964467243
985,Pkm,144,931.5372735656528,1844.3609715268688
986,Emp1,39,933.1342847321464,1858.0984811111268
987,Emp1,39,932.8336975583812,1925.8105194114944
988,Ptgs1,169,933.0542003708978,1924.955343555273
989,Emp1,39,942.2989804222148,1925.6546036290008
990,H1f0,55,946.0958731984872,1917.0031603290136
991,Mrpl20,96,948.14474958034,1829.366121088917
992,Emp1,39,950.916650935386,1935.5297220380016
993,Ube2m,252,951.7227534476452,1881.2445425694696
994,Pkm,144,953.7630283867928,1839.998620834121
995,Eef1g,28,956.3906706965438,1879.5157433245272
996,Eef1g,28,957.6696231676842,1887.6849425304863
997,Eef1g,28,961.6510941473252,1940.436377430506
998,Emp1,39,962.438148707816,1922.465314316917
999,Pkm,144,962.058857117825,1947.4178268683477
1000,Eef1g,28,962.3567793928232,1828.5685281861315
1001,Ube2m,252,966.854587914678,1862.5774219664224
1002,Emp1,39,970.268255348564,1893.5246447067025
1003,Emp1,39,969.7536256735344,1816.3763846585573
1004,Emp1,39,972.9472551068242,1824.158768579924
1005,Cox7a2l,18,974.14042356823,1914.7617475310813
1006,Rab7,174,976.1380844913348,1864.8127380335964
1007,Tubb5,246,980.5066939113308,1891.0529995768493
1008,Tpm1,238,980.779295905729,1890.4931520280409
1009,Pa2g4,135,982.0352545362924,1928.0382855699488
1010,Eef1g,28,982.8804576412664,1865.6028412757985
1011,Slc38a2,209,986.4619300044355,1815.8299462443065
1012,Cox7a2l,18,988.925001747447,1831.3837447291512
1013,Pkm,144,989.406859251594,1824.989666123317
1014,Pkm,144,989.4483252212708,1898.920744096032
1015,Eef1g,28,989.843068233509,1817.4003999414783
1016,Pkm,144,990.1137962074532,1869.0482036781405
1017,Cox7a2l,18,991.7213906525952,1906.5663115647048
1018,Txn2,248,992.9045038727836,1809.768951649225
1019,Emp1,39,992.030689632199,1890.747551906495
1020,Emp1,39,993.2786576317912,1876.4846441076984
1021,Emp1,39,993.3586944984548,1823.538340999095
1022,Pkm,144,999.2060071391186,1853.049390367396
1023,Eef1g,28,1000.2915332683192,1814.760618547852
1024,Emp1,39,999.5045423510546,1884.6795923740235
1025,Eef1g,28,1003.1563830279728,1918.123447275615
1026,Emp1,39,1003.2003698453216,1890.3711600564216
1027,Timp2,229,1005.3803014283516,1843.461422465214
1028,Tpm1,238,1006.2497245682868,1821.6141845927768
1029,Emp1,39,1007.1558130394347,1856.247075367609
1030,Eef1g,28,1007.8953167292244,1851.1477535663091
1031,Ube2m,252,1008.2794780840302,1812.448872945363
1032,Pkm,144,1008.9530512781614,1886.0692295699764
1033,Emp1,39,1009.61048084387,1872.3869721033916
1034,Emp1,39,1013.1626169071036,1889.6538923294656
1035,Emp1,39,1015.5601480965726,1898.9058645713485
1036,Emp1,39,1018.3372944559476,1896.4999663747697
1037,Mrpl20,96,1018.8961449823952,1909.9245783794515
1038,Eef1g,28,1020.4544875805908,1844.8726201605425
1039,Eef1g,28,1020.702923346201,1851.0965198439667
1040,Emp1,39,1025.9508957927703,1834.699852914196
1041,Eef1g,28,1028.3611674646957,1823.5037583189016
1042,Cox7a2l,18,1029.7744910938736,1904.773911709492
1043,Eef1g,28,1030.4912817832967,1858.32546536451
1044,Emp1,39,1030.9655019435938,1880.9977358011836
1045,Emp1,39,1031.6596669911762,1893.1355856327557
1046,Emp1,39,1033.0641907848922,1835.9279165579428
1047,Emp1,39,1033.9882722695158,1847.4664940921373
1048,Emp1,39,1034.459163980077,1860.2286682019396
1049,Emp1,39,1034.521012982169,1896.6430811009031
1050,Pkm,144,1034.480320815094,1935.190434062319
1051,Eef1g,28,1037.8676980408825,1873.251300644124
1052,Pkm,144,1040.0375877499798,1834.9484503872116
1053,Pkm,144,1041.2586394043735,1928.32831148353
1054,Ywhaz,268,1041.1794982706613,1871.368803585992
1055,Ube2m,252,1042.3135936877025,1838.760573904451
1056,Emp1,39,1043.8447752837635,1917.938385916008
1057,Emp1,39,1049.245078977232,1895.246533356397
1058,Emp1,39,1053.4606458998874,1866.450148150037
1059,Pkm,144,1055.531863531294,1895.78070615628
1060,Rab7,174,1055.7630844427845,1873.484493933776
1061,Rab7,174,1058.757990579753,1857.9330705386212
1062,Mrpl20,96,1061.97992101803,1876.3764412984835
1063,Emp1,39,1061.5159598745097,1888.099153744564
1064,Vim,261,1062.1879410148308,1843.38324902262
1065,Emp1,39,1062.3679648127838,1843.4234883903885
1066,Timp2,229,1062.4384884212825,1842.9331255365505
1067,Pkm,144,1063.9457180268148,1941.3741246963543
1068,Cox7a2l,18,1065.1785500860865,1852.3470099347287
1069,Eef1g,28,1066.9585505224786,1908.303803294592
1070,Emp1,39,1067.6161562383645,1874.363638269756
1071,Emp1,39,1068.005499077001,1936.565701273573
1072,Tpm1,238,1067.7590376088397,1837.6217039509695
1073,Tomm40,235,1071.4605791650674,1941.625880669083
1074,Raly,177,1070.2534123990336,1940.7493214728656
1075,Psap,160,1072.0004016850871,1941.7308800133856
1076,Emp1,39,1072.3273119964088,1900.702412748805
1077,Pkm,144,1072.7365733508068,1933.0779389946424
1078,Eef1g,28,1075.1778225690082,1904.139754833389
1079,Cox7a2l,18,1075.784536516651,1907.317441432064
1080,Pa2g4,135,1080.3771649574587,1870.0551572122413
1081,Emp1,39,1081.2892101643802,1920.4362730849336
1082,Pkm,144,1082.035991366808,1913.856555043691
1083,Eef1g,28,1082.1892504958894,1895.9730243940896
1084,Hdgf,56,1082.1961648895156,1857.116158536145
1085,Eef1g,28,1085.146744851397,1880.450763643192
1086,Msn,112,1084.993496072846,1880.4189801972395
1087,Ergic1,41,1086.3820698515697,1881.2827367412744
1088,Ptbp1,167,1086.7594909075915,1859.9488920476947
1089,Cox7a2l,18,1088.000753023165,1875.7639248840096
1090,Ptges3,168,1087.6084788579926,1920.829234013274
1091,Emp1,39,1087.8961134503602,1921.139807422064
1092,Eef1g,28,1088.7429634967727,1859.0038653375573
1093,Eef1g,28,1091.8315346742156,1915.4284586625663
1094,Vim,261,1094.2539430944184,1876.6943413412405
1095,Eef1g,28,1093.5275034264712,1875.5724032078076
1096,Emp1,39,1096.3257041798042,1944.843033483554
1097,Nedd4,126,1098.339605743788,1880.3074509149585
1098,Cox7a2l,18,1099.5112463849305,1867.3539559371509
1099,Eef1g,28,1102.0056353132388,1886.0548049922184
1100,Rab7,174,1103.5423812246522,1915.9560068996227
1101,Eef1g,28,1103.1064020447716,1928.25288292777
1102,Pkm,144,1103.595399274625,1881.230297699311
1103,Eef1g,28,1106.5562575235558,1899.396537886233
1104,Prrc2a,158,1107.3878537046255,1882.1516422896752
1105,Msn,112,1108.3677248432823,1882.520501994769
1106,Emp1,39,1106.5651733195436,1880.8782989269007
1107,Polr2m,149,1107.9261336261268,1880.5487963897333
1108,Pkm,144,1107.5914030009217,1927.332116601207
1109,Cox7a2l,18,1107.9358720432654,1933.1550313918683
1110,Tpm1,238,1108.537604317869,1890.6186785115592
1111,Mtap,114,1109.9957369991332,1873.2540107713376
1112,Tcp1,227,1111.5609979531246,1873.9949489220248
1113,Ube2m,252,1113.0917371183484,1920.868580490524
1114,Emp1,39,1112.8273801028795,1896.0044407542184
1115,Ywhaz,268,1113.105311805199,1877.2020778659544
1116,Eef1g,28,1114.243401182642,1946.5913935219328
1117,Eef1g,28,1115.0838327206593,1889.2905914760624
1118,Eef1g,28,1117.1850036011974,1876.008195557801
1119,Vim,261,1120.2410684319411,1918.2518871283123
1120,Eef1g,28,1118.7179526311345,1918.804336907709
1121,Tpm1,238,1119.912785010687,1905.1532884756248
1122,Tpm1,238,1120.1071491040834,1949.439779823621
1123,Prmt1,153,1122.6968918956832,1946.342896368161
1124,Pkm,144,1122.2361103909557,1916.1384716092275
1125,Tpm1,238,1122.8422517031784,1957.0489568814517
1126,Eef1g,28,1123.7089588494568,1922.3795066962975
1127,Ube2m,252,1123.373500525794,1884.4570214083592
1128,Eef1g,28,1126.936269351561,1947.688593691588
1129,Emp1,39,1127.1467094759544,1957.0858429472275
1130,Eef1g,28,1128.220701330722,1941.811657597139
1131,Pkm,144,1130.9861707881596,1940.50071711266
1132,Idh2,65,1131.0933417846802,1900.53187962521
1133,Nudt9,132,1132.2955396770428,1963.0282049708997
1134,Eef1g,28,1131.7059880728914,1963.063550717008
1135,Tubb5,246,1131.4881081719748,1908.0121944151472
1136,Eef1g,28,1132.3786177303364,1908.3752062196063
1137,Emp1,39,1133.954521239281,1900.9793630492748
1138,Eef1g,28,1138.0648030556013,1890.000552278924
1139,Eef1g,28,1138.7578975356407,1938.7636296125145
1140,Pkm,144,1139.5926813979463,1952.5402124217371
1141,Pkm,144,1144.7330395308811,1882.844048414241
1142,Ywhaz,268,1146.7758870240148,1958.8669911254583
1143,Mrpl20,96,1148.3568867299286,1931.1047637743525
1144,Cox7a2l,18,1151.013054026913,1953.0655890918008
1145,Ybx1,263,1153.2143252668252,1901.3719947116588
1146,Rcc2,183,1153.399435644296,1902.9300042764355
1147,Rbbp7,181,1153.851290411024,1918.9458976957128
1148,Pkm,144,1153.8028382352838,1919.9409776196248
1149,Eef1g,28,1156.1965311342165,1896.053525092768
1150,Eef1g,28,1157.356057969335,1917.4686458954216
1151,Pkm,144,1159.260972959822,1920.7946765176157
1152,Pa2g4,135,1164.3519230888703,1941.842175907892
1153,Pkm,144,1164.6431802023017,1922.8696990408712
1154,Cox7a2l,18,1166.8663056856649,1914.1596631582704
1155,Pkm,144,1170.1180992428915,1944.1465793468503
1156,Nedd4,126,623.6857286032581,1774.2046075810308
1157,Vat1,259,631.0153558244074,1776.9502716261193
1158,Rcn3,184,631.3865942512973,1776.7525569205256
1159,Hdgf,56,630.6483701115892,1777.6805279331138
1160,Ugdh,255,636.7142389702675,1782.3644880108511
1161,Cct3,9,643.6518005433171,1789.7971924937522
1162,Ptges3,168,648.3855628890866,1767.2206539110086
1163,Ptges3,168,651.2126531140058,1798.492265259043
1164,Nedd4,126,661.3491843966257,1815.9040190699368
1165,Nedd4,126,664.6820273090786,1782.749791032555
1166,Nedd4,126,668.8559236567129,1821.80579177404
1167,Scarb1,201,678.4990587718928,1824.238853475505
1168,Nedd4,126,685.6301545631032,1768.8776915620942
1169,Nedd4,126,694.6193593175313,1796.2471178410174
1170,Cct3,9,696.7389949798985,1843.14462512666
1171,Nedd4,126,701.6087746786734,1769.630975193632
1172,Ptges3,168,707.918684721484,1853.235179847336
1173,Nedd4,126,711.7432708190338,1855.2245813580696
1174,Nedd4,126,720.8187164633141,1879.707506178314
1175,Hspd1,64,719.9565034097325,1879.902577685996
1176,Xdh,262,719.5434680963399,1878.4446385745716
1177,Hspa8,62,719.8370936736418,1879.310832032941
1178,Nedd4,126,726.0148884491042,1811.1498361135089
1179,Nedd4,126,729.6911756327606,1773.4951204026722
1180,Cct3,9,728.9716855953916,1791.092120725721
1181,Skp1a,207,729.5903333117943,1875.9986656374097
1182,Nedd4,126,729.7781034381644,1875.005940480868
1183,Raly,177,729.5927721768912,1876.708655606508
1184,Nedd4,126,738.5732135705157,1789.6744023481183
1185,Ptges3,168,748.7332658580748,1822.266184157528
1186,Cct3,9,748.7690713502254,1837.85140000266
1187,Hspd1,64,752.1962957531453,1868.96466209114
1188,Ncl,121,751.8782864645844,1867.617407974385
1189,Nedd4,126,752.1381878987761,1868.9800852492149
1190,Nedd4,126,755.2096108847539,1833.864315047433
1191,Ncl,121,757.0416765769278,1864.0485840867668
1192,Hspd1,64,758.2205798350597,1863.8378497094984
1193,Nedd4,126,756.9359802856361,1864.058745005767
1194,Fkbp4,44,757.0824422659236,1864.836471848659
1195,Mtap,114,762.7676597555742,1803.185555947654
1196,Cct3,9,763.8967127053614,1772.2862960882055
1197,Vim,261,767.979275163515,1878.5540954587525
1198,Raly,177,768.0782487761512,1878.1640608565208
1199,Uck2,254,766.966761531378,1841.1001390086392
1200,Cct3,9,772.2883926125905,1791.8393121461029
1201,Ptges3,168,775.6338904627983,1779.6833337435842
1202,Nedd4,126,777.797639336638,1794.6008427936283
1203,Loxl1,78,777.2187344481036,1794.1820391217934
1204,Scarb1,201,777.2028952507048,1862.6188593403003
1205,Cct3,9,779.5298665645478,1833.9471545188671
1206,Tubb5,246,788.9958646482055,1823.33506795824
1207,Mrpl4,101,789.0091360271689,1801.0441944822028
1208,Vim,261,789.6859491042111,1870.6660826053817
1209,Cct3,9,799.3865900401142,1866.9843987041115
1210,Nedd4,126,803.3315083050692,1840.7643315175587
1211,Ppp2r1a,151,805.4274763958116,1897.0469413805672
1212,Nedd4,126,819.92378887667,1923.3290003014167
1213,Mrpl4,101,825.2108167988417,1842.709791443172
1214,Uck2,254,826.9360515872137,1926.7583168479373
1215,Cct3,9,849.3405957920595,1959.2071439111428
1216,Ptges3,168,855.0614271510831,1911.5414326281975
1217,Efemp1,29,863.5979639081929,1803.901111297609
1218,Cct5,10,864.9287366432103,1803.899794407786
1219,Tubb5,246,863.4458837151108,1804.080684612812
1220,Cct3,9,867.0054500560525,1867.9920465233508
1221,Cct3,9,873.7674908496467,1780.9597050755965
1222,Mrps2,107,879.8570777020092,1966.7398838645536
1223,Cct3,9,883.94455633649,1962.286050170406
1224,Scarb1,201,885.498446190298,1792.5932750143145
1225,Nedd4,126,892.4494702405815,1960.806996843197
1226,Nedd4,126,894.0642468696489,1965.33725065273
1227,Msn,112,894.5726639632566,1781.9444633605008
1228,Nedd4,126,905.2772674868274,1915.443846616639
1229,Scarb1,201,912.6044117124788,1854.1007662380075
1230,Ugdh,255,918.4338586279046,1791.1583940586622
1231,Txn2,248,928.4893058521144,1848.0544769842088
1232,Hspa9,63,928.5713906167618,1847.4344605910924
1233,Mrps2,107,926.8962670196938,1848.035233287936
1234,Nedd4,126,926.508394495446,1795.5065525786838
1235,Ugdh,255,932.8217931235544,1902.9132728856969
1236,Nedd4,126,933.5377064486502,1866.16498711568
1237,Mrpl4,101,952.222809661072,1913.243125769622
1238,Ptges3,168,968.530181182357,1804.3610790157063
1239,Scarb1,201,970.336782354294,1947.4634887389725
1240,Cct3,9,974.8873071704298,1831.810937694922
1241,Cct3,9,977.7601321623564,1912.9429248949089
1242,Ugdh,255,987.6563086450636,1869.8061352799068
1243,Scarb1,201,988.8740920611508,1895.8483620884883
1244,Ptges3,168,996.1208384871384,1886.18989564642
1245,Ptges3,168,999.147757531606,1817.8419808429496
1246,Ugdh,255,999.2722908968052,1892.8728004620264
1247,Mrps2,107,1000.2575629832826,1812.0143573653656
1248,Cct3,9,1000.2906562237232,1882.2496771248695
1249,Cct3,9,1001.67544469973,1912.1974578069387
1250,Uck2,254,1007.715321909995,1907.4772700978292
1251,Ptges3,168,1009.521605579537,1860.5763529426024
1252,Ugdh,255,1012.2936460898804,1823.51516114501
1253,Uck2,254,1018.5175996064544,1878.880836226568
1254,Snx5,212,1017.8830936749744,1878.7620699579045
1255,Ptges3,168,1022.5628741102856,1874.5021790652995
1256,Ugdh,255,1022.56275949192,1909.4750426239048
1257,Nedd4,126,1024.8314282025403,1852.157186100884
1258,Uck2,254,1030.5701369930966,1821.975728174849
1259,Cct3,9,1031.287966202763,1852.1255627054989
1260,Cct3,9,1045.7891071315637,1866.1262076141293
1261,Tubb5,246,1054.6286947988542,1842.4209022931748
1262,Rbm3,182,1054.2946964473065,1843.6878747668695
1263,Msn,112,1054.3074710259827,1843.7606054202224
1264,Vim,261,1054.666524987357,1843.7982836740264
1265,Cct3,9,1054.337227150352,1843.3870330619425
1266,Nedd4,126,1073.5904702968005,1862.4163316311503
1267,Mta1,113,1072.4223448604223,1862.6638337735808
1268,Psmd4,164,1072.6206888086672,1860.994192218937
1269,Cct3,9,1079.9519318619714,1918.6770939254784
1270,Ptges3,168,1080.7560282858612,1907.109146421198
1271,Nedd4,126,1081.6560287632085,1938.77271129398
1272,Ugdh,255,1083.3296093258368,1892.5648681577013
1273,Nedd4,126,1090.1744689778593,1934.9727755273057
1274,Tubb5,246,1098.714613380678,1874.3456423117173
1275,Hnrnpk,59,1097.353669617499,1874.5741672236952
1276,Rpl21,188,1097.181816902556,1873.6874614239491
1277,Raly,177,1097.9524166810766,1873.7740950258644
1278,Nedd4,126,1097.3241450333371,1874.979597423246
1279,H1f0,55,1100.5078294785371,1918.9212707294844
1280,Scarb1,201,1103.2608236583878,1880.9268483169672
1281,Mrps2,107,1120.5728475661078,1922.2576425140453
1282,Nedd4,126,1120.5767605197047,1893.137484135419
1283,Nedd4,126,1122.0327036318438,1875.7786387710155
1284,Nedd4,126,1124.5085005660096,1911.3131278093035
1285,Myh9,118,1124.5562213204794,1954.7377533339625
1286,Mtap,114,1125.0750885865782,1952.242106699521
1287,Nedd4,126,1125.9349713190518,1906.3667834380492
1288,Nedd4,126,1136.21533994849,1917.7251002536916
1289,Nedd4,126,1138.5624505049082,1947.901222971748
1290,Hdgf,56,1140.2853868807792,1891.0224098432043
1291,Nedd4,126,1145.0523654635338,1934.3254067544565
1292,Cct3,9,1147.848469368641,1946.76562843096
1293,Psmd7,165,1147.617741014432,1946.42536049182
1294,Tnfrsf1a,233,1149.8462623687556,1919.089376228137
1295,Ugdh,255,1155.131593255053,1890.790595982723
1296,Nedd4,126,1160.8034512679951,1922.6532753091917
1297,Uck2,254,1161.8118284973912,1931.8770782461768
1298,Nedd4,126,1166.7462342759554,1940.6293936221937
1299,U2af2,249,630.4330001562877,1789.6295814915552
1300,Tcf25,226,631.1387646884018,1765.429804453834
1301,Arpc2,7,636.258267821501,1786.9283020701207
1302,Arf1,6,639.0800800431572,1779.957004338309
1303,Uqcrq,257,640.411933963701,1780.9266744440745
1304,Uqcrq,257,643.0672597642647,1765.9750623834948
1305,Got2,51,645.5393254211014,1793.754944111612
1306,U2af2,249,649.4468485275601,1780.194581579019
1307,Arpc2,7,651.8025656375593,1764.974703502725
1308,U2af2,249,656.5496966113091,1800.2646212689074
1309,U2af2,249,660.4417904053826,1797.0022284677552
1310,Pdia6,142,661.607417428246,1804.226808971908
1311,U2af2,249,667.2455082131779,1775.5230101136792
1312,Maged1,82,668.3602014952901,1803.6943555757728
1313,Gas1,50,668.0907159839343,1804.5028309561944
1314,Got2,51,669.2467060997427,1799.81048849417
1315,Gas1,50,679.5871559300756,1797.4747845723457
1316,Uqcrq,257,692.3372524077436,1841.2857786945665
1317,Arpc2,7,696.2934410612329,1769.727479678575
1318,Got2,51,697.0899610643299,1779.3339003746123
1319,Arpc2,7,701.639389988502,1797.027359809336
1320,Arpc2,7,702.1394825802331,1777.9252899794249
1321,Got2,51,702.7842748652594,1828.4795168778287
1322,Tcf25,226,704.6439810379978,1780.7957737024778
1323,Eif3e,34,704.5019608999073,1853.2089390763376
1324,Gas1,50,705.8249891311893,1799.1282820431315
1325,Tcf25,226,706.8078042179978,1808.1429315047417
1326,Pdia6,142,708.216945962799,1791.518352864131
1327,Got2,51,709.7149820308676,1860.0973891523363
1328,U2af2,249,710.599045809594,1779.9846854637776
1329,Arpc2,7,712.6937919165499,1845.156971508364
1330,Got2,51,717.4345079879794,1805.0619019740936
1331,Vim,261,716.7719178365303,1791.915974316444
1332,Ergic1,41,716.668334642846,1792.274815400085
1333,Got2,51,721.8553362350706,1822.209246571768
1334,Eif3e,34,722.0992178633896,1828.2886394809875
1335,Prkcsh,152,724.4653149904914,1776.290908920852
1336,U2af2,249,725.6356801545779,1783.3413542439262
1337,Gas1,50,725.3854368476974,1800.6340403901236
1338,Got2,51,730.6333792683312,1868.7982939004237
1339,Arpc2,7,732.6150091608829,1781.9937467369864
1340,Rrp1,198,733.7266792426628,1780.4716904689697
1341,Actn4,3,732.4555885059666,1783.417913952158
1342,Tcf25,226,733.8404285433292,1819.1576183511183
1343,Arpc2,7,735.8988136546091,1869.90071034722
1344,Arpc2,7,736.7456692374012,1883.505871601073
1345,Got2,51,736.9309238300553,1860.3248274226737
1346,Got2,51,739.9016413695792,1821.6817494372565
1347,Pdia4,141,743.5876268820335,1894.3985810876447
1348,Pdia6,142,743.2800583487888,1895.620865354113
1349,Pdia6,142,747.870812456241,1886.8948940976209
1350,U2af2,249,748.1328291299624,1872.254145019912
1351,Got2,51,748.4977225104161,1865.393827749537
1352,Tcf25,226,749.9369111709725,1809.5410559658449
1353,Arpc2,7,751.7194433976197,1783.8719151354326
1354,Got2,51,754.4105424106051,1890.7040182594333
1355,U2af2,249,756.4033844635563,1834.5846263096976
1356,Ncl,121,757.202661947938,1869.4770792655104
1357,Vim,261,757.4567259773369,1868.1103582614812
1358,Mtap,114,759.0817511606806,1870.3966487939504
1359,Arpc2,7,758.5118922002484,1779.4822032747445
1360,Got2,51,758.419859549022,1857.4547027529063
1361,Eif3e,34,760.3621290321422,1890.462902015126
1362,U2af2,249,763.3789486590026,1834.924439845759
1363,Maged1,82,763.6809096023734,1871.2277400251096
1364,Got2,51,765.9845090421597,1855.280312909696
1365,U2af2,249,769.0616025868985,1863.5835509041783
1366,Arpc2,7,769.7124897944119,1780.5067992586328
1367,Prkcsh,152,770.3476327504436,1818.2502478721597
1368,Got2,51,770.8263427961588,1852.4195930242945
1369,G3bp1,49,770.2132659857238,1848.8337773969663
1370,Got2,51,770.6548642432178,1847.180258860301
1371,Pdia6,142,774.7436443348647,1848.9038725020405
1372,Gas1,50,775.547277214052,1833.9727192695275
1373,U2af2,249,775.4056882252861,1885.0761431134745
1374,Got2,51,776.289143533184,1872.1260202065887
1375,Prkcsh,152,777.096792399887,1784.208159516504
1376,Gas1,50,780.7093024200195,1814.2920570476545
1377,Pdia6,142,780.8875200322107,1845.9162546341215
1378,Pdia6,142,782.5066736893762,1882.3231625726692
1379,Prkcsh,152,782.7439384798147,1799.772279581519
1380,Got2,51,783.5256109624565,1869.149002310244
1381,U2af2,249,794.0584794074829,1800.7733146984813
1382,Myh9,118,792.9214794479768,1800.8682008633623
1383,Vim,261,793.3627614581949,1800.3847479978945
1384,Pdia6,142,795.7723388010656,1786.9129553431387
1385,Rps15a,191,795.5479018386587,1817.934049489652
1386,U2af2,249,796.0113014328241,1818.621236059824
1387,Got2,51,797.0747954642432,1906.5025956141997
1388,Gas1,50,800.5269736878523,1893.018844214148
1389,Eif3e,34,801.3053652217923,1775.4773400055842
1390,Eif3e,34,801.6772235575637,1859.838223366614
1391,Got2,51,803.8435661282315,1819.5411107706
1392,Gas1,50,804.1251746536967,1795.2231717197094
1393,Arpc2,7,807.6855150671507,1885.819682626383
1394,Pdia6,142,809.7404780281563,1802.1525822997264
1395,Tcf25,226,814.8344338600161,1780.578029988794
1396,Tubb5,246,815.1306418365654,1781.4279785305976
1397,Pdia6,142,815.3586846108825,1930.177237065002
1398,Ckap4,14,816.8239584531055,1930.0545488620016
1399,Gas1,50,816.8977224796498,1817.221056193158
1400,Gas1,50,821.2265587454843,1818.7713279870725
1401,Slc38a2,209,822.4051507923035,1819.094451187908
1402,U2af2,249,824.6199780987192,1946.1803538054537
1403,Hdgf,56,828.9237262845886,1801.1209355714047
1404,Tcf25,226,830.1571485654755,1964.6448209251116
1405,U2af2,249,831.1791053057522,1805.8121690273376
1406,U2af2,249,831.4850671118728,1932.1692065099508
1407,U2af2,249,831.9278971209537,1787.880105878235
1408,Eif3e,34,835.4539296894948,1811.554933900753
1409,Uqcrq,257,838.2048011273588,1949.5792913128312
1410,Hnrnpk,59,838.6106539371418,1928.5583402575528
1411,Tcf25,226,838.5648273888439,1788.7468372744625
1412,U2af2,249,841.5080867411338,1969.018849620791
1413,Got2,51,842.7098276214359,1790.0930974440985
1414,Arpc2,7,846.640228005298,1966.6647290988144
1415,U2af2,249,848.8089353433413,1938.4819162071883
1416,Pdia6,142,852.3214839331258,1898.625720187125
1417,Uqcrq,257,854.8784412504343,1971.8896632095116
1418,U2af2,249,855.0396336098723,1785.2963868723168
1419,Got2,51,856.6956544623473,1966.2587453341253
1420,Pdia6,142,857.9203184592831,1917.611527476564
1421,Got2,51,860.5874563534519,1947.994517147622
1422,U2af2,249,864.0809435573476,1931.7670569872607
1423,U2af2,249,870.0398025972767,1949.3206229390685
1424,U2af2,249,870.641743726474,1809.552348288864
1425,Eif3e,34,870.9274154528108,1956.891565714774
1426,Trim28,241,871.4919388884616,1956.11884451394
1427,Got2,51,872.8314247852857,1885.873424033087
1428,Gas1,50,873.0002899722044,1927.546166501424
1429,Pdia6,142,873.0324643890945,1930.9966451088956
1430,Gas1,50,873.0894011703958,1862.2085967340015
1431,U2af2,249,874.9316277291357,1971.5020603309488
1432,Got2,51,874.650387635802,1783.532212229667
1433,U2af2,249,875.5318890149407,1941.6938215926648
1434,Got2,51,875.4956435573451,1815.3633725886132
1435,U2af2,249,875.8736962323651,1930.554482008538
1436,Gas1,50,876.5790847877716,1780.5590268235103
1437,Got2,51,880.6577114588495,1962.1794869631772
1438,Prkcsh,152,881.9515528759391,1868.0182700890853
1439,Pdia6,142,888.1537764435593,1913.9419695083147
1440,Tcf25,226,888.768405653547,1918.5733210516464
1441,Gas1,50,889.204048162484,1967.7514723671688
1442,Got2,51,892.3674781501355,1879.7156057385805
1443,Pdia6,142,893.2398524915354,1849.958585283631
1444,Got2,51,894.3362350681172,1938.2152630628923
1445,Gas1,50,899.1725534235903,1808.1054456004476
1446,Got2,51,899.2218863658965,1913.401448461816
1447,U2af2,249,902.6800234432446,1924.4913008933784
1448,Gas1,50,904.5258706292648,1857.0835692144944
1449,Pdia6,142,906.5682491517566,1825.785330429216
1450,U2af2,249,906.8504403446316,1894.6597977753515
1451,Pdia6,142,907.6287024701152,1928.4094418547509
1452,Pdia6,142,914.2088200490716,1928.3193584736975
1453,Gas1,50,917.423728879958,1923.999454938025
1454,Pdia6,142,919.5859038611156,1894.5452169546136
1455,U2af2,249,920.141473646454,1798.2224207418883
1456,Pdia6,142,921.1172900125238,1808.832330953272
1457,Pdia6,142,923.398067196374,1853.1570035904736
1458,U2af2,249,926.5959645493366,1938.6703827908375
1459,U2af2,249,930.2954784778794,1949.5458759877035
1460,Arpc2,7,931.3063456030656,1877.8935051248436
1461,U2af2,249,936.5966972507956,1936.2775819448225
1462,Prkcsh,152,940.8687477955714,1889.0166568261552
1463,U2af2,249,942.70364154803,1859.5727392214635
1464,Eif3e,34,943.9474338851232,1923.3725850338435
1465,Prkcsh,152,945.6847214555922,1943.4854857831583
1466,U2af2,249,947.0393299744172,1929.697172286411
1467,Prkcsh,152,948.2090475982528,1896.7569171423693
1468,Pdia6,142,948.9635371380908,1869.4320381702728
1469,Gas1,50,949.0689886633412,1939.5151349841312
1470,Pdia6,142,949.3172963827548,1874.5680415102725
1471,Got2,51,960.455241935581,1940.8663105930943
1472,U2af2,249,961.674358584492,1907.0670679202667
1473,Maged1,82,961.0297356377008,1921.686374104848
1474,Pdia6,142,964.1681301424176,1868.9207853252265
1475,Gas1,50,964.2356095575008,1897.131331458752
1476,Prkcsh,152,972.1808724065804,1823.3049654103304
1477,U2af2,249,974.6876807642972,1882.4117390773092
1478,Got2,51,974.715508039394,1929.4141532476256
1479,Got2,51,976.3366731999891,1833.446202528377
1480,Gas1,50,977.1955836065504,1906.220536182814
1481,Hmgcs1,58,978.6713581689456,1817.253383505517
1482,Got2,51,979.9077346821836,1865.6608790183736
1483,Got2,51,981.668703843546,1859.2118311652432
1484,Got2,51,982.1194808174928,1909.068752157972
1485,Ssr2,217,984.3366065061872,1842.8475098449635
1486,Hspa8,62,984.7154926145136,1844.296389643861
1487,Got2,51,988.2714472745132,1817.9844882466464
1488,Ssr2,217,987.5008618710792,1918.9355659996595
1489,U2af2,249,990.3007006182236,1905.743126381377
1490,Tcf25,226,990.2795873367648,1831.674192755228
1491,Gas1,50,992.9097944266156,1827.445551898652
1492,Arpc2,7,993.2525665564664,1884.4783539015064
1493,Gpi1,52,997.4313496263642,1849.4965502086095
1494,Msn,112,1001.752159213166,1889.02315819544
1495,Arpc2,7,1003.059826560861,1900.9159331389903
1496,Gas1,50,1006.0269582186312,1857.695093929605
1497,Pdia3,140,1009.9054504712988,1872.386275730272
1498,Ctbp1,24,1010.0251622472066,1872.2648425031807
1499,Timp2,229,1009.951965969796,1871.291407543072
1500,Fkbp4,44,1011.591475433676,1872.51041261839
1501,Got2,51,1010.1509117690192,1893.0195902157527
1502,Got2,51,1012.083476929272,1841.3668031111592
1503,Gas1,50,1017.9003520656912,1825.1764245541797
1504,Eif3e,34,1018.534861282539,1814.1595000711463
1505,U2af2,249,1018.68439462739,1892.925112248275
1506,U2af2,249,1019.6568518306912,1846.373809369738
1507,Pdia6,142,1027.988827432201,1877.945778910388
1508,U2af2,249,1033.4275249047157,1890.2343313971696
1509,Gas1,50,1036.6554824333623,1868.2087938454972
1510,Got2,51,1037.5276759676412,1906.8283592243636
1511,U2af2,249,1041.0004662934928,1900.181284028464
1512,U2af2,249,1043.0145230273297,1885.4689215262188
1513,Pdia6,142,1046.8655512364153,1913.7763503806343
1514,Vat1,259,1048.009854582569,1902.164928792692
1515,U2af2,249,1054.2242855569075,1890.519694811593
1516,Tcf25,226,1056.6870276387235,1868.9848236653563
1517,U2af2,249,1064.5461405763194,1849.3623909688677
1518,U2af2,249,1068.9527215185562,1839.3272860595573
1519,U2af2,249,1070.0840471752292,1850.1483716588616
1520,Sf3b2,205,1080.4242913055457,1943.7042252056328
1521,Got2,51,1080.2458624196936,1943.8786262675412
1522,Pdia6,142,1079.9476955481764,1934.1195143732407
1523,U2af2,249,1081.0905914315335,1871.9059401800996
1524,Gas1,50,1083.6597223252722,1942.3388697122384
1525,Mmd,86,1083.964260418726,1884.4928854126792
1526,Eif3e,34,1084.6606466493238,1900.42374000788
1527,Gas1,50,1089.7476159854336,1944.6048057318524
1528,U2af2,249,1092.0573261468292,1899.3197798643423
1529,Got2,51,1092.0839131335097,1906.9635501725893
1530,Csnk1a1,22,1096.012055657231,1871.5678671829696
1531,U2af2,249,1099.7027612024542,1915.6497424041145
1532,U2af2,249,1100.8352300656006,1901.9863819359257
1533,U2af2,249,1100.9751267376548,1925.48240242905
1534,Ncl,121,1105.3745007890818,1891.671506272618
1535,Uqcrq,257,1106.4947641027811,1892.180840015468
1536,Cnn2,16,1106.948009941629,1876.1995742602776
1537,U2af2,249,1110.3762939104731,1923.952146492396
1538,U2af2,249,1110.3173999502185,1932.1912076710976
1539,U2af2,249,1111.0809279880923,1926.8654256639784
1540,U2af2,249,1111.2937100386152,1917.0235428960875
1541,Efemp2,30,1112.60903483963,1914.0620580944171
1542,Got2,51,1114.1245454481332,1922.6801082637307
1543,Arpc2,7,1120.804940008521,1936.0013956999123
1544,U2af2,249,1120.9980860880364,1919.8085457084248
1545,Arpc2,7,1121.1226124813293,1918.0049746012196
1546,Hmgcs1,58,1121.8429649444936,1907.3646853279613
1547,U2af2,249,1126.0080696848236,1923.776663655774
1548,U2af2,249,1126.667341017816,1940.935133446093
1549,U2af2,249,1128.276154248543,1935.2272958213928
1550,Gas1,50,1131.8571255219808,1962.475063479759
1551,Prkcsh,152,1133.0601727187218,1912.843759876488
1552,Got2,51,1134.9653950293564,1895.1801035809883
1553,Tcf25,226,1135.4431606428411,1898.9583421537964
1554,Vim,261,1136.2671940541995,1964.6480252908875
1555,Eif3d,33,1137.0016302564693,1964.2663754015628
1556,U2af2,249,1139.5595968856765,1944.6438457051088
1557,U2af2,249,1141.7627110467802,1927.038856283633
1558,U2af2,249,1150.9682110684282,1921.5228504505903
1559,U2af2,249,1151.0438963080337,1905.4232557015257
1560,Ppp2r1a,151,1151.6782707175882,1896.6445328573725
1561,Snx3,211,1151.5423208261218,1895.884548302225
1562,U2af2,249,1154.0580918354044,1914.257946101345
1563,Tubb5,246,1155.1225798570822,1915.678661344444
1564,Got2,51,1159.0193399873178,1915.9725325754252
1565,Hspa9,63,1159.8153948854874,1916.1919825475693
1566,Uqcrq,257,1161.496597814201,1927.2315785869548
1567,Got2,51,1162.411807072236,1897.7412067594612
1568,Tcf25,226,1163.1722399081434,1943.380105890521
1569,U2af2,249,1165.8856449335542,1920.6311584541927
1570,Eif3a,32,631.3667951280622,1779.2386680102245
1571,Mtap,114,638.6111650709532,1779.574131089577
1572,Slc38a2,209,647.8897061647627,1804.502642100628
1573,Ctbp1,24,651.6713492854207,1807.793254737712
1574,Msn,112,650.9820574668744,1807.1163794702647
1575,Ssr2,217,651.62507214478,1807.716689587264
1576,Mtap,114,654.8839551524495,1804.9062268709745
1577,Tpi1,237,656.3629475257088,1768.299909943784
1578,Tpi1,237,656.6158999673281,1811.4789359402969
1579,Eif4b,37,658.1348154587075,1764.5032371924613
1580,Rpl21,188,667.9654360838196,1808.843359752867
1581,Eif3a,32,667.1083192303387,1808.9579566345424
1582,Tpi1,237,675.0080695545955,1784.5201196375003
1583,Tnk2,234,685.4228071012126,1763.1339182560018
1584,Tpi1,237,693.1828025825415,1802.331525501834
1585,Polr2m,149,694.5431056617585,1834.93452550254
1586,Mtap,114,697.2823273094393,1771.2711066863744
1587,Mtap,114,700.0970088973377,1834.9318722190628
1588,Eif3i,36,701.0040368988732,1823.70598677158
1589,Ehmt2,31,703.9274837850439,1824.106036912884
1590,Slc38a2,209,703.8491243491441,1798.130672505211
1591,Eif3i,36,705.5186733328832,1836.2649863646752
1592,Eif3i,36,711.8854092267238,1803.9605332975264
1593,Eif3i,36,712.9127312388439,1860.592454826225
1594,Eif3i,36,714.3339494464301,1844.8713752297112
1595,Eif4b,37,716.7678933837703,1795.5578114671632
1596,Mtap,114,720.9351206054106,1857.4505107730265
1597,Tnk2,234,721.6157910254117,1786.311629437636
1598,Fxr1,48,729.8577114962067,1790.2686424871983
1599,Eif3i,36,729.4900020505273,1790.4111355385592
1600,Hspd1,64,730.1843760363261,1790.2204256950638
1601,Tpi1,237,730.0391917817088,1856.3480414214869
1602,Srm,216,733.5220535969775,1821.4917497293395
1603,Eif4b,37,737.8963765687835,1862.3562509014932
1604,Ncl,121,740.5241122669709,1874.5112295297024
1605,Eif3i,36,740.305901895783,1800.563021135067
1606,Rcn3,184,744.222738562663,1892.3441099236263
1607,Junb,71,744.2485642196357,1892.838330073174
1608,Mtap,114,745.3223411522356,1813.2546542855969
1609,Eif4b,37,749.1175688106142,1861.5079160206649
1610,Hspa8,62,748.2308390415154,1861.262018070905
1611,Mtap,114,752.8778641709056,1838.5555353709144
1612,Mtap,114,752.7812457315242,1775.1766455321597
1613,Mtap,114,753.6119104308125,1853.18255586976
1614,Mtap,114,759.865403612506,1799.1286072733526
1615,Eif4b,37,764.5768425802786,1828.4060267988948
1616,Eif3i,36,772.9297450869926,1843.725759412471
1617,Mtap,114,777.6990974312572,1830.6685331498957
1618,Slc38a2,209,779.5058515477717,1880.5369456325084
1619,Slc38a2,209,783.7354209570602,1796.717232138683
1620,Sdhc,203,785.8535176313796,1894.6785975709545
1621,Raly,177,785.7076316213239,1782.4143801623677
1622,Slc38a2,209,790.7209686293432,1897.620274385632
1623,Slc38a2,209,800.2974801062303,1888.5548737944955
1624,Ehmt2,31,801.3536953724897,1904.027526738419
1625,Slc38a2,209,801.0502477086707,1897.312197355346
1626,Igfbp6,68,807.7288795558177,1880.9294084710643
1627,Slc38a2,209,808.5126337451248,1806.4476093389248
1628,Ehmt2,31,813.7092709214241,1880.1701708579517
1629,Ehmt2,31,820.6658582261172,1932.1929408631652
1630,Mtap,114,826.1559140181093,1772.1294492660318
1631,Slc38a2,209,830.996437087091,1936.9985705942845
1632,Mtap,114,838.1403649200681,1925.9788233556903
1633,Lamp1,74,841.121835620954,1778.787555609989
1634,Slc38a2,209,849.6599367182412,1870.9458646675373
1635,Mtap,114,851.007798496326,1923.332705977176
1636,Slc38a2,209,859.4593734342919,1823.646762625294
1637,Tpi1,237,861.5673741904852,1970.6866828822176
1638,Igfbp6,68,865.4749083444306,1919.5788256640824
1639,Igfbp6,68,869.1746259094041,1806.337514051074
1640,Eif3a,32,869.1349020453708,1794.33734511098
1641,Slc38a2,209,873.4953506984059,1889.50068340634
1642,Mtap,114,874.9541752730172,1950.8003468605923
1643,Slc38a2,209,877.0301263930147,1868.639640582828
1644,Prrc2a,158,879.093000421188,1955.9326893185987
1645,Pdha1,139,881.2540635749638,1910.5253014598056
1646,Malat1,83,881.3147805111807,1910.81939311627
1647,Tnk2,234,887.2056777402458,1908.4359596305565
1648,Idh3g,66,892.5814855843936,1955.1601831459373
1649,Slc38a2,209,899.3220953617222,1799.678781375188
1650,Tpi1,237,904.606731384858,1840.8304036838024
1651,Slc38a2,209,906.6782697799875,1895.7837534568616
1652,Mtap,114,906.7362558730274,1951.4697936272823
1653,Igfbp6,68,907.1670816245056,1821.414023203404
1654,Eif4b,37,910.9003529229504,1882.7316089237909
1655,Sdhc,203,912.2922502665688,1853.9200320803504
1656,Slc38a2,209,912.9865073947432,1842.104276099796
1657,Slc38a2,209,914.0301799505984,1945.48131535282
1658,Igfbp6,68,919.9486828927172,1954.9518905375355
1659,Eif3i,36,920.2993727277948,1794.2569144585275
1660,Tpi1,237,921.2583089398944,1796.2986621961222
1661,Mtap,114,922.0864374976582,1915.0846644027736
1662,Slc38a2,209,933.4361957511784,1892.695674721538
1663,Snrnp70,210,940.2156437745368,1947.3024178477092
1664,Slc38a2,209,942.5837252022689,1912.2896303383827
1665,Slc38a2,209,947.4293823763314,1943.2476004242071
1666,Slc38a2,209,957.3509168929346,1875.788863259722
1667,Tnk2,234,958.7289139246676,1812.5684920903689
1668,Eif3i,36,967.9070735957256,1910.308258497111
1669,Slc38a2,209,972.8021845643962,1887.4039212895927
1670,Igfbp6,68,972.703569610769,1883.156970544972
1671,Slc38a2,209,981.2339163678872,1873.7707034621055
1672,Ybx1,263,982.1595746376734,1874.497568319449
1673,Pgrmc1,143,982.0107574560536,1873.243245233656
1674,Cct5,10,985.969008831258,1840.048844515226
1675,Slc38a2,209,984.1617899702768,1840.835495888209
1676,Slc38a2,209,985.1668110969212,1903.0746911663264
1677,Sdhc,203,988.7288124655892,1833.3150441788891
1678,Sdhc,203,989.9413754605922,1860.1371258273448
1679,Eif3a,32,994.1367085323636,1809.4876528680688
1680,Slc38a2,209,1001.0850286818144,1811.043663800306
1681,Slc38a2,209,1006.4470786637672,1942.8848606939475
1682,Slc38a2,209,1006.3205322673948,1823.123798165792
1683,Igfbp6,68,1014.9363249188084,1825.2439993581563
1684,Eif4b,37,1017.1982934058016,1822.1903025552824
1685,Timp2,229,1020.4765372597628,1880.1530550051532
1686,Igfbp6,68,1022.2604504330156,1866.059940692229
1687,Eif3i,36,1028.540386967,1882.950069953673
1688,Hspd1,64,1027.1084188727,1883.68514268682
1689,Slc38a2,209,1029.89004371976,1909.2291012987037
1690,Slc38a2,209,1034.8203758713605,1824.9406650912897
1691,Mtap,114,1036.1513679768068,1835.584326829715
1692,Slc38a2,209,1037.671944365395,1884.9992116538167
1693,Eif4b,37,1043.6284644258549,1871.6765250188205
1694,Ehmt2,31,1046.050117707289,1910.7896575553525
1695,Prmt1,153,1054.1861067412715,1890.843334985766
1696,Slc38a2,209,1059.7906600392184,1846.0373816243143
1697,Hspa8,62,1064.0984409776872,1871.234585390061
1698,Eif4b,37,1064.72618432613,1832.2780623779556
1699,Eif3i,36,1064.7432811449644,1931.094081034118
1700,Tpi1,237,1067.630282237971,1855.4311288867489
1701,Prrc2a,158,1067.0000977924494,1856.0011098579955
1702,Tnk2,234,1068.046107816242,1893.645722880711
1703,Prrc2a,158,1075.9233433210484,1843.1298120096749
1704,Mrpl37,99,1075.109325408332,1844.058797591686
1705,Eif4b,37,1081.449558764705,1844.0744538611268
1706,Sdhc,203,1086.337988874167,1856.797647877112
1707,Eif3i,36,1091.584683013573,1923.026566725872
1708,Psap,160,1090.9634267196943,1921.7761042474665
1709,Mtap,114,1098.224008511898,1864.151101659072
1710,Ehmt2,31,1101.3707524577328,1907.1361614220532
1711,Tpi1,237,1107.9403427390343,1909.551257998978
1712,Eif3i,36,1109.7116971236985,1866.628145458436
1713,Eif3i,36,1110.3283071674202,1886.9950360065693
1714,Tpi1,237,1112.4816236191036,1947.460240737057
1715,Eif4b,37,1114.1320323739917,1907.6230381969567
1716,Mtap,114,1118.3683667801058,1893.966799859924
1717,Eif4b,37,1119.059781216482,1884.9684162586968
1718,Sdhc,203,1124.139833840748,1876.6279669005407
1719,Tnk2,234,1129.2941313171514,1916.2903429029495
1720,Tpi1,237,1130.1822210880157,1892.847771649997
1721,Myh9,118,1136.21195676525,1964.81681228994
1722,Slc38a2,209,1135.043627600602,1964.584274427943
1723,Mtap,114,1134.5371021861731,1918.5397332273635
1724,Tpi1,237,1141.9020668231306,1941.038209689716
1725,Mtap,114,1144.1435918349707,1889.9642711073247
1726,H1f0,55,1145.4712203406257,1920.663346763552
1727,Kars,72,1145.9706859646485,1923.0255520432936
1728,Sdhc,203,1145.460081350962,1928.9445653052087
1729,Mtap,114,1146.4788978880033,1960.0887712889391
1730,Eif4b,37,1150.3551707376384,1901.6200744120504
1731,Sdhc,203,1156.8028907271705,1894.951595702241
1732,Ehmt2,31,1156.3404678748911,1951.155697604593
1733,Ehmt2,31,1157.3526818724904,1902.03644472805
1734,Eif4b,37,1160.674291654415,1929.473663979004
1735,Mtap,114,1161.541596807427,1913.1887573554363
1736,Sdhc,203,1166.5055933125846,1898.0999090414125
1737,Mtap,114,1166.563487187106,1921.589107727838
1738,Hnrnpk,59,620.8957550211317,1770.7904753756416
1739,Efemp1,29,632.5022642316327,1779.4025905183578
1740,Vim,261,633.6753989000789,1763.2601405160945
1741,Rpl15,186,634.7958183834504,1762.7996606951947
1742,Rac1,175,633.3880713111614,1763.4170773037054
1743,Timp2,229,633.7554179704881,1762.9170477599027
1744,Txn2,248,634.0131886205762,1761.117596464157
1745,Rac1,175,639.0017181007852,1797.2995983335245
1746,Rac1,175,643.762063674321,1791.7313870514477
1747,Snx3,211,644.7985281774872,1802.3024651955548
1748,Rpl21,188,648.2936672672935,1779.2961009995024
1749,Tnc,232,651.8512981875547,1775.4689043076294
1750,Tnc,232,654.9441970147624,1794.4548310678397
1751,Tnc,232,658.0642194823838,1772.5201873565893
1752,Ckap4,14,661.7254550589004,1787.4565146868206
1753,Efemp1,29,661.7606919748405,1771.9463166670955
1754,Rpl21,188,663.4532153509522,1761.816386830676
1755,Mrpl45,105,664.9332790083434,1796.3305566816216
1756,Rac1,175,667.6045805664158,1795.5112946096258
1757,Rpn2,190,669.3269721246872,1768.0804439528126
1758,Rpl21,188,677.3642885218227,1777.8511679259848
1759,Psap,160,677.4223704282465,1824.5714162454387
1760,H1f0,55,678.1117417075111,1771.9520636980462
1761,Snx3,211,680.0005493107378,1829.624259374332
1762,Mrps25,108,681.262116505413,1829.421534742802
1763,Efemp1,29,685.0840163465786,1778.9896004905272
1764,Prrc2a,158,685.3766182394947,1820.394280524719
1765,Idh2,65,684.4017962965567,1804.7532688825784
1766,Ppp2r1a,151,683.9115507614711,1805.2239553499776
1767,Rac1,175,685.6392592769093,1805.3004131173293
1768,Efemp1,29,687.2693166923702,1794.892882907611
1769,Efemp1,29,688.3158583340598,1803.8702920006156
1770,Tnc,232,689.3614870169608,1822.735703660816
1771,Rpn2,190,690.1994409097575,1780.9118542944511
1772,Tnc,232,693.1294911042821,1826.1905930785483
1773,Efemp1,29,695.6517254491177,1778.4661620059946
1774,Rpl21,188,696.056694919642,1835.829707450226
1775,Hnrnpk,59,697.3460271860985,1820.8851493805284
1776,Taldo1,223,700.284136329281,1771.6342916459885
1777,Rpl21,188,700.2152868526052,1807.5410019445455
1778,Tnc,232,702.2761043028984,1796.544276477831
1779,Rpn2,190,703.8927980716516,1790.0033615295026
1780,Hnrnpk,59,704.6609037679924,1771.7924525228066
1781,Prrc2a,158,705.1707884787943,1798.8481731204038
1782,Mrpl45,105,712.2172272829916,1823.496038236063
1783,Taldo1,223,712.2006190539242,1864.458852592668
1784,Rpl21,188,715.331696051735,1829.8735569214143
1785,Taldo1,223,720.5743068450263,1826.632622180264
1786,Taldo1,223,720.7193692900296,1798.5974240040869
1787,Rpl21,188,723.6538615578215,1869.0818445666227
1788,Rpl21,188,724.5368911673457,1850.8172001407524
1789,Prrc2a,158,728.6549391284728,1887.452671998918
1790,Snx3,211,730.7705283623527,1816.6191519974896
1791,Hnrnpk,59,731.7187286659685,1775.9160414223677
1792,Hnrnpk,59,739.7389723459087,1869.716093859076
1793,Rpl21,188,744.0878450524327,1872.3113535076411
1794,Rac1,175,747.8497684086035,1805.1207731123125
1795,Hnrnpk,59,750.4265534278991,1826.2807030786907
1796,Hnrnpk,59,752.7509592878813,1792.9134147557995
1797,Snx3,211,755.2403503361301,1870.1022107147105
1798,Hnrnpk,59,755.5200920944698,1830.0266483202397
1799,Rpn2,190,760.2684714941861,1836.2018910525967
1800,Vim,261,760.7868694665376,1828.434518117748
1801,Rpn2,190,761.0487934625312,1800.1345276604538
1802,Hnrnpk,59,762.8996792876665,1885.853021269494
1803,Hnrnpk,59,762.9945028329402,1872.230587175368
1804,Prrc2a,158,766.6902800666442,1868.4201140707232
1805,Snx3,211,768.4400465811132,1863.206406915005
1806,Ubxn1,253,766.231009455573,1772.5781538692192
1807,Taldo1,223,767.7357439529404,1771.7512750477272
1808,Nfe2l1,127,775.0647689333198,1856.000607289582
1809,Aco2,2,774.1548405559488,1855.3462216761268
1810,Ssr2,217,775.2491758403557,1860.909698077656
1811,Efemp1,29,775.1009737915442,1859.9957907642447
1812,Tnc,232,776.5548816564146,1784.742704128657
1813,Taldo1,223,778.3666209733194,1764.8000613014715
1814,Efemp1,29,778.8880064393268,1841.000656501272
1815,Hnrnpk,59,780.9948965879619,1811.3680658018632
1816,Sec13,204,783.404112047452,1875.783179722339
1817,Trap1,240,784.192698964884,1876.8603008228536
1818,Prps1l3,154,781.1978086303052,1873.669402748063
1819,Vim,261,782.2565277873866,1843.045065015049
1820,Rac1,175,781.6733006102991,1888.149449155824
1821,Prrc2a,158,785.6295100461115,1885.991415651299
1822,Ncl,121,787.8721096863387,1777.2475850607375
1823,Mrpl45,105,794.2421469627645,1830.146842755632
1824,Tnc,232,798.0952743081252,1786.869454709185
1825,Hnrnpk,59,800.5676974342839,1776.702483011385
1826,Rpl21,188,800.8482257568335,1887.0017679804328
1827,Ybx1,263,800.7831671155587,1905.182075053476
1828,Tnc,232,800.7560948275162,1903.9922511929408
1829,Rpl21,188,801.8992924268175,1871.8509107476275
1830,Prrc2a,158,801.7934996697651,1838.9417618300836
1831,Hnrnpk,59,802.0634836229742,1844.406783900077
1832,Hnrnpk,59,802.218869135655,1851.705524770088
1833,Rpn2,190,804.3852228354019,1896.8546221289464
1834,Prrc2a,158,805.7618769540917,1787.3388197996735
1835,Prrc2a,158,807.2857136293238,1872.6779588470197
1836,Prrc2a,158,809.6818579141997,1795.9114374811547
1837,Rpl21,188,816.9906138092017,1803.7288143168864
1838,Ssrp1,219,820.3579874806452,1885.4420470742075
1839,Efemp1,29,820.693654864679,1884.560962878441
1840,Tnc,232,822.1482008882599,1891.2338277824624
1841,Prrc2a,158,823.0145518687991,1781.1692147070871
1842,Hnrnpk,59,826.34158904849,1801.6420757667524
1843,Snx3,211,827.9314225325815,1778.2863658699905
1844,Tnc,232,828.8893813601264,1938.3177751522855
1845,Tnc,232,831.8466387780712,1773.3219712803143
1846,Tnc,232,834.4677915460519,1875.3368774194091
1847,Eif3d,33,836.9145184631833,1777.8814736961738
1848,Tnc,232,836.6520889473404,1913.7480805764044
1849,Sf3b2,205,836.27597679012,1914.254024887709
1850,Hdgf,56,836.5355725249865,1914.1056828331732
1851,Prrc2a,158,837.3906377670181,1897.6711752200704
1852,Tnc,232,839.4180569104847,1876.2968286446269
1853,Efemp1,29,842.0850620265228,1882.215653281204
1854,Efemp1,29,848.086145662613,1899.6416780949592
1855,Efemp1,29,851.1960261517871,1961.6216295689208
1856,Ergic1,41,851.9812628299619,1924.7720790643043
1857,Efemp1,29,853.7405923808025,1922.2494342865543
1858,Rpn2,190,852.5742557428242,1948.5820876407329
1859,Arf1,6,854.6181507958742,1957.7628350300636
1860,Rps6kb1,195,854.5816108214977,1956.57301068176
1861,Hnrnpk,59,855.1627136264551,1967.207410192123
1862,Hnrnpk,59,855.4509158229462,1955.706785915331
1863,Prrc2a,158,855.7309775036629,1886.5347269694423
1864,Hnrnpk,59,856.573069697838,1971.4191895588724
1865,Tnc,232,857.1701694117742,1925.601691235266
1866,Tnc,232,857.9176118980072,1870.5314761661523
1867,Efemp1,29,857.6548931821901,1891.175980362508
1868,Hnrnpk,59,863.0159906603117,1956.5750896847364
1869,Vim,261,866.5040525349798,1826.5978879016052
1870,Mrpl45,105,865.8788918622322,1873.348813080076
1871,Efemp1,29,866.5940794253372,1911.652411556502
1872,Rac1,175,867.6010386620148,1868.3517420808853
1873,Prrc2a,158,868.7949241030628,1779.5800156635603
1874,Timp2,229,868.6929885669,1917.2224240409837
1875,Prrc2a,158,871.0042027185782,1964.718083656328
1876,Efemp1,29,872.0962857650575,1876.1210187390016
1877,Taldo1,223,875.2155917790433,1951.7231039743097
1878,Prrc2a,158,876.3658591963233,1873.072487284578
1879,Prrc2a,158,877.6122794315082,1962.9108217062112
1880,Efemp1,29,877.867996325112,1881.2754427680927
1881,Snx3,211,880.7516768354627,1781.622174720876
1882,Rpl21,188,881.5906656051973,1951.9398715114924
1883,H1f0,55,883.5064423882488,1952.1427938074696
1884,Aco2,2,885.1113376042904,1952.4328249093376
1885,Hnrnpk,59,884.4399095290981,1960.338278694244
1886,Mrps25,108,884.8281981912507,1931.7014367040456
1887,Hnrnpk,59,889.5488448881458,1788.8918881920392
1888,Rpl21,188,892.0055210104381,1849.9330287588568
1889,Hnrnpk,59,892.866712374222,1963.0349964871875
1890,Rnf11,185,893.1461807576665,1933.5428697970167
1891,Mrpl45,105,894.0200866741809,1835.306980773074
1892,Rpl21,188,896.884624360104,1963.8833084162156
1893,Efemp1,29,897.263155705862,1813.02674210348
1894,Tnc,232,901.6044051934352,1929.9075732993608
1895,Prrc2a,158,902.5141242074228,1964.0876783589156
1896,Rpn2,190,903.2213935471028,1858.574828840508
1897,Prrc2a,158,905.9959601596886,1865.5156392278968
1898,Efemp1,29,906.3772114577712,1810.0906584055729
1899,Tnc,232,918.2009600321044,1953.8005948042512
1900,Tnc,232,917.9975129904694,1819.4371026729195
1901,Tnc,232,920.1978824857572,1887.51046054147
1902,Laptm4a,76,922.986069048113,1956.155100517464
1903,Myh9,118,921.8404971186676,1956.1591608019748
1904,Zfp36l2,270,923.7343054053248,1955.432383021156
1905,Hnrnpk,59,923.4564729734902,1832.802481449547
1906,Taldo1,223,924.9098398940514,1894.2625446980403
1907,Eif3f,35,932.2693920718344,1813.459239889316
1908,Rpn2,190,937.5971803313578,1946.573217852373
1909,Rpl21,188,956.563762305446,1815.1603282112624
1910,Efemp1,29,956.8529546482356,1900.6659913086223
1911,Tnc,232,958.1302031817976,1874.918353792268
1912,Mrpl45,105,959.098040243714,1923.58645263068
1913,Tnc,232,961.318839883696,1853.0246456538623
1914,Tnc,232,964.3327738273016,1816.711389198584
1915,Efemp1,29,969.6251641801832,1885.12248446358
1916,Prrc2a,158,971.2758318986336,1878.7700244461057
1917,Rpn2,190,971.2960495835268,1835.9245202734808
1918,Uba1,250,975.239616909203,1920.8991527165651
1919,Efemp1,29,973.6102285379887,1919.373809337029
1920,Puf60,171,975.5513679204856,1920.4641861306368
1921,Prrc2a,158,974.8926666192984,1881.9885692371363
1922,Efemp1,29,976.6584366405388,1843.8434177496683
1923,Efemp1,29,976.7011136866583,1908.5003615100957
1924,Efemp1,29,977.0791570467092,1877.4926874600424
1925,Tnc,232,978.08887933528,1937.8431014745847
1926,Sf3b2,205,977.848120920286,1893.225111883171
1927,Efemp1,29,978.1285885332348,1824.275947052744
1928,Rpn2,190,978.9310125128078,1803.0440976283337
1929,Vim,261,981.323184830314,1866.8924932879595
1930,Tnc,232,980.75212015886,1871.8058606610991
1931,Prrc2a,158,985.764542559298,1822.2718640869068
1932,Prrc2a,158,987.0343176611588,1924.2322178077864
1933,Efemp1,29,992.0704853390032,1892.733341574679
1934,Mrps25,108,993.9874532138926,1831.376943591011
1935,Efemp1,29,1001.0877629461864,1813.14490709042
1936,Loxl1,78,1000.5304052737824,1820.7981782078168
1937,Prrc2a,158,1002.0502077201392,1880.8543434784865
1938,Prrc2a,158,1005.8620834639912,1842.312855205197
1939,Mrps25,108,1011.6012108191376,1849.094773510671
1940,Efemp1,29,1011.0426745229825,1851.9623412233996
1941,Rpn2,190,1013.2605169414056,1877.962162604873
1942,Hnrnpk,59,1018.8033229558442,1839.1048340999605
1943,Efemp1,29,1027.6921241053892,1851.605942281172
1944,Tnc,232,1029.6380855142045,1860.01675510615
1945,Tnc,232,1032.1629588411568,1843.0244858934743
1946,Rpn2,190,1034.8088892922551,1859.590824283255
1947,Rac1,175,1039.3942967409914,1874.5672025600093
1948,Snx3,211,1042.0091709488102,1852.500858689835
1949,Efemp1,29,1051.5161301241078,1917.317788310196
1950,Efemp1,29,1060.1245599611975,1844.882877168438
1951,Hnrnpk,59,1071.3822312675477,1891.224825953305
1952,Rac1,175,1073.3256189764477,1873.806439358308
1953,Rpl21,188,1073.8734908315853,1941.4176800882976
1954,Rpl21,188,1075.5207448413505,1891.7900152067407
1955,Snx3,211,1077.8183368876123,1874.364098536442
1956,Hnrnpk,59,1078.0819014767085,1862.452319912265
1957,Mrpl28,97,1078.3050901027036,1861.8005680752865
1958,Prrc2a,158,1082.0792535361534,1870.8596941671112
1959,Hnrnpk,59,1088.9751332542758,1857.5008683537696
1960,Rac1,175,1094.69697231998,1941.7583651730424
1961,Oxct1,134,1096.292695108266,1945.387424136808
1962,Hnrnpk,59,1095.9905507290782,1944.586162025154
1963,Trap1,240,1098.0006438767934,1890.2110316389612
1964,Prrc2a,158,1099.0297080864516,1925.0817239172088
1965,Prrc2a,158,1105.839010684214,1872.621245816242
1966,Prrc2a,158,1106.2394022908036,1876.3551806752184
1967,Efemp1,29,1110.7367839734818,1935.1441196604164
1968,Prrc2a,158,1112.1949066472948,1888.5413758890368
1969,Arf1,6,1114.245058595278,1882.230721596057
1970,Rac1,175,1114.4331921860442,1880.8157899231703
1971,Prrc2a,158,1119.5774116856303,1924.402287177692
1972,Rpl21,188,1121.823680216369,1897.138896781114
1973,Ncl,121,1122.8572264151169,1897.0825779690413
1974,Prrc2a,158,1128.9696796456133,1938.123251364589
1975,Hnrnpk,59,1130.9218435002704,1906.193470937689
1976,Hnrnpk,59,1131.3074268627806,1921.2629321711013
1977,Rpl21,188,1132.8814920401578,1912.322950168425
1978,Rpl15,186,1132.883420979013,1895.238614731493
1979,Hnrnpk,59,1132.9899265794363,1894.603908913912
1980,Rac1,175,1138.176281048828,1907.2031637943685
1981,Hnrnpk,59,1143.368989759446,1905.0035850395604
1982,Tubb5,246,1144.0165541453823,1905.264393649897
1983,Ctbp1,24,1146.4031667644872,1916.7399276852625
1984,Prps1l3,154,1147.052348633655,1917.104415544897
1985,Rbbp7,181,1146.9340591558534,1917.32649746566
1986,Rpl21,188,1150.5891283979345,1901.7968220508476
1987,Sdc4,202,1157.8973401516996,1922.9975776437773
1988,Rac1,175,1164.1239383860811,1952.4210079442216
1989,Zfp36l2,270,1164.2791316938792,1951.872199442468
1990,Hnrnpk,59,1165.3390939805072,1947.3283096115151
1991,Prrc2a,158,1168.4999649721565,1924.3749982274696
1992,Mdh2,85,632.2000282737868,1764.5327485729226
1993,Il1rl1,69,635.812513639872,1777.691221253941
1994,Ssr3,218,636.5536394921853,1787.2009282939823
1995,Mmp14,87,655.8351985103099,1775.5475665732465
1996,Cnn2,16,662.6661917255644,1769.2014789039888
1997,Morf4l2,88,668.1704022484025,1774.295464009072
1998,Actn4,3,672.4830181113156,1820.477957371332
1999,Actn4,3,677.5532845750192,1804.8018928042457
2000,Mdh2,85,683.4053880434916,1821.8179026401835
2001,Mmp14,87,684.2122570769841,1823.6952564472108
2002,Actn4,3,686.2642586974389,1780.5453932227376
2003,Actn4,3,689.8172424952819,1821.137476579628
2004,Malat1,83,689.172677082952,1790.9478211132289
2005,Cnn2,16,692.1184188524724,1797.454567889337
2006,Mmp14,87,698.7412779499628,1809.684145982811
2007,Actn4,3,698.5678598599873,1833.728418606424
2008,Il1rl1,69,703.453164944747,1793.646389985413
2009,Cnn2,16,710.365848677294,1802.0944324012175
2010,Actn4,3,711.3471422148125,1843.440078797311
2011,Cnn2,16,724.0502282384775,1771.6356086306753
2012,Actn4,3,727.3538891341044,1792.3163860803722
2013,Actn4,3,733.0681803244129,1778.7498305242707
2014,Actn4,3,738.7115230985694,1891.64952122327
2015,Cnn2,16,739.0949176100238,1780.8403595702396
2016,St13,220,740.7829424461347,1866.0429043581412
2017,Actn4,3,741.4225979497137,1888.4721020219251
2018,Cnn2,16,744.9718687861368,1872.8667634435767
2019,Actn4,3,746.354238278822,1806.2143724378816
2020,Actn4,3,747.0517022120666,1895.7343571014503
2021,Actn4,3,751.4607442997052,1810.4000647589955
2022,Actn4,3,760.2051325491547,1799.429138445045
2023,Rrp1,198,763.9802761671876,1866.142508927262
2024,Morf4l2,88,763.5160312103912,1867.5387966083752
2025,Rab5c,173,766.5081077360817,1852.967714283588
2026,Il1rl1,69,769.2998807640757,1826.2596991584592
2027,Actn4,3,773.5745254379025,1884.3139680931024
2028,Actn4,3,776.3586948402742,1842.1937689848603
2029,Rab5c,173,778.2031588267546,1787.9563242379784
2030,Morf4l2,88,778.7913573647036,1889.3433236589576
2031,Nr2f2,129,781.943735467143,1832.4068362180224
2032,Maged1,82,781.4178596808745,1832.774824543836
2033,Jun,70,780.0123279016337,1833.750238094206
2034,Raly,177,780.520360252564,1834.2218092189453
2035,Morf4l2,88,781.7917636485189,1830.9994074352908
2036,Morf4l2,88,782.5485767888234,1840.6940912801151
2037,Actn4,3,783.351948679981,1778.8915840757145
2038,Actn4,3,782.7151403116056,1871.771902951509
2039,Msn,112,794.0594753722589,1883.7555604703296
2040,Tubb5,246,802.1445302660081,1849.5606435829584
2041,Il1rl1,69,802.7262209098933,1818.9571796086143
2042,Actn4,3,803.4472911287371,1884.9867143334295
2043,Il1rl1,69,821.5468977878588,1891.582261734481
2044,Malat1,83,823.998129071904,1897.0024415133053
2045,Morf4l2,88,829.9154372940895,1931.78436850806
2046,Malat1,83,832.2752876439099,1855.625025446452
2047,Actn4,3,832.6159184297759,1967.356949082824
2048,Malat1,83,839.0629068622665,1867.6532446379647
2049,H1f0,55,841.2862514944604,1924.5221074888664
2050,Il1rl1,69,840.4187864283812,1925.2541839400303
2051,Rpl18a,187,840.3840694005771,1926.0719722553013
2052,Malat1,83,841.0519641547338,1865.928167534869
2053,Rab5c,173,841.6733778378406,1928.43187572322
2054,Malat1,83,848.4684992652656,1872.9251827024448
2055,Morf4l2,88,851.4490203507771,1958.759612532184
2056,Actn4,3,851.479528048777,1953.874066055904
2057,Cnn2,16,852.1403914933416,1939.3450017316227
2058,Il1rl1,69,855.9040555199899,1895.776474986646
2059,Malat1,83,858.8888617978118,1876.7515979227865
2060,Malat1,83,861.1189123074012,1894.7070833886785
2061,Mmp14,87,864.0093577038715,1892.190768161808
2062,Il1rl1,69,864.8611952986145,1797.421620201603
2063,Mmp14,87,867.1620206297839,1879.6547843102085
2064,Actn4,3,869.8554431480031,1947.5108413848584
2065,Actn4,3,870.3841130785406,1873.121658170332
2066,Malat1,83,871.7694597703194,1780.9008593456022
2067,Malat1,83,872.9286332180455,1914.3897667277115
2068,Malat1,83,875.9697104987797,1865.514356324475
2069,Actn4,3,877.158643807547,1967.4909211179056
2070,Malat1,83,879.4456242643897,1883.763022823473
2071,Malat1,83,878.7097444808949,1902.451572804936
2072,Tbrg1,225,882.1055443650241,1912.856863888288
2073,Spon2,213,880.7016850231091,1912.419446622237
2074,Naca,119,881.4035429065484,1897.4012468352
2075,Malat1,83,883.0377780906297,1923.7543185407767
2076,Malat1,83,885.0550954235333,1905.5879562267744
2077,Malat1,83,887.9053039090988,1917.1163306797307
2078,Malat1,83,891.9996882636898,1898.385450746793
2079,Malat1,83,896.1698958904773,1869.4336683542745
2080,Malat1,83,900.0478387882023,1908.078143555399
2081,Malat1,83,901.4156941308636,1898.6171863493512
2082,Il1rl1,69,901.402371098688,1927.3596739830768
2083,Malat1,83,902.2355299765968,1917.5854338473157
2084,Malat1,83,903.2887795894732,1872.1614062414249
2085,Mmp14,87,902.975553601676,1794.7095951887768
2086,Malat1,83,903.3513200673584,1921.0923466971235
2087,Malat1,83,903.8389023337486,1924.3146500433136
2088,Malat1,83,909.9966761879848,1875.049927170627
2089,Actn4,3,910.9704469368014,1949.9003374167123
2090,Il1rl1,69,912.278504300622,1952.7692672303344
2091,Actn4,3,912.3264149265544,1926.7138639925663
2092,Morf4l2,88,916.506750856638,1891.0489567730535
2093,Il1rl1,69,919.7450860152128,1956.3909958050276
2094,Malat1,83,920.1133785473262,1920.44134449869
2095,Malat1,83,923.147280636496,1886.6209551948768
2096,Malat1,83,923.3873794907104,1827.562555740199
2097,Cnn2,16,925.9634134597036,1928.626303191296
2098,Vim,261,927.652876134654,1922.8388965518116
2099,Lmna,77,928.0967366194756,1923.1758628857065
2100,Laptm4a,76,927.9501854227942,1923.0303225957923
2101,Trp53,242,927.7720222761112,1922.14563330818
2102,Psap,160,929.7185509187892,1923.83693020141
2103,Naca,119,932.71386273187,1924.9693489310744
2104,Malat1,83,935.2853137989237,1892.5592228340463
2105,Il1rl1,69,943.1569738463328,1940.4066939015556
2106,Malat1,83,942.8293529397496,1890.927137987419
2107,Nfe2l1,127,942.7831306414386,1877.7487762444664
2108,Malat1,83,943.3073194777556,1834.0203273397524
2109,Actn4,3,943.1005980509312,1913.6996312909691
2110,Il1rl1,69,952.0105746368674,1858.9354443698555
2111,Cnn2,16,952.514774414442,1903.4601066055416
2112,Actn4,3,952.713510927611,1881.9020052101505
2113,Morf4l2,88,954.794908488676,1833.41149051676
2114,Mmp14,87,958.6951655236466,1896.774002220612
2115,Malat1,83,970.7470307417254,1887.4289556703084
2116,Malat1,83,972.1707005192814,1896.732410518384
2117,Malat1,83,971.5978608466056,1876.2845628116115
2118,Cnn2,16,979.596144519762,1901.2149599497543
2119,Actn4,3,1001.6777855171316,1889.5104401257545
2120,Mmp14,87,1006.1195923317216,1892.9134938091397
2121,Actn4,3,1010.012476520502,1837.130924877608
2122,Actn4,3,1012.172377560539,1810.9053156972343
2123,Rab5c,173,1013.1622076006933,1877.9670281587075
2124,Actn4,3,1014.3182960766048,1832.4696343915664
2125,Actn4,3,1019.9510999203628,1821.4150874060751
2126,Il1rl1,69,1023.0562426320652,1817.0425166299065
2127,Il1rl1,69,1029.2272988299535,1857.6940724212377
2128,Actn4,3,1029.843919350095,1891.41760097373
2129,Morf4l2,88,1031.9472930987731,1884.309231391527
2130,Cnn2,16,1042.7000854215237,1893.7555948535428
2131,Lamp1,74,1045.6436625396575,1913.427175429832
2132,Il1rl1,69,1052.4975484224176,1940.700427826964
2133,Actn4,3,1057.018776643954,1855.0394776672815
2134,Actn4,3,1062.71692350628,1842.1046573467388
2135,Morf4l2,88,1065.1497150451837,1854.5698888386985
2136,Morf4l2,88,1065.9150643595867,1893.0769507537652
2137,Cnn2,16,1078.58674836585,1843.2588959297136
2138,Actn4,3,1084.8246632205123,1869.1455339048812
2139,Ubxn1,253,1089.3806839036938,1912.1039014219975
2140,Pdia4,141,1089.395386112486,1911.81314867944
2141,Il1rl1,69,1092.7174780935711,1937.7330389608865
2142,Il1rl1,69,1098.97520734132,1921.543236832268
2143,Actn4,3,1102.1993236304122,1904.6975256881572
2144,Rab5c,173,1117.0395276266986,1892.2890142433075
2145,Cnn2,16,1119.9040681954004,1943.3877502742748
2146,Morf4l2,88,1120.8787718228098,1915.31467130219
2147,Il1rl1,69,1122.3723023236284,1954.7112963001052
2148,Morf4l2,88,1124.8987910802432,1904.845643154227
2149,Actn4,3,1132.6844111304422,1923.2808188547908
2150,Il1rl1,69,1134.2394444864867,1963.3189011449656
2151,Morf4l2,88,1137.126088711034,1922.99186674201
2152,Cnn2,16,1137.9339063111418,1928.5730854697267
2153,Actn4,3,1160.0776810997718,1907.576923217357
2154,Actn4,3,1161.5270375541184,1912.173096456688
2155,Actn4,3,1165.9927740043577,1932.1413192040677
2156,Actn4,3,1168.1966599332418,1896.8738425971533
2157,Rab5c,173,1168.810019885801,1936.2014454707785
2158,Ybx1,263,627.4342420117345,1774.3407686173337
2159,Npc2,128,628.0103603604604,1778.7992345938949
2160,Ctbp1,24,633.6967483221767,1792.080969316169
2161,Fkbp8,45,634.8469234602137,1793.2913891608127
2162,Uqcrc1,256,634.7924723948742,1772.800255399426
2163,Hspd1,64,636.0616796768024,1795.196026375169
2164,Tubb5,246,637.2433433658404,1784.7666238613792
2165,Tubb5,246,638.9769797538066,1769.3903169850375
2166,Tubb5,246,638.8488595432603,1765.066215524159
2167,Fkbp8,45,646.7613793214464,1784.2704071667122
2168,Tubb5,246,647.417589355661,1768.800749278712
2169,Tubb5,246,650.9471637864394,1765.2459226251217
2170,Npc2,128,651.1832094040215,1807.2215820093609
2171,Tubb5,246,651.9046590769989,1797.4386881940009
2172,Aco2,2,652.9535868678189,1776.62741111939
2173,Hspd1,64,653.3061019451011,1792.4482465128908
2174,Tubb5,246,662.3373267722898,1815.928950508233
2175,Hspd1,64,662.4880031453015,1780.5729428430511
2176,Npc2,128,665.1707991627266,1770.622021796628
2177,Hspd1,64,665.7958475890662,1777.0374596358126
2178,Npc2,128,668.2726283315126,1820.0300601789409
2179,Pdia3,140,670.7081913448815,1771.239295578292
2180,Oaf,133,672.8192466930229,1783.923039646941
2181,Oxct1,134,673.3769891520503,1783.7029282154165
2182,Tubb5,246,673.0868270091357,1777.305120167868
2183,Msn,112,674.1230385656137,1776.2263982867205
2184,Hspa8,62,675.5145308589879,1777.8519288957586
2185,Tsc22d1,244,674.8275297448333,1824.6440833672625
2186,Tubb5,246,676.9010349645267,1765.4129364131427
2187,Prps2,155,679.766070147821,1798.3202667243522
2188,Tsc22d1,244,680.687107979347,1776.7566164983652
2189,Pdia3,140,682.676744880658,1814.6539714620933
2190,Hspd1,64,684.1152198328352,1785.3328501533388
2191,Hspd1,64,686.3936666431503,1767.7197107406184
2192,Pdia3,140,685.3632382618563,1800.3013383441184
2193,Hspd1,64,685.9927910838318,1833.7795455578976
2194,Tubb5,246,687.4616078090025,1793.183557833018
2195,Tubb5,246,690.3033886841929,1816.0628939294595
2196,Hspd1,64,689.9892902746667,1810.8889609479463
2197,Hspa8,62,689.6037681341998,1811.0843943222808
2198,Tubb5,246,691.8604981838745,1827.9103204588744
2199,Hdgf,56,693.9923972308231,1786.4587707538717
2200,Mtch1,115,694.8200902455635,1786.3195449700097
2201,Hspd1,64,697.0189646716856,1838.6249986898056
2202,Aco2,2,697.8813656987616,1827.3203637677157
2203,Ncl,121,701.4347011250952,1834.5921214888167
2204,Tubb5,246,702.0280650456609,1833.7098137246649
2205,Hspd1,64,702.2464099818269,1848.5685750179744
2206,Tubb5,246,703.3654105166294,1806.0239136676748
2207,Hspd1,64,703.6779900310544,1769.553092097174
2208,Fkbp8,45,704.1298743135578,1833.5134428809515
2209,Tubb5,246,707.4399845272928,1775.0650422181743
2210,Tubb5,246,711.032126452473,1770.523060837253
2211,Rpl18a,187,715.757512957277,1814.3015922579
2212,Tubb5,246,723.9362352614362,1819.8788109855805
2213,Tubb5,246,724.1931168097863,1854.8373566060216
2214,Npc2,128,727.1915522007278,1826.0401781751511
2215,Hspd1,64,727.3966608420624,1797.716816313554
2216,Aco2,2,727.4342713932415,1822.8624951366328
2217,Tubb5,246,728.2429152869645,1813.4294514081992
2218,Tubb5,246,730.9082286533794,1782.5193492104895
2219,Hspd1,64,731.3755804049199,1817.1082906350896
2220,Hspd1,64,732.582505515159,1889.853073255306
2221,Hspd1,64,732.8436067227719,1868.1284265875845
2222,Tubb5,246,733.3203492045226,1775.7963759343306
2223,Mrpl43,103,736.3520530112988,1769.635817755488
2224,Hspd1,64,738.0810085326139,1876.4314282274304
2225,Hspd1,64,738.0270763173698,1883.2534536397973
2226,Fkbp8,45,738.6953374139699,1823.5508844566104
2227,Fkbp8,45,738.9487233833939,1838.9921252513775
2228,Npc2,128,738.6612009557175,1776.551093361036
2229,Hspd1,64,742.6270822612438,1857.293974155597
2230,Aco2,2,743.1680195669146,1849.9989418581167
2231,Tubb5,246,743.6018855376703,1842.4444413545264
2232,Tubb5,246,743.7894681483765,1891.7521171358792
2233,Tubb5,246,744.4115184153197,1875.8597841845624
2234,Hspd1,64,746.5399970093764,1860.2921129573228
2235,Tubb5,246,748.3019874926165,1871.3932869671205
2236,Hspd1,64,749.6077079207032,1817.0469651071544
2237,Mrpl16,94,748.8248169482808,1823.547935368037
2238,Tubb5,246,750.6959812792471,1803.0195376059007
2239,Hspd1,64,751.7733472087456,1847.381613199472
2240,Tubb5,246,756.8835205103575,1843.8560271202864
2241,Hdgf,56,759.4936287606681,1770.708522782198
2242,Tubb5,246,763.0132670767,1810.1366578004076
2243,Fkbp8,45,764.4362226757155,1782.8988838633104
2244,Tubb5,246,765.4586019355474,1805.4267761150843
2245,Hdgf,56,766.8369971190482,1818.6176844784216
2246,Hdgf,56,765.9072187451691,1873.4011675196127
2247,Sf3b2,205,765.5108494273134,1874.283746066169
2248,Hspd1,64,766.1166137957005,1869.9287156081616
2249,Vim,261,767.1346751707238,1831.5076467543804
2250,Tubb5,246,767.3406757494597,1831.2757230662248
2251,Timp2,229,769.5528345482578,1878.4563892476867
2252,Tubb5,246,770.2452123222133,1770.597259174148
2253,Fkbp8,45,772.3024907612554,1802.2998259958836
2254,Hspd1,64,773.4322904747211,1785.5120029470456
2255,Fkbp8,45,772.9137849329787,1805.167298548836
2256,Mtch1,115,775.1626307583188,1851.4663511606816
2257,Mtch1,115,776.3514509778942,1773.969337567817
2258,Npc2,128,777.14940173661,1850.2692007479468
2259,Tubb5,246,777.4821418646376,1840.6797826652696
2260,Npc2,128,777.8505737922877,1814.0546771301904
2261,Tubb5,246,778.9100516610761,1829.325711902404
2262,Lmna,77,779.2516455042344,1778.9104295063005
2263,Hspd1,64,779.7102619434964,1780.4203033974677
2264,Npc2,128,781.7245145579313,1882.5852182468952
2265,Hspd1,64,784.4567294551571,1863.9098586314935
2266,Npc2,128,784.1554295595075,1800.0440114197895
2267,Timp2,229,783.55706708561,1871.366384296652
2268,Npc2,128,787.6120901805377,1851.6450418049671
2269,Npc2,128,788.5984658381806,1783.4558664307317
2270,Rpl15,186,789.9737567535542,1783.0308280298889
2271,Tnfrsf1a,233,790.1842354720054,1784.1213824236715
2272,Aco2,2,790.4695833682113,1867.1443031028996
2273,Npc2,128,792.9084961169387,1841.4345291948373
2274,Pdia3,140,793.4053919193276,1788.575615525974
2275,Sec13,204,795.160493764388,1876.8545138678344
2276,Aqp1,5,795.6878390779952,1877.1703419012213
2277,Tubb5,246,794.4939158553912,1873.2630004996415
2278,Hspd1,64,796.8615854370469,1868.8653301403565
2279,Tubb5,246,799.1014123187798,1889.25896866819
2280,Tubb5,246,799.3657442498702,1866.235814620728
2281,Pdia3,140,799.8719178828917,1892.2019678548215
2282,Fkbp8,45,802.462490988381,1865.219073585686
2283,Mrpl43,103,805.0038420594167,1776.4323285371063
2284,Tubb5,246,810.9764960087088,1775.211452169755
2285,Npc2,128,811.8666310841695,1783.3768557767005
2286,Hspd1,64,812.7165203808398,1827.8360683134856
2287,Pdia3,140,812.2004075048885,1898.5121439803056
2288,Psmd4,164,816.5223036444264,1778.5068603716816
2289,Npc2,128,816.346149654509,1897.2849771517856
2290,Npc2,128,816.466963496471,1927.463159124968
2291,Npc2,128,816.8196231771333,1812.5835507733552
2292,Hspd1,64,818.4735925805643,1923.663905394613
2293,Npc2,128,822.4614253546913,1905.5781228048124
2294,Hspd1,64,827.1592635171799,1935.197708540972
2295,Fkbp8,45,825.9194088542871,1871.404957996492
2296,Tubb5,246,826.4498402969984,1930.9016117223189
2297,Npc2,128,828.1107884705018,1823.788348590039
2298,Tubb5,246,829.9302255288225,1959.1425725025224
2299,Npc2,128,829.9311465237743,1770.579135339637
2300,Rbm3,182,830.9716726440902,1909.753957959412
2301,Fkbp8,45,833.2445668970073,1893.4897711571243
2302,Ywhah,266,835.4506453611725,1947.495880500259
2303,Npc2,128,836.845844554647,1844.06317485624
2304,Tubb5,246,837.9495510510848,1919.1940763459372
2305,Mtch1,115,839.7374862632983,1960.998276924604
2306,Npc2,128,840.8177780350597,1920.3414152710611
2307,Npc2,128,841.4095934087534,1864.8718435976984
2308,Tsc22d1,244,840.7475158616625,1802.869227337109
2309,Npc2,128,844.8982101600761,1917.8391952849904
2310,Tubb5,246,845.249862535642,1798.6510160373764
2311,Tubb5,246,845.3724428950413,1967.3941778393785
2312,Tsc22d1,244,845.5841400044662,1947.3051247140208
2313,Tubb5,246,851.252064843417,1960.301401548889
2314,Tubb5,246,853.3889984067845,1911.954850049281
2315,Tsc22d1,244,854.0176581878837,1950.597233554254
2316,Tubb5,246,853.2558163541029,1931.1062008694732
2317,Hspd1,64,853.4809173679828,1976.5152548520775
2318,Fkbp8,45,855.167238980812,1779.0570331455217
2319,Tubb5,246,856.8688634471042,1942.0388556576509
2320,Pdia3,140,857.464161567244,1906.845991014752
2321,Hspd1,64,857.4934191626655,1843.905071054797
2322,Tubb5,246,857.432584220209,1912.57238454117
2323,Tubb5,246,858.0157256968504,1978.5416953502809
2324,Hspd1,64,858.3944733224173,1964.93250643212
2325,Hspd1,64,860.0079267146633,1804.499527072944
2326,Psma7,161,859.8581724480769,1973.0371506894185
2327,Mta1,113,860.1550817969757,1973.6999928129308
2328,Npc2,128,859.6310894139469,1873.489403683064
2329,Tsc22d1,244,860.1426651681518,1782.0109342983055
2330,Tubb5,246,860.5107893881587,1945.4235566891707
2331,Mrpl43,103,861.352941631472,1949.5612997058893
2332,Npc2,128,862.7386544801335,1903.6356194352957
2333,Tubb5,246,864.8544776574762,1794.219434033991
2334,Pdia3,140,864.4423022787429,1907.2322828977144
2335,Tubb5,246,865.104589992702,1965.734490372564
2336,Tsc22d1,244,866.2353358793414,1919.346852517601
2337,Npc2,128,868.2871178066762,1888.844685434373
2338,Tubb5,246,869.8052568653388,1966.1482848468656
2339,Mtch1,115,871.3196656344372,1963.248969517495
2340,Tubb5,246,871.671263284692,1849.0290674990165
2341,Mtch1,115,873.7784878579813,1791.7355654859512
2342,Pdia3,140,875.2363375584471,1902.7198142368352
2343,Tubb5,246,877.2522927494194,1782.5145605177263
2344,Tubb5,246,876.5159425800862,1943.866082036025
2345,Npc2,128,878.7634244910862,1932.6698515381024
2346,Tubb5,246,878.1503368303368,1883.903392874336
2347,Npc2,128,882.8446751490301,1862.8951791992645
2348,Tubb5,246,889.0103636629087,1959.9250585127331
2349,Npc2,128,888.8844455860501,1795.9436976607196
2350,Tubb5,246,892.15533135296,1790.7911151440428
2351,Tubb5,246,891.7975671062914,1949.4677231749008
2352,Aqp1,5,892.2807474852775,1900.5336105761403
2353,Tubb5,246,896.6859157155839,1797.810747000333
2354,Mdh2,85,897.6055050484208,1956.6178028753427
2355,Npc2,128,896.8294884743343,1958.816034832244
2356,Npc2,128,897.3607507355317,1966.76820419618
2357,Tubb5,246,898.7334731576617,1786.1088464138957
2358,Tubb5,246,899.8884002976442,1964.6614336757743
2359,Npc2,128,903.7707226443296,1947.8502530455337
2360,Tubb5,246,906.4358234194664,1951.0736485658133
2361,Pdia3,140,907.4409013707332,1931.9955212960808
2362,Tubb5,246,913.3606617760736,1928.0646921787595
2363,Npc2,128,918.8727893296906,1847.0397153701567
2364,Hspd1,64,921.6386430791842,1895.139827108424
2365,Tubb5,246,922.6937718398076,1924.402600631882
2366,Tubb5,246,925.1985219391988,1831.2451283984328
2367,Tubb5,246,925.6471275635572,1851.003832746946
2368,Hspd1,64,927.28577918998,1798.7534047634351
2369,Tubb5,246,928.8209922332592,1823.1950689227008
2370,Tubb5,246,929.4135827614344,1827.8500986037077
2371,Hspd1,64,939.61934967999,1949.000038644503
2372,Lmna,77,940.5597214616809,1855.65028222858
2373,Npc2,128,947.6545699129068,1951.0085808298847
2374,Hspd1,64,948.0805078608528,1874.4872249020164
2375,Npc2,128,957.6496914462682,1927.4557815151104
2376,Pdia3,140,960.8397549608144,1902.0036467568848
2377,Tubb5,246,965.6076429572956,1915.7933169302223
2378,Npc2,128,967.7536772461071,1813.9909563568087
2379,Tubb5,246,968.3753873214604,1803.6862894919652
2380,Hspd1,64,970.2792983741558,1921.239793524284
2381,Tubb5,246,971.9445903252938,1876.6874304618384
2382,Pdia3,140,972.1851602241225,1889.8800218907663
2383,Hspd1,64,975.5280442498396,1841.7064109681917
2384,Npc2,128,977.1746322988778,1934.9043557284044
2385,Tubb5,246,981.1661822884852,1806.9460900832537
2386,Hspd1,64,981.053816986016,1882.1382844718976
2387,Pdia3,140,981.4012838908776,1886.2121410268896
2388,Pdia3,140,985.4492757501916,1912.9303982633355
2389,Tubb5,246,985.0428979521968,1866.3506212455563
2390,Pdia3,140,986.38148396704,1918.6436327856104
2391,Tubb5,246,986.999921349822,1842.491643818756
2392,Hspd1,64,989.3628830185488,1831.54085982488
2393,Rbm3,182,988.0993453167528,1868.2200910889887
2394,Tubb5,246,987.8859993319963,1847.5181777084488
2395,Hspd1,64,990.1285980390604,1860.7947943219576
2396,Tubb5,246,991.1698864319344,1852.977420829288
2397,Aco2,2,992.4366362852436,1902.5800258427405
2398,Pdia3,140,993.0689746205428,1907.1659548251032
2399,Npc2,128,998.732556155806,1815.4067317840336
2400,Tubb5,246,1001.535410183552,1829.1429961372564
2401,Npc2,128,1002.8474806896456,1823.4044562629224
2402,Hspd1,64,1003.085038261629,1833.820654756896
2403,Pdia3,140,1004.542855746058,1886.84458790166
2404,Mrpl43,103,1005.0375100879156,1858.2950411689972
2405,Pdia3,140,1006.8769223388676,1912.197627277758
2406,Pdia3,140,1008.8445078121226,1942.3018486734377
2407,Tsc22d1,244,1010.96408858732,1899.602687777238
2408,Npc2,128,1011.4006126669536,1873.7561755473384
2409,Aco2,2,1011.3241448999536,1891.563694456926
2410,Hspd1,64,1015.647997417059,1860.206690061693
2411,Npc2,128,1019.4363398873402,1926.8654309444012
2412,Ywhah,266,1019.196742320852,1872.6868579639504
2413,Tubb5,246,1019.8999141441066,1871.5610481729043
2414,Tubb5,246,1021.6508687866012,1847.049598466261
2415,Tubb5,246,1022.3817640320914,1819.237797188793
2416,Hspd1,64,1023.5168153253264,1866.935051021432
2417,Mtch1,115,1025.883682627352,1874.035292201649
2418,Pdia3,140,1027.9291030893326,1879.033075518252
2419,Hspd1,64,1027.8713486418983,1837.188142016392
2420,Hspd1,64,1032.5605604264251,1825.0356198018312
2421,Npc2,128,1032.746551276122,1839.380318817511
2422,Tubb5,246,1035.3009718298024,1822.580160367967
2423,Pdia3,140,1041.0760708556836,1860.06128980406
2424,Tubb5,246,1042.6451987970495,1920.0832782696616
2425,Npc2,128,1046.8645260629826,1850.2547492565743
2426,Fkbp8,45,1047.5069700581107,1892.3081304838604
2427,Hspd1,64,1048.8801182184443,1858.0143444102296
2428,Hspd1,64,1051.0874054688045,1900.0465279368211
2429,Tubb5,246,1051.445083083278,1879.901436906468
2430,Tubb5,246,1053.4316673071644,1891.886723813533
2431,Tubb5,246,1054.499627116018,1886.2736945218371
2432,Hspd1,64,1055.7105132624529,1895.6754335730168
2433,Hspd1,64,1057.8358548967446,1871.6355380313205
2434,Aco2,2,1057.958876160929,1865.3039868557423
2435,Npc2,128,1059.6697365154507,1886.4225818288244
2436,Npc2,128,1059.4894701640333,1851.554372693736
2437,Sf3b2,205,1062.2472837046507,1901.1994890872647
2438,Hspd1,64,1062.4132224605269,1867.4040808177035
2439,Mtch1,115,1063.2119718210618,1825.6366281327496
2440,Tubb5,246,1063.0142662678093,1890.207332087828
2441,Tubb5,246,1068.4916300853508,1940.5177971408064
2442,Hspd1,64,1070.8637839560838,1905.0797331757224
2443,Tubb5,246,1077.8340387129288,1867.5133266709745
2444,Tubb5,246,1080.1583618608884,1878.4841349169496
2445,Ubxn1,253,1080.3642461123957,1852.8122562828376
2446,Ptbp1,167,1080.576435808044,1852.5082609825624
2447,Idh2,65,1083.4178674528312,1894.6421326642992
2448,Tubb5,246,1084.025515518358,1869.3317152520824
2449,Vim,261,1085.6518282139596,1862.702414574219
2450,Tubb5,246,1087.3229214917,1863.4397435424885
2451,Tubb5,246,1087.7226029795738,1856.8464076947664
2452,Mtch1,115,1092.0115891144685,1878.2649293160237
2453,Idh2,65,1091.882208109556,1878.6635574939112
2454,Mtch1,115,1095.8587836676534,1881.7024629709729
2455,Npc2,128,1097.3516642968225,1940.9851512022444
2456,Hdgf,56,1096.6945982761051,1890.621514328947
2457,Hspd1,64,1096.907441790042,1857.1981168005027
2458,Tubb5,246,1103.0528891249892,1927.0626165514768
2459,Tubb5,246,1103.4541160483736,1899.7819728752029
2460,Tubb5,246,1103.8263973935066,1865.5285611817403
2461,Tubb5,246,1103.494513663355,1884.6706495369824
2462,Tubb5,246,1105.1096427276757,1912.3822639447735
2463,Vim,261,1106.4970595983152,1917.887661334482
2464,Hspd1,64,1107.3144118628657,1917.7988012344076
2465,Tubb5,246,1107.6390702485205,1899.577157981612
2466,Npc2,128,1108.5864962475405,1933.378323814148
2467,Mrpl28,97,1108.165584295488,1878.2503686446355
2468,Tubb5,246,1111.565636146077,1921.451341420536
2469,Pgrmc1,143,1113.2741322136903,1908.5965755053037
2470,Uba1,250,1115.9451617037585,1891.2252608053564
2471,Hspd1,64,1118.1320969080425,1939.2870837872008
2472,Tubb5,246,1118.5832838990618,1950.9623999121652
2473,Tubb5,246,1118.4650973339974,1895.0193531314856
2474,Tubb5,246,1120.247520582448,1914.86254967279
2475,Tubb5,246,1121.0235502840037,1928.8463437049252
2476,Tubb5,246,1122.7331988064004,1934.107590237741
2477,Tubb5,246,1123.6450751823725,1907.6945050712168
2478,Maged1,82,1123.6503765925772,1890.81263117301
2479,Mrpl43,103,1124.4582864989743,1890.567935779448
2480,Pdia3,140,1124.172250445392,1952.2234644787736
2481,Ybx1,263,1128.2064616959624,1905.617870656092
2482,Tubb5,246,1129.9831007970563,1922.308638556384
2483,Mtch1,115,1130.5674770084554,1961.4357163373472
2484,Tubb5,246,1134.8844822643373,1946.2329341097416
2485,Ppp2r1a,151,1136.1187617406422,1953.2518028699249
2486,Tubb5,246,1138.5213153331758,1954.8276379683448
2487,Tsc22d1,244,1138.2458963364495,1913.315688348377
2488,Tubb5,246,1140.4852298660462,1944.70252718456
2489,Lmna,77,1140.6219919149894,1944.9887027256727
2490,Hspd1,64,1145.9955412652644,1887.8106817129303
2491,Tubb5,246,1148.146628052972,1917.1488755058
2492,Tubb5,246,1147.8583758171085,1946.5876313167028
2493,Tubb5,246,1152.004298866944,1952.7568457293185
2494,Hspd1,64,1153.8932739057554,1930.5126396566368
2495,Sat1,200,1153.9702935043513,1931.580279312776
2496,Tubb5,246,1156.3252883268449,1948.787156078303
2497,Tubb5,246,1157.6165717739884,1920.066979063331
2498,Hspd1,64,1158.1720695090569,1927.0899984050336
2499,Tubb5,246,1161.910414802655,1933.8152514416447
2500,Mtch1,115,1161.5400144029954,1939.8324068136533
2501,Tsc22d1,244,1163.2939168246749,1942.865945450071
2502,Tubb5,246,1165.079767993849,1921.0768491552697
2503,Hspd1,64,1165.7310431519284,1938.3764723948168
2504,Tubb5,246,1166.7191431607062,1896.7934770538427
2505,Tbrg1,225,1168.5023382613183,1919.5202743404889
2506,Tubb5,246,1168.857417219724,1918.1126714420827
2507,Tsc22d1,244,1169.2824885386085,1910.2829123099837
2508,Fkbp8,45,1169.4858751967306,1913.1568558155896
2509,Ncl,121,617.635775381817,1766.524922825432
2510,Ncl,121,642.493080206862,1767.212798669842
2511,Ncl,121,648.1175577133416,1794.692042540409
2512,Snx5,212,649.0297590047514,1806.791361527656
2513,Mdh2,85,654.1976651125177,1773.2685793095868
2514,Rrp1,198,656.1960765272469,1789.4977884876146
2515,Ncl,121,658.2773219854936,1783.7338740078224
2516,Mta1,113,660.1924452305651,1778.2746476399802
2517,Psmd7,165,660.1698336105787,1786.6861731042386
2518,Stip1,221,661.808826566423,1806.1610382411816
2519,Ncl,121,661.2596583698756,1776.3428344752429
2520,Psmd7,165,665.7379340322714,1809.85073535805
2521,Trap1,240,669.8024593717169,1787.7828891259242
2522,Vim,261,671.0574247596448,1817.166153273161
2523,Ptgs1,169,678.235993082293,1771.3524142561118
2524,Ncl,121,681.7012170503253,1785.973001847345
2525,Rrp1,198,685.2845861390869,1807.511167668029
2526,Ncl,121,686.2593331226572,1765.794655174608
2527,Psmd7,165,687.3524314332867,1836.5506771388564
2528,Snx5,212,691.6198439833643,1819.882322980572
2529,Ncl,121,693.6175866876977,1797.323732835997
2530,Snx5,212,696.5616171521472,1837.719243737651
2531,Rrp1,198,705.9995838324987,1856.5230109943664
2532,Trap1,240,708.1270357904127,1773.6040251004365
2533,Ncl,121,712.9517486897532,1792.6404199776237
2534,Snx5,212,724.6635034002936,1783.1428160896232
2535,Stip1,221,725.7437445652652,1851.067159184116
2536,Ncl,121,725.8555518580586,1806.4762109175444
2537,Ncl,121,727.7501189741673,1802.2069494623177
2538,Rrp1,198,728.5804934748755,1853.709837846524
2539,Oxct1,134,729.1995129547108,1872.1495984857288
2540,Stip1,221,729.995665782661,1876.506545630596
2541,Msn,112,731.307091717011,1884.2126548995536
2542,Rrp1,198,738.052060132649,1789.1382114415028
2543,Psmd7,165,740.7985700429671,1865.1389410487025
2544,Stip1,221,742.6563905001562,1896.4593336062665
2545,Ncl,121,743.4471264191841,1791.5894331052675
2546,Stip1,221,744.2766589991313,1849.283356642559
2547,Rpl15,186,747.7886028094091,1774.3811447255086
2548,Ncl,121,747.8765886456729,1865.2394803825628
2549,Snx5,212,751.8452261596766,1896.2321916814776
2550,Snx5,212,752.4032212255753,1787.440740027256
2551,Ncl,121,752.7878445058238,1770.4684650466634
2552,Rrp1,198,754.244702849017,1844.201233068337
2553,Rrp1,198,757.4382094707058,1798.8268357430557
2554,Ncl,121,762.4239189523174,1819.542592907556
2555,Ncl,121,763.0009527663652,1826.49289501312
2556,Psmd7,165,763.4501266059375,1874.6629859407728
2557,Ddx17,26,767.9457775726391,1852.426538396511
2558,Ncl,121,769.7269190008036,1855.5121722604997
2559,Trap1,240,770.6423651318355,1788.6701004537483
2560,Ncl,121,771.8952892342223,1827.4199389697865
2561,Psmd7,165,772.4875271900135,1810.5507591021292
2562,Stip1,221,779.2826541098547,1798.6249534875813
2563,Trap1,240,779.0782668484834,1896.1679985897024
2564,Rrp1,198,779.6770736677325,1837.004560738072
2565,Rrp1,198,780.4951837091386,1842.9124004535693
2566,Oxct1,134,791.9533507743654,1847.2487809555964
2567,Ncl,121,799.5592799840717,1807.433894069715
2568,Rrp1,198,800.2566845452559,1842.5753664896629
2569,Ncl,121,802.351004227763,1883.9438620620808
2570,Ncl,121,806.2276715955608,1916.8684064059923
2571,Oxct1,134,808.9586212602499,1794.9087859200806
2572,Oxct1,134,811.5678007565286,1911.7664800335467
2573,Psmd7,165,811.5457163224964,1920.644479531366
2574,Oxct1,134,812.2230251572508,1851.8331987853103
2575,Psmd7,165,812.713970588939,1844.5024327651447
2576,Stip1,221,818.1324454623289,1902.6061915734904
2577,Psmd7,165,818.6616749454993,1877.6963236680965
2578,Stip1,221,823.6646728713649,1941.458861808359
2579,Psmd7,165,824.2950979353366,1773.849222201406
2580,Rrp1,198,826.3385384659391,1871.0589772728663
2581,Oxct1,134,826.9417278745096,1937.2512711316888
2582,Fxr1,48,829.6756537008478,1772.392508054373
2583,Vim,261,831.1664357106059,1783.4995859652167
2584,Ncl,121,831.0797070700579,1956.8369655523663
2585,Snx5,212,832.3013361744358,1937.9853059227496
2586,Snx5,212,834.0719114972535,1787.60792611317
2587,Psmd7,165,838.4122666073814,1935.2502547358647
2588,Maged1,82,839.9432268310304,1960.8958123732027
2589,Trap1,240,842.4302956314626,1799.1954751991989
2590,Stip1,221,845.3902208462363,1949.527706151389
2591,Snx5,212,847.8812165656818,1974.0505786941828
2592,Snx5,212,848.9489572690388,1901.739438577816
2593,Ncl,121,857.0351816530004,1920.6160456820248
2594,Psmd7,165,858.7857877408385,1945.1965966309356
2595,Msn,112,858.1095986707205,1943.9553956056948
2596,Hspa8,62,857.940488866228,1943.2841696931384
2597,Rrp1,198,862.5302839446068,1970.6303068715547
2598,Rps6kb2,196,863.5553370031236,1956.15934696256
2599,Srebf2,215,868.5813986321921,1780.0146752188073
2600,Stip1,221,874.6013186378771,1960.655992221599
2601,Trap1,240,874.764398680164,1941.186229642259
2602,Oxct1,134,877.7749921470304,1960.613235867723
2603,Snx5,212,894.1512022438187,1811.365744030084
2604,Hsd17b12,61,894.8969551715918,1889.838271902552
2605,Ncl,121,894.8076176579863,1883.8915524980664
2606,Rrp1,198,902.4201269653406,1805.538506222564
2607,Stip1,221,904.3489974887184,1799.3487903780417
2608,Psmd7,165,905.5297073172188,1890.2971933891424
2609,Ncl,121,909.1987118126108,1875.8759444853904
2610,Hsd17b12,61,910.7059555929666,1797.4157068400762
2611,Snx5,212,923.8458454930468,1829.576422823417
2612,Ncl,121,933.1003594727824,1820.3056694413983
2613,Rpl18a,187,931.8013964501546,1820.189235351831
2614,Ywhaq,267,932.829278807486,1820.890498089112
2615,Hspa8,62,934.1380053193782,1821.5207682329165
2616,Hspa9,63,933.848328385357,1819.740301475125
2617,Rrp1,198,941.376682181688,1816.308445175821
2618,Psmd7,165,942.2074179597244,1876.8297344929904
2619,Oxct1,134,946.9650854533736,1897.5511042241924
2620,Ncl,121,951.2379316793712,1829.1682177992004
2621,Psmd7,165,951.5558078454764,1886.5381597091584
2622,Hsd17b12,61,953.1326382102676,1923.84955170086
2623,Oxct1,134,960.6613928766704,1889.316932950518
2624,Trap1,240,961.090906068353,1903.3221150737616
2625,Ncl,121,961.8243810042908,1924.8740754369128
2626,Ncl,121,963.5247703508225,1946.4969922004173
2627,Zfp36l2,270,968.6052984813052,1909.419026256482
2628,Snx5,212,966.527066624032,1894.2731720511963
2629,Ncl,121,973.397046924782,1822.174240224757
2630,Trap1,240,974.3376770327544,1879.736987032536
2631,Snx5,212,975.2533261171652,1911.868289360584
2632,Ncl,121,978.0024212010773,1830.6639136633737
2633,Ncl,121,981.7198794025286,1844.1223202125093
2634,Hsd17b12,61,987.2311881051428,1881.0840115432195
2635,Ncl,121,989.3640535437688,1853.2068820155305
2636,Mdh2,85,989.8204801708198,1864.5604078543315
2637,Hsd17b12,61,989.7155988205404,1862.772635627506
2638,Stip1,221,990.1777791282286,1927.2425689333108
2639,Stip1,221,995.427644219312,1821.574006117123
2640,Ncl,121,995.7849591002469,1805.625006367909
2641,Rrp1,198,995.903700509378,1858.911315723866
2642,Snx5,212,1008.9878048883506,1909.688926567388
2643,Stip1,221,1012.9644224095888,1879.6990411362824
2644,Snx5,212,1020.6144188785933,1851.812305607932
2645,Stip1,221,1021.9917414982276,1824.537426170012
2646,Psmd7,165,1022.5394999024824,1815.9248385997348
2647,Ncl,121,1035.1198962590586,1865.5771153917085
2648,Ncl,121,1039.440306595742,1835.8493341806416
2649,Psmd7,165,1049.5718956960116,1875.025389051904
2650,Ncl,121,1052.3287806257697,1878.183497181248
2651,Snx5,212,1054.715027081682,1885.8179915586568
2652,Hsd17b12,61,1055.9871909862543,1919.0733482436997
2653,Oxct1,134,1056.37484225885,1924.445124380776
2654,Rrp1,198,1059.9634295713254,1899.378710539251
2655,Ncl,121,1069.068137732184,1925.305628707607
2656,Oxct1,134,1075.6626893998257,1913.227800035813
2657,Ncl,121,1084.3487164547346,1923.0539606976504
2658,Snx5,212,1084.3243957847255,1916.172095497287
2659,Ncl,121,1086.3622477587185,1863.026263967584
2660,Snx5,212,1089.030441155585,1911.7975853523767
2661,Tomm40,235,1090.2723174105763,1921.1187975056764
2662,Ncl,121,1097.1852762130218,1915.4224269905844
2663,Psmd7,165,1099.0954044585176,1907.268640544802
2664,Zfp36l2,270,1099.7088983460833,1932.2543932616152
2665,Ncl,121,1101.7476936156222,1864.7684222804703
2666,Psmd7,165,1102.4357443903364,1913.3408329848296
2667,Ncl,121,1109.4489035324682,1943.7962547707352
2668,Snx5,212,1114.8799285331088,1889.239628669648
2669,Hdgf,56,1114.721808120596,1872.5737425289065
2670,Mdh2,85,1114.4259119426474,1872.667108999252
2671,Ncl,121,1115.265463302231,1868.5378272098676
2672,Stip1,221,1116.4180109649242,1883.8729919731368
2673,Vim,261,1117.3143721607994,1917.4153310576285
2674,Fxr1,48,1123.198601929952,1921.2571003370424
2675,Rrp1,198,1127.2339584417514,1959.377386227641
2676,Ncl,121,1141.4244439177169,1954.375273308618
2677,Oxct1,134,1142.847037784296,1958.9927658388524
2678,Stip1,221,1142.8698932125867,1924.1180079658895
2679,Psmd7,165,1142.5009881659064,1915.4507330937372
2680,Stip1,221,1143.3120747318028,1901.7469962664395
2681,Jun,70,1143.3905552527492,1930.821549697374
2682,Stip1,221,1143.3144596554373,1894.38952925034
2683,Ncl,121,1144.922627274832,1956.8332403920251
2684,Rrp1,198,1148.8667489919817,1895.1245241865856
2685,Rrp1,198,1148.9221388097078,1920.6574615150369
2686,Stip1,221,1149.343505717746,1950.6021551792687
2687,Ncl,121,1150.3539194640189,1926.830619694976
2688,Kars,72,1149.0596918949152,1926.6890997003584
2689,Ncl,121,1150.8506461170432,1958.3531512527816
2690,Rrp1,198,1154.2079923615147,1895.1126713661915
2691,Ncl,121,1155.535008506521,1910.2035728967585
2692,Stip1,221,1160.5334095334017,1934.7592316484256
2693,Stip1,221,1164.9467794381676,1931.212571729405
2694,Oxct1,134,1166.9730355975576,1923.6736102102584
2695,Ncl,121,1167.786609290224,1894.268956138846
2696,Stip1,221,1167.8201616430774,1920.310363260171
2697,Clta,15,1168.3413757683331,1918.4748897504564
2698,Ptbp1,167,628.6298518876656,1788.732787424835
2699,Eif3f,35,653.337585431275,1767.564370024147
2700,Mdh2,85,653.6499993229031,1788.3909218527356
2701,Ptbp1,167,657.6779778044909,1767.4575030456308
2702,Ptbp1,167,665.0698811650099,1793.6905604248514
2703,Igfbp4,67,665.8911803866026,1768.8495400913102
2704,Ckap4,14,667.1153784392419,1762.622300897252
2705,Ckap4,14,667.7378732902046,1791.2795231635205
2706,Rad21,176,675.715000682874,1802.4432160818628
2707,Hspa9,63,684.2267339209008,1808.2818038603416
2708,Ptbp1,167,686.4391593470249,1824.5412484302572
2709,Hspa9,63,690.4096870218411,1794.5750543480249
2710,Hspa8,62,696.9076783732753,1840.5013664257904
2711,Ptbp1,167,699.9979139847915,1842.67106722554
2712,Ptbp1,167,699.5961336447539,1797.8731779619377
2713,Ptbp1,167,701.551270905723,1779.029643804778
2714,Mrps5,110,705.7722847864768,1818.105724650973
2715,Mrps5,110,715.770998247008,1794.5923583122851
2716,Ptbp1,167,725.9299718181676,1857.25421586666
2717,Ptbp1,167,726.420439264049,1847.3276021632817
2718,Idh2,65,728.495687567147,1830.9396848770689
2719,Hspa9,63,733.738017959574,1775.038276844183
2720,Rad21,176,734.5037100308778,1891.5364723503187
2721,Ckap4,14,736.2580648844857,1779.2112748169675
2722,Idh2,65,736.790084979838,1847.8786310998564
2723,Nr2f2,129,738.4567251375742,1772.3529327359504
2724,Hspa9,63,742.774910719334,1777.5934883258055
2725,Ptbp1,167,744.3230541009788,1871.9364479476317
2726,Fkbp4,44,745.534410228416,1789.051937993975
2727,Idh2,65,746.306862838466,1897.98410799806
2728,Ckap4,14,747.3734504015355,1770.7450028655787
2729,Csf1,21,750.7580866611193,1815.3762432904257
2730,Cct8,11,751.3529184554658,1884.783116820692
2731,Eif3f,35,753.9121720217572,1781.548861935978
2732,Eif3f,35,759.949466132131,1881.504475218888
2733,Eif3f,35,761.1920395839497,1787.4855664984595
2734,Ptbp1,167,761.5855391061309,1867.915545418748
2735,Ptbp1,167,764.4042108139025,1811.9090985690343
2736,Hspa8,62,767.2050239602546,1857.3762901987957
2737,Ckap4,14,770.233277809872,1863.6001299645015
2738,Ptbp1,167,772.240147654187,1888.323633765852
2739,Rad21,176,771.8923045179782,1865.873393423932
2740,Rad21,176,773.0082398084897,1838.063586385588
2741,Mrps5,110,772.9577129562284,1844.2992919647645
2742,Lamp2,75,775.9095507737196,1796.761613043779
2743,Mrps5,110,775.7299941992914,1806.3033897476305
2744,Ckap4,14,776.6502596966108,1878.188839562108
2745,Lamp2,75,778.5735087309064,1835.2339197621584
2746,Idh2,65,778.2790306452514,1813.624151814495
2747,Trp53,242,779.7335183791782,1879.6681473670735
2748,Hspa9,63,784.1069975639732,1831.1054047998316
2749,Idh2,65,784.0398678799253,1774.4626992138924
2750,Ptbp1,167,785.0551771732918,1877.5487688405344
2751,Rad21,176,791.6700649056547,1822.2773604253437
2752,Rad21,176,794.295916958972,1776.1492544293974
2753,Cct8,11,798.6796005781582,1884.6737640168656
2754,Igfbp4,67,803.1224563298365,1884.711374242109
2755,Ptbp1,167,805.8726982435231,1798.9677623706757
2756,Ckap4,14,808.9674671234709,1802.0831395506427
2757,Eif3f,35,810.8781856182084,1836.4523172915565
2758,Ptbp1,167,815.9977645492936,1859.529741280861
2759,Idh3g,66,820.7957071086471,1881.5746226078743
2760,Rad21,176,820.6227069091135,1773.0802666314817
2761,Rad21,176,824.7598060351283,1918.1947456154903
2762,Eif3f,35,824.8393446434519,1771.2053502875356
2763,Rad21,176,825.6185705023706,1791.8399861577095
2764,Idh2,65,826.8307863114183,1777.141903557193
2765,Rad21,176,834.8152345038641,1848.2774835372784
2766,Ptbp1,167,833.9800965861843,1801.8462709109265
2767,Mrps5,110,834.2088350447636,1940.420014549264
2768,Mrps5,110,846.4947865953347,1835.2053771035712
2769,Hspa9,63,856.0942716457889,1967.664024116446
2770,Ptbp1,167,857.0680306925738,1910.0755885132287
2771,Ckap4,14,857.2598128833627,1822.4608620274416
2772,Rad21,176,858.6086191924737,1961.149992387848
2773,Csf1,21,871.1934277057137,1786.6752448363884
2774,Ptbp1,167,874.3776388934843,1968.083909295744
2775,Ptbp1,167,876.5716828207254,1796.069864409507
2776,Ptbp1,167,876.9230511539273,1935.9392461483924
2777,Cct8,11,882.6576570456172,1918.373468622714
2778,Ptbp1,167,883.5021903346953,1778.891013791878
2779,Csf1,21,891.6191450638601,1882.7630693015951
2780,Rad21,176,901.6178246791388,1792.5457594824395
2781,Rad21,176,902.5245358162648,1831.9612671624368
2782,Rad21,176,902.745562064384,1806.7059850855396
2783,Ssrp1,219,902.3529651997246,1945.9389980427688
2784,Psap,160,904.0855812891494,1952.2352660989595
2785,Maged1,82,905.603865627574,1951.933238829108
2786,Lamp2,75,906.232327649912,1902.0381512966533
2787,Use1,258,907.3441521733594,1949.2614612714997
2788,Ckap4,14,907.7348866883397,1787.7609057072104
2789,Idh2,65,910.488481955242,1947.6672134434
2790,Ptbp1,167,917.3990402116946,1808.6291625798772
2791,Idh2,65,922.5261310101104,1955.1570064860532
2792,Ptbp1,167,923.8936681583843,1905.2921679682308
2793,Ckap4,14,924.0039369849176,1897.3504841947693
2794,Mrps5,110,932.240962893979,1940.0257538251735
2795,Ptbp1,167,935.8397655611328,1819.36188366314
2796,Ptbp1,167,938.3495509107722,1931.8062381992656
2797,Ckap4,14,943.3166817801452,1817.349270989463
2798,Idh2,65,943.066432385316,1911.7276720731247
2799,Rad21,176,945.0314925709982,1800.0054978336157
2800,Ckap4,14,946.4507200782724,1945.857579659916
2801,Eif3f,35,949.27630433858,1866.300497643892
2802,Eif3f,35,951.027037183479,1838.501213658996
2803,Eif3f,35,950.8397816464302,1882.0628915639331
2804,Eif3f,35,951.929747047358,1875.3325739792303
2805,Ckap4,14,953.6277528456706,1886.84958508695
2806,Rps6ka2,192,956.4063013741568,1914.628947415105
2807,Ptbp1,167,959.021949950165,1903.9738123035177
2808,Ckap4,14,963.9010922754716,1843.044789250874
2809,Csf1,21,964.3239641380331,1944.630678124598
2810,Rad21,176,968.5818559609188,1927.8594795026208
2811,Rad21,176,969.3725964469116,1827.1259511130213
2812,Ppp2r1a,151,970.0862834597174,1882.818047002304
2813,Ckap4,14,975.2703245066176,1831.11907896244
2814,Idh2,65,981.5120096781174,1881.1604616932784
2815,Hspa9,63,981.8363466715778,1841.0328885922731
2816,Use1,258,982.6270165367764,1824.3364907685373
2817,Cct8,11,982.3233452752816,1873.286044844842
2818,Rad21,176,983.8683388944204,1896.3141723843623
2819,Mrps5,110,984.415711464274,1890.5199190408875
2820,Csf1,21,996.3727797441442,1887.032726536041
2821,Ckap4,14,1001.4321700858992,1811.1845599375877
2822,Eif3f,35,1001.036547810339,1901.1169297158265
2823,Eif3f,35,1002.5631595896784,1863.315824733604
2824,Csf1,21,1005.2579689074064,1892.4511333152
2825,Csf1,21,1007.6827678931415,1942.4709233484384
2826,Rad21,176,1013.2298940961496,1857.7191670200175
2827,Idh2,65,1015.611565566532,1859.8983185693212
2828,Ptbp1,167,1017.7750845899292,1904.0062303496125
2829,Ptbp1,167,1022.2213876948016,1935.7345112594203
2830,Ckap4,14,1031.0190138577732,1865.057503191972
2831,Idh2,65,1037.4458839085569,1846.161723430875
2832,Csf1,21,1038.1609171997025,1825.151962525332
2833,Hspa9,63,1041.8742616188383,1866.062606750712
2834,Ckap4,14,1041.677877630981,1900.0324723626788
2835,Lamp2,75,1043.6796661854196,1926.3667717268895
2836,Hspa9,63,1046.4235968113785,1887.3428421278304
2837,Nr2f2,129,1048.4743756468456,1931.2305066379945
2838,Csf1,21,1047.6535037837043,1930.8879845310012
2839,Ptbp1,167,1049.7139536557238,1879.1444835465948
2840,Rad21,176,1051.9132660626,1867.082275172089
2841,Idh2,65,1053.659966150195,1940.092410861035
2842,Eif3f,35,1059.289923898293,1937.4745319719764
2843,Ckap4,14,1060.1023826778674,1903.647298587489
2844,Ckap4,14,1062.2129132458222,1850.4753361471885
2845,Mrps5,110,1062.2991756563556,1839.7858109134293
2846,Mrps5,110,1063.6847102431896,1833.0619452402952
2847,Rad21,176,1070.7725492123604,1940.7647491961063
2848,Idh2,65,1074.2620993893174,1942.965619230408
2849,Ckap4,14,1078.8362271598232,1941.5678573265632
2850,Csf1,21,1088.8291093876446,1941.2995705994267
2851,Ptbp1,167,1091.7419744017343,1935.029978714639
2852,Idh2,65,1096.214972251502,1876.499161114579
2853,Hspa9,63,1098.561809858421,1875.679166011228
2854,Eif3f,35,1100.1748907310243,1859.9140751110149
2855,Ptbp1,167,1101.260127057432,1926.954100792222
2856,Idh2,65,1113.9005967995656,1922.526033948512
2857,Lamp2,75,1116.7310226858406,1953.5395064442685
2858,Ptbp1,167,1121.737457268754,1875.9687999148107
2859,Eif3f,35,1128.0843050682688,1941.793742310454
2860,Ptbp1,167,1130.881507957238,1923.418739519484
2861,Lamp2,75,1131.4229462730002,1917.4554407837693
2862,Hspa9,63,1135.1273024804448,1914.8819411972509
2863,Hspa9,63,1135.3198322021162,1945.9083982358973
2864,Vim,261,1132.6280039495284,1946.0910123465303
2865,Arf1,6,1134.822281074278,1946.0439414640357
2866,Ckap4,14,1136.1771618695625,1901.2524043805877
2867,Ptbp1,167,1137.4001362546812,1944.9585306579268
2868,Zfp36l2,270,1138.597995783865,1930.034784839504
2869,Idh2,65,1145.0365963540255,1892.8849789006536
2870,Rps6ka2,192,1148.6612700239766,1942.030694141583
2871,Idh2,65,1150.3928455404553,1897.5979538537213
2872,Pcdhgc3,138,1154.7061495470753,1939.2962596136367
2873,Rps6ka2,192,1155.490859589301,1957.2191243027992
2874,Idh2,65,1161.1917764305858,1909.8241843610465
2875,Rad21,176,1167.5212824766425,1912.162618086043
2876,Polr2e,148,623.1584425201631,1771.992024309429
2877,Mbd3,84,636.936662101594,1785.2749752527675
2878,Gpi1,52,640.6282280269963,1768.015316978256
2879,Gpi1,52,643.7545092452683,1785.3489187569087
2880,Mbd3,84,652.1743943832141,1787.1512982055872
2881,Laptm4a,76,654.4715035715121,1810.118306985621
2882,Gpi1,52,654.9694564393005,1795.8665895004772
2883,Gpi1,52,658.2130053296052,1762.6517877552894
2884,Rcn3,184,676.5913464257831,1779.377039605925
2885,Mbd3,84,682.2106757186796,1770.2473243670088
2886,Laptm4a,76,688.4196194559977,1810.5447520520052
2887,Dpy19l1,27,712.6280555804702,1790.9897717253189
2888,Gpi1,52,714.3602849030603,1774.2775645352062
2889,Mbd3,84,719.3990679396119,1803.2091571862657
2890,Mbd3,84,728.2537303984744,1800.5878895899389
2891,Gpi1,52,729.2112352993015,1818.7556996469964
2892,Rcn3,184,730.2916475096831,1789.699084607858
2893,Gpi1,52,731.8258532783228,1889.7216091004216
2894,Polr2e,148,733.1606167229874,1887.6364593399664
2895,Gpi1,52,743.5700296005405,1821.117106812049
2896,Gpi1,52,748.0042069101403,1893.7327644154168
2897,Gpi1,52,766.8511490288115,1841.5091908978795
2898,Gpi1,52,768.4206832516163,1826.5803558896955
2899,Fkbp4,44,768.0589928877873,1800.7949649464686
2900,Gpi1,52,773.423006989242,1798.734656217283
2901,Vim,261,779.0961572715443,1891.651293759224
2902,Rcn3,184,783.2823343618188,1812.1368117781087
2903,Polr2e,148,785.7539196195385,1860.28592843951
2904,Gpi1,52,791.7413952722297,1854.8652761998965
2905,Ndufs8,123,794.1491337321145,1779.4804622944644
2906,Ergic1,41,793.1525627220195,1779.945475669707
2907,Rpl18a,187,794.3017987665944,1778.5684783508243
2908,Gpi1,52,794.4253051204444,1838.955732906445
2909,Mbd3,84,795.4473000314492,1791.8198797052953
2910,Dpy19l1,27,795.7475477001773,1804.043876434712
2911,Ssr2,217,796.6708695286329,1776.885374796953
2912,Polr2e,148,804.6678280499984,1791.3828459706942
2913,Laptm4a,76,808.4789803833037,1796.2402757965674
2914,Gpi1,52,810.8666541008961,1782.3762088063495
2915,Ybx1,263,813.5418919015408,1797.4548375831876
2916,Polr2e,148,814.3913259917064,1797.2245242432937
2917,Gpi1,52,820.4299420268452,1912.9339007060607
2918,Gpi1,52,822.7011806015427,1934.3341837185017
2919,Gpi1,52,824.6660949288321,1896.259864165396
2920,Mbd3,84,829.8506066702195,1771.9326619791386
2921,Gpi1,52,834.8711010519743,1897.15421185098
2922,Mbd3,84,837.0674764723517,1946.405521091998
2923,Gpi1,52,841.9267647210061,1895.0231528920697
2924,Laptm4a,76,851.9665220737006,1937.1513208967683
2925,Gpi1,52,852.3694719624843,1865.171950377088
2926,Gpi1,52,852.7356154345752,1951.202565746045
2927,Mbd3,84,854.35259677254,1933.7534786801796
2928,Gpi1,52,859.1978686681887,1810.7501824382955
2929,Sat1,200,859.7484184995023,1977.3611798924492
2930,Rcn3,184,860.0945314651901,1921.461024273056
2931,Gpi1,52,866.8657379150683,1803.2492341536
2932,Gpi1,52,876.2029167609178,1879.6423835689611
2933,Gpi1,52,875.6877621676836,1783.7178236664574
2934,Ssrp1,219,877.6603137974442,1962.957026017264
2935,Polr2e,148,885.8872112811478,1970.3983857727496
2936,Gpi1,52,886.6040995183323,1923.980056023192
2937,Gpi1,52,894.2977870986256,1962.8811543786608
2938,Mbd3,84,898.7923304166645,1796.6214833563745
2939,Gpi1,52,904.7631477043404,1797.378574779373
2940,Gpi1,52,922.2813465479842,1950.205951522951
2941,Rcn3,184,937.18460874074,1892.3622228345196
2942,Gpi1,52,944.5795911055566,1893.865744718332
2943,Gpi1,52,952.1808182017004,1917.8001478134536
2944,Mbd3,84,961.8588548678543,1888.0616531417284
2945,Gpi1,52,961.8500454235608,1930.3536165956696
2946,Gpi1,52,962.9407781462446,1898.1992652284548
2947,Gpi1,52,969.8703257445876,1880.1934768471936
2948,Gpi1,52,972.8513352608736,1905.4616830790576
2949,Dpy19l1,27,973.5481554735628,1900.415916665441
2950,Eif3d,33,974.8200090212572,1914.0208779354132
2951,Mbd3,84,975.3338079323976,1942.6570205939631
2952,Mbd3,84,981.0319123493856,1808.6176712558963
2953,Mbd3,84,982.8727198254284,1813.0796945211523
2954,Polr2e,148,988.2945529791572,1897.4614099428568
2955,Polr2e,148,989.591012897674,1920.7563162206816
2956,Rcn3,184,992.570181533305,1903.2104068616727
2957,Gpi1,52,995.3701214738528,1828.278280902478
2958,Laptm4a,76,1002.6487011989695,1903.6768584307856
2959,Dpy19l1,27,1003.6452017263276,1878.318467682521
2960,Rcn3,184,1009.5583543462296,1856.0393111027963
2961,Polr2e,148,1014.6252987394918,1815.43614626083
2962,Mbd3,84,1016.0729168286492,1868.645459645348
2963,Mbd3,84,1020.1481482631611,1836.2967561892185
2964,Polr2e,148,1021.080610100945,1882.2290888768405
2965,Gpi1,52,1027.9429743181547,1888.425528616111
2966,Mbd3,84,1032.91814741475,1863.9080144169789
2967,Gpi1,52,1039.903617123509,1878.8265011535732
2968,Gpi1,52,1046.4142116011212,1924.870678708152
2969,Polr2e,148,1048.5887909939777,1899.1051980000277
2970,Rcn3,184,1049.8042303935267,1852.22938143018
2971,Gpi1,52,1057.773049378495,1853.8675653882049
2972,Fkbp4,44,1058.2544848782795,1853.177557949888
2973,Gpi1,52,1059.5595196183808,1882.964712850006
2974,Mbd3,84,1064.4819645841142,1845.4712927543765
2975,Gpi1,52,1079.5030977627628,1923.565944178036
2976,Gpi1,52,1080.7113521890883,1891.144890356231
2977,Gpi1,52,1084.4694681615658,1897.2037325296
2978,Mbd3,84,1085.3715804483263,1902.1754080962205
2979,Gpi1,52,1103.5332351416148,1896.6605046019588
2980,Gpi1,52,1113.9545564740044,1941.6951189946549
2981,Mbd3,84,1115.4400481467378,1900.4885401417632
2982,Gpi1,52,1121.758178820064,1928.0389693163672
2983,Mbd3,84,1129.4102634108117,1942.0486531495285
2984,Gpi1,52,1145.9729361601346,1946.029097956195
2985,Vim,261,1146.781139972612,1903.1196009971136
2986,Gpi1,52,1145.7520672085147,1902.98028747794
2987,Sat1,200,1146.7663311409356,1899.5994802120515
2988,Gpi1,52,1158.6385954926943,1950.703363385578
2989,Sat1,200,1159.3138261399622,1897.5753767776905
2990,Fkbp4,44,1158.5282685861116,1896.644213218469
2991,Mbd3,84,1168.7787866941376,1941.9333958287796
2992,Vat1,259,637.5498995638277,1791.312636110411
2993,Tcp1,227,641.0156632941137,1790.2235879038926
2994,Vat1,259,644.3406765118596,1778.875974960795
2995,Vat1,259,656.3132553472435,1775.0516409242289
2996,Top2a,236,668.4516864220711,1798.0455574990615
2997,Vat1,259,668.8759432631241,1789.681319530079
2998,Cited2,13,669.5333193127238,1813.6949448550452
2999,Zyx,271,684.9558927160065,1820.9434074994635
3000,Ybx1,263,682.9862884495269,1774.8328232309968
3001,Arf1,6,683.8413267643558,1775.5661539490536
3002,Vat1,259,683.6319625321175,1775.470501068746
3003,Tcp1,227,685.2735431833727,1768.7481150441338
3004,Vat1,259,686.6162540162787,1802.538681415072
3005,Vat1,259,693.1252403615497,1834.2791530386849
3006,Rcc2,183,693.0205529453127,1799.297402066901
3007,Tcp1,227,699.9484592902202,1844.3765930859724
3008,Junb,71,706.2446287061443,1785.8506382495216
3009,Vat1,259,717.4326571213696,1850.6573933255763
3010,Top2a,236,719.2031862223249,1791.6965931948705
3011,Vat1,259,720.5298292791413,1847.5493211433031
3012,Vat1,259,730.5050840872104,1808.663845258597
3013,Vat1,259,732.2474076605292,1788.079215777646
3014,Tcp1,227,739.0782246115499,1846.009915286432
3015,Vat1,259,742.5198864145677,1814.8027110868163
3016,Vat1,259,743.4020121387068,1860.642810483092
3017,Vat1,259,748.2516950360031,1819.6806799359551
3018,Vat1,259,749.938883918836,1849.1612590882976
3019,Rcc2,183,750.7214785076391,1827.69687603847
3020,Vat1,259,753.5891213079626,1781.2534840832116
3021,Vat1,259,759.5173256353263,1881.7510687638671
3022,Vat1,259,764.5849790024913,1770.461981805223
3023,Vat1,259,765.2707694497262,1817.534399466008
3024,Vat1,259,773.7202115649283,1869.0781631240336
3025,Vat1,259,781.2998826772416,1854.4554452255288
3026,Rcc2,183,782.6993123526331,1871.717403147292
3027,Top2a,236,783.386841590629,1895.3827375289484
3028,Cited2,13,786.826436216642,1782.7590121798423
3029,Top2a,236,788.0078433247154,1805.712821400839
3030,Vat1,259,791.8367816199298,1822.5073829568448
3031,Rcc2,183,798.2952187952006,1778.8403271891725
3032,Vat1,259,812.6601045391576,1855.4637222176796
3033,Rcc2,183,813.802972172773,1824.684724475455
3034,Prmt1,153,815.4897830561624,1817.4541784594448
3035,Top2a,236,816.0983415191587,1922.2003699468344
3036,Vat1,259,827.4563124127176,1846.2822503635464
3037,Vat1,259,829.6271294212145,1928.022145063384
3038,Rcc2,183,835.8132553525309,1955.490426401276
3039,Vat1,259,836.2396022740953,1783.3730297609388
3040,Vat1,259,840.7695972172816,1777.6550198633672
3041,Top2a,236,841.5738333135179,1949.001715786892
3042,Vat1,259,844.5700568538072,1932.463785241364
3043,Rcc2,183,849.8901404716612,1936.8162071384063
3044,Vat1,259,853.1929729621359,1788.4847384664763
3045,Top2a,236,857.5764804706248,1969.0162645591429
3046,Vat1,259,869.7945980701014,1944.517085452744
3047,Vat1,259,876.9769575574039,1975.5948623291208
3048,Rcc2,183,881.03711175533,1778.2793548894542
3049,Vat1,259,881.43093391603,1809.1912988353592
3050,Rcc2,183,884.4210856712657,1924.0911014871945
3051,Vat1,259,885.5478536229255,1964.7650331824675
3052,Vat1,259,889.2476453343727,1841.0956939486225
3053,Vat1,259,896.5230109227183,1926.5972013397693
3054,Top2a,236,900.5902027701177,1911.0346176512196
3055,Rcc2,183,903.1905366378064,1955.319257811495
3056,Cited2,13,904.4372461560552,1813.879263214588
3057,Vat1,259,906.099726702594,1810.8537480749887
3058,Junb,71,908.3807457583024,1960.0835268950027
3059,Vat1,259,912.4679698502512,1930.970230880512
3060,Rcc2,183,917.904164268734,1930.901271623285
3061,Vat1,259,918.3559714604236,1916.9463494128013
3062,Top2a,236,918.9573664680496,1923.214625039848
3063,Vat1,259,922.8717578079936,1830.8566080375904
3064,Rcc2,183,923.4080550116828,1927.391840284879
3065,Vat1,259,934.9589669693736,1933.9391046388575
3066,Vat1,259,940.0431773517848,1915.622867044134
3067,Vat1,259,944.5879955822292,1808.4243142620128
3068,Vat1,259,959.9361523607834,1877.2773876474816
3069,Vat1,259,965.7705718625508,1851.8801422300944
3070,Vat1,259,973.8757335383008,1802.7456154142972
3071,Vat1,259,984.7682917334054,1898.0573168999997
3072,Vat1,259,991.038111236037,1880.5891450930023
3073,Vat1,259,991.1407907212148,1903.8327002087915
3074,Vat1,259,992.1730451791244,1854.671564000075
3075,Rcc2,183,993.017770964081,1919.162598790621
3076,Rcc2,183,993.7997459355216,1915.373171913977
3077,Vat1,259,998.1923762839216,1849.4361816231565
3078,Vat1,259,1011.537704446419,1811.9508696461496
3079,Top2a,236,1019.6334567663378,1855.0268059665177
3080,Rcc2,183,1020.446891910733,1840.780791374322
3081,Vat1,259,1026.9730666538014,1878.6447406198015
3082,Vat1,259,1029.231789799464,1853.808605150304
3083,Rcc2,183,1029.8646309478145,1903.6461902603144
3084,Tcp1,227,1031.3579081813318,1909.3747748994208
3085,Cited2,13,1033.9039377409008,1903.8040091361904
3086,Vat1,259,1036.544532750925,1872.0179313305264
3087,Vat1,259,1040.3144597031585,1933.09349603898
3088,Cited2,13,1049.1298899348908,1855.7706218649053
3089,Rcc2,183,1056.6449359594308,1863.466227350165
3090,Rcc2,183,1060.6906025962005,1855.219593565779
3091,Vat1,259,1076.3856900656654,1863.6790594361569
3092,Vat1,259,1077.4286146181855,1870.357261022075
3093,Vat1,259,1081.5053435244354,1919.7424867846223
3094,Ssrp1,219,1086.4541062416986,1933.8910762443188
3095,Polr2m,149,1086.0676137087796,1944.134895182195
3096,Rcc2,183,1092.843475402497,1869.032972182712
3097,Rcc2,183,1093.0262125410725,1851.9972856065165
3098,Vat1,259,1095.7117914137052,1901.5179367390988
3099,Vat1,259,1097.7859772087795,1894.676523669023
3100,Top2a,236,1100.514338631068,1906.1157995653616
3101,Tcp1,227,1107.100581380339,1892.3791748921255
3102,Top2a,236,1113.275683391432,1903.578867764084
3103,Rcc2,183,1114.5120688568722,1922.568821060596
3104,Vat1,259,1117.1145499539289,1881.3614259968065
3105,Top2a,236,1119.652109106892,1889.9016803631737
3106,Rcc2,183,1121.5343534442443,1949.6639922900056
3107,Top2a,236,1121.379984395799,1934.2839645986971
3108,Rcc2,183,1122.0543193019423,1880.4629407228251
3109,Top2a,236,1122.642421084125,1912.4136929354872
3110,Vat1,259,1124.9797990883849,1872.1237456901613
3111,Vat1,259,1126.0733328372517,1921.032913587164
3112,Rcc2,183,1128.437965837509,1909.1539010307647
3113,Vat1,259,1130.367593377847,1957.7383845256409
3114,Vim,261,1140.8151747564532,1905.1171270912048
3115,Ybx1,263,1139.5963314919568,1905.0362200390807
3116,Top2a,236,1141.2503635169037,1945.84348009943
3117,Hspa8,62,1145.5988204346313,1936.236155266085
3118,Vat1,259,1147.211660781364,1927.4340614251385
3119,Rcc2,183,1153.423076336904,1952.7950147794388
3120,Top2a,236,1157.0276031915882,1892.4858037370168
3121,Rcc2,183,1161.1228833668756,1924.844805124614
3122,Top2a,236,1162.7525236120655,1936.8047717210388
3123,Rcc2,183,1166.5757257965652,1914.576502023854
3124,Ercc1,40,1168.0642021216506,1940.4142778101304
3125,Vat1,259,1168.394375351971,1922.708751198878
3126,Ergic1,41,637.4238306065354,1778.430284233846
3127,Ptgs2,170,644.5209435204629,1781.2774120924132
3128,Pafah1b3,136,654.9856525082874,1802.693008555278
3129,Pgrmc1,143,665.6408351948631,1777.9531627771971
3130,Efemp2,30,665.9200150933231,1782.337115007739
3131,Ergic1,41,670.2494546049501,1805.4687352693943
3132,Efemp2,30,671.5175456866664,1782.295288078783
3133,Ergic1,41,675.5195429467905,1771.6979838094885
3134,Pgrmc1,143,680.4523719913064,1820.3153361702648
3135,Efemp2,30,686.3228288186795,1829.1641490534744
3136,Efemp2,30,692.6939541073953,1768.0594871093003
3137,Ergic1,41,699.9330704752128,1845.2485230545487
3138,Efemp2,30,701.6711276741044,1803.7624641190712
3139,Ergic1,41,716.2876852901651,1801.2438951916708
3140,Ergic1,41,725.5013175061949,1790.120434750664
3141,Ergic1,41,725.6909225217579,1863.8088872361568
3142,Ptgs2,170,754.7746740596779,1885.194242462033
3143,Ergic1,41,758.6976385582486,1805.3905464679867
3144,Efemp2,30,759.4422005879096,1794.8578675934243
3145,Ergic1,41,770.6189285359644,1832.8208583846265
3146,Ergic1,41,774.5964294365384,1889.3680945254584
3147,Efemp2,30,805.124639748462,1907.240908768193
3148,Ergic1,41,816.3169605066016,1829.5581907196447
3149,Ergic1,41,818.1624736832048,1839.972829124989
3150,Pgrmc1,143,823.9034025941407,1774.87034960501
3151,Ergic1,41,838.5997979743672,1937.532594003916
3152,Prmt1,153,843.5914367143387,1798.8694494034737
3153,Ergic1,41,844.171482073823,1814.504969326996
3154,Ergic1,41,846.5810691439734,1777.2717319195233
3155,Paics,137,850.3249291265298,1932.882109279476
3156,Nucb1,131,848.8647314083912,1933.6544909761228
3157,Ergic1,41,852.9138250023049,1902.142045253296
3158,Pafah1b3,136,857.2460724985588,1783.1770291846317
3159,Ergic1,41,861.2925987587197,1851.8362626187563
3160,Ergic1,41,870.7857228391854,1899.9755476275243
3161,Ergic1,41,875.3241460390802,1792.5442627636294
3162,Ergic1,41,880.1388484973635,1907.906848224708
3163,Ergic1,41,884.3266132195492,1929.0272340283536
3164,Ptgs2,170,889.2885354687147,1869.2778780300323
3165,Ergic1,41,897.6388677856386,1950.9126333368408
3166,Ergic1,41,902.3862109227802,1844.7073641516845
3167,Ptgs2,170,915.5513792010292,1862.338237430616
3168,Pgrmc1,143,918.0605692096926,1825.665882911152
3169,Pgrmc1,143,919.0600815578114,1795.3738865752605
3170,Ptgs2,170,927.394922957648,1854.5572611134332
3171,Ergic1,41,929.1343764788364,1803.7364835793448
3172,Ergic1,41,958.7603203616718,1891.3511261627996
3173,Efemp2,30,959.447148519522,1810.642477545506
3174,Ergic1,41,972.870026051768,1811.8133438274256
3175,Ergic1,41,980.294151781586,1868.6892423315735
3176,Ergic1,41,982.890661969249,1893.143940888472
3177,Sae1,199,987.8717982560644,1915.6272020210783
3178,Ergic1,41,995.3937313202476,1891.078123731854
3179,Ergic1,41,999.6400380100348,1936.8075760993331
3180,Efemp2,30,1001.5035571225984,1912.669354099224
3181,Ergic1,41,1007.7267510435804,1839.8097115289163
3182,Ergic1,41,1007.7381277390314,1846.2337822914187
3183,Nucb1,131,1006.067543624644,1896.4114229212869
3184,Ergic1,41,1013.7365347163844,1841.600097815657
3185,Pgrmc1,143,1013.5513216018314,1832.707499070584
3186,Efemp2,30,1014.3357887922332,1863.023444317043
3187,Xdh,262,1019.078439752109,1821.3978166499076
3188,Lrrc59,79,1019.917657925318,1821.9084445167928
3189,Pgrmc1,143,1025.3439029329268,1907.2681431334552
3190,Pgrmc1,143,1035.0535948513177,1886.002281826189
3191,Ergic1,41,1044.7108620627278,1907.758973861171
3192,Ergic1,41,1046.0519795107814,1890.979121202627
3193,Ergic1,41,1046.770677580125,1862.0058147905847
3194,Ergic1,41,1051.2142081198183,1874.2126062725065
3195,Pgrmc1,143,1055.5024630431008,1854.259865356158
3196,Efemp2,30,1071.7770176227173,1925.1191458741284
3197,Ergic1,41,1078.3526643874868,1895.4158748344216
3198,Ergic1,41,1094.9806796914236,1880.4868387449465
3199,Ergic1,41,1109.047298876801,1888.8802148741995
3200,Ptgs2,170,1138.7464419611415,1892.1117060902388
3201,Clta,15,1138.390732451005,1891.7583246468796
3202,Ergic1,41,1157.364542205274,1902.46865515808
3203,Mrfap1,89,625.8124043548081,1764.13012247953
3204,Ssr2,217,626.3752417805143,1771.726450514379
3205,Hspa8,62,638.4333194567398,1766.2335041521708
3206,Vim,261,644.0727137569845,1785.4486605429995
3207,Hspa8,62,644.9817283589647,1779.4186986863326
3208,Hspa8,62,645.7717889606793,1766.500968081802
3209,Raly,177,648.5537555630581,1772.6197307423022
3210,Hspa8,62,648.3247656939078,1801.8736419563352
3211,Hspa8,62,658.4758715533857,1795.326421361597
3212,Ercc1,40,660.9970278374317,1803.2231597815723
3213,Txn2,248,664.086881498564,1796.3422863780409
3214,Hnrnpul1,60,665.1200731102549,1801.553410724458
3215,Hspa8,62,668.133419930862,1805.043003309249
3216,Tbrg1,225,673.1767083999791,1764.1606580440814
3217,Hspa8,62,675.092115742449,1771.6709466566776
3218,Txn2,248,675.5196042739597,1780.0693606137324
3219,Ercc1,40,681.6047537966858,1767.396391299353
3220,Hspa8,62,684.007164747122,1823.5419235823824
3221,Hspa8,62,688.0414649358569,1825.841702741277
3222,Spon2,213,689.8179487517375,1831.1343418934548
3223,Mrfap1,89,690.4887824464232,1839.188983679011
3224,Hspa8,62,693.6256294077214,1782.3286742449434
3225,Nucb1,131,697.3468096237078,1768.482886330081
3226,Oaf,133,698.5253716581376,1773.7149842981046
3227,Hspa8,62,699.0073059981376,1810.8053986205289
3228,Nr2f2,129,706.619440466455,1778.7895408442896
3229,Hspa8,62,705.9009495654267,1780.242701338386
3230,Ybx1,263,707.7100097183472,1822.4453700250167
3231,Raly,177,723.4728975562832,1852.473307576393
3232,Txn2,248,723.7273384560085,1786.1904690288966
3233,Ybx1,263,723.6938906609587,1782.533475564085
3234,Hspa8,62,726.0788209631179,1771.6180432678625
3235,Raly,177,725.3320202401507,1801.701018566428
3236,Ercc1,40,730.8828209733323,1780.321388516346
3237,Vim,261,735.381078371683,1883.0379812048527
3238,Hspa8,62,738.1843570806567,1770.8244936615008
3239,Ercc1,40,738.9631800391624,1825.485781997765
3240,Hspa8,62,740.7534852307269,1871.95389895932
3241,Hspa8,62,741.9704236385769,1887.652678179892
3242,Raly,177,743.7857876097653,1844.281812880265
3243,Mrfap1,89,744.5040438455799,1859.6052175992136
3244,Hspa8,62,745.9590228479061,1797.1889613306776
3245,Mrfap1,89,750.1245979701569,1770.630048264006
3246,Mrfap1,89,752.2645856931886,1811.8134025107672
3247,Mrfap1,89,752.5352953298074,1841.742606266984
3248,Mrfap1,89,753.9551915755835,1831.3805522724665
3249,Hspa8,62,756.6083807603519,1809.8113624005505
3250,Mrfap1,89,759.4336024845234,1773.5327559892014
3251,Vim,261,759.1650006078808,1803.360734228601
3252,Hspa8,62,759.2501859730015,1804.463609245293
3253,Txn2,248,761.3675016375283,1819.6002246359728
3254,Oaf,133,760.6647865548997,1832.68617722824
3255,Ercc1,40,762.5791459841134,1796.5806892217477
3256,Hspa8,62,763.8485345181416,1842.1259088567651
3257,Hspa8,62,768.5771326666076,1785.1905056588398
3258,Hspa8,62,771.4268468151404,1792.9320590348348
3259,G3bp1,49,774.3066308890864,1773.4384263117324
3260,Hspa8,62,775.7578086784733,1772.215869954353
3261,Hspa8,62,777.9676963920431,1803.1935955908295
3262,Hspa8,62,779.0572535584021,1812.4761940549324
3263,Hspa8,62,781.3565024955889,1889.626399854449
3264,Hspa8,62,782.3071824300118,1776.5883496046838
3265,Maged1,82,782.8713260182492,1776.8689890640496
3266,Hspa8,62,784.0954436259432,1809.9627879944396
3267,Raly,177,783.8763538773615,1791.0218411873277
3268,Oaf,133,784.6986132295256,1828.0304987446211
3269,Txn2,248,785.2784892683521,1811.576655006312
3270,Rbbp7,181,791.8936261008621,1903.94408242586
3271,Mrfap1,89,793.8710391200602,1867.61438033461
3272,Hspa8,62,796.7296041325976,1880.6413550012123
3273,Txn2,248,798.0749607143762,1800.7208729221084
3274,Txn2,248,799.438090431574,1888.2343436159963
3275,Mrfap1,89,801.2616917305796,1901.760576197447
3276,Hspa8,62,801.2513248989127,1894.5536493707489
3277,Txn2,248,801.6084831389188,1850.6176878695344
3278,Hspa8,62,804.3560984722013,1884.543981813976
3279,Hspa8,62,808.0119479868,1789.0626087518838
3280,Hspa8,62,809.1401659398828,1820.0533453074984
3281,Lmna,77,812.0093526926355,1918.8055254746469
3282,Hspa8,62,812.1784653670106,1917.790420667408
3283,Hspa8,62,817.1662988363364,1886.800361305624
3284,Mrfap1,89,819.3998240116184,1881.5961693129295
3285,Oaf,133,820.4163820086463,1935.5967107264012
3286,Hspa8,62,825.8589685922022,1927.9614119361229
3287,Txn2,248,826.5615702955004,1903.4685670221745
3288,Raly,177,831.1986920198217,1954.3679690623048
3289,Raly,177,831.3231245056813,1783.5387647956409
3290,Txn2,248,834.6691638180807,1912.584798208483
3291,Mrpl15,93,834.091421527593,1820.8443752558928
3292,Mrfap1,89,834.6364735642792,1815.7756237624556
3293,Mrpl15,93,836.552106929221,1801.9899760313344
3294,Mrfap1,89,838.4924980886111,1786.3080382200858
3295,Hspa8,62,840.5271574417465,1886.6647432478817
3296,Mrfap1,89,840.6443406252952,1809.0379131700504
3297,Hspa8,62,844.7547275759838,1964.599103514398
3298,Txn2,248,844.2671800379214,1943.497114700477
3299,Hspa8,62,850.6373366130825,1961.9528484151124
3300,Hspa8,62,851.3216725986165,1944.9170660126
3301,Mrfap1,89,855.4526582052777,1965.592004874915
3302,Sfpq,206,858.2244308689965,1970.9114014664449
3303,Hspa8,62,858.7909572407254,1899.5662923597235
3304,Hspa8,62,861.0968277913015,1943.6632077087124
3305,Ercc1,40,869.176760297864,1950.2007575246223
3306,Raly,177,870.4695991786938,1931.1428310942704
3307,Raly,177,871.1216074010485,1796.356438187848
3308,Raly,177,872.7035242950903,1854.542843588644
3309,Hspa8,62,873.614820419458,1885.2957913474015
3310,Hspa8,62,876.7492656797874,1903.8474763734405
3311,Txn2,248,878.5541122220584,1965.74794359331
3312,Hspa8,62,879.9101734960248,1958.6041096968736
3313,Hspa8,62,880.9154624435663,1918.079933465987
3314,Ndufv1,124,881.3322423958033,1953.1960991528804
3315,Mrfap1,89,881.3443448090703,1952.6301681776736
3316,Snrnp70,210,884.351227702145,1956.9718476165565
3317,Hspa8,62,887.1900376705836,1855.643121800603
3318,Raly,177,890.8918333161755,1963.022328730928
3319,Hspa8,62,892.2618298594106,1790.960586716686
3320,Mrfap1,89,892.0649741140559,1924.874968205724
3321,Hspa8,62,894.2605986988575,1955.6027597497
3322,Hspa8,62,894.4767332017746,1810.2545464280847
3323,Hspa8,62,895.7805831811625,1820.244201950783
3324,Txn2,248,896.8858251928441,1965.3657705250143
3325,Mrfap1,89,899.3290308448679,1798.7430582593051
3326,Raly,177,905.5388166743058,1877.588943679727
3327,Hspa8,62,911.9614015491478,1943.9355328852089
3328,Hspa8,62,914.8752510820908,1865.074381812136
3329,Trp53,242,916.3344557234532,1841.6999891207663
3330,Hspa8,62,915.5558052087192,1922.4129651932928
3331,Mrfap1,89,919.2356629251234,1803.199941279738
3332,Mrfap1,89,920.005641027726,1955.6082724133064
3333,Tnfrsf1a,233,925.4320229510488,1801.9411714982357
3334,Ercc1,40,927.459709367296,1868.6879454401528
3335,Txn2,248,932.8315531309768,1812.1028668706244
3336,Hspa8,62,938.018251477377,1859.3942436685325
3337,Ddx17,26,938.1574448289024,1944.327748960012
3338,Raly,177,942.2858763207972,1819.2702586664336
3339,Hspa8,62,951.1313940898176,1808.258447123339
3340,Ybx1,263,962.9686187445784,1904.6216224885595
3341,Oaf,133,966.9511455220436,1826.1475755285576
3342,Txn2,248,979.5465250105908,1936.5178953069503
3343,Raly,177,980.159588599356,1842.2515575101656
3344,Raly,177,981.5283960264268,1890.3217131932277
3345,Raly,177,986.30462513395,1861.9193667362329
3346,Raly,177,986.3193339460242,1881.6633835633304
3347,Hspa8,62,987.9435804984886,1897.4448437793733
3348,Hspa8,62,990.7666799323702,1826.6507267767952
3349,Mrfap1,89,994.2124132472534,1838.08793302654
3350,Raly,177,994.7233895164054,1853.072053045772
3351,Hspa8,62,996.1933751751872,1909.996922611352
3352,Hspa8,62,997.5814667066116,1811.6259059796696
3353,Oaf,133,997.8934809900654,1911.028013216229
3354,Hspa8,62,998.9064914150676,1829.0937808377876
3355,Ercc1,40,1001.4882585847638,1833.3154031131928
3356,Oaf,133,1002.1578512816144,1846.1006259081908
3357,Oaf,133,1012.9219649775596,1869.6151959583403
3358,Raly,177,1017.2740709372456,1865.7498101240303
3359,Txn2,248,1018.2318919252352,1884.7563894370585
3360,Hspa8,62,1021.3083610262328,1914.1484611364613
3361,Hspa8,62,1024.893020666382,1846.6047510511123
3362,Tnfrsf1a,233,1026.9798889644476,1902.9890408657109
3363,Eif4g2,38,1026.1535355903172,1852.668980183472
3364,Raly,177,1027.08007591943,1907.890712392329
3365,Ercc1,40,1029.4153435536398,1848.4186271692504
3366,Mrfap1,89,1029.852989832042,1831.619892233091
3367,Raly,177,1032.94065790564,1916.0492609227445
3368,Hspa8,62,1037.4920532095828,1852.8978962353715
3369,Txn2,248,1038.1709507830396,1912.2385190215407
3370,Mrfap1,89,1041.9413947395417,1875.9910704761492
3371,Ercc1,40,1041.6336651321635,1837.624611074128
3372,Hspa8,62,1042.9227874837848,1868.8456633096991
3373,Hspa8,62,1050.5516753710797,1859.146451166779
3374,Oaf,133,1051.903659900766,1900.066112895948
3375,Raly,177,1055.278895923823,1910.0892695585208
3376,Hspa8,62,1061.7175044476896,1901.7137612510903
3377,Hspa8,62,1062.2020145542886,1854.577932590491
3378,Lamp1,74,1062.7042054840997,1865.064527448163
3379,Txn2,248,1075.4448042887884,1861.298137674492
3380,Txn2,248,1081.0081765395146,1896.9174597693009
3381,Txn2,248,1081.6995148824822,1874.651895529192
3382,Hspa8,62,1087.4163019645744,1866.5801483939488
3383,Txn2,248,1087.7396792479162,1853.2826685076157
3384,Hspa8,62,1094.2527784262522,1877.8495624581424
3385,Mrfap1,89,1098.782746517929,1919.3624120285408
3386,Mrfap1,89,1100.7689395094717,1928.8367748722087
3387,Hspa8,62,1102.2841091875316,1882.206398989977
3388,Hspa8,62,1104.494153663902,1891.47988656515
3389,Hspa8,62,1108.348374499893,1899.9589201855124
3390,Hspa8,62,1109.1670381377387,1867.641924929556
3391,Hspa8,62,1112.608504522182,1944.147655800872
3392,Mrfap1,89,1112.5838389954642,1867.2204045815467
3393,Hspa8,62,1114.3771724398962,1926.1501068503808
3394,Raly,177,1116.263820906678,1900.1521742401544
3395,Hspa8,62,1117.6952819852345,1927.668391810821
3396,Vim,261,1120.010359204305,1903.3773142573527
3397,Hspa8,62,1120.590234601629,1893.5271862194645
3398,Hspa8,62,1121.6941662778404,1888.916527170197
3399,Mrfap1,89,1122.535145425104,1916.7348956459057
3400,Mrfap1,89,1123.139433720315,1923.8995642761404
3401,Vim,261,1125.5180727305274,1933.6214874018603
3402,Mrfap1,89,1129.1156802016094,1909.8126203656125
3403,Tbrg1,225,1130.2891594326456,1914.8858801290507
3404,Trp53,242,1129.2787463206878,1916.4553808931264
3405,Hspa8,62,1131.6941088614665,1948.355358972512
3406,Hspa8,62,1132.4795597636632,1959.4088808580705
3407,Hspa8,62,1137.1839537002904,1893.2457368880457
3408,Hspa8,62,1139.4144347237786,1916.4421333918904
3409,Hspa8,62,1141.4526926553203,1957.2804212278477
3410,Ercc1,40,1142.089804065725,1887.3934838016976
3411,Twist2,247,1145.153187409196,1931.468957789284
3412,Raly,177,1143.7615988182852,1931.5610481706249
3413,Txn2,248,1145.6924426137025,1896.7056096136312
3414,Hspa8,62,1156.7049368105404,1937.750967311664
3415,Raly,177,1157.0888604697525,1921.2764940924903
3416,Hspa8,62,1160.9706370607,1934.8628633222745
3417,Hspa8,62,1162.65454864687,1914.819313743346
3418,Ercc1,40,1164.6515787886449,1936.9481086142805
3419,Vim,261,1165.7357375099666,1909.1296698761296
3420,Hspa8,62,1165.9443758288276,1909.8421350249612
3421,Hspa8,62,1168.7508335121192,1905.26476721508
3422,Zyx,271,638.345240188625,1761.9676910714302
3423,Zyx,271,639.7072495100218,1767.584832821596
3424,Zyx,271,643.3796242041124,1793.3580983718043
3425,Rars,180,644.116078343458,1783.0363064683766
3426,Lmna,77,645.9179488953475,1799.8846422944064
3427,Lmna,77,649.893836425495,1806.6887747524931
3428,Zyx,271,651.2491335644772,1800.7898462892333
3429,Rars,180,651.6215501515334,1774.6818595229045
3430,Lmna,77,657.3157242238183,1796.3158853328289
3431,Lmna,77,660.4117701380359,1800.3392608494137
3432,Jun,70,665.6256249696495,1817.6571232560984
3433,Lmna,77,672.0051868916892,1795.2927944449182
3434,Lmna,77,674.0948092204859,1802.1805718826245
3435,Jun,70,681.4096271957775,1795.833982153877
3436,Nap1l1,120,683.7389353778426,1810.9299455756284
3437,Zyx,271,684.9614935796022,1811.0146034501172
3438,Zyx,271,690.097061892072,1811.368303760004
3439,Lmna,77,695.0455663853555,1764.1301016396317
3440,Lmna,77,697.2744688789288,1782.2037778707777
3441,Lmna,77,702.1082761862685,1819.478306106548
3442,Jun,70,702.735027856289,1805.5843343302968
3443,Lmna,77,709.5583736295174,1831.3333044837048
3444,Lmna,77,738.8386864631487,1793.8770578156646
3445,Lmna,77,745.1486053781271,1794.8551410765008
3446,Zyx,271,749.2811026817502,1775.7222153100042
3447,Zyx,271,767.4604703891038,1844.0191087921808
3448,Lmna,77,770.6674028330601,1800.530263327566
3449,Lmna,77,771.102125192237,1790.684107626013
3450,Zyx,271,770.3777002322324,1864.4725677661916
3451,Zyx,271,786.6375278033615,1825.8931863106536
3452,Zyx,271,788.0669073062995,1805.6754598262823
3453,Zyx,271,795.724340126704,1891.072327525964
3454,Lmna,77,797.3452482249754,1845.1838482419244
3455,Jun,70,800.9606370204867,1870.21766248621
3456,Jun,70,802.6119401636482,1893.1695863293696
3457,Lmna,77,804.2155532544941,1816.854766746403
3458,Lmna,77,806.9047151228949,1806.3208654212197
3459,Zyx,271,813.8120737546401,1885.402627674392
3460,Zyx,271,819.5756791928496,1890.4001685903472
3461,Lmna,77,821.1289112700111,1777.9946433276173
3462,Idh3g,66,833.1119290957882,1808.896679656386
3463,Ybx1,263,836.6666861878546,1939.9180562680135
3464,Jun,70,838.3817251049803,1917.2025498682135
3465,Lmna,77,839.8067487940954,1956.3060037377468
3466,Jun,70,840.4235255646257,1963.7996219625995
3467,Zyx,271,844.1312613579557,1787.138419972087
3468,Zyx,271,846.5479160669631,1946.8164812553557
3469,Lmna,77,846.974328505629,1794.5292946848265
3470,Jun,70,852.725627052552,1853.1875749381104
3471,Jun,70,856.7878083232597,1831.774264274318
3472,Jun,70,858.7519033018625,1911.1723874713227
3473,Zyx,271,863.9479751448147,1801.6181024992995
3474,Zyx,271,867.303263382245,1950.89150392894
3475,Lmna,77,868.7832202248674,1828.3738313338065
3476,Idh3g,66,870.5314898016406,1961.8013961850695
3477,Jun,70,870.2665317477239,1853.618256690254
3478,Jun,70,872.3185862271612,1805.32165625176
3479,Lmna,77,874.3133358403588,1955.571223763372
3480,Lmna,77,879.0765614988126,1976.5540357059951
3481,Lmna,77,880.9072573614353,1793.4303293782625
3482,Jun,70,883.1913027776512,1947.881521603681
3483,Jun,70,883.238950427015,1912.266173400049
3484,Lmna,77,898.0839027713245,1955.498111417489
3485,Jun,70,901.589924276903,1921.624225973061
3486,Jun,70,903.684256522132,1900.3166298582764
3487,Rars,180,904.0837590387486,1814.4713129711045
3488,Jun,70,904.8804827560792,1911.7971963958312
3489,Zyx,271,906.6108733744838,1794.014436627802
3490,Lmna,77,912.8319518307644,1936.006328417196
3491,Zyx,271,919.4249119929387,1804.9923702063077
3492,Lmna,77,921.5466906104256,1791.9342176464645
3493,Idh3g,66,923.9358601141342,1807.35419464151
3494,Lmna,77,925.829343469857,1951.949412292984
3495,Lmna,77,939.5350486030286,1804.1134877623188
3496,Jun,70,939.7148193541002,1894.1587823605605
3497,Jun,70,940.3098803268548,1906.9301848567068
3498,Jun,70,944.922087156712,1919.1930291240592
3499,Jun,70,956.3996279315472,1940.437604082657
3500,Lmna,77,975.88300028994,1922.502233946551
3501,Lmna,77,977.7863827206812,1879.2028518711545
3502,Zyx,271,993.9779428887904,1835.9199235166864
3503,Lmna,77,1003.8259819380244,1822.417780716868
3504,Lmna,77,1011.876982235492,1881.4235326707649
3505,Arf1,6,1021.1271639941676,1914.6184690095165
3506,Lmna,77,1023.750043120672,1832.2053730916
3507,Lmna,77,1029.9680140786068,1840.263842021663
3508,Zyx,271,1059.0420332815297,1870.9893780682328
3509,Zyx,271,1063.993464466463,1854.6774288473907
3510,Lmna,77,1068.8932623184369,1893.198641173473
3511,Lmna,77,1075.0785333214478,1943.3950658976755
3512,Zyx,271,1099.6476802399118,1913.157391632266
3513,Lmna,77,1112.5207785167245,1904.299051016626
3514,Lmna,77,1119.3226438199222,1923.48689408857
3515,Rars,180,1121.088394382667,1943.4518043643675
3516,Jun,70,1130.032031294871,1899.726171289842
3517,Lmna,77,1130.1289873560513,1920.206450116009
3518,Lmna,77,1131.9747452684824,1881.3389610076931
3519,Zyx,271,1134.587902514268,1887.421761117841
3520,Lmna,77,1138.857061543625,1949.91803138248
3521,Plk2,147,1140.709136033384,1948.571413852711
3522,Zyx,271,1141.408473102807,1915.895371028258
3523,Rars,180,1143.7881781244505,1887.896675583424
3524,Lmna,77,1145.612699845252,1903.083150328302
3525,Lmna,77,1150.4427445059282,1947.4834791855212
3526,Lmna,77,1153.104645536108,1907.740125830316
3527,Idh3g,66,1153.285810468214,1912.410424877993
3528,Jun,70,1154.0682072852042,1956.170775730798
3529,Lmna,77,1157.7663595527008,1915.09289328654
3530,Arf1,6,1157.5099836944582,1955.1225097422016
3531,Zyx,271,1159.0595436734395,1954.465187979335
3532,Zyx,271,1158.6499220534636,1922.638723858659
3533,Lmna,77,1159.6839636887596,1935.7457705108957
3534,Msn,112,633.2465380186452,1791.1123570348582
3535,Eif3d,33,637.55673521337,1795.7929773989415
3536,Tomm40,235,641.2667052781173,1798.1861876417863
3537,Tomm40,235,648.7379977277213,1788.422861848675
3538,Hdgf,56,650.2560302613343,1792.8974192734977
3539,Msn,112,655.6643895179687,1810.6331999329595
3540,Myh9,118,659.9455440369634,1809.0037422031448
3541,Sdc4,202,670.3578639144437,1809.6685779420084
3542,Msn,112,679.009837180458,1812.2080878503264
3543,Ubxn1,253,683.7308869610213,1809.8322027825063
3544,Rps15a,191,693.556880969981,1830.1526233477996
3545,Pdha1,139,697.0973145292902,1846.612918266729
3546,Msn,112,701.4528290345334,1816.7237466242775
3547,Timp2,229,704.5176002723988,1844.7004880112688
3548,Ubxn1,253,708.3425068856158,1823.3469908031925
3549,Vim,261,711.8211198726076,1785.483064304451
3550,Msn,112,711.0789096012924,1784.8224591691337
3551,Ubxn1,253,711.6171889611059,1800.166106243958
3552,Rpl18a,187,715.0675513760744,1802.483904072112
3553,Sec13,204,714.1146364028052,1824.514233310484
3554,Hdgf,56,715.4432759411609,1787.1697888961878
3555,Hdgf,56,716.5037726632629,1873.9039201629996
3556,Ubxn1,253,717.1334603308441,1871.9014998550035
3557,Nr2f2,129,719.1604611439898,1860.9318886194976
3558,Eif3d,33,724.3121087092564,1853.2233637413317
3559,Ran,178,728.1928368058194,1814.620470779284
3560,Msn,112,733.5623133945552,1877.29479626192
3561,Msn,112,733.826865285369,1884.934629225635
3562,Lamp1,74,738.4098702521645,1880.2520193796036
3563,Tomm40,235,737.5294410451427,1880.9869965568928
3564,Tomm40,235,741.6802590404127,1887.5799928052115
3565,Ubxn1,253,744.4549370291043,1802.772576175624
3566,Msn,112,746.3319726635783,1872.0867975308731
3567,Ubxn1,253,748.2405548017932,1776.4299242982602
3568,Nr2f2,129,751.2153234037768,1894.4368497864464
3569,Msn,112,756.2938453582815,1865.8400529089224
3570,Rpl15,186,762.3136446358607,1886.6702100546447
3571,Tomm40,235,767.7911885292339,1883.1187290817604
3572,Msn,112,769.3084878800552,1870.221013974045
3573,Tomm40,235,769.9274390638047,1844.341949052276
3574,Nr2f2,129,777.611113376473,1774.9132641574288
3575,Nr2f2,129,781.3478839672629,1897.0128740272037
3576,Nr2f2,129,784.3608895628468,1891.6081651264108
3577,Nr2f2,129,784.3483935673671,1876.969710013008
3578,Msn,112,785.7931437207769,1813.0157331727908
3579,Hdgf,56,786.7061535539668,1805.373438019168
3580,Myh9,118,788.3149677422716,1836.1180097398276
3581,Nr2f2,129,789.8448214883862,1823.1320864943564
3582,H1f0,55,795.633303317305,1860.8260594037083
3583,Eif3d,33,795.1166494239866,1860.8095306303333
3584,Tomm40,235,795.9687687317718,1806.1633578801727
3585,Nr2f2,129,798.3337665620734,1777.2286047735297
3586,Msn,112,801.3028287920592,1904.9813260403948
3587,Nr2f2,129,803.2646178394814,1797.6757584139373
3588,Nr2f2,129,804.6952860955842,1775.4452428021136
3589,Ubxn1,253,810.0529103117304,1821.3597133662636
3590,Msn,112,813.0056175930407,1843.953981537974
3591,Hdgf,56,816.1417826582416,1775.7078454378377
3592,Hdgf,56,827.3361814909875,1908.7331657222528
3593,Twist2,247,827.1892543307245,1927.3019497018463
3594,Msn,112,829.2292051007951,1928.4148188780755
3595,Vim,261,841.9856786063829,1935.881969548452
3596,Nr2f2,129,842.2195096065191,1966.7227622771509
3597,Msn,112,845.0715855988948,1922.3784062055984
3598,Hdgf,56,845.3248145930548,1778.9809409888098
3599,Msn,112,848.2018787583609,1935.9843401650348
3600,Hdgf,56,848.4129390075054,1961.185576154804
3601,Nr2f2,129,849.2506455290267,1843.0209502731848
3602,Hdgf,56,852.9327774010974,1965.748545182844
3603,Msn,112,858.1227171716306,1838.037947055854
3604,Nr2f2,129,861.6491837180806,1968.6690940728251
3605,Eif3d,33,864.6864121214578,1852.865557529564
3606,Hdgf,56,865.2005876360766,1939.6591845171936
3607,Ubxn1,253,866.2305211405694,1792.6214633263369
3608,H1f0,55,868.6931739732167,1936.969829585173
3609,Msn,112,870.9391620926878,1930.2023881720725
3610,Vim,261,870.7587383318535,1930.5739436486415
3611,Nr2f2,129,872.5192854100603,1962.29241804235
3612,Msn,112,872.1459148735158,1798.9963700611222
3613,Hdgf,56,880.2677267167269,1930.369097782524
3614,Nr2f2,129,882.4322015063033,1875.285858055763
3615,Hdgf,56,886.7633303039665,1971.6516170491127
3616,Msn,112,886.8168455517591,1913.1872209718117
3617,Trps1,243,890.9846793029736,1898.6961586975408
3618,Hdgf,56,895.8648759163896,1802.8171556726404
3619,Ran,178,895.4744369658964,1803.256289367701
3620,Nr2f2,129,896.7922519197557,1883.9641458062351
3621,Hdgf,56,899.3525117483507,1937.0585463678028
3622,Nr2f2,129,900.3343288718688,1955.4940550925069
3623,Msn,112,901.0392826865452,1935.1697551174443
3624,Nfe2l1,127,901.2911995731566,1935.422573897836
3625,Msn,112,906.46628134266,1910.9658055186403
3626,Eif3d,33,911.3263493967464,1929.2071056487416
3627,Hdgf,56,914.1679920964802,1799.3219107553537
3628,Hdgf,56,919.8246770030024,1823.2171979356297
3629,Msn,112,925.6554269356128,1824.144437778909
3630,Nr2f2,129,928.0951357364388,1848.063709061576
3631,H1f0,55,934.0756117047542,1824.075267686134
3632,Nr2f2,129,935.0255426815456,1824.0016302928707
3633,Nr2f2,129,939.0969223184834,1895.7852580654744
3634,Tomm40,235,941.9366739010696,1817.4415817830736
3635,Nr2f2,129,942.4680330338176,1820.523187012411
3636,Eif3d,33,946.6378794509274,1917.1474023711712
3637,Tmed9,231,952.4161077531656,1901.6487023443717
3638,Hdgf,56,951.9389882278608,1901.567530743007
3639,Ubxn1,253,960.2775117498892,1814.083635335587
3640,Thy1,228,961.8225167913378,1801.7377237433843
3641,Nr2f2,129,965.7482215904574,1904.7725307249489
3642,Hdgf,56,970.5341268022596,1885.109278663376
3643,Msn,112,971.0006047342335,1896.861967686824
3644,Hdgf,56,973.9688206853896,1871.9746909421085
3645,Msn,112,976.6399901682298,1808.4681535794084
3646,Hdgf,56,977.6342961109254,1804.4858098976963
3647,Tnfrsf1a,233,977.5263182125358,1803.3423815232445
3648,Eif3d,33,985.2304977358046,1833.0736162645185
3649,Hdgf,56,989.7355798524852,1919.1297066995744
3650,Nr2f2,129,989.975485531945,1928.9026594647216
3651,Hdgf,56,1004.1763090751892,1859.527342158472
3652,Ubxn1,253,1005.3996275339316,1833.3079990470455
3653,Hdgf,56,1013.944011678506,1809.52516395947
3654,Msn,112,1021.6535092025796,1907.8092891025144
3655,Nr2f2,129,1024.8596399819048,1829.384891341376
3656,Ubxn1,253,1024.8246054334186,1880.122246222276
3657,Sec13,204,1025.629701880811,1880.3837781228583
3658,Nr2f2,129,1027.3505046726027,1853.351468025626
3659,Nr2f2,129,1029.3202432914063,1920.0003309743613
3660,Ubxn1,253,1029.6507170680147,1823.394399208104
3661,Hdgf,56,1029.5838178628203,1871.255470041356
3662,Hdgf,56,1048.3637537920908,1925.1295653448483
3663,Hdgf,56,1058.9288487365477,1851.1213838860867
3664,Nr2f2,129,1060.345552898582,1926.7653384192472
3665,Hdgf,56,1060.16744890934,1847.4779135932272
3666,Msn,112,1061.3006219535669,1887.7092218850232
3667,Hdgf,56,1062.821221945047,1874.5037830689037
3668,Hdgf,56,1063.3117719774214,1902.9373737975384
3669,Nr2f2,129,1065.8486626733834,1890.785283242822
3670,Msn,112,1067.4216691307909,1934.4782644698807
3671,Hdgf,56,1068.1490795919185,1870.273074795672
3672,Nr2f2,129,1081.952595001042,1909.432827023356
3673,Nr2f2,129,1092.9856618629449,1855.6070191780148
3674,Vim,261,1103.0972673902495,1869.2318990539416
3675,Hdgf,56,1103.0355293720247,1868.5104786450745
3676,Eif3d,33,1105.0322573938315,1862.1180538092872
3677,Vim,261,1111.6328368905974,1923.5325093035492
3678,Msn,112,1111.1316595888245,1923.9805803512252
3679,Nr2f2,129,1115.204494345739,1936.1680466135235
3680,Nr2f2,129,1116.449810331183,1913.823876059492
3681,Hdgf,56,1118.9616828516105,1885.4629226758923
3682,Nr2f2,129,1120.2289854144594,1883.454010185569
3683,Msn,112,1121.5609890366738,1888.9048504976709
3684,Nr2f2,129,1124.8551150860785,1891.2577063531287
3685,Sdc4,202,1125.4423208872254,1890.791262095269
3686,Eif3d,33,1127.0976617663637,1877.1233608395637
3687,Ubxn1,253,1126.9428943019225,1880.5291170430503
3688,Csnk1a1,22,1127.6199654906352,1916.7092370765583
3689,Vim,261,1129.5305424809635,1917.425982971285
3690,Vim,261,1131.2448680525267,1892.762633131557
3691,Hdgf,56,1130.5793838997974,1891.5557268103976
3692,Vdac1,260,1130.8260572887584,1891.6342995421487
3693,Rpl18a,187,1133.5941293676092,1937.358193506885
3694,Sf3b2,205,1138.5252653203206,1911.16235459104
3695,Hdgf,56,1135.6196060311668,1908.568180104468
3696,Msn,112,1135.7785042784676,1889.805334884629
3697,Nr2f2,129,1135.6914148917806,1878.7758297503683
3698,Hdgf,56,1137.588539536759,1882.4235317613343
3699,Hdgf,56,1140.236855006908,1917.3560892886244
3700,Msn,112,1140.5558664733314,1893.6829565555247
3701,Ubxn1,253,1140.878388355655,1937.6477933653312
3702,Msn,112,1148.23734724593,1948.86777776154
3703,Hdgf,56,1149.2198360067937,1923.698581575385
3704,Msn,112,1151.8026267791977,1944.162268397041
3705,Msn,112,1157.8176797211513,1888.3340932648596
3706,Hdgf,56,1161.2521744222083,1951.2076633191632
3707,Nr2f2,129,1165.6242032864534,1929.3197065793763
3708,Psap,160,624.3608300585396,1765.565482720224
3709,Psap,160,655.5418125989818,1779.7074394556978
3710,Psap,160,676.6741050610118,1780.6019853558753
3711,Ctbp1,24,679.4965239785199,1814.5648469723624
3712,Psap,160,688.2193243331524,1804.8755240517949
3713,Eif4g2,38,688.9100900209928,1776.108871439099
3714,Psap,160,692.5805346143687,1814.3801566106304
3715,Psap,160,700.6760469485788,1821.3802754233784
3716,Psap,160,703.4743957003267,1812.1382128093985
3717,Psap,160,707.3947481915225,1781.1007219915432
3718,Ctbp1,24,715.8108788410553,1838.7534962047828
3719,Eif4g2,38,723.9982492917327,1856.120273350513
3720,Eif4g2,38,734.7128700702126,1891.18135977552
3721,Eif4g2,38,734.8666091418353,1805.960638124854
3722,Ctbp1,24,741.9240124763421,1802.40884022104
3723,Psap,160,742.9328531085453,1886.66976279895
3724,Ctbp1,24,759.4603341838558,1870.2838935974255
3725,Psap,160,768.1034810875931,1856.121623509026
3726,Psap,160,780.2686493105709,1791.4015387294928
3727,Sec13,204,779.7170706600534,1797.9729249981767
3728,Uqcrc1,256,794.5215230824286,1884.4467439960808
3729,Eif4g2,38,810.2313611779056,1898.749390840711
3730,Psap,160,818.5688477284638,1879.982140550363
3731,Eif4g2,38,825.3663894920278,1776.0573148890771
3732,Psap,160,827.1455545014793,1859.2269399217216
3733,Eif4g2,38,836.507131511606,1943.814310049831
3734,Eif4g2,38,840.4171773021803,1942.3660940468449
3735,Psap,160,862.656705214406,1837.3153467479212
3736,Psap,160,888.0417318130133,1924.4703462987704
3737,Psap,160,895.166068796525,1924.8560051254988
3738,Psap,160,912.000201804987,1858.705204830928
3739,Psap,160,928.1086460286192,1953.903503566666
3740,Lamp1,74,929.7555858091478,1870.3416420562896
3741,Psap,160,938.4056959784432,1857.1822634457608
3742,Psap,160,943.9903739246956,1945.5763526087849
3743,Eif4g2,38,945.4952684483434,1878.8948286227087
3744,Psap,160,947.87803070453,1873.6752804770251
3745,Psap,160,955.91669856494,1904.4147471011245
3746,Ddx17,26,960.3369859798214,1899.3542416124496
3747,Psap,160,967.197445733555,1826.5108117803568
3748,Psap,160,971.518738180078,1836.097497801897
3749,Psap,160,973.3312713038512,1904.8900911949652
3750,Ctbp1,24,974.1520174444438,1840.094898599676
3751,Psap,160,975.8545626574692,1937.479893885101
3752,Psap,160,980.5091228170172,1869.1497910890853
3753,Eif4g2,38,982.732069581624,1919.3759229103637
3754,Psap,160,1001.1333903386898,1884.8524261931516
3755,Eif4g2,38,1004.3989498093412,1833.443527045695
3756,Psap,160,1007.1838171512754,1818.7329535628949
3757,Psap,160,1029.1226836725325,1915.4775211604156
3758,Ctbp1,24,1055.2861647887464,1873.453035575749
3759,Eif4g2,38,1062.4965174120807,1827.5348405391612
3760,Eif4g2,38,1068.9772127275703,1920.2479951867365
3761,Ctbp1,24,1109.9774922556403,1899.911219155096
3762,Psap,160,1110.0792072959955,1937.4860249034807
3763,Ctbp1,24,1132.3413303767395,1914.6194586019624
3764,Eif4g2,38,1138.427947212094,1923.21356980948
3765,Eif4g2,38,1151.9829125694791,1932.9913210346515
3766,Eif4g2,38,1156.8122228919133,1949.475030046804
3767,Eif4g2,38,1163.8487927810968,1894.8549370237736
3768,Ywhah,266,619.8343826959242,1767.302211671314
3769,Rps15a,191,628.3927903496055,1765.0475165192029
3770,Rpl18a,187,631.8981671799856,1783.2440927867
3771,Rpl18a,187,637.490156368764,1774.9655681184738
3772,Rpl18a,187,646.8022532619543,1769.977768752385
3773,Rps15a,191,647.4034692390915,1762.3125622490702
3774,Rps15a,191,647.5158127098096,1801.981682737732
3775,Rpl18a,187,649.962525597522,1766.596067023786
3776,Puf60,171,658.4314178124723,1792.2836763748226
3777,Rpl18a,187,661.4605683546106,1789.3968056670162
3778,Rpl18a,187,668.4018266837151,1795.575160135463
3779,Ywhah,266,677.8315369672316,1822.847258689124
3780,Thy1,228,676.5130634979862,1823.5217648769933
3781,Ywhah,266,689.4700969295701,1825.7495746038148
3782,Rpl18a,187,689.5146676812186,1838.9979170005176
3783,Rpl18a,187,692.6265057169265,1785.473219538978
3784,Rps15a,191,694.2016605468667,1767.4091400925154
3785,Rpl18a,187,699.1712377495958,1842.779322555636
3786,Rpl18a,187,704.547421554126,1773.9366488259022
3787,Rpl18a,187,705.3002010415017,1823.7754668799907
3788,Rpl18a,187,706.2829982053393,1787.982123080507
3789,Rpl18a,187,707.0421241107997,1844.3690510274555
3790,Ywhah,266,710.4066256131351,1799.6989823559936
3791,Ywhah,266,710.6346074326063,1858.2744198481807
3792,Rpl18a,187,729.7300163951934,1801.687190974412
3793,Rpl18a,187,733.6719534958092,1842.5437916976168
3794,Rps15a,191,742.1252564046549,1856.0833655607817
3795,Rps15a,191,744.0341556660665,1862.225915949736
3796,Rpl18a,187,745.5923447398474,1884.9817564060395
3797,Rpl18a,187,746.2687989170736,1814.082843168708
3798,Rps15a,191,747.670003925821,1846.3910721296795
3799,Trps1,243,750.5315102053645,1892.0241499922577
3800,Rps15a,191,753.6394181011067,1845.6717134531195
3801,Rps15a,191,758.41894728688,1771.6952314339392
3802,Rps15a,191,758.9803011687798,1831.865952974807
3803,Puf60,171,763.3026138178836,1802.0230556640156
3804,Rpl18a,187,763.3073944498067,1807.074041696748
3805,Sdc4,202,765.4205366636037,1792.1500972635083
3806,Rps15a,191,765.9516134742526,1856.3311235483256
3807,Puf60,171,775.5012810710912,1827.8842184061443
3808,Rpl18a,187,776.0346037787547,1791.4868733777585
3809,Rps15a,191,780.7219370121732,1853.9877688864235
3810,Ybx1,263,782.5695856922083,1821.9266682182915
3811,Rpl18a,187,781.3627387923289,1820.974531114069
3812,Rpl18a,187,782.6126822963035,1765.6472615674202
3813,Ywhah,266,790.9899264094992,1854.6464036399664
3814,Rpl18a,187,792.5564242522913,1878.318731568547
3815,Rpl18a,187,794.4842216321927,1868.954859673073
3816,Trps1,243,800.4938764397475,1895.6146822783069
3817,Rps15a,191,800.5870004609167,1788.8043901811825
3818,Rpl18a,187,802.7108278982861,1902.791932596456
3819,Rps15a,191,804.4487121951761,1913.4407627364417
3820,Rpl18a,187,805.6233371269826,1819.854388021031
3821,Rpl18a,187,816.4380286621727,1932.694331830901
3822,Rps15a,191,817.8516260124003,1802.35697018012
3823,Prpsap1,156,820.1437390048104,1919.7391201166392
3824,Rpl18a,187,820.2132442601044,1893.9753832039632
3825,Rps15a,191,819.8540314347531,1932.2907178390503
3826,Rpl18a,187,819.65630623372,1925.828712240275
3827,Puf60,171,821.291370096819,1802.704657395284
3828,Ywhah,266,824.8436816880271,1894.3371236354728
3829,Rpl18a,187,827.9943386077799,1866.05558276323
3830,Rps15a,191,827.6698828077456,1936.63461011859
3831,Ywhah,266,829.7087672381392,1780.2814231636537
3832,Rps15a,191,833.4682432202887,1890.2214567995384
3833,Rpl18a,187,834.2969393600684,1926.8108966633893
3834,Prpsap1,156,834.9859124657603,1915.211696797434
3835,Rpl18a,187,839.1331381285546,1788.4400324287358
3836,Puf60,171,840.7589966167827,1780.1909601610482
3837,Sdc4,202,841.3431759252323,1802.069435360848
3838,Rpl18a,187,842.3074800642075,1794.950754440454
3839,Rps15a,191,842.0332088029352,1957.3923051736488
3840,Puf60,171,842.6438364456048,1970.382117649769
3841,Puf60,171,843.2384096126439,1935.824517580356
3842,Sdc4,202,847.11455324057,1874.94849081974
3843,Prpsap1,156,850.7514652985041,1881.4278384082804
3844,Rpl18a,187,851.7284067104573,1936.4621840962925
3845,Rps15a,191,854.7056722595964,1888.6821242464616
3846,Rpl18a,187,854.4744220057628,1919.203113344391
3847,Rpl18a,187,856.2829689171324,1946.1020716948003
3848,Csnk2b,23,855.6098245314256,1950.6721140948084
3849,Ywhah,266,856.2687481225842,1950.2999563697008
3850,Puf60,171,857.3606224970989,1926.8509467353335
3851,Ywhah,266,858.4852881326599,1807.7385043050317
3852,Rps15a,191,858.9786003915933,1963.8624709512756
3853,Rpl18a,187,860.8157942827861,1845.311304303275
3854,Rpl18a,187,862.7185408635295,1879.234866884272
3855,Rpl18a,187,866.3007145122721,1945.06270251473
3856,Rpl18a,187,866.2836068882447,1971.2761641896584
3857,Rpl18a,187,867.6484299064084,1795.4502289693237
3858,Rpl18a,187,870.8868833797931,1842.289435131942
3859,Ywhah,266,872.2513449654026,1823.1168480793056
3860,Rpl18a,187,872.7530561541009,1955.507807489562
3861,Rps15a,191,875.3099423767604,1789.1215127167875
3862,Rpl18a,187,877.1862623181324,1950.983089331968
3863,Rps15a,191,879.4286340804006,1794.2543615838815
3864,Ywhah,266,880.2428270738856,1947.0460187133476
3865,Skp1a,207,881.5987469955952,1918.6360864101125
3866,Rpl18a,187,882.852119372155,1821.673188306229
3867,Ywhah,266,886.8246623437043,1782.547948084955
3868,Rps15a,191,891.4313755049247,1949.410745759547
3869,Puf60,171,892.0393591395903,1839.2097875881827
3870,Rpl18a,187,896.916412957944,1814.944474386328
3871,Rpl18a,187,896.5315582571268,1781.8259732361555
3872,Ywhah,266,897.4385242608912,1788.254379947694
3873,Rpl18a,187,898.7438776460851,1950.84585637088
3874,Ywhah,266,903.0634620986144,1950.405177806627
3875,Prpsap1,156,907.4034208363828,1923.389737569268
3876,Rps15a,191,914.8028909624684,1819.685121633653
3877,Rpl18a,187,924.026744927003,1820.8018084656997
3878,Puf60,171,927.9246730899748,1913.1807191623
3879,Rps15a,191,927.9122844863516,1830.9702999983492
3880,Ywhah,266,931.7297201929722,1918.3160044551528
3881,Rpl18a,187,936.1058225786414,1920.27680338604
3882,Sdc4,202,936.1431021297368,1827.448631606101
3883,Puf60,171,941.3420654156308,1814.6864868793805
3884,Rpl18a,187,952.0456244582416,1944.4959350047184
3885,Sdc4,202,962.1411629035574,1922.3106265986105
3886,Rpl18a,187,968.394898123678,1869.955537278064
3887,Rpl18a,187,970.6689515932018,1862.5809618428984
3888,Rpl18a,187,972.0540172178964,1828.8435671825564
3889,Rpl18a,187,976.0667045835912,1842.814015217691
3890,Rpl18a,187,981.28767913763,1852.816351113348
3891,Rpl18a,187,983.443389231142,1829.4785311923456
3892,Rpl18a,187,987.075858471519,1843.5824430107612
3893,Mrps31,109,989.149241539373,1804.4916429343505
3894,Puf60,171,992.205727305972,1864.155261994129
3895,Ywhah,266,992.5033964020748,1897.2287066638287
3896,Rpl18a,187,993.6704361103788,1819.972506549364
3897,Puf60,171,997.8944011941476,1898.7793103909828
3898,Ywhah,266,999.2864756867002,1873.6760420224505
3899,Rps15a,191,999.1130932362332,1918.856913979332
3900,Rps15a,191,1002.149542680948,1860.2893148319963
3901,Puf60,171,1002.9488547420804,1902.6003008679627
3902,Rps15a,191,1003.8389435542716,1836.2974562428012
3903,Rpl18a,187,1007.9175466086454,1862.8049641889056
3904,Rpl18a,187,1008.1747853382587,1812.9902330710304
3905,Sdc4,202,1008.0082675462056,1844.3402811868516
3906,Rps15a,191,1008.6798422204796,1856.3950773085544
3907,Rps15a,191,1011.2794205869684,1884.9857620731573
3908,Rpl18a,187,1011.070270326747,1860.2560545212627
3909,Puf60,171,1011.726151406787,1822.0556309386736
3910,Rpl18a,187,1012.7069839855624,1889.4275940473328
3911,Prpsap1,156,1014.5970256378132,1844.79542898952
3912,Sdc4,202,1022.4727076999272,1902.3511901969437
3913,Rps15a,191,1026.446213582395,1843.5830578335413
3914,Puf60,171,1032.7427767573836,1912.7184949676723
3915,Rpl18a,187,1033.7830757468191,1856.1119474678344
3916,Puf60,171,1035.086902090099,1827.4786776477972
3917,Rps15a,191,1044.553707306426,1903.51962639879
3918,Rps15a,191,1046.5142011390078,1873.889943161444
3919,Rps15a,191,1050.4684966210018,1878.1222683062176
3920,Rpl18a,187,1058.3884367259602,1840.6071608258264
3921,Rpl18a,187,1060.3718811276458,1831.5517536112816
3922,Rpl18a,187,1068.6124834252705,1865.4674037815196
3923,Puf60,171,1070.4712189379552,1882.94478057276
3924,Rps15a,191,1072.6667710082352,1845.9447249117072
3925,Ywhah,266,1075.5978511930816,1894.8462560893904
3926,Prpsap1,156,1076.4552406662287,1896.5740700334948
3927,Rpl18a,187,1077.3381623855194,1942.9272714903109
3928,Gsto1,54,1078.6032587374837,1943.4502546816668
3929,Paics,137,1077.7616658627244,1942.8658101712333
3930,Ywhah,266,1083.90106475632,1851.4516684949504
3931,Ywhah,266,1083.86252641836,1938.7927845815832
3932,Rpl18a,187,1084.2247000873388,1880.3393968886269
3933,Rpl18a,187,1096.301666075466,1857.836653071584
3934,Rpl18a,187,1103.430108645272,1860.67262581229
3935,Ywhah,266,1104.3872527961887,1885.9932064634895
3936,Rps15a,191,1108.770338824716,1909.104131844812
3937,Puf60,171,1109.490682178981,1894.5858613919784
3938,Rpl18a,187,1112.0705010428971,1913.0837042142496
3939,Rpl18a,187,1112.606194709807,1885.8719693836752
3940,Rps15a,191,1114.7635898071012,1922.2319188564304
3941,Ywhah,266,1118.795888950728,1953.4691937478756
3942,Ywhah,266,1120.1480015749912,1913.0736960005
3943,Sdc4,202,1126.0466313507109,1899.3168366258712
3944,Rps15a,191,1125.901523429071,1908.4125032882805
3945,Ywhah,266,1127.5605484911175,1931.6562640498505
3946,Rpl18a,187,1127.007866764603,1928.132351378744
3947,Rpl18a,187,1128.2266287258444,1886.391595963048
3948,Rpl18a,187,1140.2628234655815,1897.7322601727813
3949,Rps15a,191,1142.0456594118773,1916.5164642968305
3950,Rpl18a,187,1146.0499274750082,1906.361025224876
3951,Ywhah,266,1153.8595822688796,1952.0257233944917
3952,Rpl18a,187,1154.504760301263,1922.8842683343296
3953,Rpl18a,187,1159.5746292637996,1913.091315989337
3954,Ywhah,266,1164.6871867424368,1915.4498213834968
3955,Puf60,171,1169.1699932283125,1946.227643326464
3956,Srebf2,215,634.6117828603359,1783.2717789156886
3957,Paics,137,661.4129484612054,1795.6474638764334
3958,Arf1,6,666.7134113480266,1816.2723651403824
3959,Srebf2,215,680.0608130803776,1818.014477395185
3960,Ndufs8,123,680.2680681731654,1779.5752678857916
3961,Arf1,6,706.044289312291,1803.318420961224
3962,Arf1,6,709.5651441518384,1773.4319866801584
3963,Vim,261,736.199085462791,1891.916856382733
3964,Paics,137,746.5154797893349,1894.220070530755
3965,Nfe2l1,127,755.8153173033008,1786.4477411128094
3966,Srebf2,215,757.2161385841591,1821.267224295736
3967,Ndufs8,123,763.9301942133353,1816.426253966419
3968,Paics,137,769.2038972552002,1816.6395702986636
3969,Arf1,6,769.4480632367199,1875.7930304800425
3970,Vim,261,772.6275809827061,1890.5166083149404
3971,Arf1,6,778.9206776980689,1840.71015153832
3972,Arf1,6,782.130831344194,1889.8067137603105
3973,Arf1,6,796.8565250292722,1871.595223363935
3974,Paics,137,804.0518984658092,1812.524968145124
3975,Paics,137,805.9017853505289,1775.1703034580323
3976,Paics,137,817.4043160543689,1876.142623390745
3977,Srebf2,215,830.5008824943197,1862.2612501859023
3978,Arf1,6,833.8624729952082,1934.7076922632189
3979,Arf1,6,847.276919371543,1875.9282103606772
3980,Ndufs8,123,849.3427333295052,1894.032288279218
3981,Ndufs8,123,858.5284070771809,1828.6671121648592
3982,Arf1,6,864.7520457971779,1870.9357485784303
3983,Srebf2,215,876.0494419230714,1852.9097331986204
3984,Paics,137,877.6975106630455,1791.9838072103043
3985,Paics,137,881.0636686384667,1961.5888644494796
3986,Arf1,6,883.130306398227,1796.5247534307566
3987,Paics,137,894.5468241164391,1794.8689261893185
3988,Srebf2,215,903.094870187602,1931.2448991054
3989,Arf1,6,919.523018026646,1855.7226917169212
3990,Srebf2,215,949.7875615447028,1881.3230955613908
3991,Arf1,6,978.347074153817,1802.906717398967
3992,Ywhaq,267,979.836932801846,1867.5296440416423
3993,Clta,15,1002.7580212977732,1905.5282803318944
3994,Arf1,6,1002.4533978376224,1904.998553077345
3995,Arf1,6,1001.8561878977356,1825.1657650592144
3996,Srebf2,215,1009.3188748861994,1943.3523713031484
3997,Arf1,6,1015.9850351491827,1814.6678492220265
3998,Arf1,6,1016.5337904404548,1806.7385503286405
3999,Paics,137,1026.8242749354858,1824.05440895814
4000,Arf1,6,1028.2680716263708,1867.2587671688457
4001,Arf1,6,1046.390077676879,1838.9942147295333
4002,Arf1,6,1048.6171158009352,1860.911729218606
4003,Paics,137,1060.6497013677022,1857.9906162624543
4004,Srebf2,215,1063.0378668844287,1914.3486325777528
4005,Arf1,6,1066.732414904071,1874.9209160380517
4006,Paics,137,1082.7337107310937,1850.7482775949013
4007,Arf1,6,1082.5825132926177,1894.7751378464757
4008,Srebf2,215,1096.4654392858486,1890.807713627339
4009,Arf1,6,1104.3676155137157,1884.8948389325335
4010,Srebf2,215,1108.8759591447904,1938.8807090626372
4011,Arf1,6,1113.2699395110285,1920.9344277673708
4012,Arf1,6,1117.222189535235,1900.760688277944
4013,Ndufs8,123,1117.846179498119,1891.1070901737307
4014,Arf1,6,1117.3269815300978,1944.714198234208
4015,Ndufs8,123,1122.1549739150848,1874.5959652260851
4016,Arf1,6,1124.3657832212734,1928.0678863125167
4017,Ndufs8,123,1136.3724349682118,1888.4423074279853
4018,Arf1,6,1140.4044734402987,1921.233172662876
4019,Arf1,6,1143.826141562237,1910.147820927821
4020,Sfpq,206,1152.3774434130871,1954.5260598593568
4021,Arf1,6,1161.7314833169808,1892.9726130665251
4022,Paics,137,1168.3025534731376,1947.0845451197345
4023,Arf1,6,1170.1209303807177,1937.9855354159824
4024,Ndufv1,124,644.3151242859616,1799.2852280167765
4025,Ndufv1,124,675.626273167443,1810.496723872488
4026,Ndufv1,124,714.4877941143728,1790.086276341458
4027,Ndufv1,124,1075.8929648016983,1842.54466956544
4028,Ndufv1,124,1115.5073713036948,1930.5767084518084
4029,Ndufv1,124,1126.3767350057549,1910.2110398637465
4030,Ndufv1,124,1130.6805026660118,1930.4601006116109
4031,Ybx1,263,648.1576201537804,1792.084193761968
4032,Timp2,229,657.9781454696436,1773.8977061580413
4033,Ybx1,263,663.1770540941824,1810.691695513847
4034,Ybx1,263,665.7833586710644,1764.6033861007138
4035,Timp2,229,669.2165063972548,1764.119796618012
4036,Nfe2l1,127,675.830994592346,1805.458790387171
4037,Timp2,229,681.9644891596274,1829.1208353405943
4038,Timp2,229,688.9440734937176,1827.9300431018544
4039,Timp2,229,695.1813460413673,1774.0738508845616
4040,Timp2,229,770.7842174384753,1875.308193441064
4041,Timp2,229,774.6396736176973,1823.2492613040577
4042,Timp2,229,782.065290259122,1884.8019020469735
4043,H1f0,55,784.3686374117754,1897.1674560124457
4044,Sf3b2,205,789.1022341356543,1878.000718788122
4045,Nfe2l1,127,795.2298140062317,1856.9726957358257
4046,Nfe2l1,127,795.2044357971774,1904.3527300226403
4047,Nfe2l1,127,795.9038718523453,1882.234363150585
4048,Timp2,229,797.3383027855698,1891.011767547414
4049,Timp2,229,797.3637533702599,1802.7862323365396
4050,Tnfrsf1a,233,798.2860992926428,1823.538276625546
4051,Nfe2l1,127,807.4658654195171,1802.9386156289336
4052,Ybx1,263,816.0441320438788,1919.0848829755116
4053,Timp2,229,819.8428225383867,1930.8103455981357
4054,Timp2,229,820.9710726282037,1875.137851397938
4055,Timp2,229,834.3261102831088,1883.690053049903
4056,Timp2,229,839.3712626685634,1775.8435881985008
4057,Timp2,229,843.5219464408694,1790.5401570361107
4058,Sec13,204,854.2565531428654,1797.7205752780517
4059,Timp2,229,857.9044917684975,1919.5914078875956
4060,Timp2,229,857.2872447604154,1872.343727444209
4061,Timp2,229,864.2647411458568,1824.864703870181
4062,Timp2,229,879.3796263402952,1930.410538735684
4063,Timp2,229,885.073869349022,1924.0184118572208
4064,Timp2,229,901.3512881892186,1859.788604202769
4065,Sf3b2,205,910.3585207065018,1959.6173380950568
4066,Timp2,229,914.8060506100048,1820.843033693235
4067,Timp2,229,915.2777599274464,1921.5797763728376
4068,Timp2,229,921.6767368748498,1918.4309324642693
4069,Timp2,229,926.0659958513164,1951.9524324787935
4070,Timp2,229,941.8855895137578,1879.464645559544
4071,Timp2,229,950.7635333124272,1882.5338240781848
4072,Timp2,229,956.3739739174432,1920.5171184005967
4073,Timp2,229,959.2086586357568,1874.123394016793
4074,Timp2,229,960.6902187831706,1920.9830309755791
4075,Timp2,229,961.4816004193387,1838.9961598586976
4076,Timp2,229,963.4331164603988,1814.3851820908783
4077,Tnfrsf1a,233,961.8657694249488,1813.2875801102632
4078,Nfe2l1,127,989.9086090080032,1909.78326907564
4079,Timp2,229,994.1088852419024,1905.7721022995245
4080,Nfe2l1,127,999.1466023085784,1846.4173948742207
4081,Timp2,229,1004.2161711911704,1904.995950965172
4082,Timp2,229,1006.6583927886786,1942.2879838426447
4083,Timp2,229,1010.8730364479084,1888.9636538900104
4084,Timp2,229,1015.7333571567738,1822.3533640112364
4085,Timp2,229,1014.7427898146988,1890.6678168587437
4086,Timp2,229,1015.6781437142452,1877.884264531311
4087,Timp2,229,1027.0148619981524,1845.4795727537528
4088,Nfe2l1,127,1051.8362276966373,1853.1391049236192
4089,Timp2,229,1090.9924364319943,1937.1013468077815
4090,Timp2,229,1100.5208823159496,1879.282057789862
4091,Nfe2l1,127,1109.9198953641217,1934.829960900212
4092,Timp2,229,1130.626248601913,1885.4957992824448
4093,Mrpl41,102,631.3927547091731,1784.6404645843702
4094,Zfp36l2,270,642.5628897322371,1777.7194124743628
4095,Csnk1a1,22,652.0887880575348,1771.3986031074949
4096,Ssrp1,219,656.2171220148347,1788.2884502660258
4097,Csnk1a1,22,666.6704265749532,1802.0861174289576
4098,Ssrp1,219,670.253665723717,1804.0586271157576
4099,St13,220,675.9253622854274,1788.0194296300238
4100,Csnk1a1,22,676.9763600634353,1801.6932071752592
4101,St13,220,684.0519317778999,1808.7551451665388
4102,St13,220,701.0086388727784,1832.9004208067493
4103,Hif1a,57,702.7250571753262,1771.831190830978
4104,St13,220,706.3159444047218,1787.5542431584415
4105,Csnk1a1,22,716.4538544458093,1793.4549684542835
4106,Ssrp1,219,718.9013667471776,1790.8511381782434
4107,Ssrp1,219,719.2945891455989,1795.7528183001627
4108,St13,220,729.3333259095992,1802.6141748737605
4109,St13,220,733.7529538272022,1805.4988497034904
4110,Ssrp1,219,735.2552484871434,1775.0224269255218
4111,Ssrp1,219,739.1864559795519,1841.7896588216229
4112,Ssrp1,219,743.1452113138754,1847.6700065724087
4113,St13,220,742.7677519280196,1800.2354036838858
4114,St13,220,748.2754235125682,1817.395733619499
4115,Ssrp1,219,752.4659267434238,1794.8277464421783
4116,Sfpq,206,755.7176081286907,1778.8860242805745
4117,Sfpq,206,767.7396865659646,1833.287647239604
4118,Mdh2,85,767.7305143563243,1847.818969898948
4119,Sfpq,206,772.9029630523648,1776.9123032238597
4120,Sfpq,206,774.0217650750833,1791.231058467576
4121,St13,220,783.9655253353064,1781.8430939873958
4122,Ssrp1,219,784.9793333205587,1800.5979117668796
4123,Ssrp1,219,790.8900094644116,1832.8362217975891
4124,Ssrp1,219,798.3954899602816,1877.7909888910556
4125,St13,220,810.257359503086,1917.712425373592
4126,Ssrp1,219,815.8810242031102,1897.2261367084143
4127,Csnk1a1,22,818.5857224205776,1888.7024023546187
4128,Ssrp1,219,826.3089256026777,1821.1854161871895
4129,St13,220,826.8341641003635,1927.7514240613557
4130,St13,220,835.0029491643963,1941.5161306898815
4131,Sfpq,206,838.6555670974961,1940.692994113529
4132,Sfpq,206,840.3593646749641,1780.5775178255767
4133,St13,220,845.055537713865,1969.0121815346588
4134,Csnk1a1,22,852.2776659026524,1869.9203734092216
4135,Mdh2,85,855.3033941692838,1943.3597620670955
4136,Ssrp1,219,862.8225913627329,1893.6357278714836
4137,St13,220,863.6375679552746,1942.4371372253595
4138,Sfpq,206,867.9262424257189,1965.9679457655693
4139,Ssrp1,219,871.3468374660285,1960.6743598755409
4140,St13,220,884.2332119867917,1884.7902314747605
4141,Sfpq,206,886.3085891827448,1914.6628983286785
4142,Sfpq,206,891.9823723584016,1910.2158241760364
4143,St13,220,909.7196601875708,1957.3237847164328
4144,St13,220,910.9755518355428,1886.7651179632207
4145,St13,220,916.9820579752882,1850.9301987507483
4146,St13,220,928.161642432684,1827.338305903668
4147,Ssrp1,219,942.7208973904778,1906.8617680491204
4148,Sfpq,206,974.3868991902002,1913.531797881536
4149,St13,220,984.797475364154,1893.363843228361
4150,St13,220,984.7532303478768,1917.7683745812767
4151,Ssrp1,219,986.1255412597952,1889.580460796734
4152,Csnk1a1,22,1011.3332208548272,1819.8020765023628
4153,Ssrp1,219,1014.1572545830244,1927.6238886473568
4154,Mrpl41,102,1015.2119687059856,1859.465872361373
4155,St13,220,1025.843645242578,1873.1774220568248
4156,Sfpq,206,1029.0035421240163,1853.0278330878048
4157,Fgf7,43,1031.9869127748238,1834.1814791700103
4158,Zfp36l2,270,1031.6623634722218,1833.6603607109896
4159,Sfpq,206,1052.0770227226062,1917.5208614617543
4160,St13,220,1054.1623586699868,1900.7415942547648
4161,Sfpq,206,1064.7330397315473,1892.045483285229
4162,Mrpl41,102,1071.2439920049712,1865.76951792664
4163,Hif1a,57,1074.6583045012046,1921.072070481126
4164,St13,220,1074.79426139028,1860.9029752131576
4165,St13,220,1100.8671770905028,1861.561424129459
4166,Ssrp1,219,1113.305497778761,1917.743757648708
4167,St13,220,1119.4237848269302,1885.865823054231
4168,St13,220,1125.371169056555,1941.7462105294455
4169,Sfpq,206,1127.222757286919,1884.0841255350208
4170,St13,220,1137.458747340088,1952.2500123905425
4171,St13,220,1140.0083868990532,1940.1568314124852
4172,Ssrp1,219,1143.2709001477333,1893.415841363996
4173,St13,220,1144.945970246959,1958.4483747116676
4174,St13,220,1146.501802841262,1948.171601880478
4175,Ssrp1,219,1150.1321628135026,1917.2628595666245
4176,Csnk1a1,22,1158.158322182033,1899.59575533804
4177,Ssrp1,219,1158.6960652363991,1891.7831344892943
4178,Mrpl41,102,1161.3601809894606,1949.833130767484
4179,Ssrp1,219,1167.8786519214318,1903.0228688042996
4180,Mrpl41,102,1167.676177266686,1915.780424272124
4181,Vim,261,632.8778079569288,1772.8763837523156
4182,Ly6e,81,632.8810347299964,1771.9307188503456
4183,Myh9,118,641.746294858049,1799.3622109400196
4184,Lamp1,74,657.3068143303678,1810.906636608911
4185,Ddx17,26,658.2147904623906,1790.6810884147037
4186,Lamp1,74,661.2578944380149,1774.2888806079477
4187,Pdia4,141,675.1080021859852,1824.8777169604036
4188,Ran,178,676.2837779814499,1771.7576730688836
4189,Cs,20,682.8276123670664,1826.091247194981
4190,Rpl15,186,700.1286855178021,1842.65037656684
4191,Ran,178,705.6938836023232,1809.7988673957864
4192,Cs,20,707.050469216806,1797.6462029179118
4193,Lamp1,74,729.1711211477704,1781.2902188349146
4194,Cs,20,733.4040521128809,1879.8874234546013
4195,Vim,261,743.2033980214334,1779.7273700560495
4196,Lamp1,74,743.5264424242677,1779.2350399072218
4197,Lamp1,74,770.1710563831513,1877.796527537504
4198,Ran,178,770.4270218541035,1838.5305163457783
4199,Cs,20,772.294825613667,1772.6439834952182
4200,Ddx17,26,784.8500218947662,1778.8289282954338
4201,Lamp1,74,786.9431700126049,1892.2062095673616
4202,Sec13,204,788.5945183975668,1881.8506407818131
4203,Lamp1,74,795.8769772337488,1846.7456193580736
4204,Lamp1,74,806.0156735382593,1885.1247705293404
4205,Ddx17,26,815.0839412278802,1801.9326742600904
4206,Lamp1,74,824.3960207622506,1927.616736193308
4207,Pdia4,141,836.1214902034176,1779.1283833465377
4208,Lamp1,74,853.4739046771799,1797.954949290212
4209,Ddx17,26,858.3626940682371,1956.5841781784763
4210,Lamp1,74,860.917112590806,1802.8945677160127
4211,Ran,178,869.3280866413713,1954.3704752495169
4212,Ran,178,871.1049261896933,1964.5226568700884
4213,Lamp1,74,881.9207127714601,1923.397983439852
4214,Ddx17,26,888.5004351607281,1920.204385529171
4215,Ran,178,891.7429917057452,1791.2795447788696
4216,Lamp1,74,906.713193828823,1866.1808165199784
4217,Cs,20,914.2770271630112,1820.470638753423
4218,Ran,178,921.6992651244648,1893.5157363759413
4219,Lamp1,74,923.645250104472,1839.3372732267933
4220,Lamp1,74,942.8925510003128,1878.379980958497
4221,Mrps9,111,949.8661672049924,1934.209902702737
4222,Cs,20,965.5963638184814,1836.734444552065
4223,Uba1,250,984.5567840843968,1824.656305299479
4224,Pdia4,141,987.1324974796016,1848.0510198223
4225,Lamp1,74,987.9747584788034,1899.9890497601807
4226,Cs,20,1008.5368293607752,1854.70398838152
4227,Pdia4,141,1014.370131008298,1882.0514993630377
4228,Lamp1,74,1015.0164255959236,1873.769676347586
4229,Pdia4,141,1052.6620785080163,1865.1724662103345
4230,Pla2g4a,145,1062.8920407896426,1850.489006146145
4231,Ddx17,26,1068.2510869758407,1854.979000761267
4232,Lamp1,74,1074.3080239841352,1869.416560837643
4233,Cs,20,1079.748238217912,1851.6621263697075
4234,Pdia4,141,1090.3407590259892,1936.3671106335612
4235,Ddx17,26,1097.7713437795303,1896.074591652832
4236,Lamp1,74,1128.7023555832516,1959.353408262157
4237,Ddx17,26,1141.0153773348734,1927.2168186193037
4238,Ddx17,26,1143.2877033566328,1960.5089145858924
4239,Cs,20,1143.8840824004117,1946.7429792726111
4240,Ddx17,26,1148.9970692693162,1959.1700974435475
4241,Cs,20,1162.3594245909817,1937.6468923543969
4242,Ran,178,1163.8953213828345,1930.4428604965372
4243,Cct5,10,629.297075376431,1773.9478607341823
4244,Cct5,10,637.9090901245675,1785.9630300117417
4245,Rnf11,185,652.4923307128781,1766.777915029102
4246,Ppp2r1a,151,655.759031911921,1763.571030549117
4247,Cct5,10,669.1815377584688,1782.1405661900417
4248,Ppp2r1a,151,670.8822393033055,1810.8218939788044
4249,Zfp36l2,270,679.2968550061654,1819.0723745620455
4250,Cct5,10,684.1585553525263,1785.2796026190442
4251,Cct5,10,685.2424211055987,1789.2626741357876
4252,Prmt1,153,689.5932479389793,1838.599500098312
4253,Cct5,10,697.9488823775303,1783.565492639316
4254,Cct5,10,715.0934631517357,1785.53825604466
4255,Cct5,10,715.5465225247845,1839.761656925225
4256,Ppp2r1a,151,718.0026485176296,1852.855484085376
4257,Cct5,10,722.3147673305958,1842.1328316708507
4258,Cct5,10,732.287665417515,1789.9162437212933
4259,Cct5,10,732.7705934889541,1831.6315629872995
4260,Rnf11,185,732.5004255235257,1835.0951628853431
4261,Cct5,10,739.6623487348772,1771.3759167316366
4262,Cct5,10,747.6738818385791,1826.0815561171055
4263,Ppp2r1a,151,752.7450612679195,1897.5744316982832
4264,Ppp2r1a,151,755.8674013523139,1800.848218896756
4265,Cct5,10,761.0028710484507,1806.16446502895
4266,Cct5,10,763.6691601321886,1885.6951486232151
4267,Cct5,10,765.6239702051186,1793.7670516662647
4268,Zfp36l2,270,775.7699937828583,1845.137645155242
4269,Prmt1,153,777.7035319189553,1838.7362701812133
4270,Cct5,10,781.3117052215118,1788.8974473920002
4271,Ppp2r1a,151,786.1921096219489,1808.8722565932376
4272,Prmt1,153,786.4948338144048,1859.9870375412029
4273,Ppp2r1a,151,787.378705170523,1779.248397562926
4274,Ppp2r1a,151,788.6350646189317,1817.454868654619
4275,Ppp2r1a,151,792.6879843826549,1869.164406495452
4276,Zfp36l2,270,794.5613388800639,1893.213753810082
4277,Ppp2r1a,151,800.6005122321188,1809.7019391198216
4278,Rnf11,185,802.6365121997175,1824.4572652957013
4279,Zfp36l2,270,804.928793274212,1814.853168373656
4280,Zfp36l2,270,805.4914783035879,1909.6409768551955
4281,Zfp36l2,270,805.4278398757518,1861.1016474295843
4282,Cct5,10,808.0058007851432,1833.047401300724
4283,Cct5,10,808.2742812861267,1875.4262874591764
4284,Cct5,10,810.8638958582875,1902.6878824493883
4285,Prmt1,153,818.5506119329763,1873.655243740299
4286,Prmt1,153,824.8674246199218,1804.9927711233415
4287,Cct5,10,829.0225340308114,1920.1273508750612
4288,Ppp2r1a,151,830.7557690917981,1927.782808715749
4289,Cct5,10,832.8135688849841,1865.7991483565008
4290,Prmt1,153,841.0276079063146,1926.0267421283156
4291,Prmt1,153,842.6414624577944,1960.9233740420527
4292,Zfp36l2,270,844.6264292124622,1789.6274014516532
4293,Zfp36l2,270,852.6464392245957,1911.501416139321
4294,Zfp36l2,270,857.2306848949112,1847.045230311236
4295,Cct5,10,858.9515068009941,1974.3918551447268
4296,Rnf11,185,861.2030037724924,1909.50615045824
4297,Zfp36l2,270,868.4326446427503,1891.3935505480465
4298,Cct5,10,868.5127964719268,1798.5551135355088
4299,Zfp36l2,270,877.1264060444803,1863.077157650704
4300,Ppp2r1a,151,878.1578142345168,1915.9275315843984
4301,Ppp2r1a,151,877.9481721629511,1804.154212491444
4302,Zfp36l2,270,879.1987298041956,1906.1249322348465
4303,Zfp36l2,270,883.5708248226805,1972.5426057952263
4304,Cct5,10,887.2286686759404,1804.7759490885223
4305,Ppp2r1a,151,902.1380643043212,1952.6319847220493
4306,Cct5,10,902.3823204632326,1873.136026521019
4307,Cct5,10,902.6286834495106,1881.5624018872595
4308,Zfp36l2,270,911.9264856848652,1960.2333833956404
4309,Rnf11,185,928.0252327863774,1796.9969511751872
4310,Cct5,10,932.0613250531836,1909.118069212468
4311,Cct5,10,934.2587758952352,1804.575420460019
4312,Zfp36l2,270,934.3967266851988,1824.010627474948
4313,Rnf11,185,951.497640090868,1853.6184896406992
4314,Zfp36l2,270,961.4979765499417,1825.767828034899
4315,Ppp2r1a,151,974.2704247212824,1925.846595208864
4316,Zfp36l2,270,976.7294292920876,1920.2637932683651
4317,Rnf11,185,985.6548123049332,1862.3138291560028
4318,Cct5,10,989.5398437839482,1847.7172051633304
4319,Zfp36l2,270,989.3758011547548,1829.8135778906687
4320,Rnf11,185,991.3579211969188,1815.64618121447
4321,Ppp2r1a,151,991.9950637017776,1883.631239325087
4322,Ppp2r1a,151,991.7768988463612,1894.1102714281728
4323,Cct5,10,995.1278436886356,1842.844016291866
4324,Zfp36l2,270,996.0824890214376,1834.69651164395
4325,Zfp36l2,270,1004.3587786059692,1875.74853533012
4326,Rnf11,185,1036.6078200826669,1849.8208203978884
4327,Rnf11,185,1036.6699351199131,1937.378197868706
4328,Zfp36l2,270,1045.3315847166066,1876.1350812816784
4329,Uqcrc1,256,1045.1183312962733,1861.2503624233093
4330,Zfp36l2,270,1062.65791159093,1875.9779147999675
4331,Zfp36l2,270,1065.096317117403,1911.0718607199096
4332,Ppp2r1a,151,1065.6671664131811,1928.2562536922792
4333,Ppp2r1a,151,1066.8533924448818,1864.3859380988356
4334,Prmt1,153,1067.19696442382,1833.8255374726648
4335,Cct5,10,1069.5937788946983,1874.5036756444624
4336,Cct5,10,1079.8801626979607,1874.2536720036617
4337,Ppp2r1a,151,1080.5204641431094,1939.535956115744
4338,Ppp2r1a,151,1082.2614908665048,1916.3369023361604
4339,Ppp2r1a,151,1083.2799628665066,1875.267306560764
4340,Cct5,10,1084.280039710714,1893.7424555511527
4341,Cct5,10,1084.4344017649114,1853.6330008251805
4342,Zfp36l2,270,1092.5500587517513,1867.2551002635812
4343,Cct5,10,1099.1832357579055,1941.318205083259
4344,Ppp2r1a,151,1102.7579326625923,1881.4339515219208
4345,Zfp36l2,270,1103.617201271089,1931.9113804153235
4346,Mrps18b,106,1105.784489238192,1883.0355478845331
4347,Zfp36l2,270,1107.6082239817174,1898.2387388088723
4348,Zfp36l2,270,1112.7887374004497,1927.6246563807128
4349,Ppp2r1a,151,1113.4083193229594,1877.1587778877963
4350,Cct5,10,1118.2622790271937,1922.642390575629
4351,Zfp36l2,270,1120.1177656600464,1902.7538278101536
4352,Ppp2r1a,151,1123.8265894823162,1925.133271185928
4353,Gsto1,54,1124.0385370355443,1925.1028369752592
4354,Ppp2r1a,151,1130.459246321304,1904.3708358900928
4355,Ppp2r1a,151,1131.6718437770176,1938.193994943784
4356,Ppp2r1a,151,1135.2179750036098,1926.242530319617
4357,Zfp36l2,270,1142.745106149157,1914.9701299920985
4358,Ppp2r1a,151,1143.5969776577392,1938.5729291816224
4359,Cct5,10,1149.1727757381375,1958.2581976466151
4360,Cct5,10,1152.0423596292137,1912.0512821764037
4361,Prmt1,153,1152.6364253325671,1954.322562081523
4362,Cct5,10,1153.474456560395,1914.5468724387745
4363,Rnf11,185,1153.212152622648,1898.894459265218
4364,Zfp36l2,270,1154.837754515166,1956.6832225276792
4365,Prmt1,153,1156.6237397325203,1921.60510937034
4366,Zfp36l2,270,1158.620731155903,1929.3672789741304
4367,Prmt1,153,1163.7254163350844,1938.4245328997736
4368,Rnf11,185,1166.254635932441,1932.9442273413167
4369,Cct5,10,1168.532953606674,1923.20307908862
4370,Pcdhgc3,138,625.4783056954556,1776.5590594329562
4371,Mdh2,85,643.8726967159487,1778.5287082045595
4372,Mdh2,85,647.7143995062597,1800.6169232661464
4373,Loxl1,78,647.835443834028,1793.6164371302334
4374,Mdh2,85,659.5315785236694,1781.355664729643
4375,Tmbim6,230,663.2009950385498,1796.1767215267453
4376,Pcdhgc3,138,673.2123341107032,1783.2547615585104
4377,Skp1a,207,677.658572870072,1811.4082242774707
4378,Pcdhgc3,138,679.4725543063837,1790.3720333847798
4379,Nucb1,131,683.3127441728724,1814.7108150876472
4380,Mdh2,85,683.8801903627226,1774.2842552012437
4381,Nucb1,131,685.8271923647306,1780.4758586980838
4382,Tmbim6,230,688.4621048200308,1814.7873073070373
4383,Tmbim6,230,689.8424385727956,1832.7122017371912
4384,Nucb1,131,692.0968763685339,1787.4772782517484
4385,Nucb1,131,691.1666473725181,1824.7858672572315
4386,Ube2d3,251,692.1621954246202,1796.2290334892382
4387,Pcdhgc3,138,693.5207886961651,1813.2236824084137
4388,Tmbim6,230,701.586541138538,1839.3766820355315
4389,Mdh2,85,709.1205368641129,1794.8655515490052
4390,Pcdhgc3,138,711.5982990819925,1789.6778371602018
4391,Sae1,199,716.2697099149628,1836.1281655788248
4392,Mdh2,85,725.0897765473983,1824.1097262279989
4393,Sae1,199,724.3350056018912,1877.6138024126724
4394,Sae1,199,724.8734272882095,1809.420547168745
4395,Mdh2,85,730.2381423191296,1841.550602800856
4396,Skp1a,207,732.4016091918808,1861.3664892881
4397,Mdh2,85,732.8994385628628,1815.4905771916133
4398,Skp1a,207,736.4610502170215,1786.3955514268596
4399,Mdh2,85,744.026970880747,1784.1348470024018
4400,Mdh2,85,751.5838292398782,1790.172458167944
4401,Mdh2,85,755.0245446244302,1842.3252533898176
4402,Mdh2,85,763.0037630371476,1813.687989846937
4403,Mdh2,85,763.4937827935881,1805.0997719501424
4404,Mdh2,85,764.5333845854918,1771.7782223026916
4405,Pcdhgc3,138,763.5050021196726,1830.5217138685448
4406,Tmbim6,230,764.6984658018309,1862.0373837613213
4407,Skp1a,207,766.8158882830675,1811.708118519028
4408,Pcdhgc3,138,774.8284491247382,1852.8928294053037
4409,Pcdhgc3,138,775.8072503025179,1837.455131095313
4410,Tmbim6,230,777.8638513509875,1852.834308607303
4411,Mdh2,85,781.3944871408713,1777.0581860603438
4412,Mdh2,85,782.6672864935167,1869.7332838551872
4413,Tmbim6,230,791.9638994406297,1850.581732205646
4414,Mdh2,85,794.8420477344634,1846.6884455490865
4415,Pcdhgc3,138,795.5402388775942,1788.3352711815228
4416,Sae1,199,801.369514894375,1893.8282105770047
4417,Mdh2,85,802.8083905211126,1817.314896950218
4418,Nucb1,131,821.746678927453,1866.22012439434
4419,Sae1,199,838.553020081072,1783.9771973714385
4420,Mdh2,85,843.2903057249248,1949.152447966064
4421,Mdh2,85,845.2450804524868,1798.476449548823
4422,Mdh2,85,848.4073784415962,1970.0035651972023
4423,Sae1,199,855.3672967369412,1977.7715647126115
4424,Tmbim6,230,862.3151119001499,1927.174272583456
4425,Skp1a,207,862.6554012587694,1961.4986179874293
4426,Nucb1,131,862.7910717992733,1942.8922198231855
4427,Mdh2,85,863.8968188730026,1784.718958449586
4428,Tmbim6,230,865.1756419651642,1944.0849353806989
4429,Nucb1,131,867.1225813026715,1868.278765684541
4430,Sae1,199,876.4862409623328,1797.728600466272
4431,Nucb1,131,882.5431824829049,1916.5099760741632
4432,Tmbim6,230,883.8850636151583,1788.9849392085084
4433,Pcdhgc3,138,885.5263176676159,1870.0909279261668
4434,Pcdhgc3,138,896.5147211049857,1886.7135256627564
4435,Vim,261,903.881688712427,1794.7972117112631
4436,Sae1,199,904.1795723203476,1795.276071748127
4437,Mdh2,85,908.453501750334,1853.916131325113
4438,Mdh2,85,909.7542655654918,1803.761392530864
4439,Nucb1,131,915.5872442587176,1928.591481725091
4440,Tmbim6,230,922.2156011881272,1858.9316757892943
4441,Tmbim6,230,926.3719586837358,1884.4408933794864
4442,Tmbim6,230,928.9740535791004,1893.4586353372883
4443,Pcdhgc3,138,931.1153787550486,1794.9623385527088
4444,Sae1,199,933.0616512339642,1800.695046324672
4445,Tmbim6,230,934.0458482166448,1855.5242940574328
4446,Pcdhgc3,138,941.3101074660966,1950.646779890328
4447,Pcdhgc3,138,945.447758587341,1906.9797407632195
4448,Pcdhgc3,138,967.1470774068592,1830.3547360050131
4449,Mdh2,85,971.7999248917378,1863.9765534282176
4450,Pcdhgc3,138,971.732202071682,1801.554387291972
4451,Loxl1,78,975.5611236340278,1909.1195198766025
4452,Pcdhgc3,138,980.7794932860944,1937.1217877263048
4453,Sae1,199,985.7756316522856,1869.6035847278424
4454,Nucb1,131,988.189052004124,1850.0184709281768
4455,Tmbim6,230,988.583974936646,1853.8089271284225
4456,Mdh2,85,988.8757052100672,1893.2344985251816
4457,Mdh2,85,989.875231825918,1806.5966373633703
4458,Tmbim6,230,993.0207570141238,1890.0437232746124
4459,Loxl1,78,997.3439833480284,1806.1322582849648
4460,Pcdhgc3,138,997.329857232985,1885.83412703328
4461,Pcdhgc3,138,1001.6416472591412,1885.4963784187644
4462,Sae1,199,1003.4308034316382,1817.3431652682937
4463,Pcdhgc3,138,1004.5098479231202,1822.064863548072
4464,Tmbim6,230,1016.7981472967264,1895.172919700956
4465,Pcdhgc3,138,1017.6265430302096,1828.126595528124
4466,Skp1a,207,1021.577180341562,1865.826630563727
4467,Sae1,199,1022.7527552115232,1882.6639402033531
4468,Nucb1,131,1027.486866473438,1834.983368691459
4469,Nucb1,131,1030.81676642779,1871.9638503434492
4470,Loxl1,78,1037.538853978419,1843.0965947091304
4471,Mdh2,85,1048.355064136323,1870.9598599418368
4472,Nucb1,131,1049.3245842484475,1834.8465272343008
4473,Mdh2,85,1059.5256566282735,1897.3603281569965
4474,Tmbim6,230,1083.732630033828,1934.23854957817
4475,Loxl1,78,1090.6966071046952,1920.6815006027305
4476,Sae1,199,1094.9502536347125,1875.7832367327687
4477,Mdh2,85,1098.3546429561984,1901.9126059484008
4478,Mdh2,85,1102.2398494179731,1909.49980161227
4479,Mdh2,85,1109.5023608290594,1866.6957399634896
4480,Skp1a,207,1110.628239966584,1901.2343842467624
4481,Mdh2,85,1114.9863695075708,1950.5849241292
4482,Loxl1,78,1120.5482036610165,1954.213084544156
4483,Mdh2,85,1123.827206239143,1915.490787991133
4484,Mdh2,85,1129.00745464415,1896.413870702499
4485,Sae1,199,1134.281283624593,1886.075427240278
4486,Mdh2,85,1145.8308472720632,1906.265499706736
4487,Mdh2,85,1147.299524041935,1887.2759308044365
4488,Mdh2,85,1161.586881947991,1902.7168193166465
4489,Fkbp9,46,618.7041522247831,1769.9778570626138
4490,Myh9,118,627.0717063368244,1765.8941028823774
4491,Thy1,228,637.9143668863193,1796.2118967653482
4492,Myh9,118,640.3387587298457,1787.9213248919573
4493,Ssr2,217,668.1767522560718,1793.5511417902856
4494,Lrrc59,79,671.2325983029184,1790.737215783386
4495,Myh9,118,675.6198153838216,1782.8247410102522
4496,Ssr2,217,684.9875001911903,1793.451650500264
4497,Mrps18b,106,686.5189517869954,1821.0621654123356
4498,Lrrc59,79,692.7129905911393,1844.4850287127365
4499,Vim,261,695.2453771280557,1822.815290884412
4500,Ptgs1,169,698.4600148890801,1821.6092480170616
4501,Ptgs1,169,698.3525945141992,1778.491533965845
4502,Thy1,228,701.159205508047,1790.4242778506557
4503,Thy1,228,702.481746003301,1788.1829547713494
4504,Ptgs1,169,703.2756144479631,1801.4448177148536
4505,Ssr2,217,703.3733207575518,1834.5529891599977
4506,Myh9,118,713.6985830047419,1854.69269438828
4507,Lrrc59,79,714.4959479879913,1857.6604687886745
4508,Thy1,228,716.9521130769335,1800.5161745237806
4509,Rps6ka3,193,738.675692936874,1889.3038344115616
4510,Myh9,118,739.317193303994,1864.794280620682
4511,Lrrc59,79,744.9098167834981,1824.5945950166283
4512,Lrrc59,79,749.2107385265349,1858.3842577839528
4513,Ptgs1,169,751.5887666086262,1812.849971775718
4514,Lrrc59,79,751.5080100053837,1807.789540578228
4515,Mrps18b,106,760.5520916976759,1851.6873068745645
4516,Lrrc59,79,764.6797893696748,1884.069530599306
4517,Ptgs1,169,767.3394952643991,1854.1658703677365
4518,Ssr2,217,770.8641790464269,1819.8606751355671
4519,Myh9,118,770.5946323668749,1814.6756568674036
4520,Myh9,118,772.1032052463167,1790.0299630147565
4521,Fkbp9,46,775.2605225727793,1856.9762656642392
4522,Fus,47,781.6993412943513,1775.743042360754
4523,Mrps18b,106,780.3736194940464,1875.6437243514547
4524,Lrrc59,79,782.2003042038739,1842.6227921028249
4525,Lrrc59,79,783.2737751089355,1778.13878617817
4526,Fkbp9,46,784.55072165436,1780.9227169905355
4527,Fkbp9,46,788.1547476218942,1890.7809497996927
4528,Fkbp9,46,796.0629257541493,1813.90961237342
4529,Lrrc59,79,800.2974375911032,1860.8597212170944
4530,Ssr2,217,810.6104047075065,1835.869086378268
4531,Ssr2,217,812.5212730370622,1804.0920273726103
4532,Fkbp9,46,812.6813053142325,1906.170268208684
4533,Fkbp9,46,814.6950280898276,1926.0639064535544
4534,Ptgs1,169,820.4320297477962,1892.6431350527
4535,Lrrc59,79,820.9085951531595,1801.7196310397048
4536,Myh9,118,823.9096869952783,1965.352842003875
4537,Lrrc59,79,829.4920915101145,1918.823695353415
4538,Fkbp9,46,835.400906895018,1817.58818578849
4539,Myh9,118,839.6586573716485,1881.320507431936
4540,Thy1,228,843.6602763851964,1776.3925166309043
4541,Myh9,118,846.0874019597431,1954.1213281742143
4542,Mrps18b,106,853.875745486116,1830.6713532739525
4543,Mrps18b,106,857.7762293210227,1900.8051872500776
4544,Lrrc59,79,864.0074145621658,1952.446010211363
4545,Lrrc59,79,864.496304645455,1928.4731029377197
4546,Ptgs1,169,865.6443192423914,1839.8634097010904
4547,Mrps18b,106,869.6631540530611,1783.486707750184
4548,Lrrc59,79,873.1107892015116,1802.1496889777425
4549,Ssr2,217,874.9149194284503,1957.5205367171964
4550,Myh9,118,876.4915224293748,1904.1182364482324
4551,Fkbp9,46,878.7515339978465,1913.681660036379
4552,Myh9,118,879.8237394339513,1780.0437226092797
4553,Thy1,228,880.5116711759098,1924.2669724672985
4554,Fkbp9,46,899.0940349522276,1909.37383589998
4555,Ptgs1,169,901.5452528928558,1801.6311595450247
4556,Lrrc59,79,902.1613424668952,1937.9131957832972
4557,Thy1,228,902.8946986849952,1793.7460667741354
4558,Myh9,118,904.3166814869778,1815.444228690098
4559,Myh9,118,904.7885151643015,1802.7520276090977
4560,Ssr2,217,908.0553966134014,1790.0077216680174
4561,Thy1,228,911.5484816599644,1936.0442367639191
4562,Myh9,118,914.4932445980876,1841.6859091250924
4563,Ptgs1,169,916.5278162729333,1895.205892181477
4564,Lrrc59,79,916.6031399979004,1937.391398299125
4565,Lrrc59,79,929.0329307757196,1950.772259306794
4566,Lrrc59,79,933.1591310825544,1805.4160732218843
4567,Fkbp9,46,934.49336364334,1922.0194145531827
4568,Myh9,118,936.549500383486,1859.4221465869607
4569,Myh9,118,939.8038791631736,1888.2823835472984
4570,Thy1,228,939.2937087375774,1946.027163267543
4571,Lrrc59,79,943.7196466089364,1866.5707449097408
4572,Lrrc59,79,952.599779073947,1858.5464210050127
4573,Lrrc59,79,955.110915632662,1920.539770916534
4574,Myh9,118,957.2691623423364,1896.7281077555504
4575,Mrps18b,106,957.5370633904814,1806.726764815418
4576,Thy1,228,960.570295469528,1830.6117767523283
4577,Lrrc59,79,965.5371770456612,1843.3897300605197
4578,Fkbp9,46,965.8739772260276,1896.1302656719863
4579,Lrrc59,79,968.527347558694,1874.2090914851788
4580,Lrrc59,79,975.3863817185032,1820.795234839229
4581,Myh9,118,989.1389235646872,1817.263115066819
4582,Thy1,228,989.4686620194628,1849.2325647763269
4583,Thy1,228,994.5778434878448,1834.616910923584
4584,Myh9,118,1005.5414134081886,1816.5345085702256
4585,Fkbp9,46,1007.6522543895078,1923.499274724331
4586,Ptgs1,169,1007.5575752302182,1893.3288510547832
4587,Ssr2,217,1011.126337276054,1881.100964372048
4588,Ssr2,217,1012.17937427889,1849.2873488133096
4589,Ssr2,217,1012.6060206925638,1831.6143990551004
4590,Ptgs1,169,1021.8008755452688,1915.4368880485508
4591,Lrrc59,79,1026.4416176480124,1926.3137222227765
4592,Thy1,228,1026.6031546858185,1816.72642562996
4593,Rpl15,186,1029.410131040024,1866.796539981728
4594,Lrrc59,79,1037.627977512156,1847.9278585542856
4595,Fkbp9,46,1041.489386355512,1888.06601574345
4596,Lrrc59,79,1042.8405726739738,1839.95260280154
4597,Thy1,228,1044.360893629188,1915.527613401695
4598,Lrrc59,79,1048.3478014223972,1832.3359153619797
4599,Lrrc59,79,1052.7127797686244,1852.1872378925052
4600,Thy1,228,1056.9893428660523,1840.4830275904053
4601,Myh9,118,1058.8676643665283,1877.630362990092
4602,Lrrc59,79,1063.8850859280624,1918.67768649926
4603,Thy1,228,1068.6974704529782,1875.5834637643095
4604,Mrps18b,106,1084.054959902653,1924.9671104637848
4605,Mrps18b,106,1086.2414418440965,1904.4686546318528
4606,Ptgs1,169,1086.587751748984,1881.1327536105389
4607,Thy1,228,1086.477493675104,1936.0234142500567
4608,Lrrc59,79,1096.7830856065038,1932.844756010948
4609,Lrrc59,79,1110.4336054094792,1934.0120474863952
4610,Ptgs1,169,1109.7503308866308,1909.938576206568
4611,Thy1,228,1126.1392306134542,1925.135438520767
4612,Myh9,118,1138.359065510081,1918.1425343795013
4613,Mrps18b,106,1143.25859319629,1921.870902321256
4614,Lrrc59,79,1146.30304776203,1952.806065136432
4615,Mrps18b,106,1154.0479039778452,1942.919475255094
4616,Myh9,118,1166.0785745480612,1934.8234098851665
4617,Myh9,118,1166.586049689248,1946.85047720446
4618,Mrps18b,106,1167.8144548065238,1906.8552826729556
4619,Nap1l1,120,642.7902107883782,1770.4340210137489
4620,H1f0,55,647.4811982573434,1788.7245227960327
4621,Uqcrc1,256,648.1283663984761,1782.5405989956698
4622,Nap1l1,120,657.8758200581034,1807.818151628248
4623,Uqcrc1,256,658.2181453425871,1772.2354744019628
4624,G3bp1,49,662.6731714399754,1775.6880365693698
4625,Polr2m,149,670.9051107841641,1769.684335264934
4626,Nap1l1,120,680.4137584420727,1786.248296010264
4627,H1f0,55,687.8941405187328,1764.2927950136282
4628,Vim,261,689.5096209944174,1789.8306719432244
4629,Nap1l1,120,704.037862408711,1848.867674082128
4630,G3bp1,49,708.4961575653869,1785.2150213383622
4631,Gsto1,54,724.5388030932804,1873.839461368249
4632,Gsto1,54,741.6384653721861,1799.796773975114
4633,Gsto1,54,741.9359923842585,1848.6841879366543
4634,Gsto1,54,744.6328537413601,1778.8785251985232
4635,Gsto1,54,747.4664368493827,1783.2719041761563
4636,H1f0,55,749.0556426383318,1894.215790629148
4637,Gsto1,54,750.4711620276715,1849.2758883670567
4638,Uqcrc1,256,750.825377176549,1771.2818038869095
4639,Gsto1,54,754.1691751810602,1782.6878922813517
4640,Nap1l1,120,756.5649594680201,1799.510552933377
4641,Gsto1,54,757.7821955837211,1777.9341832291657
4642,Gsto1,54,764.3205565935286,1793.455014342144
4643,G3bp1,49,767.3107990805767,1883.1782778670256
4644,H1f0,55,771.9112700998,1856.65923420515
4645,Polr2m,149,778.5657409653367,1861.9581748573228
4646,Uqcrc1,256,781.0279365387634,1852.6325856841063
4647,G3bp1,49,783.0992595591625,1784.3683235154335
4648,Polr2m,149,786.7917032622945,1813.9001755801444
4649,Vim,261,792.4241170097844,1830.306544034525
4650,Nap1l1,120,802.2109426261796,1901.09678914688
4651,Gsto1,54,807.4963041464241,1808.3510897367744
4652,H1f0,55,808.7258803105515,1789.3442562774978
4653,H1f0,55,811.8565943043343,1862.0719840000547
4654,Vim,261,819.1330548527858,1804.0599545284936
4655,Nap1l1,120,824.7274986109895,1927.9073207896467
4656,Gsto1,54,829.7415011767919,1786.799953664212
4657,H1f0,55,829.8420275327265,1935.482060320024
4658,Uqcrc1,256,833.0450452042784,1945.7292888838824
4659,G3bp1,49,848.5457645764599,1942.6243084432456
4660,Polr2m,149,848.5690228817173,1875.073430085339
4661,Polr2m,149,851.2282991509621,1953.6604992203115
4662,Uqcrc1,256,853.1719398481576,1898.6975262108367
4663,G3bp1,49,856.5726411970758,1917.384990106168
4664,G3bp1,49,859.0619142695615,1847.2475252557028
4665,Nap1l1,120,859.7155681380236,1893.6962663585325
4666,Uqcrc1,256,865.3909280267392,1906.699640884014
4667,Polr2m,149,865.8233424267066,1968.1443920219
4668,Nap1l1,120,874.7590077721261,1802.9078373632483
4669,H1f0,55,877.4114849847631,1961.1457579383975
4670,Uqcrc1,256,878.4565040720089,1959.7702925454491
4671,Gsto1,54,887.9349626430902,1962.861014315085
4672,H1f0,55,890.7702344642587,1795.926127898112
4673,Gsto1,54,894.7336398870625,1950.8026469015424
4674,Polr2m,149,900.983082831014,1789.459489418475
4675,Uqcrc1,256,903.0585089916937,1874.538621055049
4676,G3bp1,49,906.8511255265124,1807.1335260018425
4677,H1f0,55,916.1459048399132,1929.1286761995475
4678,G3bp1,49,921.4628494815832,1931.0269029987228
4679,Gsto1,54,927.053634090821,1867.0267610777787
4680,Gsto1,54,933.7927509292203,1952.206877686966
4681,Polr2m,149,944.5132784718976,1855.5021688704896
4682,H1f0,55,949.9763835515504,1888.9937956340773
4683,G3bp1,49,968.4659354851532,1841.1692198804265
4684,Polr2m,149,973.5292740619554,1843.5741553012708
4685,Gsto1,54,980.9319404066962,1832.719700213332
4686,Polr2m,149,1011.0992005253572,1896.8382752216403
4687,Uqcrc1,256,1013.4009169083027,1812.58589385305
4688,Gsto1,54,1014.3151228517268,1868.3593987777367
4689,G3bp1,49,1015.7084505264992,1886.4452960072133
4690,H1f0,55,1021.4332219570932,1862.4257475945276
4691,H1f0,55,1037.9105875873138,1852.671760413814
4692,G3bp1,49,1048.610710869773,1924.2742505657195
4693,Gsto1,54,1055.0505554462648,1854.910790066462
4694,Gsto1,54,1057.7527037137784,1869.455972860712
4695,H1f0,55,1067.214849567278,1879.832938512808
4696,Gsto1,54,1070.5642350903822,1877.1910020470827
4697,Vim,261,1080.116103774947,1851.5096103588548
4698,Trp53,242,1078.2492378222682,1852.5627435474555
4699,H1f0,55,1087.3448286168127,1848.362132942705
4700,Gsto1,54,1096.859214561142,1927.51931834011
4701,G3bp1,49,1098.0229248133232,1885.32516198362
4702,Nap1l1,120,1100.332814781406,1905.3295612091083
4703,Gsto1,54,1105.0400403912377,1891.4811633691031
4704,H1f0,55,1108.87027378552,1908.9331594299176
4705,Polr2m,149,1115.020517285352,1911.420354776036
4706,Nap1l1,120,1135.6370093529688,1922.2784991267736
4707,Uqcrc1,256,1148.276851729984,1939.4254482742065
4708,H1f0,55,1152.6100390066538,1935.1029964203744
4709,Polr2m,149,1157.474907180599,1891.677753218445
4710,G3bp1,49,1159.1040533049134,1940.663843921232
4711,Gsto1,54,1168.5738105456903,1915.739878924418
4712,Hnrnpul1,60,777.7863337074411,1803.4465713833035
4713,Mrpl37,99,805.174548808775,1882.3582646578532
4714,Hnrnpul1,60,836.4219285023422,1948.3760571763837
4715,Mrpl37,99,845.2140491984301,1895.409849453035
4716,Hnrnpul1,60,848.0026066723638,1778.832046799519
4717,Hnrnpul1,60,871.0488306368585,1959.9893768094612
4718,Hnrnpul1,60,887.0235146662781,1957.7003413130224
4719,Hnrnpul1,60,901.8344723076816,1802.5493808031747
4720,Hnrnpul1,60,908.3659271754112,1794.990302239103
4721,Hnrnpul1,60,919.1566709982663,1867.35750314278
4722,Mrpl37,99,928.7285142118436,1939.526866600369
4723,Mrpl37,99,929.2587592912786,1912.516369575234
4724,Hnrnpul1,60,943.1939293237544,1822.457116880804
4725,Hnrnpul1,60,969.7933544301889,1864.0979480969472
4726,Hnrnpul1,60,991.7116081165228,1925.9973907756996
4727,Mrpl37,99,1023.679218291829,1814.7413468176449
4728,Mrpl37,99,1029.5919368298817,1841.281814080945
4729,Hnrnpul1,60,1055.6385832582573,1910.7638968637173
4730,Hnrnpul1,60,1066.4185780315302,1857.3467367714563
4731,Hnrnpul1,60,1078.8538201049832,1875.5052811290095
4732,Mrpl37,99,1090.855427086207,1862.829817297596
4733,Hnrnpul1,60,1093.8509915778566,1866.6462960883748
4734,Hnrnpul1,60,1099.0734924708004,1913.2041793189276
4735,Mrpl37,99,1102.5500915032137,1931.114807974122
4736,Hnrnpul1,60,1122.5115497955908,1877.3845009348988
4737,Hnrnpul1,60,1134.6812298588577,1877.3998412311075
4738,Hnrnpul1,60,1136.8259816603588,1881.0195056920988
4739,Hnrnpul1,60,1138.2115204393722,1952.627119401515
4740,Hnrnpul1,60,1138.146092532333,1886.9612277337355
4741,Hnrnpul1,60,1139.1278206152951,1964.1878206525391
4742,Hnrnpul1,60,1149.1656912649253,1916.5899947212931
4743,Hnrnpul1,60,1161.1457998171936,1918.4109139737127
4744,Hnrnpul1,60,1166.406480277898,1901.3923542994944
4745,Psmd4,164,630.0005952300397,1789.9297558249182
4746,Sf3b2,205,659.7546370573093,1784.2584123418917
4747,Mrpl17,95,670.2415467321138,1765.2531320732276
4748,Psmd4,164,683.6950561925025,1770.613286811384
4749,Sf3b2,205,695.3379052835876,1808.017794943639
4750,Mrpl17,95,708.0358478632703,1797.3995016682702
4751,Sf3b2,205,713.2704830215067,1858.5404279555207
4752,Sf3b2,205,729.4135842077894,1887.6535793967787
4753,Sf3b2,205,732.439235666031,1787.3378746596186
4754,Psmd4,164,734.2656668872959,1773.4928611360829
4755,Psmd4,164,793.8667737282069,1840.196873778817
4756,Sf3b2,205,799.3856560106801,1885.8803836535144
4757,Sf3b2,205,824.1965240262485,1776.092346144227
4758,Sf3b2,205,837.1843184667335,1968.5435858526475
4759,Sf3b2,205,853.754490032248,1935.975489382329
4760,Psmd4,164,867.6218445973193,1917.1654020724957
4761,Sf3b2,205,873.870848853146,1954.466082107861
4762,Sf3b2,205,882.7121228911482,1963.9272136162992
4763,Sf3b2,205,888.6597686263028,1791.694147300125
4764,Psmd4,164,889.8354735287264,1970.572345023687
4765,Psmd4,164,911.7006875165328,1844.1884555423076
4766,Mrpl17,95,922.3219791364212,1945.3606687964464
4767,Psmd4,164,922.2766341486338,1939.4812446426247
4768,Sf3b2,205,942.1122867848936,1941.362133034002
4769,Sf3b2,205,946.9529247437416,1916.5231034243016
4770,Mrpl17,95,948.4056017725172,1925.471081894676
4771,Sf3b2,205,951.320483263336,1870.484484014661
4772,Psmd4,164,999.9199884741258,1922.5307636154937
4773,Sf3b2,205,1003.796082711886,1812.503632168899
4774,Sf3b2,205,1037.740056009185,1869.1755981132449
4775,Sf3b2,205,1046.9905336944375,1883.0295767886853
4776,Psmd4,164,1073.3783090077718,1869.4575325841345
4777,Sf3b2,205,1092.4756612532624,1866.439427615184
4778,Sf3b2,205,1099.7439658540975,1933.205929326446
4779,Mrpl17,95,1107.4797397573027,1949.5052096065656
4780,Psmd4,164,1117.6104149706723,1869.216206449626
4781,Sf3b2,205,1124.539458430114,1950.5357547760727
4782,Sf3b2,205,1128.9503367801617,1928.823869469623
4783,Sf3b2,205,1130.1966594568491,1941.7485729268649
4784,Sf3b2,205,1129.5650155410035,1898.4216204097115
4785,Sf3b2,205,1133.5098091226744,1906.4145257211444
4786,Sf3b2,205,1140.1587099035123,1898.473683867918
4787,Sf3b2,205,1155.703019489706,1955.3881735936147
4788,Mrpl17,95,1159.8797775980029,1936.5199501153895
4789,Sf3b2,205,1163.718804877701,1944.3532104357248
4790,Sf3b2,205,1168.494720019985,1913.3673407678311
4791,Sf3b2,205,1169.7864693464005,1944.3763963367496
4792,Plk2,147,867.2024846474363,1820.0413279881827
4793,Plk2,147,1123.2295750787123,1921.7431534073744
4794,Mrpl28,97,736.866762272296,1881.7939335159788
4795,Xdh,262,758.3318018849081,1881.618647878828
4796,Mrpl28,97,768.8990746950376,1799.2770989182736
4797,Mrpl28,97,836.5904722405859,1964.604948138804
4798,Mrpl28,97,844.9317150709098,1958.8129011029955
4799,Xdh,262,851.4237117934929,1920.85189864066
4800,Xdh,262,859.4179944953337,1936.7724655342136
4801,Xdh,262,860.5057199559988,1811.296550878016
4802,Mrpl28,97,904.6896772038,1817.5171282640192
4803,Mrpl28,97,930.7331133256044,1951.4577385670032
4804,Xdh,262,980.5036536500164,1817.8685411091087
4805,Xdh,262,1000.2797480759134,1900.2367672789155
4806,Xdh,262,1017.288635471609,1847.6792364406424
4807,Xdh,262,1048.565906269579,1835.402824959982
4808,Mrpl28,97,1062.906309145371,1892.043702549628
4809,Mrpl28,97,1134.787931586908,1925.475545131862
4810,Vim,261,1141.149405873787,1953.6022147326096
4811,Vim,261,627.8210221661416,1773.840105493671
4812,Vim,261,631.2465896657686,1778.6368522997525
4813,Vim,261,640.3478732441121,1771.2042112204017
4814,Vim,261,642.6251007422079,1761.8502740638148
4815,Vim,261,644.3754465847992,1801.012011041008
4816,Vim,261,644.665919708304,1768.3787501666122
4817,Vim,261,644.8297719916508,1793.3176411953473
4818,Vim,261,646.4147984861023,1802.94288756454
4819,Vim,261,646.9460952763952,1778.2380972066169
4820,Vim,261,650.2423760071331,1781.4820360111448
4821,Vim,261,651.5948261562728,1770.8532457112938
4822,Vim,261,653.4980079972776,1786.098859958703
4823,Vim,261,654.2756683218632,1769.2632553111837
4824,Vim,261,657.6213262934625,1764.777025142239
4825,Vim,261,657.2760217554041,1786.1904599126442
4826,Vim,261,663.8701836612012,1815.1683892341132
4827,Vim,261,664.9437082773175,1800.151175792171
4828,Vim,261,666.4703616780133,1780.4833622010883
4829,Vim,261,666.8954068259468,1777.3188678221077
4830,Vim,261,667.5934904627995,1790.5468578366224
4831,Vim,261,669.7469611182073,1763.384765229598
4832,Vim,261,671.1276050874523,1803.6713863159987
4833,Vim,261,671.5113820801085,1782.9977872450518
4834,Vim,261,674.5650741602642,1822.9399079466132
4835,Vim,261,675.31826279582,1802.5286328167467
4836,Vim,261,676.4099705636909,1779.521383939411
4837,Vim,261,676.5823248238142,1787.116919985002
4838,Vim,261,677.2207955710546,1811.0174464433987
4839,Vim,261,680.8268610925793,1784.417728710975
4840,Vim,261,683.8567944563256,1807.2995666480545
4841,Vim,261,685.8353104180533,1802.33487990744
4842,Vim,261,687.7621266078131,1780.8169410206956
4843,Vim,261,687.5112652818524,1826.600153758112
4844,Vim,261,689.9883698266902,1770.768801158864
4845,Vim,261,692.7485066456377,1800.7019022360682
4846,Vim,261,693.5383645224283,1795.2435513604355
4847,Vim,261,696.3229954221587,1792.7730202621476
4848,Vim,261,699.1535778791267,1808.0474196671744
4849,Vim,261,699.9575002314593,1838.730666722184
4850,Vim,261,702.2157740355741,1834.2187684735716
4851,Vim,261,702.2824392366181,1842.5244258699408
4852,Vim,261,703.4232369989326,1829.636491651096
4853,Vim,261,704.7618110121336,1825.1935758896816
4854,Vim,261,706.4150152775738,1809.6092897878827
4855,Vim,261,707.3835527376327,1818.260235543356
4856,Vim,261,707.7700316470374,1844.3410334212829
4857,Vim,261,707.574110308236,1823.3594826305955
4858,Tnfrsf1a,233,711.5242750152554,1790.871504249934
4859,Vim,261,712.8089771404149,1847.4338793605016
4860,Vim,261,716.3063126357978,1803.8183497158657
4861,Vim,261,716.1259960351358,1852.1797402426575
4862,Vim,261,716.8473665378455,1795.9267694863483
4863,Vim,261,717.5921895744336,1771.5545489861988
4864,Vim,261,719.1053466179078,1801.9541100382569
4865,Vim,261,719.6557666668751,1781.9154112146543
4866,Vim,261,722.285657788955,1798.1078155140622
4867,Vim,261,723.5332840416663,1781.800708488408
4868,Vim,261,725.2468499183611,1824.535144580925
4869,Vim,261,726.5407958644947,1872.8653292630288
4870,Vim,261,726.7207136406716,1792.3384224463896
4871,Vim,261,728.5902859610429,1815.6379945055223
4872,Vim,261,729.4204107096554,1824.4254774358585
4873,Vim,261,729.9126720473371,1855.3186723659612
4874,Vim,261,731.5953135741854,1860.9773741205856
4875,Vim,261,731.7301189480463,1814.6031431496228
4876,Vim,261,731.4336841060008,1794.728480882918
4877,Vim,261,732.8741754892079,1824.983521526804
4878,Vim,261,732.4826037203327,1830.3066679474805
4879,Vim,261,734.1156512249568,1869.4233010797209
4880,Vim,261,733.8584604593161,1877.3358270261765
4881,Vim,261,735.1688854870581,1783.4330095632215
4882,Vim,261,734.959044361845,1788.0028553630398
4883,Vim,261,734.8986389056618,1861.542423215454
4884,Vim,261,736.6036047370746,1791.987285917296
4885,Vim,261,738.5867773030861,1824.370485923068
4886,Vim,261,740.4831564904736,1883.800901317833
4887,Vim,261,741.1954640835289,1855.596379567206
4888,Vim,261,741.4448585020183,1877.0584233145432
4889,Vim,261,740.9645185923738,1800.5017832644412
4890,Vim,261,744.9381812239542,1794.8107255349748
4891,Vim,261,744.4577032483564,1897.647341170796
4892,Vim,261,745.3047627624574,1809.7886058714448
4893,Vim,261,747.9693763210751,1878.475873661888
4894,Vim,261,748.8003000060128,1837.528202617184
4895,Vim,261,748.7100107021301,1863.0532746566485
4896,Vim,261,750.8311047931072,1791.6861592299267
4897,Vim,261,751.0494576638231,1796.3820348472834
4898,Vim,261,751.5912086166554,1779.3584195864896
4899,Vim,261,751.9251951766279,1867.6635460985128
4900,Vim,261,752.1655480360208,1769.0774687550656
4901,Vim,261,752.5667075233938,1837.937929170304
4902,Vim,261,753.808514534003,1824.6818819051423
4903,Vim,261,753.8771377013109,1861.0519326175704
4904,Vim,261,754.0199983080787,1775.749333448411
4905,Vim,261,755.6951276946704,1768.7302755819592
4906,Vim,261,755.1847339968695,1810.184236890704
4907,Vim,261,757.9812878905118,1815.622674412534
4908,Vim,261,758.1272573121523,1781.6802868483485
4909,Vim,261,760.4856738462987,1797.4381217707898
4910,Vim,261,761.2612084106838,1817.8925494216796
4911,Vim,261,762.600414016598,1808.9837477019869
4912,Vim,261,765.0087238012195,1843.0399257396025
4913,Vim,261,764.9720394423564,1872.4469904528023
4914,Vim,261,766.2358667719451,1860.581984951764
4915,Vim,261,766.9731352432798,1811.2399771187524
4916,Vim,261,767.0414181255015,1786.2636879178071
4917,Vim,261,767.0206898276576,1791.7181068755735
4918,Vim,261,766.7495533518584,1838.1086387062933
4919,Vim,261,769.0511088795602,1847.1565093101303
4920,Vim,261,771.2739308467519,1849.9404481308
4921,Vim,261,771.0460752311965,1863.5618373152515
4922,Vim,261,771.2585428365169,1842.984286088021
4923,Vim,261,772.6496967086617,1814.685673467959
4924,Vim,261,772.8544696556506,1839.2400451538988
4925,Vim,261,774.0890472212609,1764.0421121341556
4926,Vim,261,774.4904611244745,1822.4874490710704
4927,Vim,261,774.6777491380348,1833.2219281870607
4928,Vim,261,776.4143891822126,1818.448510754859
4929,Vim,261,777.4092989412345,1857.334092328889
4930,Vim,261,778.1003112804707,1895.7606988774328
4931,Vim,261,779.580420460721,1802.6823408092405
4932,Vim,261,779.5447017315657,1827.9272259354927
4933,Vim,261,779.6285892798633,1776.902079000608
4934,Vim,261,780.5926191287746,1860.8890061553395
4935,Vim,261,781.2376794730054,1885.539602117696
4936,Vim,261,783.1306524666053,1825.715891650708
4937,Vim,261,782.6322741680466,1801.9734152526748
4938,Vim,261,784.1189293560117,1845.7267670860936
4939,Vim,261,786.497048714413,1820.5750493145515
4940,Vim,261,786.9857816352103,1792.136948395028
4941,Vim,261,787.2412822716933,1835.786256792467
4942,Vim,261,787.534320304925,1857.5702842621663
4943,Vim,261,791.0886007712065,1899.2658409979028
4944,Vim,261,799.5538178933504,1820.8363973561536
4945,Vim,261,802.1987724527767,1864.6131215649236
4946,Vim,261,802.8286407715937,1928.6251763832392
4947,Vim,261,802.577010083441,1895.0520139686791
4948,Vim,261,802.6701128387804,1871.978509169204
4949,Vim,261,803.6982277165226,1915.204852059676
4950,Vim,261,803.4201722224723,1816.3493346842504
4951,Vim,261,808.2834415337724,1816.699466492472
4952,Vim,261,810.1831484421984,1916.92818180816
4953,Vim,261,810.7360606520349,1871.7331146834329
4954,Vim,261,814.9808205535815,1792.5670071174795
4955,Vim,261,815.2171662005023,1900.1269703102157
4956,Vim,261,821.8239715184636,1925.811101231713
4957,Vim,261,826.0628802893178,1929.68518985362
4958,Vim,261,826.1806077468435,1819.8755104523768
4959,Vim,261,826.3040305550462,1925.4078835219543
4960,Vim,261,825.5804707070281,1807.1001061791587
4961,Vim,261,826.959986097371,1790.2506980599687
4962,Vim,261,828.3135101718213,1822.4505711411157
4963,Vim,261,831.7528937479822,1877.4883005732404
4964,Vim,261,833.6085162416156,1912.1622785795369
4965,Vim,261,833.7381431824751,1949.438233528856
4966,Vim,261,833.8631940592884,1820.6034278158272
4967,Vim,261,835.6445820742915,1881.0336356557812
4968,Vim,261,836.5809045342057,1922.3652296987448
4969,Vim,261,838.3166539309643,1929.956956783816
4970,Vim,261,838.6223496450036,1958.893953609886
4971,Vim,261,839.7839378556287,1967.4421294379988
4972,Vim,261,842.4955333054011,1779.851083611643
4973,Vim,261,842.2334960160365,1893.4797147164245
4974,Vim,261,843.6635376534086,1803.8165410746203
4975,Vim,261,842.9168413665095,1943.684563087433
4976,Vim,261,844.6944686691793,1894.423038015761
4977,Vim,261,847.3945977618134,1941.3088667342977
4978,Vim,261,848.9427157309285,1886.4771421728008
4979,Vim,261,848.6952524472492,1837.219114079706
4980,Vim,261,850.2103720449093,1777.4803944177577
4981,Vim,261,851.3381486796092,1784.2387865865362
4982,Vim,261,851.9967600789381,1934.6324591554403
4983,Vim,261,852.0706129759329,1937.533204896174
4984,Vim,261,856.8383565228347,1900.157047073881
4985,Vim,261,859.4708127103543,1786.265381627814
4986,Vim,261,858.9977033232323,1949.8455243651952
4987,Vim,261,862.4699874458323,1953.7055800608236
4988,Vim,261,862.7488805647868,1961.807536020812
4989,Vim,261,862.318284740373,1799.2454188325814
4990,Vim,261,864.6435049182827,1938.537430091238
4991,Vim,261,865.3881402277327,1805.033656011085
4992,Slc25a1,208,866.6042244640325,1819.8741422119967
4993,Vim,261,866.1834333065937,1947.7393547821189
4994,Vim,261,869.3616470423232,1943.7381406897289
4995,Vim,261,870.2906472076443,1781.2994546784932
4996,Vim,261,872.0367401202441,1803.5691811135532
4997,Vim,261,872.073908554542,1947.9927589240608
4998,Vim,261,872.7424616890528,1954.7640120709164
4999,Vim,261,873.8813241729522,1800.0259312208657
5000,Vim,261,877.021479914391,1966.3064396441
5001,Vim,261,876.0952183225429,1945.836249247426
5002,Vim,261,877.476273393505,1779.267636622122
5003,Vim,261,878.4461043314055,1796.9920739759443
5004,Vim,261,878.3254697169954,1882.1042260811469
5005,Vim,261,878.9741385436187,1959.4411970429487
5006,Vim,261,879.5715622815193,1866.313681764001
5007,Vim,261,879.3928429839685,1905.3140522533383
5008,Vim,261,885.9214614516968,1971.3128823432376
5009,Vim,261,886.480238542759,1790.755497395725
5010,Vim,261,888.3359119121776,1780.441226893896
5011,Vim,261,891.1145939851372,1953.5807513155105
5012,Vim,261,891.91616296578,1883.8775907759311
5013,Vim,261,892.7891190898035,1904.786985502556
5014,Vim,261,892.0125450976897,1966.7087427940328
5015,Vim,261,892.7748063493664,1850.8555949284853
5016,Vim,261,894.0084643988922,1792.358836095893
5017,Vim,261,895.3459140494339,1890.713128270543
5018,Vim,261,896.7849988696389,1959.3951570232955
5019,Vim,261,897.8077228651142,1812.6209284164197
5020,Vim,261,898.5314285875667,1784.7721132705387
5021,Vim,261,901.2306104412338,1811.9019787708703
5022,Vim,261,901.881350020491,1922.663697073462
5023,Vim,261,903.4321310649872,1957.0302861496737
5024,Vim,261,906.4011245768254,1883.581924884707
5025,Vim,261,910.2433706209176,1959.251505867068
5026,Vim,261,910.2469812349364,1874.4020523098104
5027,Vim,261,910.6604986143828,1916.073783363563
5028,Vim,261,911.3259330696604,1948.686846993949
5029,Vim,261,911.0120746381024,1934.6194086633031
5030,Vim,261,912.1592932829276,1907.2592190996052
5031,Vim,261,919.2305599148588,1931.05387743592
5032,Vim,261,920.4353352164384,1807.4603420921117
5033,Vim,261,922.8874059009422,1803.0762542396296
5034,Vim,261,923.7865586450166,1827.453082888413
5035,Vim,261,923.9350541662149,1871.941126428564
5036,Slc25a1,208,925.088411909128,1844.756912341696
5037,Vim,261,928.6556671747308,1881.183634373576
5038,Vim,261,934.6813223298492,1841.9787674337847
5039,Vim,261,938.8962619572832,1824.0284121812344
5040,Vim,261,941.3082653775676,1806.007131791349
5041,Vim,261,941.9749554175004,1815.9005039894164
5042,Vim,261,943.4643729751648,1913.695397468124
5043,Vim,261,944.9026295790296,1950.1332597547312
5044,Vim,261,947.4194496544152,1809.9142342399975
5045,Vim,261,948.6360025711172,1896.4430540993312
5046,Vim,261,953.5752637229434,1809.3021832251288
5047,Vim,261,954.2521572131226,1886.364035366316
5048,Vim,261,954.9560568369832,1818.8061801294912
5049,Vim,261,957.0863156231308,1920.1047772475044
5050,Tnfrsf1a,233,956.9537169026012,1851.34306919121
5051,Vim,261,957.5957168836578,1886.3237435228943
5052,Vim,261,958.4507892175528,1906.441218077364
5053,Vim,261,958.4684582292264,1941.5416852328688
5054,Vim,261,960.002995990128,1900.7371103103335
5055,Vim,261,960.6136955581233,1812.109555115958
5056,Vim,261,968.1543655086788,1841.202190769128
5057,Vim,261,968.025313762902,1909.897030846826
5058,Vim,261,973.0791030394982,1914.1622671630823
5059,Vim,261,976.7956987861372,1871.6956247086785
5060,Vim,261,977.130305874317,1883.271784925
5061,Vim,261,977.260644378088,1824.627453183436
5062,Vim,261,978.6755428828408,1905.1421719627983
5063,Vim,261,983.322358043873,1891.356549839899
5064,Vim,261,983.175312028752,1916.6038064990676
5065,Vim,261,985.7123821734178,1836.8546053819728
5066,Vim,261,986.7788751117356,1909.602625934631
5067,Vim,261,988.016378842004,1820.9710996875283
5068,Vim,261,991.7365731797784,1885.146348019461
5069,Vim,261,992.2954172431484,1898.5767252930225
5070,Vim,261,992.5926991848572,1831.8537935475197
5071,Vim,261,993.1503322125797,1919.7024578428409
5072,Vim,261,993.4211613011852,1826.8008808425373
5073,Vim,261,994.4799338714064,1853.219591644117
5074,Vim,261,995.0914059700268,1817.768934159899
5075,Vim,261,995.467448219306,1909.0683435212025
5076,Vim,261,996.7029113520924,1828.7043289249707
5077,Vim,261,997.4948292976884,1921.5155012162688
5078,Vim,261,997.864509806663,1900.3926631068068
5079,Vim,261,1000.8864765829052,1808.2042402122556
5080,Vim,261,1002.0318099175364,1811.700153119072
5081,Vim,261,1002.5237935425058,1887.7054840116507
5082,Vim,261,1004.6767554698351,1833.9155681797545
5083,Vim,261,1006.5975720741856,1861.3839037927896
5084,Vim,261,1012.8679788172128,1857.1967728115444
5085,Vim,261,1013.8258022745758,1833.324523977854
5086,Vim,261,1014.7278900980692,1823.202903871771
5087,Vim,261,1015.0876318230188,1900.3509453241863
5088,Vim,261,1017.1029414858674,1844.0829494459176
5089,Vim,261,1018.0116224276871,1854.144665480132
5090,Vim,261,1021.5659529574756,1817.3035388540757
5091,Vim,261,1024.0534190401188,1886.2448454633668
5092,Vim,261,1028.8254105143317,1878.6424089540455
5093,Vim,261,1028.2898796616792,1897.0580830692345
5094,Vim,261,1029.3276070904049,1874.1633801124733
5095,Vim,261,1031.9382942809725,1889.7811961481837
5096,Vim,261,1032.4186022793351,1850.6072835995155
5097,Vim,261,1033.6610313266133,1825.265692105289
5098,Vim,261,1034.8194162365294,1898.2019507400487
5099,Vim,261,1036.6941909979005,1884.827310989201
5100,Vim,261,1037.6364838461732,1912.297730244382
5101,Vim,261,1041.229288691376,1837.222629662372
5102,Vim,261,1042.0439771002198,1866.2420094629836
5103,Vim,261,1042.5505192801968,1923.922005016194
5104,Vim,261,1044.008554653666,1880.9800808003831
5105,Vim,261,1045.7066390147577,1897.4393248583729
5106,Vim,261,1046.633841870388,1910.9511915714324
5107,Vim,261,1051.948016758323,1885.11625801289
5108,Vim,261,1052.0301887693074,1836.49601188393
5109,Vim,261,1052.992322924607,1936.639060334384
5110,Vim,261,1052.7581267369196,1917.8373309675424
5111,Vim,261,1053.0987540731633,1921.349526211823
5112,Vim,261,1053.4098494921936,1874.98337567733
5113,Vim,261,1053.0625178018463,1908.1258720230976
5114,Vim,261,1056.9333466784378,1851.5455305122969
5115,Vim,261,1058.70951606694,1831.4596132623333
5116,Vim,261,1060.8071648266434,1902.3042169827067
5117,Fgf7,43,1062.4178652214057,1877.6058639050195
5118,Vim,261,1062.1300073202497,1881.9390635553216
5119,Vim,261,1062.9887745085314,1840.881469894404
5120,Vim,261,1063.3149528358615,1834.5774980095875
5121,Vim,261,1065.3499473491,1821.8658902360696
5122,Vim,261,1065.354200687244,1916.7949165551936
5123,Tnfrsf1a,233,1067.8519332075073,1864.468934643098
5124,Vim,261,1067.1275727615389,1857.338709693148
5125,Vim,261,1068.0198745608373,1852.994666279259
5126,Vim,261,1069.0587804323447,1870.8609714061952
5127,Vim,261,1068.976216562379,1861.095275166393
5128,Vim,261,1069.6246450547126,1894.853482969505
5129,Vim,261,1073.0448932241866,1925.466824920336
5130,Mta1,113,1075.679093491362,1874.7481987006172
5131,Vim,261,1076.565214229024,1905.956246282074
5132,Vim,261,1078.638138686239,1840.600309191768
5133,Vim,261,1079.0951181914545,1912.684796691086
5134,Vim,261,1079.4260654909444,1845.0224005692355
5135,Vim,261,1079.7711913299315,1903.0508650740549
5136,Vim,261,1080.449969252563,1848.228917388348
5137,Vim,261,1080.9416855572777,1943.4909737097569
5138,Vim,261,1084.2032008735982,1878.3078944655151
5139,Vim,261,1084.482912296144,1943.344785019899
5140,Vim,261,1086.5787400264255,1853.8359585616136
5141,Vim,261,1086.4243547845545,1870.092933810815
5142,Vim,261,1087.195104777783,1935.9784669778787
5143,Vim,261,1088.440157150469,1878.8381988239084
5144,Vim,261,1087.4852836653415,1910.1907195120864
5145,Vim,261,1088.962394275479,1919.4026508517325
5146,Vim,261,1089.169411202223,1858.1977383490091
5147,Vim,261,1091.3965008533494,1914.2103618745427
5148,Vim,261,1092.014455058025,1886.2623236330064
5149,Vim,261,1093.601178840515,1868.4877464526348
5150,Tnfrsf1a,233,1094.5687888787015,1943.3121538903456
5151,Vim,261,1095.4561132908952,1872.6657912813823
5152,Vim,261,1096.26448577733,1926.4847475747424
5153,Vim,261,1096.6683856680215,1914.98528512867
5154,Vim,261,1098.16702109959,1857.585206367999
5155,Vim,261,1099.6424066954507,1885.2685860456872
5156,Vim,261,1100.3784152583376,1872.2402827373423
5157,Vim,261,1100.8368433410997,1879.0308413143648
5158,Vim,261,1101.588882876183,1892.5906326592549
5159,Vim,261,1103.5009918658511,1866.1818590707744
5160,Vim,261,1103.5838198272968,1927.3459228764625
5161,Vim,261,1105.1850404453508,1895.2984252034132
5162,Vim,261,1110.8838340278269,1887.5411421274969
5163,Vim,261,1111.43519171888,1896.8903592859888
5164,Vim,261,1111.870284022977,1889.942841189196
5165,Vim,261,1111.4798401658445,1878.388253914411
5166,Vim,261,1112.1396787894778,1901.3197295956247
5167,Vim,261,1114.0836642011686,1948.4114252340507
5168,Vim,261,1114.8489797501848,1875.1399992276151
5169,Vim,261,1114.897673317663,1951.7720404767545
5170,Vim,261,1117.1409148206235,1897.844855332368
5171,Vim,261,1118.822415649617,1874.4920827888764
5172,Vim,261,1119.5262040195423,1921.5894565814392
5173,Vim,261,1120.0845955617465,1951.8058747606335
5174,Vim,261,1120.2756826593957,1910.4785759272556
5175,Vim,261,1120.8577973120337,1879.6969048946112
5176,Vim,261,1120.9701200057582,1937.8158873945813
5177,Vim,261,1120.972817427319,1899.944972901512
5178,Vim,261,1123.0554847840028,1951.498700346759
5179,Vim,261,1123.7119033904714,1874.6911082493516
5180,Vim,261,1123.5828140303156,1908.56216589142
5181,Vim,261,1124.0643404801735,1946.7943617714243
5182,Vim,261,1124.532595439408,1936.626883869495
5183,Vim,261,1126.7272156396868,1939.453638435902
5184,Vim,261,1126.9433803565717,1953.4728932518387
5185,Vim,261,1126.9087495656274,1914.6611107766632
5186,Vim,261,1128.208151874407,1932.2307000898809
5187,Vim,261,1128.9010875128197,1942.5447264553293
5188,Vim,261,1129.7043017773235,1903.7577213574752
5189,Vim,261,1130.476495684799,1877.7517998616183
5190,Vim,261,1130.314520540935,1922.320525262856
5191,Vim,261,1132.0313579438266,1958.1819778634765
5192,Vim,261,1132.2978645385151,1884.9594734109085
5193,Tnfrsf1a,233,1134.8312810097614,1929.1580055472168
5194,Vim,261,1135.8082570521526,1919.8990204469776
5195,Vim,261,1136.958281400799,1900.541183411835
5196,Vim,261,1136.6894226049692,1892.9153587051828
5197,Vim,261,1138.25573696035,1888.4768204058903
5198,Vim,261,1140.64524798019,1891.232140451628
5199,Vim,261,1141.4283022601016,1944.973435308156
5200,Vim,261,1142.144913382862,1941.6667993930173
5201,Vim,261,1142.7849700498668,1958.331150545864
5202,Vim,261,1147.1615225104088,1934.225942987135
5203,Vim,261,1146.5833895116168,1951.1361468195453
5204,Vim,261,1147.2249860790157,1907.404927312664
5205,Vim,261,1147.8215211168972,1915.0089389074697
5206,Vim,261,1150.362168684051,1946.973061470863
5207,Vim,261,1150.4414352245274,1957.940998488181
5208,Vim,261,1152.363785944463,1909.085934675759
5209,Vim,261,1152.8254281250142,1949.4494221204409
5210,Vim,261,1153.7168820224756,1955.8228956344112
5211,Sec13,204,1153.5711535900232,1938.8561852530931
5212,Maged1,82,1154.7357340318297,1939.4355880800056
5213,Vim,261,1156.829476112233,1934.6204365224971
5214,Vim,261,1156.7493264239772,1898.7355984106628
5215,Vim,261,1158.7020956799838,1928.7894112144493
5216,Vim,261,1159.3974047223223,1940.787132156739
5217,Vim,261,1159.8191118981829,1916.371856887155
5218,Vim,261,1159.75815981455,1950.286379024744
5219,Vim,261,1162.5084556380948,1902.775831338816
5220,Vim,261,1163.9261883471772,1940.8079330616133
5221,Vim,261,1166.6468922881531,1901.582829787756
5222,Vim,261,1167.7570968879447,1943.783737325444
5223,Trim28,241,664.1247544561318,1814.80278988487
5224,Trim28,241,707.3727487853606,1771.98855478392
5225,Psma7,161,734.0509866525555,1879.391957069903
5226,Psma7,161,818.6485845183645,1883.528117283251
5227,Psma7,161,909.2421568911884,1960.367579458477
5228,Trim28,241,927.7276601854996,1820.8486657491865
5229,Psma7,161,965.8007695749442,1822.8195951517987
5230,Psma7,161,983.449843018616,1887.697455589256
5231,Psma7,161,1013.0697241786056,1819.6507879154915
5232,Psma7,161,1069.868825946059,1886.9886203160772
5233,Trim28,241,1151.323713576009,1909.693149761193
5234,Twist2,247,650.209378589435,1785.3994564012237
5235,Kars,72,740.7541623175929,1780.5586561049258
5236,Kars,72,747.925461575471,1872.0890286545991
5237,Kars,72,748.8076336112235,1796.3545795096964
5238,Kars,72,749.3779472002944,1807.133183172403
5239,Kars,72,769.7481485652285,1873.1343788937231
5240,Twist2,247,781.1223888492851,1783.5498307229054
5241,Kars,72,794.7147194010722,1822.263741716475
5242,Twist2,247,836.1485465803894,1955.3810419744068
5243,Twist2,247,851.2321953312278,1944.3808306648064
5244,Kars,72,860.5225005580542,1965.5677975566407
5245,Twist2,247,882.9624456965857,1973.4809873378456
5246,Kars,72,884.9099107546599,1946.6530546939791
5247,Kars,72,900.8490866016476,1937.0288044123668
5248,Twist2,247,904.4595822376727,1791.6056145428302
5249,Twist2,247,990.8506940259538,1822.4164550328935
5250,Twist2,247,999.4088878056896,1825.7943441791565
5251,Kars,72,1024.6102017247113,1824.4829870390588
5252,Twist2,247,1027.8461727415324,1847.29961476672
5253,Kars,72,1028.0504888600722,1839.1566792762528
5254,Kars,72,1070.7667956258945,1870.937281774717
5255,Kars,72,1106.204454527188,1866.923868141438
5256,Kars,72,1119.1099154795506,1928.8477447784744
5257,Twist2,247,1126.7251152113652,1948.6913611674831
5258,Kars,72,1142.4573126735888,1909.275259652702
5259,Kars,72,1159.7388296119716,1949.5634396049868
5260,Kars,72,1169.6353419829402,1936.556237102213
5261,Ly6e,81,638.2899216845658,1761.503848926187
5262,Ly6e,81,662.3175832045134,1768.976395573818
5263,Ly6e,81,676.2942039866607,1815.7983637449167
5264,Clta,15,687.5834727550875,1827.5514570901144
5265,Pdha1,139,693.6833830300814,1803.234763427595
5266,Ly6e,81,708.6635235591384,1777.4096303726658
5267,Psmc2,162,711.8683951863541,1846.2319095643093
5268,Ly6e,81,711.7659482169628,1800.810541172993
5269,Psmc2,162,731.8543645120232,1814.6766936705708
5270,Psmc2,162,738.0779350177909,1810.341681672229
5271,Ly6e,81,750.3159596236749,1790.2812741695511
5272,Pdha1,139,750.9272401531204,1809.0509069495524
5273,Pdha1,139,758.2855682326104,1829.6413984137637
5274,Ly6e,81,760.8322897600765,1818.8449244935168
5275,Ly6e,81,784.5324029389544,1841.0425182143624
5276,Clta,15,789.2418286286737,1864.9294612351623
5277,Ly6e,81,795.0342251538902,1803.742899336276
5278,Pdha1,139,835.360859359617,1935.263924240204
5279,Pdha1,139,843.7612519313188,1782.5008560169365
5280,Psmc2,162,865.4927839110121,1960.050027196476
5281,Ly6e,81,879.1841350680711,1914.3392373790025
5282,Ly6e,81,889.6515963101571,1921.50701973053
5283,Ly6e,81,904.6723709546384,1927.6974295778875
5284,Psmc2,162,904.7762407245442,1883.8813404906984
5285,Ly6e,81,908.0429903169896,1919.9292607109696
5286,Ly6e,81,918.9053429672616,1884.996043107643
5287,Ly6e,81,955.5915889745972,1896.06437652661
5288,Rpl15,186,966.8391532152348,1893.1413266714187
5289,Psmc2,162,990.422222456807,1898.0417723328503
5290,Psmc2,162,991.5992770505012,1920.980707420872
5291,Psmc2,162,1008.6463760212496,1914.7448103345607
5292,Ly6e,81,1014.2145096467444,1877.9856414057624
5293,Pdha1,139,1063.708380350408,1878.49264259882
5294,Psmc2,162,1095.6742101850366,1879.2285739085296
5295,Pdha1,139,1128.892023629429,1928.5233348799884
5296,Psmc2,162,1131.7017559666433,1928.076429969817
5297,Clta,15,1135.376649557584,1907.302531258664
5298,Clta,15,1148.40776433399,1895.477985036796
5299,Clta,15,1165.4598183838052,1948.155269642335
5300,Nudt9,132,856.8490331048381,1815.4209046507517
5301,Csnk2b,23,624.1154964293385,1773.0145604108725
5302,Csnk2b,23,634.7027226442184,1769.0457279647053
5303,Ssr3,218,642.1698628839156,1769.91608810723
5304,Rpl15,186,655.8208471720652,1802.433793297436
5305,Csnk2b,23,659.1252009056898,1802.881479474895
5306,Csnk2b,23,658.7410574720874,1767.576098614783
5307,Ssr3,218,662.8217747719063,1796.4996856033222
5308,Csnk2b,23,676.1076217520242,1802.1348440950296
5309,Csnk2b,23,701.8106994017047,1849.231396383684
5310,Rpl15,186,710.7343457129386,1790.001892151333
5311,Rpl15,186,717.6347410047014,1835.3112770731725
5312,Rpl15,186,722.5619646299876,1792.1891533802354
5313,Rpl15,186,724.747731720787,1865.2572859061208
5314,Rpl15,186,725.1919478594476,1873.4100924799604
5315,Rpl15,186,727.9181198440692,1799.0670250625442
5316,Rpl15,186,729.5796826784797,1861.9768890838263
5317,Rpl15,186,736.1022972540676,1824.5230920632257
5318,Rpl15,186,736.5460242043351,1849.9929006915747
5319,Rpl15,186,737.5998184917079,1794.1761225316443
5320,Rpl15,186,742.0353370332316,1870.6531168628
5321,Rpl15,186,744.6785738998192,1794.336089627734
5322,Rpl15,186,753.8891760096908,1793.5192960687525
5323,Csnk2b,23,758.7306862011346,1773.1066137819755
5324,Ssr3,218,772.454866536706,1816.5377378050407
5325,Rpl15,186,774.4811181703592,1806.448177338466
5326,Ssr3,218,777.1974091395374,1852.698884758159
5327,Rpl15,186,785.2752487492869,1831.1457068840764
5328,Rpl15,186,799.5864951164895,1793.7459398117803
5329,Rpl15,186,803.2067344961619,1775.2325776894338
5330,Csnk2b,23,810.8485438039588,1914.255686523288
5331,Csnk2b,23,829.1237726392294,1938.7956719438312
5332,Rpl15,186,857.2432441304647,1957.0916616894856
5333,Rpl15,186,861.1147078579697,1848.101149406068
5334,Rpl15,186,863.442165328863,1933.5829190517848
5335,Rpl15,186,867.0198350746901,1840.0687633748064
5336,Csnk2b,23,870.197233422147,1847.8102505086852
5337,Rpl15,186,871.08007921608,1796.014527257856
5338,Csnk2b,23,878.0190578864045,1905.0381125878569
5339,Rpl15,186,894.9087156132674,1956.0819786343868
5340,Ssr3,218,897.4768154364097,1851.226814973108
5341,Rpl15,186,897.9146333033126,1811.9673404562848
5342,Rpl15,186,927.6078535007392,1840.3956468246
5343,Rpl15,186,934.1625588783758,1892.8276102014047
5344,Rpl15,186,940.4752036605316,1850.3722810609129
5345,Rpl15,186,949.0287952216364,1890.9288453482172
5346,Rpl15,186,954.1803161370916,1925.7868159211805
5347,Rpl15,186,967.5813295272968,1829.0046872754947
5348,Rpl15,186,976.445315166281,1817.06571977587
5349,Ssr3,218,983.5895397858876,1805.1916298014492
5350,Rpl15,186,991.1892614005473,1825.1875487227408
5351,Rpl15,186,1007.9539918333868,1881.8463972316104
5352,Csnk2b,23,1016.047424757292,1910.930299655709
5353,Rpl15,186,1018.5122191639116,1826.9914686690488
5354,Csnk2b,23,1032.5582613394454,1824.368650065474
5355,Csnk2b,23,1055.6049645261387,1838.4639376278064
5356,Rpl15,186,1062.831959600767,1871.7925210992
5357,Rpl15,186,1097.2262198665765,1864.565218718852
5358,Rpl15,186,1097.9332532064786,1883.403544197969
5359,Rpl15,186,1104.156415959186,1916.2244031859868
5360,Rpl15,186,1105.441375769807,1886.240276358168
5361,Csnk2b,23,1108.1994570274303,1912.9799651703588
5362,Ssr3,218,1109.7416571537117,1886.6152720223129
5363,Csnk2b,23,1111.645123840948,1921.5695355319035
5364,Csnk2b,23,1118.0034678838742,1869.9930196827447
5365,Ssr3,218,1121.872999477223,1879.6456339769695
5366,Rpl15,186,1131.6316271706717,1942.6449633829072
5367,Rpl15,186,1141.874798298525,1905.6885521800573
5368,Rpl15,186,1146.5055779760737,1942.1338528720155
5369,Csnk2b,23,1146.054052406081,1950.755217755644
5370,Rpl15,186,1159.112736403112,1940.767563184253
5371,Rpl15,186,1161.5337924464166,1898.4246430874584
5372,Sec13,204,636.7495686625657,1784.1783962734353
5373,Vdac1,260,641.2004314366158,1777.9876956728283
5374,Vdac1,260,657.194230906397,1785.3609041870443
5375,Sec13,204,680.3824669877007,1792.0407406196516
5376,Vdac1,260,697.8167885461448,1835.944330467714
5377,Sec13,204,735.0437778879043,1807.8209712140588
5378,Sec13,204,736.6888541041557,1810.1954093286704
5379,Sec13,204,742.9212455911467,1775.730076619472
5380,Sec13,204,796.0222205900565,1891.947963868798
5381,Sec13,204,803.8021688077081,1782.156800580991
5382,Fgf7,43,833.3616073962764,1887.6531426578856
5383,Vdac1,260,836.8320159104528,1967.244558849624
5384,Sec13,204,893.7847788670256,1823.127160898036
5385,Sec13,204,897.4412568381595,1964.3311733437508
5386,Vdac1,260,912.1910844439732,1928.8779164088571
5387,Vdac1,260,922.474035286368,1873.5127982202637
5388,Fgf7,43,975.4763141882912,1916.178735071772
5389,Fgf7,43,986.3332896004944,1927.532363344544
5390,Sec13,204,996.0940683606818,1842.696490900164
5391,Fgf7,43,996.7295833715604,1806.063642798326
5392,Vdac1,260,1003.6528681409308,1809.8536395808371
5393,Sec13,204,1020.4364412178396,1869.8536450270808
5394,Sec13,204,1021.9510463396362,1848.4946208015897
5395,Fgf7,43,1038.8120948476237,1892.0296940770884
5396,Sec13,204,1039.1502494730505,1889.4553679389169
5397,Sec13,204,1071.8934775161106,1881.2584254967455
5398,Vdac1,260,1089.0318961458847,1935.759223024592
5399,Vdac1,260,1100.5461441302916,1910.9387950783496
5400,Sec13,204,1118.801719420681,1932.8286040618796
5401,Fgf7,43,1124.9568248317123,1928.4806891859987
5402,Sec13,204,1141.8111539122492,1899.32292861408
5403,Fus,47,626.9026459018799,1787.3469668264388
5404,Fus,47,654.7415835399872,1770.213086854372
5405,Fus,47,661.320455305781,1812.4062298738693
5406,Fus,47,692.9741374628234,1830.7343586546967
5407,Ywhaq,267,693.8770241522086,1780.459325815876
5408,Fus,47,703.5127358060467,1779.6084199978568
5409,Fus,47,707.3096756116287,1824.8604811339635
5410,Ywhaq,267,711.2611255235263,1771.6684737389935
5411,Ywhaq,267,727.7549211351946,1807.2631693450887
5412,Fus,47,741.7935849140066,1896.18105556464
5413,Fus,47,747.8994361917366,1885.6561833229332
5414,Fus,47,758.7711222899612,1884.5939943697545
5415,Mrpl12,92,764.6789672392657,1812.9797085625896
5416,Ywhaq,267,787.7150151223734,1897.660173066888
5417,Ywhaq,267,795.7529695508338,1787.62605660814
5418,Fus,47,798.8492732189893,1888.679450563629
5419,Fus,47,817.8938881113118,1908.7526332234936
5420,Ywhaq,267,818.7462850255955,1932.2938496336549
5421,Fus,47,819.888859227774,1868.603738589209
5422,Fus,47,820.8269435883258,1804.703880486038
5423,Fus,47,825.2580250211818,1813.2867589818843
5424,Fus,47,826.552089405013,1897.482021743096
5425,Fus,47,831.7042012518906,1933.1135684394123
5426,Mrpl12,92,831.1806890126129,1968.632382456876
5427,Fus,47,833.7824263012674,1958.4578686468576
5428,Fus,47,835.1647124554802,1776.5161836838147
5429,Ybx1,263,839.844383954968,1878.421382774001
5430,Mrpl12,92,859.6267541426065,1780.9382239283068
5431,Ywhaq,267,865.2046623165988,1945.4352375763629
5432,Fus,47,872.5492569169305,1970.7701981407104
5433,Fus,47,876.4879976441831,1979.61799351306
5434,Fus,47,882.0126816920479,1910.5020787536664
5435,Fus,47,885.3400255255275,1869.6448307595117
5436,Fus,47,885.4146161575989,1955.2150048861888
5437,Fus,47,887.3724151628163,1779.6264318888238
5438,Fus,47,889.7747194559354,1806.1810561426248
5439,Ywhaq,267,894.7587919701743,1881.5737992193451
5440,Fus,47,913.9640725147162,1823.122207515189
5441,Mrpl12,92,916.9439219329802,1935.5007790303875
5442,Fus,47,960.2828911405966,1875.3689190031337
5443,Mrpl12,92,975.4926034115776,1842.24586794084
5444,Fus,47,978.5111647452476,1903.8590319947723
5445,Fus,47,979.1128154656616,1830.103371123911
5446,Fus,47,993.3161409276424,1821.110944165384
5447,Fus,47,995.1122742440238,1815.1907072106117
5448,Fus,47,1039.1150263786762,1825.3758079196425
5449,Fus,47,1044.5283565559116,1906.909245073716
5450,Fus,47,1079.5143111698826,1884.1914490622728
5451,Fus,47,1095.6955522854028,1894.536076060496
5452,Ywhaq,267,1095.5296905350342,1882.496285676024
5453,Fus,47,1098.2690377474707,1891.5633703624903
5454,Fus,47,1101.273682783842,1923.846133020412
5455,Fus,47,1109.6568346686713,1902.1256861840543
5456,Fus,47,1111.0980106782672,1936.1422695966703
5457,Fus,47,1112.739017775164,1925.229399001604
5458,Fus,47,1115.4817148778448,1886.6214954935235
5459,Fus,47,1125.3846112806964,1939.952086797628
5460,Fus,47,1129.6353451241744,1891.9001902069929
5461,Fus,47,1166.948130368189,1899.790698386804
5462,Snrnp70,210,657.9564050647184,1802.3763549737023
5463,Snrnp70,210,742.0450215642687,1891.144751425528
5464,Snrnp70,210,749.2358650777982,1896.1400568558715
5465,Grina,53,761.6162278167183,1864.1863111232176
5466,Grina,53,772.9534064300198,1815.41401365811
5467,Grina,53,804.2567390234645,1884.731418895696
5468,Snrnp70,210,810.0685259693996,1912.1628099069055
5469,Snrnp70,210,820.8324675169443,1864.0183864686328
5470,Grina,53,826.4633899274388,1929.2458310661448
5471,Snrnp70,210,844.893085897231,1790.023193618577
5472,Grina,53,844.7152311080919,1918.5884989811304
5473,Snrnp70,210,845.0608042564074,1944.7714899841264
5474,Snrnp70,210,857.3790053956396,1889.3285422894
5475,Grina,53,868.7096226092295,1834.6174340385933
5476,Snrnp70,210,868.877716605803,1798.4256169302653
5477,Grina,53,893.4757375975953,1932.3045143347329
5478,Snrnp70,210,907.2766262402292,1810.816378771289
5479,Snrnp70,210,922.275236383342,1916.1134400091576
5480,Snrnp70,210,947.3844733964504,1873.1563337610503
5481,Grina,53,1001.6712701172688,1922.590962787332
5482,Grina,53,1006.9081113185714,1895.7902806064344
5483,Snrnp70,210,1031.1243376579646,1839.8842246465056
5484,Snrnp70,210,1059.8511028994342,1871.6190483152627
5485,Snrnp70,210,1069.8268362237363,1837.292156761465
5486,Snrnp70,210,1074.675858490922,1888.241816783852
5487,Snrnp70,210,1081.116852523031,1893.405253752876
5488,Snrnp70,210,1151.2187680522875,1931.47824438918
5489,Snrnp70,210,1166.7037007253489,1923.636771026732
5490,Tmed9,231,700.4079776082967,1805.698722399994
5491,Tmed9,231,700.7742110442476,1795.0174047908204
5492,Tmed9,231,747.9684745493473,1842.1392714091169
5493,Tmed9,231,903.8902467562332,1795.479111788598
5494,Stt3a,222,1006.8866139886336,1904.489214622733
5495,Tmed9,231,1035.874993263373,1853.652541471697
5496,Tmed9,231,1039.0687686329975,1823.793712614664
5497,Stt3a,222,1119.264734764613,1946.6981609677227
5498,Tmed9,231,1141.4619217022237,1921.7171585590968
5499,Tmed9,231,1168.281171128935,1912.7509905714044
5500,Rbbp7,181,654.620067053633,1806.810530864078
5501,Rbbp7,181,657.4643729882746,1799.702446030433
5502,Rbbp7,181,659.7529254533613,1765.936248996025
5503,Rbm3,182,678.9766973198705,1782.7317553214184
5504,Rbbp7,181,708.9948804033572,1799.56933516435
5505,Rbbp7,181,770.7845604811539,1800.078157966336
5506,Rbbp7,181,804.06816306877,1824.378858254847
5507,Rbm3,182,853.7466151941633,1797.8991035946533
5508,Rbbp7,181,904.7276505038468,1913.560884076443
5509,Rbbp7,181,908.9697857886774,1959.3573794733115
5510,Rbm3,182,915.7666627525614,1954.382571006552
5511,Rbm3,182,963.171302811427,1822.0922064798876
5512,Rbbp7,181,973.9199475409104,1834.6937305243755
5513,Rbm3,182,1015.905761807224,1899.4075637365088
5514,Rbbp7,181,1064.774159723664,1912.6035720012892
5515,Rbbp7,181,1066.0810828661547,1851.4661337643208
5516,Rbm3,182,1067.6160734905654,1887.017523295234
5517,Rbm3,182,1077.5827840076226,1907.588199896623
5518,Rbm3,182,1078.605303115056,1852.9695551333004
5519,Rbbp7,181,1084.2675432194687,1859.7504265227055
5520,Rbm3,182,1109.419203688338,1918.2224351906336
5521,Rbbp7,181,1116.0382169166664,1892.2791100805152
5522,Rbbp7,181,1127.6754687650027,1952.1054488981376
5523,Rbbp7,181,1134.296535889751,1910.870686793092
5524,Rbbp7,181,1147.54021180265,1947.4184991311604
5525,Rbbp7,181,1149.499869402326,1935.7745346462789
5526,Rbbp7,181,1151.9855242775564,1895.156587464619
5527,Mta1,113,689.2020296949897,1817.2237476087105
5528,Mta1,113,769.7713237346686,1807.56579455227
5529,Mta1,113,864.6743463099195,1954.8441157528837
5530,Mta1,113,1025.9964655015683,1822.829674185206
5531,Mta1,113,1031.8158160285068,1845.4288921590096
5532,Mta1,113,1050.2202472420215,1893.4431662447537
5533,Mta1,113,1068.36493016314,1874.398537244064
5534,Mta1,113,1167.2836655711144,1925.461729438462
5535,Maged1,82,643.8264114004661,1790.32913988767
5536,Maged1,82,674.5536024893636,1816.5478126007024
5537,Maged1,82,677.4749750202532,1775.5536663453995
5538,Maged1,82,706.6118652743197,1853.3875821849767
5539,Maged1,82,712.7277869111998,1855.1907155818756
5540,Maged1,82,720.7000067069288,1857.835370038224
5541,Maged1,82,741.9112616027583,1873.1029399239344
5542,Maged1,82,753.1867398533082,1790.2117515185253
5543,Maged1,82,755.7821595944006,1867.767792799822
5544,Maged1,82,767.8383900164049,1872.60889492522
5545,Maged1,82,785.9798571954477,1817.2265562213388
5546,Maged1,82,788.6622928256184,1863.1473239455856
5547,Maged1,82,793.803398713766,1807.315354010848
5548,Maged1,82,804.5543632136759,1794.1681506685345
5549,Maged1,82,826.9119118686915,1878.1807937873111
5550,Maged1,82,831.6920870302089,1933.6752918839927
5551,Maged1,82,849.6967937254958,1777.0311934789718
5552,Maged1,82,851.1689523513089,1785.8742920986072
5553,Maged1,82,870.9655085898568,1970.632374817521
5554,Maged1,82,880.4714406693996,1973.120223922435
5555,Maged1,82,926.731327347535,1927.705339309463
5556,Maged1,82,971.285491356348,1921.8057527836852
5557,Maged1,82,1001.869328771238,1882.589173902429
5558,Maged1,82,1038.8726366025965,1874.1911161267412
5559,Maged1,82,1071.772532212609,1917.260740519552
5560,Maged1,82,1079.1153783310358,1864.192697303662
5561,Maged1,82,1119.6449848026384,1895.9290501277624
5562,Maged1,82,1141.4281820237445,1884.669178840406
5563,Maged1,82,1154.6153155125576,1906.7553285746287
5564,Fkbp4,44,642.4327576374868,1793.7584559547352
5565,Uba1,250,655.0198116354677,1786.1350837422187
5566,Uba1,250,664.9744572310585,1779.3530619289206
5567,Fkbp4,44,678.7247510257142,1818.412751181516
5568,Uba1,250,688.9269241684665,1834.291026081632
5569,Uba1,250,694.9391719672903,1771.0015769326303
5570,Fkbp4,44,707.6945485838228,1772.0129430903012
5571,Fkbp4,44,714.2830112122267,1797.9183546715494
5572,Fkbp4,44,715.664076961028,1830.9099401767285
5573,Fkbp4,44,716.3437965736837,1827.529392208281
5574,Fkbp4,44,723.1422977834077,1848.342350002528
5575,Fkbp4,44,724.5047134891647,1802.008505252979
5576,Fkbp4,44,728.9651685528859,1856.928541402523
5577,Fkbp4,44,733.1989568174992,1842.2799479464352
5578,Uba1,250,753.2578207271275,1790.0047550187303
5579,Uba1,250,761.2018084738922,1874.877656606304
5580,Fkbp4,44,788.8272972691068,1828.015872007748
5581,Uba1,250,807.9245422075207,1815.771465468648
5582,Fkbp4,44,811.3439893936085,1884.152574999476
5583,Fkbp4,44,848.8955193268334,1933.000900341233
5584,Fkbp4,44,856.892030026773,1894.489938392233
5585,Fkbp4,44,861.4624629022181,1964.58099796348
5586,Uba1,250,863.0002386297898,1953.707370145183
5587,Fkbp4,44,864.1086385780683,1908.9101735784857
5588,Uba1,250,869.23090965245,1943.7815644563
5589,Fkbp4,44,870.6719669318206,1962.4050895981725
5590,Uba1,250,875.8613356745093,1964.6060984492929
5591,Uba1,250,885.902217586462,1961.8252096808133
5592,Fkbp4,44,896.9974125975943,1926.1484096781264
5593,Uba1,250,909.075859653979,1904.459878442521
5594,Uba1,250,916.592199743129,1870.6005795112007
5595,Uba1,250,923.8167488441916,1803.6197069800155
5596,Fkbp4,44,936.5548253762628,1795.3752568206496
5597,Uba1,250,955.1983951744936,1904.480503628385
5598,Uba1,250,988.4508904536729,1891.1936682442931
5599,Fkbp4,44,988.6214843995442,1804.4551391766156
5600,Fkbp4,44,1027.9949232326005,1841.6093129139635
5601,Fkbp4,44,1044.3636164789602,1834.3099211958752
5602,Uba1,250,1045.448763042261,1867.65765199128
5603,Uba1,250,1065.260401410763,1871.3675091507948
5604,Uba1,250,1069.9004700913822,1891.7064492480813
5605,Uba1,250,1091.4349631493228,1867.7613242821735
5606,Fkbp4,44,1095.6166154335997,1864.6540549433796
5607,Fkbp4,44,1116.03623275453,1947.062940621992
5608,Fkbp4,44,1122.6132160971483,1881.6506008432057
5609,Fkbp4,44,1133.5590150381795,1899.01996152376
5610,Uba1,250,1137.4142183634126,1923.238992763528
5611,Uba1,250,1142.182023570032,1913.8056390685176
5612,Fkbp4,44,1146.8857441229643,1913.6920020763728
5613,Fkbp4,44,1157.6432623879414,1899.8984820617184
5614,Uba1,250,1160.4625631149809,1929.5950080512437
5615,Ybx1,263,659.6951228548417,1761.3605114957468
5616,Ybx1,263,676.8927231142178,1826.9110825709272
5617,Ybx1,263,682.7924954778534,1784.6170611492423
5618,Ybx1,263,688.6205205176614,1791.7766717141767
5619,Ybx1,263,690.0625376368688,1766.5275078230295
5620,Ybx1,263,692.4525667666397,1822.1642571291973
5621,Ybx1,263,725.4758521175379,1865.458006846722
5622,Ybx1,263,728.3964232251544,1792.6126747728763
5623,Ybx1,263,728.2885932774193,1828.835922728432
5624,Ybx1,263,730.0112115197545,1851.9444454869715
5625,Ybx1,263,736.5243772250983,1811.19884525386
5626,Ybx1,263,738.4295031664169,1826.645898796492
5627,Ybx1,263,744.1680888666414,1858.884941073736
5628,Ybx1,263,746.8649850983722,1802.6437668010808
5629,Ybx1,263,748.3225823356377,1781.6337496952738
5630,Ybx1,263,749.7411194844992,1838.189844855549
5631,Ybx1,263,753.0300452133907,1822.4022508747528
5632,Ybx1,263,753.3770818244482,1830.7917886307848
5633,Ybx1,263,761.3558240919333,1769.3102434521545
5634,Ybx1,263,761.3292129567409,1800.117221591846
5635,Ybx1,263,764.266973920493,1872.724024921928
5636,Ybx1,263,765.4527156326301,1859.0573026194888
5637,Ybx1,263,786.6048766512259,1797.0907455845372
5638,Ybx1,263,787.8950639818725,1832.6488888545557
5639,Ybx1,263,792.8906430268931,1795.8799653711558
5640,Ybx1,263,797.5754699863683,1878.951165917737
5641,Ybx1,263,797.271745507802,1871.5583425928703
5642,Ybx1,263,797.4384416497005,1806.1913808128747
5643,Ybx1,263,815.8261686618488,1790.397052426639
5644,Ybx1,263,824.5781674015698,1774.1066301634444
5645,Ybx1,263,827.9188948012147,1801.592074204392
5646,Ybx1,263,830.2523082691525,1863.53686252886
5647,Ybx1,263,830.6730041045948,1949.542776859752
5648,Ybx1,263,834.8289941647206,1880.145500994868
5649,Ybx1,263,834.4599069679635,1912.2310517231024
5650,Ybx1,263,838.8821016522602,1808.008013510383
5651,Ybx1,263,844.5990191058831,1948.582312410708
5652,Ybx1,263,847.9138031595055,1782.6950298575698
5653,Ybx1,263,848.7093166628865,1889.6257359045665
5654,Ybx1,263,851.9651389130261,1932.9982169202683
5655,Ybx1,263,853.3342443882885,1957.074219814444
5656,Ybx1,263,856.4890312693261,1880.5931575913985
5657,Ybx1,263,864.939599257001,1899.0741806268484
5658,Ybx1,263,865.3871882132264,1961.6984450463776
5659,Ybx1,263,869.4859525183606,1896.5421715644632
5660,Ybx1,263,870.1483878896677,1954.9952913565369
5661,Ybx1,263,882.9944956835702,1899.543516616936
5662,Ybx1,263,882.7245604547201,1788.4175230521678
5663,Ybx1,263,885.4878983082031,1970.7431952503125
5664,Ybx1,263,891.2445760434186,1969.627335601168
5665,Ybx1,263,899.0136209605369,1864.8187510966516
5666,Ybx1,263,901.5482553118524,1901.636504959448
5667,Ybx1,263,904.3943707274364,1853.8446643414652
5668,Ybx1,263,906.4680846715544,1914.200720354152
5669,Ybx1,263,907.1463656853072,1953.4737999740075
5670,Ybx1,263,916.27103080038,1957.7945071684287
5671,Ybx1,263,918.8877087043832,1849.201684589237
5672,Ybx1,263,924.89218276696,1886.258777816196
5673,Ybx1,263,935.7082827055696,1879.8743166986703
5674,Ybx1,263,947.4325667958988,1939.1637395615776
5675,Ybx1,263,950.7172123925516,1829.5786644594907
5676,Ybx1,263,951.298799372994,1942.7734654465305
5677,Ybx1,263,962.01546812364,1834.6738972216165
5678,Ybx1,263,968.390498464159,1840.430565626432
5679,Ybx1,263,974.1983123995632,1865.6811791304056
5680,Ybx1,263,978.4978460488724,1906.3257541590096
5681,Ybx1,263,992.3505652313346,1831.4568166405325
5682,Ybx1,263,994.4404619925476,1901.0239606395796
5683,Ybx1,263,1003.1440750848276,1832.5475307796949
5684,Ybx1,263,1003.0876055665296,1885.2857052847771
5685,Ybx1,263,1008.3658391967276,1808.7429740846933
5686,Ybx1,263,1012.1213747826354,1821.335481505496
5687,Ybx1,263,1012.833510762022,1805.863058279036
5688,Ybx1,263,1016.410727123378,1832.1307049218417
5689,Ybx1,263,1036.434632174249,1829.3675916400484
5690,Ybx1,263,1042.1147298018343,1835.9646799715283
5691,Ybx1,263,1064.4102425720084,1877.8813308623576
5692,Ybx1,263,1081.113502377721,1913.6764680087983
5693,Ybx1,263,1082.8579174323886,1943.526751640938
5694,Ybx1,263,1082.7970572159056,1846.5335661766292
5695,Ybx1,263,1097.5629434483585,1917.199907542098
5696,Ybx1,263,1108.339265352992,1917.315301411134
5697,Ybx1,263,1116.5455425316077,1883.4348078667424
5698,Ybx1,263,1119.1089971402905,1905.0678971532147
5699,Ybx1,263,1131.384360688416,1954.995685790455
5700,Ybx1,263,1133.4573411646709,1936.6984321125867
5701,Ybx1,263,1134.0067897481017,1949.0795588676856
5702,Ybx1,263,1135.4688239694622,1918.3316375019767
5703,Ybx1,263,1152.2248810669505,1957.1410345638783
5704,Trp53,242,624.8653297214898,1778.7947662227762
5705,Trp53,242,725.3513140927776,1814.471234519414
5706,Trp53,242,860.2438854278658,1927.1484391813588
5707,Trp53,242,1019.894697902308,1823.0783645282293
5708,Trp53,242,1116.590883753752,1913.1012397757715
5709,Rps6kb1,195,728.3147307025686,1862.621248911494
5710,Rps6kb1,195,765.2359035955668,1826.914013077332
5711,Rps6kb1,195,845.6211749183858,1777.4241537867465
5712,Tbrg1,225,658.1219724288155,1775.5593467737413
5713,Tbrg1,225,689.4196577460062,1815.574088392682
5714,Tbrg1,225,782.0234863449335,1804.017299094061
5715,Tbrg1,225,789.5664157636626,1819.3535636674592
5716,Tbrg1,225,967.5400990228544,1892.150418788804
5717,Tbrg1,225,969.4467607561955,1806.9784560941864
5718,Tbrg1,225,1057.2490713658935,1837.422439484396
5719,Tbrg1,225,1128.980348306337,1950.6392704369969
5720,Tbrg1,225,1132.844745324312,1931.046940334639
5721,Tbrg1,225,1137.8028861476691,1940.167208357944
