,gene,gene_number,x,y
0,Tpm4,239,1127.6161430686432,1775.3817532093274
1,Ltbp3,80,1131.95496542287,1768.754466685203
2,Rarg,179,1133.8353292164704,1753.6184069519682
3,Khdrbs1,73,1141.471727065898,1790.911218043003
4,Actn4,3,1142.5578282628976,1729.632521863125
5,Eef1g,28,1144.1317976525288,1681.8519228494144
6,Emp1,39,1145.6726689950372,1716.3641756623854
7,Rab5c,173,1145.2160501940548,1719.729814890616
8,negative_control,1343,1145.6526882599742,1716.3034543722567
9,Rpl4,189,1145.3250056536651,1719.6800513639546
10,negative_control,805,1146.015739536746,1717.254074222035
11,Rbm3,182,1146.290839672164,1716.4666761788396
12,negative_control,660,1147.4924902674074,1724.1864943206936
13,negative_control,453,1148.323686894154,1725.1978799159808
14,Ubxn1,253,1145.7505132709982,1723.2799286430718
15,Lmna,77,1147.1536676817198,1723.6952480353934
16,negative_control,1645,1146.965432383662,1723.0529816709643
17,negative_control,852,1151.3816811211384,1753.7779704384511
18,negative_control,2091,1149.9439312427664,1753.6884301576931
19,Arf1,6,1149.520010209323,1753.9626972202489
20,negative_control,480,1150.9602150934647,1753.192564786314
21,negative_control,1692,1149.3275887905736,1753.6668146582992
22,Fus,47,1150.9641017021067,1754.1152954149868
23,negative_control,791,1150.1559401983377,1754.3688500960582
24,negative_control,1657,1150.6221188612408,1724.734150595147
25,negative_control,505,1151.346389079229,1725.0665825151675
26,St13,220,1154.5720739196754,1725.529107923839
27,Nr4a1,130,1150.7463459257508,1723.9591919123936
28,Nedd4,126,1150.182298560254,1724.506591460028
29,negative_control,1331,1153.1504592016263,1724.994724538442
30,negative_control,1478,1153.2950072531478,1726.9772123401954
31,negative_control,726,1153.726670974615,1726.161180937882
32,H1f0,55,1153.1365169330188,1726.764006252341
33,negative_control,1931,1153.2134377307616,1724.415143829207
34,negative_control,1060,1153.072509464767,1724.9141833281446
35,Khdrbs1,73,1156.237828283481,1691.4696651899892
36,negative_control,970,1157.5831392752848,1662.5309233487892
37,Eef1g,28,1156.8876481100046,1663.435819990433
38,negative_control,1131,1155.750788451057,1663.756673252565
39,Arpc5,8,1158.4893553266345,1753.4363150198055
40,Ppm1g,150,1161.929517539608,1684.4044771097665
41,Rab7,174,1161.666027579645,1686.925506691086
42,Gsto1,54,1160.880744492674,1685.5334410414057
43,Oxct1,134,1160.6137068285875,1736.6011194202315
44,negative_control,328,1161.8247892447746,1736.808301965617
45,negative_control,1404,1168.4078209419977,1685.3787949784378
46,negative_control,1889,1169.30800346852,1759.8497069189034
47,Tpm4,239,1170.8237856260057,1669.4935738969766
48,Zyx,271,1172.368922178366,1683.8742159332037
49,Zfp36l1,269,1173.332273615087,1684.7110058246394
50,negative_control,1013,1174.6628825473545,1684.9531509027531
51,Rpsa,197,1175.1562940950305,1758.2805274493342
52,Ywhae,264,1175.1482988664063,1758.6012402365932
53,Npc2,128,1176.0635694395833,1735.876324213958
54,negative_control,2063,1175.6766400543977,1737.1976527807951
55,Fkbp9,46,1176.723040367157,1736.655753115169
56,negative_control,1552,1178.326089696075,1703.3687894540662
57,negative_control,1120,1178.7393147418943,1705.0264608856105
58,Idh3g,66,1180.1064715223297,1689.0403873443724
59,negative_control,968,1179.720712369969,1686.586028142753
60,negative_control,321,1180.1235319140465,1687.1551455421295
61,Cited2,13,1179.616953246586,1688.328079572497
62,negative_control,1794,1178.2000911101863,1686.925579829009
63,Zyx,271,1179.9640668409122,1763.5293710117576
64,Mbd3,84,1180.024188144527,1763.276005529051
65,Zfp36l2,270,1179.914225050815,1763.434487012728
66,negative_control,338,1179.478840213121,1762.1824033238718
67,Fus,47,1180.3122269632345,1763.151997545323
68,negative_control,1967,1179.908070992876,1761.4265949766475
69,Hsd17b12,61,1188.215606460777,1670.959955698682
70,Idh2,65,1187.832828592425,1671.0176391583568
71,negative_control,831,1186.4281411689528,1671.929344019488
72,negative_control,746,1188.5253664194488,1673.1520917171315
73,negative_control,1830,1189.421761670665,1671.5567179298002
74,negative_control,1859,1186.9695142365515,1671.6149257172624
75,negative_control,1581,1188.1029204726474,1666.3527333836453
76,Vim,261,1188.210078117474,1678.4715944510954
77,negative_control,987,1189.0921454131444,1679.7028342104804
78,Fus,47,1189.040288546076,1680.0514951046764
79,Ppm1g,150,1189.738026148336,1736.418689327876
80,negative_control,1400,1190.078915778366,1740.0894528348872
81,Sfpq,206,1189.9146189482146,1738.705055868661
82,negative_control,1403,1188.7405424733206,1738.9857232143956
83,Zyx,271,1190.0240165671555,1737.5764820635045
84,negative_control,1084,1189.3381843851694,1738.7516504997716
85,negative_control,1456,1191.144348440794,1737.4285573892023
86,negative_control,2026,1189.5061569656682,1740.876245047896
87,Eif4b,37,1190.5629535290664,1737.5155755958551
88,Mvd,116,1194.2318961037142,1755.9274479651172
89,Tpm4,239,1198.0231177575968,1747.6389329993
90,Mrpl10,91,1196.6660926451038,1750.604961558969
91,Prmt1,153,1196.8031337832365,1748.4867656003548
92,Tnfrsf1a,233,1198.4093222429433,1735.0246560825185
93,negative_control,321,1199.0761109245925,1736.0483787410456
94,negative_control,393,1198.5790284923946,1735.6895342293135
95,negative_control,765,1197.9201612759027,1736.6643648554227
96,negative_control,611,1196.765437152835,1736.1422044178223
97,Sec13,204,1200.9785358276683,1704.9289097507117
98,negative_control,1536,1205.1355977816331,1749.0520655806995
99,Sec13,204,1205.3885188926574,1748.563096240186
100,U2af2,249,1204.1499703378945,1751.7541345110617
101,Emp1,39,1202.9436625809128,1751.24233285041
102,negative_control,843,1203.035583429334,1751.525367320388
103,negative_control,1250,1201.9671073646716,1751.0530159177945
104,Tubb5,246,1206.133239338092,1747.8547582871406
105,negative_control,1404,1204.2493103915158,1750.3450653573757
106,Cct5,10,1201.678226463375,1734.1243888685524
107,negative_control,360,1200.324838711997,1735.0580715429503
108,Lmna,77,1202.2354361031298,1734.971269974045
109,negative_control,494,1202.2205713295048,1733.715939380077
110,Vat1,259,1201.3740920052514,1734.0449233959455
111,Vim,261,1202.0120690450235,1653.2564665010273
112,negative_control,1946,1201.9252586069454,1652.7572038844178
113,Rpsa,197,1202.9333439162583,1651.8816007709854
114,negative_control,1460,1203.0893710060716,1651.8331785280047
115,Vdac1,260,1202.0625420606773,1652.194575854507
116,negative_control,427,1202.3071171960207,1652.9373083677117
117,Zyx,271,1200.6490796775,1652.7794579458484
118,negative_control,1889,1203.0582325059245,1650.2348046142529
119,negative_control,1253,1202.0202819997332,1653.6405318059412
120,negative_control,341,1202.900020729037,1716.5506730442066
121,negative_control,1314,1205.9760912872732,1621.9481811958458
122,negative_control,1919,1205.6787594738175,1622.8030970919365
123,negative_control,476,1205.28631998036,1623.442203720649
124,Eef1g,28,1205.7985349843482,1622.5503427850858
125,Junb,71,1207.531770503015,1620.9904525283514
126,Vim,261,1204.3266896159337,1695.76667081347
127,Paics,137,1205.4362273465997,1695.4963828409193
128,Txn2,248,1206.2034812222043,1694.7365594943467
129,negative_control,385,1205.7218778578522,1695.0413141136355
130,negative_control,1966,1205.053172041648,1695.5812471604254
131,negative_control,820,1204.682134279119,1694.935154224458
132,negative_control,1588,1204.229320168501,1694.8778438484078
133,negative_control,1372,1203.4378270124894,1694.3397538168267
134,negative_control,1565,1206.6666825962302,1695.5591588464852
135,negative_control,1304,1206.302516573999,1694.431714153583
136,Cops7a,17,1207.7546866523849,1750.5527358870154
137,Tubb5,246,1207.903969480967,1755.9351200100618
138,Puf60,171,1210.373473538754,1756.957774684977
139,negative_control,1058,1210.2118911974524,1756.289365226336
140,Pa2g4,135,1210.2543815939096,1755.0359339213485
141,Vim,261,1208.5136338917284,1755.7203685080085
142,negative_control,2071,1210.068834392841,1756.0818512481064
143,Eif3i,36,1209.003851995564,1756.266059520671
144,Cops7a,17,1211.0362959226504,1613.609022864763
145,Sdc4,202,1213.2290764754666,1656.6333851742472
146,Spp1,214,1211.4819021234089,1654.120640990289
147,Ctsb,25,1212.1502065100422,1656.907580768327
148,negative_control,664,1212.627437515817,1655.319955757332
149,Spp1,214,1212.4036799839023,1732.1945188368836
150,Psmd2,163,1213.7274990922322,1733.3624205161846
151,Myh9,118,1214.4901269428606,1732.859242754127
152,negative_control,723,1213.0175324425038,1732.3067223180078
153,Cox7a2l,18,1214.9714116311886,1732.4886249854349
154,Actn4,3,1209.612949597275,1667.5086150077232
155,Sdc4,202,1210.0130585717393,1667.6293458660784
156,Timp2,229,1209.952274401389,1667.5038573885454
157,negative_control,1362,1212.7842502529509,1668.0292290205716
158,negative_control,1152,1208.2433828128835,1665.837865262949
159,negative_control,892,1213.5809936196006,1667.7902548168822
160,negative_control,988,1212.0397519756611,1667.417065618666
161,Rpsa,197,1212.7077879857893,1666.736208454182
162,negative_control,1952,1214.1268162491467,1667.5361021169235
163,Npc2,128,1209.5950261015178,1669.785368111657
164,negative_control,1206,1209.528413450154,1667.044064292528
165,Ltbp3,80,1212.823290732178,1712.8492066352392
166,negative_control,1889,1215.977414505549,1661.2315148570196
167,Ybx1,263,1216.9506415338235,1638.965000961442
168,Thy1,228,1216.694925503558,1639.5768454816512
169,negative_control,1262,1216.3937611581391,1639.0528275539064
170,negative_control,333,1216.9702325660885,1736.3517914373845
171,negative_control,299,1216.2814799874382,1673.9208316096324
172,Mvd,116,1219.345013749966,1729.3384034195628
173,Msn,112,1219.2725604364318,1646.516626878533
174,Tcp1,227,1219.3501197365763,1646.4409864393658
175,Lmna,77,1218.69123328121,1645.8579099936255
176,Tpm4,239,1219.2636436339576,1647.2284479642472
177,Rpl21,188,1218.1450461017912,1641.5577938630422
178,Ltbp3,80,1219.6506227098964,1642.7784275888002
179,Vat1,259,1221.082002808598,1623.296726454249
180,negative_control,563,1222.4091454189947,1621.9630959245585
181,Timp2,229,1220.9885490120937,1624.0060182486318
182,Aebp1,4,1222.3272660282523,1621.6313883237772
183,negative_control,888,1221.7208616032842,1622.001573712599
184,negative_control,1957,1221.8118700816494,1724.8373981115035
185,negative_control,1864,1221.9741037727242,1724.5378605214548
186,Hspa9,63,1220.6352651877298,1724.041614614198
187,negative_control,1706,1222.600054743364,1725.5692740572151
188,negative_control,1601,1221.9516494142897,1725.5155273715336
189,negative_control,873,1221.9992692619096,1725.408156298049
190,negative_control,317,1220.151363279807,1723.2756168233204
191,negative_control,320,1222.864799168362,1726.7801174441463
192,negative_control,338,1222.134326812847,1725.442315261997
193,negative_control,410,1222.0775411543548,1724.2609644926831
194,Vim,261,1221.986743444936,1724.3022994517084
195,negative_control,339,1226.7159829881057,1697.3049665682197
196,Ltbp3,80,1227.778361867474,1739.5976884550105
197,Arf1,6,1239.6178334248284,1546.0525007330234
198,Gas1,50,1239.634877201395,1558.0416628997832
199,Sfpq,206,1239.027155649903,1558.0932744390743
200,Cct5,10,1244.113706518637,1590.421048581472
201,Ltbp3,80,1247.2534894200526,1738.2368275065414
202,Uba1,250,1247.3413365025897,1739.3363653191802
203,Il1rl1,69,1247.6680596014469,1738.2336388287754
204,Loxl1,78,1250.3296689892757,1736.9166080607322
205,negative_control,749,1248.876888374535,1737.156411487944
206,Rpsa,197,1247.496345147555,1737.8181618404014
207,Zfp36l1,269,1250.160265605597,1671.9446778347824
208,Rpl18a,187,1249.437056854739,1720.3754771060303
209,Spp1,214,1253.049416016195,1601.9973005904849
210,Rpsa,197,1254.8279218479863,1710.4553938859988
211,Ltbp3,80,1253.398854573817,1709.1799259289223
212,negative_control,1498,1253.887684899323,1709.6245506711855
213,negative_control,363,1253.4851468856232,1709.8596796288305
214,negative_control,427,1253.179006796898,1710.024612296818
215,negative_control,747,1254.3101042071946,1709.996652490769
216,negative_control,1250,1253.115500939984,1704.3630447063983
217,Cops7a,17,1256.4588860697245,1563.4291697469423
218,Vim,261,1257.3277152038784,1725.4992780769007
219,negative_control,1302,1257.3792526192476,1725.2485930508235
220,Npc2,128,1259.6306007134683,1724.2206449875068
221,Spp1,214,1258.930970617637,1607.398096879218
222,Ppm1g,150,1261.1745519615774,1541.3391929743907
223,Mrfap1,89,1263.4595077156298,1584.8829401351857
224,Tubb5,246,1263.4521845380716,1585.4027884644204
225,negative_control,322,1262.1987839477329,1586.6129872664756
226,Msn,112,1264.4561050989275,1584.6554926870472
227,Ltbp3,80,1262.3791319276231,1586.391041873692
228,negative_control,1372,1262.6817022624846,1585.9887123993285
229,Rpl18a,187,1261.6353996609969,1585.5141607620797
230,negative_control,1037,1263.4561229286892,1584.8030711061458
231,negative_control,1262,1266.6185217951306,1604.4075021501883
232,negative_control,1905,1266.9263502480587,1726.1331266685647
233,Igfbp6,68,1271.9962471132392,1580.2927583698215
234,negative_control,1288,1272.5326562216137,1579.3346697363718
235,Mvd,116,1271.111069027734,1579.6947609922818
236,Ptgs2,170,1271.312706071682,1580.51188064897
237,negative_control,272,1274.197901598095,1578.91989776153
238,Ssr3,218,1272.0288608939857,1579.524689882135
239,Raly,177,1271.529953459664,1580.346458070697
240,Zfp36l1,269,1273.0835404602717,1554.816851153688
241,negative_control,2019,1276.0248627542856,1594.4752230884287
242,Spp1,214,1277.7639788416068,1641.9653484947205
243,Arpc5,8,1277.8411584961357,1700.353181059054
244,Srebf2,215,1278.3232108443572,1699.718522356386
245,Zyx,271,1278.6322701583133,1699.0220804534647
246,Trp53,242,1277.7896124963077,1701.1333471596313
247,Ppm1g,150,1279.621203447965,1526.9566344739442
248,Spp1,214,1284.4853687416244,1619.9086156248925
249,Spp1,214,1284.9537213876756,1625.2430318913352
250,Nr2f2,129,1285.0522366248888,1570.3527966830802
251,Tpm4,239,1284.778972003816,1569.850481630998
252,Rarg,179,1292.2349208872547,1701.3820302337726
253,negative_control,704,1295.3161780767598,1575.3780364989907
254,Hnrnpul1,60,1295.7009162042948,1574.1167949002552
255,Uba1,250,1296.3832231003212,1573.7876525018962
256,Pcdhgc3,138,1294.6780745090791,1575.6051957438615
257,negative_control,1115,1295.1797045353533,1573.9768669716225
258,Khdrbs1,73,1295.1971505197182,1575.1657486993388
259,Laptm4a,76,1296.9490709116967,1573.403844090646
260,Rbm3,182,1295.794583280996,1574.3328666059097
261,negative_control,792,1294.9109822082746,1719.6852747918088
262,Nudt9,132,1294.2333921822064,1719.7668235045878
263,Ywhae,264,1295.4629303106228,1719.4270774256422
264,Ppm1g,150,1295.4558981771106,1719.8698083770248
265,Eef1g,28,1293.0006979628226,1719.0141036279065
266,Spp1,214,1304.4587418887654,1594.709304610318
267,Rarg,179,1318.969584347268,1699.5546917198626
268,Rarg,179,1323.4999935032683,1667.0709616088452
269,negative_control,1121,1323.5556991917256,1586.2676238967442
270,Ppm1g,150,1324.457296898925,1694.4735966125934
271,negative_control,1373,1337.3959595802903,1560.435577927709
272,negative_control,1619,1337.5073610530767,1561.5443173416793
273,Ppm1g,150,1338.4902348042858,1654.9821309974532
274,negative_control,1701,1347.3062362137275,1594.3872215416409
275,Fgf7,43,1350.3206053167366,1690.1915808777285
276,Mvd,116,1348.1320436246522,1690.0905174094387
277,Hspa8,62,1348.460596019679,1689.6047073381433
278,Tubb5,246,1348.4219624883472,1689.1427912602928
279,Rps15a,191,1350.087564171782,1571.2224582556887
280,Vim,261,1353.5179886782355,1571.1897488219445
281,Ybx1,263,1353.5459401183548,1572.1607889793886
282,Mrpl43,103,1352.4159389196238,1571.3938184665317
283,negative_control,1846,1353.0266206454976,1572.045740247475
284,Ubxn1,253,1353.2984512634666,1557.1597469073658
285,Rpsa,197,1353.4418308606555,1556.8532995205364
286,negative_control,1503,1356.9842965244038,1582.910820976614
287,negative_control,1243,1357.5371077826203,1582.7242543470577
288,Ppm1g,150,1360.4323797232018,1600.840100545022
289,Mvd,116,1360.7869937551463,1703.4147541028146
290,Khdrbs1,73,1361.6247536287274,1558.133186842791
291,Cox7a2l,18,1361.0528929181166,1559.6881066129286
292,Actn4,3,1361.6807329638905,1558.6104265420624
293,negative_control,1617,1363.188019211541,1587.501330231342
294,Vim,261,1365.15586561662,1587.7201639616558
295,Pdia6,142,1363.1673711646256,1586.688598316157
296,Tpm4,239,1364.8683341188253,1588.5728394990426
297,negative_control,1840,1364.6627369556445,1586.9995928285753
298,Khdrbs1,73,1365.5837385476405,1688.261084687619
299,Nedd4,126,1365.9080169219658,1689.1014230211654
300,negative_control,344,1366.3599201221268,1545.2975194145192
301,Tpm4,239,1366.3721744365455,1552.6282580031457
302,Stip1,221,1364.583189687565,1552.1391645598585
303,Spp1,214,1369.5399167334613,1636.3261297649783
304,negative_control,2032,1370.7171718923212,1682.5908170963664
305,negative_control,1514,1371.6323350722814,1681.5367983208257
306,Fbln2,42,1369.9768146139802,1682.3809271944383
307,Tubb5,246,1370.7167481205472,1623.5048418201852
308,Vim,261,1371.6430783635496,1623.91479313155
309,Vim,261,1373.6596647324538,1576.2035773825376
310,Pdia3,140,1373.788156539334,1575.2327142935528
311,negative_control,1964,1371.9300640124711,1575.9317952209562
312,Igfbp6,68,1373.1266418494492,1575.5639409295668
313,negative_control,2019,1375.194695856577,1552.8668473199707
314,Rpsa,197,1375.635196248126,1551.9746444602056
315,negative_control,336,1375.646635461714,1552.6189097239728
316,Ltbp3,80,1376.49032647255,1643.3681025234882
317,Zfp36l2,270,1378.2947894792403,1558.224672797296
318,negative_control,1250,1378.5530692852503,1558.4178478640697
319,Npc2,128,1377.9132770139818,1558.3477691069013
320,Rpsa,197,1376.8725576661177,1557.4100153438817
321,negative_control,1600,1379.1160950427145,1579.400135464682
322,Emp1,39,1379.081489679225,1578.4563846835088
323,Vim,261,1378.0135863611947,1578.9218983626151
324,Hnrnpk,59,1378.3277778732258,1577.5350416273436
325,Maged1,82,1378.7318411665333,1576.933629852701
326,negative_control,660,1379.1724624855156,1579.977300896487
327,Tpm4,239,1379.399602247885,1577.1618038576153
328,Crlf1,19,1380.0219818625246,1577.8803994571388
329,Tubb5,246,1383.700539317666,1573.151598505268
330,Vat1,259,1381.5071742625976,1572.1061787537778
331,Vim,261,1381.6733367088705,1574.9666927667645
332,negative_control,1512,1380.1441841455278,1574.7628877711904
333,negative_control,1619,1382.1837588623855,1573.911733377984
334,negative_control,452,1382.3303001993786,1573.0520834423448
335,Hnrnpk,59,1381.9808656715518,1573.4293269217717
336,Rpsa,197,1389.865680324636,1657.887380110485
337,Cs,20,1388.9697664688456,1657.681886838462
338,Pdia3,140,1389.111738825579,1657.9451075735733
339,Ltbp3,80,1390.349071250304,1605.662590843693
340,negative_control,1494,1392.3202960605995,1613.2541267634404
341,Nr2f2,129,1391.0117076712272,1613.2027833287968
342,Tcp1,227,1393.4285437619956,1673.8891695292405
343,Efemp1,29,1392.193276569509,1673.972471679832
344,negative_control,693,1396.2537327834252,1671.314902022404
345,negative_control,1763,1396.823180715871,1671.3879481901658
346,Ncl,121,1396.8958387281823,1679.589681187609
347,Ywhaz,268,1393.7457283554734,1679.8407803184718
348,Cited2,13,1396.4798072475432,1604.1452529522264
349,negative_control,1409,1396.9151537359544,1604.735378306592
350,Spp1,214,1397.1325131052736,1604.0919612922726
351,Spp1,214,1398.352929646247,1645.981083353896
352,Vim,261,1397.5320113674538,1624.5738778555533
353,negative_control,853,1397.7025746639288,1624.3184942626872
354,Psap,160,1397.4668013502985,1623.8338237138946
355,negative_control,1565,1398.7891508661464,1541.606547203745
356,negative_control,1756,1398.6307283229226,1541.7858433527572
357,Rpl15,186,1400.4345604374637,1541.1547271953818
358,negative_control,1729,1400.644416470061,1543.585641352136
359,negative_control,1965,1399.3911490908658,1541.9602058670407
360,Vim,261,1403.5785509470084,1538.649933813448
361,Mrpl12,92,1401.8995137449697,1541.436304313637
362,negative_control,1449,1400.2474244557754,1541.3579560009998
363,negative_control,1184,1398.6937392065838,1542.9167432099032
364,negative_control,1318,1400.6197618884669,1542.639628349777
365,negative_control,349,1402.8116423091822,1539.5886145943348
366,negative_control,1497,1396.8152816726251,1541.9857013735414
367,Vim,261,1398.2615845189407,1543.1092798302016
368,Prmt1,153,1402.2408032086134,1540.2760101668014
369,negative_control,693,1398.853481976988,1569.535597140456
370,Emp1,39,1398.545734859434,1570.082469079167
371,negative_control,744,1398.8041713984112,1578.6543342378598
372,negative_control,1984,1398.8181624914769,1578.244503741898
373,negative_control,606,1399.7721431198963,1578.246256054693
374,negative_control,1517,1399.470995273697,1577.5821262245456
375,negative_control,1945,1398.3282131728915,1578.0082594960895
376,Arpc5,8,1398.8001272449496,1562.4383861389204
377,Zfp36l1,269,1400.3580543821663,1536.9021300201168
378,negative_control,341,1405.1005631217745,1571.451150735218
379,Hdgf,56,1406.0287339593358,1626.8133925928496
380,negative_control,1041,1406.074824503298,1626.6558736233496
381,negative_control,1418,1405.72174992775,1627.5158038551797
382,Timp2,229,1406.6955307058622,1625.2952492136187
383,negative_control,1881,1406.2208538286773,1587.3883126763626
384,Ltbp3,80,1408.7426982647364,1575.5945499213876
385,Khdrbs1,73,1409.2890179403637,1669.8319033982314
386,negative_control,1926,1413.753040866134,1575.8245958002092
387,Timp2,229,1415.1583814030482,1583.098915339801
388,negative_control,328,1414.2372985914203,1582.9090280634657
389,Cops7a,17,1414.0534436484577,1530.2088144207612
390,Vim,261,1415.109322994549,1618.8892692841289
391,Emp1,39,1415.255513537851,1619.285490762105
392,Il1rl1,69,1415.9573121494327,1619.8469921496894
393,Rpl18a,187,1415.5143583191757,1642.6535457239238
394,Snx5,212,1418.939292691594,1593.3784814277894
395,negative_control,1556,1417.9219305637464,1593.7958091288683
396,negative_control,1032,1419.724050723837,1593.8931589202823
397,Ppm1g,150,1419.1906936206503,1593.3611355839794
398,Spp1,214,1421.243750630386,1660.5857212251371
399,negative_control,319,1425.5569760017825,1562.1200782036235
400,negative_control,891,1426.607312985174,1562.7443832045165
401,negative_control,1476,1426.3824705202337,1564.4175289236673
402,Vim,261,1426.5280405120518,1566.7074167847495
403,negative_control,1890,1427.222835274637,1563.7221850303024
404,Tubb5,246,1426.9641935127686,1565.5048513845666
405,Psmd2,163,1423.7317494466315,1561.4120729839851
406,negative_control,1031,1425.2340246197582,1562.7505708123615
407,negative_control,1370,1422.86724468188,1561.0171570754906
408,Fkbp4,44,1424.6166608374804,1561.967718829906
409,Ybx1,263,1421.482146165834,1561.5439479331628
410,Ppm1g,150,1423.1849130522128,1633.5587090824115
411,Tubb5,246,1426.8481046093991,1532.6026635072053
412,Ppm1g,150,1427.0628407609918,1532.7039287124503
413,Gsto1,54,1427.6108785511435,1532.4011970923736
414,Hspa9,63,1428.1160868585348,1533.0981885891233
415,St13,220,1432.31268308565,1627.5483957641009
416,negative_control,1362,1431.413446882913,1627.1396191081535
417,Mvd,116,1430.779011842997,1574.638691516031
418,Tubb5,246,1430.44055561628,1576.18300125682
419,Hspd1,64,1430.7067230777718,1574.8734100654538
420,Ptbp1,167,1430.800616475617,1574.9049153668711
421,Rcc2,183,1431.4739928393988,1535.9545900806656
422,Ppm1g,150,1431.1314368250532,1537.3776536215714
423,Tbrg1,225,1432.1160092060395,1535.8835717257753
424,negative_control,1645,1434.5375696027652,1559.8198434524393
425,Txn2,248,1435.5483670656074,1602.4181174740108
426,Rpl18a,187,1437.3811611849787,1602.5928983308684
427,Psmc2,162,1437.3596688819705,1602.074884666653
428,Ybx1,263,1436.989706715341,1602.760369873053
429,Ptbp1,167,1436.0961542684406,1604.0835644687982
430,negative_control,2016,1437.0941075883245,1603.859266737438
431,negative_control,1260,1435.8502009280098,1602.8266493021124
432,negative_control,998,1436.7751660910908,1601.5462520973997
433,negative_control,1670,1435.395961805552,1602.3178544600432
434,Clta,15,1441.308581253218,1628.606415519445
435,Rpsa,197,1441.0358711505253,1629.210577771337
436,Mdh2,85,1440.034393589665,1628.2310169295656
437,Cnn2,16,1439.9423352346466,1629.493189330041
438,Ybx1,263,1441.7992203803924,1623.8770453471743
439,Rpsa,197,1441.9246439673702,1622.4677700390544
440,Tomm40,235,1440.780428794264,1622.3487047233743
441,Vim,261,1442.0327635603687,1621.7260455555606
442,Kars,72,1441.9242784548946,1623.5750236994932
443,Gas1,50,1445.7802835835491,1604.2736243825352
444,Psma7,161,1444.907702379974,1603.832311573895
445,Prmt1,153,1446.8849279986243,1507.5803605168
446,Idh3g,66,1448.0896536412763,1506.6830653281434
447,Ctbp1,24,1447.6965839578154,1508.4625342667428
448,negative_control,1690,1446.487307974011,1508.976339082922
449,negative_control,1097,1446.9782870681536,1508.7567056934845
450,Vim,261,1446.5486368714537,1508.204776583324
451,Hdgf,56,1448.0660677826322,1607.0760108153745
452,negative_control,866,1446.968448179087,1568.6472138223835
453,Ppp2r1a,151,1446.5785433262026,1567.08991375511
454,Vim,261,1445.454204828022,1569.3376881332183
455,negative_control,872,1447.2885599363449,1568.5341152012293
456,negative_control,856,1444.9584887878846,1568.1591111365803
457,Cops7a,17,1448.4647601388867,1568.409973326162
458,Psmd7,165,1445.8849779711054,1566.88336206865
459,Tubb5,246,1446.502728563114,1566.4152938133032
460,negative_control,1218,1447.3832568795467,1569.6145356656764
461,Rad21,176,1445.1997145769535,1570.8794177127263
462,negative_control,1447,1446.049093427204,1567.9891804475678
463,negative_control,1421,1446.1674508883154,1568.2892818463993
464,negative_control,572,1448.1304244562248,1568.0999015659947
465,Zfp36l2,270,1444.536170506171,1571.021266450185
466,negative_control,372,1447.2665124023938,1569.1775018503483
467,Rpl18a,187,1447.650397206428,1568.6769163019082
468,Tpm4,239,1448.3225607056304,1592.7082286060647
469,negative_control,1001,1448.3363019707365,1583.4522541621834
470,negative_control,1401,1449.3274337441028,1587.3370667552745
471,negative_control,847,1450.962972582184,1586.051842805196
472,negative_control,1577,1450.5734641970505,1587.1424436769212
473,Hspa8,62,1453.1338578199602,1572.8733632852516
474,Nudt9,132,1453.545376212105,1574.2585289453823
475,negative_control,690,1453.4589041263152,1572.7741601589726
476,Ctbp1,24,1454.6125692141895,1574.2850981595882
477,Nedd4,126,1455.6520938784672,1531.8727420548742
478,Fkbp4,44,1452.9571566616637,1531.8070476494188
479,negative_control,1232,1453.9765874435398,1529.5728138569489
480,Snrnp70,210,1453.304329442995,1532.3357306010678
481,negative_control,1440,1453.9334504453086,1530.3301177070025
482,negative_control,985,1454.1530276371195,1530.6773244146707
483,Arpc5,8,1454.6726819662613,1633.0726291864696
484,Tpm4,239,1456.5713731572914,1627.3949691688738
485,negative_control,1701,1456.6426791319502,1564.9439102405606
486,Khdrbs1,73,1458.1206904513845,1540.0950500857475
487,Mvd,116,1458.033154578739,1594.5831158685342
488,negative_control,1499,1459.756682872407,1586.9004616635657
489,negative_control,697,1460.3038502851807,1587.6452641548071
490,negative_control,1606,1459.7008620244492,1587.4950933819414
491,negative_control,1648,1459.8270352882744,1588.733678016897
492,negative_control,1819,1458.3923302613946,1591.017133150165
493,Slc38a2,209,1459.718468755737,1587.3949180516545
494,Nfe2l1,127,1460.3519363639675,1588.5162110081417
495,negative_control,1994,1459.535580003934,1586.2363399678245
496,Rarg,179,1459.422531186518,1590.6599224088625
497,negative_control,627,1459.9320312271816,1585.8316705540897
498,Mrfap1,89,1459.585485693499,1590.089731321089
499,Khdrbs1,73,1462.0620279954062,1615.906102077071
500,Vim,261,1460.496421658481,1498.2984237832206
501,Vim,261,1464.0554783987425,1495.5299834871553
502,negative_control,554,1463.796386167361,1495.028904281614
503,Cops7a,17,1463.365457895986,1495.6929148048366
504,Hspa8,62,1460.5643674265025,1498.0946339639838
505,Nap1l1,120,1462.1264058329805,1497.4466910754568
506,negative_control,1288,1460.2936653501931,1499.0724129887544
507,Hdgf,56,1464.0477491230365,1579.5814006538149
508,Ppm1g,150,1464.0540355480086,1599.7000768982434
509,Vim,261,1464.7868837832923,1526.790873690224
510,Hnrnpk,59,1463.6070458159838,1527.1141823514872
511,Vat1,259,1464.7358210144084,1526.439439821621
512,negative_control,1113,1464.065152379867,1527.923421565459
513,negative_control,979,1464.721798194468,1527.9939257544247
514,negative_control,1774,1464.2632044646807,1537.702136513126
515,Tpm4,239,1466.9231805411575,1541.1973538695586
516,negative_control,1323,1465.6891694183462,1541.477481294814
517,Ptbp1,167,1467.4179545200227,1554.9043113297748
518,Vim,261,1467.6743658995351,1599.899891789266
519,negative_control,615,1467.4355930502315,1597.9221295648174
520,Trim28,241,1469.058643923872,1599.521800956324
521,negative_control,853,1469.338442551973,1601.129124630421
522,Hnrnpk,59,1466.9361600108025,1597.8025923792502
523,Cs,20,1469.4887638669447,1571.6085320203413
524,Vim,261,1468.810405487278,1571.9177919827828
525,Twist2,247,1468.4569631928157,1572.3963288245495
526,Tubb5,246,1468.564204168733,1572.348263758442
527,Tpm4,239,1470.4388812394072,1522.337029008254
528,negative_control,1283,1471.3290515413369,1534.270317500048
529,Tcf25,226,1472.2665479027987,1503.138250344257
530,Paics,137,1472.0536061335702,1502.8728951003577
531,negative_control,1262,1472.397252934163,1502.6347387318517
532,Pa2g4,135,1473.139030894598,1501.8190135164157
533,Ppm1g,150,1471.6186642276823,1593.8052840893215
534,Mvd,116,1471.9660537653976,1548.679327513982
535,Vat1,259,1475.8190084925432,1510.1310982186696
536,Eif3i,36,1475.5457874861197,1510.3401296316226
537,negative_control,689,1476.4332566820983,1509.9024647144115
538,Spp1,214,1477.451050366608,1509.0599646123153
539,Psmd4,164,1478.6889018529412,1510.591704844244
540,Rab7,174,1478.743875281807,1511.0729282523366
541,Mrfap1,89,1477.9235975221172,1540.8638121853287
542,Nap1l1,120,1478.0539976806028,1539.640480215504
543,negative_control,338,1477.6370132235295,1532.4473836198745
544,Psmd2,163,1477.8037199755918,1477.5937086228955
545,Rpl15,186,1480.8878416552736,1493.1268205382962
546,Rpl18a,187,1481.787585709323,1492.632100843702
547,negative_control,1287,1484.599838111102,1523.46615372945
548,Sec13,204,1484.257589758549,1523.090296591099
549,Ppm1g,150,1488.863662487032,1550.2536238597718
550,Eif3f,35,1488.3807650576512,1509.0863072738882
551,Zfp36l1,269,1490.4319323408547,1522.2918035310045
552,Rpl18a,187,1489.7290926926853,1522.876523641956
553,Tpm4,239,1491.8573195044364,1572.859890688968
554,Eef1g,28,1492.620054452415,1574.3478838358585
555,Mrpl44,104,1491.7234150082058,1572.3058602136512
556,Mrpl12,92,1491.666666948016,1573.3035159300348
557,Khdrbs1,73,1496.8148772934012,1462.395700340745
558,Rpl15,186,1496.0868736319308,1594.1287696776214
559,negative_control,1202,1496.123728294509,1593.2976433519714
560,Rpl18a,187,1500.907854922902,1592.5421913307102
561,Khdrbs1,73,1501.9976820453364,1592.6826901872114
562,negative_control,1880,1500.9176175109617,1482.949029603357
563,negative_control,376,1501.0783956449343,1482.2512087363075
564,Jun,70,1501.0841858702336,1483.5665375077062
565,negative_control,1231,1501.1908368889306,1483.2570802528007
566,negative_control,1516,1500.9845268949384,1481.9546314720492
567,negative_control,1222,1501.0557083903475,1482.8425289233494
568,Cops7a,17,1502.3201483998514,1570.723060973782
569,Ptbp1,167,1503.415568421699,1570.8348347174035
570,Arf1,6,1504.747505630174,1537.042997659502
571,Cops7a,17,1511.6421134958073,1545.986897441117
572,Khdrbs1,73,1516.7188537851043,1517.138205238457
573,Ppm1g,150,1523.967073126456,1592.335539950025
574,Ppm1g,150,1527.5447891890058,1566.1167460042568
575,Rarg,179,1528.3348283040343,1538.6419780035867
576,Rbbp7,181,1537.7655343761348,1579.056206579069
577,Tpm4,239,1537.9289141648212,1579.516356794206
578,Tpm4,239,1547.2954437498695,1557.1056294295204
579,Psmc2,162,1549.5251113306078,1566.7915744132642
580,Vim,261,1549.5577568373917,1564.430867367267
581,Snx5,212,1549.3880337595092,1565.345753972813
582,St13,220,1550.024126510103,1566.1434213698476
583,Ppm1g,150,1551.8912326312943,1570.457398029836
584,Arf1,6,1555.5611375523583,1579.2204140709132
585,negative_control,813,1554.2903903802303,1579.5845270555403
586,Cops7a,17,1560.5029950252504,1567.1187150022624
587,Ppm1g,150,1587.0938781517766,1574.504233538441
588,Khdrbs1,73,1587.9418079584425,1569.4599994900136
589,Vim,261,1088.327957212081,1794.049382419069
590,Tsc22d1,244,1089.495519531501,1793.6612602113887
591,Rpsa,197,1100.6923668927373,1666.44754334038
592,Prrx1,159,1103.299071546851,1648.540515106458
593,Rpsa,197,1112.4831654770242,1773.7091173197691
594,Rpsa,197,1117.7665973671783,1710.826785329914
595,Rpsa,197,1119.6841619374668,1661.0126623479448
596,Aars,1,1126.119087968243,1710.7562079475351
597,Psmd8,166,1127.295079903678,1713.3269591974915
598,Psmd2,163,1127.8626900452373,1694.238930636326
599,Vim,261,1128.857425644182,1694.2050334422916
600,negative_control,1287,1130.1291277479547,1693.4683438981044
601,St13,220,1130.779984539778,1720.9515775039383
602,negative_control,1603,1130.1329505964964,1720.7267047001874
603,negative_control,555,1130.146710712338,1720.4608006404155
604,negative_control,711,1131.570648118232,1701.8640659064213
605,Polr2e,148,1132.0520678793478,1750.953284576697
606,Actn4,3,1132.818157701509,1737.193185210981
607,Fbln2,42,1133.281886581584,1736.5212789664845
608,Psmd2,163,1133.7611893164358,1687.2124087012653
609,Sfpq,206,1135.4798820582264,1763.1102896998373
610,Ppp2r1a,151,1135.381582198968,1762.7074381903406
611,Hdgf,56,1135.7704934345777,1762.170513797798
612,Hspa8,62,1137.008846375512,1761.6648007715082
613,Rpsa,197,1135.4375733398,1713.466315162394
614,negative_control,1104,1136.8365734676263,1702.6300735386508
615,negative_control,1378,1136.6577626812218,1702.4040571445216
616,negative_control,1856,1136.3299684489054,1702.0558171827631
617,Fbln2,42,1138.012152314439,1701.4299541370442
618,Rpsa,197,1139.8958876359195,1786.4910113756089
619,Rpsa,197,1141.2337772403978,1774.7108058443614
620,Lmna,77,1142.7208702807343,1727.453705964463
621,Msn,112,1142.0124133256393,1726.0163903997775
622,Rcc2,183,1142.9662633555697,1727.0468284681392
623,negative_control,1885,1141.8186083325709,1725.8526259583937
624,Ctsb,25,1141.8515988440404,1672.9102117210628
625,Taldo1,223,1141.065692585,1763.9664013747044
626,negative_control,996,1141.5241010845043,1764.8311859338005
627,Rbbp7,181,1142.431929605497,1762.679948324634
628,negative_control,2066,1142.597273812716,1732.6457162903682
629,Rpsa,197,1142.862931122357,1699.2396318524254
630,Myc,117,1143.2004407528802,1766.7922637297595
631,Rpsa,197,1143.3282592699884,1701.9716074345329
632,Ptbp1,167,1144.8111673408569,1701.4558141474783
633,negative_control,820,1143.7036551552142,1702.4775346148658
634,Zfp36l2,270,1143.4608647941243,1713.4042936551884
635,negative_control,550,1144.3419071698904,1750.4803126558013
636,Rpsa,197,1144.3705199465476,1769.909777159147
637,negative_control,302,1144.144493087851,1694.9040063923865
638,Ppp2r1a,151,1143.054850739098,1696.0123115858798
639,Paics,137,1143.7177237834658,1694.8794083176765
640,negative_control,718,1144.4014169805105,1694.5969049446896
641,negative_control,1164,1143.6802790686186,1695.1257460748154
642,Psmd8,166,1144.6225835653097,1677.5339834237748
643,Eif3f,35,1144.5018318681143,1678.0105680148886
644,Rpsa,197,1147.1943687041144,1681.8834458145689
645,Rpsa,197,1146.7897309339291,1760.1354611196152
646,Rpsa,197,1147.4566025847198,1738.4589342951454
647,negative_control,1477,1147.574917949902,1676.8065546867729
648,Vim,261,1148.7368677192662,1777.3334412591987
649,Rpsa,197,1148.8821734505686,1778.4797224360243
650,Rpsa,197,1149.4719957906357,1756.1358674054968
651,Prrx1,159,1152.2023885407182,1763.3941936958704
652,negative_control,457,1152.8996524138092,1762.769534933817
653,negative_control,1231,1153.5621499436052,1762.9016176301263
654,Rpsa,197,1152.4729851275674,1787.603423825725
655,negative_control,697,1153.5698333552382,1760.1991633488367
656,Hdgf,56,1154.839392441992,1759.249700326497
657,negative_control,664,1152.8012098289864,1773.576153633542
658,negative_control,969,1152.6827592788604,1774.0301378411114
659,Pla2g4a,145,1154.0180972555363,1774.6857776832371
660,negative_control,578,1153.5389059396111,1720.9345279536967
661,negative_control,1760,1153.1355551951044,1720.9528575057907
662,Rpsa,197,1153.4072474222771,1687.009192971636
663,Hif1a,57,1154.4442128915698,1693.2221263875126
664,Rpsa,197,1158.2472931856423,1771.7947778756502
665,negative_control,768,1157.1768918282678,1772.1534294432702
666,Rpsa,197,1160.6641096188334,1753.0680375487766
667,Rpsa,197,1161.8663003466047,1671.185614028725
668,Rpsa,197,1161.2154829760852,1698.9053585576808
669,Aebp1,4,1162.7671607960292,1743.6456091604173
670,negative_control,298,1161.9412935118708,1668.9608200791913
671,Tubb5,246,1164.0560248471452,1693.5403510841802
672,Hspd1,64,1162.5328120269314,1691.038318724998
673,negative_control,516,1163.6158863889991,1692.678871153233
674,Eif3e,34,1163.7718274718072,1692.756770585781
675,Psmd8,166,1163.1854475324533,1693.7014942723094
676,Hnrnpul1,60,1162.541961923568,1691.9330543478195
677,negative_control,1339,1162.651309418929,1765.4559852498246
678,Npc2,128,1163.641929724574,1683.5610630191354
679,Rpsa,197,1163.7289450078183,1683.5169377392735
680,Ybx1,263,1164.0548891563228,1683.654791414686
681,Ubxn1,253,1162.2602333369257,1662.402202844157
682,Pkm,144,1163.2859752141185,1662.2284974007064
683,negative_control,1960,1164.2935178386565,1735.426615495604
684,Rpsa,197,1165.0360875092515,1745.968339422483
685,Rpsa,197,1165.8043690027037,1656.677049541254
686,negative_control,1861,1167.5725988263157,1718.7663774957705
687,Eif4b,37,1167.9237425398142,1718.6802924913354
688,negative_control,290,1167.5618150209991,1718.7763894940608
689,Rpl15,186,1167.2012796405809,1717.3480131813344
690,negative_control,1483,1167.5522052572303,1718.4544032232077
691,Ndufs2,122,1167.3658990534364,1719.492915378463
692,Ptgs1,169,1167.8073108593012,1687.8430374799534
693,Rpsa,197,1168.932446387555,1687.189326545531
694,Rpl21,188,1166.7582682046675,1689.031461613411
695,negative_control,1907,1167.494408290882,1688.030914721498
696,Psma7,161,1166.104806187715,1681.270159980872
697,Vim,261,1170.2538344513086,1698.7455937328198
698,negative_control,1335,1168.8607891250383,1699.1696371956784
699,negative_control,1447,1170.0129899869903,1699.8519518386563
700,negative_control,430,1167.753257039349,1732.7282566501765
701,Fbln2,42,1169.183097143851,1731.6978782848505
702,negative_control,1279,1168.270547248938,1753.6737992982871
703,Rpl15,186,1169.1523325353871,1711.5004159209084
704,negative_control,284,1168.7346784811068,1711.7904162954178
705,Mbd3,84,1166.499286292162,1712.552386685745
706,negative_control,1015,1167.2773512915228,1712.601760160716
707,Rpsa,197,1169.0025421510372,1713.214088277819
708,negative_control,489,1165.0471108001202,1712.5778937809832
709,negative_control,1626,1165.9648828072834,1712.4363990993695
710,Ybx1,263,1168.2573633794912,1711.8920101692236
711,negative_control,1369,1169.384792129315,1711.5970568566263
712,Ctsb,25,1169.2844361963255,1756.0602080500976
713,negative_control,495,1171.1907472263288,1734.9469974672388
714,Nr4a1,130,1171.7681503541348,1736.455432937157
715,negative_control,403,1172.29099223394,1735.7921766832603
716,negative_control,912,1171.184619525487,1737.0233298121843
717,Rpsa,197,1171.9307197438068,1766.2123561868016
718,Rpsa,197,1172.31593332297,1721.9675737242026
719,negative_control,1168,1171.9726414814131,1694.3026276456883
720,negative_control,550,1172.3777201105113,1693.6093718296197
721,negative_control,2097,1170.118993841907,1693.7640959520677
722,Myc,117,1174.4338524671443,1696.8789684821652
723,Rpsa,197,1175.3046630167978,1671.6036954397855
724,Mrpl28,97,1176.4040211970137,1655.2275731635664
725,negative_control,1966,1176.6463062498449,1656.2641876801524
726,negative_control,1478,1176.8605383301335,1656.51021586126
727,Nr4a1,130,1176.771291808729,1655.7996041473425
728,Rpsa,197,1177.2907751436946,1682.619698074053
729,Pdia6,142,1178.7342299884122,1750.687132965258
730,negative_control,1753,1180.5780122014771,1751.722374794898
731,negative_control,1178,1179.8859456265595,1756.0884469157222
732,Vim,261,1177.649635458713,1755.9443423580578
733,Tsc22d1,244,1177.2132058012237,1756.5589368380631
734,negative_control,1521,1179.2660718902737,1755.7821282810191
735,Pkm,144,1178.770347258273,1755.5297658986208
736,Hspd1,64,1179.9777647593846,1677.250976214464
737,negative_control,2071,1179.30505085811,1676.5271016935826
738,Nfe2l1,127,1180.608266899852,1678.0855776229432
739,negative_control,535,1179.386252312801,1677.405894464402
740,negative_control,843,1179.4977351272428,1676.6148845869852
741,negative_control,2015,1179.462187279642,1677.1768915128396
742,negative_control,524,1179.5725881055512,1708.2621423534715
743,Rpsa,197,1179.826869061656,1665.9370010528096
744,Psmd2,163,1181.7203227588664,1736.097537287361
745,Aebp1,4,1182.1146023995375,1709.8164508988768
746,negative_control,1696,1182.4070556258646,1758.7413937800652
747,Mrpl20,96,1183.1640078687738,1672.499376646973
748,Morf4l2,88,1183.1825983915287,1671.448702546292
749,Psmd2,163,1182.6177416639111,1655.2955598415615
750,Polr2e,148,1182.121193955432,1656.0076167523655
751,negative_control,375,1181.4609966629512,1656.8309023091588
752,Fbln2,42,1183.266281622214,1753.0539505701693
753,Rpsa,197,1182.963310565231,1728.4732318990395
754,Ybx1,263,1182.6738721908182,1714.238790275957
755,negative_control,549,1183.0599582004895,1714.9691336302683
756,negative_control,275,1182.9959198153406,1713.6786227780008
757,Actn4,3,1182.2429767569297,1715.341306188108
758,Rpsa,197,1182.540178502138,1741.569780475275
759,Arf1,6,1186.952829577399,1661.0225403339375
760,negative_control,1222,1186.8281112219108,1660.8534197060944
761,negative_control,1903,1186.278615047798,1661.4896144047157
762,Msn,112,1187.2915758036347,1660.365009243339
763,Rpl4,189,1187.5275258094346,1661.1734532409373
764,G3bp1,49,1185.190510723581,1741.828813952946
765,Fbln2,42,1185.7312113867486,1740.8275033131636
766,Csnk2b,23,1184.8624049532689,1741.7777677521435
767,Stip1,221,1186.4391307231176,1741.2001979983097
768,Npc2,128,1186.0924599267128,1689.6550249184172
769,Ubxn1,253,1188.6673603022043,1688.2504600952036
770,negative_control,1716,1186.1954347660262,1689.157023243058
771,negative_control,1928,1186.3403328631327,1688.297210667925
772,negative_control,670,1186.7132412253925,1688.9086519674702
773,Aebp1,4,1186.6045527905208,1717.24151714255
774,Rpsa,197,1187.220218174488,1523.80692440947
775,negative_control,1799,1190.8324568887165,1643.8936020882966
776,negative_control,919,1189.9384997459013,1644.182020460264
777,negative_control,987,1189.2014531149216,1644.5556535644243
778,negative_control,561,1187.6769311128414,1642.4324170818518
779,negative_control,493,1188.363752265135,1642.5412494286518
780,Mtch1,115,1188.4253282701263,1650.8472694091404
781,Rpsa,197,1188.9322408585438,1649.7872103641755
782,negative_control,806,1189.6111088186317,1649.65580095024
783,negative_control,2018,1189.7938741155626,1686.6026476008085
784,Ctsb,25,1190.837422087959,1687.0124380565012
785,negative_control,455,1189.4667198715758,1686.351678708161
786,negative_control,1591,1190.8344511550415,1702.0518233397145
787,Tpm1,238,1190.8820242311365,1701.4443582807544
788,Rpl18a,187,1190.9120343741895,1700.7620523556466
789,negative_control,1613,1191.0765932585232,1702.1945253386357
790,Vim,261,1191.8501280958317,1701.251556061984
791,Lmna,77,1189.2316586163731,1701.610483808964
792,negative_control,690,1190.4188713463027,1761.0835204267455
793,Rpl15,186,1191.4835495891375,1685.0588755926433
794,Zyx,271,1192.365414149408,1684.8458359310698
795,Vim,261,1192.0583124621105,1684.794351162259
796,negative_control,1563,1193.315180622472,1684.9380409347225
797,negative_control,949,1193.5752287242196,1684.0693108606515
798,negative_control,1480,1192.5032703506408,1685.0583668412694
799,negative_control,305,1191.616405051341,1684.6693008646807
800,negative_control,1318,1192.750598122222,1684.949517348476
801,negative_control,491,1191.905528726587,1685.1203297345814
802,Myh9,118,1191.1772411646646,1730.9961448449349
803,negative_control,499,1191.0774333732336,1720.5990225873372
804,negative_control,1858,1192.011176031211,1720.4730661025362
805,Eif3i,36,1191.7295531902068,1718.768371819009
806,Sf3b2,205,1191.1579697575833,1719.6280651517852
807,Hspa8,62,1191.8708562525187,1718.8046538509348
808,Rpsa,197,1191.8431700079843,1542.5602706121667
809,negative_control,1503,1194.7610494087196,1713.3389578876522
810,negative_control,321,1196.1703118878302,1713.2565892526454
811,Ptgs2,170,1194.5334562485589,1713.0732077225298
812,negative_control,1854,1193.7812669185282,1713.4179231669514
813,negative_control,1861,1193.5979211837691,1713.5702815134146
814,negative_control,1150,1195.7921877381395,1712.4601058061637
815,Vat1,259,1196.0504259517852,1713.821977848244
816,Rpsa,197,1196.0976394017116,1688.3520997258756
817,Vat1,259,1194.7939898448494,1665.4962256898905
818,negative_control,1961,1194.482165472569,1664.0967074284115
819,negative_control,1093,1195.9276624753209,1663.399596183374
820,Snx5,212,1195.461798668617,1664.7163204084495
821,negative_control,1323,1197.376877516614,1657.8380803937364
822,Prrx1,159,1198.4980450493174,1533.9532985440787
823,Hspa8,62,1200.2619131635934,1753.4890577620129
824,negative_control,481,1200.2744673682346,1754.359910174396
825,negative_control,1740,1200.5190828327711,1754.7958530817032
826,negative_control,781,1200.5662756838017,1753.843234848874
827,Sf3b2,205,1200.7062986900776,1755.7723085833263
828,negative_control,1862,1199.825766503112,1753.909413465726
829,negative_control,1295,1201.4512561509966,1753.444708738803
830,Rpsa,197,1200.2447417243277,1670.1577203187935
831,Rpsa,197,1200.7061085395994,1663.0975749667512
832,negative_control,367,1203.7026776247567,1713.3944308618525
833,Hspa8,62,1207.573719466266,1711.6798665430754
834,negative_control,526,1206.1002087476627,1712.9842072165502
835,negative_control,1009,1206.65800217714,1711.308367767459
836,Prkcsh,152,1203.0683616428987,1714.4676301327706
837,negative_control,516,1205.2373050406457,1711.5914985603545
838,negative_control,1148,1204.0745037577874,1714.410525401913
839,Prrx1,159,1204.4255577089411,1755.7105331337584
840,Gpi1,52,1205.7872142791814,1755.5714712374447
841,Hspa8,62,1204.5567747556206,1756.419944146713
842,negative_control,823,1205.039880109387,1633.418365300106
843,Psap,160,1205.1683406875054,1634.2518971765512
844,negative_control,403,1205.2446787379697,1743.8315352219588
845,negative_control,1323,1205.2017305654665,1744.273912839326
846,Rpsa,197,1205.1111715768684,1675.9659297213616
847,Rpsa,197,1205.6727570545731,1735.0944505048644
848,Rpsa,197,1206.6331197375646,1720.601998907662
849,Rpsa,197,1206.7894187794654,1702.307899022549
850,negative_control,1633,1208.416485819061,1702.850837856582
851,Rpsa,197,1206.6232329793693,1646.5688856786023
852,Nr4a1,130,1206.4059427863465,1742.8046349778035
853,Arf1,6,1206.921129633645,1742.896874101984
854,Nap1l1,120,1205.606174499617,1739.9762883174058
855,Lrrc59,79,1204.6404526133902,1742.017936228223
856,negative_control,801,1204.6046731101624,1741.4517482106414
857,Ptbp1,167,1205.3843328590146,1739.2767481280766
858,negative_control,1696,1208.1295221536836,1743.5685774585604
859,negative_control,1184,1205.1067947673337,1741.1984212781615
860,negative_control,679,1209.5918030733137,1710.718661773658
861,Ly6e,81,1210.0117807934998,1710.977334752493
862,negative_control,1917,1210.1781868572418,1710.6490396268189
863,Hnrnpul1,60,1210.7228373335513,1741.1156564788544
864,Fkbp9,46,1209.641398936119,1738.096948816134
865,negative_control,1366,1209.8685239069025,1739.4061418574306
866,negative_control,1895,1209.470201396738,1739.7122674891698
867,negative_control,2097,1209.808327935691,1740.0792070035982
868,negative_control,1116,1208.376716463333,1737.936016303659
869,negative_control,1988,1206.984219043006,1736.86142643545
870,Rpl18a,187,1211.064560835534,1699.7265620419212
871,Myc,117,1213.0811312828976,1745.3962612679325
872,Psmd8,166,1213.2689791630962,1634.8467378423657
873,Psap,160,1211.367569139726,1634.1326410522308
874,Rpn2,190,1212.7527444216537,1634.0969335164928
875,negative_control,1960,1212.5359720567026,1723.7500379861249
876,Ybx1,263,1213.8953829655063,1752.3843924580333
877,negative_control,1279,1214.2296932463205,1752.3972380245714
878,Hspa8,62,1213.654899003569,1752.6402193608494
879,Vat1,259,1213.3090126064944,1752.809863315728
880,Ywhag,265,1214.8405485479273,1753.6970951621452
881,negative_control,1288,1212.9696490538238,1753.822056893119
882,Rpsa,197,1217.1275009027204,1743.7450215746246
883,U2af2,249,1218.2738298470551,1614.3159408268195
884,Mrpl12,92,1219.6490507763988,1614.7074040116072
885,negative_control,481,1217.6419152710985,1614.4407094423764
886,Ncl,121,1217.694073686017,1614.7505942255648
887,Aars,1,1217.370867762113,1727.5369886522456
888,Rpsa,197,1218.0862378881393,1685.7018923653827
889,negative_control,1986,1219.397184524561,1715.082885203425
890,negative_control,2092,1220.15827658053,1714.4320826290814
891,Arf1,6,1218.933216377332,1714.064976195598
892,Uqcrq,257,1220.1378019249537,1714.5928422418374
893,negative_control,634,1219.5699749754403,1714.7369454355216
894,Eef1g,28,1221.306286759907,1714.879741542591
895,negative_control,827,1219.6216201369173,1715.1582645122571
896,Vim,261,1218.7770136019872,1599.3615475785746
897,Rps15a,191,1219.1846104587185,1600.1928741437123
898,Psmd8,166,1218.8549791029695,1599.4106102623882
899,Rpsa,197,1219.80541907547,1691.526958421467
900,Prrx1,159,1219.252548236072,1608.5233931914645
901,negative_control,1476,1220.9169478856054,1708.606545929695
902,Rpsa,197,1221.3331499198805,1627.0108043977116
903,negative_control,2054,1221.2232711365436,1735.9582923254873
904,Ptgs2,170,1222.1572525720576,1737.430357938279
905,negative_control,460,1220.757637727852,1740.1143372583197
906,Rpsa,197,1224.150767672526,1713.0240428305074
907,Rpl21,188,1224.114137863768,1608.1973323154718
908,Msn,112,1223.7172403483169,1608.5633504947325
909,Psmd2,163,1226.4169282786129,1619.9058452287777
910,Ctsb,25,1226.866557321746,1734.6537534483034
911,Loxl1,78,1226.575589447738,1626.2349625637148
912,negative_control,851,1226.4443168995326,1626.5939387551252
913,Ctbp1,24,1226.0057629605517,1626.3754983082442
914,Taldo1,223,1226.435982237459,1740.3879734158118
915,Vim,261,1228.7503737947618,1740.7879989921985
916,Emp1,39,1227.5163162736476,1739.4010252181872
917,Arpc2,7,1226.7409356228818,1739.0457606732818
918,negative_control,1082,1226.0854809405373,1740.68044387937
919,Cox7a2l,18,1228.4123427739253,1741.249211055315
920,negative_control,1759,1228.0350921907902,1716.908975566945
921,Tspan3,245,1228.0734255205034,1718.3433435058362
922,Ctsb,25,1228.6189775726125,1647.6637533209637
923,Rpsa,197,1227.919868224741,1611.3486129595422
924,Rpsa,197,1228.299160834047,1515.3399491085152
925,Tnfrsf1a,233,1228.3201224745137,1745.1918652656466
926,Pdia6,142,1228.8766290524122,1745.4859354528653
927,Eef1g,28,1228.7413606545524,1746.2324854154888
928,negative_control,611,1229.6535179239545,1746.2831021040624
929,negative_control,550,1228.6178708360503,1744.336908972003
930,negative_control,317,1228.9819687953143,1746.4730343942977
931,Ctsb,25,1229.5872628369316,1674.9373944280098
932,Npc2,128,1230.465480614975,1673.9146405922445
933,Vim,261,1229.9525840301458,1620.4691876147797
934,Raly,177,1229.7207041202105,1620.458844483324
935,Psmd2,163,1229.9353776956063,1621.8211524008962
936,Rpsa,197,1232.4266339249607,1712.4611216319106
937,Rpsa,197,1232.2061233027807,1716.3682244158065
938,Prrx1,159,1233.234895284481,1529.0671503624044
939,Lamp1,74,1232.8295520778715,1662.6622318583927
940,Rps15a,191,1234.280280095266,1662.5088174663654
941,Ndufs8,123,1232.2527989159007,1662.7461142890636
942,Rpsa,197,1234.060726199492,1662.6028330304714
943,negative_control,551,1234.4564719612215,1725.6942984045504
944,negative_control,1951,1235.8548520097097,1726.131692962946
945,negative_control,1754,1234.5738461631004,1729.110243721502
946,Vim,261,1234.9434739103815,1730.5287546535988
947,negative_control,1854,1235.2088214382752,1729.558066471431
948,negative_control,1275,1235.9231831071431,1727.6056252897697
949,Prrx1,159,1234.917664119053,1728.4335712762163
950,negative_control,550,1234.7788686349606,1733.7961249098823
951,negative_control,692,1235.144931347509,1733.0827230551204
952,negative_control,1493,1235.7381744583236,1733.709957467677
953,negative_control,802,1234.81162220192,1734.641157860351
954,negative_control,763,1235.4174017305318,1732.7850650001883
955,Timp2,229,1235.112566866063,1733.1384400226702
956,Fbln2,42,1235.4529277170604,1608.536437644373
957,Prrx1,159,1235.7147274580143,1738.5124556733583
958,Rpsa,197,1236.5799025790557,1640.216434596708
959,Rpsa,197,1237.144148090674,1643.7536548042765
960,Sf3b2,205,1238.5471503856218,1700.6665614904773
961,Rpsa,197,1237.3659906522846,1702.2709561876593
962,Rpsa,197,1238.0171436359508,1685.3083491235805
963,Vim,261,1240.256113366989,1568.5385720363734
964,Rpsa,197,1239.5089791724545,1568.7135472606951
965,Psmd2,163,1241.5734841304625,1727.3430437022084
966,negative_control,2087,1241.6669703959883,1563.8392517525417
967,Vim,261,1241.385290454739,1539.991795302834
968,Prrx1,159,1241.5289847711028,1522.5269667399689
969,Sat1,200,1243.4087819653623,1543.4446696313755
970,Aebp1,4,1244.9260935888228,1691.5035054412313
971,Rpsa,197,1247.738707701441,1625.4764496852592
972,Igfbp6,68,1248.814603055122,1732.9679530849944
973,Rpsa,197,1249.0203522008285,1618.0669826027915
974,negative_control,1415,1251.2941444173784,1721.6186224264377
975,Rpsa,197,1250.4890733359866,1542.611947475246
976,Fbln2,42,1252.4372469721056,1635.9959678178543
977,negative_control,551,1252.508977806866,1601.2141119683176
978,negative_control,864,1251.4046722194048,1601.0087390585263
979,negative_control,844,1252.1838242416309,1600.3834652801477
980,Rbbp7,181,1254.2687248239358,1697.7486348636733
981,negative_control,1696,1253.5628443485189,1578.927500427858
982,Fbln2,42,1254.9030024737065,1700.4225917253216
983,Rpsa,197,1254.7812232381102,1622.8494303289888
984,Tubb5,246,1257.9316364473466,1589.9360467492793
985,Rpsa,197,1257.3755027191346,1590.0858074014
986,Aars,1,1258.2019976852516,1575.233531896096
987,negative_control,550,1258.3182555544993,1611.6742618413923
988,negative_control,1954,1257.3932346133815,1610.5191281324207
989,Rpsa,197,1259.213254848033,1718.8708922343767
990,Csnk2b,23,1259.3379194268025,1677.4903998758884
991,Prrc2a,158,1260.8487272201016,1677.9135017657943
992,Hspa9,63,1261.659085218335,1676.3430303783416
993,Fbln2,42,1259.5924957891507,1676.3842663225296
994,Maged1,82,1259.350588148152,1703.8230900684998
995,Aebp1,4,1259.9755313460862,1704.0272186968973
996,Rpsa,197,1263.0327421421534,1574.8346136979308
997,Rpsa,197,1264.1185064280098,1679.276553770041
998,Rpsa,197,1263.6740168151275,1593.1532503679937
999,Psmc2,162,1265.650827367698,1711.9628544147265
1000,Ctsb,25,1265.7642793934056,1580.2394565910254
1001,negative_control,560,1265.9614104850752,1601.196905523684
1002,Uqcrc1,256,1266.947263965813,1677.2744449746629
1003,Fbln2,42,1266.8511603814363,1678.2036189166806
1004,negative_control,298,1266.1661830193198,1731.007475979522
1005,Rpsa,197,1267.5578078244607,1721.9995588023132
1006,Stip1,221,1267.4259382513535,1582.7154325266715
1007,Ywhaz,268,1267.4998382835338,1582.7684390622871
1008,negative_control,545,1268.778234810247,1583.2269853162895
1009,Rpsa,197,1269.9890039797642,1658.5202061292468
1010,Rpsa,197,1270.5661380122906,1547.8246036168152
1011,Psmd2,163,1272.7286923073784,1570.2747651899251
1012,Aebp1,4,1274.3657604014188,1623.707351427994
1013,Psmd2,163,1275.0422721885343,1603.0340849504282
1014,Prrx1,159,1275.9196796317317,1560.5600736694837
1015,Rpsa,197,1275.674511439429,1570.717606403272
1016,Psmd2,163,1276.9470590601918,1628.0092115223406
1017,Aebp1,4,1277.330417559782,1714.8726232477989
1018,Ctsb,25,1277.3427391259956,1597.3182147858229
1019,Fus,47,1277.6767086500622,1544.9237285503466
1020,Aars,1,1278.794022547075,1671.1305598050471
1021,negative_control,1503,1279.6788195080037,1603.9658615469073
1022,Rpsa,197,1279.0867021106592,1602.9436214942766
1023,Prrc2a,158,1279.4508954371586,1601.6000088908086
1024,negative_control,1609,1280.671362901465,1694.9202274828972
1025,negative_control,414,1281.5340557103157,1694.9676389978783
1026,Fbln2,42,1280.1361650756066,1696.9803867952603
1027,negative_control,1061,1281.5527734641792,1695.9045251336831
1028,negative_control,280,1281.7857407255829,1694.7900588388125
1029,Msn,112,1282.5994502786498,1695.4186716850031
1030,Rpsa,197,1281.1526265563296,1575.7832768993349
1031,Ybx1,263,1282.2600700946932,1568.6890486240045
1032,Rpsa,197,1282.3568513108737,1569.9048544483674
1033,Ctsb,25,1281.6379266643985,1685.2300057616671
1034,Rpsa,197,1281.8252956428175,1563.5935447617412
1035,Psmd2,163,1285.3207925544732,1546.6955199634535
1036,Ctsb,25,1285.9379922912012,1706.8116027107494
1037,Fbln2,42,1285.0610339102602,1649.3436953122082
1038,Ctsb,25,1286.6455030099346,1566.8419117260787
1039,negative_control,346,1289.3887214123615,1561.8242613315383
1040,negative_control,1938,1288.0859345778758,1559.9771613080668
1041,Ywhaz,268,1289.227686687986,1561.8055144400814
1042,Eif4g2,38,1288.2184405270425,1602.082073442805
1043,Aco2,2,1287.6117796437218,1602.3857654184774
1044,Aebp1,4,1289.7681891960672,1602.8267800353988
1045,Rpsa,197,1291.0569991561529,1555.557497639891
1046,Aebp1,4,1291.6498139224082,1713.3877765695652
1047,Vim,261,1290.149503653448,1720.538931887637
1048,Rpsa,197,1291.3005000797011,1720.5222584919372
1049,Nedd4,126,1291.3447026930537,1546.949903289869
1050,negative_control,555,1292.9503402567327,1546.3397792797637
1051,Rpsa,197,1292.9559217585745,1586.4784125613328
1052,Rpsa,197,1295.1554940092851,1663.006914537721
1053,negative_control,1716,1294.723898330273,1579.3335406737556
1054,Igfbp6,68,1294.015175220632,1698.0475520823886
1055,Rpl18a,187,1294.573895521611,1697.5266367750685
1056,Aebp1,4,1294.927330835528,1643.7260853783578
1057,Eif3e,34,1295.3188390661958,1599.3901694831588
1058,negative_control,640,1295.3265606840478,1599.1083878775644
1059,negative_control,1371,1294.773832708555,1597.9277675009866
1060,Ptgs2,170,1297.1910425459014,1704.759886353847
1061,Nr4a1,130,1297.2671181911865,1704.462984824322
1062,negative_control,298,1297.5095190150464,1714.281566349943
1063,Lmna,77,1300.5168703430604,1714.2521457596613
1064,Rpsa,197,1297.3807065393812,1606.635422953843
1065,Myc,117,1298.142763104886,1659.2323671754552
1066,negative_control,550,1298.6403344876044,1724.1582265393974
1067,Tubb5,246,1298.571328530471,1723.0714358935268
1068,negative_control,943,1300.1028976985604,1577.192464406095
1069,negative_control,1907,1300.244418548044,1576.9723569912926
1070,Ctsb,25,1300.819434722972,1712.2356213991902
1071,negative_control,1842,1303.525044161893,1586.791018726323
1072,Lrrc59,79,1303.2233128775908,1704.7424709845438
1073,Ctsb,25,1303.1290129705474,1703.755146755833
1074,Eef1g,28,1303.5789798148885,1703.885541729207
1075,Puf60,171,1302.595107588,1702.1610752312192
1076,Fbln2,42,1303.680065354733,1585.0252723501749
1077,Fgf7,43,1304.7597346307202,1570.467749722865
1078,Aars,1,1305.3316503865187,1570.872841124852
1079,negative_control,498,1304.1597095017994,1570.854468161688
1080,Cct5,10,1306.1341067773358,1570.8648960398186
1081,Mdh2,85,1305.623672662014,1571.5255917546565
1082,Rpsa,197,1305.6523491321743,1693.6337214677174
1083,Rars,180,1304.614044290617,1551.5120925336164
1084,Uqcrc1,256,1304.8623523981448,1550.252861878873
1085,Fgf7,43,1307.3092220483825,1552.524606047154
1086,negative_control,574,1305.6463993255402,1551.565566955134
1087,negative_control,926,1307.1066048146895,1550.8510094691806
1088,negative_control,1779,1305.6932266330582,1552.339650029021
1089,negative_control,1626,1305.8413307545538,1551.4194239189053
1090,negative_control,1794,1305.7662012889623,1551.986988406155
1091,negative_control,1237,1305.917570453959,1552.2006283651392
1092,Aebp1,4,1309.443234735974,1580.779233301559
1093,Rpsa,197,1309.7960176983947,1538.878410400791
1094,negative_control,1647,1311.379697905721,1576.311320755173
1095,Ercc1,40,1312.0229878753107,1575.0639805122876
1096,Npc2,128,1311.834361844433,1574.1999204299882
1097,Aebp1,4,1311.0439316822926,1575.8111477990094
1098,Ctsb,25,1313.1689435975711,1716.2680748009248
1099,Fbln2,42,1314.1012953495406,1574.3604855417734
1100,Ctsb,25,1314.4083575937254,1564.7678273315646
1101,Aebp1,4,1314.971084922987,1668.6897152924803
1102,Slc38a2,209,1315.1588265686107,1669.5757205524687
1103,Prrx1,159,1315.6781983427468,1661.6366946174787
1104,Mrps25,108,1316.955183501022,1559.5953030873386
1105,Trim28,241,1316.3242093610231,1559.1279388573716
1106,Ctsb,25,1316.2953157767222,1652.1440604226436
1107,Tubb5,246,1316.5764441603128,1681.2600546303756
1108,Aebp1,4,1316.430010962471,1682.832205175433
1109,Clta,15,1317.2723679617334,1681.1971034064477
1110,Tcf25,226,1316.1688084541083,1682.3097930306642
1111,Hspa8,62,1314.9981813349457,1681.91403970713
1112,Ptgs1,169,1317.1725746956977,1634.8570743932994
1113,Rpsa,197,1316.5598846683624,1635.6365430661915
1114,Rpsa,197,1317.4425195521126,1626.292222151733
1115,Cct5,10,1317.2774021478576,1573.5727165870758
1116,negative_control,892,1316.7489828925209,1572.5469818193935
1117,Ctsb,25,1317.9324381939905,1597.8613814770592
1118,Gsto1,54,1319.7691455955592,1561.142058885468
1119,Igfbp6,68,1320.1445577444024,1561.2240663568637
1120,Aebp1,4,1321.1958103362304,1679.1883153078236
1121,Rpsa,197,1320.9337472792258,1710.6108520274752
1122,Npc2,128,1322.117754262991,1699.27727574255
1123,Prrx1,159,1321.4865857969862,1699.544133880346
1124,Rpsa,197,1322.5307102424454,1691.4412919855522
1125,Rpsa,197,1322.6765948758882,1583.376720253236
1126,Fkbp9,46,1322.6771481635617,1584.600753774556
1127,Ctsb,25,1324.137197704901,1581.260233479552
1128,Pdia6,142,1324.6415567788686,1576.1408121631366
1129,Rpsa,197,1325.7529127563096,1575.8705827449949
1130,Rpsa,197,1325.9556742374305,1589.8274101500829
1131,Mbd3,84,1326.3476489293964,1561.0502184137254
1132,negative_control,1247,1325.3423492344168,1561.959281627798
1133,Hdgf,56,1326.0223222238164,1561.0096015060028
1134,Lamp2,75,1324.539505786951,1601.2367046804827
1135,Rpsa,197,1326.871775409988,1550.4277304318362
1136,negative_control,1026,1328.2007317814198,1598.0766762982146
1137,Psmd2,163,1328.6564998609374,1557.0539029085546
1138,negative_control,468,1328.0237141549603,1558.3569480560895
1139,Rpsa,197,1330.937914985825,1572.3805066332266
1140,negative_control,1950,1330.4252377754206,1571.9591251132974
1141,Aebp1,4,1332.4306661519388,1612.7035424023345
1142,negative_control,1656,1332.848595434271,1569.435106531338
1143,Ctsb,25,1333.8108745141024,1569.321474984903
1144,negative_control,1540,1331.620937871824,1570.0973294750513
1145,Tmed9,231,1333.8255748164029,1570.018927230773
1146,negative_control,1871,1332.2337450361658,1571.0586746092267
1147,Fbln2,42,1335.9941389739909,1559.1134205150397
1148,Sec13,204,1339.2792553427782,1563.324785709729
1149,negative_control,445,1337.5439243410706,1564.0354058305736
1150,U2af2,249,1336.7378552544992,1565.1865161616588
1151,negative_control,1296,1336.494050566831,1565.566748013206
1152,Aebp1,4,1337.0536637338892,1591.5430096888326
1153,Rpsa,197,1337.22631995365,1697.9474057803156
1154,Aars,1,1337.724845639276,1700.4343860896424
1155,Ptgs2,170,1337.192923411385,1700.5747965185085
1156,Fbln2,42,1337.7667979500002,1568.9664030046583
1157,Rpsa,197,1338.8510004463765,1579.6045413353163
1158,Rpsa,197,1338.4432423787111,1543.6811423665804
1159,Rpsa,197,1340.1212932761891,1582.2916558359425
1160,Aebp1,4,1340.7544501006082,1666.8501485817376
1161,Psmd2,163,1341.6900514462147,1680.9361217575488
1162,Rpl18a,187,1340.697232252889,1693.227312479662
1163,Fbln2,42,1342.614322597364,1592.687753344453
1164,Rpsa,197,1342.9174924345543,1661.5927594127802
1165,Hnrnpul1,60,1340.9541167743791,1553.1936456341157
1166,Aco2,2,1343.0212878061038,1554.8784210264346
1167,negative_control,965,1343.546307980867,1552.807242484016
1168,Ptges3,168,1341.962961869836,1552.1745632589095
1169,Rcc2,183,1344.6921367131563,1585.8227574875104
1170,Emp1,39,1343.6481777505585,1586.9946871203408
1171,Gas1,50,1343.9428645552248,1587.821661811398
1172,Vim,261,1344.4463191154928,1586.2131963657123
1173,Hnrnpk,59,1344.7822553873773,1585.1175878624117
1174,negative_control,842,1344.1072826429274,1586.6644438691144
1175,Thy1,228,1343.1909773694904,1588.0094839110425
1176,negative_control,966,1344.1189760048997,1557.448295880035
1177,Rpsa,197,1344.405684894355,1602.1803622693003
1178,Rpsa,197,1345.8002239311108,1569.0922432959248
1179,Aebp1,4,1345.4670992769709,1655.95014800542
1180,Aebp1,4,1346.7568820822244,1576.6911386901045
1181,negative_control,1711,1347.526908134835,1563.04196257158
1182,Rpsa,197,1348.3827087387058,1561.9433417911391
1183,Fbln2,42,1347.9713272646493,1584.5120843255722
1184,Rpsa,197,1349.768073529796,1545.0258789567831
1185,Ctsb,25,1350.285512000559,1637.1617729225743
1186,Rpsa,197,1351.1535292846152,1585.3116297960928
1187,Rpsa,197,1353.5256768160689,1690.8442363108602
1188,Aebp1,4,1352.739023798158,1584.2811134415288
1189,Rpsa,197,1356.194212755678,1594.718692247711
1190,negative_control,560,1355.7049055748712,1556.2987575448883
1191,Ctsb,25,1357.0417822896618,1666.3563103206693
1192,Aebp1,4,1357.6540054940326,1672.706307642401
1193,Rpsa,197,1359.6773920068183,1640.6316168584176
1194,negative_control,1960,1361.942265391918,1573.4976408296711
1195,negative_control,1835,1362.4533045835594,1577.154248970529
1196,Cited2,13,1363.0435473353753,1577.3199570753063
1197,Ctsb,25,1362.2687875405547,1690.2397564232156
1198,Fgf7,43,1362.1041689568733,1571.0797662381206
1199,Msn,112,1362.7320747720353,1571.0191176608814
1200,Hspd1,64,1363.883571271126,1569.1976709890937
1201,negative_control,605,1362.8506490295936,1570.6860702638123
1202,negative_control,883,1363.8027440402927,1570.5512556822223
1203,Sat1,200,1363.8594577418437,1569.6524635924295
1204,Rps15a,191,1360.300133445279,1571.55868098119
1205,negative_control,1808,1364.9419542931182,1570.184802286834
1206,Rpsa,197,1365.0932633686448,1667.7866798408786
1207,Ctsb,25,1364.6729456841404,1592.5641616774312
1208,Rpsa,197,1365.4253001442075,1538.2252985217417
1209,Aebp1,4,1367.2277121808738,1624.7211932169716
1210,Rpsa,197,1367.7111316577293,1585.1133684404208
1211,Actn4,3,1368.1173371942332,1554.6140900189923
1212,Kars,72,1365.8976308356953,1557.8859286548482
1213,negative_control,872,1367.1241144980668,1554.1159577974463
1214,negative_control,1386,1367.824197395703,1557.5171013864908
1215,negative_control,1478,1369.143132355895,1554.313712399579
1216,Pkm,144,1366.6240323520096,1556.3554452289568
1217,Paics,137,1368.036939830137,1554.2012435738966
1218,negative_control,1031,1367.3269556385144,1556.8336505676475
1219,negative_control,1750,1369.1243045853091,1554.4792630794443
1220,Msn,112,1368.3383604243268,1556.2276814089337
1221,Sdc4,202,1367.50937367457,1554.4719925489155
1222,Aebp1,4,1370.5570060084451,1641.2312585070836
1223,Ncl,121,1370.1493362320346,1552.0460705632004
1224,negative_control,379,1369.769450806379,1551.888304075007
1225,Polr2m,149,1372.9233812011655,1549.1899364825729
1226,negative_control,691,1371.1699476525512,1548.2255773745178
1227,negative_control,570,1373.0913050153272,1548.694580517364
1228,negative_control,1603,1372.0894003606527,1548.115358729151
1229,Rpl18a,187,1370.7476137715664,1679.812241845316
1230,Ybx1,263,1370.4228760058743,1680.3020585002882
1231,Thy1,228,1372.6587854285026,1603.8582456760837
1232,Aebp1,4,1371.991672449582,1606.6919854791574
1233,Ybx1,263,1371.367502180853,1605.5146602418456
1234,negative_control,1292,1373.319453868353,1605.649774365315
1235,Ptbp1,167,1372.974163286449,1606.8978709513403
1236,negative_control,388,1372.03310911296,1578.0785473260082
1237,Rpsa,197,1372.2075600261437,1702.073871255869
1238,Uqcrc1,256,1372.8691532739222,1565.5379341739897
1239,Mrpl37,99,1372.3304591631409,1565.260310700934
1240,Rpsa,197,1372.9015241294665,1564.9097657254677
1241,Ywhaz,268,1373.352464586739,1564.5571238540776
1242,Arf1,6,1374.3380738727942,1563.3036478464928
1243,Ctsb,25,1373.5428909235775,1594.715361378595
1244,Rpsa,197,1374.9424607959354,1628.02186192123
1245,Rpsa,197,1375.8847908400746,1687.5665717096383
1246,Rpsa,197,1376.630776811434,1591.560141829755
1247,Vim,261,1377.222347460136,1555.0635259139742
1248,negative_control,1103,1377.9577514110103,1553.724909968024
1249,Rpsa,197,1377.0203879144456,1535.6820355316613
1250,Rpsa,197,1377.465097717074,1657.6946269565594
1251,negative_control,790,1379.332673761931,1604.2637407773225
1252,Pdia6,142,1378.1322800345083,1604.111388714387
1253,Rpsa,197,1378.73668436794,1605.4191668155158
1254,negative_control,298,1379.1548971868642,1634.758798529515
1255,Rpsa,197,1380.7253491070314,1666.2148724308115
1256,Rpsa,197,1381.2381297712216,1611.0114559241956
1257,Sf3b2,205,1382.2044889152007,1670.2042585710983
1258,negative_control,315,1382.1562021422103,1671.732410337937
1259,Ctsb,25,1381.4304383470285,1585.026540245063
1260,negative_control,1591,1381.5004749284008,1585.2076138717334
1261,negative_control,1757,1381.815827486691,1677.077825710696
1262,Vim,261,1382.6258365499164,1676.8839602242529
1263,Mrps18b,106,1382.2049655092674,1675.7882704530443
1264,negative_control,1466,1381.8383635573514,1676.0968475653049
1265,negative_control,1417,1382.3093109142724,1641.8234051838665
1266,Ctsb,25,1382.0221073574642,1642.290434575266
1267,negative_control,1349,1383.086577892033,1641.699606997731
1268,Fbln2,42,1382.8004009279734,1617.357303026697
1269,negative_control,1907,1382.8064715376147,1578.7533090846575
1270,negative_control,910,1382.5663882515669,1577.6823449478284
1271,Fbln2,42,1383.8118228500962,1602.3494712374136
1272,Csnk2b,23,1385.138900775,1617.609968470205
1273,negative_control,853,1385.623135902454,1617.034478956986
1274,negative_control,298,1384.5206737171827,1618.59729075039
1275,Rpsa,197,1384.455235793993,1557.8973452134233
1276,Vim,261,1384.4208276348013,1547.6154170726136
1277,Cct5,10,1384.778224939345,1546.6431859177358
1278,Tbrg1,225,1385.7934970211145,1547.4370004597486
1279,Rpsa,197,1384.8056126770307,1548.0753047069695
1280,negative_control,1539,1385.415786922392,1539.4895672908017
1281,Gpi1,52,1385.2530997905603,1541.9198071816195
1282,H1f0,55,1385.207189425797,1541.4947809020262
1283,Rpl18a,187,1384.869194057986,1539.877403977298
1284,Ptges3,168,1386.350725580877,1665.5879204941252
1285,negative_control,1978,1387.319970183442,1666.496410016569
1286,negative_control,1395,1386.2202930899157,1666.0246732457183
1287,Mmp14,87,1387.5316379969404,1671.0467425625038
1288,Mdh2,85,1384.8206191522902,1670.3340913016398
1289,Eif3e,34,1385.0070242258073,1669.9089216891964
1290,Tomm40,235,1386.43457226511,1670.1692444373946
1291,negative_control,1946,1386.4103952952005,1670.3389664523206
1292,Pdia6,142,1385.5688146024686,1615.4897199240745
1293,Zyx,271,1386.2393020104246,1615.087123801301
1294,Rpsa,197,1387.1288187276705,1660.7109036511176
1295,Vim,261,1386.4519203558148,1643.7234566539323
1296,negative_control,466,1386.9651329682567,1643.5396968610178
1297,negative_control,570,1385.9786197828896,1602.6424477684182
1298,Aebp1,4,1387.9417860521737,1590.7556798114665
1299,Rpsa,197,1388.0499932330613,1585.965110938671
1300,Rpsa,197,1389.683073876534,1624.0746757901074
1301,Ctsb,25,1389.7266126654497,1650.5714289092157
1302,Ctsb,25,1390.2780780693884,1644.781177718608
1303,negative_control,1736,1392.6040256226431,1595.0682042881213
1304,Fbln2,42,1391.5529668129948,1594.7355797127418
1305,Rpsa,197,1392.53671087465,1531.5810043665952
1306,Rpsa,197,1392.790815860665,1670.4283228366392
1307,Rpsa,197,1393.8918610091494,1553.4022878328435
1308,negative_control,966,1393.400959554341,1553.3150106228068
1309,Grina,53,1394.5473959090414,1598.8259004187075
1310,Eif4g2,38,1393.6031739964365,1601.944812282541
1311,Nucb1,131,1395.0018729766357,1602.2417458081718
1312,Psmd2,163,1395.4843672602103,1601.4775251602734
1313,negative_control,466,1394.318710835925,1600.4403869506714
1314,Ctsb,25,1395.3161314287463,1598.54553879765
1315,Rpsa,197,1398.247960420798,1652.4351275002375
1316,Rpsa,197,1398.2727019003594,1581.942793394349
1317,Mrpl41,102,1398.192795700632,1552.7364278819043
1318,Pkm,144,1400.7284457655685,1567.176952582643
1319,negative_control,1113,1401.3847189214962,1566.1679943174463
1320,Rab34,172,1402.0741572634695,1564.7325669263068
1321,Rpsa,197,1400.3709345540983,1565.005451137489
1322,Lrrc59,79,1401.0964617825323,1565.603406491789
1323,Puf60,171,1401.1991762031216,1566.789359095697
1324,Rpsa,197,1400.9261502041063,1605.9525341467695
1325,Rpsa,197,1400.8078932484111,1642.468773513079
1326,Fkbp4,44,1401.0123662039118,1642.4953869168742
1327,Mbd3,84,1400.5400024424744,1670.9519608655664
1328,Pgrmc1,143,1402.418974666703,1672.2417122950314
1329,Rpl15,186,1401.0633879357392,1670.9671944381794
1330,negative_control,1748,1401.042502143269,1671.4413602050593
1331,negative_control,549,1401.480899377682,1672.2619750727304
1332,negative_control,1954,1401.70862140092,1671.3036403828305
1333,Ctsb,25,1402.873062864045,1637.896560059349
1334,Ercc1,40,1401.166336670937,1527.8609266402648
1335,Myc,117,1403.3600012633203,1527.2730839243432
1336,Rpsa,197,1402.827192911875,1542.120526680739
1337,negative_control,1796,1404.3967709137291,1568.1225341026684
1338,Vdac1,260,1402.5728591219315,1571.0220644886665
1339,Ergic1,41,1403.7684265016094,1569.1309019895227
1340,negative_control,1577,1402.7042484935007,1568.926306449525
1341,negative_control,353,1403.4638772705498,1570.5550542586018
1342,Rpl18a,187,1402.9129506273043,1572.1352790960475
1343,negative_control,1108,1403.6824685459735,1569.8696610009672
1344,negative_control,565,1403.115111846304,1568.8998337648204
1345,negative_control,1260,1404.6120541111109,1534.8130315166018
1346,negative_control,1500,1404.9899933668669,1535.213635582584
1347,Rpsa,197,1404.7564002054712,1518.7883760234215
1348,Rpsa,197,1405.8949280303395,1562.6795959015983
1349,Arf1,6,1405.490667281184,1555.1991636214204
1350,negative_control,1184,1405.1545676019186,1555.5414532032232
1351,Sdhc,203,1405.1787681750347,1555.9879307397005
1352,Maged1,82,1407.3758602293008,1557.1040450700332
1353,negative_control,1477,1406.2998187924031,1558.455159508754
1354,Hsd17b12,61,1407.1013718089764,1555.077292525982
1355,Aebp1,4,1406.5293341746997,1614.3750458786403
1356,negative_control,586,1406.0988267757837,1615.352383366875
1357,negative_control,1437,1407.7918164759092,1539.6986816045307
1358,Vim,261,1408.4527845106577,1538.758741283234
1359,negative_control,1908,1409.0302664111869,1625.104408294402
1360,Myc,117,1409.913696690626,1542.7237900703474
1361,negative_control,305,1409.4123595822389,1542.5545670865704
1362,Ncl,121,1408.86763103285,1541.5268067253387
1363,negative_control,1766,1410.0925324840298,1542.9095986313023
1364,Rpsa,197,1409.236129307447,1673.1071054229687
1365,Txn2,248,1413.6869155220368,1556.756202781216
1366,Rpsa,197,1411.816797619438,1557.8552060319885
1367,negative_control,676,1412.6397617169457,1557.2166888395122
1368,Tubb5,246,1413.774258214723,1558.3559759999316
1369,negative_control,1596,1412.232819523914,1555.7045232414248
1370,negative_control,2011,1412.7678540208171,1557.603503697513
1371,Vim,261,1413.4123549981443,1552.7288827383354
1372,Gsto1,54,1414.0542843664923,1554.4733713245926
1373,Rpsa,197,1413.5217928400953,1538.6708793495218
1374,Efemp1,29,1409.1986271536566,1635.4204588866792
1375,Psap,160,1412.2765449996082,1636.9994791492818
1376,Rpsa,197,1412.8437294421328,1637.323482910702
1377,Rpsa,197,1413.2473693039865,1628.5701201073148
1378,Hspa8,62,1415.691643594504,1552.814086471425
1379,Rpsa,197,1414.7798246578286,1550.710064751567
1380,negative_control,944,1416.480495159858,1551.0805581468803
1381,Rpsa,197,1416.6352600117157,1535.276763646811
1382,Ncl,121,1415.8670774778038,1536.297240997246
1383,Ywhae,264,1417.6387429039992,1568.6262730038056
1384,negative_control,561,1417.1576118824364,1568.2432513055337
1385,Vim,261,1417.110843395846,1568.64493923438
1386,Hdgf,56,1415.5120970959824,1569.1237453285407
1387,Stip1,221,1416.191153885994,1566.3930783791302
1388,Ybx1,263,1415.342716971051,1565.679974207389
1389,Zyx,271,1415.4321035602911,1565.0633041405465
1390,Fus,47,1416.0290353076866,1569.4702080392074
1391,Eef1g,28,1416.7789060034795,1567.2716584246475
1392,Rpl18a,187,1415.7239056774968,1569.922318751103
1393,Rps6kb1,195,1417.4797166473,1567.6120587656703
1394,Polr2e,148,1416.2580923914932,1568.6334908977217
1395,Ctsb,25,1416.7270266497123,1578.520925990557
1396,negative_control,315,1417.310383105777,1554.2358170782582
1397,Aebp1,4,1417.9844789869514,1574.1123364105297
1398,Rpsa,197,1417.612838521797,1634.9212468782232
1399,negative_control,1307,1417.5830294033444,1629.2600993963208
1400,Fus,47,1415.7536058140793,1629.5067851437354
1401,Emp1,39,1417.5031400128778,1630.3519691569504
1402,negative_control,796,1417.4692500935705,1629.3796319984938
1403,negative_control,1915,1418.0883478620317,1629.6008388073792
1404,Eef1g,28,1419.1038684713128,1663.151940179771
1405,Rpsa,197,1419.7560362352167,1663.0817680507178
1406,negative_control,1744,1422.2427195193366,1651.8619269720937
1407,Pkm,144,1421.4879173988982,1650.51152516069
1408,negative_control,1268,1422.7956490588083,1650.8710425118743
1409,negative_control,1478,1421.424383361316,1650.5993667649211
1410,Rpsa,197,1423.0314818130923,1648.861760180616
1411,Rpsa,197,1422.7884441614633,1592.1286438424106
1412,Rpsa,197,1423.0683078028126,1565.9737402615133
1413,Gsto1,54,1423.898710622188,1522.9443760510296
1414,Prrx1,159,1423.2178128276585,1523.226255077177
1415,Psmd2,163,1424.6279996692942,1532.5535249355155
1416,Gsto1,54,1423.3137305384255,1547.9733773410326
1417,Ctsb,25,1425.4060716238807,1582.7189624255757
1418,Mrpl17,95,1426.0860317138045,1544.4952637532854
1419,Eif4b,37,1426.166423165393,1544.7289902755583
1420,Vim,261,1426.6136084391774,1543.8081326462482
1421,negative_control,2032,1426.7261575148382,1545.3481243572428
1422,negative_control,401,1425.2383413718817,1543.6162380771354
1423,Rpsa,197,1426.8313660769777,1596.9757394171488
1424,Rcc2,183,1426.799555781664,1549.0806028513227
1425,Rpsa,197,1429.7471780398375,1549.124877824218
1426,Mtch1,115,1428.527964483135,1549.1740455989243
1427,Sfpq,206,1428.1402745300118,1549.7899952763817
1428,Rpl21,188,1426.7744708610771,1551.5348164709262
1429,Prrc2a,158,1426.9266654109738,1547.9180241367603
1430,Hspa8,62,1426.4281940811131,1550.281960244575
1431,Mmd,86,1430.2165192181992,1549.2084614955595
1432,Rpsa,197,1426.0036331293152,1520.673881268847
1433,Fbln2,42,1426.9115973024805,1615.1258816398931
1434,negative_control,841,1429.0843551541964,1618.297928092799
1435,negative_control,1371,1429.003349443842,1617.86271876538
1436,negative_control,1478,1429.650267465439,1602.7589158196
1437,Nap1l1,120,1430.9858879845124,1607.816899447922
1438,Vim,261,1429.6589960605668,1609.0033930326445
1439,negative_control,1013,1431.7580288763172,1610.325140084149
1440,Kars,72,1429.281846163987,1608.1706047020152
1441,Rpsa,197,1430.0737584639253,1606.9662573781632
1442,negative_control,1954,1430.5693178476772,1609.0532175284418
1443,Rpsa,197,1430.9595372928552,1580.2979543501524
1444,negative_control,1321,1431.007086565847,1579.603132524762
1445,Rpsa,197,1431.6671481842875,1586.1762468321274
1446,Tpi1,237,1433.0404091881362,1569.7224793497123
1447,Zfp36l2,270,1432.6416571855225,1570.421162715197
1448,Rpl15,186,1432.6500623103284,1569.6217763811171
1449,Rab7,174,1429.757343073945,1571.497136777081
1450,Hif1a,57,1428.0305786753518,1571.369919514847
1451,Aars,1,1432.4822226612785,1568.475143806763
1452,Arf1,6,1431.7307174687498,1571.2103704454112
1453,Arpc2,7,1429.1752548341155,1570.492843230974
1454,Psmd2,163,1433.047329404284,1546.1474480775555
1455,negative_control,638,1432.1474607267792,1561.2985385563738
1456,negative_control,362,1431.9395993981952,1589.9600558830584
1457,Nr2f2,129,1436.779807214379,1597.7136772237182
1458,negative_control,1840,1435.9362983781505,1597.855559904811
1459,Aebp1,4,1434.192050453176,1599.6749249513416
1460,Rab7,174,1436.0535906177563,1598.054453052741
1461,Zfp36l2,270,1434.7159080870304,1595.3398151821184
1462,Rpsa,197,1434.1379260032086,1621.821084961197
1463,Eif4g2,38,1434.4664938224228,1623.14612356037
1464,negative_control,1208,1434.8168456765266,1622.604779950678
1465,negative_control,549,1434.5508905550696,1527.9595858093198
1466,Myc,117,1436.422853478511,1551.4102692416095
1467,negative_control,1478,1436.9476336158532,1582.4848628898858
1468,Fkbp4,44,1436.652974699262,1584.0428703845057
1469,Emp1,39,1438.4489928916728,1528.0835259746302
1470,Rpsa,197,1437.8381587694437,1521.936062952611
1471,Psmd2,163,1438.3910805737644,1526.8985436797784
1472,Hdgf,56,1439.2344610120422,1605.0805542494058
1473,negative_control,553,1438.4352494332456,1604.622977433285
1474,Rpsa,197,1438.882255032947,1607.834706220664
1475,Vim,261,1438.826069029157,1607.2061189869498
1476,Mdh2,85,1436.8219676512738,1607.5768485687213
1477,negative_control,379,1438.5401018070236,1605.968463672372
1478,negative_control,1369,1438.6926387106028,1618.7597029587862
1479,negative_control,2063,1438.9109614309034,1617.6195979740514
1480,Ckap4,14,1440.5191537162234,1618.6420661084808
1481,negative_control,1764,1439.0873261192924,1619.1163118646832
1482,negative_control,807,1439.7963685293068,1618.5274983028828
1483,negative_control,1095,1438.6400354062748,1617.8678760675425
1484,Arf1,6,1440.6599614778852,1620.032895762573
1485,negative_control,701,1438.769982524962,1617.588712262732
1486,negative_control,317,1439.364988131361,1618.9475273138414
1487,negative_control,1133,1438.5420111965416,1618.354931446892
1488,Sf3b2,205,1441.216815104943,1618.4374980669566
1489,Plin2,146,1437.929472523941,1617.8584898802735
1490,Myc,117,1439.8616405499338,1618.0403250293723
1491,negative_control,1273,1439.8561773853714,1619.0000424766893
1492,Rpsa,197,1439.143813885802,1599.8951836999513
1493,Prrx1,159,1440.8190767377862,1638.7776847052464
1494,Psmd2,163,1440.7230580037958,1579.281715561246
1495,negative_control,561,1441.237777997477,1615.3936403749608
1496,Prrx1,159,1441.7488749142026,1558.3921385658346
1497,Aebp1,4,1442.2594324433123,1522.9031846655191
1498,Pkm,144,1441.9990946153312,1592.3404423747784
1499,Timp2,229,1442.0201660662756,1590.999775933246
1500,Vat1,259,1444.4589493575045,1588.0280621542336
1501,Prrx1,159,1445.1258735747792,1618.7947082992646
1502,Vim,261,1446.9233281788686,1546.8153626113544
1503,Rpsa,197,1446.810919925904,1615.7225939025525
1504,Ncl,121,1446.029760986337,1612.7800126458233
1505,Ugdh,255,1447.273395192278,1613.7752015090473
1506,Mtap,114,1446.7686146559474,1615.2178344486165
1507,Vim,261,1447.8628784219022,1627.952497136832
1508,Rpsa,197,1447.0081275338152,1627.079909917653
1509,Aars,1,1447.8696495975128,1498.509961394613
1510,Mtap,114,1448.2396036891578,1559.6192883799283
1511,Rrp1,198,1447.9046099355296,1558.0732449649436
1512,Vim,261,1449.87138419801,1554.3504729624733
1513,Rpsa,197,1450.525929590667,1549.3197219023032
1514,Zfp36l2,270,1451.018145980706,1575.9538367760235
1515,Puf60,171,1450.2105235603285,1575.338136675825
1516,Prrx1,159,1450.6184945007808,1574.8764426926084
1517,negative_control,446,1450.0769176751032,1574.7916680219514
1518,Cct3,9,1450.9750585624824,1572.9260850252017
1519,Nr2f2,129,1452.331708794159,1620.9219907709266
1520,negative_control,904,1453.510145983858,1622.183931794235
1521,Maged1,82,1452.167491506668,1621.175532384724
1522,negative_control,737,1452.061673939297,1621.593425022504
1523,negative_control,1364,1453.8653963556142,1623.0483931961585
1524,negative_control,633,1455.283210072155,1620.5178614199451
1525,Sat1,200,1453.497433604658,1620.8588848514478
1526,Lmna,77,1455.189271962215,1621.3026306389602
1527,Gsto1,54,1454.2345105242252,1621.2802789350806
1528,Aars,1,1452.0128178243765,1513.9096960944532
1529,negative_control,550,1452.772934634325,1584.2452468085353
1530,negative_control,614,1453.4168973272438,1585.1186897714488
1531,Hspa8,62,1452.9693477955734,1584.4362660439788
1532,Ndufs2,122,1452.0802160957146,1565.2668262585844
1533,Oxct1,134,1453.2331669563227,1565.5713676830835
1534,Cnn2,16,1453.7974580860318,1523.8650546923798
1535,Psmd2,163,1452.5701563711957,1523.7187112358015
1536,negative_control,1334,1453.587719851624,1522.141826010744
1537,negative_control,1779,1453.4048957337434,1604.3674295522796
1538,negative_control,1403,1454.4650432534715,1604.206720011788
1539,Rpsa,197,1454.492745393212,1596.293072885934
1540,Rpsa,197,1455.628770848891,1503.2944831285513
1541,Prrx1,159,1457.0057884214784,1562.4108369623366
1542,Vim,261,1456.0943136272688,1629.051070148821
1543,negative_control,1938,1457.1359907681249,1552.837902937953
1544,negative_control,1143,1457.328222872312,1552.477068506155
1545,negative_control,1070,1457.6379677822924,1553.252327749815
1546,Psmd7,165,1457.430663507611,1551.6620494896104
1547,negative_control,1256,1458.1567242715676,1553.2151691168476
1548,Arf1,6,1457.946332848012,1552.922451796245
1549,Sae1,199,1459.6098880719812,1622.30194952506
1550,Aars,1,1457.309816078433,1620.7320536410402
1551,Rpsa,197,1457.598364541654,1547.358696215702
1552,negative_control,944,1457.9691745113803,1605.9371836960606
1553,Grina,53,1457.0306158112585,1575.8247678178036
1554,Vim,261,1457.7472870531003,1575.151565446561
1555,negative_control,1776,1457.2661209471562,1575.338350806122
1556,Nedd4,126,1457.4446222734234,1575.1637912966162
1557,Psmd8,166,1458.386108780113,1574.9474034599475
1558,Tspan3,245,1459.041417584128,1545.082244972906
1559,Rpsa,197,1459.5233611307438,1602.0735444366535
1560,Aars,1,1459.2908972065554,1521.3432154954028
1561,negative_control,298,1459.0709570069982,1607.24833585194
1562,Rpsa,197,1459.9044172056526,1486.2052611462543
1563,Fxr1,48,1458.981823610809,1484.9386857399918
1564,Npc2,128,1460.5519501485685,1486.676151813196
1565,Rpsa,197,1460.924934509133,1556.6429770199315
1566,Ncl,121,1460.9134144954016,1565.6319392528512
1567,U2af2,249,1461.6958481152203,1565.3418944807229
1568,Rpsa,197,1460.9795607868953,1564.507783542866
1569,negative_control,1943,1460.535519738407,1565.4856893879846
1570,negative_control,519,1460.651066549074,1614.7476560096968
1571,negative_control,1965,1460.223798948948,1615.0819822683625
1572,Vim,261,1461.453429806089,1600.6722583599667
1573,Psmd2,163,1461.3921173684223,1620.6222530566474
1574,negative_control,1373,1461.948619248741,1584.4480625450924
1575,Actn4,3,1461.2044119560956,1584.9583680188516
1576,Rpsa,197,1462.1949992397736,1583.196102469179
1577,Hnrnpul1,60,1463.1867013091162,1583.109439767219
1578,negative_control,780,1462.3101046848378,1584.083928536318
1579,Hspa9,63,1461.8503363610664,1582.4894754021898
1580,Stip1,221,1461.4472969217256,1584.7283934121388
1581,Psmd8,166,1463.1858313522664,1518.7898185600525
1582,Psmd2,163,1463.3661089896016,1558.6245024588295
1583,Prrx1,159,1463.8104221813935,1563.0994803067429
1584,negative_control,1790,1464.9279104282869,1563.4775761133224
1585,Puf60,171,1463.905319339797,1546.3443512867243
1586,Rpsa,197,1464.0773874799038,1546.9677566307869
1587,Prrx1,159,1464.468364020758,1598.462884871008
1588,Rpsa,197,1465.534015155008,1530.7613269579847
1589,Lrrc59,79,1464.7999099347298,1531.160303262337
1590,Vim,261,1463.7237165650624,1531.417301511984
1591,Fkbp4,44,1466.4819339684586,1530.3366743692006
1592,Rps15a,191,1464.3847145771776,1589.1004836502775
1593,negative_control,368,1465.960574735273,1588.8236961642826
1594,Fbln2,42,1465.6241279704122,1588.2204308051223
1595,Rpsa,197,1468.8078461646037,1496.0674066343172
1596,negative_control,555,1468.5203231234725,1586.534648642708
1597,negative_control,1736,1468.4139256354624,1586.8500228031703
1598,Psmd2,163,1468.9486630854492,1490.4400989541366
1599,Rpsa,197,1468.6197754805155,1555.6216810892442
1600,Rpsa,197,1471.0379003337991,1475.2078188661555
1601,Vim,261,1471.9965067029025,1595.732232158616
1602,Raly,177,1471.2084563741594,1595.6686007275646
1603,negative_control,2026,1470.6342287588873,1594.088594189941
1604,Uck2,254,1470.3455764645073,1594.0986874854516
1605,negative_control,1221,1471.474007443067,1595.4576192643349
1606,Rpsa,197,1472.060846709729,1604.1549661528852
1607,Rpsa,197,1472.5063650881373,1613.40583398647
1608,Trp53,242,1471.6989966227688,1607.7014271430623
1609,Prrx1,159,1472.0383024363043,1608.06464708492
1610,Rpsa,197,1472.332634172683,1591.1913156909486
1611,Mbd3,84,1473.282209570756,1547.9233768754725
1612,Actn4,3,1473.6638752681165,1579.1310572829625
1613,negative_control,1779,1474.2371604256127,1578.0628791148886
1614,Prrx1,159,1475.3556023833198,1588.677769074428
1615,Rpsa,197,1476.667812254016,1527.9242143278398
1616,Maged1,82,1476.1920645300945,1574.7894338300866
1617,Eef1g,28,1476.71245005309,1574.8942787742476
1618,Hspd1,64,1475.703047833715,1574.3334766949458
1619,Rpsa,197,1477.7309844032277,1538.4020773757757
1620,Psmd2,163,1478.0434489554532,1596.1169927923345
1621,Prrx1,159,1477.8576196548383,1485.99116312744
1622,Eif3e,34,1476.7241294871608,1484.900381472285
1623,Psmd2,163,1478.180576276177,1466.7756175583704
1624,Eef1g,28,1479.5441256262766,1496.180602601175
1625,Mrfap1,89,1478.752208049354,1495.300656793394
1626,Rpsa,197,1478.9498563388345,1495.8926048436542
1627,Rrp1,198,1478.7356849603725,1497.1004559100743
1628,Psmd2,163,1480.6549476800174,1520.992119332339
1629,Rpsa,197,1481.419343276592,1555.0227505334587
1630,Timp2,229,1483.3976649245433,1607.9317521655123
1631,Rpsa,197,1482.5792665266304,1608.8205957517307
1632,Psmd2,163,1483.1128739178744,1490.6156663327615
1633,Sf3b2,205,1482.6447017583375,1489.8645207849463
1634,Rpsa,197,1483.030059440179,1604.1278563469275
1635,Rbm3,182,1483.731016671259,1565.17366365902
1636,negative_control,1307,1483.311238601513,1564.7905667430773
1637,negative_control,1607,1484.2233887714128,1565.1698528560946
1638,negative_control,1669,1481.9425509267294,1564.5430515201865
1639,negative_control,1412,1483.8099608568148,1564.634997636598
1640,Fkbp8,45,1481.623120128042,1563.501143264888
1641,negative_control,1428,1484.236769268722,1564.2300987345702
1642,Vim,261,1483.512870966924,1563.652703110811
1643,negative_control,1589,1481.4390323269067,1564.517437991964
1644,Fbln2,42,1483.1282474353663,1573.328037393568
1645,Rpsa,197,1483.4763424655166,1509.090024310727
1646,St13,220,1484.1939860684065,1507.9668906729355
1647,negative_control,1702,1485.5218938792048,1528.295298572364
1648,Psmd2,163,1485.0166634525576,1528.978449408581
1649,Rpsa,197,1486.2929469875207,1501.9593620648582
1650,negative_control,553,1487.4183506866964,1549.3444777828113
1651,Psmd2,163,1487.791235693658,1486.2312742522486
1652,Psmd2,163,1488.276165438037,1469.3991413838803
1653,negative_control,1599,1489.4597115775214,1504.6686192567086
1654,Rpsa,197,1489.481607631084,1461.6402277144057
1655,U2af2,249,1488.7767050726814,1588.8008222767971
1656,Lmna,77,1489.1838297860131,1588.9492809894946
1657,Vat1,259,1489.3093867603432,1587.3122905299938
1658,Rpsa,197,1492.773904474784,1570.2121922164852
1659,Rpsa,197,1493.46300499138,1506.764577479506
1660,Polr2e,148,1495.5209165745114,1485.6271708152335
1661,Prrx1,159,1499.49130575055,1498.5542280910936
1662,negative_control,1328,1500.295591151394,1498.857526409813
1663,Psmd2,163,1500.5804176211,1536.1642182162018
1664,Rpsa,197,1501.7639503890382,1549.312663726186
1665,Rpsa,197,1501.9296762639335,1489.492776342732
1666,Rpsa,197,1504.2808194091035,1476.8657575419932
1667,Rpsa,197,1507.3405335458408,1455.4015296252628
1668,Ncl,121,1507.0236670350753,1454.1497822944448
1669,Rpsa,197,1507.7341164076306,1595.575348873545
1670,Rpsa,197,1507.9540190518996,1578.2752588098106
1671,Rpsa,197,1508.43784393269,1590.5742739839477
1672,Rpsa,197,1508.360649780892,1581.5781800313816
1673,Vim,261,1508.4822805622343,1582.4006353512002
1674,Rpsa,197,1510.2005439049808,1536.9506160168412
1675,Rpsa,197,1510.805462461948,1483.4473942813622
1676,Rpsa,197,1512.9136704300415,1513.288424841055
1677,Psmd2,163,1514.4280066457825,1586.3235899429233
1678,Aars,1,1514.955995436905,1591.598798461876
1679,negative_control,944,1515.9909314354286,1558.2570652535528
1680,Hspa8,62,1516.8881493828742,1557.6044639396446
1681,negative_control,1318,1515.4798955490216,1557.769424309664
1682,Rpsa,197,1516.0855167507984,1487.4246272707849
1683,negative_control,401,1525.6848758527776,1575.5705569546096
1684,Mdh2,85,1525.232678879313,1575.4520841352587
1685,Eef1g,28,1525.0120164701002,1574.8928758713778
1686,Rpsa,197,1525.3136981464977,1573.938635624467
1687,negative_control,1626,1524.9823281451231,1574.7541215976355
1688,Hdgf,56,1526.1850499339257,1471.25024470473
1689,Rpsa,197,1527.503523459328,1528.6647168287736
1690,Vat1,259,1527.1599556847875,1585.7206710120397
1691,Vim,261,1527.1543396834904,1586.2221840127245
1692,negative_control,306,1527.8287567518887,1587.3054691323691
1693,negative_control,1445,1527.817623198663,1568.0129478933657
1694,Rpsa,197,1528.490380385346,1567.334671279309
1695,Cnn2,16,1528.610292609032,1569.1371410535803
1696,Prrx1,159,1531.2547848811146,1542.8029642109636
1697,Rpsa,197,1532.626586459282,1569.8631526513304
1698,Rpsa,197,1535.059124374072,1586.921887430685
1699,negative_control,1269,1537.175164800938,1585.980418655781
1700,Pla2g4a,145,1538.073896658089,1593.6513042475835
1701,Hdgf,56,1538.927797137176,1594.0893288219963
1702,Actn4,3,1537.5753904992723,1593.02557767922
1703,negative_control,298,1538.2117900066503,1584.4231556336968
1704,Prkcsh,152,1542.946286502666,1555.906111883562
1705,negative_control,809,1543.0989934034524,1555.1469065555057
1706,Rpsa,197,1543.9314958274742,1539.2183487820153
1707,Psmd2,163,1548.991790773247,1580.158871394546
1708,Vim,261,1560.4519638218458,1574.4561586103248
1709,Eif4g2,38,1558.8343895834817,1574.806437014368
1710,negative_control,555,1556.8875052140202,1576.056980063153
1711,Psmd8,166,1561.451442491386,1552.680394181018
1712,Vim,261,1564.4095244014802,1568.9462264295958
1713,Rpsa,197,1565.1104490304676,1604.862657611941
1714,Vim,261,1564.3037996767614,1605.9096281619263
1715,Gsto1,54,1564.5327220739748,1606.2686440234252
1716,Psmd2,163,1565.831933666423,1558.9964331621802
1717,Rpsa,197,1567.4981659127998,1578.418116001816
1718,Rpsa,197,1584.1299214235603,1559.4236479868764
1719,Rab34,172,1074.6614149448478,1639.7582544527788
1720,Nr4a1,130,1086.5084378463148,1649.6618885833363
1721,Rab34,172,1105.6139685089545,1662.826262782116
1722,Vim,261,1108.03231882571,1784.6005577926032
1723,Nr4a1,130,1111.369359698435,1773.2236687766672
1724,Vim,261,1130.1743802225556,1705.3736629563552
1725,Nr4a1,130,1128.791541544775,1705.5506522649823
1726,negative_control,962,1133.548611021904,1692.371532200622
1727,Vim,261,1133.9833597397428,1763.382227676104
1728,Sfpq,206,1136.5870366080223,1723.895240701435
1729,negative_control,308,1136.6399208001378,1724.5787792052909
1730,Nr4a1,130,1138.3594160211635,1720.9645300369748
1731,Hnrnpul1,60,1144.5480481102609,1753.5020880115476
1732,Vat1,259,1143.5637477673963,1753.8617685843014
1733,Tmbim6,230,1145.3804821708748,1752.1445146443436
1734,negative_control,924,1143.5782268020105,1754.3276854572266
1735,negative_control,660,1145.7601035970038,1752.7766526179705
1736,Vim,261,1145.3015589450224,1753.1337139411005
1737,Hspa8,62,1146.140978314449,1752.3777152518433
1738,negative_control,963,1144.4201302312115,1754.3989698442429
1739,Trap1,240,1145.1820387541786,1752.5811068450848
1740,Ywhag,265,1145.8385265927743,1732.690480845844
1741,Nr4a1,130,1146.7015360589824,1672.6676097524762
1742,negative_control,808,1153.7611462118475,1777.110466612338
1743,Ywhag,265,1155.8810672966072,1687.5216211872605
1744,Zyx,271,1159.0885743323497,1665.6836965627838
1745,negative_control,867,1161.5314963430294,1736.160974831265
1746,Tnc,232,1163.718652824903,1756.8179394549084
1747,Tpm1,238,1163.513082495585,1755.8771536887846
1748,Gas1,50,1165.2318158613894,1755.55335621235
1749,negative_control,294,1163.4271140272406,1756.6702472065276
1750,Ube2m,252,1167.4437284534772,1767.3055081309628
1751,Timp2,229,1168.2079767634232,1766.744059538062
1752,negative_control,1176,1167.2616657880412,1765.9858026759605
1753,Ywhag,265,1166.9148211211575,1768.0199112943133
1754,Rrp1,198,1168.6602538429472,1662.6124345414546
1755,negative_control,346,1171.078524272944,1663.121426839096
1756,Arf1,6,1169.7194871549218,1660.1358483590088
1757,Twist2,247,1169.3830398530736,1662.9721711835466
1758,Snrnp70,210,1169.6004974259793,1662.1298450117326
1759,Laptm4a,76,1170.1277962417378,1661.785290278798
1760,negative_control,1470,1169.7546614897788,1662.0978081841372
1761,Prrc2a,158,1168.4018266821208,1663.2786900546976
1762,negative_control,1927,1167.597611351584,1662.8300760624222
1763,Nr4a1,130,1167.7460367279696,1760.9715352520516
1764,Rpl4,189,1169.0277494413365,1729.1740167888386
1765,negative_control,308,1170.27009502533,1742.0277358553085
1766,negative_control,457,1170.576880630929,1757.8818492939954
1767,negative_control,1625,1173.6445832623665,1697.1618917302935
1768,negative_control,799,1173.944816350088,1698.2208386440088
1769,negative_control,792,1174.3454185265462,1697.9077602287052
1770,Timp2,229,1174.4302284095306,1698.75627036398
1771,negative_control,1743,1175.383476370282,1660.478929448887
1772,Vim,261,1179.1529207757574,1721.821791864263
1773,negative_control,943,1179.8525616133588,1752.8466195740218
1774,Rps15a,191,1180.0954069216798,1669.3993387178607
1775,Ptbp1,167,1180.0909059088897,1668.297449585371
1776,Pcdhgc3,138,1181.0599497465194,1701.7435151690502
1777,Vim,261,1186.052504043599,1644.443351299699
1778,Actn4,3,1182.979676735384,1644.9029647984055
1779,negative_control,308,1182.3366528371855,1644.7247730746644
1780,negative_control,787,1184.034161924693,1644.2990738369622
1781,negative_control,1310,1183.919376942149,1644.988644658169
1782,Thy1,228,1182.534089795872,1660.4797669157365
1783,Crlf1,19,1182.111877939782,1660.588386243484
1784,Nfe2l1,127,1181.1809163259752,1659.9489158636109
1785,Psap,160,1181.544894435659,1658.1575192035043
1786,Sf3b2,205,1185.1385291902968,1654.6957461143013
1787,negative_control,585,1185.0463055235837,1654.5022379126958
1788,Eef1g,28,1184.0066901851987,1668.2080661553732
1789,Nr4a1,130,1185.0418336837065,1668.306004483687
1790,Ywhag,265,1187.4518513119897,1676.8074276439413
1791,Tapbp,224,1188.822084305664,1702.5812352588416
1792,Pdia4,141,1192.1841485512614,1714.2634936103673
1793,Snrnp70,210,1194.8315573204816,1731.5484877648626
1794,Cct3,9,1195.818217612,1703.2541565758074
1795,Nudt9,132,1194.2414720746187,1703.0671582476762
1796,Pkm,144,1197.0907727346837,1702.800645853082
1797,negative_control,1547,1194.744331811457,1703.2095720629852
1798,negative_control,1417,1196.3422996974664,1703.4091860568062
1799,Myh9,118,1197.1584417123936,1695.5622362254844
1800,negative_control,473,1195.5032833780951,1695.517755991042
1801,negative_control,381,1195.2516060178448,1694.1160737251253
1802,negative_control,1189,1195.409807248129,1695.0156595013652
1803,Rcc2,183,1196.551473051646,1693.9128632382608
1804,Hspd1,64,1199.5207224859564,1729.4938361930217
1805,negative_control,321,1199.8150877281928,1728.4921212105671
1806,negative_control,275,1200.282918412703,1730.5127349484962
1807,Tnfrsf1a,233,1200.0940536055707,1730.385940052767
1808,negative_control,377,1200.7443319400284,1666.32425792943
1809,negative_control,2003,1199.834089167313,1666.6304231705446
1810,negative_control,350,1200.1112692630004,1666.5050037682638
1811,negative_control,963,1205.497797314681,1697.8664138801598
1812,Nr4a1,130,1206.343026558269,1714.324806492956
1813,Rad21,176,1209.2360760806496,1754.278279169405
1814,Nr4a1,130,1212.003832634704,1730.4401024468082
1815,negative_control,724,1215.896722227987,1714.716350687342
1816,Ywhag,265,1215.5718470727982,1621.9246019719783
1817,negative_control,1395,1215.012230477032,1621.2918936454296
1818,Pkm,144,1215.9002251192403,1684.0183772181676
1819,Plin2,146,1215.6559673534728,1605.0715360610398
1820,negative_control,1911,1216.9098812771797,1672.3747747818625
1821,Igfbp6,68,1216.7608619982702,1671.8029369244805
1822,Ywhag,265,1217.3824577568234,1611.8188787808258
1823,Thy1,228,1223.2356024236024,1678.455083816204
1824,U2af2,249,1222.5247156521689,1679.229937253975
1825,negative_control,708,1220.1842645056172,1679.795902017079
1826,Eif3i,36,1224.2908399147866,1679.1389777571355
1827,negative_control,394,1222.3401560176194,1680.7886229041949
1828,negative_control,792,1220.9113227003136,1680.5052623959557
1829,negative_control,1760,1222.9480890334034,1679.8125258247212
1830,negative_control,1041,1220.9356050062618,1681.0220145780972
1831,negative_control,847,1221.9146545452836,1680.624922855504
1832,Npc2,128,1219.9962472087586,1680.4103721810534
1833,Psmc2,162,1225.003788638992,1709.8574853050095
1834,Rpl18a,187,1226.3964988386997,1711.8735955882646
1835,Mrpl20,96,1225.602088596132,1723.4995145625242
1836,negative_control,1978,1225.7253514142842,1722.2099161147037
1837,negative_control,625,1227.736745809025,1630.0425748774855
1838,Tapbp,224,1230.3667290958635,1691.1326202276114
1839,Nr4a1,130,1231.2031013875132,1698.8523811842256
1840,Efemp1,29,1236.1586257849135,1597.2587016682264
1841,Plin2,146,1235.5866067665056,1573.8846646169625
1842,Rpl18a,187,1239.179479905297,1741.038739602337
1843,negative_control,1364,1238.4198292122271,1740.392919898654
1844,negative_control,392,1238.447473624116,1740.8162778144206
1845,Rpl18a,187,1239.5156614561838,1588.226511946213
1846,Txn2,248,1240.113625925887,1589.0501863221998
1847,Ybx1,263,1238.7700804020465,1589.0783781418904
1848,Nr4a1,130,1241.122019916669,1586.577641450274
1849,Rpl4,189,1244.2452129824542,1740.307048363788
1850,negative_control,1041,1244.3873784893754,1610.7715287945566
1851,negative_control,611,1244.514834509799,1612.0818150707837
1852,negative_control,978,1244.3381877094369,1611.4763402316662
1853,Mbd3,84,1244.1363138979657,1612.6304362096903
1854,Pkm,144,1243.489313280155,1611.1332660433604
1855,Psap,160,1245.9403916703131,1612.2269796627347
1856,Nr4a1,130,1244.9697999157029,1527.9416762776548
1857,Nr4a1,130,1249.8314676240038,1727.3416292204577
1858,Csnk1a1,22,1250.9920370167297,1728.0567544101775
1859,Mrfap1,89,1250.7450461715428,1727.44109601868
1860,negative_control,1268,1249.7455404568504,1727.7195900250929
1861,Nr4a1,130,1248.974122187345,1531.8981337953678
1862,Plin2,146,1250.879202536376,1716.2913036844136
1863,Igfbp6,68,1250.3705889932496,1715.6831412100073
1864,Maged1,82,1252.7139508858452,1616.594967499468
1865,Ndufs2,122,1252.5782144955583,1616.101090863232
1866,negative_control,1261,1253.3843347694683,1617.55230572191
1867,Junb,71,1253.2295071673243,1615.4344544816663
1868,negative_control,1166,1254.0187441615938,1617.3017678295091
1869,Tapbp,224,1252.9788055336508,1583.49467971871
1870,Rcc2,183,1253.222362167781,1541.435556355271
1871,Ywhag,265,1254.2480509154198,1541.5189690093737
1872,Mrpl38,100,1258.2189926596864,1532.4668315995698
1873,negative_control,867,1264.0189801065071,1601.007585500495
1874,negative_control,386,1265.267101354917,1591.5055618470597
1875,negative_control,1522,1265.7938177868818,1591.545130401366
1876,negative_control,1655,1265.6453341359904,1590.8988017164563
1877,negative_control,1298,1263.2333095384872,1603.4172884972818
1878,Rpl4,189,1264.1906139735702,1603.827744992578
1879,Neat1,125,1267.3474445001573,1628.1257220370935
1880,Neat1,125,1267.008571502276,1669.1582002276452
1881,Mrpl38,100,1269.9178279580167,1554.8335911387044
1882,negative_control,1525,1270.7536501179409,1603.5844361748002
1883,Vim,261,1268.8191144864509,1603.0472878796118
1884,Ndufs2,122,1270.231585064081,1604.2514186887138
1885,Ywhag,265,1270.595678908562,1531.5339045608723
1886,Ywhag,265,1276.0019923812165,1664.8764146460796
1887,Nr4a1,130,1276.879671185283,1725.3719951271755
1888,Tnc,232,1278.1871086523938,1725.3121372848318
1889,Neat1,125,1276.765403617096,1640.313204603622
1890,Ndufs2,122,1277.2238111339109,1531.20944284938
1891,Neat1,125,1277.9831514373122,1627.43235271228
1892,Nr4a1,130,1285.4526711921378,1708.4107891151566
1893,negative_control,308,1285.800524511309,1722.4178162636315
1894,Ywhag,265,1286.5358094499195,1649.056793168961
1895,Mrpl38,100,1286.9917950289966,1604.3929482914416
1896,Fkbp9,46,1286.68784850839,1665.2039326928707
1897,Pdia3,140,1286.3829423557863,1666.6632237602314
1898,negative_control,630,1287.9606555537866,1542.244249295636
1899,Nr4a1,130,1287.7922725661506,1703.5508898505586
1900,Neat1,125,1290.7717787343204,1629.861880471895
1901,Nr4a1,130,1293.4985129929755,1716.946404641035
1902,negative_control,571,1292.6732927163869,1716.0533405505282
1903,Ywhag,265,1295.2426896881489,1546.8857280186903
1904,Nr4a1,130,1296.72997420895,1697.8702567764367
1905,Nr4a1,130,1297.5200251070073,1635.188064008727
1906,Nr4a1,130,1299.790297685017,1692.031761613312
1907,Nr4a1,130,1301.3272637085013,1615.192389543391
1908,negative_control,435,1305.9917847387333,1557.5917720749503
1909,St13,220,1305.7714896565562,1557.3684599864905
1910,Timp2,229,1305.3443175148163,1557.634806115982
1911,Mrpl38,100,1313.215768665289,1667.4096626220548
1912,negative_control,630,1314.1240117590532,1567.5829168952382
1913,Nr4a1,130,1314.1985384485954,1560.4266839705942
1914,Mrpl44,104,1322.204277533161,1585.5212651700906
1915,negative_control,720,1322.0328513202658,1585.580943324665
1916,Tapbp,224,1324.7764413157072,1580.4107399472623
1917,Rpl4,189,1331.7223221208862,1691.9459289926629
1918,negative_control,962,1332.7914259120043,1560.6759507251506
1919,negative_control,373,1342.1705286965505,1556.4956995684468
1920,negative_control,1910,1340.3324968156353,1555.8233981543026
1921,Ybx1,263,1343.6056746841832,1558.307671023973
1922,G3bp1,49,1342.022457103771,1557.0534431332792
1923,negative_control,742,1345.526195624952,1557.9413069547318
1924,negative_control,1703,1343.5009228543104,1556.830770997846
1925,negative_control,622,1340.7588878153042,1588.2281288959189
1926,St13,220,1347.2061916151852,1560.595306250877
1927,Emp1,39,1347.5633873053214,1559.1311998990227
1928,Tubb5,246,1347.705118484904,1560.5890439997734
1929,Ybx1,263,1347.846494438642,1557.6544220231087
1930,Nr4a1,130,1346.5438474191344,1561.5529124447523
1931,Hdgf,56,1355.2182137099471,1562.8719007286963
1932,Mrps25,108,1352.7935376355244,1563.5397645383732
1933,Ywhag,265,1354.4325361806605,1716.320522654962
1934,Nr4a1,130,1361.8786632984386,1716.4000944257675
1935,Nr4a1,130,1366.43785907057,1573.4408645350504
1936,negative_control,393,1365.671217807269,1572.3468971770071
1937,negative_control,1948,1366.0945577358116,1574.7172833711102
1938,Tubb5,246,1365.9695985535764,1570.7909846743064
1939,negative_control,2062,1366.9624955001254,1574.389614388739
1940,Vim,261,1369.5701036252665,1686.8651281916718
1941,Pdia6,142,1375.356619139861,1645.0437984251091
1942,negative_control,624,1374.1047037519484,1644.9255910161903
1943,Vim,261,1373.3733899036602,1553.011205528834
1944,Eif4g2,38,1372.7711745129932,1552.2523532038756
1945,negative_control,679,1372.777195932615,1551.0268451002664
1946,negative_control,1201,1373.4403107276007,1551.6077192616824
1947,negative_control,2088,1373.4165925238588,1551.5768596065336
1948,Rpl4,189,1383.291585454786,1583.348432876575
1949,negative_control,627,1384.8535466249768,1562.418981854912
1950,Hnrnpul1,60,1387.2951625552969,1677.2075368391002
1951,negative_control,630,1387.810924694434,1675.883530569
1952,Crlf1,19,1388.862788752343,1574.3927906182594
1953,Mdh2,85,1389.6158618665236,1567.350186604279
1954,Vim,261,1388.051772773385,1605.205857655318
1955,Ndufs2,122,1389.6730839411828,1603.1261242074693
1956,Gsto1,54,1390.8257918694596,1601.9620475445695
1957,negative_control,1755,1386.4366445369403,1604.4929447169734
1958,Arf1,6,1391.385665144645,1601.5013624626008
1959,Psma7,161,1388.6477706409958,1603.932659860999
1960,Mrpl10,91,1392.2074370705668,1555.3725135234208
1961,Tubb5,246,1393.8732095595713,1664.356210148753
1962,Nr4a1,130,1394.0049097556132,1663.4680742922496
1963,negative_control,1153,1398.3090119378094,1618.6568238505636
1964,Crlf1,19,1399.1869172655945,1574.7340600186003
1965,Tapbp,224,1400.5452450794887,1612.0965998876704
1966,Snrnp70,210,1403.3387052578737,1557.9796627153623
1967,negative_control,1485,1404.0784853144369,1559.7942406369582
1968,Actn4,3,1401.3712859283532,1558.968971102914
1969,negative_control,1300,1401.2298951415917,1558.726128646032
1970,Zfp36l2,270,1402.9968511543575,1558.3219747578903
1971,negative_control,485,1403.3354217092858,1559.241113468005
1972,negative_control,734,1401.810236575013,1558.0332078289953
1973,negative_control,1004,1404.056312182005,1560.2035219825
1974,Pkm,144,1402.187425341859,1559.6118658376076
1975,Plin2,146,1404.423260058618,1681.151599935672
1976,Sfpq,206,1403.971333913889,1551.615167114641
1977,Taldo1,223,1406.170406038803,1553.33876370562
1978,Plin2,146,1405.7074319588198,1552.6636135703466
1979,negative_control,754,1406.25483948207,1551.9702709305916
1980,negative_control,1093,1405.1405526797198,1552.1886364954623
1981,Csnk2b,23,1407.2328514148433,1554.127404169793
1982,Ywhag,265,1408.605563148984,1547.7987106562398
1983,negative_control,655,1411.0773880240442,1618.7100641518148
1984,negative_control,1357,1411.1928692615554,1618.777744606558
1985,Nr4a1,130,1410.84706317984,1655.545086393556
1986,Plin2,146,1413.6837400725262,1564.0381651329988
1987,Rpl4,189,1415.0205681425673,1637.013473653595
1988,Rab34,172,1416.609186249627,1628.129795150861
1989,Nr4a1,130,1419.7602751241711,1559.648496560589
1990,Crlf1,19,1421.0653627898778,1645.0059300568778
1991,Hnrnpul1,60,1421.9088109995346,1645.8134983719056
1992,Ywhag,265,1423.3156187485104,1550.5757858079658
1993,Pkm,144,1425.4453501324328,1537.7324513255269
1994,Csnk2b,23,1424.4617599197784,1538.608650720542
1995,Vim,261,1425.6054515942176,1539.0045441115378
1996,Maged1,82,1426.1908756952248,1538.6429147841989
1997,negative_control,1911,1424.0792409748146,1538.542489489443
1998,Ywhag,265,1427.8656270330944,1652.1163440475991
1999,Ran,178,1428.0568072470128,1652.4859748281397
2000,negative_control,1533,1429.6157005526193,1608.397250403761
2001,negative_control,466,1430.7443050449283,1529.4814169869549
2002,Vim,261,1431.861863536613,1618.5806957996572
2003,negative_control,1027,1434.6761626977468,1546.2211438077727
2004,Rpl4,189,1435.1779268255332,1598.8861438460694
2005,Zyx,271,1438.9757595432416,1555.8161205016074
2006,negative_control,1073,1437.3571967455714,1555.2113042475398
2007,negative_control,1899,1438.6672837058436,1554.572282485602
2008,negative_control,626,1437.4159245316,1555.626748748613
2009,Ndufs2,122,1437.3095289279136,1586.2294437999417
2010,negative_control,631,1439.2094434475466,1609.3284367514595
2011,St13,220,1440.6449358826126,1598.167085879957
2012,St13,220,1440.714230875146,1510.1010184381696
2013,negative_control,755,1440.8232905035177,1509.8039250767604
2014,Lmna,77,1441.5809898792809,1509.9859733068888
2015,negative_control,805,1439.8849030564636,1512.085167056284
2016,Pkm,144,1441.1915733455946,1509.4596124577326
2017,Pdha1,139,1441.5453969712337,1509.2984039591506
2018,negative_control,722,1440.4512771122995,1512.0848157919695
2019,Uba1,250,1442.0967686323186,1610.9473538803595
2020,Gsto1,54,1442.822380697371,1609.9986415018825
2021,Vim,261,1440.7488937500736,1518.3398505894756
2022,Rab34,172,1445.746865796223,1552.7646248006934
2023,Rab34,172,1446.036055356877,1524.3184007383038
2024,Pafah1b3,136,1446.683086635454,1629.6146054205728
2025,Rpl21,188,1446.377597657092,1630.0004230770528
2026,negative_control,942,1445.8877406547724,1629.875199355639
2027,Rab34,172,1450.0061098210983,1581.8951758772666
2028,U2af2,249,1451.6105057515178,1581.9076674021717
2029,negative_control,1328,1452.3159520628303,1582.2850687033238
2030,negative_control,1292,1451.4737490607672,1581.588312772587
2031,negative_control,957,1452.9770666703964,1581.923031995769
2032,Ywhag,265,1451.9482544934065,1514.374150612855
2033,Mrpl10,91,1454.9181623240147,1612.7177573776555
2034,Twist2,247,1452.823262462903,1613.9339646516246
2035,negative_control,308,1456.4187420407402,1500.1395198586315
2036,Pkm,144,1456.250791000115,1522.8220538764572
2037,negative_control,1147,1457.0278320787825,1523.414356689587
2038,Mrpl10,91,1456.0187565723293,1522.0079665516048
2039,negative_control,1457,1455.3068261671428,1520.8657199680956
2040,negative_control,319,1457.3466251912878,1523.2497833599955
2041,Ywhag,265,1459.5985140558057,1580.4983750857937
2042,Nr4a1,130,1459.0182704104595,1542.1307573182685
2043,Ywhag,265,1458.9657612610522,1560.895442470252
2044,Hspd1,64,1460.3609060882843,1560.269118806008
2045,Ndufs2,122,1462.721697858897,1605.7942109225537
2046,Mrpl10,91,1463.0162330554635,1492.8528084086677
2047,Nr4a1,130,1464.173306894156,1593.7088249777669
2048,Rbm3,182,1469.2976133952902,1520.1076850269883
2049,negative_control,620,1471.3737411190325,1527.9291601188322
2050,Zyx,271,1470.371979234414,1598.320406648627
2051,Rpl4,189,1474.808538006124,1563.5591510865909
2052,Nr4a1,130,1474.7272934778955,1473.0662639128666
2053,negative_control,620,1475.896910509574,1610.968694119997
2054,Rpl4,189,1475.558047240886,1538.7963735709736
2055,Ndufs2,122,1476.2458203923766,1544.122546508695
2056,negative_control,1009,1474.8983436106423,1542.6585271908352
2057,Eif3i,36,1475.7086097541523,1542.688550596286
2058,Rpl4,189,1480.0719437308358,1487.1711904396038
2059,Timp2,229,1481.1340651166552,1530.375373065151
2060,Csnk2b,23,1480.9707049244716,1529.4016827783971
2061,negative_control,1712,1480.7726439082887,1602.7020561608713
2062,Gsto1,54,1481.252161111683,1603.5775120116043
2063,Rac1,175,1481.750679916914,1602.6224059096653
2064,negative_control,1891,1481.4006101564191,1602.955011302893
2065,negative_control,466,1482.3301308968792,1519.7103528376497
2066,Ncl,121,1481.7833965042305,1519.592796347631
2067,Eef1g,28,1481.917885621598,1520.1557303808668
2068,Zfp36l2,270,1483.7717256519434,1543.3376352735177
2069,Eef1g,28,1483.6177741639472,1543.562070674683
2070,Ywhah,266,1483.5247421339338,1543.1142817394011
2071,negative_control,611,1484.5954820559773,1543.1117471878824
2072,Sec13,204,1482.7307582052786,1544.3474398921162
2073,Actn4,3,1483.9883058384346,1571.647092795788
2074,Ndufs2,122,1484.188830044441,1572.508648894951
2075,Ndufs8,123,1482.778985759547,1572.65555108155
2076,Ptbp1,167,1483.782991993805,1554.624577484667
2077,Fus,47,1485.1063000814515,1553.6062957172685
2078,Ugdh,255,1484.5838332810986,1555.5641470117023
2079,Arpc2,7,1483.287655554721,1554.9765919169654
2080,Ybx1,263,1485.1829239248673,1554.287013896183
2081,Trp53,242,1487.596608795776,1579.9985159986672
2082,negative_control,1309,1488.621831502605,1580.9914382329166
2083,Ubxn1,253,1494.0716533546472,1537.0088593837108
2084,Cited2,13,1496.397552429974,1540.0960883241962
2085,Arf1,6,1496.8498537428495,1540.0302494416476
2086,Tpm1,238,1495.4496321810122,1539.781242158111
2087,Hspa8,62,1497.2009525050926,1540.1483065639695
2088,negative_control,1948,1494.7202092756036,1539.0949176758809
2089,Ywhag,265,1499.178737915778,1525.725311795832
2090,Snrnp70,210,1500.515999828979,1578.7266826136663
2091,negative_control,1910,1501.32339568443,1579.229509510395
2092,Uba1,250,1506.4375462991204,1544.04775556215
2093,Nr4a1,130,1510.6250606596514,1524.8288693697868
2094,Ywhag,265,1511.8589390591594,1577.313502960506
2095,Nr4a1,130,1513.2254512873556,1583.104265864319
2096,negative_control,792,1515.9029598874208,1529.7466284472532
2097,Tnk2,234,1515.5221602519578,1529.8398067329144
2098,Ywhag,265,1519.2032683066582,1594.1029478913654
2099,Mtch1,115,1525.1479085235503,1565.3242896372494
2100,Rpl4,189,1527.3818009886195,1537.0458722182636
2101,negative_control,589,1531.2075427520451,1556.939252069094
2102,Rpl4,189,1531.703504230559,1593.1518029836957
2103,negative_control,1981,1532.1300242015127,1575.48877500568
2104,Ywhaq,267,1537.6721243982215,1547.2423110164866
2105,Pkm,144,1540.2896298834191,1545.584333098058
2106,Eef1g,28,1550.0832489879724,1593.200795092955
2107,Ndufs2,122,1549.6784890517845,1592.6086956710758
2108,Ywhag,265,1553.9502320337083,1541.5172748243808
2109,Nr4a1,130,1558.9478127531916,1544.9449131237932
2110,Nr4a1,130,1568.5531341727644,1568.5651783694568
2111,Mrpl10,91,1584.6883788280372,1559.9623329513129
2112,Pkm,144,1040.048036568686,1628.7364295515565
2113,Cox7a2l,18,1074.9748518814442,1790.9458817762338
2114,Ywhah,266,1088.6973621938594,1644.726646387377
2115,Eef1g,28,1093.2299601819504,1775.914612463183
2116,Pdia4,141,1107.4875018294467,1776.2304691318357
2117,Eef1g,28,1110.438211416682,1765.8656455055427
2118,Pkm,144,1112.7802066496504,1785.8188425598098
2119,Pkm,144,1115.2334419940971,1775.1404404846264
2120,Eef1g,28,1120.408585137951,1733.2338515835263
2121,Eef1g,28,1124.4946920747286,1713.0392162100088
2122,Eef1g,28,1124.9059262215624,1706.4932375571757
2123,Ybx1,263,1126.189759928067,1762.559312457122
2124,Sat1,200,1125.3219647664748,1721.363446775887
2125,Eef1g,28,1124.649344680657,1721.124826927843
2126,Emp1,39,1128.3701039889074,1697.1881569173818
2127,Ywhaz,268,1129.4574779422917,1760.168899516879
2128,Emp1,39,1130.3973038476684,1682.0140741334822
2129,Ube2m,252,1134.166933129267,1731.555064082586
2130,Emp1,39,1134.6088683504447,1738.4353901687164
2131,Eef1g,28,1135.3815222122926,1684.1927344205446
2132,Ncl,121,1135.996933044324,1685.6781649247937
2133,Hspa8,62,1135.8941122588012,1684.8011097568726
2134,Tpm1,238,1135.7490024329466,1793.7752860450496
2135,Ptges3,168,1135.8003627106964,1747.3061409051545
2136,Eif4g2,38,1137.4445803478673,1747.9161080498843
2137,Emp1,39,1136.7249881856476,1747.9310539418466
2138,negative_control,1100,1137.5189693454763,1742.483144773278
2139,Tpm1,238,1138.9692641137012,1687.876468566443
2140,Emp1,39,1139.279189958225,1714.4638777517216
2141,Hspa8,62,1141.5152315591536,1701.0687592728225
2142,Eef1g,28,1140.9160459162622,1744.9825030453585
2143,Mrpl20,96,1141.7636921927306,1710.552823196844
2144,Emp1,39,1141.3724416484215,1649.409365871654
2145,negative_control,1248,1141.828811827034,1736.188247333776
2146,Eif4b,37,1141.1063975443906,1736.9665310437526
2147,negative_control,1237,1140.5703535421912,1736.0185339581135
2148,Npc2,128,1138.5898984352311,1735.6951782896754
2149,Pa2g4,135,1142.3302845903386,1772.311670407787
2150,negative_control,1017,1145.2310863682007,1764.699418563378
2151,Pa2g4,135,1149.556146484504,1780.0764594417185
2152,Eef1g,28,1150.3505711235746,1792.3585189718913
2153,negative_control,801,1150.1341456094096,1727.9752017686098
2154,Emp1,39,1150.765383892283,1676.8158768350077
2155,Rab7,174,1150.2779980897133,1718.4567056966755
2156,Rpl18a,187,1150.9139189719822,1686.1229061501888
2157,Plk2,147,1151.4395450272575,1686.8723477693247
2158,Ncl,121,1151.4230744147744,1685.9697111347969
2159,Nr2f2,129,1151.7862290898186,1686.2020681699416
2160,Eef1g,28,1151.8622722775006,1685.41324592685
2161,Tomm40,235,1150.464388987878,1685.246848452246
2162,Rab7,174,1150.9608054470195,1703.6365774590172
2163,Rbbp7,181,1152.98733230005,1670.2513702751412
2164,Eef1g,28,1152.9329387788598,1669.1772776741302
2165,Msn,112,1153.696756828213,1691.5636858907794
2166,Rpl18a,187,1154.8464120519209,1690.230515550677
2167,negative_control,664,1153.4836176386596,1691.630843551424
2168,Vim,261,1155.0540030819047,1690.2890837944396
2169,Oxct1,134,1154.6661560698844,1690.6359215493126
2170,Eef1g,28,1155.6943281645508,1672.7349629422934
2171,negative_control,1358,1155.4732780619995,1720.5909521072515
2172,Maged1,82,1155.5396957045632,1734.912054781861
2173,negative_control,1500,1154.5734183675686,1735.0000043264197
2174,Pkm,144,1156.065913171732,1734.6057739079138
2175,negative_control,1060,1156.905904957891,1733.3389392158847
2176,Pkm,144,1158.3730015842675,1681.35950305313
2177,negative_control,853,1158.6419982559296,1701.3709219208572
2178,Vim,261,1159.3215860134546,1701.2630368460889
2179,Lmna,77,1157.9124270294203,1699.6420452630946
2180,Pkm,144,1159.917446909526,1746.6704289016757
2181,Pkm,144,1159.8542077988511,1710.867562986484
2182,Eef1g,28,1159.4909004638173,1755.7635709298695
2183,Ube2m,252,1160.5133865625912,1775.858706213035
2184,Rab7,174,1161.7097538071946,1718.2590130891535
2185,negative_control,320,1162.3190368452922,1764.13418291886
2186,Vim,261,1161.751460750298,1762.7489965725442
2187,Cox7a2l,18,1162.92460419861,1768.4708865207251
2188,negative_control,1712,1163.962074794841,1706.3344640919772
2189,Eif3i,36,1164.3988971959195,1707.205825293232
2190,Ube2m,252,1164.0312238630413,1704.7015732636205
2191,negative_control,922,1164.660812947002,1706.9583068809047
2192,negative_control,788,1163.7659396284578,1707.8187500787403
2193,Top2a,236,1164.833296592824,1705.9516906664512
2194,Slc25a1,208,1163.9135165827274,1707.5198089236446
2195,Emp1,39,1163.1270122276394,1724.471499277725
2196,Emp1,39,1164.861004444641,1750.3686722439306
2197,Mta1,113,1163.2965326221406,1696.1825234760274
2198,negative_control,1274,1164.958192127668,1695.8059443960549
2199,negative_control,857,1164.98323373195,1695.631667883384
2200,Rpl18a,187,1163.19862188873,1702.2870494645358
2201,Ppp2r1a,151,1163.8079085902518,1701.3562751649445
2202,Ssr2,217,1164.8340071761386,1699.1514944392077
2203,Tpm1,238,1165.9527865225036,1729.9055029783667
2204,Rps15a,191,1164.8027324530558,1729.069330039044
2205,Eef1g,28,1166.110436175843,1684.3761998559658
2206,negative_control,734,1166.9340138398263,1685.4736249857372
2207,Emp1,39,1166.3335794792708,1655.1961763073325
2208,Ywhaz,268,1166.212749752192,1734.241068322397
2209,Eef1g,28,1166.7764278000886,1775.440644840703
2210,Tsc22d1,244,1167.9257164862242,1691.0281215450725
2211,negative_control,1187,1167.7330104990772,1754.892310825983
2212,Emp1,39,1167.8229361612568,1753.5405044950708
2213,negative_control,321,1168.6394333401915,1757.8819452994724
2214,Eef1g,28,1170.0989719741494,1703.650562602335
2215,Pkm,144,1170.723628882638,1767.3933320996975
2216,Eef1g,28,1170.7077087307011,1747.1226439806328
2217,Eef1g,28,1171.7897970989884,1772.736637151906
2218,Emp1,39,1171.061694594659,1661.244409295195
2219,Ssr2,217,1171.1234813140773,1679.2047298180378
2220,Rac1,175,1168.9523522343316,1679.5069272153728
2221,negative_control,1271,1168.8736485466686,1679.3002872589454
2222,negative_control,606,1169.7884554869893,1679.120729005479
2223,Vim,261,1170.77897296594,1679.613964178876
2224,Eef1g,28,1173.646006084512,1687.4606180267629
2225,negative_control,1943,1174.145314446556,1736.0708944042954
2226,Eef1g,28,1173.3499615999797,1731.276744011144
2227,Rbbp7,181,1174.3347735893628,1755.130618142381
2228,negative_control,830,1175.1277456413798,1756.2277598714631
2229,negative_control,1890,1173.2738283258063,1754.4812829624873
2230,negative_control,1812,1175.1084959385205,1755.0257391062903
2231,Ube2m,252,1174.860198325928,1647.2468145559242
2232,Nudt9,132,1175.8972654092545,1768.8859999790684
2233,Eef1g,28,1176.779134591891,1770.2983195946222
2234,Myh9,118,1177.235529315867,1770.675672283658
2235,Tpm1,238,1177.319383909078,1748.896999358073
2236,negative_control,1428,1173.7175858768226,1690.4462041412628
2237,Pdia6,142,1175.5006618694551,1690.8892926258743
2238,negative_control,2014,1175.4329855032754,1691.9040779018292
2239,negative_control,701,1177.0002195394295,1690.6468533544266
2240,negative_control,1460,1177.9734232104356,1760.1090818274156
2241,Ybx1,263,1178.7507254510135,1760.1861177715232
2242,Vim,261,1179.5003968904737,1737.2370074810103
2243,Jun,70,1180.748882647995,1738.591964592587
2244,Raly,177,1179.8740092755552,1738.099060853148
2245,Lamp1,74,1179.7232999840332,1736.85406798567
2246,Tubb5,246,1180.1182205497737,1738.8838364158396
2247,Pkm,144,1182.00824578324,1679.1931204033972
2248,Lamp1,74,1181.5071052909068,1750.0453014085851
2249,Ptges3,168,1182.6535953610714,1751.0583549902483
2250,Emp1,39,1182.66132239657,1750.5962552188944
2251,Pkm,144,1183.099916163968,1664.6336963100462
2252,negative_control,1100,1185.8863948008848,1757.217028325722
2253,Emp1,39,1186.1045424987449,1753.6309926566475
2254,Ssr2,217,1188.8445778129458,1693.3351149337138
2255,Nr2f2,129,1189.4720448636658,1693.627595610384
2256,Psap,160,1189.286861597207,1691.4614985439816
2257,negative_control,439,1188.3956596417256,1692.4199063061135
2258,negative_control,1029,1188.417569101087,1693.275016243629
2259,Eef1g,28,1187.1784397912195,1691.8508849050795
2260,Ube2m,252,1187.34364695944,1676.1428866313236
2261,Emp1,39,1187.7227479821952,1745.2406121213469
2262,Emp1,39,1187.2500452473091,1649.261520696786
2263,Emp1,39,1187.8173234236256,1687.2788261239516
2264,Ubxn1,253,1190.1281339524514,1671.6488854856864
2265,negative_control,532,1190.964903102992,1664.1678973613034
2266,negative_control,853,1191.4917699482617,1663.7379810961545
2267,Rps15a,191,1189.4449418569604,1662.8796458925103
2268,Pkm,144,1191.677870060685,1729.2285612541698
2269,Gsto1,54,1192.9266189211248,1696.4699815039771
2270,negative_control,853,1192.5464077037807,1696.16272033558
2271,Prmt1,153,1191.128985476755,1695.7035301914952
2272,negative_control,284,1191.7118816080288,1696.0608569523502
2273,negative_control,1068,1191.9452443806254,1695.2347220451052
2274,negative_control,458,1191.6033646297376,1695.404738064609
2275,Hspa8,62,1195.1304429444283,1737.0280451016256
2276,Gsto1,54,1193.0545363408114,1659.6149360774268
2277,Tnfrsf1a,233,1193.6438813805892,1659.203482031378
2278,negative_control,858,1194.3977326381637,1699.591382899433
2279,Arpc2,7,1194.2183070457634,1524.981491518983
2280,Pkm,144,1194.4017526137998,1524.045223039094
2281,Eef1g,28,1196.2863837976809,1637.580080472989
2282,Mrpl20,96,1196.5170845386174,1710.7476400835617
2283,negative_control,1460,1198.101321994011,1760.7501684047252
2284,Zyx,271,1198.3063953348978,1760.3505462622584
2285,Rbbp7,181,1198.1575871907023,1761.7250796806547
2286,Emp1,39,1197.4112581844008,1657.8187105069303
2287,Eef1g,28,1199.062015069627,1529.2817879695133
2288,Pdha1,139,1201.354850999302,1715.5328982783212
2289,Emp1,39,1200.1402183008622,1679.6621577491078
2290,Emp1,39,1200.937796607387,1636.9268820270563
2291,U2af2,249,1204.3791666852453,1657.8047121450586
2292,negative_control,853,1201.9754014214122,1656.042840543192
2293,Npc2,128,1203.0026350859005,1656.410455920714
2294,negative_control,487,1200.894760684973,1656.0105143425158
2295,Arpc2,7,1202.3690564331334,1654.7173607222196
2296,Emp1,39,1203.3532010283402,1635.0796779740854
2297,Actn4,3,1204.825584480511,1716.2082930178494
2298,Cox7a2l,18,1204.217453256213,1715.8383640655177
2299,Pkm,144,1203.7392579562504,1680.0935901532257
2300,Eef1g,28,1203.944875249383,1520.687222458971
2301,Rab7,174,1206.382194009997,1754.0505490807798
2302,negative_control,855,1207.83440297281,1650.3093527380895
2303,Ptgs2,170,1207.3642079091278,1740.6277904855774
2304,Eef1g,28,1207.6900830383688,1740.747248564651
2305,negative_control,899,1209.9708028515129,1735.2790291698368
2306,negative_control,1008,1208.416052919786,1735.2691726599742
2307,Vdac1,260,1209.948187379213,1734.2383508794285
2308,negative_control,274,1208.1429823165986,1657.5603053491218
2309,negative_control,1389,1209.4032664034376,1657.4991027901126
2310,Vim,261,1208.5405263327668,1644.7038965231047
2311,Eef1g,28,1209.9739213099845,1645.1764167527024
2312,Ssr2,217,1210.7607927770991,1645.3048351964026
2313,Stip1,221,1209.5722336465224,1645.8710298291194
2314,Rab7,174,1210.052570571279,1636.8181919417286
2315,Emp1,39,1211.1882928853645,1742.7729282754935
2316,Ybx1,263,1211.3076410491617,1742.0633921262383
2317,negative_control,1358,1211.183821527361,1709.252740705901
2318,Emp1,39,1211.4479076448224,1717.9369552203725
2319,negative_control,1191,1212.441421889061,1718.7739774229306
2320,Pkm,144,1211.1261244161742,1661.84117288271
2321,Lmna,77,1213.2921432241385,1724.1902612005963
2322,negative_control,826,1213.441607524624,1724.234815115842
2323,Pkm,144,1214.343215610677,1693.6500798735665
2324,Emp1,39,1214.3203727351736,1743.1596049136035
2325,negative_control,1695,1214.2409812080818,1743.6639770592433
2326,Ddx17,26,1214.6023202433105,1743.7070159234563
2327,Eef1g,28,1215.0543408894716,1719.8684223662106
2328,Pkm,144,1214.936258021592,1716.3422411531194
2329,Il1rl1,69,1216.1350258688735,1668.8467728901403
2330,Emp1,39,1215.7367181370885,1667.6639293523504
2331,Timp2,229,1216.1505414686412,1667.4529080701004
2332,Sfpq,206,1216.08401181767,1669.4643143258263
2333,negative_control,1734,1215.5678566802903,1668.8859175845946
2334,negative_control,654,1216.1532528683892,1668.9869557989214
2335,Eef1g,28,1218.3648194570717,1631.588101353721
2336,negative_control,1063,1218.0582421180584,1664.5997232812815
2337,Pkm,144,1220.1798098640018,1593.7782653144554
2338,Eef1g,28,1221.2370801818945,1531.5922595961874
2339,Emp1,39,1221.8567727936477,1739.834441084578
2340,Ctbp1,24,1222.371866673178,1510.8982057917829
2341,Pkm,144,1221.988110089651,1673.4708399001308
2342,Emp1,39,1223.4001763468364,1631.6410165989269
2343,Eef1g,28,1226.1459521994236,1604.2594008500023
2344,Prmt1,153,1227.829248763343,1602.6544332516091
2345,Eef1g,28,1228.5212392249196,1549.7233466838336
2346,Eif4g2,38,1229.2530776151389,1610.416351374114
2347,Emp1,39,1228.7920726471189,1699.2913524952585
2348,Pkm,144,1229.341605451216,1681.7163561786524
2349,Pa2g4,135,1230.3631399303108,1588.512140222022
2350,Emp1,39,1231.8762498642332,1739.0247879061335
2351,negative_control,2022,1230.5152841958231,1738.268909596308
2352,Rab7,174,1233.6278998772332,1548.8781923838123
2353,Rab7,174,1233.7230075702082,1584.709613004954
2354,negative_control,1232,1234.4542453025615,1602.479805809102
2355,Ncl,121,1234.865529566874,1603.283319143927
2356,Pkm,144,1236.7676657931488,1617.318562236901
2357,Vim,261,1236.82947040999,1586.8574349520848
2358,negative_control,922,1236.122640779598,1539.2768706843626
2359,negative_control,835,1237.6418821551138,1684.767051383992
2360,Emp1,39,1237.229036283702,1683.5398829414228
2361,Gsto1,54,1238.6123955592925,1685.5419268099718
2362,negative_control,966,1236.9284836040354,1684.5829437722532
2363,negative_control,1844,1237.9720252178008,1717.8839223335349
2364,negative_control,1494,1236.608083597479,1718.6255611387014
2365,Tomm40,235,1237.338772241961,1717.689954286426
2366,Sdc4,202,1238.17292680746,1717.4270970875816
2367,negative_control,783,1238.7872542527166,1716.769801083417
2368,negative_control,362,1239.1646889473298,1718.0580743045236
2369,negative_control,583,1240.7905089024507,1728.249171634562
2370,Emp1,39,1239.0576898442553,1727.94323139051
2371,Ubxn1,253,1241.62755362932,1729.4539482948985
2372,negative_control,287,1239.8959907984236,1700.5733505281005
2373,negative_control,1463,1240.4459641774702,1506.413848917467
2374,Emp1,39,1240.7994808982933,1739.740785865529
2375,Emp1,39,1243.694387543125,1712.1143613994864
2376,Psap,160,1246.2658355836388,1714.725842078668
2377,Hdgf,56,1245.8325617994092,1714.2394750896633
2378,Trp53,242,1244.9902261533018,1713.9101916945324
2379,Rab7,174,1244.6398012750258,1714.973859531452
2380,Prmt1,153,1247.3113108269306,1514.1546555101172
2381,Rab7,174,1244.5384685396511,1515.5348531169209
2382,Eef1g,28,1245.769308273948,1653.8634494987675
2383,Mtap,114,1243.4419223595164,1652.8920759400476
2384,Tpm1,238,1246.4875426013969,1581.8859228018714
2385,Eef1g,28,1249.7207567799603,1547.6500989111632
2386,Mrps31,109,1250.7545268793956,1667.9247873426173
2387,Emp1,39,1251.6795514706264,1667.8325684305676
2388,Pkm,144,1253.4994785637218,1723.9525998006063
2389,Emp1,39,1254.2854677036796,1601.1980655505265
2390,Emp1,39,1254.6856116968056,1586.5322981303316
2391,Sec13,204,1256.1987137135925,1564.8837885011185
2392,negative_control,1373,1257.600079238112,1564.0999563667929
2393,Emp1,39,1257.0468922082412,1618.45477548083
2394,Ube2m,252,1258.1505001790586,1667.6071843161508
2395,Pkm,144,1258.6642325657183,1538.2794096407083
2396,Rpl15,186,1257.2281557268352,1538.2943766457324
2397,Mrpl15,93,1258.3599998500663,1700.249468960655
2398,negative_control,1879,1259.0145987415506,1701.489037999402
2399,Psap,160,1259.2568118592928,1730.405695711703
2400,negative_control,815,1259.7941601596062,1731.116543196757
2401,Snx3,211,1260.9624316812624,1731.0747655496218
2402,negative_control,448,1259.1344483233636,1730.094092775625
2403,Pkm,144,1258.9621749774417,1600.4537434379138
2404,Eef1g,28,1259.9310375956793,1574.50332038123
2405,Emp1,39,1260.110600383625,1715.6506202058606
2406,Eef1g,28,1260.624479230475,1555.8438588030856
2407,Vim,261,1260.00991677289,1541.2428462458313
2408,Eef1g,28,1261.6212139862434,1541.8490476119014
2409,negative_control,1638,1263.3428913650448,1565.6918067815836
2410,negative_control,864,1263.5871275759694,1565.7541579909766
2411,negative_control,1609,1262.925848996798,1566.8063137480872
2412,Rcn3,184,1263.8068568309418,1566.274020537628
2413,Arf1,6,1264.010097203415,1572.1578818920104
2414,Eef1g,28,1264.3806955440264,1683.256436282441
2415,Cox7a2l,18,1263.8053837704483,1540.2281978727492
2416,Pkm,144,1266.3516102776282,1552.591264020555
2417,Emp1,39,1266.7123253126492,1597.0079427336225
2418,Emp1,39,1267.8520042052874,1719.9777785984345
2419,Pkm,144,1268.8014683281715,1652.9623797869488
2420,Eef1g,28,1269.330731421401,1537.600566094235
2421,Emp1,39,1270.0128298962306,1648.356338980554
2422,Emp1,39,1270.558125308068,1631.0319923894674
2423,Emp1,39,1272.743953744657,1723.053083558431
2424,Eef1g,28,1272.5595315479975,1658.9329745387306
2425,Emp1,39,1273.6241048292509,1564.1633812311898
2426,Rpl15,186,1273.9084595642928,1567.044821521183
2427,negative_control,1766,1274.0897238797338,1566.7292324374218
2428,Eef1g,28,1275.2914756320338,1550.6770280867097
2429,Eef1g,28,1275.7722598503103,1726.5929288401298
2430,Fgf7,43,1276.1193874978248,1720.4695673849014
2431,Emp1,39,1277.3151889223627,1720.130966502794
2432,Hspd1,64,1277.213399862006,1718.3573358226834
2433,Emp1,39,1277.1209232852786,1667.2607802688717
2434,Pkm,144,1278.3579349480913,1561.4498723009883
2435,Pkm,144,1278.515841191885,1652.2253634002168
2436,Rpl15,186,1277.9236678823888,1716.2811763190296
2437,Emp1,39,1278.917087763885,1623.0238246696424
2438,Emp1,39,1281.0897673568518,1680.2964792406003
2439,Eef1g,28,1281.4456805388536,1562.7242881256234
2440,Vim,261,1283.988153230278,1578.9169257764493
2441,negative_control,1293,1287.525166128797,1579.6601539386215
2442,Il1rl1,69,1285.483670180262,1579.4337581501725
2443,Sdc4,202,1285.2534405698575,1579.1538270958365
2444,negative_control,428,1285.1362639731644,1579.2662249959617
2445,negative_control,2018,1286.6810913656295,1580.5333758673785
2446,Vim,261,1287.2163957673831,1580.5823210141862
2447,Emp1,39,1283.42014327298,1578.09705058024
2448,Pkm,144,1284.3660729295852,1565.078314513582
2449,Emp1,39,1286.0767956499442,1625.0988008029483
2450,Emp1,39,1290.1141101003373,1603.3866874472617
2451,Rab7,174,1289.2561347205667,1712.5192799196284
2452,Eef1g,28,1291.2028290261703,1631.7106292865303
2453,Emp1,39,1291.6117973752791,1567.6250005517195
2454,Emp1,39,1291.7976344171857,1724.6467463083118
2455,Eef1g,28,1293.4123324973516,1521.1605262958824
2456,negative_control,1873,1295.6074365333202,1570.4877165120618
2457,Il1rl1,69,1296.1483366057255,1672.943743189866
2458,Sfpq,206,1295.7849296643683,1671.2934090621577
2459,Vim,261,1296.603478527713,1579.7324661546136
2460,Eef1g,28,1296.5088568625836,1725.156504291624
2461,negative_control,1669,1299.322543434589,1561.1067575350903
2462,Emp1,39,1299.602478408213,1573.074323953361
2463,Eef1g,28,1299.56930608134,1555.319040542366
2464,Emp1,39,1299.8927582016418,1704.3574823130016
2465,Emp1,39,1301.4417113667598,1579.8623111106062
2466,negative_control,1378,1300.9353692585214,1580.1170042987592
2467,negative_control,949,1301.6451195369702,1587.3395171936045
2468,Eef1g,28,1302.5527646550518,1536.749310341207
2469,negative_control,701,1302.913306615114,1716.134993079736
2470,Pkm,144,1305.124991487816,1624.989098366689
2471,Pa2g4,135,1305.6984851582008,1599.9246254209827
2472,Ywhaz,268,1306.7331021506589,1590.8556092050387
2473,St13,220,1306.4430325077074,1709.361839741954
2474,Eef1g,28,1307.2320015066707,1708.977962723656
2475,Prrc2a,158,1306.807011091951,1710.0503423979426
2476,Txn2,248,1307.1336316162888,1709.568008103853
2477,Pkm,144,1309.3556018381244,1585.6142653248903
2478,Pa2g4,135,1309.3586736771454,1613.252211081218
2479,Eef1g,28,1310.703476627487,1562.935665019315
2480,Pkm,144,1313.7979573717166,1547.5136532244403
2481,Eef1g,28,1315.3430688705523,1572.3576717944964
2482,Snx5,212,1317.21067633927,1712.3388192924454
2483,Emp1,39,1317.4158068332083,1712.5787588380804
2484,Nr2f2,129,1317.8741548067192,1712.3862697222496
2485,Pkm,144,1319.1501775260936,1624.6234504663682
2486,Emp1,39,1323.5061341994906,1637.8169823772744
2487,Ptges3,168,1328.5313945596936,1595.869462328428
2488,negative_control,487,1327.421555680864,1594.3754374278728
2489,Emp1,39,1327.1984621404945,1594.4675754093782
2490,Nap1l1,120,1325.6463889669924,1594.1573195076892
2491,Emp1,39,1326.577875998732,1634.6067418053294
2492,Eef1g,28,1326.6872447945866,1553.7735132541095
2493,Ywhaz,268,1330.914706327408,1554.3956428389415
2494,Pkm,144,1332.0859929727935,1669.6329699243065
2495,Sfpq,206,1334.2605737748324,1562.5021504539466
2496,negative_control,2063,1334.3788593280344,1561.8038172216357
2497,negative_control,1064,1334.6657738913343,1562.298209124703
2498,Pkm,144,1337.88629184428,1549.2985840311303
2499,Emp1,39,1337.3848346895384,1662.6540955905643
2500,Pkm,144,1338.1032224378196,1697.4748238264954
2501,Pkm,144,1339.9728661306158,1573.034123816572
2502,Emp1,39,1340.9180546907646,1682.4353719621056
2503,Tmbim6,230,1340.315300641721,1681.1115379344749
2504,Rps15a,191,1340.260467118315,1681.137035388207
2505,negative_control,1642,1342.2580146939763,1579.1703663022645
2506,Mbd3,84,1344.370754110842,1688.4994663704476
2507,Vim,261,1342.8282215922864,1688.0782544817655
2508,Rad21,176,1342.8835353295972,1688.957617868768
2509,Taldo1,223,1343.8980580878683,1688.6708181806605
2510,Ube2m,252,1342.8203155807023,1689.3696377025058
2511,Eef1g,28,1344.692342504085,1554.9509663081265
2512,Tpm1,238,1343.8817003826189,1556.067234918702
2513,Rab7,174,1343.11404473729,1623.21827622626
2514,Emp1,39,1344.2480750523798,1671.515024825093
2515,Mrpl20,96,1344.3380394747935,1666.1074036146672
2516,Emp1,39,1347.954533161183,1585.9148498371728
2517,Pkm,144,1351.013029660728,1691.3620555232633
2518,Ybx1,263,1351.788839601846,1604.329358015588
2519,Pdia3,140,1351.5271171263043,1603.438718439394
2520,Emp1,39,1351.1197416872517,1603.152829093308
2521,Mrpl20,96,1352.5194743668958,1633.6219930790546
2522,Emp1,39,1352.9593387647292,1567.168363949716
2523,negative_control,1281,1353.4360115608015,1567.9385168637016
2524,Arpc2,7,1353.5324825935647,1566.2147932355906
2525,Fus,47,1356.749060281756,1568.6857587386717
2526,Pkm,144,1356.6767058596847,1555.2531779031265
2527,Pa2g4,135,1359.105989698426,1668.104045461026
2528,Eef1g,28,1361.2217989590142,1554.2083159986137
2529,negative_control,1465,1358.465899383886,1556.3732766324651
2530,negative_control,1313,1359.280745711109,1555.5049043721413
2531,Emp1,39,1362.0390122575648,1543.58371926586
2532,Eif3f,35,1362.063671116683,1652.6682531977674
2533,negative_control,1766,1363.275558834957,1650.5604050856812
2534,Ywhah,266,1363.4830637695427,1650.479421855773
2535,negative_control,1746,1363.3034191331776,1650.7290988571222
2536,Vim,261,1364.0855406640258,1549.160199992368
2537,Eef1g,28,1364.950492945166,1549.705213529342
2538,negative_control,1592,1365.831369456623,1585.1513733367174
2539,Tubb5,246,1366.7116211789253,1684.3956679933412
2540,Pkm,144,1366.9200253034564,1625.6886688535778
2541,Emp1,39,1367.9721250115058,1597.1139343837558
2542,Pkm,144,1369.0972614428283,1715.1013962844058
2543,negative_control,1295,1369.8404194292114,1678.2083503993065
2544,Vim,261,1371.0332547582277,1678.298480601281
2545,Cox7a2l,18,1369.3715333487185,1677.777621384004
2546,Arpc2,7,1370.125474424533,1678.4598357434104
2547,Eef1g,28,1369.7975562251945,1540.8476570221023
2548,Vim,261,1372.3497199545145,1556.8532771036594
2549,Oxct1,134,1373.4634254642726,1556.8439617270035
2550,Emp1,39,1371.425393693896,1673.6479023758302
2551,Emp1,39,1371.2653922740487,1625.037681449811
2552,Raly,177,1372.8103995464808,1645.0397935327678
2553,Emp1,39,1372.837092920858,1591.6293416295475
2554,Emp1,39,1372.3365616520236,1598.9201971124005
2555,Emp1,39,1373.164843497225,1570.4701658135668
2556,negative_control,1171,1374.221683275946,1665.6885345084952
2557,Eif3i,36,1375.1127438857366,1666.5905491964097
2558,Emp1,39,1374.402464215554,1580.2110475962952
2559,negative_control,2096,1374.2882677651835,1591.7784952323543
2560,negative_control,1044,1374.242310398102,1591.3943052250818
2561,Ddx17,26,1374.8124573093771,1598.0356636178333
2562,Emp1,39,1375.932850701029,1595.043028386871
2563,Ly6e,81,1376.1618093307552,1593.0777301265075
2564,Pa2g4,135,1376.7427000146906,1710.3576049697376
2565,Pa2g4,135,1376.759017477121,1637.1268212344944
2566,Eef1g,28,1378.7730522188704,1622.6179310343568
2567,Emp1,39,1379.9098857504723,1562.4406572861003
2568,Emp1,39,1380.611985281373,1592.4546203606212
2569,negative_control,1163,1381.4153043127303,1559.4961421118903
2570,Cebpd,12,1381.3873495390285,1560.2282923253033
2571,Tubb5,246,1382.5998777224831,1558.543371091063
2572,Rab7,174,1380.2683513171687,1560.5914320138604
2573,Eif4g2,38,1382.629012865341,1559.3134600396556
2574,negative_control,1805,1380.419420679607,1560.234323352454
2575,negative_control,540,1381.9539580100964,1559.041615681769
2576,negative_control,892,1380.0836308721448,1680.6792963300018
2577,Fkbp8,45,1379.7574417544886,1680.9967639182073
2578,negative_control,926,1381.1010421249005,1681.0870811923971
2579,Csnk2b,23,1381.894069785564,1555.891785331995
2580,negative_control,803,1382.5444911904715,1556.13262698282
2581,negative_control,1879,1381.9169103271852,1555.8789009798438
2582,negative_control,1448,1383.2990661644058,1557.1797767405037
2583,Emp1,39,1380.973209854421,1601.8044619478817
2584,negative_control,860,1382.28194281091,1671.2143780998135
2585,Pkm,144,1383.3209482467337,1542.9473540820625
2586,Emp1,39,1385.177685188786,1627.3799333877837
2587,Sec13,204,1385.0650188381896,1626.914581290766
2588,Efemp1,29,1384.5238940544157,1626.7380744598902
2589,Eef1g,28,1386.1241129233094,1576.6113126608343
2590,Tpm1,238,1387.613894535914,1635.154306469839
2591,Eef1g,28,1387.1773229237765,1661.4356435682755
2592,Emp1,39,1388.0936026072554,1655.0353152014584
2593,Cox7a2l,18,1388.923014904624,1615.676317174059
2594,Sfpq,206,1389.927498737154,1615.2752576675657
2595,Ctbp1,24,1388.575285227107,1615.5269540748502
2596,Pa2g4,135,1392.801542366425,1651.9874647199715
2597,Pkm,144,1392.0296844759778,1536.8579097119318
2598,Emp1,39,1394.138047612425,1658.613897071663
2599,Emp1,39,1394.1860484391054,1671.166757764828
2600,Eef1g,28,1395.4402914964376,1549.3694833897257
2601,Emp1,39,1396.477581504621,1652.502191723993
2602,U2af2,249,1397.5836298111396,1653.2321689278017
2603,Npc2,128,1397.491698914626,1653.54718204793
2604,Pkm,144,1396.7607699135854,1633.1565016298334
2605,negative_control,613,1396.8689110820812,1543.8563345671507
2606,Emp1,39,1397.4095061925354,1573.121224066777
2607,Emp1,39,1398.3774259471677,1648.9840680315135
2608,Gsto1,54,1398.0635829926014,1647.7570804730872
2609,Nr2f2,129,1397.570420489851,1647.334863734253
2610,negative_control,710,1397.9273390648154,1555.4073916566513
2611,Tpm1,238,1398.9166148728204,1678.7579293361646
2612,Emp1,39,1400.479879627409,1575.8358582512606
2613,Fkbp9,46,1402.0877767554457,1615.5885441897328
2614,Emp1,39,1402.529792942673,1616.148446179164
2615,Cct3,9,1401.9032898137534,1616.060499310754
2616,negative_control,1304,1402.6642655336566,1617.2096389178218
2617,Npc2,128,1403.5843285815947,1614.855549895801
2618,negative_control,1668,1403.063364357175,1549.552342478531
2619,Eif3i,36,1400.444847548852,1536.258709657265
2620,Pkm,144,1403.1054041657433,1553.1804083379534
2621,Ube2m,252,1403.1484498659436,1703.6913211940357
2622,St13,220,1405.0022148399012,1673.59129324716
2623,Hnrnpul1,60,1404.287573088502,1672.2296012819895
2624,negative_control,1117,1405.0377588051788,1674.0369133633917
2625,Pkm,144,1404.2807839186123,1696.8748664013372
2626,negative_control,1268,1405.598964367346,1636.2363229302928
2627,Ube2m,252,1404.5241338041103,1635.6486217322088
2628,negative_control,431,1403.4794719617184,1635.782368777279
2629,negative_control,1454,1404.5337292665663,1636.475928444316
2630,Tpm1,238,1405.0855492878227,1563.943611532086
2631,Junb,71,1405.521942221086,1564.061867872299
2632,Psma7,161,1404.3164944050704,1564.5645838250862
2633,Emp1,39,1406.6508619504966,1630.3633388262615
2634,negative_control,1592,1407.614870980172,1577.6497317178023
2635,Pkm,144,1407.1897807687185,1677.3658723155022
2636,Ppp2r1a,151,1410.3381827710584,1571.831368227924
2637,Rpl18a,187,1409.17604056934,1571.1682984497947
2638,Tubb5,246,1408.935349841703,1571.5043761561228
2639,Vim,261,1410.3779024819064,1570.6935918628162
2640,Emp1,39,1408.723118444719,1571.8381811727395
2641,Eef1g,28,1408.4758839945202,1680.754325026891
2642,Snrnp70,210,1407.6743110904968,1652.1787438499168
2643,Arf1,6,1406.6223793293195,1650.9134534294392
2644,Eef1g,28,1409.228189641074,1669.1313495292673
2645,Emp1,39,1410.26777585915,1620.0060957974783
2646,Emp1,39,1411.186434292979,1561.1511342855276
2647,negative_control,1592,1410.9663986694436,1593.4889222260238
2648,Emp1,39,1411.3787833305514,1653.1956134516408
2649,Rab7,174,1411.025115039185,1674.6941340257565
2650,Eef1g,28,1411.6910155265164,1567.5198334888814
2651,Pkm,144,1413.3787896327722,1532.4171490629308
2652,Vim,261,1412.5409226918157,1519.3835495130077
2653,Eef1g,28,1412.9010722960602,1518.4104154642343
2654,Pkm,144,1413.4530694666169,1666.3484160036892
2655,Pkm,144,1413.6635637840598,1597.823436131293
2656,negative_control,403,1413.9339797544071,1635.680277234516
2657,negative_control,1236,1414.1307055211687,1636.0070179008364
2658,negative_control,321,1413.4826509336206,1635.4584002389995
2659,Ctbp1,24,1412.4598726247518,1699.4330618998051
2660,Ybx1,263,1414.963225148324,1653.9082986747428
2661,Cs,20,1414.3197588326775,1654.616556093128
2662,Hspa8,62,1415.090487707719,1655.0858313419474
2663,Tpm1,238,1416.379985633875,1559.3796327044545
2664,Tnk2,234,1416.2526102043196,1542.7983733144442
2665,Rab7,174,1417.0403331431282,1543.7528091613235
2666,Vim,261,1417.797651069253,1542.1075986782362
2667,Ncl,121,1414.2673842719375,1543.1855971817504
2668,negative_control,922,1417.3951189397126,1542.4542980387732
2669,negative_control,1660,1416.7498107537397,1543.0128468700786
2670,Mtch1,115,1417.1347434147428,1531.7615116601944
2671,negative_control,1956,1416.7755766724008,1530.4549177703475
2672,Mrps25,108,1417.545938762429,1531.4479573841445
2673,Emp1,39,1417.4981865764437,1665.575292216044
2674,Pkm,144,1420.728174330198,1513.975889426015
2675,negative_control,1636,1421.232796128057,1600.735282601534
2676,negative_control,482,1422.386186056643,1601.3284562749643
2677,Eef1g,28,1422.1057763155611,1566.5306363712916
2678,Pkm,144,1423.6181945025637,1652.695756871862
2679,negative_control,1251,1425.0710203531144,1620.7944712069052
2680,negative_control,1236,1423.7161256898228,1620.7333725962258
2681,negative_control,1997,1424.2818121379237,1620.9978127067548
2682,Pkm,144,1425.892827919949,1607.6697233034588
2683,Pkm,144,1425.728053097331,1510.910172337262
2684,Eef1g,28,1426.5164391684202,1559.2556419639693
2685,negative_control,482,1427.746712408329,1578.4564029260478
2686,negative_control,1805,1427.8598987459716,1577.3359418023626
2687,Csnk1a1,22,1428.9223715613266,1507.6500851347355
2688,Mrfap1,89,1430.005991365086,1506.8977061781286
2689,Ywhaz,268,1431.900039612788,1538.9480935963163
2690,Pkm,144,1432.0073580890985,1572.469598636503
2691,Eef1g,28,1432.3635672972864,1638.1896248986288
2692,negative_control,857,1433.1432796676836,1540.2753931555303
2693,negative_control,521,1433.1882587922653,1540.960752099727
2694,Pkm,144,1433.549652813849,1557.8396989887797
2695,negative_control,477,1434.5180900168882,1530.798359063855
2696,Pkm,144,1434.6878187666346,1531.3037863474844
2697,negative_control,1557,1431.7155585689873,1531.1142884561257
2698,Arpc2,7,1434.04828561466,1531.1228263275166
2699,Sae1,199,1433.333530302859,1531.5716469394051
2700,Gsto1,54,1430.3411441507533,1529.2796023181418
2701,negative_control,434,1432.097405003352,1531.0251532610628
2702,negative_control,1320,1431.0421309886574,1529.896692694372
2703,Pkm,144,1434.967069712926,1614.7458244061704
2704,Pkm,144,1435.457120161507,1542.01040376848
2705,Gsto1,54,1435.0322684298342,1585.1604398780717
2706,Emp1,39,1434.8291540491748,1585.2145048894597
2707,Tpm1,238,1435.2842229267676,1514.7927602756931
2708,negative_control,849,1435.338748909975,1606.06185087837
2709,Hspa8,62,1439.188761266516,1627.3752696640158
2710,Cs,20,1438.246796613103,1627.3212133086852
2711,Eef1g,28,1437.777481700963,1634.480503524702
2712,negative_control,860,1438.1815882306837,1574.253021001898
2713,negative_control,1708,1439.071996828322,1559.6113478712557
2714,negative_control,1766,1439.032593321655,1514.9867495102728
2715,Tpm1,238,1439.9785155453487,1605.1721904724263
2716,Trim28,241,1439.6293886946562,1534.8961774658787
2717,St13,220,1441.9042631272378,1533.4091807836287
2718,Zyx,271,1440.615281544489,1533.8016332334498
2719,Emp1,39,1441.135063236835,1642.5800524313793
2720,Taldo1,223,1440.716862497859,1642.1765506544716
2721,Vim,261,1441.8697219322112,1574.48349303224
2722,negative_control,413,1442.544168696358,1576.5037915453922
2723,Trp53,242,1441.8147376482968,1575.641657461961
2724,Raly,177,1441.155838937389,1574.3765896766113
2725,negative_control,804,1443.144668549246,1543.1746787528143
2726,negative_control,1503,1443.049385682199,1543.451222318121
2727,negative_control,1865,1441.4211321047524,1544.0916015131734
2728,negative_control,2087,1442.521348210889,1544.3517260305916
2729,Msn,112,1442.708968244635,1543.7582245739782
2730,negative_control,1415,1443.0619608466277,1545.461761072513
2731,negative_control,1642,1442.4557105850708,1531.7299091340597
2732,Maged1,82,1442.885193891248,1582.5367931083206
2733,negative_control,721,1443.101393364476,1583.6717871556111
2734,negative_control,1912,1442.72359466415,1583.2186576009512
2735,Pa2g4,135,1443.2502360175183,1504.085419239412
2736,Csnk2b,23,1443.2796224732604,1602.429918180414
2737,Rab7,174,1443.5445469366962,1625.899313591607
2738,negative_control,321,1444.9007552776543,1559.471297259382
2739,negative_control,864,1446.1021644372777,1582.8557515779876
2740,negative_control,1873,1446.3010821163143,1535.3342218618277
2741,Vim,261,1445.6158080910495,1537.0042593252392
2742,negative_control,934,1446.202438484902,1534.9923240710264
2743,Mrpl12,92,1446.431447042958,1536.0900544285385
2744,Hspa8,62,1447.0107648990831,1536.095065018072
2745,Pkm,144,1445.8518642066765,1637.9094597968235
2746,Cox7a2l,18,1447.9125131877568,1599.4097173827113
2747,Pkm,144,1448.6157397311977,1492.37114695408
2748,Hdgf,56,1450.7874363188894,1625.0187762018838
2749,negative_control,1721,1449.58359197482,1625.6722967521723
2750,Snx5,212,1450.5431301110968,1623.9527973777513
2751,negative_control,2093,1449.333904331848,1626.9340160572044
2752,Vim,261,1449.686037162804,1631.4296606255095
2753,Eef1g,28,1450.2377373913305,1631.8027312288605
2754,Rab7,174,1450.7767127503323,1499.153434099181
2755,Pkm,144,1453.591372411625,1536.618075416633
2756,Emp1,39,1453.5153865327034,1506.835565546556
2757,Cnn2,16,1457.4536539190717,1593.8662777162435
2758,negative_control,321,1457.1501762411797,1592.951538986047
2759,Zyx,271,1456.8608968295475,1577.9628859682755
2760,Ywhaz,268,1458.2474646812732,1578.382858014157
2761,Prmt1,153,1458.2613753416383,1578.72451807676
2762,Arpc2,7,1456.6515308126943,1578.3662880479362
2763,Pkm,144,1460.7285988309482,1554.720211052948
2764,Hdgf,56,1462.3108652834926,1553.3020180712658
2765,Rps15a,191,1461.5102356597035,1553.35274647711
2766,Eef1g,28,1462.0190835918866,1543.6527907968295
2767,Arpc2,7,1462.743830881747,1505.3916071897766
2768,negative_control,1248,1463.0153931342834,1505.891255560325
2769,Rpl18a,187,1462.260525960744,1505.3398145987703
2770,Actn4,3,1463.9786731411011,1569.591869879383
2771,Ptges3,168,1465.073490445402,1569.173065855361
2772,Eef1g,28,1464.8397726607798,1568.492082791729
2773,Raly,177,1466.1519918636411,1569.6591521520231
2774,Ncl,121,1467.264753122561,1531.339791173551
2775,Eef1g,28,1467.4161337893916,1573.3635822221356
2776,Prpsap1,156,1467.0287677689105,1574.8143241792077
2777,Psmd4,164,1468.3161191198606,1574.5926890134376
2778,Eef1g,28,1467.7627485932962,1612.549464554755
2779,negative_control,1158,1467.3303823390995,1564.0257748573804
2780,Pkm,144,1466.734867793853,1491.8377886437138
2781,Pkm,144,1467.3631210532008,1508.0485357941757
2782,Pkm,144,1467.5702713000387,1546.6332913082829
2783,Pkm,144,1467.717065542287,1621.352430101459
2784,Eef1g,28,1469.7017885104428,1502.9804127929474
2785,Junb,71,1469.3445703802338,1590.8409286236465
2786,Hdgf,56,1470.3905834468658,1589.4813435203978
2787,Fus,47,1469.5323978520314,1590.0014333179174
2788,Tcp1,227,1470.5667277838515,1611.2435175396413
2789,Rab7,174,1470.8262989253226,1610.7188776368364
2790,Eif4b,37,1471.6706596971253,1577.8113152802946
2791,negative_control,2012,1472.4525877552442,1579.19319108619
2792,Eef1g,28,1471.920999179764,1578.9904712624368
2793,Ybx1,263,1471.5575318159622,1507.7734946407672
2794,Ywhaz,268,1472.3990260786732,1514.88247654546
2795,Ncl,121,1472.132108084286,1495.666029704625
2796,Ywhaz,268,1473.176843122218,1494.4719455525685
2797,Ybx1,263,1474.0186440264129,1570.4016288935893
2798,Pkm,144,1474.202633671522,1603.6481332525238
2799,Pkm,144,1473.971127991765,1559.326596783957
2800,Ybx1,263,1476.3452678284198,1568.122031194393
2801,Pkm,144,1476.0671934636955,1529.2826890174626
2802,negative_control,701,1475.19255781686,1600.018556103102
2803,Eef1g,28,1476.7659182798457,1473.1014963300702
2804,Ncl,121,1476.476102758023,1549.2296756536591
2805,Tubb5,246,1476.1107339870723,1548.8193050393152
2806,Rab7,174,1476.3003203571095,1550.5310048008328
2807,Hspa8,62,1478.4040941659232,1551.2050086539368
2808,Snrnp70,210,1479.4424056881378,1553.7624728646165
2809,Vim,261,1477.9926041464337,1551.548210894806
2810,negative_control,611,1478.712836065969,1552.4186106264428
2811,Myh9,118,1480.3922825278669,1554.9896088597056
2812,Ube2m,252,1479.4536911387186,1614.368835993529
2813,Eef1g,28,1478.382290648074,1610.4425984197558
2814,Cox7a2l,18,1479.727857111714,1485.1975302304963
2815,Pa2g4,135,1480.6059376786836,1572.0029655347942
2816,Pkm,144,1480.3969085091726,1561.3979268946443
2817,Tpm1,238,1481.4796365269451,1514.2651559549286
2818,Lrrc59,79,1482.2716876657082,1595.6345493804852
2819,Sat1,200,1482.8525275409818,1599.0099488828644
2820,Uba1,250,1482.039970259321,1597.8398520643343
2821,Mrfap1,89,1482.8831286177792,1598.3284679533367
2822,Rab7,174,1482.003488598299,1504.755392093751
2823,Eef1g,28,1483.9464512245013,1532.4942349786636
2824,Pkm,144,1484.3978576685245,1502.6091790123153
2825,Ncl,121,1487.894211156784,1461.637458900624
2826,negative_control,1235,1488.696092005074,1461.39170928681
2827,negative_control,1886,1487.081368205241,1460.2188916171508
2828,Cct5,10,1488.1448365834362,1460.904637621055
2829,Hspa9,63,1487.3890761111772,1491.281292941802
2830,Eef1g,28,1489.018570193722,1492.579293802337
2831,negative_control,1159,1486.6419931352982,1505.785686644704
2832,Lamp1,74,1487.191504327206,1505.9345238627964
2833,Tubb5,246,1486.8644540406494,1504.321656286456
2834,Vat1,259,1488.172758444751,1590.2244320865302
2835,negative_control,2037,1489.0624872957774,1590.1732650590616
2836,Eef1g,28,1488.1504730725742,1563.1643116979778
2837,Eef1g,28,1488.880658465322,1514.2159867230953
2838,negative_control,321,1489.2811092908128,1523.0643486622248
2839,Pa2g4,135,1490.147511674005,1550.951938009549
2840,Msn,112,1493.442488120069,1467.4397340676455
2841,Pkm,144,1493.336771416055,1466.988660808594
2842,Vim,261,1492.0730067465156,1465.4988453247252
2843,Ssrp1,219,1493.6864654608266,1466.3104807228865
2844,negative_control,721,1493.4888661097632,1600.868085605036
2845,negative_control,1307,1494.1379573431227,1566.0663823672162
2846,Tpm1,238,1494.1230184445492,1565.5101340630215
2847,Myh9,118,1494.2119450507223,1547.5717396532148
2848,Eif3a,32,1494.65595612868,1548.432420281921
2849,Pkm,144,1495.7157614684268,1481.1319637082552
2850,negative_control,380,1496.9998440457373,1454.353202173151
2851,Pkm,144,1497.1670829712775,1516.0959097666891
2852,Eef1g,28,1497.2163911632108,1581.2717434998583
2853,Pkm,144,1497.6814940917354,1473.3817147590912
2854,Eef1g,28,1498.0385844601365,1559.5723459303251
2855,Eef1g,28,1498.4347593487234,1491.963130641825
2856,negative_control,1249,1500.7049831287009,1507.598199961734
2857,negative_control,1777,1501.1765752402205,1532.7969204041829
2858,Pkm,144,1500.9232070151254,1466.8089327961195
2859,Eef1g,28,1501.063655543921,1457.626327227583
2860,Pkm,144,1502.2319015804353,1542.9542568641068
2861,Eef1g,28,1502.938264429892,1523.4201146879418
2862,Eef1g,28,1502.1540761226267,1478.1522638168856
2863,Pa2g4,135,1504.118822876345,1530.0675291200444
2864,Cnn2,16,1506.7860869381702,1588.7480409217624
2865,Eef1g,28,1506.900470954227,1538.6138715234522
2866,Rab7,174,1510.4169615918768,1546.0087178898873
2867,Pkm,144,1510.9643185825853,1515.846555013036
2868,Eef1g,28,1511.126202662914,1535.7950954449043
2869,Eef1g,28,1513.7953445106189,1499.33898215434
2870,Vim,261,1513.8625106858726,1489.868990002887
2871,Eef1g,28,1514.433065831451,1490.607719995466
2872,Eef1g,28,1516.1029220998523,1554.3831770916634
2873,Eef1g,28,1522.718932768062,1469.838029747277
2874,Pkm,144,1523.0365197565052,1566.8838685222097
2875,Eef1g,28,1522.9947388142584,1472.592902063333
2876,Pkm,144,1524.865916922757,1525.5110716945846
2877,negative_control,1554,1525.7738994840715,1528.3919413405042
2878,negative_control,1246,1525.7914364055337,1529.2629277454191
2879,Rab7,174,1528.2649521181736,1545.188075589725
2880,Eef1g,28,1529.724839536369,1573.1522553744303
2881,Pkm,144,1529.9128530087014,1582.9399310119047
2882,Eef1g,28,1531.6562639135284,1554.9787253687286
2883,Puf60,171,1531.4101834633389,1553.438098424031
2884,Pkm,144,1533.868700777508,1581.7275048585946
2885,Emp1,39,1533.94035916901,1540.8005808780551
2886,Eef1g,28,1533.4883632835622,1535.5507249246973
2887,Pkm,144,1539.824654465796,1534.1956288779054
2888,Eef1g,28,1542.177132110629,1524.468526271376
2889,Eef1g,28,1542.771630654129,1559.3395078278195
2890,Pkm,144,1549.8247025615713,1554.301230903557
2891,Mrps5,110,1548.44206305949,1599.9069482933835
2892,Pkm,144,1549.7790093718118,1600.269404171005
2893,Ppp2r1a,151,1549.0826465055925,1599.4406757594966
2894,Lmna,77,1551.850119632553,1557.067557135022
2895,Eef1g,28,1552.3849686395545,1556.7414061964896
2896,Vat1,259,1554.511845703914,1556.7034849787872
2897,negative_control,1491,1553.784016211772,1556.730286327307
2898,Pkm,144,1553.0689423339957,1589.0277939012244
2899,Pa2g4,135,1553.268627978743,1574.4396600048167
2900,Tpm1,238,1554.011712683435,1545.9096929863003
2901,Eef1g,28,1558.4878449978,1554.404314675888
2902,Pkm,144,1567.0408851007385,1575.50356181239
2903,Tpm1,238,1573.6309632248865,1579.2965132168615
2904,negative_control,1014,1585.010465607903,1560.8405139642764
2905,Vim,261,1585.32878497998,1562.0788754548005
2906,Cct3,9,1117.7559091559465,1783.1383682396229
2907,Ptges3,168,1138.1425304388022,1753.6368921089684
2908,Nedd4,126,1139.465071321811,1690.3916337953142
2909,Cs,20,1140.761485373164,1721.9128813132188
2910,negative_control,1789,1139.8946327372598,1722.626313536603
2911,Rpl15,186,1140.7671245519932,1722.2476999597595
2912,Uck2,254,1142.4519837866342,1682.085926745832
2913,Cct3,9,1148.492528990419,1732.7835942255538
2914,Ptges3,168,1152.7972385369917,1754.6791229212524
2915,Lmna,77,1152.4876698745998,1753.942892485767
2916,Cct3,9,1154.0372579803457,1766.0188120198889
2917,negative_control,644,1157.5078334072398,1759.3034442251335
2918,Maged1,82,1157.6008738007963,1760.800264141841
2919,negative_control,1828,1157.070049936889,1722.1991598742284
2920,Uck2,254,1157.5673459946584,1667.2720778962394
2921,Ptges3,168,1162.15510265894,1775.064846136615
2922,negative_control,1625,1162.305469834601,1748.212211428616
2923,negative_control,611,1163.4981811344192,1748.686606594356
2924,Kars,72,1162.1874560028286,1747.8873269746136
2925,negative_control,403,1162.6154907822242,1747.0004075651505
2926,negative_control,1387,1163.0361434495926,1747.116247980227
2927,Ugdh,255,1164.045049093767,1791.2758355654712
2928,Uck2,254,1166.164484207471,1682.2101648101918
2929,Skp1a,207,1169.8516835077369,1752.3823398086972
2930,Cct3,9,1171.366913725795,1763.037631117045
2931,negative_control,2063,1173.0823815368028,1662.7784058760171
2932,Hspa8,62,1171.7579348784218,1705.110342913225
2933,negative_control,1813,1172.378996463456,1675.555152639547
2934,negative_control,600,1175.6472779992532,1665.6149538436132
2935,Myh9,118,1181.4712294287924,1718.6805497685386
2936,Hdgf,56,1182.8593410394192,1716.388221844606
2937,Mrps2,107,1181.4863337213144,1716.8689623721584
2938,negative_control,929,1181.3628877748256,1722.2969740233243
2939,Eif3i,36,1182.401502940947,1723.428059864303
2940,negative_control,922,1185.55633763786,1662.6564427513838
2941,Rps15a,191,1188.4346943653477,1747.1910473675796
2942,Hspd1,64,1186.8214053866302,1749.1727984806705
2943,negative_control,1140,1186.8512877914416,1746.9510300376803
2944,Vim,261,1187.4001291745542,1751.4066676682328
2945,negative_control,838,1187.880003911951,1747.1712302200349
2946,negative_control,2033,1186.2640050083903,1748.16208841487
2947,negative_control,439,1189.2095975588122,1733.8484950676789
2948,negative_control,1723,1188.4187087359735,1735.352470502621
2949,negative_control,757,1188.3934385820055,1735.0505651034923
2950,Cited2,13,1189.689406263169,1735.4328983579676
2951,negative_control,1272,1189.0556160560038,1753.0923510116936
2952,negative_control,924,1191.0568187979895,1647.084867517875
2953,Nedd4,126,1191.869242009454,1743.510721318854
2954,negative_control,1946,1203.2011320845113,1538.3994911256912
2955,negative_control,1230,1203.790090761148,1622.9293134582135
2956,Nedd4,126,1204.5910470376791,1548.052303462022
2957,Nedd4,126,1205.375046654084,1538.5181207977198
2958,Mrpl4,101,1208.9217589831528,1631.9022968839631
2959,Cct3,9,1213.726464875036,1718.6404114255026
2960,Ptges3,168,1214.4625225085806,1729.8594091672285
2961,Cct3,9,1217.1862399043796,1606.742952667127
2962,Stip1,221,1222.706750520049,1732.1851812407208
2963,Vim,261,1223.1807144263485,1732.5947563357377
2964,negative_control,1597,1221.6866071458137,1730.9760685706087
2965,negative_control,1499,1221.5921551365416,1731.905490691398
2966,negative_control,611,1220.2444324843875,1731.367176096842
2967,negative_control,355,1222.169656549288,1640.3675387865992
2968,Rpl15,186,1219.8388894864595,1639.982526198045
2969,Fkbp4,44,1219.7418027142364,1641.251550888825
2970,Ugdh,255,1222.5402868140463,1742.5373220504573
2971,Lamp1,74,1222.9216939233152,1707.4018873973391
2972,negative_control,2080,1223.2093385409414,1707.8665539549334
2973,negative_control,847,1222.7698467961343,1706.6524067584298
2974,negative_control,964,1222.93084920814,1707.8695857777498
2975,Cct3,9,1229.98158350454,1546.8626695518044
2976,Rpl21,188,1230.4452661726148,1600.5667777343208
2977,Hspd1,64,1229.6062803679065,1597.8055989627655
2978,Vat1,259,1229.0987154733552,1599.171514163227
2979,Mrps5,110,1237.0642946475136,1724.0139558235742
2980,St13,220,1236.1550402706366,1725.8815721942149
2981,negative_control,525,1235.2339811626837,1727.2986136411755
2982,negative_control,532,1234.6627666866816,1564.116015540159
2983,negative_control,1235,1233.6035093623236,1564.1275902300818
2984,Nedd4,126,1235.974213063885,1516.6187148716635
2985,Uck2,254,1236.863462943393,1656.4998041540928
2986,Tomm40,235,1238.9211539749365,1588.3836684319292
2987,Ptges3,168,1238.1711771199148,1588.1900095930357
2988,Cct3,9,1240.5994139786264,1736.264512114913
2989,negative_control,2093,1244.529550531545,1729.0799923784955
2990,negative_control,532,1245.5879069121115,1728.1028165686794
2991,Uck2,254,1251.551682494733,1586.8400336990717
2992,negative_control,926,1251.960137386602,1516.8845689594075
2993,Hdgf,56,1261.0876715768177,1686.3460556634902
2994,negative_control,1329,1261.1409091454314,1558.0067284403574
2995,Cct3,9,1265.0882950997898,1532.0330733026356
2996,Trps1,243,1276.4932952281324,1688.0579631628189
2997,Vim,261,1276.1005873303968,1543.7954496777086
2998,Lrrc59,79,1276.1667068709426,1543.8821783730746
2999,negative_control,1593,1276.8748532315467,1543.4519394266345
3000,Psma7,161,1275.9445060183732,1543.709937824372
3001,negative_control,1707,1277.3481783070738,1544.0577354077932
3002,Ugdh,255,1277.2858493683032,1626.9393811377872
3003,Scarb1,201,1277.9701110530832,1619.535128640289
3004,Cct3,9,1278.0362371174324,1596.1352884043304
3005,Ptges3,168,1281.4532687663875,1539.6917420419093
3006,Thy1,228,1291.1616412825445,1723.1170855590672
3007,Uck2,254,1290.916394339463,1724.8024187882636
3008,Ptges3,168,1301.95668505266,1713.2032577316934
3009,Ugdh,255,1305.6300637502395,1611.302928475912
3010,Laptm4a,76,1308.1243666122496,1569.585521363101
3011,Nedd4,126,1311.595751052754,1544.876709892375
3012,Scarb1,201,1318.6960270258694,1610.4499689789511
3013,Sfpq,206,1320.1327233326997,1555.77681464663
3014,negative_control,870,1319.2896448008723,1554.2101947781066
3015,Hnrnpk,59,1317.750154193795,1554.895497891128
3016,negative_control,929,1319.38407309661,1554.6562283859228
3017,Lmna,77,1321.7519910775554,1563.861705489158
3018,Timp2,229,1324.5568720741285,1562.370453216923
3019,St13,220,1323.005772496835,1563.173811017458
3020,Ptges3,168,1329.213885046975,1704.4922227044767
3021,negative_control,634,1338.4233669867024,1592.7850653190687
3022,negative_control,922,1336.722722077719,1592.0189286970651
3023,Jun,70,1338.6870975645268,1593.0174766746168
3024,negative_control,469,1337.6574592900572,1592.356142134456
3025,negative_control,932,1338.4364692999688,1553.132643322435
3026,Ugdh,255,1339.4189530001634,1562.5617642564148
3027,negative_control,774,1341.5435709180356,1594.5094422272189
3028,negative_control,283,1342.0927002985147,1636.603148701541
3029,Rbbp7,181,1343.3952666501054,1698.405076756138
3030,Vat1,259,1346.2429440742608,1581.7402350442735
3031,Tmed9,231,1345.7945320974677,1582.016445618832
3032,negative_control,1866,1344.2547151013669,1580.9815637709014
3033,negative_control,1329,1347.311581968556,1594.51239957483
3034,Vim,261,1346.8866934294242,1692.009349512162
3035,Ppp2r1a,151,1348.0956420278503,1693.294606892758
3036,Rad21,176,1346.7770383558386,1692.1961272174235
3037,Ybx1,263,1346.9578101781287,1694.59777361355
3038,Prrc2a,158,1347.043359562587,1691.4842954285189
3039,negative_control,1181,1347.2182792327671,1554.906203050631
3040,Cct3,9,1352.172060680992,1695.614714290525
3041,Cct3,9,1353.0715262030592,1567.868094266771
3042,Cct3,9,1362.2212212595302,1659.1083624417267
3043,Nedd4,126,1370.4401353623164,1685.2127130555737
3044,Uba1,250,1371.0749190120075,1686.0336216453966
3045,Ptges3,168,1375.1780428340403,1630.584482799164
3046,negative_control,922,1383.8572687787223,1541.2484402987711
3047,Vim,261,1386.8114370176122,1579.214229985857
3048,negative_control,1122,1387.5343213248975,1578.895187178553
3049,negative_control,1734,1387.5482176014807,1579.6919644836448
3050,negative_control,1946,1386.6683753087068,1675.8907834874608
3051,Cct3,9,1388.8692775253064,1548.1470624518429
3052,Vim,261,1388.325113436394,1547.897883926478
3053,negative_control,1307,1389.8725386091348,1555.9244195135311
3054,Zyx,271,1389.8807999934863,1556.450691279205
3055,Rpl21,188,1388.8726296717605,1555.8048899984242
3056,negative_control,440,1394.323032045908,1569.697143622012
3057,Paics,137,1394.9468920683175,1568.5622985719117
3058,Ubxn1,253,1394.6283905688665,1567.619367051543
3059,negative_control,1122,1394.6550636718,1566.1460660582875
3060,negative_control,1532,1394.1615842688086,1569.3910914472272
3061,negative_control,1698,1395.292376283472,1565.9934026176547
3062,Csf1,21,1394.740178841937,1569.279455608119
3063,negative_control,1227,1395.9025408279822,1570.146272881715
3064,Skp1a,207,1394.8689386262477,1545.7038784175948
3065,Cct3,9,1396.166901411478,1574.3663038455468
3066,negative_control,605,1399.454076651323,1668.5225443527886
3067,Jun,70,1396.9412473973316,1669.9230062845195
3068,negative_control,929,1397.4930345467794,1670.1515792924297
3069,Mrps2,107,1401.1641061637065,1707.8447330492763
3070,Srebf2,215,1403.3396903561702,1531.672827416392
3071,negative_control,1245,1402.311532762665,1534.3897569165383
3072,Xdh,262,1403.3374077754593,1531.7833142098607
3073,Fkbp4,44,1403.1120615008845,1534.947118770932
3074,negative_control,1448,1403.841677827045,1531.841294444982
3075,negative_control,923,1402.6703309830286,1560.4222352487627
3076,negative_control,1804,1402.7391853812023,1560.6287400621784
3077,Ugdh,255,1403.3825888514216,1663.8044660312612
3078,Mrpl4,101,1403.8918741163502,1647.6300934543374
3079,Cct3,9,1404.156083648687,1546.7372428723909
3080,negative_control,1554,1404.98645192393,1623.8224522494463
3081,Cct3,9,1405.5236209642403,1557.6938197037152
3082,Ugdh,255,1412.6524965697963,1690.3467135338108
3083,negative_control,1813,1417.8581593285403,1552.704050145588
3084,Paics,137,1421.301946483409,1639.5899188105775
3085,negative_control,1672,1422.704954046251,1639.4394728053785
3086,Rps15a,191,1423.9274315723474,1639.3591496868537
3087,Csnk1a1,22,1422.0476313259828,1640.0896805612842
3088,Mrpl28,97,1420.8884668147873,1640.0722294689415
3089,negative_control,1310,1422.1596876518724,1640.1730475674806
3090,negative_control,412,1422.662933613637,1637.9481594521235
3091,negative_control,300,1424.3704718405786,1560.1974306730503
3092,Cct3,9,1422.8555939569806,1659.9824731362908
3093,negative_control,1579,1423.8010413248153,1579.8674575456896
3094,Ergic1,41,1423.2559271574064,1579.2652058804786
3095,Cct3,9,1427.66705954375,1507.5780036666033
3096,Raly,177,1427.6456957008083,1568.3138331693826
3097,negative_control,1474,1428.3112710095484,1596.0818048291808
3098,Eif4g2,38,1431.0170679637447,1519.6920744664833
3099,negative_control,1475,1430.5703241192325,1518.8352192507164
3100,Ercc1,40,1430.779154413383,1518.7611018847176
3101,Mtap,114,1431.536276461795,1564.1849042686229
3102,Use1,258,1431.0834143272025,1563.3025173779747
3103,negative_control,660,1431.9804704061964,1564.0086009723689
3104,negative_control,1255,1431.0136736660986,1563.3703650179664
3105,Cct5,10,1431.8920537279382,1563.4506833283456
3106,negative_control,1331,1432.6305598232436,1614.7729564611377
3107,Sec13,204,1432.0204390123663,1616.0113576788783
3108,Zyx,271,1433.7610367403709,1615.1764198195697
3109,Cct3,9,1434.0349909562017,1615.5650823846545
3110,Npc2,128,1437.2180186147946,1626.0175912440668
3111,Hspa8,62,1436.900911439296,1625.2388054141113
3112,negative_control,1122,1437.417953654755,1624.6563304003778
3113,Ugdh,255,1437.0877258400549,1542.1815751970707
3114,Vim,261,1439.1778079419412,1566.8413352352704
3115,negative_control,1330,1437.7332396371137,1565.1685880058656
3116,negative_control,413,1438.3053984355215,1565.1932355571623
3117,Morf4l2,88,1437.0711793818623,1565.6123687840843
3118,negative_control,1020,1438.859125223012,1565.4286184610723
3119,Uck2,254,1441.2323258798012,1581.3845586456046
3120,Ran,178,1441.209434675574,1581.9464533435053
3121,Vim,261,1441.8584246408998,1635.0467528565237
3122,Ndufs8,123,1442.965027314505,1520.3303250002414
3123,negative_control,283,1443.7431714064735,1519.6246211403586
3124,Lmna,77,1444.0839738479692,1557.0223887515613
3125,negative_control,1254,1444.645808715253,1557.5132334658217
3126,Scarb1,201,1445.2719401186769,1623.0271178848009
3127,negative_control,927,1446.5045102913982,1636.5740342250374
3128,Nedd4,126,1448.540528002696,1603.3792494879958
3129,Ctbp1,24,1450.3590578547528,1602.7766405448235
3130,Snrnp70,210,1447.2360117433464,1597.8660870309222
3131,Ptges3,168,1450.401944382785,1579.337663085874
3132,Fkbp4,44,1452.201554448491,1516.390229367152
3133,Cct3,9,1452.2106643147122,1505.511393811946
3134,Nedd4,126,1453.2193924113164,1628.4537818393596
3135,negative_control,1867,1455.3133084490369,1553.82082938471
3136,Cct3,9,1457.151681591753,1582.097019905397
3137,negative_control,2007,1458.7662116212364,1549.753307357985
3138,Trp53,242,1458.5130682039176,1550.4471668782533
3139,negative_control,694,1459.866416259124,1549.3952161103189
3140,Ugdh,255,1461.9604483045207,1505.1984996167198
3141,Mrpl4,101,1462.111924845966,1490.7885233818852
3142,Eif4b,37,1463.270309618482,1621.110039755521
3143,negative_control,1363,1462.9803348733703,1620.574337639002
3144,Eif4b,37,1463.3552762914549,1546.0533322282158
3145,Rpl15,186,1462.1231716826453,1546.4534508578167
3146,negative_control,935,1463.1456030063775,1511.1747578798886
3147,Cct3,9,1465.5743381468087,1537.461060394788
3148,Cct3,9,1465.644860509617,1518.1527084133677
3149,Cct3,9,1465.9608841894324,1504.2754720293892
3150,Cct3,9,1466.0328693673737,1509.352543615571
3151,Rbbp7,181,1464.855746810219,1509.2329302387166
3152,negative_control,522,1468.0823221112685,1569.4775382785083
3153,Cct3,9,1468.6116352814452,1547.6455751905198
3154,Nedd4,126,1468.74066656164,1619.7327476632163
3155,Ptges3,168,1469.0360900460328,1534.3538673384369
3156,Zyx,271,1469.955048796773,1573.1787232702954
3157,negative_control,929,1469.8962002002595,1610.7052425404247
3158,negative_control,1813,1474.9301328594756,1587.5634450998778
3159,Fus,47,1476.305789579044,1609.9490722123012
3160,Rpl15,186,1475.2586718241337,1609.74211223856
3161,Vim,261,1475.1976077457557,1610.186107135704
3162,Ncl,121,1478.869954212656,1474.763391763172
3163,Cct3,9,1478.747220448289,1529.155991752369
3164,Mrpl41,102,1479.8572257576104,1582.7396053031043
3165,Cct3,9,1484.3279124925762,1582.8952981531386
3166,Cct3,9,1484.036469058809,1497.385215217405
3167,negative_control,284,1485.144556111024,1590.941096999011
3168,negative_control,811,1487.3233552728077,1543.3815768468155
3169,negative_control,694,1487.8275063574786,1502.0504532303603
3170,Uck2,254,1487.4714319799664,1605.1143055228033
3171,Nedd4,126,1492.0415138824617,1581.2936615817855
3172,Ugdh,255,1492.9051423780152,1489.4974965414126
3173,Ptges3,168,1492.897003930645,1463.0769948095742
3174,Nedd4,126,1493.869024448351,1509.857568160472
3175,Cct3,9,1499.2838363875858,1496.362066040948
3176,Hspa8,62,1500.2058321345964,1544.1958268497506
3177,negative_control,1155,1499.319239210367,1543.5204459614897
3178,Npc2,128,1500.8986257022334,1534.2996619243438
3179,Ptges3,168,1501.2888125619836,1534.8714814399646
3180,Cct3,9,1502.215832722732,1492.2347036826552
3181,Vim,261,1503.5234687259203,1577.390256804051
3182,Cct3,9,1507.5921707902012,1520.5075670863675
3183,Ptges3,168,1509.3579639747322,1544.0692930197918
3184,Hspa8,62,1514.283009105568,1571.2769986618305
3185,Ncl,121,1513.1412243372026,1573.0368307991753
3186,Cct3,9,1513.3078537643748,1572.3461704420374
3187,Actn4,3,1513.0496611885014,1571.96554638998
3188,Cct3,9,1515.12346593839,1514.9209527157252
3189,negative_control,1840,1515.1916212710353,1526.5193162176913
3190,negative_control,1151,1518.5815813827803,1585.335554789929
3191,negative_control,712,1518.077841568624,1584.89019976566
3192,Ptges3,168,1518.2322989940749,1586.0662544834045
3193,Fkbp4,44,1516.9910402300336,1584.7794236422828
3194,Nedd4,126,1520.299092083024,1591.5608165920007
3195,Lmna,77,1518.4370592120752,1591.7370693346113
3196,negative_control,912,1520.0555711393474,1592.400532525423
3197,Nedd4,126,1521.811333884937,1550.8463041431305
3198,Mrps2,107,1522.424030521277,1462.4989147285191
3199,Tubb5,246,1522.4628922691577,1562.365616490853
3200,Ptges3,168,1526.1630764652416,1549.737683810782
3201,negative_control,284,1527.9658447508775,1546.2445208313482
3202,Nedd4,126,1547.4329746408448,1564.8426140951617
3203,Mrps2,107,1580.2947723477528,1577.309600964876
3204,Nedd4,126,1589.0356104557668,1566.412692751641
3205,Got2,51,1078.7912917064757,1782.142752035122
3206,Gas1,50,1091.567712514668,1784.9923065813036
3207,negative_control,1107,1129.344106347036,1698.8901371530994
3208,Cited2,13,1129.1476859625686,1697.9607766050244
3209,Eif3e,34,1130.0162059996348,1708.8788807262497
3210,Got2,51,1136.6183383071866,1774.4655806155988
3211,Eif3e,34,1137.2775000433114,1693.241809466796
3212,Sfpq,206,1137.2587107036825,1695.1925224822903
3213,negative_control,1418,1135.896336877941,1694.3025039159584
3214,negative_control,1864,1138.422817940013,1757.495970452255
3215,Got2,51,1142.119108855528,1750.8021920042374
3216,Eif3e,34,1143.0873114579424,1789.507244253571
3217,Eif4b,37,1143.5856151032604,1686.4532920911115
3218,U2af2,249,1143.7563546169113,1685.8118918268017
3219,Pdia6,142,1143.7891958474954,1730.5026382200915
3220,Arpc2,7,1145.8999276930738,1777.183385404011
3221,Raly,177,1146.264307714022,1771.0247566500764
3222,Tubb5,246,1145.8461218730415,1769.8093362030172
3223,Zyx,271,1148.0964513929175,1699.5153359121537
3224,negative_control,1731,1147.8487282933982,1699.58918161445
3225,negative_control,1787,1148.1229130549004,1701.3825870496685
3226,negative_control,319,1148.0342039780253,1685.697422446382
3227,negative_control,1025,1148.7337955780845,1684.9474071179998
3228,negative_control,1135,1148.6709317503305,1720.3920719047323
3229,Ybx1,263,1153.0757609604025,1699.73497790725
3230,Hnrnpul1,60,1152.7459568056242,1700.0799649219307
3231,Vdac1,260,1152.833818121873,1740.777437194678
3232,Clta,15,1152.6753040150666,1740.3178547184343
3233,Vim,261,1152.9282029394324,1740.2176005131005
3234,Pdia6,142,1153.6511213982835,1730.8713537324618
3235,Thy1,228,1152.555157676756,1730.4392162895365
3236,Got2,51,1154.158908218424,1743.0451280533257
3237,Eif3e,34,1154.1438202516026,1668.0763821879475
3238,Rpl18a,187,1156.1772453392516,1753.1897852599309
3239,Hspa8,62,1157.211992873155,1754.1096435585291
3240,negative_control,1816,1157.4140247444752,1754.1175991164628
3241,Fus,47,1155.9222719498086,1741.07492998227
3242,Prkcsh,152,1156.7517671347005,1724.5862153222645
3243,Eif3e,34,1156.859137336061,1680.074706888589
3244,U2af2,249,1157.8333400669148,1766.7447019254273
3245,Prkcsh,152,1161.9103911326918,1727.6699267128956
3246,Vim,261,1162.5819966654683,1728.1818829810252
3247,negative_control,802,1162.3524149591617,1726.605268073231
3248,Got2,51,1165.4764584918244,1787.7660661722405
3249,negative_control,1935,1167.7452511913718,1736.9445516919714
3250,negative_control,1562,1168.6176803914382,1697.3645055869154
3251,negative_control,1900,1170.850728575379,1665.3431025849102
3252,negative_control,764,1171.3364827006128,1740.2250609801922
3253,Pdia6,142,1172.1724149357422,1678.5830571928357
3254,Eif3e,34,1171.8816612243495,1657.9766735979547
3255,Tcf25,226,1173.271776643192,1689.1208118731502
3256,negative_control,1152,1173.253959175956,1727.4283203171617
3257,negative_control,274,1172.702497831932,1726.5981468083285
3258,Tcf25,226,1173.448345206524,1747.0490770104875
3259,Arpc2,7,1177.5661646737922,1680.9540048670715
3260,negative_control,536,1178.1751043379195,1748.3178179568135
3261,Got2,51,1179.3135746080425,1770.2302306882882
3262,Sec13,204,1179.1550849514597,1671.1256348622642
3263,negative_control,987,1178.6321228832617,1671.1857445655426
3264,Pdia6,142,1182.4534863291567,1730.5217542700018
3265,Got2,51,1184.6728440978964,1642.2484879005412
3266,U2af2,249,1184.9021223936302,1719.399336285548
3267,negative_control,607,1185.2456429770434,1666.1900339202705
3268,Gas1,50,1186.0011852296184,1650.916439767982
3269,U2af2,249,1186.378315483165,1529.1450153775304
3270,negative_control,1787,1187.230399049576,1518.0889881388798
3271,Txn2,248,1187.662689439347,1698.585311964599
3272,negative_control,1223,1187.2939328246923,1702.507673800483
3273,Hmgcs1,58,1187.0099345484116,1721.8303723216443
3274,Prkcsh,152,1191.4720090488352,1714.2119321013392
3275,negative_control,983,1191.4773403268637,1692.572008001216
3276,Rcn3,184,1191.7244755163624,1691.7312699624506
3277,Pdia6,142,1193.1003723903357,1727.12564202705
3278,Ubxn1,253,1192.7739966030151,1701.7394863897196
3279,Pdia6,142,1195.0797627808388,1669.4412509984325
3280,U2af2,249,1197.2038941368962,1683.161808465783
3281,Uqcrq,257,1197.732438345064,1655.5229865899412
3282,U2af2,249,1200.5413728159774,1527.8410596756207
3283,Pdia6,142,1201.8775335523126,1673.0012702800104
3284,U2af2,249,1202.8755023979213,1730.6451100383283
3285,Got2,51,1202.9440205871867,1636.0911859485077
3286,Gas1,50,1204.406545454559,1631.9998377082234
3287,negative_control,1268,1203.7914496849428,1632.737564680294
3288,U2af2,249,1204.585367150578,1704.8284403119535
3289,Gas1,50,1204.880146949859,1746.3662126886636
3290,U2af2,249,1206.1958998462092,1674.6421121172848
3291,negative_control,374,1206.7408424612722,1637.8102666618652
3292,negative_control,1562,1208.7642353847182,1649.0009423991137
3293,negative_control,868,1209.1315473236357,1651.4602365461355
3294,Actn4,3,1210.0174845398928,1652.2207332640437
3295,negative_control,983,1208.8024667746367,1651.1347339438057
3296,negative_control,1067,1210.5808135621978,1737.7766034551155
3297,U2af2,249,1214.1843302428654,1662.3423575208576
3298,Pdia6,142,1214.0109542724522,1718.2258291625526
3299,Il1rl1,69,1215.8635165918354,1675.3845629786792
3300,negative_control,983,1215.6495904599692,1677.215028791322
3301,Prkcsh,152,1215.5691166590966,1681.8023795887411
3302,Arpc2,7,1216.382365753111,1604.9785065531707
3303,Got2,51,1217.195770430494,1623.465007173531
3304,Ndufv1,124,1217.2924925640398,1623.4951562313634
3305,Prkcsh,152,1218.3461843696978,1733.1491696584046
3306,negative_control,1224,1220.2222318869058,1605.188790995498
3307,U2af2,249,1221.6720752822107,1593.436499996222
3308,Pdia6,142,1220.8331229860833,1650.4031799270065
3309,negative_control,574,1221.9737427994146,1676.3006876842287
3310,Ddx17,26,1221.774461090284,1677.3360412147986
3311,negative_control,449,1222.2566981255904,1675.363208203169
3312,Got2,51,1221.6713099109954,1656.6234915427965
3313,U2af2,249,1222.1424693567467,1628.405699784132
3314,Gas1,50,1221.9916672540614,1728.1577875981332
3315,Msn,112,1221.482144401028,1728.7683695480357
3316,U2af2,249,1223.6014422692124,1673.138459974994
3317,negative_control,998,1225.9358406542117,1592.6100599569795
3318,Lamp1,74,1223.9498252905437,1740.7527394146246
3319,U2af2,249,1227.4821372151314,1524.9770530051724
3320,Pdia6,142,1230.2619853380727,1601.7524795071126
3321,Pdia6,142,1231.3900225923044,1629.929618992349
3322,Got2,51,1235.984257223892,1743.1017372118774
3323,Hdgf,56,1238.410679698867,1635.4714596376057
3324,Efemp1,29,1237.982547977283,1635.2494984661605
3325,Gas1,50,1237.3104399942554,1634.34885085645
3326,Pdia6,142,1237.6789613417393,1653.9197437930816
3327,U2af2,249,1238.3550878867277,1632.2751361153482
3328,Got2,51,1238.8206223153113,1516.218977771563
3329,U2af2,249,1240.4090940495266,1532.5826977940865
3330,Gas1,50,1243.6835360931636,1737.2457497692185
3331,negative_control,1859,1246.0426308762,1633.2466682592462
3332,Malat1,83,1245.912795242287,1683.3398304112802
3333,Arpc2,7,1249.6991885064533,1698.5181878338549
3334,Il1rl1,69,1249.7930575098053,1697.8516751257837
3335,negative_control,1236,1250.4494077754423,1589.670509495885
3336,negative_control,1160,1251.8919599598626,1589.3750030961496
3337,Rars,180,1251.6491044762977,1589.750234146987
3338,Pdia6,142,1256.47425940315,1578.7058532336578
3339,Psap,160,1257.1846264102255,1619.8552099099288
3340,Rpn2,190,1257.0950442607466,1616.100521724108
3341,U2af2,249,1256.5954455268873,1600.0911633700057
3342,Uba1,250,1257.5719262447392,1718.9185230875771
3343,Tcf25,226,1258.2634151355878,1621.3368878539422
3344,Gas1,50,1259.4117126312003,1684.2485215496772
3345,Nap1l1,120,1260.8035924672567,1527.770467013038
3346,Gas1,50,1260.82855566019,1571.3433333254063
3347,Pdha1,139,1259.9615447189567,1571.546029124802
3348,Vim,261,1260.7340000722104,1571.2180519595825
3349,Prkcsh,152,1267.3024805465398,1715.3158148353582
3350,Arpc2,7,1270.8669253729006,1570.71627920531
3351,Got2,51,1272.3676788081418,1661.3878793433246
3352,U2af2,249,1272.3775460148768,1527.5470673029015
3353,Uqcrq,257,1273.248424009376,1685.2465570783097
3354,negative_control,474,1275.3136355602885,1547.4077144865528
3355,Gas1,50,1275.846067069508,1728.9125368539756
3356,Gas1,50,1278.450364169646,1669.282554094466
3357,Gas1,50,1280.1766395758193,1675.6180161300067
3358,Pdia6,142,1280.7629453134236,1595.679376655041
3359,negative_control,711,1285.4717195028736,1720.0577104424367
3360,Cct5,10,1283.3136367097693,1719.8375737610218
3361,negative_control,378,1286.2075285621158,1719.9528015161309
3362,negative_control,1749,1287.637197244096,1599.0200091333772
3363,Msn,112,1287.606954066842,1598.8637031965343
3364,negative_control,274,1287.2591268897722,1598.8998978635575
3365,negative_control,440,1286.6449709240528,1598.044789989065
3366,U2af2,249,1287.4988399392655,1723.2555173341482
3367,Gas1,50,1287.613639436002,1660.1693441206278
3368,Got2,51,1287.6409937095311,1522.3767241130292
3369,U2af2,249,1294.231505395751,1562.225290377869
3370,Arpc2,7,1294.9895909419204,1609.0872152910415
3371,Got2,51,1297.327566657807,1557.5527743640089
3372,Eif3e,34,1298.3861472448316,1691.2074883204584
3373,Vat1,259,1300.359616087488,1571.229076094486
3374,Oaf,133,1299.3149589813872,1567.64609589238
3375,Timp2,229,1299.2198396293468,1568.6905879348
3376,Gas1,50,1300.7372965594836,1662.929925716275
3377,Kars,72,1303.580844297613,1558.846990134251
3378,Tcf25,226,1302.1610806581234,1557.1327632357002
3379,Uba1,250,1302.0219688456282,1557.41006284779
3380,Tpi1,237,1302.0273262236008,1557.2511252020931
3381,Prrc2a,158,1302.6503612965755,1555.7780582810904
3382,Efemp1,29,1303.849824661184,1711.7308987401389
3383,Gas1,50,1304.9728465596536,1604.9248334274732
3384,negative_control,1899,1307.0500756648646,1614.301341205453
3385,Prkcsh,152,1307.196601897375,1573.113960711756
3386,Tcf25,226,1309.432477494971,1565.4050870374867
3387,Got2,51,1309.7645849292248,1674.5040221005331
3388,U2af2,249,1313.1941914547442,1556.2826763166831
3389,Prkcsh,152,1314.6764152993912,1711.8241915951578
3390,Pdia6,142,1315.4105016241608,1594.2054276688043
3391,Got2,51,1321.2506608150852,1578.7871578629267
3392,Pdia6,142,1321.3580970697,1630.3081414151063
3393,Tcf25,226,1321.5835626564706,1693.898300500748
3394,Lamp1,74,1325.397253038789,1568.816153652048
3395,Pdia6,142,1325.903800249681,1568.7814587882303
3396,negative_control,1563,1325.76356740118,1567.9672928563257
3397,Arf1,6,1325.8947124831484,1567.10882247068
3398,negative_control,790,1324.8370027309893,1569.1838036038937
3399,Got2,51,1326.7538420117105,1590.1741338998152
3400,Tnc,232,1327.112045913645,1664.6636830029038
3401,G3bp1,49,1325.3095509133475,1663.4106130537114
3402,negative_control,1815,1327.1027038270065,1664.3959531369178
3403,Got2,51,1333.4631750157514,1560.720257555152
3404,Xdh,262,1335.8748828928449,1660.6056356541296
3405,U2af2,249,1335.5854688342592,1661.7262127892564
3406,Gas1,50,1336.185593863922,1568.9446852502747
3407,U2af2,249,1338.6057351998747,1641.7566783477082
3408,U2af2,249,1339.912982775393,1667.9242938998775
3409,negative_control,688,1341.951600785094,1560.5637227691027
3410,Arpc2,7,1346.195070917569,1693.7235122941402
3411,Gas1,50,1349.965136487889,1660.0737468387558
3412,Zfp36l2,270,1352.0155081080743,1685.12562792983
3413,Lrrc59,79,1351.9735386828595,1685.96334292706
3414,Eif3e,34,1357.5900156046469,1657.1707158337456
3415,Tcf25,226,1359.224877858517,1687.3176070389386
3416,Uqcrq,257,1360.9495530048262,1694.821690942462
3417,Mrps18b,106,1367.0236018457529,1576.781093938434
3418,Eif3e,34,1367.439311448764,1576.5844123561326
3419,negative_control,830,1369.493985338268,1562.3158027506904
3420,Gas1,50,1370.5752226608545,1671.392171224515
3421,Tcf25,226,1373.6325068237943,1546.3643684746849
3422,Vat1,259,1373.4496082918804,1685.1754986261672
3423,Uqcrq,257,1373.8540347038106,1686.4726408496572
3424,negative_control,1388,1374.3656889087451,1687.1486777157957
3425,Pdia6,142,1373.6649320819986,1657.4166012246328
3426,Got2,51,1375.5028928362883,1583.1112128083823
3427,Pdia6,142,1375.4418713008542,1572.17585041987
3428,negative_control,1136,1376.5256639702438,1550.9370453340125
3429,negative_control,1144,1377.4368157483248,1678.3450877368218
3430,negative_control,692,1377.3415157096838,1678.8348170096515
3431,Got2,51,1377.3592624612677,1709.8877980544612
3432,Mmd,86,1378.7567752690147,1660.2448317917992
3433,negative_control,274,1379.1283595466307,1669.0896124461608
3434,Prkcsh,152,1380.8854844146806,1650.1308152708511
3435,Vim,261,1380.8966596046118,1649.2657367706468
3436,U2af2,249,1381.8203798827794,1537.704383369702
3437,Vim,261,1383.4206319000082,1613.10581826077
3438,Tcf25,226,1384.296113001591,1575.7603679196816
3439,Rps15a,191,1383.189902728993,1601.1109439846227
3440,Prkcsh,152,1384.5230110216526,1607.868529207273
3441,Gas1,50,1386.1226631290815,1675.0131632674254
3442,Prkcsh,152,1387.1779703857965,1576.9908813849672
3443,Pdia6,142,1387.4199649951136,1612.712625162476
3444,Pdia6,142,1388.2290858839735,1621.7318488931442
3445,negative_control,1500,1391.6753298847364,1562.236644261261
3446,Mmd,86,1391.7192851807947,1628.2655297622318
3447,U2af2,249,1392.240585495972,1528.4681618189984
3448,Arpc2,7,1393.7660297952068,1558.7919621108624
3449,negative_control,1513,1395.3665448929644,1644.960053956379
3450,Hdgf,56,1395.7559899807488,1645.000172251655
3451,negative_control,1445,1394.976470443814,1645.0920332347791
3452,negative_control,1863,1396.4374909674889,1644.9875042451145
3453,Hdgf,56,1394.9683322118185,1554.248032805553
3454,Timp2,229,1401.0928612126029,1636.5627085041135
3455,Eif3e,34,1400.1163673399856,1635.0496999613194
3456,Psap,160,1400.6213228274794,1635.8722672133276
3457,Hspa8,62,1400.6833960136971,1636.950752533405
3458,negative_control,1300,1401.0880969383393,1635.8842293152609
3459,Ptbp1,167,1401.729535523258,1525.0833030129015
3460,negative_control,830,1401.3936476248512,1581.3218116352857
3461,U2af2,249,1401.6648221728929,1705.9555321730138
3462,Pdia6,142,1401.6588200443896,1617.6925361960737
3463,Ybx1,263,1403.0808834172549,1616.8311809040968
3464,Got2,51,1405.411064785612,1526.1956140239045
3465,negative_control,1391,1406.436657199019,1546.725725229977
3466,negative_control,689,1407.424506749308,1618.5410034286983
3467,Mdh2,85,1405.679006570642,1618.6967733734937
3468,negative_control,1143,1407.2887339293004,1581.411531605033
3469,Gas1,50,1409.610803699523,1618.431444857031
3470,negative_control,1863,1411.3031696245528,1532.4900391077313
3471,Got2,51,1411.2937761590551,1639.4077201604605
3472,negative_control,1147,1412.7541966494596,1561.3462018278617
3473,Prkcsh,152,1413.834657846805,1595.97813445343
3474,Mbd3,84,1415.229983244216,1530.6964733437796
3475,negative_control,1831,1413.960857551829,1611.69614129689
3476,negative_control,1253,1412.6636128217642,1611.1524587556598
3477,Timp2,229,1412.7557850679225,1611.414482642754
3478,Rpl18a,187,1414.29060103421,1612.0565965545209
3479,negative_control,1117,1414.702126056526,1613.3364264356628
3480,Pdia6,142,1416.083554776867,1586.518473822889
3481,Pdia6,142,1417.4705646097264,1618.527642715335
3482,U2af2,249,1418.257357193477,1632.3816473491768
3483,negative_control,892,1417.9126397057848,1640.5563605371783
3484,Eif3e,34,1421.8138194020269,1518.6085923613362
3485,Arpc2,7,1422.8303583093734,1547.7719728096756
3486,Tcf25,226,1424.1655189696953,1541.9487585755548
3487,negative_control,1762,1424.6438765704022,1571.2672041888543
3488,U2af2,249,1424.8275652452787,1607.2167456870943
3489,Rcc2,183,1427.8137138511836,1522.7328398212362
3490,Raly,177,1426.6509519621782,1523.5774233101538
3491,Ncl,121,1428.0020416923885,1523.2216519983554
3492,U2af2,249,1430.6288381312668,1636.926319476418
3493,negative_control,711,1432.5761522045627,1565.8090846166097
3494,Maged1,82,1429.9573963499531,1556.138140195509
3495,Prrc2a,158,1430.9820228673134,1556.9402675509125
3496,negative_control,1537,1430.5456802490926,1556.4682463571426
3497,Rps15a,191,1433.042552803407,1632.4766448651822
3498,Gas1,50,1432.3393252651774,1632.436077206675
3499,negative_control,1492,1434.176347519976,1631.3718583122768
3500,Eif3e,34,1431.3267571109243,1622.4382782049618
3501,Got2,51,1432.2426548826006,1543.993117814868
3502,U2af2,249,1435.077882184754,1561.971494768148
3503,negative_control,1573,1434.8044277655872,1561.4478444637846
3504,negative_control,1365,1435.3495278711457,1563.5892354566545
3505,negative_control,1961,1434.9422622357429,1556.8531814682708
3506,negative_control,702,1436.6962942713217,1572.595653915194
3507,Eif3e,34,1437.6198508284035,1594.0919604257592
3508,Hspa8,62,1435.9049794872549,1592.9973645646
3509,Gas1,50,1439.51178179994,1643.2654715862143
3510,Fgf7,43,1436.0160686609045,1637.0973281885888
3511,Ckap4,14,1437.270599369053,1637.3436056139017
3512,Actn4,3,1438.7942586283962,1635.8587019116708
3513,Snrnp70,210,1437.516545724586,1636.8578495238785
3514,negative_control,1139,1439.7650532994005,1636.388311642455
3515,negative_control,1145,1440.5979020898526,1558.6689770917978
3516,Eif3e,34,1441.0715305075278,1613.2714331405157
3517,negative_control,1758,1443.1462608811887,1566.1768548400955
3518,U2af2,249,1443.1542514051653,1523.535509175531
3519,Cnn2,16,1444.2078114774636,1615.685760935798
3520,Lmna,77,1444.8621559179087,1616.5898426951974
3521,negative_control,274,1443.7504593902802,1617.2926687431031
3522,Fkbp8,45,1443.380999784687,1617.3114468818767
3523,Arpc2,7,1445.4042386624672,1543.0368968936173
3524,Arpc2,7,1445.995774381891,1530.5193924180098
3525,Eif3e,34,1448.106869791456,1634.184920164082
3526,Rpl15,186,1452.3798236648695,1555.5478719625423
3527,Snrnp70,210,1451.2554447752557,1557.0893183370742
3528,Rpn2,190,1450.8960340741546,1556.6873947137922
3529,Uqcrq,257,1453.072628260977,1543.6482929293502
3530,Eif4b,37,1452.696196188197,1562.7993771622284
3531,negative_control,435,1451.03955157058,1560.2547263544725
3532,negative_control,1917,1452.316606437736,1561.6273623768875
3533,negative_control,711,1453.1931963426955,1607.970126541922
3534,Fgf7,43,1452.9660050676357,1608.6562420119626
3535,negative_control,984,1453.2606543785369,1608.2625847320958
3536,negative_control,1012,1454.268468578317,1607.8918921600764
3537,negative_control,282,1454.8230653268772,1609.180870300078
3538,Polr2e,148,1454.6106689737785,1608.0943511409682
3539,Eif3e,34,1453.8674061400336,1617.6043794296168
3540,negative_control,1228,1455.0050860938036,1513.1439725557946
3541,negative_control,1461,1455.3685157477223,1514.1638843603746
3542,Got2,51,1454.4737959411666,1514.2808919183285
3543,U2af2,249,1454.70910745835,1561.381816647484
3544,Eif3e,34,1457.129817095413,1527.4562406986777
3545,Got2,51,1458.4649245990804,1508.165543926356
3546,Hmgcs1,58,1459.1789791398687,1584.7419835627447
3547,Eif3e,34,1460.4816501835362,1570.3628322155753
3548,Got2,51,1460.5259818923892,1581.4308231854775
3549,Nucb1,131,1464.1682364414894,1611.6517249271951
3550,Ybx1,263,1464.3273557811467,1612.471187076429
3551,Hdgf,56,1464.7212106177644,1612.5139731695965
3552,U2af2,249,1464.6748767944173,1612.1826661091886
3553,negative_control,1148,1467.4703913778228,1606.5842421824884
3554,negative_control,1258,1466.836324732834,1603.6961016281043
3555,negative_control,1140,1469.3228529222831,1581.7883377391963
3556,Ncl,121,1470.72310747315,1569.2863706072203
3557,Tubb5,246,1470.1410012090273,1568.5682184326574
3558,negative_control,285,1471.7490886167604,1568.4581901192728
3559,negative_control,1919,1471.4402478164177,1568.595507674287
3560,Mmd,86,1471.3515274447425,1493.652042227007
3561,Arpc2,7,1473.5450133464465,1471.3607438849454
3562,Rpl21,188,1475.1030827471136,1602.6004178817202
3563,Vim,261,1476.8841650197237,1519.0159819610517
3564,Arpc2,7,1475.5177744962964,1518.5390743468572
3565,negative_control,967,1476.6669810603362,1519.244595418142
3566,Got2,51,1475.5112116716425,1620.6220923162286
3567,negative_control,1318,1472.960468430873,1591.143183012339
3568,Hmgcs1,58,1475.285010386954,1590.9421742691304
3569,Nap1l1,120,1479.786331648378,1531.1148673234204
3570,U2af2,249,1476.784348863159,1531.124678610001
3571,Got2,51,1477.473701815402,1543.7154423809889
3572,G3bp1,49,1478.6237608219826,1587.5959949480134
3573,Got2,51,1477.7034487868837,1498.1978750473336
3574,U2af2,249,1478.903675668871,1505.480566180303
3575,Got2,51,1482.008891329823,1608.187714858631
3576,U2af2,249,1485.8807119626936,1572.5767997566836
3577,negative_control,1138,1486.015090687598,1464.747581743447
3578,Arpc2,7,1486.9375077242444,1593.4043094119363
3579,Arpc2,7,1492.1597937508154,1499.4969569361283
3580,Gas1,50,1495.0192974896763,1577.2569717353538
3581,Rpl21,188,1494.4912711566108,1578.0632414056035
3582,U2af2,249,1498.3405883677062,1584.0612850715956
3583,U2af2,249,1501.6184433290746,1549.0137850072697
3584,Tubb5,246,1501.343414384462,1567.8202781873345
3585,Hspa8,62,1501.4003705056712,1567.1563352120284
3586,Eif3e,34,1501.9345027762097,1564.7369801419827
3587,Arpc2,7,1503.872584429704,1584.6754761796783
3588,Arpc2,7,1511.1752603145662,1581.9942829159725
3589,St13,220,1511.0736903217048,1581.2031206314332
3590,negative_control,1206,1510.1636992503295,1581.693149093068
3591,Tcf25,226,1511.5169376253382,1497.9020573953824
3592,U2af2,249,1513.2892236246255,1493.765025818068
3593,Lmna,77,1516.813461021777,1524.7469275146411
3594,Arpc2,7,1518.8197479817536,1542.2039719639788
3595,negative_control,374,1521.127653576433,1561.2474458463844
3596,Tcf25,226,1522.6034344291247,1572.4269570583506
3597,Eif3e,34,1524.2931595663017,1549.827659444987
3598,negative_control,1863,1525.5027007347803,1565.0146756705813
3599,U2af2,249,1527.066143526557,1535.1101260373598
3600,U2af2,249,1527.1959664811354,1538.6155306034384
3601,Lmna,77,1526.6888003176705,1539.5802292397889
3602,Tubb5,246,1526.4352795806976,1538.613983639956
3603,U2af2,249,1536.7042832147336,1556.8260056131826
3604,Actn4,3,1536.8820976549437,1562.4772783210724
3605,U2af2,249,1537.264789995963,1562.177170773818
3606,Fus,47,1538.3846310012004,1561.7713836570233
3607,Snrnp70,210,1537.5063328760366,1562.0094740488096
3608,Hdgf,56,1544.0076015438997,1592.129302295315
3609,negative_control,917,1545.731010445114,1591.3736119578753
3610,negative_control,917,1550.0641659014923,1574.019753578309
3611,Got2,51,1578.4340007199912,1557.621590013518
3612,U2af2,249,1594.9941691265983,1553.798929455735
3613,Eif3i,36,1067.4308153423117,1642.6410783131278
3614,Ly6e,81,1127.3288679132631,1766.253233266247
3615,Sdhc,203,1126.4547814012924,1767.1664370940591
3616,Ncl,121,1126.6665804214288,1766.2976607067544
3617,Tpi1,237,1128.5739507521762,1707.243484540377
3618,negative_control,2100,1128.972561060188,1706.464319802698
3619,Tpi1,237,1130.1335290426064,1714.2844983039604
3620,Igfbp6,68,1132.990667830128,1771.1853030461257
3621,Eif3i,36,1133.016542037124,1732.8502483446528
3622,Igfbp6,68,1134.2776640280458,1728.639097334743
3623,Mtap,114,1136.336290968143,1696.4559558386254
3624,Ppp2r1a,151,1140.7939961181314,1763.6992742244906
3625,Mtap,114,1141.5420158853003,1760.8996041856535
3626,Igfbp6,68,1142.8103795978354,1675.56872580422
3627,Tnk2,234,1144.955370857369,1726.0766020186393
3628,negative_control,452,1146.4759558674714,1759.2316286043315
3629,Mtap,114,1146.974869204976,1768.261744560471
3630,Eif4b,37,1150.220372624996,1667.5512422117963
3631,negative_control,1360,1151.9028895775473,1777.0375295654349
3632,Vdac1,260,1152.605659215165,1770.2849209163717
3633,negative_control,1531,1154.152653519266,1750.017485836394
3634,negative_control,788,1153.7548436885886,1749.6658590132151
3635,Eif4b,37,1155.2430105593032,1701.4046474200918
3636,Hspa8,62,1156.6847334651875,1766.5430358404913
3637,Ehmt2,31,1156.6642729497803,1766.8473867546736
3638,Ehmt2,31,1159.704566179286,1757.4036841947734
3639,Ssr3,218,1162.405143833564,1687.2375749149562
3640,Csf1,21,1163.265427871974,1688.0625486948493
3641,Kars,72,1161.1638464931598,1715.777350975986
3642,Il1rl1,69,1164.913656257154,1715.8656039638315
3643,negative_control,351,1162.579591729917,1715.8149317337402
3644,Rps15a,191,1163.8771898916666,1713.436104860652
3645,Hspa8,62,1163.4587382914283,1715.7841340518175
3646,Sat1,200,1163.5408749090057,1714.4732938616212
3647,negative_control,1092,1161.9741624970864,1714.7894989087629
3648,negative_control,1020,1164.883148601392,1714.9912309682911
3649,Vim,261,1164.2467785555984,1713.3399218452455
3650,Pdia3,140,1169.420157266232,1769.8313132368871
3651,Eif3a,32,1168.6202649331692,1769.4136322600575
3652,negative_control,523,1170.266691561122,1701.443419461822
3653,Pdia3,140,1168.7837163743316,1701.4541190522596
3654,negative_control,1550,1170.7550218495835,1702.3091287019868
3655,Tpi1,237,1171.268375022784,1760.7052409804808
3656,H1f0,55,1171.8934284605566,1673.045665320487
3657,Tomm40,235,1173.108174515659,1672.5747456225988
3658,negative_control,1723,1171.854633206891,1673.6485703935004
3659,negative_control,1300,1172.1208484618162,1672.9573841470583
3660,negative_control,1091,1171.5796415646505,1673.0780494348546
3661,Vim,261,1172.070465138335,1659.4793868020347
3662,Tnk2,234,1173.4465280448865,1789.5460697489575
3663,Tnk2,234,1176.0557624369335,1682.931652261555
3664,Npc2,128,1177.4927226071643,1744.289592341555
3665,negative_control,403,1176.5858515788234,1743.0733158713506
3666,Fus,47,1177.2295942926285,1743.578664183163
3667,Jun,70,1177.082684949104,1741.171827401403
3668,negative_control,1210,1178.4918108949307,1768.059335670238
3669,negative_control,1116,1180.9814903289066,1743.7664257293668
3670,negative_control,1217,1182.4466775190738,1693.685618557522
3671,negative_control,468,1181.9899478297505,1693.3183101540171
3672,negative_control,403,1182.201933363542,1692.374668226142
3673,Eif4b,37,1185.222416985231,1675.7491634752232
3674,Zfp36l2,270,1185.4399516372907,1674.5136126676248
3675,negative_control,757,1185.2551635366713,1675.0668949423907
3676,Arf1,6,1187.313958649236,1759.4436537906558
3677,Mtap,114,1188.5366497470593,1758.821630777983
3678,Tpi1,237,1189.720813684783,1529.325757573056
3679,Vim,261,1191.3439067790275,1670.5219522234856
3680,Tpi1,237,1190.5800826223967,1669.1582603753934
3681,negative_control,398,1192.1825423029668,1670.0704076450213
3682,Gpi1,52,1193.201494179326,1633.7358014440229
3683,Rps15a,191,1194.7214245743548,1633.7355308527804
3684,negative_control,809,1193.585777398834,1633.9603327643588
3685,Tnk2,234,1193.7555801895785,1654.7828236789614
3686,negative_control,1157,1194.0100539432178,1744.9990990338742
3687,Rpl15,186,1194.2261836665657,1743.901173056549
3688,negative_control,403,1195.2690762615189,1744.3798023640738
3689,negative_control,377,1194.4436695634226,1745.054678028628
3690,negative_control,1300,1195.6118086153642,1752.744271300371
3691,negative_control,892,1198.5464800628883,1695.9300514436604
3692,Tpi1,237,1199.459985705475,1656.0769830335034
3693,Pdia4,141,1199.7512684941833,1680.0454335246727
3694,Npc2,128,1200.2115560187171,1681.2911799283142
3695,Gpi1,52,1200.0733547954856,1680.548661049817
3696,Sdhc,203,1200.443114586651,1680.048626229487
3697,negative_control,668,1201.261637823427,1709.0707083954348
3698,Igfbp6,68,1201.0412845072012,1709.2722183430328
3699,negative_control,1940,1207.432988802317,1660.5787927896356
3700,Lmna,77,1208.5222021938025,1639.2935434761305
3701,Eif4b,37,1209.1125187586963,1640.29202600082
3702,Mtap,114,1208.1837823663857,1613.4952841945135
3703,Psmd7,165,1209.4001067900158,1692.453593379002
3704,negative_control,821,1209.3520598203777,1692.6062809310024
3705,Slc38a2,209,1211.030532736139,1642.05802744024
3706,Slc38a2,209,1214.5168880435665,1675.5987325446877
3707,Tnc,232,1213.8407631312466,1676.5140907666005
3708,Mtap,114,1216.5133562936644,1742.0302598148485
3709,negative_control,2018,1217.1109189809538,1741.6635333596569
3710,Eif4b,37,1218.5792235354604,1738.99612108969
3711,Gpi1,52,1217.1990435517305,1739.644799963939
3712,negative_control,1611,1218.450672475959,1741.6062685413765
3713,negative_control,750,1218.279072905384,1739.991274175533
3714,Paics,137,1220.1011902946534,1739.771060438315
3715,Vim,261,1221.9505454979585,1716.7356391021458
3716,Eif4b,37,1222.439914137635,1602.6625239558643
3717,Tbrg1,225,1224.1973023279236,1719.0915201752196
3718,Eif3i,36,1224.664823003138,1511.222720392433
3719,negative_control,966,1225.4750018627792,1737.899915860646
3720,negative_control,445,1224.6361646090363,1739.5544395390798
3721,Tpi1,237,1226.4840553608296,1596.0484867131286
3722,Ehmt2,31,1227.95848026662,1743.1576543843028
3723,Eif4b,37,1227.8971435262615,1591.512017900633
3724,Tnc,232,1231.2688272121,1604.935194852564
3725,Il1rl1,69,1230.7917499843943,1605.6732468096852
3726,Igfbp6,68,1232.5084626635432,1574.9601166783991
3727,negative_control,1932,1233.0665210393545,1720.5335471257329
3728,negative_control,1360,1233.6595576014188,1657.2469656968103
3729,Eif3i,36,1235.9668059213232,1503.8850930179774
3730,Vim,261,1236.179235897251,1604.28020037736
3731,Slc38a2,209,1236.2734452393856,1604.456142764279
3732,Slc38a2,209,1236.955364853162,1699.0807048063202
3733,Eif4b,37,1236.6077362439487,1672.0368977474684
3734,Eif3a,32,1238.441166409528,1598.82651771077
3735,Mtap,114,1239.6475826398046,1595.3791592141802
3736,negative_control,538,1240.4059590334014,1663.3370509241704
3737,Hspa8,62,1241.887466875994,1734.6820796523111
3738,Eif3i,36,1243.02825341015,1672.9366248341871
3739,Rpl15,186,1243.4939884711955,1729.4950204676102
3740,Eif4b,37,1243.8480074573315,1729.9473851793746
3741,Tpi1,237,1243.8995630767204,1540.9838423083472
3742,Igfbp6,68,1246.272426013502,1693.3929747354623
3743,Tpi1,237,1251.4047587451864,1637.8032817508492
3744,Sdhc,203,1252.6669429334645,1589.0634749285202
3745,negative_control,1210,1253.348887102664,1578.1015740028076
3746,Tpi1,237,1254.46421723331,1550.882866740039
3747,Pdia3,140,1256.5440133317427,1612.8995004682938
3748,negative_control,788,1258.6354972738004,1614.18119098972
3749,negative_control,2080,1259.8376554088975,1615.0379264014405
3750,Rpl15,186,1259.843727766384,1592.4576785716831
3751,Vim,261,1259.2519226414838,1590.8277099286354
3752,negative_control,1421,1259.691330059741,1591.7861492124343
3753,Ybx1,263,1263.2300213414655,1577.3325463391182
3754,negative_control,1742,1261.6726220911728,1577.4982083514528
3755,Ehmt2,31,1262.0796676495747,1678.0318309992222
3756,negative_control,1209,1264.3885977768632,1597.5483964120804
3757,Slc38a2,209,1264.6973961001056,1639.757291309649
3758,Slc38a2,209,1269.3949504749717,1704.8146016935475
3759,negative_control,293,1270.2579009107722,1630.0714703197368
3760,Eif3i,36,1272.1057216174822,1653.8913446644797
3761,Eif4b,37,1274.4976202661624,1706.9993807131584
3762,Slc38a2,209,1274.8113497560637,1721.0441076655666
3763,Eif4b,37,1275.4725709258073,1575.086803814616
3764,negative_control,1213,1276.2531624815497,1606.4009312338346
3765,Slc38a2,209,1276.9704511395005,1548.5902425089134
3766,Igfbp6,68,1278.4723795556688,1596.7584921142288
3767,Igfbp6,68,1281.2828873547635,1683.83241139173
3768,negative_control,597,1281.0119593960694,1629.6135880189831
3769,Eif3i,36,1282.5677673985326,1557.0705182537174
3770,Eif4b,37,1284.4362235658868,1564.3343386975753
3771,Tpi1,237,1284.1647782531406,1652.3415060335158
3772,Vim,261,1284.8703445516826,1544.1650181811474
3773,negative_control,1609,1286.527816143695,1601.377608335411
3774,Pdha1,139,1286.8871172478034,1552.290838343073
3775,Sae1,199,1291.7717616072823,1552.9240778637309
3776,Ncl,121,1292.1515976077792,1553.0738706017355
3777,Igfbp6,68,1290.3394151730329,1699.8634651419825
3778,Eif3i,36,1293.675307114317,1563.2343415624591
3779,Tpi1,237,1297.2315790349114,1651.453676433988
3780,Eif3i,36,1299.2443662810767,1578.935689605492
3781,Eif3i,36,1301.905781253544,1581.4605773050891
3782,Rab5c,173,1304.4307507207805,1564.964755348636
3783,Vat1,259,1304.403554428617,1564.8370659434063
3784,negative_control,520,1304.0230175315996,1563.3703155220196
3785,Slc38a2,209,1304.1368392104814,1607.182992353058
3786,Tpi1,237,1304.6207677511409,1546.3263306336723
3787,negative_control,1532,1307.9334275540668,1590.033420880029
3788,negative_control,714,1307.7819799943404,1615.466183292334
3789,negative_control,594,1306.668472947462,1615.11189705036
3790,Slc38a2,209,1308.2706886343587,1621.74106305497
3791,Sdhc,203,1309.4854837039247,1577.895853718224
3792,Vim,261,1309.1258537675585,1576.9681976179809
3793,negative_control,697,1310.226551486861,1578.235827562791
3794,Tnk2,234,1310.7173054853831,1572.8498527833708
3795,Lrrc59,79,1310.0128837890304,1571.6618511725717
3796,Psma7,161,1310.5711391673194,1571.9931719159013
3797,Eif4b,37,1310.6520212211035,1551.8407693848487
3798,Ehmt2,31,1310.585658184424,1556.6819890862264
3799,Igfbp6,68,1312.7441428031602,1665.7381834566631
3800,Tpi1,237,1314.3570598531046,1605.109078637897
3801,Efemp1,29,1313.898974057654,1571.2569335465166
3802,negative_control,1995,1313.4865042535937,1571.9758589415187
3803,Eif4b,37,1314.167286960946,1571.7681642055863
3804,Eif3a,32,1318.4141291988392,1682.2512553782317
3805,Slc38a2,209,1326.5647602634865,1616.3740655843098
3806,negative_control,1219,1327.6263710619248,1551.759877900777
3807,Hspa8,62,1328.9299949124277,1552.2160283476433
3808,Igfbp6,68,1327.4847237072108,1661.178214967385
3809,Hdgf,56,1329.0285121039788,1558.7819739437073
3810,Vim,261,1330.8044954115085,1558.0370786153912
3811,Uba1,250,1330.641899231632,1558.950677292706
3812,Mtap,114,1330.9250136373971,1697.2471053781176
3813,Mtap,114,1332.2839419812244,1703.254301302642
3814,Eif3i,36,1338.4259997447068,1687.4548984586736
3815,Stip1,221,1339.5483785949466,1556.845877112763
3816,negative_control,1734,1339.2245763103297,1559.190414741919
3817,Tpi1,237,1338.871856841472,1559.1423174506544
3818,negative_control,1727,1340.076768541183,1557.0179445019337
3819,Hdgf,56,1341.0213658310531,1698.587737768773
3820,Eif4b,37,1341.157256897087,1697.8951099464648
3821,Sdhc,203,1340.8919025474047,1612.555507862667
3822,Eif4b,37,1343.3502763141585,1550.7344593409298
3823,Vim,261,1343.3674460349062,1590.4879649976378
3824,negative_control,1940,1342.6839099977897,1590.916865363679
3825,Mtap,114,1343.9632356148395,1680.3439957995731
3826,Srebf2,215,1345.2052811114606,1595.468779774986
3827,Raly,177,1346.3623044768965,1593.4415097239655
3828,negative_control,1940,1347.5943493660595,1567.3327420232786
3829,Eif4b,37,1349.3338706719887,1712.7011297527831
3830,Vat1,259,1349.7902926607069,1566.8534835793987
3831,Ubxn1,253,1355.2060938482557,1582.9003107139542
3832,negative_control,1983,1354.7178264309846,1583.612952512315
3833,Igfbp6,68,1355.625999025834,1582.5412789655888
3834,negative_control,714,1355.8287327750293,1606.9786319916193
3835,negative_control,1095,1364.122606879118,1650.4579074877631
3836,negative_control,1664,1366.1229898571094,1681.0139851741064
3837,Eif3a,32,1373.5129397669614,1641.3324454633207
3838,Zfp36l2,270,1372.4637990156548,1670.1626081276352
3839,Eif4b,37,1374.9190376091512,1655.5959899918344
3840,Tnk2,234,1376.3606413082307,1540.003184954737
3841,Igfbp6,68,1379.9297253410757,1570.912722426959
3842,Lamp1,74,1379.8191113039852,1571.176856059895
3843,Eif4b,37,1380.4310881172155,1564.4569650495862
3844,Eif4b,37,1384.132305304025,1637.1331154261777
3845,Mtap,114,1384.0164040315806,1674.3505300889112
3846,St13,220,1385.6145388769037,1663.2793622165232
3847,Cnn2,16,1386.8487433253154,1662.6793922035963
3848,Slc38a2,209,1386.1205322567723,1664.2363340094728
3849,Slc38a2,209,1386.5957972612398,1589.9393083419734
3850,Mtap,114,1387.6011954785356,1644.9191865516502
3851,Vim,261,1388.4937793796885,1565.3728292334822
3852,Lmna,77,1390.1349965956742,1678.7244108019645
3853,Ncl,121,1390.1275209341543,1677.9028581021005
3854,negative_control,1940,1390.7967914650894,1676.9938503337908
3855,Tpi1,237,1390.9564329909672,1564.2739986588113
3856,Slc38a2,209,1391.1552681507665,1575.409049507732
3857,Tpi1,237,1393.3613037900095,1669.9775410269772
3858,Vim,261,1395.238909711292,1617.5730045516016
3859,Mtap,114,1395.4124956148137,1617.47796240808
3860,Sf3b2,205,1395.7475923622517,1616.4702611847154
3861,negative_control,1808,1396.6309156211678,1629.0121319992538
3862,negative_control,1846,1396.1486030144845,1629.587369536097
3863,Eif4b,37,1397.7748829466302,1680.9440359621017
3864,negative_control,1854,1398.3413581701202,1534.3125483245362
3865,Igfbp6,68,1400.3438115819392,1701.1809177742805
3866,Eif3i,36,1408.5949452025588,1697.2595425605766
3867,Mtap,114,1412.497054593451,1685.3995656732932
3868,Ehmt2,31,1414.963224022581,1564.7540388861264
3869,Eif4b,37,1416.503822323995,1574.968866600494
3870,negative_control,1647,1418.1621686123403,1628.3232991534137
3871,negative_control,432,1418.1288645399409,1555.6544788513115
3872,Vim,261,1420.639312722335,1570.0187935862998
3873,negative_control,1398,1421.4584019208917,1572.734977452059
3874,negative_control,1921,1421.197029763361,1571.8280517175915
3875,negative_control,835,1420.434355442767,1570.2318318162756
3876,Mtap,114,1419.8978150693445,1521.7035400338375
3877,Eif3i,36,1420.689048349776,1543.968369220743
3878,Slc38a2,209,1421.256143823735,1657.4597351471068
3879,Vim,261,1423.7687590089422,1596.246154357464
3880,Eif4b,37,1423.6532802969175,1596.379861828285
3881,Ndufv1,124,1423.6160326014349,1596.6570035873676
3882,Slc38a2,209,1425.7458007713592,1552.970282961854
3883,Ehmt2,31,1427.3936001097663,1560.1905094688764
3884,Stip1,221,1429.2565866009868,1642.21114225338
3885,Tpi1,237,1428.4828510871143,1641.0136671999169
3886,Junb,71,1427.9807340875182,1641.49479419746
3887,Arf1,6,1427.5889883312489,1641.0299390751286
3888,Mrpl28,97,1430.027377451871,1597.496625606825
3889,negative_control,1591,1429.980517997084,1597.4028504957037
3890,Prps1l3,154,1430.7831916800562,1597.3717855637742
3891,Lmna,77,1428.7126673529351,1599.0589774504674
3892,Vim,261,1432.35410009008,1595.613896444546
3893,negative_control,1179,1429.1500751460817,1597.7307972624556
3894,Igfbp6,68,1430.4555175960818,1614.743709215409
3895,Tpi1,237,1432.8827537218756,1577.3901795762572
3896,Rps15a,191,1432.1981976793334,1576.06777545238
3897,negative_control,275,1433.5897675141166,1639.5774106404197
3898,Tpi1,237,1435.2543874257494,1616.5392522479106
3899,Uqcrc1,256,1437.3817193308057,1587.7522325614325
3900,negative_control,1052,1436.2172042115208,1588.6934293496438
3901,Mbd3,84,1436.3171564957363,1645.2725419181409
3902,Mtap,114,1435.8172550544682,1644.2633816911705
3903,Oxct1,134,1435.4304918583264,1644.939914597588
3904,Vim,261,1435.8138116920666,1518.7456899265474
3905,Ncl,121,1435.5050228631917,1518.004381908795
3906,Fkbp4,44,1437.786400440723,1517.6397301384463
3907,Mtap,114,1435.8851534712933,1590.506037569496
3908,negative_control,1846,1435.1738643490216,1591.4262995183658
3909,negative_control,1674,1434.1533889102625,1591.9848085302665
3910,Vim,261,1434.110215948715,1590.2036469352022
3911,Vim,261,1436.5672751428192,1633.33810674708
3912,negative_control,1845,1436.117380118969,1631.932144382367
3913,negative_control,1559,1440.1458793670545,1566.4493535790464
3914,Eif4b,37,1440.1269972225552,1497.9322420662086
3915,negative_control,1389,1443.8255103383012,1562.9848008783797
3916,negative_control,452,1443.9770326952607,1572.248724194741
3917,Slc38a2,209,1448.088031565764,1541.036636397429
3918,Cnn2,16,1447.697242267394,1520.1719883414935
3919,negative_control,304,1447.3322541793111,1520.4588815880998
3920,Clta,15,1447.9302822017753,1521.4649910616197
3921,negative_control,714,1447.3185143380358,1521.352329021856
3922,Hspa8,62,1447.518619193869,1521.493562349098
3923,Cited2,13,1449.1653939964417,1522.3269520867598
3924,negative_control,1399,1447.4623856681455,1519.8902684362076
3925,Rpl15,186,1447.1729157390282,1521.6534534326247
3926,negative_control,892,1447.6394602444575,1549.160178908581
3927,Prmt1,153,1446.152769512734,1544.9119432020025
3928,negative_control,1967,1446.0600746868963,1544.7314887023554
3929,Fkbp4,44,1446.353414698388,1493.2433100619462
3930,Lamp1,74,1447.224323068152,1493.230190018503
3931,negative_control,1221,1448.0454597197663,1525.0352993324252
3932,Nudt9,132,1448.7361275163212,1517.5504787730893
3933,negative_control,1582,1451.6223526749618,1598.813787016467
3934,negative_control,452,1453.627231526197,1526.8998220992344
3935,Uba1,250,1452.7518595113104,1526.7942833841894
3936,Vim,261,1451.800301838232,1526.2916474190176
3937,Mtap,114,1453.8560046110822,1552.3561939438096
3938,negative_control,1532,1455.9112267178996,1590.8500401438637
3939,negative_control,1503,1455.2474225859503,1590.8975453275002
3940,Snx5,212,1454.6316388021355,1591.2967270159663
3941,Cnn2,16,1458.4652644728806,1570.7546973787616
3942,Cs,20,1457.6841021161842,1569.633948904854
3943,Mtap,114,1457.954061546951,1606.2617348298231
3944,Txn2,248,1459.261677925395,1537.9322223924269
3945,Vim,261,1460.137583676009,1538.798131530145
3946,negative_control,435,1461.5003521708732,1538.6471099292369
3947,Uqcrc1,256,1460.6143330696927,1539.1934254579517
3948,negative_control,1442,1460.720852622147,1538.9425963329418
3949,Mtap,114,1459.691086237322,1515.900565811152
3950,Eif3i,36,1462.61620691995,1573.8826288799876
3951,negative_control,534,1466.2884622389854,1566.9072975114373
3952,negative_control,714,1465.4564892902467,1566.6167919392692
3953,Ehmt2,31,1467.1925550110593,1532.823861795346
3954,Eif4g2,38,1467.410055913101,1540.8187544352786
3955,Snx3,211,1468.5388479132512,1541.3776526307718
3956,negative_control,821,1467.8161438197897,1542.1748379294154
3957,Eif4b,37,1467.4212279824123,1581.385017958598
3958,Mtap,114,1467.7682915232172,1521.4285470015377
3959,negative_control,1736,1468.4272552729806,1505.4128933602765
3960,Uqcrc1,256,1470.7237423222916,1537.8809730104747
3961,Psma7,161,1470.781410124754,1537.144739290693
3962,Tbrg1,225,1470.7174109495431,1536.1891523071722
3963,negative_control,507,1471.3855042660202,1537.888725688414
3964,negative_control,1793,1469.135470571942,1536.575128954322
3965,Fus,47,1470.7977734892856,1554.166425857259
3966,Mtap,114,1471.5769259933168,1572.1448369399498
3967,Eif4b,37,1471.9152967899986,1511.3985660941064
3968,negative_control,1052,1473.582340331456,1530.7809986304378
3969,negative_control,1940,1475.0450646270665,1607.5758648901565
3970,Slc38a2,209,1475.0983824955515,1480.35712790755
3971,Eif4b,37,1477.9954329047414,1577.2903385009454
3972,Tpi1,237,1477.436840410187,1616.5111500490548
3973,Eif3i,36,1478.8177403552045,1483.2588556307014
3974,Eif4b,37,1479.58090832903,1514.658751021245
3975,Mtap,114,1481.3738990536112,1534.3294293585632
3976,Actn4,3,1482.5854842001754,1512.1858431678947
3977,Hspa8,62,1482.4128733484772,1512.1264013979471
3978,Pdia4,141,1483.1193712776776,1612.3203299531938
3979,Ehmt2,31,1482.6087560112028,1470.469469953263
3980,Mtap,114,1482.2694326310625,1521.0015338673415
3981,Mtap,114,1485.3938541053765,1599.6739398389293
3982,negative_control,1050,1486.1648084210583,1463.4980316352055
3983,negative_control,403,1486.6969900370111,1523.4945707381485
3984,Tpi1,237,1490.372813857348,1566.6133219597389
3985,Eif4b,37,1494.037026006907,1573.442644865901
3986,Eif4b,37,1494.2279693587614,1569.728176252802
3987,Eif4b,37,1494.501795378522,1490.964637117659
3988,Tpi1,237,1501.8066454462587,1597.1743942202363
3989,Hspa8,62,1502.1387309519798,1524.688775299093
3990,negative_control,1004,1502.1259254701472,1525.659223658051
3991,negative_control,485,1501.9393566697677,1525.7886397634502
3992,Arf1,6,1502.928794995419,1524.2327744218353
3993,Tpi1,237,1506.2257262605303,1494.422681989293
3994,Tpi1,237,1507.295196679599,1470.1023197262934
3995,Tpi1,237,1508.017129314526,1559.0418099633423
3996,Tpi1,237,1509.0388617388066,1523.1886395556924
3997,negative_control,1460,1515.2220614642524,1591.866678895914
3998,Fkbp4,44,1513.647843189572,1591.315853457665
3999,Junb,71,1520.0135043010623,1568.9995823215777
4000,negative_control,1609,1520.296986602344,1567.601507504699
4001,Vim,261,1518.8575908971968,1570.1109168602
4002,Vim,261,1521.0700721505602,1576.8283299216082
4003,Sdhc,203,1520.926064476986,1575.7714862774203
4004,Eif4b,37,1532.8816946023887,1587.971755554658
4005,Mtap,114,1542.4406119321025,1588.9925544781424
4006,Ubxn1,253,1541.954596407942,1552.2787754609635
4007,Mtap,114,1543.860986869501,1548.3642042915149
4008,Eif4b,37,1544.8317338554723,1585.3584098927226
4009,Vim,261,1547.549274237754,1589.123755804946
4010,Eif3a,32,1549.6992470533633,1596.6464988461182
4011,Vim,261,1563.3697295643235,1561.0650375059868
4012,negative_control,1208,1562.3432175952146,1559.644851995576
4013,Eif3i,36,1563.4604624999988,1604.6998932764416
4014,Igfbp6,68,1564.8283027285854,1551.890738719009
4015,Ehmt2,31,1567.3716506056498,1562.6104893494412
4016,Ybx1,263,1586.6278740444695,1567.1641730080748
4017,Snx3,211,1078.6200879627222,1790.9817402104727
4018,Snx3,211,1085.6297040196216,1645.0407342539029
4019,Taldo1,223,1093.499519704225,1788.0979636093327
4020,Prrc2a,158,1093.8584827752147,1782.6598395487026
4021,Efemp1,29,1101.9122349091317,1778.7679677935134
4022,Rac1,175,1105.664143807547,1738.9315811092963
4023,Rpl21,188,1118.271129465761,1710.4055104872602
4024,Taldo1,223,1124.4043608911722,1722.0298435766606
4025,Prrc2a,158,1124.102033854045,1702.26435118234
4026,Prrc2a,158,1132.7097800957383,1752.5405487786534
4027,Rab5c,173,1135.276480337193,1724.05011651295
4028,Hnrnpk,59,1134.621675172059,1723.9825105986704
4029,Rpn2,190,1136.2865615958851,1728.2634829059598
4030,Prrc2a,158,1137.110969206381,1715.6209430477752
4031,Rpl21,188,1138.0757726264117,1788.4838215812083
4032,Rac1,175,1138.008800447947,1752.8766334733086
4033,negative_control,800,1142.4444084996558,1703.370532507815
4034,Hnrnpk,59,1143.1407731369725,1784.1847864782235
4035,negative_control,1939,1147.7286279478035,1766.4553881948125
4036,negative_control,1441,1148.0809396170844,1719.253086371252
4037,Hnrnpk,59,1148.3588839278889,1779.4463258411156
4038,Hnrnpk,59,1150.498972343446,1749.7996979842442
4039,Pdha1,139,1155.829388521258,1670.1039804837394
4040,Ubxn1,253,1156.348302160128,1669.3399758065684
4041,negative_control,1577,1157.509970945241,1683.784907124895
4042,Npc2,128,1158.4307756153253,1718.2779196475983
4043,Ppp2r1a,151,1158.0543523345548,1719.1882838029765
4044,Rpl21,188,1157.398513008062,1718.8110561831331
4045,Taldo1,223,1164.7277542917177,1726.9738181062362
4046,Rpn2,190,1166.9808046451583,1772.383312268405
4047,Vim,261,1171.0319509817073,1667.5673323635715
4048,Snx3,211,1170.8626132395489,1666.9728530151233
4049,Rpl21,188,1171.7674363495255,1675.3023358651126
4050,Hnrnpk,59,1172.2607918921108,1742.8740118200094
4051,Rpl21,188,1173.4942978288998,1739.4386356208645
4052,Psmd7,165,1174.5864717751729,1749.090103624624
4053,Rps15a,191,1174.81307122923,1748.951727466935
4054,Mbd3,84,1175.3418884894909,1749.7715368132726
4055,Rpn2,190,1174.437749633249,1752.1449600638305
4056,Hnrnpk,59,1180.147805335217,1759.0726459086095
4057,Snx3,211,1180.8524956902863,1669.7167515159472
4058,Nfe2l1,127,1181.514930898942,1671.8163231993422
4059,Tnc,232,1181.4440288732017,1672.8941243483096
4060,Hnrnpk,59,1181.5902353279153,1643.498393999294
4061,Uba1,250,1181.7772099915755,1643.6136075926368
4062,Mrfap1,89,1180.3982879034038,1644.991144183448
4063,Hnrnpk,59,1183.2149944268897,1748.102647417127
4064,negative_control,716,1182.5539027934851,1654.9612729869589
4065,Hnrnpk,59,1182.793561189981,1667.7293438309314
4066,Prps1l3,154,1183.2428474021815,1680.5890573992772
4067,Efemp1,29,1184.934693370145,1648.9570184129277
4068,Hnrnpk,59,1184.1003890183636,1751.445265449001
4069,Efemp1,29,1189.4107384993113,1640.6238525604942
4070,negative_control,894,1189.599633528912,1727.8655734945248
4071,Hnrnpk,59,1189.412486886195,1695.0181836460752
4072,negative_control,716,1190.36190394813,1665.9713289831257
4073,Prrc2a,158,1191.9515749125756,1632.3829636020969
4074,Taldo1,223,1197.1449155564026,1534.8543889367356
4075,Rac1,175,1196.5987543536537,1517.021411751598
4076,negative_control,2048,1199.1490463847088,1630.70759639876
4077,negative_control,1923,1198.73530067017,1629.7183945148863
4078,Prrc2a,158,1198.323667158341,1694.4145922571192
4079,Efemp1,29,1198.7443652293696,1511.6203909420942
4080,negative_control,1601,1200.3813638134438,1745.7242931205433
4081,Rpl21,188,1200.7195099453054,1740.8709534243817
4082,Hspa8,62,1202.0765821600137,1758.876508644296
4083,Eif3d,33,1201.811290244572,1758.2647936124854
4084,Tubb5,246,1201.4257697915305,1759.070923481343
4085,Mrpl45,105,1201.818216676257,1669.2781893681076
4086,Rac1,175,1203.3752362713583,1754.5826269292463
4087,Snx3,211,1203.7834532410109,1520.8092243563192
4088,Prps1l3,154,1204.8617169125123,1634.1587924859653
4089,Mrpl45,105,1205.0827447191646,1532.1425996717935
4090,Ppp2r1a,151,1207.0949242541114,1757.215353110357
4091,Mrpl45,105,1205.8465367397318,1756.6230227643496
4092,Snx3,211,1207.479106810281,1643.439889519243
4093,Rac1,175,1209.741678597822,1611.198541721762
4094,Rac1,175,1210.426591899521,1623.0777477589363
4095,Rpn2,190,1211.460387960527,1637.7430262650864
4096,Psmd7,165,1215.357393494754,1631.1349016611755
4097,Prrc2a,158,1217.2939248194944,1630.4834489879022
4098,Hnrnpk,59,1218.1758208820129,1539.6966870081053
4099,Rpl21,188,1218.8195568186031,1611.0439688191568
4100,Zyx,271,1218.8785407986102,1609.6833159697785
4101,Rac1,175,1220.776719720862,1527.0043761149134
4102,negative_control,1841,1221.1770083771453,1676.3617666441576
4103,Hdgf,56,1222.6679461706603,1693.112722636482
4104,Uba1,250,1222.1162029327636,1692.6054470834868
4105,negative_control,1704,1222.2418773315494,1692.7838919107323
4106,Efemp1,29,1221.5269456311066,1692.4820338253553
4107,negative_control,2079,1222.2467564589049,1692.381473313657
4108,Taldo1,223,1221.352858237748,1556.2648003927814
4109,Prrc2a,158,1225.002810697676,1537.9671538380312
4110,Hnrnpk,59,1225.4503833845847,1569.4895333353545
4111,Ssr3,218,1226.3560038887958,1630.48668997288
4112,Prrc2a,158,1229.5922583579652,1678.857566313116
4113,Rpl21,188,1231.40346231021,1647.841837301606
4114,Efemp1,29,1231.716315686288,1653.379206464157
4115,negative_control,1437,1234.28995270145,1634.8215303126794
4116,Hnrnpk,59,1235.3411253320487,1570.4426383602272
4117,Prrc2a,158,1236.095958837635,1630.062122464034
4118,Rpn2,190,1236.624157405421,1580.1045802749372
4119,Prrc2a,158,1238.7620119018695,1549.9073779516889
4120,Rac1,175,1238.7001740426251,1522.213540189806
4121,Prrc2a,158,1239.4061398907534,1715.1167346235686
4122,Mrfap1,89,1240.884241855117,1481.7768194165749
4123,Maged1,82,1241.4608234474308,1553.273236777835
4124,Vim,261,1241.0813785641094,1554.4550282233863
4125,Hdgf,56,1243.0016374867912,1552.1685478211689
4126,negative_control,661,1242.7329572461765,1553.9227029457857
4127,Prrc2a,158,1243.9891652493495,1542.1288733661806
4128,Rpn2,190,1251.0974108155451,1607.2010793286236
4129,Rpl21,188,1251.047029125676,1597.623463926075
4130,negative_control,1437,1251.0771590398235,1726.2267123035908
4131,negative_control,1923,1252.3101784046971,1595.3655277922169
4132,Efemp1,29,1254.0759970190784,1584.435792339425
4133,Zfp36l2,270,1253.264654596474,1550.140159051006
4134,negative_control,1610,1254.3150749723654,1549.0496477023653
4135,Taldo1,223,1258.6250675765064,1705.738052076934
4136,Tnc,232,1259.0357957539,1607.2529436180685
4137,Timp2,229,1258.383016532227,1607.1598752791642
4138,Ppp2r1a,151,1258.5587834593937,1605.4638180536467
4139,Csf1,21,1258.865875848332,1643.9190748364656
4140,Tnc,232,1259.6119450921628,1644.2581712924778
4141,Snx3,211,1263.1901845842751,1688.1910000407051
4142,Rpn2,190,1263.977663290145,1672.3808652010416
4143,Taldo1,223,1265.1308361370448,1574.4501138494402
4144,Actn4,3,1266.6411208796492,1730.276894438207
4145,Ybx1,263,1267.74443580895,1728.9405884751795
4146,negative_control,712,1267.4954983628484,1728.3342253055948
4147,negative_control,847,1267.0245312709349,1728.960837903147
4148,Txn2,248,1268.3552425694345,1729.6596973481498
4149,Rpl21,188,1267.115237662853,1641.4395517139208
4150,Hnrnpk,59,1266.6193063249643,1584.118579546035
4151,Taldo1,223,1267.3834491794803,1604.5864509276332
4152,Mrps25,108,1269.404663604615,1714.4022372916702
4153,negative_control,799,1271.6489447990698,1582.886295447012
4154,Taldo1,223,1274.056853033744,1531.692915354301
4155,Snx5,212,1274.3432695608633,1602.3481188652768
4156,Junb,71,1273.9405528419638,1601.9428756425905
4157,Hnrnpk,59,1274.8967889894511,1603.1381415641158
4158,Mdh2,85,1274.3928241586725,1603.6889209637566
4159,Rpl21,188,1276.9312023761354,1563.674837325369
4160,Efemp1,29,1281.4273647313316,1576.3197364892208
4161,Prrc2a,158,1282.7266363924991,1727.084113198672
4162,Maged1,82,1287.437316120548,1719.7040388168175
4163,negative_control,317,1286.9138632938273,1721.2377592592366
4164,Rpn2,190,1289.9147988576976,1611.77842041109
4165,Taldo1,223,1290.6770341848462,1557.0899578646658
4166,negative_control,634,1291.381599463585,1558.532464683596
4167,Prrc2a,158,1293.432329883801,1663.427436591796
4168,Rpn2,190,1299.7279018168365,1712.4238712151646
4169,Gpi1,52,1301.702228090602,1562.9629840247133
4170,Vim,261,1301.5852037511766,1561.0916888883162
4171,Tnc,232,1303.167793772236,1669.7296483594412
4172,Rpl21,188,1306.48214443017,1560.4643619902138
4173,Tnc,232,1309.4095304920445,1669.3371557352766
4174,Sfpq,206,1310.0754882988665,1666.395408477826
4175,Maged1,82,1309.1662275923811,1666.8106163287705
4176,Oaf,133,1310.2230729444232,1666.5385000284568
4177,Tnc,232,1312.5631498589153,1708.7845728406858
4178,negative_control,919,1312.968958872545,1692.2352728335122
4179,Tnc,232,1315.813294270477,1709.6067528502665
4180,Rpl21,188,1318.9922756747296,1551.3626181908326
4181,Mrpl45,105,1323.9120565441,1560.8690018041273
4182,negative_control,1436,1325.5397428944718,1591.963188767702
4183,Prrc2a,158,1329.8847808757805,1693.8341881088368
4184,negative_control,805,1339.7029082318138,1681.2459917760511
4185,Hnrnpk,59,1341.7998760795608,1548.7427779164736
4186,Prrc2a,158,1347.013138153104,1675.1874453269
4187,Hnrnpk,59,1349.221521640381,1553.840334524014
4188,Hnrnpk,59,1350.248949676141,1696.160374597133
4189,Jun,70,1358.21472297398,1546.9016261665756
4190,Hspa8,62,1358.92558352889,1691.5025201415174
4191,Rpl21,188,1357.525195986826,1692.9862817722633
4192,Uba1,250,1359.4208242039413,1692.636755265905
4193,Hnrnpk,59,1359.6312536933642,1701.4165516293938
4194,Taldo1,223,1364.36170724395,1715.494199435495
4195,Efemp1,29,1364.9184770239146,1595.675788420025
4196,Cct5,10,1367.5015950653162,1540.3085762090586
4197,Rpl21,188,1368.292216425504,1541.5046828457544
4198,negative_control,1607,1369.4279267171946,1541.1766408596884
4199,Tnc,232,1370.389051493543,1627.639466568717
4200,Efemp1,29,1370.4533030799284,1571.550010547764
4201,negative_control,1904,1372.5700226775596,1607.377707384565
4202,Efemp1,29,1374.2543822509406,1567.1207420780083
4203,Idh2,65,1376.0602697762754,1671.6028878239745
4204,Ybx1,263,1374.9575578213037,1670.366650794153
4205,Sae1,199,1380.7004312530769,1547.12504721644
4206,negative_control,1154,1381.8115553058526,1546.254963909199
4207,negative_control,1447,1382.4409772781758,1546.4837983952216
4208,negative_control,1061,1383.516043763071,1544.7084804866674
4209,negative_control,1494,1383.3721238569578,1545.7120771063312
4210,Prrc2a,158,1384.7606898165031,1665.5868097345003
4211,Tubb5,246,1385.544184396515,1649.250347372567
4212,Hnrnpk,59,1386.1301752956117,1649.024459591767
4213,Taldo1,223,1386.548635645975,1544.1304492777078
4214,Efemp1,29,1388.0380590859677,1671.5704596048706
4215,Hnrnpk,59,1387.969763906657,1537.9217218092751
4216,Prrc2a,158,1390.6171760623183,1538.360221232899
4217,negative_control,1750,1390.588304963367,1635.0591029516067
4218,Tnc,232,1390.6328466860575,1618.7715037662697
4219,negative_control,826,1389.0908989737686,1618.732002500976
4220,Lmna,77,1388.207869775873,1619.66860595023
4221,negative_control,711,1391.5422107013806,1570.9659036424782
4222,Rpl21,188,1391.9556800755222,1572.1041424266296
4223,Stip1,221,1390.5642741424044,1571.5451489827108
4224,Rpl15,186,1393.0417364180917,1546.5891572255862
4225,Vim,261,1393.0011541341466,1545.5514661835286
4226,Prmt1,153,1392.1640797413747,1546.3946613052992
4227,negative_control,1202,1394.3379703572973,1552.7005399579775
4228,Polr2e,148,1395.431965321117,1553.4004828534137
4229,St13,220,1395.625040226586,1558.9108382764948
4230,Tubb5,246,1395.6584629860758,1559.4288226528156
4231,Rpn2,190,1398.1529467254518,1656.3236751994775
4232,Efemp1,29,1398.4010626906309,1575.8352415039512
4233,negative_control,684,1400.3633780878315,1539.963117175484
4234,negative_control,1962,1401.0604100123662,1527.665438041604
4235,Hnrnpk,59,1401.9944839141947,1613.2297184992833
4236,Taldo1,223,1402.339317447686,1680.6283003848357
4237,negative_control,799,1403.2141433904962,1574.0224753946277
4238,Tubb5,246,1402.296824359525,1573.083043023786
4239,negative_control,1437,1404.4268323643596,1623.5950295341831
4240,Ppp2r1a,151,1403.0988626212834,1577.182578517787
4241,Rac1,175,1404.4208496841843,1520.8661578194362
4242,negative_control,1392,1410.088478056879,1599.3342846042417
4243,Polr2e,148,1411.2097487962942,1598.8510823529232
4244,negative_control,824,1410.0670199921888,1599.842483998112
4245,Ptgs1,169,1410.126456789316,1599.779723430716
4246,negative_control,1494,1410.5569561385903,1599.110503924875
4247,negative_control,1431,1409.6333344689626,1599.28268166344
4248,Tnc,232,1410.140774289844,1532.9984463632252
4249,Hnrnpk,59,1410.357232599404,1560.688094611898
4250,negative_control,1565,1411.4938908354775,1571.688286779991
4251,negative_control,1436,1414.5939130681172,1608.9508329842442
4252,negative_control,959,1416.9688736496014,1616.0815820742423
4253,Prrc2a,158,1418.2407136077022,1534.7417683381605
4254,negative_control,404,1419.0881925348,1545.0839771005835
4255,Taldo1,223,1418.7499235717953,1573.5985986523096
4256,Hnrnpk,59,1419.7231798542532,1524.46586723171
4257,negative_control,525,1421.0688096112078,1625.3518826855825
4258,Paics,137,1422.532898863196,1625.5747118648069
4259,Hnrnpk,59,1422.578655832207,1521.6706853949904
4260,Prrc2a,158,1424.83792986246,1559.1922353751286
4261,negative_control,805,1426.402931825984,1646.1435253478512
4262,Hnrnpk,59,1432.3761486419392,1516.3284534854763
4263,Lmna,77,1433.2116273783502,1552.728955404865
4264,negative_control,1202,1433.046800348496,1552.726038349678
4265,Rac1,175,1435.9260446722303,1550.8341427354162
4266,Mrpl45,105,1435.8460147521173,1583.2133944919087
4267,Rac1,175,1437.786652487271,1503.4753705921323
4268,negative_control,286,1437.9324254330286,1580.7182514902602
4269,Prrc2a,158,1438.2460859161902,1545.0810256522234
4270,Polr2m,149,1438.311536351329,1523.9908651583446
4271,negative_control,1255,1439.2410175236853,1524.0520662552713
4272,Prrc2a,158,1441.663233676345,1496.4779758721625
4273,Taldo1,223,1442.8641455669272,1592.8460357486672
4274,Sfpq,206,1444.3761137982017,1594.263465351375
4275,negative_control,1818,1442.6547981302306,1595.7959688200583
4276,Rac1,175,1445.377777735926,1502.007360432091
4277,Prps1l3,154,1444.9849825679787,1591.4761362463903
4278,Ncl,121,1444.9321212385676,1538.4248049994994
4279,Prrc2a,158,1446.406006493663,1539.2054539489634
4280,negative_control,1440,1448.3601819049854,1613.4107086365905
4281,Rpl21,188,1449.2036932404528,1623.2568094862463
4282,Prrc2a,158,1449.665997108453,1496.644251493622
4283,Snx3,211,1449.1274601393598,1514.5339330749916
4284,Tnc,232,1449.793685519914,1635.5753359148885
4285,Snx3,211,1450.897063485762,1525.0286524396809
4286,Rpl21,188,1453.1581082893845,1612.3575714006324
4287,Idh2,65,1454.1869402474852,1548.663028472362
4288,Hspa8,62,1455.5514795590093,1548.3818006111237
4289,Vim,261,1454.9203082655608,1548.4877735834252
4290,Rcc2,183,1456.0685547347111,1547.615663958014
4291,negative_control,847,1454.6829465497322,1547.6871097073645
4292,Rpl21,188,1455.7606603077656,1566.2970450063997
4293,negative_control,1440,1456.5965344298495,1575.4657955180514
4294,Hnrnpk,59,1456.64198724547,1514.0995289976524
4295,Rpl21,188,1457.9903308291289,1618.0877371031752
4296,Prrc2a,158,1459.4679056471955,1502.662912529863
4297,Msn,112,1459.6904354698297,1502.9238806297722
4298,negative_control,1189,1460.6574490834912,1516.6455080188034
4299,Mtch1,115,1461.8063065309286,1517.1017393810089
4300,Mdh2,85,1461.0975099663335,1516.2603002508113
4301,Snx3,211,1461.8364402030725,1623.4177875475632
4302,negative_control,1877,1466.38885155349,1506.1303043887365
4303,Snx3,211,1469.795399780004,1558.1333060697584
4304,Prrc2a,158,1470.5099191582187,1586.2496409325868
4305,Hnrnpk,59,1474.3598445349714,1565.1632488395426
4306,Clta,15,1474.438091374277,1536.073010336156
4307,Morf4l2,88,1475.4772281490295,1536.2540311378848
4308,Hnrnpk,59,1475.6099942022354,1581.157763173849
4309,Hnrnpk,59,1476.98241327434,1507.6598495747187
4310,Taldo1,223,1476.8062791461025,1554.0140135639758
4311,Rps15a,191,1477.8090475066283,1499.0482959601472
4312,Rpl21,188,1479.2234791417725,1488.8316671513107
4313,Ncl,121,1480.418639636479,1610.897884805834
4314,Idh2,65,1480.307690591173,1606.4458807218298
4315,Rab5c,173,1480.7877976769453,1604.6066306336295
4316,Ly6e,81,1482.0281056716508,1606.1973966498738
4317,Ybx1,263,1480.170636661686,1606.161686316265
4318,Taldo1,223,1480.4627476544824,1606.3869854100385
4319,Prrc2a,158,1480.502004048199,1599.6732536745326
4320,negative_control,1278,1480.0386354089646,1552.4320557551016
4321,Morf4l2,88,1480.6337909298124,1578.023053973791
4322,Ncl,121,1481.856658763734,1578.1105197503755
4323,negative_control,1663,1481.0583186713452,1578.8899588356396
4324,Prrc2a,158,1481.9119970572378,1470.8767560957845
4325,Rpl21,188,1485.1699813161802,1558.849485436985
4326,Prrc2a,158,1486.7728533044296,1493.5512386151172
4327,Hnrnpk,59,1486.9860675241453,1512.5797232758805
4328,Taldo1,223,1487.5374047250104,1575.5831718466147
4329,Hnrnpk,59,1488.164921936775,1484.9557654643472
4330,Rac1,175,1490.224079101681,1579.8833634045927
4331,Hnrnpk,59,1491.9274984174265,1563.6345174228366
4332,Prrc2a,158,1491.0089722833336,1525.8609726340214
4333,Rpl21,188,1492.5952496053333,1461.9486022463843
4334,Psma7,161,1493.714853894726,1502.2039306799734
4335,Rpl15,186,1493.9874674467385,1503.007145465452
4336,Rac1,175,1496.9545241758556,1484.2477461801618
4337,Myh9,118,1500.3891014207964,1551.19418120015
4338,negative_control,1591,1498.3461660812743,1552.7739067870502
4339,Hnrnpk,59,1499.0829602514468,1466.2696245995928
4340,Rpl21,188,1501.1688568243185,1496.2065667662423
4341,Hdgf,56,1501.1734260488038,1457.226009958313
4342,Hnrnpk,59,1502.307783600091,1476.1514712506614
4343,Prrc2a,158,1503.0512142389982,1515.8034115188866
4344,Vim,261,1506.4319748155608,1553.621687995333
4345,Hnrnpk,59,1507.9119802115674,1488.8505274271115
4346,Prrc2a,158,1509.505320356442,1535.3576670674397
4347,Rpl21,188,1509.6296368664518,1505.9766741592723
4348,Stip1,221,1510.177077419493,1505.5321787088117
4349,Prrc2a,158,1511.4559090588095,1484.8229491080674
4350,Hnrnpk,59,1510.7734879288073,1486.3011417938587
4351,Prrc2a,158,1512.9910562339226,1556.39340514478
4352,Hnrnpk,59,1522.920027191966,1538.6935839073444
4353,Vim,261,1523.3323824306538,1562.291786051126
4354,Prps1l3,154,1523.5076898648863,1561.8508436234747
4355,Rpl21,188,1528.7337367447226,1548.5667865538994
4356,Prrc2a,158,1530.645732575745,1527.206398540843
4357,Taldo1,223,1542.040899801585,1586.0330892735317
4358,Taldo1,223,1542.268983356243,1562.8332178679725
4359,negative_control,1541,1543.2162911080263,1571.2945108207612
4360,Rac1,175,1550.358209791584,1536.1966577561484
4361,Hnrnpk,59,1555.147639195899,1597.6863142375637
4362,Prrc2a,158,1556.7480463102777,1553.1811269419934
4363,Vim,261,1556.6832164275288,1553.7437323607712
4364,Rpl21,188,1563.5359863422518,1590.5334334617935
4365,Cnn2,16,1076.085997210865,1640.1622620490189
4366,Cnn2,16,1088.7176632744067,1652.9525929855813
4367,Actn4,3,1110.035433286952,1776.1543030657676
4368,Morf4l2,88,1113.2084789202793,1783.922447261582
4369,Actn4,3,1121.3047290444504,1781.213768079037
4370,Cnn2,16,1122.5192841313549,1701.526004208834
4371,Rab5c,173,1128.7150823751504,1773.0333746965052
4372,Actn4,3,1135.5575484032752,1761.0067081489624
4373,negative_control,1516,1141.1790180314115,1740.4063704656678
4374,Il1rl1,69,1143.102185785547,1658.497395937139
4375,Zfp36l2,270,1144.41863034395,1737.8849289226655
4376,Rpl15,186,1144.235416302719,1737.651446059979
4377,negative_control,742,1147.3991052399892,1691.295589937264
4378,Il1rl1,69,1146.8612212383016,1732.2805516540438
4379,Actn4,3,1148.516209376968,1668.479273682535
4380,negative_control,1515,1150.5648933689474,1778.362973295558
4381,Morf4l2,88,1149.885288215404,1671.1053960630504
4382,Actn4,3,1155.0289131355896,1756.6785128381528
4383,Cnn2,16,1155.8700937791705,1698.7088632490706
4384,Rad21,176,1159.143276910766,1686.928507543827
4385,negative_control,1365,1158.6957318046952,1685.2551072750366
4386,negative_control,1389,1159.3887915089238,1686.5353686591227
4387,negative_control,1198,1162.2724678382513,1758.3185888967091
4388,Actn4,3,1160.6671219953992,1756.7718629355604
4389,Actn4,3,1163.2387571354743,1749.4798327114113
4390,Il1rl1,69,1163.4344319539032,1672.6357529571817
4391,negative_control,664,1163.880663771817,1758.8508305420185
4392,Il1rl1,69,1164.5200719461177,1760.5136335311436
4393,Lamp1,74,1164.7268162947612,1760.0991604245608
4394,negative_control,747,1167.3791507075955,1728.9340004012956
4395,Mmp14,87,1168.242615860306,1682.3741973442995
4396,Actn4,3,1167.7373460972997,1763.9145859233413
4397,Vim,261,1169.138406231863,1755.7052389188373
4398,Ddx17,26,1169.3739457884585,1756.0407516779585
4399,Actn4,3,1169.4318564180946,1773.950384262129
4400,Mrpl28,97,1170.8207948920822,1766.9841008590436
4401,Actn4,3,1170.6035535721885,1768.2494939981846
4402,Vim,261,1173.4429970949338,1663.8570296837615
4403,Il1rl1,69,1173.3084769827813,1659.861344290897
4404,negative_control,1247,1174.1058179654992,1752.2532565979989
4405,Actn4,3,1173.62685409144,1675.6994474346757
4406,Vim,261,1174.2854035304963,1744.7469494096404
4407,Actn4,3,1176.410027780841,1657.4944598708264
4408,Il1rl1,69,1178.5395604787109,1645.940200426824
4409,negative_control,960,1178.7787458830635,1717.3271101614528
4410,Mrfap1,89,1179.2255052770247,1656.3993841235806
4411,Il1rl1,69,1180.8355985139544,1723.3292203440938
4412,Il1rl1,69,1180.9246939134214,1665.9062631769273
4413,negative_control,1010,1184.239508377833,1747.7382301451084
4414,negative_control,1247,1186.5833153141605,1673.5547975360378
4415,Mmp14,87,1186.5651962911977,1668.5528239456287
4416,Actn4,3,1187.65336508959,1637.5926312789604
4417,negative_control,838,1187.2842354901795,1664.093605181401
4418,negative_control,2019,1187.042586285177,1664.345988270515
4419,Ptgs2,170,1187.117248109827,1663.9381293265233
4420,Morf4l2,88,1189.3909676521032,1697.6106431647884
4421,Nfe2l1,127,1194.738009581721,1653.520300347384
4422,Sdc4,202,1194.2749325139955,1651.4319536463056
4423,Ybx1,263,1195.3414107423707,1653.576223799619
4424,Sf3b2,205,1195.6421609376512,1656.1356988265734
4425,Il1rl1,69,1195.2584683821017,1654.0285767249702
4426,Morf4l2,88,1198.383989249346,1753.839684838489
4427,Il1rl1,69,1200.328342846842,1694.5285929665924
4428,Srebf2,215,1203.6623802782542,1746.5508528937244
4429,Il1rl1,69,1202.8103964115655,1745.3388582012428
4430,Il1rl1,69,1204.3135363703436,1734.4410245771585
4431,Il1rl1,69,1206.4607102952218,1663.468476679043
4432,Eif3d,33,1208.611575318385,1641.7338845629122
4433,negative_control,585,1215.6635830378375,1666.1281851188403
4434,Il1rl1,69,1218.2082946541575,1633.6262247850436
4435,Actn4,3,1219.9875640767782,1701.5199396000953
4436,negative_control,1471,1219.1725800495512,1700.3775270621786
4437,Ssrp1,219,1220.1143255680274,1701.1993402940473
4438,negative_control,1902,1220.283203919916,1701.8776064237018
4439,negative_control,1355,1220.4501521198597,1622.2670413526607
4440,Ybx1,263,1224.7011991531313,1743.5158807420953
4441,Oaf,133,1227.4268624621686,1601.706296554669
4442,Rab5c,173,1226.1818590935327,1512.6402051406862
4443,Il1rl1,69,1228.241355399128,1620.4714303026217
4444,Psap,160,1230.6041262440167,1684.9925434309878
4445,negative_control,1421,1229.507583035721,1685.5224256113893
4446,Rab5c,173,1230.3366176395953,1677.6242665306847
4447,negative_control,1943,1230.6432419141015,1683.8197681975307
4448,negative_control,469,1232.721746535498,1567.636678021289
4449,Malat1,83,1236.98011958325,1684.8767044863794
4450,Kars,72,1236.9141649012583,1651.1250421793372
4451,Malat1,83,1237.3667500386862,1689.2092124546514
4452,Morf4l2,88,1239.5892652449593,1736.322278054677
4453,Morf4l2,88,1240.825454236312,1499.363920580025
4454,Timp2,229,1241.062771243938,1603.9263696923313
4455,negative_control,952,1240.2234702813016,1603.8552234119334
4456,Hdgf,56,1241.974737224032,1603.569776495371
4457,Cnn2,16,1242.9558988881513,1733.3311000326748
4458,Cnn2,16,1244.713451813916,1584.652964126126
4459,Vim,261,1246.081612130676,1522.3600725196584
4460,Actn4,3,1245.0200139370688,1701.585422379803
4461,Malat1,83,1246.995524668043,1699.498519666079
4462,Malat1,83,1248.7628073900178,1653.2792319816651
4463,Il1rl1,69,1248.9554302418903,1572.4202086105906
4464,Actn4,3,1250.099721503418,1559.6368838825565
4465,negative_control,1710,1251.4996004574416,1637.4762966647518
4466,Il1rl1,69,1251.915329180401,1606.6723673147076
4467,Actn4,3,1252.1793236104104,1733.9779360170855
4468,Actn4,3,1253.224271213312,1566.8153551885007
4469,Nfe2l1,127,1254.196882693366,1667.753923890419
4470,Hnrnpul1,60,1253.7901670755166,1667.5476712532786
4471,Actn4,3,1255.2419139711142,1535.393776837248
4472,Actn4,3,1257.536247831192,1519.5551480990998
4473,Malat1,83,1257.2484831651027,1672.2966158008642
4474,Morf4l2,88,1258.0172221452233,1728.5759612576726
4475,Actn4,3,1258.4124055192271,1555.451255328725
4476,Actn4,3,1259.1316979885908,1623.8346388598409
4477,Mrps18b,106,1258.896895050271,1683.9838727284607
4478,Malat1,83,1259.5590062001556,1695.9150806297805
4479,Malat1,83,1261.1093931544644,1689.9668536412496
4480,negative_control,1200,1261.8862502300738,1732.1015580642354
4481,Malat1,83,1265.664939555628,1694.2018371710717
4482,Actn4,3,1266.8685774480257,1533.9633389218527
4483,Il1rl1,69,1267.63083500364,1586.248396938439
4484,negative_control,586,1266.689090173762,1581.6594835979606
4485,Malat1,83,1267.4967386778085,1621.3380864711005
4486,negative_control,1824,1267.9818171892227,1597.9301554642216
4487,negative_control,1373,1268.014460294973,1598.1058283462637
4488,Cs,20,1268.8919488304225,1661.5619456938937
4489,Malat1,83,1268.8011480121618,1661.0525620160329
4490,Malat1,83,1270.64949322313,1544.8570055184507
4491,Malat1,83,1270.774331831251,1677.9902834921488
4492,Malat1,83,1272.335016590552,1654.7101036746958
4493,Malat1,83,1272.3295409871375,1615.0063218090077
4494,Malat1,83,1272.9696563080042,1709.2838311358587
4495,Malat1,83,1273.8816376525228,1673.3126016739152
4496,Malat1,83,1273.6946097946484,1634.0750259628903
4497,negative_control,1947,1274.883590345553,1717.9371596294077
4498,Malat1,83,1274.8057788191704,1706.2448270703585
4499,Malat1,83,1276.7975978547906,1676.363712897549
4500,Cnn2,16,1277.039851387215,1573.5199860403086
4501,Malat1,83,1278.0728587934314,1640.0492720676334
4502,Malat1,83,1277.7021252200047,1634.7064866487426
4503,Il1rl1,69,1277.703250781265,1645.321600931746
4504,Snx5,212,1278.2261279294155,1683.9482905844106
4505,Il1rl1,69,1280.3212141293195,1662.9720241586515
4506,Malat1,83,1280.5400590960876,1642.4026039810003
4507,Malat1,83,1281.297661178706,1608.9317984426643
4508,Vim,261,1281.223056826111,1649.0301819719414
4509,Malat1,83,1281.1437163585224,1647.973674367132
4510,Rab5c,173,1283.2120356983933,1680.2998324905016
4511,Malat1,83,1282.315187982421,1661.492225214306
4512,Malat1,83,1282.9746497954666,1674.7714913449938
4513,Il1rl1,69,1287.9637061636188,1723.9153901740356
4514,Vim,261,1288.752070070922,1574.3268207150063
4515,Cnn2,16,1288.1989871452215,1574.3561929901707
4516,Malat1,83,1291.2982336403627,1694.791616737161
4517,Malat1,83,1290.698567321863,1623.7666865063754
4518,Malat1,83,1293.960650279894,1667.691270591802
4519,Arf1,6,1292.9847636553775,1567.3735789600405
4520,Npc2,128,1293.5155651054738,1567.0375435480878
4521,Il1rl1,69,1294.46440092406,1572.1180850007668
4522,Malat1,83,1296.415349818968,1706.0442970654108
4523,Mmp14,87,1297.5628844162643,1616.2356758132803
4524,Vim,261,1300.597120142638,1551.849287284831
4525,negative_control,1823,1298.969539232499,1552.119478622324
4526,Ssrp1,219,1299.2641902930127,1552.5970148714396
4527,Il1rl1,69,1299.1037362946088,1580.6818846065166
4528,Mmp14,87,1298.9850026193133,1602.403096674774
4529,Actn4,3,1299.493269419364,1548.4606449831488
4530,Malat1,83,1300.8009187822258,1697.343055176321
4531,Actn4,3,1302.5486783530234,1649.6485557783672
4532,Malat1,83,1304.5620565454178,1691.4455130716392
4533,Mmp14,87,1305.1122314345678,1715.7727795849569
4534,Malat1,83,1304.8376284467745,1646.8382241041527
4535,Malat1,83,1306.5963359714342,1661.393337618421
4536,Malat1,83,1307.5502586788916,1624.8050975810609
4537,Malat1,83,1308.1841875647146,1685.7289720495237
4538,Malat1,83,1307.7848796147669,1642.801572363276
4539,Twist2,247,1308.782533717167,1601.991887402815
4540,Malat1,83,1311.4243725863696,1680.215612976244
4541,Malat1,83,1312.0905842768102,1691.7123657579828
4542,negative_control,598,1311.7934246021318,1575.492345763641
4543,Malat1,83,1311.2568217068983,1660.6866948907998
4544,Malat1,83,1311.8486064698636,1622.7558502903598
4545,negative_control,1826,1313.3181268964292,1707.137158766685
4546,Malat1,83,1313.7502868041088,1667.901954638592
4547,Vim,261,1314.3349696096045,1667.0823779490936
4548,Il1rl1,69,1314.8082203013996,1710.338186501143
4549,Malat1,83,1315.647130641254,1679.5315132633036
4550,Malat1,83,1317.1815652586345,1614.4580314644868
4551,Il1rl1,69,1317.3985431865726,1696.4083164571075
4552,Mmp14,87,1318.563844008115,1700.180319823839
4553,Actn4,3,1320.7944410070463,1695.956957417618
4554,Cnn2,16,1322.0449326499358,1566.5734831998184
4555,Morf4l2,88,1322.9203002274644,1556.2801164548782
4556,Malat1,83,1323.3407397286255,1666.1537076476534
4557,Malat1,83,1331.8653859741676,1651.663937065476
4558,Malat1,83,1332.457404412121,1646.2309365516526
4559,Malat1,83,1333.4775283209865,1661.3213602148949
4560,negative_control,1520,1334.1598979798164,1552.3208441394518
4561,Malat1,83,1335.2170362610252,1641.7923458219282
4562,Malat1,83,1336.926717616059,1657.0560626324864
4563,Hnrnpul1,60,1337.774254755799,1614.833908306406
4564,Malat1,83,1339.2473244993737,1663.0523558935156
4565,Il1rl1,69,1341.8417072011596,1627.3236368821558
4566,Actn4,3,1342.8846775068448,1596.4362624857488
4567,negative_control,695,1345.8423088758886,1686.5687923064836
4568,Il1rl1,69,1346.261894948605,1675.308017903904
4569,Rab5c,173,1346.7840332291507,1587.5912765808737
4570,Actn4,3,1347.1890366267653,1547.0208062878232
4571,Il1rl1,69,1348.5383669888988,1549.7508363100324
4572,Cnn2,16,1352.5600357296646,1712.1184880722371
4573,Actn4,3,1354.7380761101742,1551.98015805452
4574,Hdgf,56,1355.315421205348,1551.9335565194117
4575,negative_control,323,1354.5176766291474,1551.6803147476817
4576,negative_control,1534,1352.9627648113155,1551.405042430161
4577,Il1rl1,69,1354.5235679196066,1589.711062561676
4578,Ctbp1,24,1354.6896505693394,1589.5498658580457
4579,negative_control,1037,1356.7761397157576,1690.8313102083723
4580,negative_control,747,1356.60112090171,1690.776944317293
4581,Mmp14,87,1359.0598385981302,1634.1015177227782
4582,St13,220,1369.4734807561638,1544.2573246400852
4583,Tubb5,246,1370.9953187482724,1544.0158157600715
4584,negative_control,1512,1370.3687677275966,1544.874699877064
4585,Gsto1,54,1370.712567389971,1635.995043551677
4586,negative_control,1006,1372.7324541969394,1663.772048164504
4587,Mmp14,87,1374.6810248677327,1560.1105948724469
4588,Zyx,271,1373.5265815625237,1587.5330184541094
4589,Il1rl1,69,1374.7508672982908,1672.224445455546
4590,Actn4,3,1381.1909479417295,1587.28897858142
4591,Il1rl1,69,1383.6727246612363,1623.1483005672808
4592,Vim,261,1386.830081709477,1558.288060580675
4593,Lmna,77,1385.6236365027034,1558.4096203136748
4594,Puf60,171,1387.3695841165184,1561.14024974068
4595,Msn,112,1387.3284465449303,1560.260523285774
4596,Il1rl1,69,1387.5476995202937,1608.4721175308816
4597,Rab5c,173,1388.480523722499,1539.5338400062103
4598,negative_control,359,1391.5202664193066,1635.919212516265
4599,Tmbim6,230,1390.288101720756,1634.0909568818593
4600,negative_control,964,1393.0696299628096,1574.6987065235792
4601,Cnn2,16,1391.3724815016058,1574.4277490726024
4602,Cnn2,16,1392.336635525679,1552.7964603825908
4603,Actn4,3,1395.8432526913534,1677.3849496679163
4604,negative_control,1522,1398.2720486627925,1551.5937372842498
4605,negative_control,1099,1403.5501891284075,1618.3129089774902
4606,Il1rl1,69,1404.1872449583452,1650.76174155504
4607,Tubb5,246,1406.1811353865503,1651.3514789018272
4608,Zfp36l2,270,1404.5108996325976,1651.3436880020924
4609,Tcp1,227,1403.7857489935132,1651.4751112036056
4610,Cnn2,16,1404.695233305174,1679.3900558863943
4611,Aco2,2,1406.8080041873482,1665.551596655625
4612,Actn4,3,1408.045410351294,1561.7677904192635
4613,Actn4,3,1408.0098437270442,1569.2082389576428
4614,Sfpq,206,1407.9322901272749,1568.9651313903278
4615,Fkbp4,44,1409.255946095309,1568.239147934154
4616,Actn4,3,1408.2369757031577,1635.3228695702264
4617,Morf4l2,88,1411.9261554139882,1566.6041792009523
4618,Hspa8,62,1417.9261874329786,1571.8556315290257
4619,negative_control,1509,1418.977516262963,1569.468264163588
4620,Morf4l2,88,1419.4430052046105,1557.913062032506
4621,Sf3b2,205,1420.2203824363223,1538.3735736876536
4622,Cnn2,16,1421.4724727204962,1563.841340282127
4623,negative_control,1304,1422.5746905666338,1624.1955539606702
4624,Junb,71,1423.850234048774,1546.829642152096
4625,Il1rl1,69,1422.8212115638205,1641.7826372015998
4626,Cnn2,16,1424.3815030300848,1622.8189206315308
4627,Actn4,3,1425.5199611381402,1627.4420087827698
4628,negative_control,1038,1426.1272123663025,1627.3044593403008
4629,Actn4,3,1425.4391706049917,1554.5170513885687
4630,Rps6kb2,196,1425.5038008633285,1555.4397284283627
4631,Skp1a,207,1424.3838575184236,1554.510017834583
4632,negative_control,1578,1425.7550266960704,1556.5914486081656
4633,Il1rl1,69,1426.5725406574995,1576.119436489642
4634,Myh9,118,1426.311847698386,1584.4854906160767
4635,negative_control,1826,1427.5892802268372,1584.3775135361418
4636,negative_control,1099,1428.1786918967175,1546.7750343384162
4637,Morf4l2,88,1430.2873697170653,1560.1108599327367
4638,negative_control,1484,1430.987267018369,1532.7190402056194
4639,Actn4,3,1431.7557161522425,1505.2400282973067
4640,Morf4l2,88,1432.8591993382452,1597.8658396788735
4641,Actn4,3,1439.3958066793716,1615.34455464006
4642,Tubb5,246,1440.947368575899,1596.203552250543
4643,Ywhaq,267,1443.6636407549431,1636.4009294525154
4644,negative_control,1823,1445.453016725684,1548.3469673750765
4645,Actn4,3,1445.801963457967,1577.7522904492996
4646,negative_control,660,1447.7373137207564,1628.523293253877
4647,Actn4,3,1449.8256577822278,1629.920695748627
4648,Ubxn1,253,1449.4423119422318,1576.771130442589
4649,negative_control,1508,1450.738747174404,1590.3680805139595
4650,Actn4,3,1455.967943357607,1549.9111238415676
4651,Morf4l2,88,1457.8302435053513,1580.7120617136266
4652,Actn4,3,1457.9606847271552,1501.661638575148
4653,Cnn2,16,1459.25063562468,1606.4313519759755
4654,Mta1,113,1463.7898481321818,1608.6029542492056
4655,Cnn2,16,1465.2594894066665,1619.078702551143
4656,Actn4,3,1464.948700402385,1583.4475535541926
4657,Morf4l2,88,1468.5555295305776,1560.0559911241571
4658,negative_control,1846,1474.3850381244858,1515.50764697888
4659,Morf4l2,88,1474.2421802093054,1594.9661034978938
4660,Cnn2,16,1475.1898839945736,1471.6399109401084
4661,Morf4l2,88,1477.0282274547974,1590.032538631551
4662,Cnn2,16,1480.3695917237428,1548.7996374406102
4663,negative_control,987,1482.9647212081811,1559.7084946193115
4664,Cct5,10,1482.7464168214087,1559.6037747567004
4665,Morf4l2,88,1484.2108147561298,1497.3743789793357
4666,Cnn2,16,1485.4894610894864,1526.5808300075946
4667,Actn4,3,1485.869884926883,1582.2618282035348
4668,Actn4,3,1487.029375621523,1458.682165367607
4669,Actn4,3,1488.155113938532,1521.5712738216253
4670,Actn4,3,1488.5392254545309,1540.9020252373982
4671,Efemp2,30,1489.956636875913,1563.8746957073415
4672,negative_control,469,1489.8638853166103,1545.4845153123051
4673,Actn4,3,1489.9435182847683,1592.6333481032184
4674,Cct5,10,1487.9460866634147,1590.4732091806732
4675,Cs,20,1490.5210337240758,1591.6161442292
4676,Vim,261,1488.9039863044886,1591.4239687346844
4677,Cnn2,16,1490.9047282725237,1580.005950142535
4678,Morf4l2,88,1491.18525309493,1557.9721486563028
4679,Paics,137,1493.6341673752954,1482.8748490053586
4680,Rab5c,173,1495.0171591741723,1522.031356413216
4681,Actn4,3,1495.5509133111373,1493.5438397434325
4682,Rcc2,183,1496.68506883856,1588.1019089914023
4683,Vim,261,1495.7408348858091,1588.1674944948802
4684,negative_control,1591,1494.7339835415576,1589.6337136983393
4685,Lmna,77,1496.530183630617,1588.5494685327994
4686,negative_control,988,1495.77965723313,1571.978683730707
4687,negative_control,1520,1496.5449000864555,1572.286688500839
4688,Idh3g,66,1497.0815125382103,1573.3359397457843
4689,Actn4,3,1497.974478330755,1448.9003444007656
4690,Cnn2,16,1499.1131950819536,1537.5977040730177
4691,Actn4,3,1498.96389898121,1465.669046770788
4692,Fus,47,1500.7323959796531,1501.358698591563
4693,negative_control,1355,1502.1621361395664,1573.1777457928097
4694,Cnn2,16,1503.022728232279,1554.4211533662956
4695,Morf4l2,88,1505.6434102484757,1496.6974212295468
4696,Actn4,3,1507.6429791161418,1579.1000260434505
4697,Actn4,3,1518.851198675624,1518.9299200025075
4698,Actn4,3,1520.1820689436777,1543.815268131052
4699,Cnn2,16,1521.4975384257605,1556.3280645923485
4700,Cnn2,16,1521.6856189406053,1523.0910617191053
4701,Actn4,3,1525.8455310181585,1589.7859092276528
4702,Morf4l2,88,1528.1782393338108,1532.0032708747135
4703,Rpl18a,187,1528.2243533918572,1592.3064179387586
4704,Morf4l2,88,1531.0960486139006,1585.675839364692
4705,negative_control,1045,1540.1971000931233,1574.639777263566
4706,Actn4,3,1543.508051882664,1561.3825853927565
4707,Actn4,3,1544.520113721289,1578.5874936008472
4708,Cnn2,16,1552.5024126478584,1579.653049226988
4709,Morf4l2,88,1555.5300095737805,1569.3275452068324
4710,Cnn2,16,1565.1636300899856,1588.625039868035
4711,Actn4,3,1568.4576657293228,1553.7436809493122
4712,negative_control,1846,1569.2601856065362,1567.7556013930632
4713,Tubb5,246,1121.3914305361718,1722.7770356483295
4714,Tubb5,246,1120.8757808784007,1696.9385961705802
4715,Tubb5,246,1124.5469027009476,1773.918269734579
4716,Tubb5,246,1128.6448239235829,1775.7768014244905
4717,Uba1,250,1130.8734528334787,1741.5804453823685
4718,Tubb5,246,1135.6994194049462,1709.1661453086888
4719,Hspd1,64,1137.9240914335849,1770.120142206138
4720,Tsc22d1,244,1138.5500931051342,1722.5465802763547
4721,Tsc22d1,244,1139.1115943754664,1751.8065244321049
4722,Tubb5,246,1139.4624313603074,1775.0040162997066
4723,Aco2,2,1142.4550930272983,1768.5004989651457
4724,Tubb5,246,1143.40217465102,1680.0335651348018
4725,negative_control,304,1143.484456880155,1706.7294255501024
4726,Tubb5,246,1144.4946213693484,1666.2424412982543
4727,Fkbp8,45,1145.4636495624893,1782.6492195060564
4728,negative_control,915,1146.0634618748547,1743.0824576620353
4729,Ybx1,263,1145.2595032900012,1743.8107234821368
4730,Tsc22d1,244,1149.915114225058,1701.291750089429
4731,Npc2,128,1151.5080048220404,1720.9524261961728
4732,Jun,70,1154.7706467472028,1686.7254908084194
4733,negative_control,1011,1154.2947629719808,1763.092307978046
4734,Npc2,128,1155.6652275247925,1686.7001532883512
4735,Tsc22d1,244,1156.1171681444623,1738.698833651466
4736,Tubb5,246,1157.1181022055432,1688.7680471901317
4737,Vim,261,1155.2595944826198,1763.0176256444452
4738,Mtch1,115,1157.24079469364,1667.2015605851834
4739,negative_control,1373,1161.4609231939276,1672.2036925775678
4740,Hspd1,64,1163.0003345379685,1705.649810077913
4741,Nr2f2,129,1162.8402245136867,1678.5805345560889
4742,negative_control,1253,1163.9630423126491,1678.713803413546
4743,Vdac1,260,1163.0388542449127,1677.862514287442
4744,negative_control,920,1163.7762615208335,1678.7956569499895
4745,Hspd1,64,1164.4673450838068,1670.2430216957096
4746,Mrpl43,103,1171.2642165099078,1755.9636279628107
4747,Npc2,128,1172.3481689423677,1691.4474460172898
4748,Aco2,2,1173.4651105002758,1725.755685640172
4749,Mdh2,85,1175.164450964931,1724.8257016313328
4750,Mrpl28,97,1173.9993823799227,1725.7647083336883
4751,negative_control,1655,1173.5274545247944,1725.5732194636912
4752,Rps15a,191,1174.515246673834,1764.4754674047963
4753,negative_control,826,1175.376477170576,1676.8050576885826
4754,negative_control,987,1177.0980250325397,1679.08047509428
4755,negative_control,1268,1175.540781111354,1677.9343795564746
4756,Tnfrsf1a,233,1174.981777470098,1677.804098891368
4757,Cs,20,1176.477057101588,1677.7218807793345
4758,Prps2,155,1176.4056596749583,1661.6178903550162
4759,Hspd1,64,1177.8296884501367,1758.389540198213
4760,Npc2,128,1178.650506692612,1696.1018160053509
4761,Tubb5,246,1186.8882106806905,1517.1566083595612
4762,Rnf11,185,1187.1758755258345,1696.5501244316051
4763,Tubb5,246,1187.712659797492,1697.566664308698
4764,Ybx1,263,1186.4560932110326,1757.1219572181508
4765,negative_control,956,1187.977418762454,1715.8453778267249
4766,negative_control,1151,1189.1864108157522,1673.7215820080198
4767,negative_control,1658,1189.5434165144086,1673.5237687954796
4768,Tubb5,246,1189.8461683979533,1765.3673247276472
4769,Tubb5,246,1190.0739371176066,1541.1593051979985
4770,negative_control,1049,1189.1382754820638,1743.4974328034973
4771,Npc2,128,1192.9417556623166,1716.04104833285
4772,Tnfrsf1a,233,1194.9638038998382,1747.8522331039042
4773,Rpl18a,187,1194.2945380566416,1676.6466363336865
4774,negative_control,705,1196.9198857310048,1682.3167011105295
4775,negative_control,1481,1197.9286447345178,1668.8330803093045
4776,negative_control,1954,1198.3311294057964,1667.4769374011062
4777,Npc2,128,1200.3067186160986,1672.488063904782
4778,Tubb5,246,1201.0167921787845,1525.015057811294
4779,Tubb5,246,1202.5212102097717,1743.625723696345
4780,Tubb5,246,1202.691606184474,1515.2589961887757
4781,negative_control,1611,1203.284023076974,1685.268765381793
4782,Timp2,229,1209.9266213626197,1751.3344424990096
4783,negative_control,1591,1209.6062812564985,1752.1368887310462
4784,Vim,261,1210.608289389516,1734.8905379252906
4785,Fkbp8,45,1212.9124682991949,1650.1707594802097
4786,Fkbp8,45,1214.1228011029634,1607.7851600594413
4787,Ncl,121,1217.5278894419678,1732.4565399367889
4788,negative_control,1365,1216.702410837711,1732.8172354434553
4789,Hspd1,64,1220.427991302679,1609.3292731161516
4790,Npc2,128,1221.4256377681704,1694.8974770016328
4791,Tsc22d1,244,1221.2189770006744,1619.1195921050758
4792,Tubb5,246,1224.3698923634245,1502.3210434670243
4793,Tubb5,246,1224.7661621521547,1543.4685091939286
4794,Npc2,128,1225.7687524517305,1732.5153870814725
4795,Pdia3,140,1227.4549539119796,1607.765003558757
4796,Tubb5,246,1226.6378990589396,1628.117082399824
4797,Oaf,133,1228.350063219717,1618.872868810899
4798,Fkbp8,45,1228.421165382269,1663.6346847235982
4799,negative_control,1253,1228.6288654154005,1721.869608220837
4800,Hspd1,64,1230.0130741835192,1528.5012901786613
4801,Pdia3,140,1232.349872734224,1648.1950071390645
4802,Npc2,128,1232.5788340227352,1643.3303840022368
4803,Kars,72,1233.341947762238,1743.3628166645144
4804,Tubb5,246,1233.4933489253071,1743.351273790588
4805,Hspd1,64,1234.567322053246,1565.398289545421
4806,Ercc1,40,1235.5050393208332,1714.0002160996312
4807,negative_control,1591,1235.8371668052218,1713.3261264044022
4808,Ptgs2,170,1235.0029897068011,1610.6274226796274
4809,Npc2,128,1239.1548993424724,1739.885284054423
4810,Cebpd,12,1243.056532112301,1712.4610879776874
4811,Pdia3,140,1245.3365519108816,1600.6428297268817
4812,Pdia3,140,1245.7828063514717,1669.3892195691246
4813,Npc2,128,1247.334579687163,1672.1847111156735
4814,Rps15a,191,1248.677196248115,1579.3352850741996
4815,Hspd1,64,1249.9691719727343,1582.6273652948526
4816,Vim,261,1249.7444191704064,1557.7791424503048
4817,Npc2,128,1251.1274092996498,1626.666901379792
4818,Trps1,243,1252.918299029962,1715.8833646235116
4819,negative_control,1954,1253.2434739697703,1668.727687482793
4820,Tubb5,246,1253.1717535481928,1546.8148242424506
4821,St13,220,1253.2869082384068,1612.2402025999215
4822,Hspa8,62,1253.2166855261437,1612.2345568691094
4823,Rpl18a,187,1252.314401234667,1612.7439762321933
4824,Zyx,271,1252.719093471248,1613.4281710043524
4825,Hspd1,64,1255.187205404911,1539.5043785308726
4826,Prps2,155,1259.598551620142,1618.2102588466278
4827,Tubb5,246,1259.9095115965606,1603.4176385822934
4828,negative_control,633,1257.9155699240812,1602.7623335355938
4829,Fkbp8,45,1260.91431471635,1557.108603685162
4830,Snx5,212,1262.546723106946,1544.1644045109824
4831,Tubb5,246,1262.9900673217192,1680.998777630718
4832,Npc2,128,1262.5752957806358,1711.7498485243818
4833,Tubb5,246,1265.3238935566378,1675.6426395667725
4834,Vim,261,1268.1611911611467,1653.9729025510665
4835,Oaf,133,1268.310449913797,1653.681594689026
4836,Tubb5,246,1268.1289900737515,1538.2446893864555
4837,Tubb5,246,1270.9189545739075,1545.040368562004
4838,Hspd1,64,1271.0171088989368,1569.6572198161962
4839,Aco2,2,1271.4612311256394,1660.691616014659
4840,Tubb5,246,1271.9883483845065,1583.406125814395
4841,Pdia3,140,1272.9821743707323,1645.275356210272
4842,Hspd1,64,1274.5195075403542,1574.3947961212525
4843,Aqp1,5,1274.5831484079724,1606.794638881489
4844,Hspd1,64,1275.96755865591,1608.6800686558308
4845,negative_control,368,1277.5344370507555,1593.009183085003
4846,Ubxn1,253,1278.5538393431038,1576.5874691894974
4847,Tubb5,246,1278.7583238607476,1576.0339775149482
4848,Grina,53,1278.3967007531278,1576.264737425189
4849,Tubb5,246,1280.1034097751462,1548.41058833978
4850,negative_control,826,1280.1721642986697,1628.8029344009915
4851,Fkbp8,45,1280.8899528628,1719.569644523019
4852,Tubb5,246,1281.951872110624,1564.743696084804
4853,Hspa8,62,1289.9444500604952,1575.9499341511996
4854,Pdia3,140,1290.4095376582572,1715.50057292496
4855,Tubb5,246,1292.4375285642377,1603.9210359446388
4856,Aqp1,5,1293.4858522542274,1625.3629677174572
4857,negative_control,346,1293.9054454172028,1667.633086819937
4858,negative_control,1611,1295.5781799636543,1652.61819330947
4859,Tubb5,246,1299.4040834802242,1613.4795333590423
4860,Sdc4,202,1303.0659799198938,1593.5763911617355
4861,Tubb5,246,1302.40080420217,1594.525708594398
4862,Ybx1,263,1302.2292686390945,1709.1603865482557
4863,Aqp1,5,1307.143310297267,1571.0660040085786
4864,Mrpl43,103,1307.7380762559694,1634.604769742144
4865,Zfp36l2,270,1308.5293952680145,1710.044895194969
4866,Sfpq,206,1310.7766352573954,1718.0291384133272
4867,Tubb5,246,1311.3603274655256,1717.0800662301508
4868,Tubb5,246,1320.1625678811351,1708.6107977144625
4869,Ssr3,218,1318.480394509059,1709.3578182118447
4870,Hspa8,62,1319.3830717945066,1709.009220228479
4871,Ywhaq,267,1319.84300845872,1710.4167746891178
4872,Npc2,128,1321.8240231590994,1554.633822395914
4873,Npc2,128,1322.3163654519844,1544.5689875071948
4874,Npc2,128,1324.701119466052,1602.5060797401038
4875,Npc2,128,1324.7439821470562,1576.1813714512396
4876,Ppp2r1a,151,1328.790506541864,1648.4266192457362
4877,Tubb5,246,1328.6230778834904,1550.060473583072
4878,Pdia3,140,1332.472756430813,1634.8962174656035
4879,Tubb5,246,1334.3814442402293,1680.6694356373755
4880,Hdgf,56,1339.8706721574436,1666.3528525561192
4881,Tubb5,246,1340.636086898852,1672.6497911774272
4882,Mrpl43,103,1341.022762471276,1686.5931045948705
4883,Hspd1,64,1342.283521063693,1545.9230132469834
4884,Pdia3,140,1344.4759199010364,1639.0978394956687
4885,Tubb5,246,1345.078712181049,1564.3484031445307
4886,Tsc22d1,244,1345.262557789618,1552.4227823821443
4887,Tubb5,246,1345.6968735409796,1613.0614476320889
4888,Pdia3,140,1348.4055890469135,1658.9949890570133
4889,Hspd1,64,1348.8349526130062,1720.0744912005573
4890,negative_control,820,1349.0100070617991,1555.7002261880643
4891,Tubb5,246,1348.7903622291103,1549.9650482790585
4892,Uqcrc1,256,1353.6202682942258,1693.58036595374
4893,negative_control,1427,1352.5124078599947,1694.1164660448703
4894,Npc2,128,1356.7105238971335,1702.025739905936
4895,Vat1,259,1356.116591027736,1578.5682255403094
4896,negative_control,1735,1358.2802988931753,1589.9289556150982
4897,Npc2,128,1359.5199367531004,1713.464688244276
4898,negative_control,955,1362.4692591642324,1595.8824915106738
4899,Hspd1,64,1361.8853871086226,1688.632283440023
4900,Npc2,128,1367.255344456662,1645.0735118148625
4901,Mtch1,115,1368.8632161165613,1593.0615448841131
4902,Vim,261,1372.4479398400792,1654.621595397798
4903,Ncl,121,1371.3886859209608,1653.5473969977177
4904,negative_control,1299,1372.396650583821,1655.176508560635
4905,Fkbp4,44,1372.0726470651955,1654.0804727284117
4906,Ercc1,40,1372.2604632341613,1654.4956445079772
4907,Npc2,128,1372.216343148228,1592.830767666464
4908,Tubb5,246,1373.3327723703364,1540.1876192876873
4909,Npc2,128,1373.8086891893586,1639.8791167692711
4910,Tubb5,246,1374.7375426578358,1680.1979068602625
4911,Stip1,221,1373.1369538461831,1542.170480051965
4912,Mrpl15,93,1372.607460439699,1676.417458473844
4913,Tubb5,246,1375.3046874656525,1674.8296381532189
4914,negative_control,1090,1374.7182125337013,1675.6333405290025
4915,Tubb5,246,1376.2333011051935,1704.710840068916
4916,Mtch1,115,1377.9897729210993,1545.0558740663623
4917,Npc2,128,1380.333870257654,1608.5730524129224
4918,Npc2,128,1379.5244823296564,1643.6666520605295
4919,Ybx1,263,1380.769877229187,1665.3829689787708
4920,Lamp1,74,1382.9751632728655,1665.0882367405186
4921,Aco2,2,1381.264042645755,1665.4443591507004
4922,Ybx1,263,1380.799633422626,1599.9674546249655
4923,Hspa8,62,1380.839811554879,1599.6662069463086
4924,negative_control,1810,1384.4036067875402,1590.1636830050002
4925,negative_control,1328,1385.863582475056,1602.2491533222617
4926,Tubb5,246,1387.661775159745,1563.9306713377773
4927,Tubb5,246,1387.9932782808603,1558.6555210265628
4928,negative_control,1721,1389.4491294725517,1542.52164362578
4929,Tubb5,246,1389.5813127163517,1662.9724339566524
4930,Thy1,228,1389.8517998097918,1663.523667344931
4931,negative_control,368,1390.0289699883788,1670.3599690524818
4932,Pdia3,140,1390.4039713809184,1627.796861642095
4933,negative_control,1591,1391.367400219856,1631.1488719096978
4934,Rnf11,185,1391.0594927186148,1610.4561290548222
4935,Tubb5,246,1391.9281961470451,1559.5641663739189
4936,Vat1,259,1392.047769914559,1558.7236389039808
4937,Hspd1,64,1395.296568780684,1543.1863696152077
4938,negative_control,1573,1395.3308475783756,1543.3253724501749
4939,negative_control,1017,1395.268486318172,1542.2371341353105
4940,Fkbp8,45,1396.0966839664366,1619.0225899957582
4941,Ptgs2,170,1397.9409281112944,1600.7305248454993
4942,negative_control,1589,1396.54505971079,1600.2479499636456
4943,negative_control,807,1396.477472394803,1601.4923242848804
4944,Pdia3,140,1401.792528842715,1576.501315338718
4945,Tubb5,246,1402.2240162296412,1546.4237518720734
4946,Npc2,128,1403.0745394278883,1601.5739019637515
4947,Pdia3,140,1404.5612426952405,1561.9484752044038
4948,Mrpl43,103,1405.0615089661364,1682.2042426678493
4949,Tubb5,246,1407.4845913760064,1551.7551562814492
4950,Pdha1,139,1408.4530611749449,1552.342884763962
4951,Rpl18a,187,1407.37082475968,1668.6211259932106
4952,Timp2,229,1407.1096638401164,1670.560142864004
4953,negative_control,288,1409.1011056562038,1633.2196446558703
4954,Npc2,128,1409.586620122802,1601.5398351504634
4955,Mtch1,115,1411.7426528569265,1692.942959844756
4956,negative_control,1254,1412.1377662851432,1536.2978585701285
4957,Lmna,77,1412.4179864918397,1543.4584945725032
4958,Tubb5,246,1412.3161113686815,1543.737487454321
4959,Myh9,118,1413.0310822618414,1547.7398140371022
4960,Sdc4,202,1415.498064423367,1546.6211876164125
4961,Hspd1,64,1413.770684857528,1565.0453030586996
4962,Npc2,128,1413.622659410098,1576.2786930279133
4963,Fkbp8,45,1415.4868094881945,1587.875097932217
4964,Tubb5,246,1415.9880224468773,1542.9994094437334
4965,Tubb5,246,1417.0028245651563,1526.4711950318028
4966,negative_control,1591,1417.5412288498017,1609.087276803633
4967,Tubb5,246,1417.9311557416277,1658.08331751498
4968,Tsc22d1,244,1421.4702936299054,1516.2000194755335
4969,Ybx1,263,1423.5237393274542,1570.764650548082
4970,Npc2,128,1424.1417719303347,1574.8949099839167
4971,negative_control,1307,1422.91615130773,1575.88861146838
4972,Trp53,242,1424.1039205214274,1575.8233773865095
4973,Hspd1,64,1426.4435054117312,1632.3342588745336
4974,Tubb5,246,1429.108845102451,1558.7259569717037
4975,Ybx1,263,1429.0421512492169,1621.6109381960816
4976,Hspd1,64,1430.027932405006,1552.2264164173534
4977,Tomm40,235,1431.8252370859154,1502.6718609071058
4978,Sfpq,206,1431.8221233027648,1502.583620771054
4979,Vim,261,1432.2324335924714,1501.367038101752
4980,negative_control,842,1432.0197619632768,1502.883954335133
4981,Rpl18a,187,1432.474121346928,1520.3346470341812
4982,Hspd1,64,1437.998921297215,1573.909025103659
4983,negative_control,1880,1437.251473891023,1574.1589618255025
4984,negative_control,697,1438.549745984448,1570.2599468566575
4985,negative_control,786,1439.2446495290808,1571.610694248336
4986,Tubb5,246,1439.827397436787,1548.5322953185348
4987,Tubb5,246,1440.975268792631,1529.3620001841318
4988,Hspd1,64,1442.3081186061954,1588.6591089114113
4989,Tubb5,246,1443.9454767343168,1629.0748220900343
4990,negative_control,1373,1443.3569673781408,1610.9757314776962
4991,Tubb5,246,1446.004967874008,1522.9367224995306
4992,Hspd1,64,1447.9705320868286,1553.3362173743446
4993,negative_control,876,1448.442400338598,1550.4702332248446
4994,Tubb5,246,1449.3498996391954,1592.116373244645
4995,Hspd1,64,1451.6395189931152,1615.223257621447
4996,Hspd1,64,1451.5228385279374,1545.9588578318103
4997,Hspd1,64,1452.864486150319,1562.767022079952
4998,Mrpl28,97,1451.6538897060104,1545.2412672191049
4999,Vat1,259,1452.98271474864,1510.273331751176
5000,Zfp36l2,270,1454.752731630765,1588.4923554317747
5001,Tubb5,246,1456.1509508277013,1606.6895089427194
5002,Rpl15,186,1456.1514433069335,1560.2511815718008
5003,Tubb5,246,1456.6892491448314,1558.339940718245
5004,Psma7,161,1458.088888796745,1558.3054479206337
5005,Ubxn1,253,1457.6703775212875,1491.4841813431328
5006,Tubb5,246,1457.8746162267175,1495.7593690158017
5007,Ctbp1,24,1458.2456518183762,1536.0350255240269
5008,Tubb5,246,1461.0570310915464,1488.4586184485738
5009,Idh2,65,1461.7738143006618,1616.9964518422616
5010,Tubb5,246,1462.1092231678967,1623.5175027998928
5011,Hspd1,64,1463.9685879745314,1567.3717742730664
5012,Tubb5,246,1463.1165853336686,1572.8220003662252
5013,Hspd1,64,1464.4837942850163,1606.2049076421888
5014,Hspd1,64,1465.6300607747585,1498.9455478510008
5015,Csnk1a1,22,1465.415562643604,1499.675490116853
5016,negative_control,1725,1466.2899139390672,1490.5717018732212
5017,Hspd1,64,1467.4858567889037,1538.401321674794
5018,St13,220,1467.0839396869949,1538.3919842871046
5019,negative_control,460,1470.7196117319436,1582.6422856289648
5020,Mtch1,115,1471.3680450551506,1487.4222180624172
5021,negative_control,345,1469.0199413789146,1559.7985331123946
5022,Psmd4,164,1470.774381414746,1559.7559221304807
5023,negative_control,1810,1472.2019354449333,1560.2006446012929
5024,Tubb5,246,1473.1531176959284,1622.8957503637894
5025,Tubb5,246,1475.3948270538517,1522.8271690411505
5026,Hspd1,64,1476.0568415032208,1594.68251974306
5027,negative_control,1812,1476.9331572459937,1599.9828094786155
5028,Hspd1,64,1480.4561092145436,1525.8306273216338
5029,Mrpl28,97,1481.212358359879,1572.3964132764297
5030,Tubb5,246,1480.2662848052455,1572.7152136140514
5031,Sf3b2,205,1480.2894691436218,1540.4754211215609
5032,Mrfap1,89,1483.703970896725,1546.6877030678486
5033,negative_control,1954,1482.2105988583623,1545.9971050471645
5034,Tubb5,246,1482.434068350922,1577.298982807557
5035,Vim,261,1482.1359910086271,1583.6997799070489
5036,negative_control,1729,1483.1964817047733,1583.2316760004155
5037,negative_control,1729,1483.6722991771965,1507.6038102013233
5038,Tubb5,246,1488.314456301984,1488.970927777391
5039,negative_control,1842,1489.928857260699,1547.3900077290923
5040,Myh9,118,1492.3149350549056,1476.000016521235
5041,Ptbp1,167,1490.9089537943255,1478.8585341025791
5042,Fkbp8,45,1491.00810170886,1476.8779693407405
5043,negative_control,1723,1492.9154091472665,1581.7703408864093
5044,Hspd1,64,1494.873762491251,1557.867228836138
5045,negative_control,1584,1496.1090126264237,1530.4873938167411
5046,Zyx,271,1494.3532354346703,1530.8713678097524
5047,negative_control,1420,1495.3185295900944,1531.1017730201447
5048,Mtch1,115,1495.4629966430994,1599.8251367581684
5049,Rpl18a,187,1495.3558209972985,1553.9365139335637
5050,Mrpl43,103,1498.323649858709,1568.7154427769742
5051,Hspd1,64,1499.415672675887,1588.5776251814289
5052,Hspd1,64,1500.4993986065504,1583.7518898021542
5053,Tubb5,246,1503.068537859779,1530.4174001146107
5054,Tubb5,246,1503.5258077749252,1572.4645796730824
5055,Fkbp8,45,1504.653116617952,1521.483714292941
5056,Hspd1,64,1505.4017693453552,1479.3013133075574
5057,Tubb5,246,1505.9557432954994,1583.4031827942208
5058,Tubb5,246,1510.2312044706275,1544.999182068379
5059,Tubb5,246,1514.4807023331514,1546.7237949835012
5060,Hspd1,64,1516.309385518511,1563.139039529076
5061,Tsc22d1,244,1516.5038410921693,1547.5111294384571
5062,Hspd1,64,1516.8022474712857,1552.1435942001092
5063,Tubb5,246,1516.5252920123871,1579.5184240464096
5064,negative_control,698,1527.787807022864,1546.6251564783306
5065,Fkbp8,45,1533.6971292672265,1536.122308823103
5066,Hspa8,62,1538.6835286838614,1589.4378507285842
5067,Msn,112,1541.569176639793,1571.5545153378932
5068,negative_control,1897,1542.7888280492175,1573.1426977423998
5069,Ssrp1,219,1542.5455358994411,1572.8132644735906
5070,Hspd1,64,1542.6251966073987,1573.442437953332
5071,negative_control,664,1541.5510358608417,1571.8553835186522
5072,Kars,72,1541.2154412152925,1572.7573941746552
5073,Cebpd,12,1542.7152639264425,1571.9491382755973
5074,Tubb5,246,1542.8711797857477,1567.7160263102753
5075,Mtch1,115,1544.2845162670765,1557.2649185999862
5076,negative_control,1734,1545.190047112205,1583.694715123333
5077,Hspd1,64,1547.8886603670828,1564.9487740739332
5078,Tubb5,246,1548.0538123237066,1543.7473549195631
5079,Hspd1,64,1550.077362445326,1577.050954903982
5080,Tubb5,246,1550.3542909436587,1570.2274026438956
5081,Mrpl43,103,1552.574597962186,1548.5333573080927
5082,Vat1,259,1554.383865963452,1548.837511869404
5083,Tubb5,246,1553.4916660436456,1553.484076099065
5084,Tubb5,246,1554.6279560392952,1571.215046871033
5085,Hspd1,64,1554.392563909115,1585.2101043340087
5086,Vim,261,1561.599472703126,1581.666587672176
5087,Tubb5,246,1559.9791657677197,1581.2128341678967
5088,Cs,20,1560.4243658946343,1580.3391399174416
5089,Tubb5,246,1562.7272559063083,1605.0465057542172
5090,Tubb5,246,1565.363202235368,1582.672467738363
5091,Tubb5,246,1565.8915742952277,1563.608878115952
5092,Aco2,2,1570.6169169912002,1590.7613127215702
5093,Tubb5,246,1574.0477632016516,1564.0250590132373
5094,Vat1,259,1575.229827159647,1574.285065157516
5095,Tubb5,246,1581.7469058354409,1567.1086719176203
5096,Hspd1,64,1592.0912367598037,1565.454795602065
5097,Ncl,121,1068.9230563345425,1789.149215905879
5098,Ncl,121,1075.2005305610835,1649.2389694538515
5099,Ncl,121,1085.1225510321735,1644.3554553283775
5100,Stip1,221,1091.39022270178,1790.1923072044483
5101,Ncl,121,1096.3074935745235,1780.822215356818
5102,Ncl,121,1099.9627916181794,1647.7143286462558
5103,Ncl,121,1104.1141397895376,1746.5123751512042
5104,Ncl,121,1106.3917801044229,1787.7327331269037
5105,Rrp1,198,1111.7093521788936,1666.4344846491051
5106,Snx5,212,1115.4819577548071,1708.9379803334873
5107,Ncl,121,1124.689496690387,1707.4639356063367
5108,Ybx1,263,1125.7562300998625,1688.812286947984
5109,Ncl,121,1125.5224110231934,1688.395078987491
5110,Ncl,121,1126.7565390983937,1662.1714016091205
5111,Stip1,221,1126.6102677491997,1789.2422712099797
5112,Ncl,121,1129.4380540366735,1711.486472365532
5113,Rrp1,198,1130.43590464699,1743.1130747280356
5114,Psmd7,165,1132.038130708238,1723.8571906653383
5115,Rrp1,198,1133.1523416047612,1794.1547062094642
5116,Ncl,121,1133.1341265067088,1668.255246408536
5117,Trap1,240,1139.9147941480137,1773.2169908157998
5118,negative_control,1944,1140.178401970854,1702.4088000937982
5119,Vim,261,1141.7971332807429,1756.686232048622
5120,Eif4g2,38,1141.9699909611898,1756.9519753424763
5121,negative_control,964,1142.837855784063,1715.015387041815
5122,Ncl,121,1147.8011293992845,1666.7405710779356
5123,negative_control,587,1148.859089893094,1770.3198930871986
5124,Ncl,121,1150.5662580715227,1699.790354512504
5125,Rps6kb2,196,1153.0701808042966,1728.6092732525642
5126,negative_control,987,1153.5663995807424,1739.4209481259345
5127,Ncl,121,1155.4024154498634,1768.000281584814
5128,Snx5,212,1159.429918557187,1778.6881654213364
5129,Trap1,240,1160.1171401426122,1660.6616381216606
5130,negative_control,842,1164.4533300472508,1744.5122580972345
5131,Ncl,121,1166.6536925305188,1715.5071863039316
5132,Oxct1,134,1167.4295554973603,1774.777839610033
5133,negative_control,1880,1168.2270338523856,1747.1362735084392
5134,Ncl,121,1173.3951792861956,1759.64588516852
5135,Twist2,247,1175.289998266464,1526.9644233308677
5136,Ncl,121,1180.2122081095615,1665.9872655181518
5137,Rrp1,198,1183.3770454267574,1652.4123698205412
5138,Ncl,121,1184.4487166269732,1516.3646519955482
5139,Ncl,121,1185.181636008268,1737.395682898228
5140,Ncl,121,1193.5908919833485,1731.42136981582
5141,Ncl,121,1196.5084208733072,1529.4471765238936
5142,Ncl,121,1199.7701641990536,1513.5840105533568
5143,Oxct1,134,1208.1408456078314,1729.306034048474
5144,Stip1,221,1208.2640463562311,1619.0679532757158
5145,Ncl,121,1209.9781068822408,1526.1189636814374
5146,Psmd7,165,1210.5989649673754,1633.7362414055597
5147,Stip1,221,1214.2001491890485,1726.5591576988818
5148,Fxr1,48,1215.680625277017,1502.762442913451
5149,Rrp1,198,1215.868589845978,1637.8644560481396
5150,Snx5,212,1218.7988938459375,1666.98711476371
5151,Stip1,221,1221.491977677533,1625.8680324379093
5152,Ncl,121,1222.6208834513786,1710.855097907322
5153,Timp2,229,1222.6334192091865,1710.7817800761086
5154,Rrp1,198,1224.670918234077,1520.3504789401518
5155,Ncl,121,1226.366581311551,1503.7063792713443
5156,Rrp1,198,1228.2282209360387,1549.2136341184828
5157,Snx5,212,1229.8994835336375,1522.9228122433558
5158,Stip1,221,1232.8406958742826,1570.1122292421
5159,Hsd17b12,61,1233.4053621629512,1599.7583731011246
5160,Psmd7,165,1234.0714192841424,1711.225396195567
5161,Ptgs1,169,1235.5527952605714,1690.6302570009652
5162,Rrp1,198,1236.321710311151,1540.9089974277915
5163,Ncl,121,1238.1307589398748,1557.999803032216
5164,Snx5,212,1239.8585321369812,1567.6373844805732
5165,Eif4g2,38,1242.2659120822068,1740.235771729392
5166,Vim,261,1242.0371576059322,1740.611591489455
5167,negative_control,1274,1242.5782061898713,1738.769322098443
5168,Oxct1,134,1244.1750744507146,1564.6806338024223
5169,Snx5,212,1246.6690879638504,1711.167907145244
5170,Zfp36l2,270,1248.591991152124,1583.7492579832806
5171,Rad21,176,1249.9280525833638,1608.188979910094
5172,Csnk1a1,22,1250.4179776752433,1608.7265076215108
5173,Pgrmc1,143,1251.5416486421093,1711.590130553491
5174,Ncl,121,1250.848976272802,1711.738091081921
5175,Ncl,121,1251.1025357480253,1585.9553020671833
5176,negative_control,1451,1251.3672275910462,1582.8739705969035
5177,Psma7,161,1254.1402135138028,1560.5303081019667
5178,Ncl,121,1253.3251412792652,1561.0189095015503
5179,Ncl,121,1255.4424372283338,1711.9466645059576
5180,Ncl,121,1256.9120416313997,1555.9510778864965
5181,Rrp1,198,1257.442293943065,1624.504404765865
5182,Snx5,212,1257.8820489974385,1527.6730689891942
5183,Oxct1,134,1260.39643322138,1575.128717369369
5184,Ncl,121,1261.855076826558,1654.1951017233655
5185,Snx5,212,1263.690156495848,1588.7959511482948
5186,Ncl,121,1264.740744924204,1569.332451343465
5187,Ncl,121,1264.854201391832,1539.8745069322997
5188,Snx5,212,1266.4725980534984,1623.5122258048475
5189,Ncl,121,1268.514311975892,1721.505701351858
5190,Rpl18a,187,1275.607130465943,1561.5068336872723
5191,Ncl,121,1276.6308918888146,1560.696930908077
5192,Oxct1,134,1277.8496787931344,1713.423177306297
5193,Ptbp1,167,1278.3662713102292,1570.817519443989
5194,negative_control,615,1280.7865263663402,1724.144318572677
5195,negative_control,2060,1281.1480535348408,1722.2294364371069
5196,Rrp1,198,1287.3115050633287,1539.942978125987
5197,Fxr1,48,1288.463461830195,1603.7305965094329
5198,Fxr1,48,1289.3170304629962,1615.3125758201645
5199,Gsto1,54,1289.754479824734,1564.543451361641
5200,Ncl,121,1291.3300092569498,1702.8723993778344
5201,Rrp1,198,1293.516189416284,1681.746938010462
5202,Ncl,121,1292.9566228956303,1522.295187290798
5203,Rrp1,198,1297.6800239875945,1532.8108163897425
5204,negative_control,1274,1304.1048252262092,1716.5539485865495
5205,Ncl,121,1310.4362898178638,1622.5824770257602
5206,Hsd17b12,61,1310.7740331973669,1693.1253008649912
5207,Snx5,212,1317.414835365356,1608.5949679814494
5208,Ncl,121,1318.4883145608433,1699.0234503855731
5209,negative_control,985,1322.5863810815224,1558.158068305773
5210,negative_control,649,1322.6083303832345,1556.7128400713923
5211,Ncl,121,1322.7208283696875,1672.063398374061
5212,negative_control,1344,1325.176828692452,1551.3187746976455
5213,Snx5,212,1326.509919001688,1582.7324726873735
5214,Stip1,221,1328.3256685576382,1556.3273160186184
5215,Hsd17b12,61,1328.542798757609,1616.9234367175866
5216,Stip1,221,1329.8351707529182,1571.1663623782106
5217,Snx5,212,1336.5336689319586,1574.1053245286412
5218,Rrp1,198,1346.2689786071455,1646.7066454215435
5219,Ncl,121,1349.3653572254184,1547.7333633132034
5220,Ssr2,217,1349.8001545998286,1595.1264144581987
5221,Stip1,221,1350.6872264857388,1572.793106496793
5222,Ncl,121,1350.5252855115343,1552.6781832404342
5223,Ncl,121,1352.6631780898597,1694.2917543148656
5224,Ncl,121,1357.7936278488496,1695.382756747945
5225,Ncl,121,1357.4397751732463,1557.34506702278
5226,Psmd7,165,1358.686396841446,1617.4805997913093
5227,Psmd7,165,1360.0293226266688,1545.391115389318
5228,Snx5,212,1362.7000395403848,1600.423013317686
5229,Stip1,221,1362.7759780325262,1588.33236698035
5230,Ncl,121,1371.6354484942124,1619.919481967514
5231,Ncl,121,1375.5307948263228,1557.9493822326745
5232,Hsd17b12,61,1376.764467131968,1622.7144280612663
5233,negative_control,1820,1378.4222051228053,1548.301364855242
5234,Timp2,229,1377.5245161558178,1548.4474482879332
5235,negative_control,999,1377.3891997121896,1547.5546807806036
5236,Fkbp4,44,1379.9401115700489,1548.277756213933
5237,Ncl,121,1378.263095147649,1701.082072553464
5238,negative_control,477,1379.0657564641465,1587.6661169147144
5239,Ncl,121,1378.2474449845429,1634.7817893385234
5240,Vim,261,1380.3933420915796,1538.4169469040842
5241,negative_control,1584,1379.3822065297386,1586.6722075702723
5242,Snx5,212,1380.626687314928,1598.066944984074
5243,Ncl,121,1381.6380889304776,1542.4014161390137
5244,Ncl,121,1383.0486506426955,1561.8936597900042
5245,Ncl,121,1387.32049897659,1681.9358259766273
5246,Ncl,121,1390.7573124365244,1673.0697597884384
5247,Ncl,121,1390.1375825557582,1561.9377068128472
5248,negative_control,1584,1392.2127781207837,1631.202244402501
5249,Vim,261,1393.4440967859025,1535.3403550141022
5250,negative_control,1150,1399.3215333656954,1546.8535379714815
5251,negative_control,652,1399.4619675479364,1548.5397017055552
5252,Psmd7,165,1400.0149223443443,1533.1124237653576
5253,Snx5,212,1404.3603117809248,1643.603848695229
5254,Oxct1,134,1408.835421497724,1582.400834907981
5255,negative_control,989,1409.0459536564997,1597.210806402105
5256,Psmd7,165,1411.3866823082024,1672.1896580767764
5257,Stip1,221,1413.9424016291405,1550.4289824510438
5258,Psmd7,165,1413.5453659711025,1569.451143029638
5259,Ncl,121,1415.9602375404183,1574.5974737307797
5260,Stip1,221,1416.102663221984,1610.739517398706
5261,negative_control,1566,1418.126650949669,1585.0549368018142
5262,Snx5,212,1417.3203654432036,1659.4856928108534
5263,Ncl,121,1418.132280031239,1518.3054207096732
5264,Ncl,121,1419.4316337017626,1550.2046420055703
5265,Ncl,121,1419.3870647049516,1540.8074914998876
5266,Arf1,6,1420.5873249067313,1602.9421111269355
5267,Mrpl41,102,1419.970087023911,1603.4430853622146
5268,Ncl,121,1420.8376233427423,1576.8771031552146
5269,Snx5,212,1421.734051564897,1580.1799774298431
5270,Hdgf,56,1422.0290363451504,1524.003126102928
5271,negative_control,1584,1422.7265593828365,1524.4847127579849
5272,Oxct1,134,1423.3340210168576,1594.6811507199986
5273,Oxct1,134,1424.3003001798904,1600.001523110001
5274,Sfpq,206,1424.483665971135,1626.147470280586
5275,Stip1,221,1427.8653618731985,1623.138899485513
5276,Rrp1,198,1428.07397164153,1638.3774870467987
5277,Gpi1,52,1430.6435526327907,1513.860314121371
5278,Ncl,121,1428.5895300517388,1513.9825820208614
5279,Ncl,121,1429.6491358522435,1542.707417244803
5280,Vim,261,1430.202832530283,1542.1448281201838
5281,Ncl,121,1429.7265391427295,1545.9267092704135
5282,Ncl,121,1431.5898628777695,1582.17108598273
5283,Snx5,212,1431.5182843721914,1514.784372286975
5284,Ncl,121,1433.8157705341123,1548.6038998316455
5285,Stip1,221,1432.841644667445,1604.9831888297815
5286,Ncl,121,1435.0530293224226,1507.2624336288418
5287,Ncl,121,1435.7085089821094,1586.6244028069048
5288,Ncl,121,1435.6051199884807,1563.6572240594448
5289,Ncl,121,1436.381279933524,1539.8427046841084
5290,Vim,261,1437.3691679708145,1611.902330845357
5291,negative_control,1189,1436.719645357096,1612.8849716174773
5292,Vim,261,1436.6190737433535,1622.5936153710784
5293,negative_control,920,1437.372466924758,1623.0144881236258
5294,negative_control,1000,1438.9514635416754,1525.8642308959509
5295,Vim,261,1441.4023553129562,1529.6288805528677
5296,Eif4g2,38,1442.4110194068269,1530.3409200344795
5297,Ncl,121,1441.0349133775203,1610.897718246616
5298,Psmd7,165,1441.8189732343967,1552.0678621665877
5299,Rps15a,191,1440.0110807373565,1551.6417670821024
5300,negative_control,750,1438.6807878049897,1552.3739155195194
5301,negative_control,1634,1441.2271653549108,1553.1288142599233
5302,negative_control,303,1440.628716180578,1552.560934559611
5303,Stip1,221,1442.8767693013472,1586.92235524464
5304,Ran,178,1441.8695886517733,1565.0785324240524
5305,negative_control,940,1442.566057979659,1564.6660910487856
5306,negative_control,1451,1444.0156055052066,1576.5514670567018
5307,Ncl,121,1444.8533859212096,1582.7020939918998
5308,negative_control,520,1445.230932518245,1527.1695014291106
5309,Vim,261,1445.2051965094297,1592.5044564317438
5310,negative_control,1584,1446.253232004329,1593.7597111533353
5311,Ppp2r1a,151,1445.890941290735,1593.0752086529153
5312,Eif3f,35,1445.3758087860388,1592.0861626524884
5313,Hnrnpul1,60,1446.762906411633,1592.9767066710428
5314,Ncl,121,1448.6221263839093,1621.9298645808376
5315,Ncl,121,1449.4109275820942,1494.172985917602
5316,Snx5,212,1450.7318482197772,1562.559962128749
5317,Snx5,212,1452.7397927768138,1602.0733875162423
5318,Csnk1a1,22,1454.373753453196,1588.185825230671
5319,Oxct1,134,1456.4288029531272,1543.232757254615
5320,Psmd7,165,1457.6003488714682,1504.4467908107704
5321,Msn,112,1457.6140303286202,1499.161391099881
5322,Gpi1,52,1457.0203502246347,1498.6147917776943
5323,negative_control,1421,1457.749922333742,1498.840438460753
5324,Trap1,240,1459.6171595715782,1517.0836203100205
5325,negative_control,1993,1462.35916644553,1579.531600242603
5326,negative_control,842,1461.2961721053182,1580.1279070938888
5327,Fxr1,48,1462.044230701268,1523.221981702981
5328,negative_control,1451,1465.504497336938,1541.7292473673328
5329,Rps6kb2,196,1465.750757716479,1607.4736647154723
5330,Psmd7,165,1466.6090017058043,1578.652805183851
5331,negative_control,723,1465.474200122443,1577.39758780948
5332,negative_control,1266,1465.299735336105,1578.569395147845
5333,Ncl,121,1466.6572378073383,1591.2394692536734
5334,Oaf,133,1468.4213303446095,1580.0726669238295
5335,Stip1,221,1469.3697611529456,1596.4323748309823
5336,Ncl,121,1471.4822082753792,1479.0457725875776
5337,negative_control,992,1473.023045013458,1563.1356420022366
5338,Ncl,121,1473.799778940804,1485.1267924294837
5339,Ncl,121,1472.6167779738284,1600.1733918873808
5340,Snx5,212,1472.636621122884,1632.8949495943966
5341,Rrp1,198,1474.394922262591,1528.624069836182
5342,Stip1,221,1475.9798979401198,1583.2261808218548
5343,Ncl,121,1476.557922828293,1559.1497841239368
5344,Ncl,121,1477.6035822203592,1527.1019870503378
5345,Ncl,121,1476.8971738258865,1499.9341776610229
5346,negative_control,997,1481.1455646354182,1562.8325873577828
5347,Oxct1,134,1482.6692278075925,1504.9065802028215
5348,negative_control,1504,1485.764819500496,1561.7821083419244
5349,negative_control,494,1486.9934782448072,1563.023520308191
5350,Ncl,121,1487.6215076228325,1533.0242355675052
5351,Hspa8,62,1487.39946261141,1606.959473632986
5352,Srebf2,215,1486.5210309725865,1606.9060977595632
5353,Nr2f2,129,1487.231538596024,1606.650592330693
5354,Rrp1,198,1492.1143692959204,1464.8072048440492
5355,Snx5,212,1495.0126004029585,1489.7372043339876
5356,Ncl,121,1495.401400274047,1597.7814518491382
5357,Psmd7,165,1496.7441016774465,1585.3184194347093
5358,Ncl,121,1499.2819948162637,1560.8508303184096
5359,Stip1,221,1499.5062472522784,1464.9455607212142
5360,Ncl,121,1500.7790800435548,1496.4665751314162
5361,Stip1,221,1501.3070980928424,1506.4103781316176
5362,Ncl,121,1501.684511166343,1527.543273321966
5363,Rrp1,198,1501.695283176406,1546.9655844582712
5364,Rrp1,198,1505.1518504717262,1498.8688253825485
5365,Psmd7,165,1506.1803260257625,1487.103615460346
5366,Fxr1,48,1509.8384944621696,1524.447812357694
5367,Myh9,118,1510.0801870080204,1521.8063813876151
5368,Ndufs8,123,1510.27653708803,1557.9215871496442
5369,Hdgf,56,1510.232458742274,1559.072702190328
5370,Ncl,121,1512.0337904789146,1569.2590650202458
5371,Ncl,121,1513.4356259919073,1548.002529042771
5372,Oxct1,134,1517.6309855906425,1579.1893645365426
5373,Mrpl28,97,1521.403478559615,1589.0437520879734
5374,negative_control,1061,1520.8447039047226,1587.7807155581186
5375,Snx5,212,1522.3632694895052,1557.7174171982483
5376,Vim,261,1525.145166438488,1551.2205490618228
5377,Psmd7,165,1529.3844974670028,1588.8864415961873
5378,Ncl,121,1530.1326598872938,1543.2402663793391
5379,Ncl,121,1531.0541990407903,1526.1501106184871
5380,Mrps9,111,1534.953454707104,1572.6329137073258
5381,negative_control,1451,1534.5531011552364,1571.8709360746984
5382,Myh9,118,1536.7726433689854,1541.69384433673
5383,Ncl,121,1536.5867039055306,1543.3234318865257
5384,Oxct1,134,1536.8080755704395,1574.6948180851432
5385,Ncl,121,1543.6390857924494,1540.643612776703
5386,Ncl,121,1548.1114612859326,1575.8456908564303
5387,Rrp1,198,1550.992609631338,1566.8623775767308
5388,Snx5,212,1550.9264150389758,1579.3836393135225
5389,Hdgf,56,1552.5573330680068,1590.971965235979
5390,Ncl,121,1558.3256762739154,1550.4315516041904
5391,Ncl,121,1560.2671034852235,1569.7022189577556
5392,Ncl,121,1566.2725206797063,1588.4164821099262
5393,Psmd7,165,1568.2214834268989,1554.9777697980232
5394,Stip1,221,1569.601969210223,1573.959543631555
5395,Vim,261,1568.6172126809963,1573.9137231092627
5396,Ncl,121,1574.3703969298713,1560.3101135743218
5397,Idh2,65,1073.4965690495414,1637.5722023192077
5398,Ptbp1,167,1103.1442436645902,1778.1898328921288
5399,Uba1,250,1127.3265340698017,1783.885955627859
5400,Ptbp1,167,1132.2110593451353,1739.3567161303308
5401,Idh2,65,1140.7671745180528,1670.7969238744304
5402,Eif3f,35,1141.3039770804871,1660.060602434257
5403,Idh2,65,1142.0745527593435,1729.8044009833989
5404,negative_control,1709,1143.5679105311622,1683.795634303862
5405,negative_control,687,1148.177630354914,1758.5599884455603
5406,Ckap4,14,1153.8738300736727,1734.2978931106356
5407,Ptbp1,167,1154.40395440755,1781.9452102029195
5408,Ptbp1,167,1160.4765614162588,1762.5258469819323
5409,Hspa9,63,1162.5262899829788,1746.042613214756
5410,Ptbp1,167,1163.9080475535604,1667.1154754846616
5411,Ptbp1,167,1164.665282896207,1769.821170983374
5412,Ckap4,14,1176.3095672669615,1750.0674722058325
5413,Ptbp1,167,1179.5282494975552,1694.6755218979938
5414,Ptbp1,167,1180.5732516662845,1745.0263744305184
5415,Hspa9,63,1181.13576899825,1649.9072692513985
5416,Eif3f,35,1193.134500431031,1636.9354391629408
5417,Ptbp1,167,1196.9075108056163,1743.6947971677982
5418,Hspa9,63,1205.6178677104956,1553.4859241339022
5419,negative_control,803,1207.6621428747496,1731.7615375311948
5420,Ckap4,14,1210.7945394156848,1661.9776790642145
5421,Ckap4,14,1211.1717370849788,1621.0546088100082
5422,Timp2,229,1215.9499052744914,1642.2783192866948
5423,negative_control,1057,1220.1459493153825,1718.8397540888218
5424,Ptbp1,167,1220.9767860719949,1698.573602274747
5425,Hspa9,63,1221.1534669224718,1510.9512507974837
5426,Rad21,176,1223.0169589778886,1653.7613603639822
5427,Csf1,21,1223.1729889899257,1601.837750205085
5428,Vim,261,1224.7750486283187,1667.179275505353
5429,Ybx1,263,1225.1821629654276,1667.3421488242134
5430,Ckap4,14,1224.4386662149986,1669.2667281966787
5431,Cs,20,1225.869012965853,1668.927005281436
5432,Ckap4,14,1226.8615419626603,1680.821453725909
5433,Ptbp1,167,1227.1531559426312,1685.2068424252025
5434,Ptbp1,167,1227.1515087212863,1533.1219390404085
5435,negative_control,272,1226.8165511274206,1602.9329149573807
5436,Hspa9,63,1228.4655804881177,1568.143071971009
5437,Ckap4,14,1229.642639296881,1592.9352180604008
5438,negative_control,1710,1232.1451207343102,1682.7912814597355
5439,Lamp2,75,1232.756759149978,1702.9925480162613
5440,Uba1,250,1234.6602311382285,1737.768931653833
5441,Hspa9,63,1240.532933976486,1698.629828441893
5442,Hspa9,63,1241.615238004286,1542.8006471854526
5443,Ckap4,14,1245.7854665283278,1607.2174850032848
5444,negative_control,1710,1252.2469988114026,1599.9581207190945
5445,Hspa9,63,1251.850743274245,1736.3511814876008
5446,Ckap4,14,1252.6464825875066,1571.7930076484458
5447,Ckap4,14,1252.3400224272752,1721.1864295869707
5448,Ptbp1,167,1252.3942273028483,1689.762895853971
5449,Clta,15,1254.849040998039,1523.5675755872849
5450,Ybx1,263,1254.5243315523442,1524.1413562133653
5451,Idh2,65,1256.721653526253,1576.7796496244475
5452,Ptbp1,167,1259.4695476679703,1676.627724275661
5453,Idh2,65,1264.8285124786066,1610.1685117956442
5454,Rad21,176,1266.2995222989307,1565.8619036676355
5455,Hspa9,63,1266.7988880113562,1575.418408088495
5456,Ptbp1,167,1268.4112498700042,1532.2059693284034
5457,Rad21,176,1270.2430699202523,1714.886180468001
5458,Rad21,176,1285.4575690636384,1609.8572996171556
5459,Zyx,271,1288.9043968912806,1579.097191145661
5460,negative_control,1715,1288.693723011006,1579.0469049212404
5461,Uba1,250,1288.71477872095,1578.8374202593614
5462,Hspa9,63,1294.9159830387553,1619.866522670016
5463,Lamp2,75,1296.8244427978227,1582.585508103157
5464,Ptbp1,167,1297.2784481045098,1590.293471020852
5465,Igfbp4,67,1298.1340437738825,1563.193799877959
5466,Idh2,65,1301.5413402832337,1578.6797797939034
5467,negative_control,1665,1302.7024267768525,1596.053831693292
5468,Ckap4,14,1304.5778845236182,1652.329230899411
5469,Mta1,113,1304.909844429207,1652.892570466955
5470,Csf1,21,1307.4352439450358,1546.2293550889603
5471,Csf1,21,1310.8478427305463,1712.0636225625449
5472,Psap,160,1309.8267252187004,1713.486506801278
5473,Eif3f,35,1315.7982252682127,1578.4607043131416
5474,Idh2,65,1315.113116165726,1628.860878579405
5475,Hspa9,63,1316.691670226415,1653.1031963217376
5476,negative_control,1715,1318.5432310491235,1570.4954572494596
5477,negative_control,1401,1329.809854737152,1700.521801666458
5478,Ptbp1,167,1330.6944749478946,1695.2918932513949
5479,Idh2,65,1332.0435534587364,1621.7099748633043
5480,Tbrg1,225,1337.082682591462,1603.2630145906255
5481,Ckap4,14,1343.5539155145411,1670.1937157740288
5482,Csf1,21,1347.2458066367194,1614.065216171682
5483,Igfbp4,67,1352.2581626259578,1720.381772685436
5484,Ptbp1,167,1358.6748646846024,1664.226483343274
5485,Igfbp4,67,1358.8744501400452,1707.3800524423582
5486,negative_control,1712,1362.5986078550109,1577.606975403097
5487,Ptbp1,167,1362.757778710567,1672.5761936252625
5488,Idh2,65,1364.25412583945,1687.5220211695782
5489,Lamp1,74,1366.757477973988,1562.274169039434
5490,negative_control,1712,1366.3035635326955,1561.9668037501688
5491,Ptbp1,167,1374.5499300693696,1585.823748357067
5492,Lamp2,75,1377.3846319959066,1649.3174934637448
5493,Eif3f,35,1379.4619409034956,1662.4765125783024
5494,Csf1,21,1382.132924289194,1592.1630120352238
5495,Ptbp1,167,1383.4682288517497,1653.1082831791784
5496,Ptbp1,167,1386.1008951938588,1543.2824940037324
5497,Rps6ka2,192,1388.8102881909413,1646.1816428177565
5498,Hspa9,63,1396.9787869487532,1573.4661984433362
5499,Rad21,176,1400.7624281728204,1677.2249473214354
5500,Hspa9,63,1404.2616567198547,1669.9401544354382
5501,Ptbp1,167,1407.458171614692,1596.8648311910986
5502,Use1,258,1411.7689868229627,1600.705219312743
5503,Use1,258,1412.4390982723608,1559.885474781337
5504,Ptbp1,167,1412.9153184701124,1532.8094651041952
5505,Hspa9,63,1426.1726148644618,1557.8871645131137
5506,Rad21,176,1426.6375668250166,1584.5042791701069
5507,negative_control,655,1428.018782190674,1521.0849882157968
5508,Mrps5,110,1427.019095801419,1578.957282093408
5509,Ptbp1,167,1428.9972843570838,1539.251650837746
5510,Ptbp1,167,1430.760222664557,1643.272170244743
5511,Myh9,118,1430.155719374107,1641.8410181536278
5512,Ckap4,14,1433.039659208128,1620.097088484443
5513,Idh2,65,1434.3431268234397,1505.6531208303024
5514,Ptbp1,167,1434.6713323213958,1523.691355527083
5515,Hspa9,63,1435.6593297594004,1539.703295947469
5516,negative_control,1925,1436.93483100487,1614.3792210117454
5517,negative_control,1710,1437.3454388742866,1568.224891749538
5518,Ptbp1,167,1438.4766903009577,1534.0141703825002
5519,Ckap4,14,1439.2138950354142,1585.4603288040278
5520,Use1,258,1439.8639398269809,1545.0601274611986
5521,Ptbp1,167,1440.3900293211896,1538.60049308794
5522,Idh2,65,1440.76901575681,1601.3544615892602
5523,Hspa9,63,1442.105374463601,1599.5414236270274
5524,Ckap4,14,1443.759722083155,1604.96972262207
5525,negative_control,1711,1445.5453547147615,1551.4415843026727
5526,negative_control,941,1446.129184207074,1580.1191589998186
5527,Srm,216,1445.6906815429802,1641.830037246836
5528,Ptbp1,167,1446.9158091987233,1604.8503046902842
5529,Hspa9,63,1447.441528080303,1537.4838053862952
5530,Vim,261,1450.2521184225463,1594.58503766233
5531,Ptbp1,167,1449.6322595840336,1617.802654833563
5532,Clta,15,1450.4738198839434,1609.3008547262336
5533,Ptbp1,167,1451.8859990501287,1536.8620016917475
5534,Csf1,21,1453.5634053185968,1516.903995876501
5535,Ptbp1,167,1453.485534402217,1557.728200191215
5536,negative_control,448,1454.0530166468589,1556.156437141684
5537,negative_control,1400,1455.8893773488794,1607.506115981609
5538,Ptbp1,167,1457.2376274369826,1635.1997269104902
5539,negative_control,1057,1457.5401761598755,1507.2577679931533
5540,negative_control,1977,1458.377076097108,1507.0653765693414
5541,Hspa9,63,1458.1567737123723,1542.947885142319
5542,negative_control,1194,1464.7114306149126,1557.2002992394866
5543,negative_control,1596,1464.03091368821,1557.3321473684205
5544,Ptbp1,167,1464.7159225881956,1498.2992881800478
5545,Igfbp4,67,1465.5099295085456,1534.7477412316669
5546,Vim,261,1464.742475994693,1618.6824800093889
5547,Ppp2r1a,151,1466.1502720695887,1620.6495440999674
5548,Hspa9,63,1467.8959703811277,1577.3322381758744
5549,Eif3f,35,1470.2120344218142,1562.0245971667914
5550,Zyx,271,1471.691383942171,1601.3066923051758
5551,Rbbp7,181,1472.834529348841,1602.6497927142414
5552,negative_control,1324,1471.8167462637125,1601.3288000621774
5553,negative_control,1041,1474.3955218972628,1580.1529104298463
5554,Eif3f,35,1475.2771492287925,1505.4867378473205
5555,Vdac1,260,1479.6497379634195,1586.5030974149777
5556,negative_control,1712,1479.9248708213622,1585.9153775670625
5557,negative_control,1056,1483.457328834484,1488.767332440849
5558,Ptbp1,167,1486.6086190304115,1604.0888455724248
5559,Ptbp1,167,1486.458382102757,1533.1331873626257
5560,Cct8,11,1487.755153624907,1511.9235816622547
5561,Use1,258,1487.815482403522,1527.363569537607
5562,Idh2,65,1488.2636423416154,1562.0795640047058
5563,Hspa9,63,1489.5201547853817,1481.3093745376095
5564,Ptbp1,167,1497.6906298267618,1504.0617438657855
5565,Lmna,77,1498.0607484189247,1504.3226995292898
5566,Hspa9,63,1498.7157155896646,1482.0808718264843
5567,Vim,261,1499.5166250020382,1483.7590059308948
5568,negative_control,1710,1499.468120228132,1544.352797661941
5569,negative_control,730,1500.8983639904725,1558.3031962614823
5570,Eif3f,35,1503.5874811387212,1464.8233687166253
5571,Hspa9,63,1505.3448853161783,1577.0524692421486
5572,Ptbp1,167,1507.74137854505,1589.9372995553151
5573,Idh2,65,1509.9847915684973,1454.1057545198328
5574,Cs,20,1512.388597636102,1581.463689507354
5575,Hspa9,63,1514.8976511031349,1529.8904719962177
5576,Hspa9,63,1519.3967768141958,1552.9740272953654
5577,Eif3d,33,1518.8963607815615,1554.2771326927812
5578,negative_control,1703,1522.092967031552,1569.2105258297654
5579,Ptbp1,167,1526.195938438604,1573.4009170614092
5580,Idh2,65,1527.466947662438,1555.1234921909731
5581,Hspa9,63,1535.428419785255,1539.9801895508165
5582,Ptbp1,167,1539.2020904772544,1560.9052711516642
5583,Cct8,11,1542.0799679824609,1593.2432646287
5584,Hspa9,63,1545.4631789036105,1562.8988337630008
5585,Idh2,65,1547.6931433093173,1554.5637635710823
5586,Idh2,65,1555.7576039351984,1583.2316111213831
5587,Ptbp1,167,1558.533031966139,1549.900531839725
5588,Hspa9,63,1565.1854090930697,1576.765728801122
5589,Ptbp1,167,1575.7424995051808,1580.640446990868
5590,Dpy19l1,27,1091.351536724927,1785.1655127631266
5591,Polr2e,148,1122.173050493032,1790.389483278376
5592,Puf60,171,1122.9357567085804,1706.4993923612292
5593,Fgf7,43,1124.4750347337836,1705.1726126601054
5594,Sat1,200,1132.880460543624,1715.8417877608888
5595,Vim,261,1139.3801794998851,1762.5762998611644
5596,Ybx1,263,1138.975206608252,1762.0053675248323
5597,Gsto1,54,1149.6814743024224,1771.8962029416246
5598,Csnk1a1,22,1148.0553876376152,1771.086309379682
5599,Fkbp4,44,1150.0235376660703,1776.730700906991
5600,Mbd3,84,1159.5027547176132,1679.524014088801
5601,Gpi1,52,1162.0570282361398,1718.0703627940468
5602,Laptm4a,76,1164.0788698192644,1689.865587494228
5603,negative_control,1830,1174.1972998109998,1742.2664622057673
5604,Mbd3,84,1179.599968182899,1770.5721684388684
5605,Gpi1,52,1183.0168528002062,1734.369388926984
5606,Mbd3,84,1183.9310556441503,1664.4393491951412
5607,Lrrc59,79,1184.58655942436,1663.3972699727717
5608,negative_control,763,1185.6924550331255,1752.0020123602558
5609,negative_control,444,1185.5671630163874,1667.330679907145
5610,Mbd3,84,1186.1511958909616,1682.6996622074023
5611,Gpi1,52,1186.717150056341,1728.1528660839087
5612,Mbd3,84,1190.3484990710288,1723.9210533481078
5613,Gpi1,52,1193.134680078988,1705.7235545496735
5614,Dpy19l1,27,1199.787265860232,1742.3924703155055
5615,Mbd3,84,1203.7465740029947,1551.2982871244958
5616,Gpi1,52,1205.8701774809688,1659.8172324513428
5617,Gpi1,52,1210.454488921891,1747.4834347348246
5618,Mbd3,84,1210.8021769448726,1695.233502930654
5619,Mbd3,84,1212.5498533025454,1705.433470196107
5620,Lmna,77,1216.9654884733025,1632.855095122767
5621,Gpi1,52,1215.880003589637,1633.1255867789298
5622,Mbd3,84,1217.2541722168623,1628.9617926505546
5623,Gpi1,52,1220.884617979168,1729.360647495139
5624,Mbd3,84,1223.4469832514264,1643.15019540984
5625,Sec13,204,1225.7696492486157,1632.9431008979932
5626,Paics,137,1224.577239028392,1633.0228700760797
5627,Vim,261,1224.390440468169,1633.91365585995
5628,Tnfrsf1a,233,1224.9270264288782,1633.306448038777
5629,Sdc4,202,1226.9266962872157,1632.4736875702888
5630,Gpi1,52,1224.657801085072,1633.4431673518025
5631,Gpi1,52,1225.9602997314355,1697.9031828152506
5632,Gpi1,52,1227.4639199491503,1634.310280728691
5633,Mbd3,84,1233.0732970918896,1519.8074043224658
5634,Thy1,228,1236.1899519223225,1739.1860463593082
5635,Mbd3,84,1234.583138914963,1511.2103993809878
5636,negative_control,455,1241.9174764949826,1559.7599870224992
5637,Polr2e,148,1279.5935242732814,1719.81761394772
5638,Mbd3,84,1283.238674254385,1547.6592891671608
5639,Rcn3,184,1291.460348241927,1608.0897160863783
5640,Gpi1,52,1291.358803407804,1633.9349157549343
5641,Polr2e,148,1294.9680943557337,1562.9107305501725
5642,Polr2e,148,1299.6938951836014,1614.6395934765833
5643,Mbd3,84,1301.4356544919578,1565.1541497638273
5644,Mbd3,84,1302.0985978227102,1651.5135405313315
5645,Sat1,200,1303.5824386471809,1592.3471166524637
5646,negative_control,762,1306.1172809971836,1554.8506894923794
5647,Polr2e,148,1312.7308976814877,1560.4290833856649
5648,Sat1,200,1317.2831334948398,1687.3560745378077
5649,Mbd3,84,1326.218189036978,1679.5744566225096
5650,Gpi1,52,1328.8415951324853,1607.008362576631
5651,negative_control,769,1334.075413001112,1552.9769993619138
5652,Gpi1,52,1340.1612946568196,1612.9951058821898
5653,Polr2e,148,1341.2005245643782,1624.1606395315282
5654,Gpi1,52,1351.7059289763858,1651.811583587874
5655,Polr2e,148,1352.897686863614,1709.6999363850114
5656,negative_control,1672,1357.5837511404989,1675.5982231825474
5657,Rcn3,184,1357.9737919137406,1561.6056270569593
5658,Gpi1,52,1371.0543709984802,1543.0421279363904
5659,Gpi1,52,1371.961226735077,1539.944087853849
5660,negative_control,1785,1371.9645458341363,1546.1433745183804
5661,negative_control,1275,1376.348472257985,1676.2561100869473
5662,Vim,261,1378.00824552193,1709.073049813892
5663,negative_control,524,1379.924028949965,1566.000567195653
5664,Csnk1a1,22,1381.8417947026644,1620.6294058812232
5665,Gpi1,52,1383.0563018822522,1621.467969869008
5666,Ywhah,266,1382.466848957267,1621.5467863707909
5667,Gpi1,52,1394.5702402616234,1591.2005034601098
5668,negative_control,471,1395.7600322760934,1590.983531825496
5669,Gpi1,52,1397.7096944221853,1557.4438375664158
5670,Mbd3,84,1399.3469875166838,1549.1244391670598
5671,Mbd3,84,1416.947435988161,1572.392386953361
5672,Mbd3,84,1428.891858817832,1564.701409963312
5673,Rcn3,184,1434.1448593516943,1630.1866732877356
5674,Polr2e,148,1434.435783757603,1570.0551517674126
5675,Mbd3,84,1439.6671109693325,1573.507371315674
5676,Sf3b2,205,1440.5695833235643,1626.773659936788
5677,Gpi1,52,1445.6363346376763,1606.294199495585
5678,Polr2e,148,1450.3103816263028,1531.070684714637
5679,Mdh2,85,1450.8769991228598,1599.024979263819
5680,Gpi1,52,1450.9204089731015,1597.955887345334
5681,negative_control,292,1452.0603259679528,1540.8963581635758
5682,Gpi1,52,1457.7518031530772,1539.9814085208172
5683,Polr2e,148,1457.4368838585146,1599.3606956551173
5684,Gpi1,52,1458.3690070498278,1531.979198795762
5685,Gpi1,52,1462.2850826407532,1634.81092518752
5686,Mbd3,84,1469.6979994964995,1561.9306875358188
5687,Gpi1,52,1470.0709490354202,1622.5634267331718
5688,Mbd3,84,1473.11727169646,1581.114559836674
5689,Mbd3,84,1472.8169131394898,1627.5264087414885
5690,Rpl15,186,1478.3792407029996,1503.69770655042
5691,Polr2e,148,1477.6867179629974,1536.5177515389414
5692,Gpi1,52,1480.963493453943,1561.1477877683578
5693,Mbd3,84,1483.863069929297,1546.5705067047863
5694,negative_control,755,1484.9645914183309,1469.5740667165023
5695,Sat1,200,1486.248419882874,1564.686508364842
5696,negative_control,757,1488.17722095135,1598.497104569051
5697,negative_control,767,1493.2273770510988,1480.8836209542735
5698,Rpl18a,187,1495.446994500509,1481.1375178323942
5699,negative_control,756,1495.623729713353,1462.7547426814513
5700,Gpi1,52,1509.2587041567826,1592.6720457109684
5701,Polr2e,148,1515.0271476911864,1474.9131509498336
5702,Fus,47,1521.0891807628702,1521.8946891980347
5703,Gpi1,52,1528.249016731581,1557.792104513513
5704,negative_control,764,1530.1660579820675,1552.1802160523737
5705,Mbd3,84,1553.581113798181,1577.590567671812
5706,Mbd3,84,1557.9361531903469,1578.862809930362
5707,Mbd3,84,1560.9086953901283,1561.210744925164
5708,Gpi1,52,1567.3153528821197,1573.2488139150485
5709,Mbd3,84,1580.8868868078107,1563.3467865450534
5710,Vat1,259,1094.3464852225875,1739.373113104658
5711,negative_control,1325,1122.5431684741782,1708.3174797591664
5712,Junb,71,1138.5489081255014,1760.8796637619432
5713,Junb,71,1143.2514950250325,1760.338266045988
5714,Vat1,259,1147.5685747748676,1793.3483773909763
5715,Vat1,259,1149.8202226210713,1737.3361005616584
5716,Vat1,259,1151.1825892099373,1698.8776762332946
5717,Vat1,259,1153.2823486449363,1694.8758553012383
5718,Junb,71,1154.7704296219565,1752.8886750310403
5719,Rcc2,183,1157.1854225643544,1692.7049430803522
5720,Vat1,259,1160.0924615306794,1664.999041464239
5721,Rcc2,183,1161.506084580256,1778.1162519918707
5722,Vat1,259,1164.4172195261297,1665.203332790093
5723,negative_control,1637,1165.272323184475,1725.9488120212077
5724,Rcc2,183,1166.7340601680148,1666.491848565357
5725,Vat1,259,1171.019876297764,1776.2219811300838
5726,Vat1,259,1172.5932653231305,1655.00648964216
5727,Vat1,259,1172.5247136697933,1661.8352214908457
5728,Vat1,259,1178.6289397647172,1727.3187508700491
5729,Vat1,259,1178.9807512885172,1762.0533732321585
5730,negative_control,1634,1179.2753001364151,1692.9201405993672
5731,Vat1,259,1183.4224680511925,1709.330260789338
5732,negative_control,1092,1185.3187077860955,1742.629440255002
5733,Vat1,259,1186.6459199612316,1758.164701311516
5734,Vat1,259,1186.1640865485267,1703.151676733577
5735,Vat1,259,1188.6206168268686,1534.9881528727042
5736,Junb,71,1189.6462661991336,1659.5368633743212
5737,Lrrc59,79,1191.80079204971,1760.51409687632
5738,negative_control,1876,1193.1466177687596,1740.5956600871004
5739,negative_control,1626,1192.7844419742582,1741.5290861319695
5740,Vat1,259,1199.1768057662516,1526.356653939657
5741,negative_control,704,1201.1871145052796,1715.2573127210271
5742,Vat1,259,1201.00094763547,1632.7798697573812
5743,Junb,71,1204.638343325884,1551.7067108947465
5744,Junb,71,1205.122821267031,1744.6900282520992
5745,Junb,71,1206.6650661700955,1727.472605284308
5746,Vat1,259,1210.2649562416543,1544.720259366177
5747,negative_control,868,1211.779778253916,1753.9078673580866
5748,Cited2,13,1215.101783200119,1564.0950407721357
5749,Sec13,204,1215.4868364595088,1680.451321474197
5750,negative_control,1630,1216.766281539109,1719.7230903873822
5751,Cited2,13,1219.8855031906394,1524.3579841622736
5752,Vat1,259,1219.8895594878431,1665.6458596631933
5753,Vat1,259,1220.706341402352,1652.626080747611
5754,negative_control,1639,1221.3424191857816,1733.3864801875225
5755,negative_control,378,1221.5938228853272,1719.462417324825
5756,Paics,137,1222.090489225817,1720.9034733147728
5757,negative_control,729,1220.8492757123536,1721.6234090147907
5758,Vat1,259,1223.2448310717714,1555.7999407920115
5759,Vat1,259,1224.13059772934,1604.7404075587892
5760,Junb,71,1229.037295239748,1504.7719567894608
5761,negative_control,1320,1232.5496712265376,1550.5683774314548
5762,Sec13,204,1232.0217556936238,1550.3260453368453
5763,Ppp2r1a,151,1232.2571461323964,1549.9470289530825
5764,Idh3g,66,1230.2374387763896,1550.074623333912
5765,negative_control,1869,1233.1807333725828,1725.918191476076
5766,negative_control,1628,1233.543216597986,1675.664709754279
5767,Tcp1,227,1233.77535338157,1681.7694620345242
5768,Vat1,259,1234.6637326486389,1528.3065411108623
5769,Vat1,259,1233.9498572310335,1570.2959132388523
5770,Vat1,259,1239.63034109068,1480.4132383996064
5771,Rcc2,183,1239.9078933149826,1566.008255503058
5772,Top2a,236,1240.4593589732249,1690.1180349867936
5773,Junb,71,1241.8420967283714,1526.2273780882192
5774,Cited2,13,1245.3709557215527,1679.9054640926054
5775,Rcc2,183,1246.0163876438778,1548.6560531199175
5776,Rcc2,183,1246.809733632516,1605.8617127708364
5777,Rcc2,183,1247.5882850542118,1683.6016918594244
5778,Vat1,259,1247.6941534140385,1578.4938809645166
5779,Thy1,228,1248.1012302682489,1600.177515481245
5780,Myh9,118,1256.1330674338988,1544.618014094879
5781,Trp53,242,1255.94372812118,1556.4116714314046
5782,negative_control,1352,1256.2182536940911,1557.6050106431876
5783,Junb,71,1255.494337547878,1556.845137948239
5784,Junb,71,1257.706973510641,1729.915797306333
5785,Vat1,259,1264.9024141644652,1730.297137863439
5786,Vat1,259,1265.1024924808617,1612.6286020164894
5787,Cited2,13,1265.0073185014944,1715.6061126460731
5788,Jun,70,1265.0035976545505,1715.0557567921917
5789,Junb,71,1266.1016829566308,1588.1147946045958
5790,Vat1,259,1271.9294451131864,1571.9575315309548
5791,Junb,71,1273.369225831354,1728.4833785369717
5792,Ybx1,263,1276.3457920236467,1716.7302367422835
5793,Rcc2,183,1279.2004507291565,1527.17001604592
5794,Tcp1,227,1281.1465020313085,1621.167587208445
5795,Rcc2,183,1283.0322455731257,1542.360121044052
5796,Rcc2,183,1283.750146664171,1574.420314285529
5797,Cited2,13,1285.980545160354,1671.5289022122852
5798,Junb,71,1286.7821779863016,1554.4235814020103
5799,Vat1,259,1286.4518671605344,1564.7179086167198
5800,Vat1,259,1287.6524910375276,1717.2391297618278
5801,Cited2,13,1288.5075373247691,1682.215787676821
5802,Vat1,259,1290.7859980285134,1562.2441023301185
5803,Rcc2,183,1294.7024708747444,1723.279403213755
5804,Junb,71,1299.1755266550692,1717.1786436716784
5805,Vat1,259,1304.735401705262,1539.991844062465
5806,Vat1,259,1306.8323246583434,1577.4261381483998
5807,negative_control,1630,1311.8828971332164,1560.4923791869955
5808,Vat1,259,1311.4048590810144,1567.4166030383649
5809,Vat1,259,1312.7451221765132,1556.2599097720924
5810,Cited2,13,1327.885513262924,1553.5780269088752
5811,Vat1,259,1353.3900460662244,1570.01265779698
5812,Vim,261,1355.522394685247,1544.5263914519676
5813,negative_control,1891,1356.9486212381023,1668.5271967103854
5814,Vat1,259,1358.467131836705,1646.2436223682196
5815,Vat1,259,1358.6143913697483,1581.7530988632286
5816,Thy1,228,1364.554190970911,1708.7573065232823
5817,Vat1,259,1366.2157169380696,1595.3477556863068
5818,Vat1,259,1366.2192668722864,1606.984213907455
5819,Fus,47,1367.94230678472,1675.303083529816
5820,negative_control,377,1376.9130880490804,1576.136960762928
5821,Junb,71,1376.464550075071,1665.7189401142318
5822,negative_control,1021,1384.6190480861935,1653.0825303015197
5823,Vat1,259,1389.0340072556996,1667.9160885948286
5824,Junb,71,1393.3637551001152,1531.717651626736
5825,Cited2,13,1406.1161322533578,1539.5982494275524
5826,Tcp1,227,1407.6173588967083,1531.5955586730329
5827,negative_control,1635,1410.316813126346,1568.159072444112
5828,Tcp1,227,1411.9653355477485,1670.2941116447278
5829,Vat1,259,1414.4954926225305,1646.4604077219385
5830,Vat1,259,1415.015052592452,1591.5284242761306
5831,Ppp2r1a,151,1421.904876577699,1630.0806754080545
5832,Vat1,259,1423.5667508887643,1630.5909392043443
5833,Vat1,259,1424.529357076511,1611.0829491931645
5834,Cited2,13,1425.5974249688988,1644.0487091086914
5835,Cited2,13,1426.6964609288514,1627.5436134027052
5836,negative_control,1685,1429.93953914447,1619.5734628015236
5837,negative_control,1290,1430.5752806136784,1619.6376880672155
5838,Ercc1,40,1430.1520454111287,1619.3170999540746
5839,negative_control,1636,1435.9542616374465,1546.3547346007265
5840,Junb,71,1438.3910897718529,1597.4318389030673
5841,Vat1,259,1442.3960204524278,1550.4268119735823
5842,Rcc2,183,1445.6346108490277,1642.0612875363545
5843,negative_control,1638,1446.668114211535,1528.2768398156272
5844,negative_control,1630,1447.6519163745857,1519.0455796907352
5845,Rpl15,186,1449.9269637723844,1588.152423569556
5846,negative_control,1325,1453.1276999044037,1587.8420512191235
5847,Vat1,259,1455.145907087865,1564.179144147085
5848,negative_control,1226,1455.490626595935,1571.872293907792
5849,Rcc2,183,1457.2123029167724,1503.919195262979
5850,Mta1,113,1455.5447902095884,1624.9043656444396
5851,Vat1,259,1457.305492062559,1625.6002295369358
5852,Rcc2,183,1457.168918085807,1632.172830007515
5853,Vat1,259,1461.272000864872,1515.502133976605
5854,negative_control,1226,1465.970043716124,1607.8808228470846
5855,Vat1,259,1466.641750275373,1596.661657647143
5856,negative_control,1325,1466.4086571873495,1515.8834249156826
5857,Junb,71,1467.32274448571,1625.994011719972
5858,negative_control,1757,1467.9378445156535,1493.800172148246
5859,Vat1,259,1468.0905541562597,1614.249041815584
5860,Vat1,259,1469.8274032876016,1607.7592853749873
5861,Cited2,13,1472.7702101862103,1566.915773548139
5862,Vim,261,1472.4973882841896,1497.7390290736157
5863,negative_control,868,1472.283678129572,1537.2579570708103
5864,Rcc2,183,1474.303331191159,1514.0247521112574
5865,Vat1,259,1476.8148307621864,1501.4407037936408
5866,Rcc2,183,1483.2585902248502,1585.5156365386165
5867,Vat1,259,1486.0864004197647,1573.856654747707
5868,Vat1,259,1487.7898628750663,1592.9191392877776
5869,Junb,71,1492.2852221149403,1490.2182893060285
5870,Hspa8,62,1496.7180762965845,1506.7049020026066
5871,Vim,261,1496.6357610501598,1506.1412274200131
5872,negative_control,1131,1496.3667806102762,1505.547135014339
5873,Vim,261,1496.5529973568182,1529.0570467339876
5874,Vat1,259,1496.9669391215257,1528.9064455628604
5875,Vat1,259,1497.68079217052,1572.5610937761985
5876,Rcc2,183,1499.640083662132,1529.3959905723796
5877,Junb,71,1501.2101279639758,1585.4133757571126
5878,Vat1,259,1501.9441274071412,1571.398306782814
5879,Tcp1,227,1502.1014205029833,1595.413376248085
5880,Cited2,13,1512.7346221979558,1525.7532962147038
5881,Junb,71,1514.4866560304447,1562.6108086379852
5882,Vim,261,1515.777675015143,1562.6370454247906
5883,Vat1,259,1519.610399405951,1545.506498686074
5884,Junb,71,1522.1626671176,1537.4889884742656
5885,Rcc2,183,1523.825571454552,1520.9934975611327
5886,Vat1,259,1530.379611672481,1564.167615432567
5887,Vat1,259,1535.4808961654323,1538.075817660857
5888,Vim,261,1537.3494631722872,1569.141786071599
5889,Vat1,259,1546.3218718776168,1574.2980530874288
5890,Cited2,13,1548.1892979191712,1533.7649001148366
5891,Vat1,259,1567.4872346482591,1584.45064774771
5892,Vat1,259,1581.7350771250271,1569.3739797538112
5893,Vat1,259,1585.4103028441957,1565.209745868059
5894,Ptgs2,170,1073.4473294939855,1792.1401110874915
5895,Efemp2,30,1088.7836889412745,1651.6782144359552
5896,Efemp2,30,1118.6649282910898,1771.295554182591
5897,Pgrmc1,143,1120.5617854868722,1709.221557009997
5898,Efemp2,30,1137.037981546318,1674.7887013641043
5899,Ergic1,41,1161.5266497563462,1709.2374154043969
5900,Ergic1,41,1162.827558370799,1703.882307540552
5901,Mrps18b,106,1177.2938647014046,1663.8284982049868
5902,negative_control,816,1176.4905704195387,1664.5852294552478
5903,Ergic1,41,1176.5229387569195,1691.211280575866
5904,Ergic1,41,1176.9353681244515,1648.079195256458
5905,negative_control,1919,1185.5539747545145,1647.0816275149043
5906,negative_control,781,1186.2907914161342,1677.2066874250152
5907,negative_control,682,1185.9307041604727,1677.5951252953505
5908,negative_control,673,1187.6426079843145,1646.597512561324
5909,Ptgs2,170,1189.004384688102,1714.9580603606298
5910,Hdgf,56,1201.0123800577444,1625.5860154326476
5911,Efemp2,30,1200.6492371997842,1625.3587286200757
5912,Ptgs2,170,1212.5190348933147,1641.7502981997588
5913,negative_control,674,1218.515147222906,1644.1916318845065
5914,Efemp2,30,1220.9571303798573,1546.523686978068
5915,Ptgs2,170,1236.8927085039977,1700.274628411246
5916,Ptgs2,170,1242.1398558320027,1711.92187973634
5917,Pgrmc1,143,1243.560877451874,1738.0439825205517
5918,Ergic1,41,1243.466289381438,1689.6275710731616
5919,Ptgs2,170,1246.6184283844138,1611.2800172090956
5920,Ergic1,41,1247.351381548498,1586.9266214861811
5921,Ergic1,41,1247.6833427251577,1593.602445047244
5922,Pgrmc1,143,1254.5827334324465,1594.6840857966315
5923,Ergic1,41,1254.9994874448255,1588.314590709448
5924,Ptgs2,170,1258.4199398393837,1632.4965266960871
5925,Rnf11,185,1259.6015901554767,1609.7372375024872
5926,Ptgs2,170,1261.825271384184,1667.0518975440295
5927,Ergic1,41,1261.7353933984648,1518.8869175945083
5928,Ptgs2,170,1262.3989817418817,1614.6205743241553
5929,Ptgs2,170,1263.6148329424277,1701.9002036092716
5930,Pgrmc1,143,1267.7420783926596,1691.3181858373223
5931,Ptgs2,170,1270.576939251516,1611.213404777685
5932,Ptgs2,170,1274.658180073189,1653.9843840873111
5933,Efemp2,30,1278.7071654196848,1559.010634196717
5934,Ptgs2,170,1280.3923201302996,1726.2102693204838
5935,Pgrmc1,143,1282.721217468736,1575.1405905638594
5936,Ergic1,41,1283.5416555793045,1561.9125267299366
5937,Ptgs2,170,1290.90580938832,1594.9954781772735
5938,Ptgs2,170,1292.685989149105,1694.6820275825676
5939,Ran,178,1303.4244762185017,1568.7118265109991
5940,negative_control,1951,1302.891901220987,1568.013674095295
5941,Ergic1,41,1304.053582435001,1581.2024029388658
5942,Efemp2,30,1305.4644012101176,1595.954361039929
5943,Ptgs2,170,1306.042741799624,1704.8803724349968
5944,Ptgs2,170,1307.0223605676472,1657.088232463626
5945,Ptgs2,170,1314.648285027556,1707.2005617721852
5946,Pgrmc1,143,1319.7084208906765,1626.5822963412056
5947,Ergic1,41,1319.956450517414,1568.8707519927912
5948,Efemp2,30,1321.737466865981,1695.7780797733433
5949,Ptgs2,170,1322.1994700554717,1684.632417248485
5950,Ergic1,41,1332.9467999115798,1650.5301141287766
5951,Ergic1,41,1334.6760818219868,1583.4299165828706
5952,Ergic1,41,1336.1283600556617,1589.26359356091
5953,Ptgs2,170,1341.5050720521367,1577.0817458632696
5954,Pgrmc1,143,1344.0377451295858,1697.0615446444174
5955,negative_control,1124,1344.829898441602,1601.0870445254436
5956,Pafah1b3,136,1355.2732227511488,1560.6535259402565
5957,Ergic1,41,1364.73507952148,1662.6714208721787
5958,Ptgs2,170,1372.197041597326,1604.3443931525112
5959,Ptgs2,170,1376.0554070729163,1610.6414533530342
5960,negative_control,683,1376.858757096879,1619.8667616038942
5961,Pgrmc1,143,1380.000781978028,1573.027303801791
5962,Efemp2,30,1379.1713721217404,1567.4045958064476
5963,negative_control,674,1384.1830259771714,1605.1965902059528
5964,Efemp2,30,1385.6930146114255,1651.5174059115636
5965,Ptgs2,170,1387.975232037228,1675.4029831738064
5966,Ptgs2,170,1392.2995088354153,1675.0506533512978
5967,Efemp2,30,1393.6790211395933,1657.603604488595
5968,Lamp1,74,1393.7660835172585,1543.3279049286948
5969,negative_control,1884,1397.982972670832,1567.752237070146
5970,Ptgs2,170,1402.4972159326726,1658.6578234278873
5971,Ptgs2,170,1412.2737579853747,1604.293779543724
5972,Rbbp7,181,1416.4835681877362,1638.7899424299485
5973,Ergic1,41,1417.8810522540234,1612.0714767696338
5974,negative_control,594,1427.404746297007,1597.827755560264
5975,negative_control,1263,1427.9608013714626,1597.649099827273
5976,Pafah1b3,136,1442.957000914548,1604.9438500372694
5977,negative_control,696,1448.5747195615943,1571.5718217708506
5978,Hspa8,62,1456.0478617137865,1540.8208300335657
5979,negative_control,1989,1452.6876801167168,1540.1280291911028
5980,Ergic1,41,1455.632657837447,1613.680018294056
5981,Pgrmc1,143,1459.8997951764477,1598.890684681556
5982,Msn,112,1461.36053891786,1599.1025435790434
5983,Ergic1,41,1478.5632749640338,1521.1477109678133
5984,Ergic1,41,1493.7591682437082,1576.1010671055435
5985,Lmna,77,1520.4398746780912,1557.7988610335058
5986,Efemp2,30,1522.123519992237,1540.433965087175
5987,Pafah1b3,136,1570.9097771201318,1580.8490708127456
5988,Hspa8,62,1075.2239840069317,1781.8628777283566
5989,Hspa8,62,1078.0174004875669,1792.183470748817
5990,Raly,177,1079.0957154009177,1779.0522962030675
5991,Mrfap1,89,1094.0784331084508,1793.3541371715216
5992,Mrfap1,89,1096.0320448978553,1778.0460917245323
5993,Vim,261,1099.4191478841583,1773.2564943776874
5994,Mrfap1,89,1113.9621416743294,1708.375748536355
5995,Hspa8,62,1120.476387554913,1698.3739140890011
5996,Ercc1,40,1126.1956782617708,1762.8179018289554
5997,Oaf,133,1130.48695827016,1696.9374781315
5998,Prmt1,153,1131.4086063563109,1748.772491461897
5999,Hspa8,62,1131.8846043952478,1765.0029013835026
6000,Hspa8,62,1133.0549326957148,1792.6148548047652
6001,Hspa8,62,1134.7820969690354,1712.970541808741
6002,Raly,177,1134.963628407896,1669.7631065745516
6003,Mrfap1,89,1135.004511032936,1731.6761443112655
6004,Lmna,77,1137.1770420146258,1697.8665069067572
6005,Hdgf,56,1138.122841553742,1697.807059363767
6006,Mrfap1,89,1141.999015308042,1691.2524017897426
6007,Hspa8,62,1142.573297461473,1787.8961669758105
6008,Mrpl15,93,1144.1346957340595,1779.491833766594
6009,Sec13,204,1143.2833956009565,1748.1316600247644
6010,Raly,177,1143.8872085805765,1747.2117086904764
6011,Hspa8,62,1144.8832936181554,1765.8813073907577
6012,Ercc1,40,1145.7351449970304,1685.9364349379712
6013,Raly,177,1145.8425285753656,1667.231074932581
6014,Mrfap1,89,1148.3492502458787,1701.8895271421125
6015,Hspa8,62,1148.549699488179,1764.9983661265717
6016,Hspa8,62,1149.792138104884,1692.8331625029602
6017,Mrfap1,89,1151.336239303104,1779.8206839473803
6018,Hspa8,62,1152.051793221589,1661.7389915801286
6019,Vim,261,1153.0016401898483,1662.4913562363831
6020,Hspa8,62,1152.4487043546935,1687.19529715625
6021,Mrfap1,89,1153.2358280127455,1672.3181320202154
6022,Oaf,133,1153.5808578989304,1731.6787411082937
6023,negative_control,794,1153.5684957883825,1723.143248734721
6024,Hspa8,62,1156.223702482091,1701.4265013327076
6025,Hspa8,62,1158.6857339666244,1668.8703219488848
6026,Hspa8,62,1159.6131691557132,1719.613297074009
6027,Hspa8,62,1161.523784422037,1738.5360894209011
6028,Hspa8,62,1166.7816623552153,1727.910270379561
6029,Hspa8,62,1166.5078410677795,1758.835398338569
6030,Mrfap1,89,1169.6129863159942,1788.0195469671455
6031,Hspa8,62,1170.2984524161518,1692.976885239697
6032,Hdgf,56,1171.362942485289,1787.6516318480165
6033,negative_control,1086,1172.2315856687335,1748.079608066824
6034,Oaf,133,1174.229739473044,1753.5358436039935
6035,Hspa8,62,1176.938231525323,1741.207718270698
6036,Raly,177,1177.863987564983,1770.8483344747078
6037,Hspa8,62,1179.6126099354683,1746.0458129268968
6038,Hspa8,62,1181.0443832144383,1517.6299466097073
6039,Oaf,133,1185.003180838,1658.414710761794
6040,Psap,160,1185.629515252894,1657.9822677805412
6041,Hspa8,62,1185.039543361867,1510.3622819942505
6042,Mrfap1,89,1185.2979649452705,1758.026157539564
6043,Hspa8,62,1185.766791496485,1514.327939047494
6044,negative_control,1235,1186.695028652794,1690.7685793003602
6045,Hspa8,62,1190.3229036582084,1758.7620841808405
6046,Mrfap1,89,1190.6515642261231,1512.053508243935
6047,Hspa8,62,1190.894098044662,1524.7285497572589
6048,Mrfap1,89,1193.4661800182407,1639.6395881876142
6049,negative_control,634,1194.3807833369451,1742.044230153255
6050,Vim,261,1195.359429013074,1523.3796641117424
6051,Txn2,248,1197.4239655211704,1539.4133504093468
6052,Hspa8,62,1198.8824056321769,1515.2834705279388
6053,negative_control,809,1202.3161067993929,1679.526963340596
6054,Hspa8,62,1203.433644844211,1512.4478896216842
6055,Hspa8,62,1204.5819881153402,1649.8401205653247
6056,Hspa8,62,1206.141008669861,1617.2751908813177
6057,Hspa8,62,1207.735085462818,1518.3263621593574
6058,Raly,177,1209.49570549727,1624.297681495362
6059,Ercc1,40,1212.646409314322,1630.888035024555
6060,Txn2,248,1221.7156045330853,1540.6831583050136
6061,Raly,177,1221.8264096529938,1639.2041603638434
6062,Txn2,248,1223.6134983484908,1704.1382187317863
6063,Hspa8,62,1223.5234728374478,1625.5237440099695
6064,Mrfap1,89,1223.673282339411,1610.9227343200655
6065,Hspa8,62,1224.3787573894751,1523.7132563447194
6066,Hspa8,62,1228.253925267482,1669.3510042665644
6067,Raly,177,1228.9750529920468,1630.5950131341413
6068,Ercc1,40,1230.9092440674624,1612.3441693101663
6069,Hspa8,62,1232.5246055869943,1657.1540077482944
6070,Vim,261,1233.865054888521,1723.811083224161
6071,Fkbp4,44,1234.175137115827,1723.8656996175096
6072,Eif4g2,38,1233.3131670369598,1722.8892653982443
6073,negative_control,1397,1233.5317621169174,1741.2532896848738
6074,Hspa8,62,1236.3436400646472,1580.793731245279
6075,Ercc1,40,1239.880135281373,1648.490815099046
6076,Mrfap1,89,1241.5096142969217,1675.4994017227086
6077,negative_control,1536,1241.5838999156315,1707.1894849155692
6078,Mrfap1,89,1242.0682574005368,1666.665744935223
6079,Oaf,133,1243.0371866852215,1647.580500165979
6080,Hspa8,62,1243.9522047818482,1583.549165097933
6081,Hspa8,62,1245.5231531377908,1523.694489489029
6082,Oaf,133,1249.000844455628,1680.1978698713867
6083,Raly,177,1251.7949363683852,1649.268297256516
6084,Oaf,133,1252.8099669896728,1714.1636202802547
6085,Csnk1a1,22,1252.8333773174013,1539.5231077661924
6086,negative_control,1395,1253.8633999858434,1571.8496698142642
6087,Prmt1,153,1254.4393168923834,1571.4265610409625
6088,Oaf,133,1256.9139426714328,1582.4611417589483
6089,Ercc1,40,1257.4592494402077,1649.0772649894236
6090,Mrfap1,89,1258.0608714606142,1571.7369895617728
6091,negative_control,1029,1266.1831380018632,1570.8279135573089
6092,Mrfap1,89,1266.479832318996,1548.8540067647368
6093,Hspa8,62,1273.0644317685717,1549.8272926555946
6094,Oaf,133,1274.4236547804408,1635.953077253455
6095,Txn2,248,1275.6814553861102,1676.1861932871402
6096,Mrfap1,89,1276.3019464861857,1527.610725172921
6097,Hspa8,62,1278.0609332797153,1566.0736985290089
6098,Hspa8,62,1281.8343633030715,1629.8195150243564
6099,Hspa8,62,1284.482180645561,1552.4210530631394
6100,Mrfap1,89,1285.1460069960183,1557.0096369491494
6101,Mrfap1,89,1286.084622605044,1521.8109738979815
6102,Ercc1,40,1288.938289717997,1721.9982835304802
6103,Hspa8,62,1293.4819991491158,1551.4135503328675
6104,Hspa8,62,1295.2054995774631,1522.6050197742727
6105,Vim,261,1296.870221332604,1538.8988677489197
6106,Trp53,242,1298.174087660205,1539.1995281874551
6107,Hspa8,62,1300.8048727392145,1559.715373226926
6108,Mrfap1,89,1303.9253741168952,1589.3066077283286
6109,Oaf,133,1304.9057145876695,1693.440825606414
6110,Mrfap1,89,1304.945785511332,1719.102994932716
6111,Hspa8,62,1306.1604320523702,1581.5289023803352
6112,Hspa8,62,1306.5519325846878,1673.7670684543734
6113,Hspa8,62,1307.8513825470984,1561.646700964126
6114,negative_control,1368,1306.805260707939,1562.501462324893
6115,Oaf,133,1309.095324724086,1677.8949077940974
6116,negative_control,1815,1310.4740917550816,1557.0864134196584
6117,Eif4g2,38,1310.385697069168,1567.7649712374389
6118,H1f0,55,1311.2034400046527,1568.8194337485038
6119,Prmt1,153,1311.0187414997515,1569.3132734372407
6120,Oaf,133,1311.9403516427828,1623.0709278748532
6121,Txn2,248,1314.9925061751028,1714.6083851697636
6122,Hspa8,62,1315.100710008529,1575.4142839769395
6123,Oaf,133,1318.3405480015383,1631.2288119851576
6124,Oaf,133,1318.0781792198788,1686.717313250059
6125,Hspa8,62,1321.34558714917,1545.2608128905445
6126,Hspa8,62,1322.1770486318878,1559.0851385899368
6127,Hspa8,62,1322.737032637239,1549.772824570687
6128,Oaf,133,1326.1089749784892,1704.8543052261143
6129,Csnk1a1,22,1331.1424618128583,1649.7347385121695
6130,Hspa8,62,1331.7461095442309,1700.479084652778
6131,Raly,177,1337.2244009193796,1546.49382122326
6132,negative_control,737,1345.495383811466,1685.3393470677674
6133,Oaf,133,1346.3869557763717,1686.9117663763257
6134,Hspa8,62,1347.9840879796047,1693.65564320702
6135,Mrfap1,89,1348.8406508644407,1548.1225192987156
6136,Hspa8,62,1353.3923938511846,1688.0540664162058
6137,Hspa8,62,1354.210296402899,1549.0434168230336
6138,negative_control,655,1356.388975927122,1557.614491754142
6139,Mrfap1,89,1356.7624797962758,1547.476350944552
6140,Raly,177,1358.1203770387929,1556.3208373712182
6141,Oaf,133,1359.547467842972,1711.5991800659144
6142,Lmna,77,1370.7183209639124,1545.8642207640416
6143,Raly,177,1372.3364838395792,1685.232406584255
6144,Mrfap1,89,1372.9864024009876,1604.978646044704
6145,Hspa8,62,1372.931357346984,1561.3175763570405
6146,Csnk1a1,22,1373.4295579251118,1617.6449185657723
6147,Hspa8,62,1376.4503004369371,1548.8694414091583
6148,negative_control,1315,1377.00549568694,1679.9874203549307
6149,Txn2,248,1378.3680232721906,1598.4777629464631
6150,Raly,177,1379.6100987858335,1564.9688970749482
6151,Rpl18a,187,1380.307753077842,1654.5287647696314
6152,Hspa8,62,1380.4508915730205,1686.2330063349705
6153,Hspa8,62,1381.8421527643509,1646.378475773102
6154,Raly,177,1384.1781003643855,1564.7475946341583
6155,Vim,261,1382.006144521597,1565.7254972963692
6156,Sfpq,206,1381.8071946240743,1564.8737998660224
6157,Hspa8,62,1383.807603185231,1535.8922477017825
6158,Hspa8,62,1386.435843809096,1636.6094670397397
6159,Hspa8,62,1390.0956034755686,1671.0265327948248
6160,Oaf,133,1391.011302456791,1611.7793336111683
6161,Mrfap1,89,1392.979149371743,1617.7552264446117
6162,Hspa8,62,1393.8514565810135,1551.4432562938769
6163,Hspa8,62,1395.6075823281017,1560.7630585901334
6164,Hspa8,62,1398.1380798609557,1530.1628609215118
6165,Mrfap1,89,1397.9967966148138,1673.7291848067623
6166,Hspa8,62,1399.572250598344,1617.643596050889
6167,Hspa8,62,1400.350444971386,1680.073738262591
6168,Hspa8,62,1401.2650177524035,1675.082748806828
6169,negative_control,1497,1401.638818358415,1601.33339654241
6170,Raly,177,1407.2718290079272,1615.3324157402285
6171,Hspa8,62,1407.617820691749,1688.0337758627431
6172,Mrfap1,89,1408.8855883104395,1558.5351052745973
6173,Txn2,248,1409.3885774694872,1671.8570675270994
6174,Mrfap1,89,1410.6286538752656,1612.6641335157958
6175,Raly,177,1415.2615924625684,1583.3403724969316
6176,Trim28,241,1418.035822199517,1557.7504315863548
6177,negative_control,595,1417.603454245325,1557.7011938024175
6178,Hspa8,62,1422.9045026845,1572.644270712274
6179,Raly,177,1422.8441355022078,1593.7576523223313
6180,negative_control,1977,1423.396893671403,1563.4582534556534
6181,Eif4g2,38,1426.839853293672,1554.0530229825054
6182,negative_control,1128,1426.780956136825,1553.1283391870506
6183,Raly,177,1428.9687002970431,1541.046628027392
6184,Txn2,248,1431.696472009343,1634.6349321347568
6185,Hspa8,62,1432.429286299143,1607.6340593429252
6186,Hspa8,62,1433.6748469788336,1619.3598957987942
6187,Ctbp1,24,1434.4458461688682,1596.8149271334398
6188,Txn2,248,1433.3966766795256,1597.2075711312532
6189,Mrpl15,93,1434.4481061259169,1515.6031395663624
6190,Ercc1,40,1438.639455709336,1579.8106918441854
6191,Hspa8,62,1441.058233220176,1600.4434137799233
6192,Raly,177,1443.272399195231,1594.9917976915565
6193,Hspa8,62,1443.5383820090392,1553.9488835247676
6194,Hspa8,62,1444.6620058428343,1572.142046781632
6195,Hspa8,62,1445.343540279884,1581.7190439697629
6196,Lmna,77,1446.7755303530494,1625.3469936200424
6197,Hspa8,62,1450.019674882909,1539.1613691926616
6198,Mrfap1,89,1450.7606099108034,1518.525942726376
6199,Vim,261,1452.7376417556677,1509.7820167883474
6200,negative_control,1791,1454.1881022328116,1604.2394798583996
6201,Hspa8,62,1453.8938760682722,1599.337936388854
6202,Hdgf,56,1453.798565679336,1491.434526295065
6203,Hspa8,62,1454.2917424524476,1491.5646999933838
6204,negative_control,1086,1454.2669374592992,1491.47801974408
6205,Hspa8,62,1454.6268919917302,1592.546870128011
6206,Mrfap1,89,1455.2100977067637,1578.255718515473
6207,negative_control,885,1455.9728770107167,1517.591734655546
6208,Hspa8,62,1457.1551667323974,1517.326239524906
6209,Hspa8,62,1458.049185152012,1486.9195026973157
6210,Mrpl15,93,1458.934519384493,1531.7022352868305
6211,Prmt1,153,1462.0897581818724,1552.2355799310444
6212,Hspa8,62,1464.630821552979,1623.3281435682786
6213,Mrfap1,89,1465.1088772779765,1630.640073539585
6214,Txn2,248,1465.0175210196403,1552.9719650344766
6215,Hspa8,62,1464.669832230999,1537.7849465806516
6216,Txn2,248,1465.3654722571578,1484.252794897551
6217,Gsto1,54,1469.0879705856578,1477.619887767059
6218,Mrfap1,89,1470.7734122703212,1502.0232759733954
6219,Mrfap1,89,1472.1215549135804,1625.6162530773126
6220,Hspa8,62,1472.2304133281425,1550.874227204292
6221,Lmna,77,1472.965436403471,1554.6291778078737
6222,Hspa8,62,1474.0656157387832,1524.3249107368467
6223,Mrfap1,89,1474.6426658809935,1618.1462872303468
6224,Hspa8,62,1474.9555778932402,1540.96915387856
6225,Hspa8,62,1475.7786094528835,1516.2981009195396
6226,Hspa8,62,1477.86952768269,1605.5783996314033
6227,Ercc1,40,1477.5184931073782,1574.3207831584064
6228,negative_control,468,1479.2534928846546,1593.8340495508758
6229,Ercc1,40,1479.4039188293336,1527.3722300323668
6230,Hspa8,62,1480.3450990716717,1600.0544149184343
6231,Hspa8,62,1482.3098464810614,1590.984785773687
6232,Mrfap1,89,1483.0476039881646,1526.9307865234637
6233,Hspa8,62,1484.3428930287491,1574.211450581804
6234,Mrpl15,93,1485.4329821609122,1485.1340146501836
6235,Ercc1,40,1485.4628937614923,1564.058612703911
6236,Raly,177,1491.2140097093154,1513.7902956483945
6237,Oaf,133,1491.4051192385364,1597.198348503361
6238,Hspa8,62,1491.9262712451016,1497.701260740427
6239,Hspa8,62,1493.4022692851229,1580.387450566116
6240,negative_control,1311,1497.2159000075992,1543.896698173457
6241,Mrfap1,89,1497.0851692327128,1483.0811830636376
6242,Hspa8,62,1497.8019314835562,1462.8452286827746
6243,Hspa8,62,1500.970189399366,1560.702055409687
6244,Mrpl15,93,1502.07289638493,1479.9936428827853
6245,Raly,177,1503.88090536801,1536.8635607886388
6246,Hspa8,62,1504.84623890821,1583.0221749508073
6247,Mrpl15,93,1506.3444571264552,1560.400226510819
6248,Nap1l1,120,1505.0479896767674,1561.1675381771438
6249,Mrfap1,89,1507.486154898932,1545.4403745801462
6250,Ddx17,26,1508.6373747490172,1585.5124924416334
6251,Hspa8,62,1510.1362437534494,1485.564065533018
6252,Hspa8,62,1509.783401106727,1569.5897950825645
6253,Hspa8,62,1510.2601613101012,1549.4554760786782
6254,Mrfap1,89,1512.220329609223,1557.552184492913
6255,Hspa8,62,1513.9758648325148,1534.596051417646
6256,negative_control,369,1517.9821499212198,1565.7428049741047
6257,Raly,177,1521.4090945374874,1534.93651908649
6258,Hspa8,62,1522.149451684321,1547.3309159935286
6259,Hspa8,62,1523.6056894998242,1565.19844249498
6260,negative_control,468,1523.9251737112568,1585.2708617453818
6261,Uba1,250,1524.3513044201825,1586.7130202109026
6262,Vim,261,1524.3575171392545,1531.596694198165
6263,Gsto1,54,1523.5734150005983,1530.8618216589075
6264,Raly,177,1526.4990194582056,1526.5568564049695
6265,Raly,177,1527.3877427394218,1590.8376117192745
6266,Vim,261,1527.3837982656862,1548.5096661516045
6267,Mrfap1,89,1532.0110725723105,1471.4686912711618
6268,Mta1,113,1533.2193690396484,1584.5027831676953
6269,Mrfap1,89,1535.3136913491448,1588.5032650617409
6270,Txn2,248,1534.5009629165322,1566.261410947945
6271,Mrfap1,89,1536.343575194221,1531.3038767926566
6272,Hspa8,62,1540.5018011452923,1542.251565401924
6273,Hspa8,62,1545.4437673639563,1576.4454085796497
6274,Ercc1,40,1556.249004201404,1592.7501186208926
6275,Hspa8,62,1554.308517064322,1591.1995440515511
6276,Ercc1,40,1556.5144533110629,1579.5099352079492
6277,Hspa8,62,1560.914276473267,1595.5865009349186
6278,Hspa8,62,1565.8625116496885,1567.0112445852824
6279,Hspa8,62,1567.1905158780987,1585.5996490684174
6280,Hspa8,62,1573.470970983049,1559.9748335413938
6281,Zyx,271,1077.5791303016465,1781.6124274260762
6282,Jun,70,1088.8752597667458,1655.4883648371472
6283,Jun,70,1097.3138988812293,1657.6644928933988
6284,Jun,70,1114.1225811163652,1665.1943769283116
6285,Zyx,271,1116.0183975636871,1707.9279582204465
6286,Lmna,77,1121.7127965179527,1694.0890486553924
6287,Zyx,271,1126.2187758988148,1712.011876018796
6288,Lmna,77,1127.4198605525762,1703.1497176696316
6289,Zyx,271,1135.828481799423,1717.8937158648762
6290,Lmna,77,1138.4060402719156,1743.7552521537432
6291,Lmna,77,1140.2042291098182,1767.3786071647046
6292,Lmna,77,1141.5265358611516,1751.4250599989032
6293,Jun,70,1144.1182673115482,1682.4644147788515
6294,Zyx,271,1146.4998410316164,1784.9353422395611
6295,Zyx,271,1147.4432664375777,1765.917391277345
6296,Cebpd,12,1157.0930742976725,1696.5072096261342
6297,Jun,70,1163.5403364353076,1668.8240156540917
6298,Cebpd,12,1166.0717589367748,1716.7819152176926
6299,Arf1,6,1169.8168488933306,1748.5061256185618
6300,negative_control,435,1171.0749650093285,1749.4355231161564
6301,Zyx,271,1175.9661425529198,1759.455806693043
6302,Jun,70,1179.303839149195,1686.3832069329635
6303,Zyx,271,1182.1373347532642,1647.7596347167434
6304,Idh3g,66,1182.051428849798,1678.2518411207138
6305,negative_control,447,1183.6150002212394,1759.0083315344648
6306,Lmna,77,1184.494377153404,1514.838729161273
6307,Sf3b2,205,1185.8823956354684,1532.8729393724814
6308,negative_control,441,1188.037166484412,1762.485220869682
6309,Lmna,77,1192.558659747492,1657.7296032743377
6310,Lmna,77,1200.3281019893398,1511.226206808406
6311,Rars,180,1205.0036641292395,1530.9801579896598
6312,negative_control,894,1208.520771762293,1705.1204600271162
6313,Cebpd,12,1209.019660849494,1684.6245378922645
6314,Zyx,271,1211.0663232365969,1627.4001777834883
6315,Lmna,77,1211.2026134237758,1511.7354934612922
6316,Lmna,77,1215.6686140137406,1521.5484637412833
6317,Zyx,271,1217.982213674601,1679.4668868595186
6318,Zyx,271,1217.4071329077706,1536.524683078911
6319,Zyx,271,1219.3941778313315,1510.398255555097
6320,Thy1,228,1220.343719258938,1641.2735787105191
6321,Jun,70,1222.8184239493326,1532.0483544253134
6322,Lmna,77,1227.5005625618471,1672.2129883252828
6323,Zyx,271,1229.0906865331033,1601.9613873017065
6324,Zyx,271,1229.1337161166248,1608.5032749864918
6325,Zyx,271,1229.9160164131006,1535.090686673045
6326,Zyx,271,1232.9233065617696,1722.3265507021547
6327,Ran,178,1236.2122662582542,1711.9139227162384
6328,Lmna,77,1236.1578634239977,1710.2847280570668
6329,Psmd4,164,1236.5098434416614,1710.6101217068856
6330,Fkbp4,44,1238.305786442469,1710.514459041976
6331,Lmna,77,1243.514500334079,1558.6682359604108
6332,Zyx,271,1249.112536904527,1566.093737558149
6333,Zyx,271,1249.7361486170523,1551.749591339285
6334,negative_control,427,1253.3912807393897,1578.8608454547484
6335,Jun,70,1252.9440758965195,1578.6511638397033
6336,Lmna,77,1252.896189548837,1545.8436757352845
6337,Zyx,271,1257.0661569228114,1630.6669011449076
6338,Rars,180,1258.5826301778366,1562.2804600994136
6339,negative_control,1497,1259.9664500696724,1598.7754945869524
6340,Msn,112,1260.4287727870585,1599.948903253419
6341,Rars,180,1261.0552904174676,1618.7294583644343
6342,Lmna,77,1267.2456809113978,1674.2671358905477
6343,Jun,70,1268.554198885236,1525.4242523894934
6344,Rpl15,186,1267.6559415891816,1527.219954818046
6345,Lmna,77,1272.233820174968,1574.859170534564
6346,Lmna,77,1272.5356822220097,1685.7310717493654
6347,Cebpd,12,1275.1027971869237,1616.8368743571332
6348,Zyx,271,1274.310310417855,1652.4929652497149
6349,Jun,70,1274.7696711506508,1705.9350087205344
6350,Rars,180,1283.9681367329404,1566.9673589568129
6351,Zyx,271,1284.57367680843,1557.8050631065369
6352,Tbrg1,225,1284.0878628273567,1711.0323842641449
6353,Jun,70,1288.4268521385548,1643.3109080182076
6354,Zyx,271,1288.8023727383647,1563.478688182427
6355,Lmna,77,1293.7756579100185,1558.2681410610562
6356,Zyx,271,1294.898306002494,1676.8466350794345
6357,Zyx,271,1299.9097715930338,1663.581501246464
6358,Jun,70,1302.7114195033892,1654.5878429166069
6359,Jun,70,1308.7650522257186,1572.874892672412
6360,Zyx,271,1314.894855702366,1542.1328764486452
6361,Sf3b2,205,1321.1255855501545,1552.2033911324788
6362,Zyx,271,1326.471501554152,1552.9948846835894
6363,Lmna,77,1330.7165784541874,1566.7801385188309
6364,Zyx,271,1335.1614281506995,1693.8209790939568
6365,Mta1,113,1336.8272163028662,1640.9206824480646
6366,Jun,70,1344.4123788200268,1696.883741499401
6367,Zyx,271,1347.1386359028104,1567.1355341392696
6368,Snrnp70,210,1347.0814436558862,1564.8970138683596
6369,Zyx,271,1353.793668700583,1643.7818162316005
6370,Jun,70,1363.1437270762467,1555.2433893974985
6371,Rars,180,1367.332114110065,1539.0728072627091
6372,Vdac1,260,1381.378680661871,1669.8134244218852
6373,Zyx,271,1387.3780564197095,1707.6889065822013
6374,negative_control,444,1390.6632170756284,1568.5682530291276
6375,Lmna,77,1393.3994157985646,1574.7651403063132
6376,Ybx1,263,1395.2492397993524,1561.925012454587
6377,negative_control,1489,1400.0987696106542,1590.5915504814188
6378,negative_control,438,1415.9457098899309,1609.017905876185
6379,Zyx,271,1415.6822079424885,1573.6090376951397
6380,negative_control,319,1418.5121609740654,1512.4805277962732
6381,Trim28,241,1435.0012908441674,1520.1121648841734
6382,Ppp2r1a,151,1434.4489874357134,1519.982135799333
6383,Lmna,77,1436.2397058483675,1592.699980178341
6384,Cebpd,12,1436.645049210584,1564.9939043180516
6385,Jun,70,1439.7765685407112,1522.6806600424254
6386,Zyx,271,1442.4358303743818,1633.0280150140698
6387,Zyx,271,1443.4783228670792,1537.5403084063162
6388,Paics,137,1447.045510695291,1575.1445873633356
6389,Lmna,77,1448.3924973409214,1497.2378537548464
6390,Lmna,77,1452.0880369657036,1634.7846730827969
6391,Lmna,77,1453.7078059203336,1496.8405867227882
6392,negative_control,2072,1458.323779446402,1534.477474415153
6393,Zyx,271,1458.948922660789,1573.0777919126112
6394,Lmna,77,1459.1908048576008,1598.3956299314589
6395,Zyx,271,1460.6768851335976,1558.9653256692095
6396,Cebpd,12,1461.305745834316,1576.7019597083458
6397,Ctbp1,24,1461.8785818557358,1628.0938485538347
6398,Zyx,271,1462.6250247070952,1483.6757127200426
6399,Zyx,271,1466.062919410674,1626.2961110980116
6400,Zyx,271,1467.8410458240696,1595.171376610775
6401,negative_control,281,1468.773827560234,1602.1002044732072
6402,Zyx,271,1470.115942985032,1609.072152172011
6403,Ybx1,263,1469.4944052247151,1545.0622302187917
6404,Lmna,77,1473.3223829776944,1539.941547919614
6405,Lmna,77,1473.8912662262064,1581.445846014436
6406,Zyx,271,1480.2949811562542,1591.5367657740717
6407,Cebpd,12,1482.4576484182912,1494.1239277453835
6408,Lmna,77,1483.5054612926167,1585.3874519928822
6409,Zyx,271,1484.1941555428232,1533.001148203787
6410,Lmna,77,1483.5686555225811,1548.7404006744168
6411,Zyx,271,1486.0093044500277,1604.1367211107784
6412,Zyx,271,1490.286200991829,1601.042606256748
6413,Zyx,271,1492.9067336702306,1563.3037235785794
6414,Lmna,77,1493.1254151072528,1454.8515529646122
6415,Lmna,77,1493.9750155965307,1521.976263301278
6416,Lmna,77,1496.433007424227,1565.48178565654
6417,Zyx,271,1497.732853453486,1581.262882740857
6418,Jun,70,1502.4341748359525,1569.2690319933035
6419,Rars,180,1503.6413956229965,1560.4256001550543
6420,negative_control,1497,1503.5944230255757,1562.338553116459
6421,Lmna,77,1505.640378698096,1578.4182910187394
6422,Cebpd,12,1510.1685443810445,1456.17498756268
6423,Zyx,271,1510.2392941254757,1587.4591702658147
6424,Lmna,77,1512.912953854018,1538.590315820649
6425,Zyx,271,1517.000881209225,1484.7667602629358
6426,Zyx,271,1525.6923449290675,1546.3881180628623
6427,Cebpd,12,1532.030073311175,1594.3443892156863
6428,Jun,70,1537.0570247019175,1534.5726529637143
6429,Lmna,77,1540.070359145031,1585.4850907013265
6430,Lmna,77,1543.977040747135,1599.2826181796029
6431,Lmna,77,1545.9110574497954,1552.9882411421383
6432,Lmna,77,1563.9658288862895,1558.9054263879732
6433,Lmna,77,1573.2800373939715,1561.4319478618122
6434,Ubxn1,253,1088.0650970970546,1793.701089691231
6435,Hdgf,56,1099.0861760690836,1794.528844646459
6436,Timp2,229,1101.5993290733422,1781.2802810146368
6437,Hdgf,56,1120.288513003527,1720.370194991346
6438,Msn,112,1120.9591644526809,1693.634789531358
6439,Msn,112,1122.5121247248169,1764.066869433724
6440,Msn,112,1124.170888608449,1701.3189705436346
6441,Hdgf,56,1133.313885320098,1725.359680402426
6442,Ubxn1,253,1139.2621477952289,1749.7004829219704
6443,Msn,112,1140.9925667993268,1752.6188812086443
6444,Hdgf,56,1142.2394158336772,1737.502437085124
6445,Tomm40,235,1142.1930667583974,1746.7289273284337
6446,Ubxn1,253,1144.6031116874478,1774.481896781532
6447,Hdgf,56,1150.4103085620895,1758.7236664785405
6448,negative_control,1861,1152.002383837803,1679.416366796559
6449,Hdgf,56,1153.6242919752358,1696.6899352419748
6450,Hdgf,56,1153.5306863082965,1750.6998343082714
6451,Ubxn1,253,1153.8505370670143,1771.986590795585
6452,negative_control,1318,1156.6525286823578,1773.0044531350532
6453,Nr2f2,129,1157.4859548593108,1660.7165077123632
6454,Nr2f2,129,1158.1129463056814,1689.7321393695702
6455,Ubxn1,253,1158.677145127964,1698.4310459837868
6456,Nr2f2,129,1159.7948866594484,1737.6616564146402
6457,Tomm40,235,1161.3226208643998,1767.6333515572717
6458,negative_control,1320,1161.1788474777925,1688.5563707107203
6459,Msn,112,1165.840768974305,1773.5204361596884
6460,negative_control,1302,1166.5318851318398,1695.0692553705994
6461,Srebf2,215,1167.9873216264227,1741.8463670450442
6462,Sf3b2,205,1171.534386024173,1760.7702451558778
6463,St13,220,1172.1968655664537,1790.218364093071
6464,Msn,112,1173.8161245340657,1773.7107437995903
6465,negative_control,1305,1176.3667828637654,1664.6737999698596
6466,Vim,261,1177.5701295127446,1718.7784483821256
6467,Msn,112,1177.3574027942586,1718.321551959984
6468,negative_control,906,1178.6142466348686,1718.2173212630912
6469,Hdgf,56,1177.5891739155977,1737.3447497883578
6470,Hdgf,56,1179.0014981335953,1528.456429970899
6471,Hdgf,56,1182.133348904382,1651.3046980520762
6472,Ubxn1,253,1188.1622280121778,1719.4992385959663
6473,Ubxn1,253,1190.4310861765816,1542.8806570837774
6474,Hdgf,56,1191.698117649816,1508.5804740970866
6475,Hdgf,56,1193.7028665990126,1505.650629271379
6476,Nr2f2,129,1194.8070244745672,1697.1719339940564
6477,Hdgf,56,1195.2384397555957,1761.5474512822605
6478,Ubxn1,253,1195.783407053372,1518.4851872143354
6479,Msn,112,1197.1371250383154,1756.7390009824817
6480,Hdgf,56,1200.4579440534942,1741.263682760698
6481,negative_control,355,1200.0822282659317,1740.073486210183
6482,Ubxn1,253,1207.798972505526,1753.6624209672675
6483,Ybx1,263,1210.0243563290785,1655.9540585880463
6484,Msn,112,1208.521791911557,1656.249556668829
6485,Msn,112,1209.5476695517427,1514.0232353466447
6486,Msn,112,1209.7901449123017,1625.4963233257884
6487,Nr2f2,129,1214.214216168264,1538.8202184168936
6488,Nr2f2,129,1214.7324806480274,1633.36855691075
6489,Hdgf,56,1216.8024098271055,1558.0500080631878
6490,Hdgf,56,1217.3356213988518,1551.9915894405012
6491,Hdgf,56,1218.726223356853,1523.2441791282154
6492,Nr2f2,129,1225.630249975589,1597.8928913536329
6493,Hdgf,56,1227.108295484631,1537.9567985585404
6494,Ubxn1,253,1226.8266084581212,1743.7311104363068
6495,Ubxn1,253,1227.327026653478,1590.3021051297494
6496,Ybx1,263,1229.4538446558508,1514.0007232784226
6497,negative_control,1497,1228.74603442037,1515.7507802704376
6498,Tomm40,235,1232.0763235491463,1596.6078952429953
6499,Eif3d,33,1234.3857697370145,1537.0008452320026
6500,Tomm40,235,1234.3908624990363,1570.2444630008786
6501,Hdgf,56,1236.4912566515331,1532.2245058565093
6502,Msn,112,1237.5015960382766,1673.292120163635
6503,Msn,112,1240.093274632144,1580.3648118920414
6504,negative_control,1320,1240.739422539183,1481.182596761665
6505,Nr2f2,129,1241.7007091390913,1556.9909914388077
6506,Hdgf,56,1241.9910285529097,1644.7048556307043
6507,Hdgf,56,1243.839443276644,1562.9621807234575
6508,Msn,112,1243.848383638663,1501.9347164399278
6509,Hdgf,56,1246.5037442156863,1613.5350517686302
6510,Hdgf,56,1248.7312736282838,1587.6845074141374
6511,Ptgs1,169,1249.3987272012662,1546.6634797336114
6512,Hdgf,56,1250.642381677823,1542.3245879104643
6513,Fkbp4,44,1251.4111761200809,1537.6223028332035
6514,Zfp36l2,270,1250.657424380387,1537.4603626864373
6515,Hdgf,56,1251.606598668297,1536.7454783163955
6516,St13,220,1252.0425466623717,1620.352173509746
6517,Lrrc59,79,1251.6459263921472,1620.0997509875292
6518,Tomm40,235,1253.814296150278,1603.3461428986038
6519,Hdgf,56,1256.3243951101233,1684.476088569298
6520,Tomm40,235,1256.7236271979618,1521.7279955296526
6521,Hdgf,56,1257.132085785439,1715.3616509086237
6522,Tomm40,235,1263.5837250517473,1619.265084542611
6523,Msn,112,1270.2321136611745,1728.8460786398168
6524,Msn,112,1271.1831061879675,1711.043490975425
6525,Nr2f2,129,1273.4376951879965,1517.9472898748113
6526,Hdgf,56,1273.6738489153936,1673.1346081863776
6527,Msn,112,1276.4126959409532,1551.3104338291375
6528,Vim,261,1275.9765594218652,1551.0288827917889
6529,Tomm40,235,1278.6118547530043,1726.8805531100502
6530,Hdgf,56,1280.791290548058,1573.0928955861823
6531,Ybx1,263,1280.5737460735402,1573.406342585499
6532,Tomm40,235,1282.497056677132,1658.328199886702
6533,negative_control,1661,1282.4842247035313,1536.2975523912787
6534,negative_control,1239,1285.8150016520458,1539.1995660499952
6535,Ubxn1,253,1287.7819783795517,1637.7717007379267
6536,Hdgf,56,1291.624277271707,1559.4125201735435
6537,Hdgf,56,1291.7298452928865,1575.7056239085862
6538,Msn,112,1294.0642576707205,1525.2390993433492
6539,negative_control,1614,1296.9367849011485,1562.5002693891925
6540,Msn,112,1300.3076463571397,1708.6676129889545
6541,Hdgf,56,1304.0547106585868,1599.993343935212
6542,Nr2f2,129,1305.9428237037866,1717.9817597091255
6543,negative_control,1466,1306.6120551888273,1560.86910205537
6544,Msn,112,1308.1018419538143,1638.3146585482532
6545,Hdgf,56,1308.7283598696213,1550.2100546528252
6546,Hdgf,56,1314.041840174097,1563.8101084725745
6547,negative_control,1549,1314.4897520033535,1715.7426303053824
6548,negative_control,1937,1315.5420197174822,1557.714729871742
6549,Hdgf,56,1315.932870714896,1599.8486008131467
6550,Hdgf,56,1317.3666917819628,1544.0463138604855
6551,negative_control,1614,1327.4196020756067,1594.0040121586896
6552,Msn,112,1337.9555347830617,1549.2245548015132
6553,negative_control,1861,1339.7196741868368,1607.4744706452852
6554,negative_control,1937,1341.7985159936222,1578.3248864656096
6555,Hdgf,56,1343.9492561830884,1654.5832144791634
6556,Hdgf,56,1348.525990914227,1545.8243385937828
6557,negative_control,1307,1349.9946169608356,1574.579776112838
6558,Lamp1,74,1353.382578670662,1690.2112806656612
6559,Ubxn1,253,1358.5163361149916,1571.8728692729292
6560,negative_control,1318,1358.8045176160222,1610.760857350996
6561,Hdgf,56,1363.6894067615372,1592.048689785257
6562,negative_control,839,1363.1992993276024,1685.0264560506585
6563,negative_control,1307,1363.466825205111,1685.1512747011
6564,negative_control,1310,1365.1867949552193,1543.0762629995093
6565,Hdgf,56,1364.8144382940734,1697.4699388385511
6566,negative_control,2019,1367.5262110960955,1612.1653815177172
6567,Hdgf,56,1370.229774032191,1558.4737782263146
6568,Hdgf,56,1370.5844894785191,1603.235521221388
6569,Hdgf,56,1374.424845150157,1557.7072968180194
6570,negative_control,2079,1384.346160981817,1541.522092600267
6571,Ubxn1,253,1385.802886615027,1563.2165662788705
6572,Hdgf,56,1387.2964275737854,1623.2898046991093
6573,Msn,112,1389.676048001199,1539.2625088926206
6574,Nr2f2,129,1391.4034578470994,1599.0756048000874
6575,Ubxn1,253,1393.6763929860774,1611.287231632907
6576,Eif3d,33,1395.9986836755934,1683.052123415869
6577,Tomm40,235,1399.0167775294412,1555.8943297551946
6578,negative_control,788,1399.4690317055947,1611.055519045461
6579,Fus,47,1399.9819686171038,1609.8622518788768
6580,Ubxn1,253,1399.5553443737508,1693.814922819082
6581,Msn,112,1402.9638150464784,1555.8614798464985
6582,Hdgf,56,1409.5699511749183,1677.9501970707654
6583,Hdgf,56,1413.3688727767112,1667.4443266592616
6584,Hdgf,56,1415.059658729151,1512.801829348688
6585,Hdgf,56,1416.4026041126026,1693.4730497642
6586,Msn,112,1418.1137076929267,1641.7422990946566
6587,Nr2f2,129,1419.9525486530329,1542.9750946185454
6588,Ubxn1,253,1420.6524233375023,1530.3758549407662
6589,Ubxn1,253,1421.0380560599806,1533.1055247708712
6590,Hdgf,56,1425.34561004845,1623.6148818857228
6591,Rpl15,186,1427.4355055246006,1557.5013549106916
6592,Hdgf,56,1429.4148879963066,1509.9680925093812
6593,Tomm40,235,1428.1940489851609,1602.9159939007188
6594,Ubxn1,253,1430.3218291775036,1576.2860042407813
6595,Ubxn1,253,1431.9940081157852,1509.9542584033468
6596,negative_control,1318,1433.366698598872,1513.5997961562157
6597,Hdgf,56,1433.105626689065,1620.7948039153623
6598,negative_control,847,1434.6017549700955,1610.3488322655387
6599,Msn,112,1436.412209237419,1525.7134891297044
6600,Msn,112,1437.0381321581913,1568.5380447282485
6601,Mta1,113,1442.395401114913,1500.2754582803964
6602,negative_control,1771,1442.5658177011308,1613.6784813017905
6603,Ubxn1,253,1449.18335263345,1536.4236653398686
6604,negative_control,1318,1450.723677435952,1568.1523461862205
6605,Hdgf,56,1451.4725062937364,1518.5636385739192
6606,Vim,261,1462.431316402797,1569.439829791056
6607,Eif3d,33,1460.8520604470914,1568.2178236631848
6608,Ybx1,263,1462.4826463349873,1569.2895447288324
6609,Hdgf,56,1461.1409294564064,1629.4501546240654
6610,negative_control,1305,1464.1921558468669,1522.317464437048
6611,Pdha1,139,1464.013728814671,1521.5750317133568
6612,Ubxn1,253,1464.2509931929128,1510.231380188805
6613,Hdgf,56,1464.2539326104538,1487.8182769324485
6614,Trp53,242,1463.3319075081608,1489.0674434625648
6615,Eif3d,33,1466.0183242039093,1555.1043758906676
6616,Hdgf,56,1466.2419551829282,1621.5702535799885
6617,Hdgf,56,1469.2754097146208,1494.8771663168482
6618,Ubxn1,253,1470.9094807578,1517.6760051733368
6619,Ubxn1,253,1475.9931650195963,1503.3592172662716
6620,Hdgf,56,1479.876072326458,1467.7505883874976
6621,Hdgf,56,1481.5930706835395,1584.7620636424438
6622,Ubxn1,253,1482.269302700986,1578.1290074852045
6623,negative_control,1318,1482.3597410882803,1582.2956759967906
6624,Hdgf,56,1484.3775805742237,1511.2102146708098
6625,Ubxn1,253,1484.6046534251554,1514.8434854113625
6626,Ubxn1,253,1485.45165094533,1478.4086735077426
6627,Ubxn1,253,1486.75353105336,1499.3284693925414
6628,Hdgf,56,1488.133686055455,1474.8215395203104
6629,Msn,112,1489.7216183098155,1574.0724294281304
6630,Tomm40,235,1492.1248867410902,1545.016162909198
6631,Vim,261,1491.6739286823308,1525.2645524773136
6632,Ppp2r1a,151,1489.961335759128,1525.2018336111184
6633,Hdgf,56,1496.571066237994,1538.53060645884
6634,Hdgf,56,1501.067866227413,1504.1801541261414
6635,Hdgf,56,1502.961668500363,1544.6903024626458
6636,Hdgf,56,1507.575638779051,1574.1204580763908
6637,Nr2f2,129,1508.5746716222322,1534.330530029567
6638,Hdgf,56,1511.211104491815,1556.2565900685456
6639,negative_control,1307,1513.034049967856,1533.66036090665
6640,Hdgf,56,1515.562918810719,1566.3737630146393
6641,Nr2f2,129,1516.020682242125,1549.2414786951183
6642,Hdgf,56,1523.3023888829432,1585.090431214627
6643,Hdgf,56,1531.1404756681216,1581.0674813784606
6644,Myh9,118,1533.3846832706429,1560.7982132589627
6645,Hdgf,56,1537.1070298589248,1523.9784500486307
6646,Msn,112,1537.4460122002245,1538.967572386989
6647,Tomm40,235,1539.5559294213592,1583.4975007579965
6648,Msn,112,1541.7176795839314,1534.909887025157
6649,negative_control,1861,1548.5940235731691,1604.8550002079896
6650,Msn,112,1551.0943354423334,1545.5707419645294
6651,Tnfrsf1a,233,1551.6543954442748,1545.6813118880932
6652,Msn,112,1553.630807432418,1603.3200519124905
6653,Nr2f2,129,1557.5642186886464,1604.8469209100665
6654,Msn,112,1563.774552675357,1554.1872496860883
6655,Ubxn1,253,1575.787240902469,1575.8933806575956
6656,Msn,112,1576.2936886997757,1589.9474749340347
6657,Eif4g2,38,1116.4937744708272,1715.4904176401428
6658,Psap,160,1134.1820184443434,1707.0912131289317
6659,Eif4g2,38,1150.523343330878,1786.1183852877036
6660,Eif4g2,38,1166.294852222701,1652.505966287561
6661,Psap,160,1167.6912021217204,1694.8726960434838
6662,Eif4g2,38,1173.8559453440043,1691.4402644718425
6663,Eif4g2,38,1175.9432450823442,1762.4734099155037
6664,negative_control,1112,1177.0455285177627,1747.8069299514286
6665,Eif4g2,38,1189.1662937885426,1732.1968974471415
6666,negative_control,2039,1189.1627383327273,1646.8622753575
6667,Psap,160,1191.3933620352825,1650.8961839054375
6668,negative_control,471,1192.2681978278545,1711.966381910907
6669,Eif4g2,38,1193.6044791703926,1518.5341564360804
6670,Uqcrc1,256,1197.8152503123663,1730.6705800179234
6671,G3bp1,49,1197.1264232516742,1741.1371214072994
6672,negative_control,1065,1200.8341907193617,1747.0596339801295
6673,Eif4g2,38,1209.2860330102894,1629.9369424255774
6674,Eif4g2,38,1219.5912555156212,1605.7260655626997
6675,Ctbp1,24,1232.2295296895973,1698.549962984904
6676,negative_control,1876,1232.8258089214075,1679.237942155473
6677,Eif4g2,38,1232.6645574620647,1696.57811598753
6678,Eif4g2,38,1235.7927373927655,1715.5043050526906
6679,Psap,160,1249.6238090776428,1732.238165296054
6680,Eif4g2,38,1250.545447392769,1565.0901277220648
6681,negative_control,1251,1252.4227078329643,1645.5089617406588
6682,Eif4g2,38,1252.7727714207315,1638.90081872227
6683,negative_control,497,1255.7997915714236,1548.3095038800072
6684,Ctbp1,24,1257.3954874295357,1707.2953263960153
6685,Psap,160,1259.9641809236073,1629.0743005840975
6686,Eif4g2,38,1265.3315702235725,1529.7856860505426
6687,Ctbp1,24,1271.7795666695215,1552.310298059601
6688,negative_control,664,1289.2129011598777,1550.131470918594
6689,negative_control,1425,1293.0454786738212,1564.9534429417918
6690,Psap,160,1293.6427103435965,1665.394937327878
6691,Rpl15,186,1294.5967790410955,1558.1953061329968
6692,negative_control,361,1296.4312852512337,1570.0009784676204
6693,Ctbp1,24,1298.6402684391562,1566.3798578914968
6694,Psap,160,1300.8647314563614,1568.7325206110838
6695,negative_control,1177,1320.8007026067016,1632.398999274464
6696,Trps1,243,1320.2842590863856,1631.7374609128062
6697,negative_control,360,1322.7820622371164,1566.3181531110347
6698,negative_control,472,1324.657145187831,1585.2139879006013
6699,Psap,160,1334.7913946843917,1569.7364572883553
6700,Eif4g2,38,1343.0211821223163,1587.4805532119983
6701,Eif4g2,38,1349.902372548511,1573.5330681736375
6702,Eif4g2,38,1359.0873641780563,1703.4186602973082
6703,Psap,160,1362.54962799273,1689.9648272192817
6704,Psap,160,1367.231318888796,1560.3290021832954
6705,Ctbp1,24,1368.8230094147405,1592.379715152503
6706,Eif4g2,38,1376.319994564113,1564.462145203782
6707,Psap,160,1391.2427710892748,1649.0350800823453
6708,Psap,160,1392.6040660195133,1606.6227316765824
6709,Ybx1,263,1422.045837623241,1540.4263368652482
6710,negative_control,1127,1422.9959390816318,1637.288114848136
6711,negative_control,1016,1428.241709454555,1599.3084355593512
6712,Rpl15,186,1429.311074590764,1567.965812406088
6713,Ctbp1,24,1433.223317951812,1584.6956353703283
6714,negative_control,1875,1433.5670647090683,1576.8827796567164
6715,Snrnp70,210,1432.6836089749022,1613.774913823224
6716,Ctbp1,24,1436.2613497976422,1638.7188992673098
6717,Nap1l1,120,1437.924216357795,1611.1734836022113
6718,negative_control,664,1447.159160576845,1623.9227930561217
6719,Ctbp1,24,1451.8169479903977,1595.6413925618078
6720,Eif4g2,38,1453.074289298913,1505.4306463231765
6721,Eif4g2,38,1460.2134162377938,1623.3928530428866
6722,Mrpl37,99,1465.556356900941,1600.976134889369
6723,Eif4g2,38,1465.6388381980744,1631.794364596697
6724,Lrrc59,79,1470.6817711166009,1533.92692691908
6725,Eif4g2,38,1473.7586830498844,1552.780237662481
6726,Polr2m,149,1475.634057700554,1595.4794474456023
6727,negative_control,1459,1476.7971667413503,1596.2048613722384
6728,Eif4g2,38,1486.999554896103,1488.568314317787
6729,Eif4g2,38,1492.5684816582311,1565.094076810563
6730,Eif4g2,38,1506.4472431796137,1486.0690329845602
6731,Ctbp1,24,1511.2365777101998,1519.9467071981203
6732,Eif4g2,38,1517.1194374306838,1570.6223500524595
6733,Lrrc59,79,1523.8130103486326,1466.7891023110326
6734,Ctbp1,24,1543.8662055027792,1535.108964091994
6735,Eif4g2,38,1575.5015654307613,1572.8644853591768
6736,Eif4g2,38,1585.8461089593616,1566.2478680441718
6737,Rps15a,191,1075.936944391635,1783.633901659087
6738,Sdc4,202,1115.2345289269397,1794.9088283355277
6739,Rps15a,191,1118.5486796896002,1763.203813282918
6740,Rpl18a,187,1126.187921285011,1785.3670926364862
6741,Rpl18a,187,1131.9010081550016,1740.8953089663464
6742,Puf60,171,1133.0420973634214,1685.3511680099457
6743,Rpl18a,187,1135.574709742216,1757.6313028340828
6744,Rps15a,191,1137.084039327873,1731.526206942799
6745,Sdc4,202,1142.9176037461489,1743.5249991079677
6746,Puf60,171,1144.1679444918025,1730.7678120810276
6747,Rps15a,191,1148.374934055796,1785.594312326817
6748,Rps15a,191,1149.9934951309428,1736.629782713438
6749,Rps15a,191,1150.2864300772248,1778.6001458970077
6750,Rpl18a,187,1151.7682963789375,1744.9130110963454
6751,negative_control,900,1157.3904367394605,1734.1135841751172
6752,negative_control,1836,1162.5273757917676,1664.8722074339798
6753,Trps1,243,1166.9490664211175,1703.804611681852
6754,Rpl18a,187,1173.8056390072636,1717.5375391681073
6755,Rpl18a,187,1173.5369006335832,1707.2993812585466
6756,Rpl18a,187,1174.258391753362,1772.1288813909157
6757,Rpl18a,187,1179.6190472243588,1745.6029349098735
6758,Rpl18a,187,1185.365874170915,1724.4322682464008
6759,Rps15a,191,1186.3532481658883,1641.477689061348
6760,Rpl18a,187,1187.7302151783474,1753.90720570931
6761,Rpl18a,187,1192.9048928033876,1516.0433029285257
6762,Rpl18a,187,1194.878376364091,1705.3844153905525
6763,Rpl18a,187,1195.2325957813664,1662.060964202578
6764,negative_control,1479,1198.137520997317,1737.5338115758805
6765,Rps15a,191,1201.2473470651912,1746.3377952043952
6766,Ywhah,266,1204.8631802273892,1683.7511883222917
6767,Puf60,171,1205.0221108898286,1542.1986570331542
6768,Trps1,243,1208.0825595035058,1749.3432268402655
6769,Ywhah,266,1208.139188621804,1733.5156325484832
6770,Rps15a,191,1207.90847010925,1665.2480381682662
6771,Rpl18a,187,1212.580563335613,1499.5776849094395
6772,Trps1,243,1212.3564014871397,1751.706052826447
6773,Rpl18a,187,1212.9624121143277,1678.8744930323508
6774,Rps15a,191,1213.350333982393,1728.705545988952
6775,Rpl18a,187,1214.0138127404468,1508.069743620703
6776,Sdc4,202,1214.30840245618,1630.9814828359808
6777,Ywhah,266,1215.209706688929,1718.0869353864975
6778,Pcdhgc3,138,1216.7417616142152,1717.730226636843
6779,Rpl18a,187,1216.6362240267024,1653.425395853225
6780,Rps15a,191,1217.3119964024595,1536.6715037327012
6781,Ywhah,266,1217.9651521104165,1621.5732324646756
6782,Sdc4,202,1222.34126661002,1616.2377956690875
6783,Rpl18a,187,1223.1452327031384,1650.0287059411123
6784,Rps15a,191,1227.5723771757412,1587.044497530566
6785,Ywhah,266,1230.9011657470842,1574.115925488708
6786,negative_control,1082,1232.5250968249316,1603.6357967822505
6787,Rpl18a,187,1233.5421300786506,1547.6520002458808
6788,Prpsap1,156,1238.177636251021,1536.8914565350256
6789,Ywhah,266,1238.8251663049173,1722.1625544975568
6790,Rpl18a,187,1239.6892648639357,1662.1559836987326
6791,Rpl18a,187,1239.9158980115049,1706.2958950045668
6792,Prpsap1,156,1245.048373138578,1681.2760372566372
6793,Rpl18a,187,1244.5638458686597,1713.1546423001726
6794,Rpl18a,187,1244.4879395051385,1740.4054062222986
6795,Rpl18a,187,1244.609952511797,1626.8692975631243
6796,Rps15a,191,1244.9366259448682,1546.363725090198
6797,negative_control,450,1248.9628480924732,1601.1297641017643
6798,Ywhah,266,1250.1944669243585,1523.8183211220844
6799,Rpl18a,187,1251.4070166501458,1519.5154227617886
6800,Rps15a,191,1251.252371384354,1663.186763131881
6801,Sdc4,202,1259.9753438842622,1677.5861956105746
6802,Rpl18a,187,1260.6170931319612,1567.9284113894448
6803,Pdia4,141,1260.9704314859764,1672.2642663150646
6804,Rpl18a,187,1261.4738083134448,1573.132145706843
6805,Rpl18a,187,1262.026574285501,1577.8312829471147
6806,Rpl18a,187,1264.0417461678817,1730.6185412750292
6807,negative_control,290,1267.3449503271831,1567.0789848358063
6808,Rpl18a,187,1268.4768514196153,1593.1977179464432
6809,Rpl18a,187,1268.5717854013758,1666.1609621244456
6810,negative_control,920,1274.9543766511688,1573.0850855956865
6811,Rpl18a,187,1274.694343162107,1540.9769966713793
6812,Rpl18a,187,1278.9151135473055,1599.450945922462
6813,Rpl18a,187,1282.5643760027192,1557.7771310744945
6814,Rpl18a,187,1283.1730615363676,1726.5327563262122
6815,Sdc4,202,1287.007879580991,1695.7142425120396
6816,negative_control,707,1289.535156943949,1583.1983854903472
6817,Rpl18a,187,1290.8706039540352,1551.9102240911052
6818,Rps15a,191,1298.784100495665,1581.6234038335144
6819,Sdc4,202,1300.0325972731112,1601.4419812501412
6820,Rpl18a,187,1301.0101300356648,1546.10995256337
6821,Trps1,243,1303.2872179587362,1695.616378764169
6822,Rpl18a,187,1303.3749862726854,1707.2943820103296
6823,Ywhah,266,1309.5688656849163,1602.7514296918907
6824,Rps15a,191,1313.5154125773477,1549.1112408790727
6825,Sdc4,202,1313.6991946276237,1630.000936156308
6826,Lamp1,74,1326.7888680641884,1670.210473141639
6827,Sdc4,202,1333.6645439788915,1645.515415670175
6828,Rpl18a,187,1335.6331161900264,1601.7683377657756
6829,Rpl18a,187,1338.0364595101987,1577.0099665287232
6830,Ywhah,266,1340.0959699721711,1574.156605327751
6831,Rpl18a,187,1345.809220402127,1553.9049131530376
6832,Rpl18a,187,1350.8488514391702,1598.1456945640894
6833,Rpl18a,187,1351.496697280421,1607.158702139598
6834,Ywhah,266,1351.7462380674974,1558.8165816396622
6835,Rpl18a,187,1353.4218772994832,1666.504560812235
6836,Rpl18a,187,1355.1481267602624,1564.8754596037345
6837,Sdc4,202,1363.7096017768597,1599.3066889407792
6838,Rps15a,191,1367.9389825719506,1602.5893317913965
6839,negative_control,906,1367.3008066131465,1602.1827761770053
6840,Rpl18a,187,1369.7856076317726,1663.9953394120978
6841,Rps15a,191,1369.5307783158305,1537.992849146523
6842,Rps15a,191,1371.535969119183,1703.3572156718938
6843,Rpl18a,187,1371.815300531268,1687.5333450599717
6844,Sdc4,202,1380.7793873149494,1568.3550468258472
6845,Puf60,171,1381.682959861418,1563.3800454540535
6846,Prpsap1,156,1383.0555260292697,1589.0975378133892
6847,Rpl18a,187,1386.0819452955402,1709.0387523039185
6848,Prpsap1,156,1388.0490886163532,1553.7765450184722
6849,Rpl18a,187,1389.94162907049,1665.2999117239808
6850,Rpl18a,187,1389.7044592135512,1571.486526711194
6851,Rpl18a,187,1391.012601800485,1577.946668114128
6852,Rpl18a,187,1394.1775039237723,1626.9414017469712
6853,Rpl18a,187,1395.007416808926,1573.1330034211098
6854,Rpl18a,187,1394.9112783055582,1555.6028140433482
6855,Rps15a,191,1395.6780240006644,1528.0607816301876
6856,Rpl18a,187,1395.8860374806843,1665.6923516768938
6857,Rpl18a,187,1396.849231312761,1547.4730887264177
6858,negative_control,1081,1402.2344103867672,1543.3323064780864
6859,Lrrc59,79,1402.9167036064916,1543.355918896912
6860,Rpl18a,187,1405.5556202910086,1592.4486955271664
6861,Rpl18a,187,1406.3933735958906,1633.9861364315543
6862,Rpl18a,187,1409.7491911508514,1655.3325443868994
6863,Rpl18a,187,1411.228352472311,1548.8297172839389
6864,Rpl18a,187,1415.0002497370442,1671.4626997036066
6865,Rpl18a,187,1416.5716843960918,1623.2123640069135
6866,negative_control,920,1419.5415614837366,1529.2125770273738
6867,Trps1,243,1419.9403693437994,1598.9099213168747
6868,Rpl18a,187,1419.3725002098724,1551.8964583387317
6869,Rpl18a,187,1422.120689954828,1621.0336098032512
6870,Rpl18a,187,1422.4160480015428,1609.2144668926762
6871,Rps15a,191,1423.840939105489,1516.8922244824007
6872,Rps15a,191,1426.341657337575,1616.7486217114838
6873,negative_control,1837,1428.9502565367038,1536.3006854567218
6874,Ywhah,266,1430.716601188724,1601.3518715234595
6875,Ywhah,266,1430.950933976273,1504.1966848022455
6876,negative_control,1694,1431.2348166958725,1544.2274212093907
6877,Rpl18a,187,1436.5040508277566,1533.0562536225648
6878,Rpl18a,187,1437.4574656212085,1502.1222538874945
6879,negative_control,1906,1443.2854986749933,1565.2592392263157
6880,Rps15a,191,1444.4349281516404,1612.3425793449574
6881,Rps15a,191,1445.8710300105172,1556.6671649205637
6882,negative_control,1694,1455.7241561486944,1632.8292782782185
6883,Rpl18a,187,1459.642809474952,1626.831336008407
6884,Rps15a,191,1459.8807932707218,1558.4153205188866
6885,Rps15a,191,1461.4440780195696,1623.4427201608585
6886,Rpl18a,187,1468.513867900674,1497.7578789179563
6887,Puf60,171,1470.753108437004,1510.0192052645516
6888,Prpsap1,156,1474.2672731378314,1586.7588271091804
6889,Rps15a,191,1474.6404392951267,1573.0444786960295
6890,Rps15a,191,1475.616502282223,1579.3336162558091
6891,Rps15a,191,1477.0315821279703,1494.9102650308855
6892,Rpl18a,187,1477.2732062684458,1520.609543131209
6893,Rps15a,191,1484.0019434224544,1515.7942892005042
6894,Myh9,118,1483.7617938226035,1516.035604932459
6895,Rpl18a,187,1486.5226829759858,1601.618950853131
6896,Rpl18a,187,1493.576987994923,1590.00252312754
6897,Rps15a,191,1497.7599472735978,1577.7323294430707
6898,Puf60,171,1498.1983165220413,1587.189502841254
6899,Rps15a,191,1499.5850729794563,1569.604283474086
6900,Rpl18a,187,1501.9499473312676,1555.0849279400782
6901,Rpl18a,187,1502.258111013325,1482.139088572099
6902,Rpl18a,187,1503.0937921929658,1582.134525460229
6903,Rps15a,191,1504.2795076716295,1458.9386041426253
6904,Rpl18a,187,1509.3473377337673,1517.0994427745209
6905,Puf60,171,1517.437539658339,1526.288794300202
6906,Puf60,171,1518.378755196831,1582.1116787050955
6907,Rps15a,191,1523.488198871888,1524.743753807806
6908,Rpl18a,187,1525.1709562611422,1582.4515181614522
6909,Rps15a,191,1539.7650176567718,1552.4561987497732
6910,Rpl18a,187,1544.785911721845,1596.7489579162052
6911,Rpl18a,187,1546.4664637355172,1576.1419182749382
6912,Puf60,171,1547.1587565203806,1582.9010745956518
6913,Rps15a,191,1550.2400840989171,1553.3918327166375
6914,Rps15a,191,1556.90904265592,1594.302849759437
6915,Rps15a,191,1560.2602603840648,1571.3819615019347
6916,Prpsap1,156,1567.0099067029469,1583.9327287901442
6917,Rpl18a,187,1567.6920326175868,1560.2807906214834
6918,Rps15a,191,1571.1782161128174,1571.2528510710858
6919,Rps15a,191,1572.1083003176975,1562.146092729014
6920,Rpl18a,187,1574.4514896700205,1579.872942930098
6921,Vim,261,1133.0482933380988,1753.8493734259655
6922,Ndufs8,123,1138.4290072306248,1733.2521770508024
6923,Arf1,6,1142.4308827532784,1720.779666137678
6924,Arf1,6,1150.4244755350228,1767.4771804122452
6925,Ndufs8,123,1152.70922305541,1751.350281372479
6926,Arf1,6,1162.733011421042,1789.1361836667584
6927,Arf1,6,1171.8710774957644,1687.0467755121565
6928,negative_control,1421,1175.4519383446489,1674.316263465529
6929,Arf1,6,1179.1941745062063,1771.702260182441
6930,Vim,261,1192.1019448017043,1661.9924218458482
6931,Paics,137,1195.46608142763,1632.9643676922065
6932,Paics,137,1195.7121345253563,1533.7805711490705
6933,Arf1,6,1200.8051612273027,1622.5815568485457
6934,Vim,261,1203.756235971786,1627.0844364074785
6935,Paics,137,1219.9735606170825,1556.9782195894677
6936,negative_control,367,1221.3242856267216,1675.4015263045858
6937,Paics,137,1226.2661305895922,1598.226724687982
6938,Vim,261,1226.1072555410192,1518.699340921899
6939,Arf1,6,1237.4357544456946,1672.3312931497285
6940,Arf1,6,1246.0797315965842,1561.9825607236162
6941,Arf1,6,1249.1455255864169,1595.1600793004804
6942,Polr2m,149,1248.742572737613,1595.9689008962978
6943,Paics,137,1248.2499592695622,1596.4969190507452
6944,Srebf2,215,1250.005149159647,1602.1449173680076
6945,Uqcrc1,256,1251.4467021884743,1580.7145426761124
6946,Fus,47,1251.9601325240046,1580.3723459739915
6947,Psmd4,164,1256.07468232033,1577.149512274755
6948,Arf1,6,1258.5137200526858,1547.0898381584675
6949,Ndufs8,123,1259.0861649727258,1699.1624759689098
6950,Arf1,6,1260.8013126193548,1526.9001656253663
6951,Arf1,6,1268.9611595117865,1564.2503181884465
6952,negative_control,1420,1275.7157745645482,1553.5937204097872
6953,Arf1,6,1282.757616576288,1688.5447298075476
6954,Arf1,6,1284.713124107825,1705.2859218423544
6955,Arf1,6,1302.8775661588163,1630.9881037157106
6956,negative_control,1421,1307.8086366783868,1591.3467287567692
6957,Srebf2,215,1310.108844367845,1688.063951717157
6958,Arf1,6,1311.351310425764,1571.451250560673
6959,Ndufs8,123,1331.4507417559755,1584.6212410057385
6960,negative_control,1416,1333.5014904264622,1594.3783001408417
6961,Srebf2,215,1341.442975211361,1679.9257825309105
6962,Arf1,6,1347.020540028746,1568.3979433970908
6963,Arf1,6,1360.5304649848836,1550.4410705787209
6964,Srebf2,215,1363.5473940191664,1589.9885992769646
6965,negative_control,1410,1364.4244722253666,1682.3098880329585
6966,Arf1,6,1366.7951772800252,1611.0312903169608
6967,negative_control,1268,1369.7309141702056,1565.2021043622158
6968,Paics,137,1372.033194618002,1572.3970686493765
6969,Arf1,6,1375.5461123097796,1683.4646471017086
6970,Arf1,6,1383.4424660104544,1539.4412505885307
6971,Arf1,6,1387.1506580494013,1701.724301124034
6972,Ndufs8,123,1391.61218857915,1595.144797292005
6973,Paics,137,1425.767791864164,1547.4115903744475
6974,Paics,137,1437.5390550188,1504.956862034688
6975,Arf1,6,1449.5563973233598,1579.5422448423196
6976,Arf1,6,1452.6206501807765,1548.5363444712832
6977,negative_control,1116,1458.9840323269805,1592.9643020035253
6978,Arf1,6,1461.1352987963182,1487.601169375828
6979,negative_control,489,1463.895026205808,1545.2792997366887
6980,Paics,137,1469.0204252881824,1512.778788129037
6981,Paics,137,1470.4435426290297,1491.8145421737804
6982,Ndufs8,123,1475.926519652782,1555.6411088618238
6983,Srebf2,215,1479.335678253625,1479.2248809621533
6984,Paics,137,1480.2951279697984,1555.6497359995783
6985,Arf1,6,1483.612523192272,1488.0344970343658
6986,Arf1,6,1484.0152219110555,1481.1374064332915
6987,negative_control,1418,1492.1990779652583,1471.3381681479327
6988,Paics,137,1498.8996993019578,1584.2252391739196
6989,Srebf2,215,1502.544388992883,1511.0859608407263
6990,Arf1,6,1503.1124704214797,1573.2853519961486
6991,Arf1,6,1508.9443230595562,1500.823584866619
6992,Arf1,6,1509.8354007153998,1565.5869732146386
6993,Paics,137,1513.065947977746,1526.9441808391225
6994,negative_control,366,1518.0655115607929,1559.6406863030045
6995,Paics,137,1526.3801334549637,1466.4606842834044
6996,negative_control,1417,1535.3153884737617,1569.5605317421116
6997,Paics,137,1577.133206168936,1573.2175225447131
6998,Arf1,6,1578.4774275236175,1581.2541372744934
6999,Ndufv1,124,1122.564342298546,1697.241922614886
7000,Ndufv1,124,1137.104566649644,1704.6914936622
7001,negative_control,904,1155.1315485476714,1725.3972547348762
7002,negative_control,595,1163.2215855468862,1663.9827120158218
7003,Ndufv1,124,1170.1685028962384,1776.4099163864453
7004,negative_control,750,1190.165813212329,1747.209029103191
7005,negative_control,898,1195.5484787390235,1683.166993250452
7006,negative_control,901,1220.313266484521,1694.8423762541763
7007,Ndufv1,124,1257.3735763872417,1619.5056398044485
7008,Thy1,228,1258.0638355269266,1621.4496711324716
7009,negative_control,750,1276.63044619022,1606.121562314804
7010,Ndufv1,124,1287.3183750042404,1571.9627540550275
7011,negative_control,1821,1303.227807432388,1613.8125495350414
7012,negative_control,898,1374.876679313077,1545.648188796358
7013,Ndufv1,124,1375.3614630032334,1643.859359174343
7014,Csnk2b,23,1375.9679919015823,1556.6861835164857
7015,negative_control,749,1421.997817408203,1622.3836046381984
7016,Timp2,229,1426.7231137624103,1575.8313692705783
7017,negative_control,450,1444.0826214646142,1607.394742273788
7018,Ndufv1,124,1472.6687286452236,1559.7838796681335
7019,Maged1,82,1492.2756293164289,1561.1206559243906
7020,negative_control,904,1497.227431428711,1544.363109310144
7021,Ndufv1,124,1513.0167490781755,1522.3195017953844
7022,Nfe2l1,127,1093.804992303631,1780.353951736833
7023,Timp2,229,1115.2657485691852,1736.692806071223
7024,negative_control,1282,1132.4094280887905,1771.218211763881
7025,Timp2,229,1136.9814241502525,1750.5614618059
7026,Timp2,229,1136.819733992685,1734.120625492188
7027,Nfe2l1,127,1141.4439336664752,1714.4797922425523
7028,Timp2,229,1144.870981877551,1756.6786979425142
7029,Timp2,229,1159.8540481351413,1785.888009877895
7030,negative_control,506,1179.6120423504783,1648.2384300892218
7031,Timp2,229,1186.0416824945337,1737.2255291585402
7032,Timp2,229,1192.1353789707834,1666.306577575156
7033,Timp2,229,1192.863943170444,1628.797584391516
7034,negative_control,506,1207.2651098620152,1661.9116307983322
7035,Timp2,229,1235.690492905101,1720.1087264209712
7036,Timp2,229,1235.6339553317791,1710.9987663774914
7037,Nfe2l1,127,1244.166270827804,1512.844063602918
7038,Nfe2l1,127,1248.440826743402,1576.9784100426743
7039,Timp2,229,1251.7252572865457,1576.0599438237823
7040,Timp2,229,1258.754410780346,1727.251611054781
7041,Timp2,229,1260.8635505392333,1690.2845059390672
7042,Timp2,229,1263.438254279435,1669.69299009918
7043,Timp2,229,1263.8119468594398,1594.8644317183275
7044,Timp2,229,1271.7387353525469,1721.0206948116156
7045,Thy1,228,1275.3609421224758,1677.0807942116023
7046,Nfe2l1,127,1290.2931170698712,1663.554466852337
7047,Tnfrsf1a,233,1308.6490559626704,1693.321994621726
7048,Timp2,229,1313.616762396007,1641.9242753100243
7049,Timp2,229,1315.8565850343002,1550.2343295909782
7050,Nfe2l1,127,1317.2724074521457,1626.5044946811377
7051,Timp2,229,1319.0738628771956,1548.7071985086309
7052,Timp2,229,1334.5098381225162,1694.620425275858
7053,Timp2,229,1336.0410869310688,1643.3215831498178
7054,Timp2,229,1368.8294635085024,1597.9815780769095
7055,Timp2,229,1369.9095640352036,1591.1471807377118
7056,negative_control,1129,1393.749047127611,1562.6533007925004
7057,Timp2,229,1393.973335266741,1670.7536202517792
7058,Timp2,229,1394.4490408477443,1548.0294237091723
7059,Nfe2l1,127,1408.2649634197198,1615.607480784006
7060,Timp2,229,1413.5654303495307,1619.6644631427157
7061,Timp2,229,1416.5489894754987,1661.0102766865944
7062,negative_control,509,1428.8722696521954,1521.171904604542
7063,Rpl15,186,1432.860311864118,1624.6396740783473
7064,Timp2,229,1433.0260556266428,1624.2337488436738
7065,negative_control,510,1444.0189318818575,1501.7872565696714
7066,Timp2,229,1452.1749350373018,1504.9852271430027
7067,Rpl15,186,1457.7854705184195,1598.3051118180506
7068,negative_control,1543,1457.4109306992646,1599.3298021200585
7069,negative_control,1755,1460.6566314735503,1592.9743188108712
7070,negative_control,839,1472.6278205887943,1577.3260063786672
7071,Vim,261,1492.7627304893504,1477.3576656626062
7072,negative_control,1888,1514.9627797548274,1482.6384990651268
7073,Prmt1,153,1533.177081698106,1585.877696886774
7074,Csnk1a1,22,1081.1211507618796,1649.9871839014177
7075,St13,220,1122.4626350950114,1766.054703157471
7076,Csnk1a1,22,1127.5026146966022,1710.6007699789382
7077,Ssrp1,219,1133.535388453311,1796.0490240063716
7078,negative_control,1300,1149.2475529478784,1691.883703774708
7079,St13,220,1156.515620965658,1762.3798157415076
7080,negative_control,1543,1163.0695393815674,1676.4955929500036
7081,Ssrp1,219,1165.2013645178304,1776.5726163929455
7082,Sfpq,206,1165.6834840325366,1666.1554934235546
7083,Sfpq,206,1190.6882148534582,1534.3611422673257
7084,negative_control,1684,1195.7405396284755,1698.0146493603247
7085,Mrpl12,92,1200.5754751641782,1656.7988203501789
7086,negative_control,1683,1202.0348904076805,1704.794598034319
7087,Mrpl41,102,1210.560402803767,1681.6592085795469
7088,Sfpq,206,1214.8347224866675,1615.8905214840431
7089,Sfpq,206,1215.3163544112504,1622.7257060660077
7090,Ssrp1,219,1217.150792682659,1517.3306547317516
7091,Csnk1a1,22,1217.3165035800662,1664.4703884073629
7092,Sfpq,206,1222.5534673070033,1741.9164357759462
7093,Sfpq,206,1232.6952774619117,1692.004186065925
7094,Ssrp1,219,1235.2821909676752,1542.4077431938942
7095,Ssrp1,219,1237.7373751671362,1733.1494553017922
7096,Ssrp1,219,1237.446117159082,1711.3289003050922
7097,Csnk1a1,22,1243.4660255650394,1551.5093502445477
7098,Sfpq,206,1252.782695462462,1685.641592141434
7099,Sfpq,206,1256.4787384572082,1587.774658970754
7100,Ssrp1,219,1256.6413020821628,1556.050225521968
7101,St13,220,1259.912998664313,1710.354019610251
7102,Ssrp1,219,1261.7192755035965,1728.0719239887562
7103,Sfpq,206,1277.3641679936993,1554.1745565982258
7104,St13,220,1279.396169852485,1626.557112049191
7105,Mrpl41,102,1282.245807920888,1609.4917112909634
7106,Sfpq,206,1286.8708796753665,1553.367086471624
7107,Csnk1a1,22,1291.3481392580793,1527.6187297119363
7108,St13,220,1292.8368659636506,1553.5880890668225
7109,Sfpq,206,1294.3121734373726,1546.6955360631207
7110,St13,220,1297.6431697776095,1538.9367221479065
7111,Sfpq,206,1297.7697552348209,1561.035796805458
7112,Sfpq,206,1317.465547410432,1687.6038566060397
7113,St13,220,1340.259250626504,1595.5481759154384
7114,negative_control,1368,1347.712242972318,1553.5864193550174
7115,Sfpq,206,1348.5906376216867,1642.6676894097177
7116,Sfpq,206,1354.697661282241,1553.616618588272
7117,Csnk1a1,22,1358.6874082912136,1716.8463743316752
7118,Csnk1a1,22,1362.7436160653633,1540.107270226051
7119,Sfpq,206,1369.135767003232,1592.843143063858
7120,Sfpq,206,1370.4178449591354,1566.5573330953828
7121,negative_control,1688,1372.6567484008244,1583.6692440564834
7122,negative_control,461,1372.7596109769424,1640.6923296687226
7123,Sfpq,206,1375.7905485015258,1554.2267710335414
7124,Sfpq,206,1376.0224013249458,1705.867261382777
7125,Sfpq,206,1377.22780790239,1588.3489245782744
7126,Sfpq,206,1405.3725351217818,1532.5301140724887
7127,Sfpq,206,1412.0251113987622,1549.1792428924869
7128,St13,220,1412.9040608285973,1656.0307272659104
7129,Csnk1a1,22,1413.582072186844,1662.3311763155684
7130,St13,220,1429.5742554858905,1514.8025761933216
7131,Ssrp1,219,1430.5519000030308,1652.7758795661814
7132,Csnk1a1,22,1433.8501075811275,1543.8806236277328
7133,St13,220,1443.5231680284585,1516.5236962175868
7134,Csnk1a1,22,1447.400707121668,1604.8985606517924
7135,Hif1a,57,1449.286451717302,1499.8941181292394
7136,Mrpl28,97,1452.360051356345,1529.112727797571
7137,St13,220,1454.374979215121,1537.491147410003
7138,Sfpq,206,1457.9177718353103,1631.1083958140878
7139,St13,220,1458.7212657622858,1561.5966485534923
7140,Sfpq,206,1460.6103252941846,1503.473593600683
7141,St13,220,1465.26728876002,1621.170330140173
7142,negative_control,1368,1468.9996274712228,1550.8211083587623
7143,St13,220,1470.305896784548,1616.7637808695913
7144,Sfpq,206,1473.2137556200112,1561.1755751995718
7145,St13,220,1474.9203633250104,1604.0651347922685
7146,Sfpq,206,1478.8999694331449,1550.1335123003244
7147,Ssrp1,219,1480.2151358169767,1507.2202796804377
7148,Ssrp1,219,1492.1026131898057,1550.6086295921175
7149,Csnk1a1,22,1493.3693405998035,1486.220030219155
7150,Ssrp1,219,1494.8970352490674,1565.5052714197843
7151,Ssrp1,219,1497.8751067285657,1475.851883568196
7152,Sfpq,206,1502.4822966687104,1564.8412092349622
7153,Ssrp1,219,1502.6230020474577,1540.4580996397283
7154,negative_control,1690,1504.130614351424,1577.4617996739355
7155,St13,220,1509.6306816849058,1532.0065134699014
7156,Sfpq,206,1523.8889763252064,1589.1093848114672
7157,Sfpq,206,1531.2118884890424,1570.07882111018
7158,St13,220,1530.723218122851,1586.74611267442
7159,St13,220,1534.3824404061118,1539.646780635104
7160,St13,220,1544.5946231835271,1538.681792222289
7161,Sfpq,206,1555.6148366712932,1574.0471424684747
7162,Lamp1,74,1109.309285302323,1787.394424534296
7163,Cs,20,1129.7902866859574,1716.972878526996
7164,Lamp1,74,1136.735860674049,1774.8449516706269
7165,Lamp1,74,1137.172762467509,1744.9590411010463
7166,Pdia4,141,1141.9147146908963,1672.599087397096
7167,Pdia4,141,1142.7175522358104,1707.6994761216356
7168,Vim,261,1150.478033447429,1734.8376185531474
7169,Pdia4,141,1160.2199914890064,1660.1584174204245
7170,Cs,20,1162.947035046232,1696.7215913708185
7171,Cs,20,1168.8389986139878,1773.162022051812
7172,negative_control,1346,1170.8743496598122,1729.0225537535548
7173,negative_control,1295,1170.8857949363423,1728.230190463535
7174,negative_control,2028,1169.525305529242,1730.156625827615
7175,Cs,20,1177.7607432376665,1652.0928878785949
7176,Trp53,242,1187.8529904752331,1635.313280103154
7177,negative_control,1299,1193.3549017220523,1717.5283494603138
7178,negative_control,1287,1194.8734965259932,1684.0962714220911
7179,Ran,178,1202.256268658928,1634.9596559425868
7180,Cs,20,1206.1392984349482,1517.4621052398302
7181,negative_control,1768,1208.133288274588,1694.7601646295325
7182,Ddx17,26,1212.678421107363,1704.6900109583507
7183,Ran,178,1214.8579032304572,1754.2985965718735
7184,Ddx17,26,1226.8906741566952,1719.4032538402864
7185,Lamp1,74,1243.6140378138662,1692.1038598969792
7186,Ran,178,1243.9642098174768,1541.2656853160438
7187,Ran,178,1243.9195827952626,1582.5383367058791
7188,Lamp1,74,1256.518633544924,1646.3091995074758
7189,Lamp1,74,1256.7605178180102,1584.1227344385345
7190,Ran,178,1262.7452027595405,1668.4233923860272
7191,Lamp1,74,1268.6036590950753,1709.2679947761308
7192,Ddx17,26,1269.9047661402278,1553.872197761256
7193,Ddx17,26,1273.6995069484642,1596.3179128863733
7194,Ddx17,26,1274.3118548445657,1711.843613851867
7195,Lamp1,74,1279.9892254856247,1628.4419422925791
7196,negative_control,1767,1283.1700784721731,1629.869271643946
7197,Lamp1,74,1289.7519071409015,1705.0371622123926
7198,Ran,178,1291.4270191263763,1633.7652125461186
7199,Lamp1,74,1296.552986874991,1557.4100587602654
7200,Pdia4,141,1302.7554598278623,1717.2288471081108
7201,Cs,20,1314.6941117784204,1592.588465610524
7202,Pdia4,141,1316.2027625000046,1695.4279494236682
7203,Lamp1,74,1321.7414083904553,1571.5442542816245
7204,Pdia4,141,1331.9108428240518,1692.118249348173
7205,Pdia4,141,1332.2225717502315,1696.3262736482482
7206,Lamp1,74,1343.4210562845285,1563.8289676207278
7207,Lamp1,74,1346.241165677582,1720.5698350622076
7208,negative_control,1300,1366.6104181262226,1572.7982475883778
7209,Lamp1,74,1369.6376107067665,1626.0229476449288
7210,negative_control,2046,1369.0849125908758,1625.4725833190876
7211,Ddx17,26,1370.638985498464,1714.5335242121384
7212,Lamp1,74,1370.5384126064243,1576.98207921771
7213,negative_control,1298,1374.8636247432871,1675.020509783709
7214,negative_control,1002,1377.1769066885704,1609.07814681604
7215,Lamp1,74,1383.014256771639,1598.6375472630502
7216,Lamp1,74,1383.558774873531,1613.7751217530513
7217,negative_control,377,1385.582032590911,1604.449752571798
7218,Ran,178,1395.7394614196774,1563.8017508798357
7219,Lamp1,74,1400.3358038702077,1655.2215783919248
7220,Lamp1,74,1401.5748330166969,1602.5193614550913
7221,Ran,178,1418.6268376126563,1626.4450107327957
7222,Ran,178,1420.3794090143522,1552.3565383912592
7223,Lamp1,74,1420.3024629735146,1661.6516785974927
7224,Nap1l1,120,1428.6961978645938,1564.8373158693144
7225,Ran,178,1428.326960657392,1529.6262047488842
7226,Lamp1,74,1431.9232596473148,1605.8604676869631
7227,Ran,178,1437.426997724927,1592.721968292916
7228,Lamp1,74,1438.3331585422466,1584.6044115598384
7229,Ran,178,1437.8666289814184,1515.6288191769768
7230,negative_control,1294,1442.2753070142926,1595.619580363017
7231,Pla2g4a,145,1459.3052996294923,1603.078905449155
7232,negative_control,1463,1468.5779264745383,1605.271098696939
7233,Ddx17,26,1476.5300920717998,1571.8891879148591
7234,Cs,20,1485.959392642178,1571.4532047262255
7235,Cs,20,1488.235147579705,1603.4321860240218
7236,Mrps9,111,1489.6408367744084,1482.5200430890088
7237,Lamp1,74,1493.89448467133,1592.8820538548405
7238,Vim,261,1498.7329202991596,1562.5370593821867
7239,Psma7,161,1498.1606906640243,1563.0369915930623
7240,Lamp1,74,1497.386260501734,1556.4461449276191
7241,Ran,178,1500.296420648016,1554.81597209269
7242,Ran,178,1505.990650590112,1591.6147026538058
7243,Lamp1,74,1511.4280207736183,1575.8947820114752
7244,Cs,20,1518.717474544507,1551.5229770575702
7245,negative_control,377,1519.5606617668766,1587.305687257753
7246,Pla2g4a,145,1525.480317789899,1593.1752325503496
7247,Ddx17,26,1528.0302826973818,1535.422956244778
7248,Cs,20,1534.244571853524,1591.8438767996508
7249,Vim,261,1540.9264050597726,1590.9918436583043
7250,Ran,178,1540.456391521443,1590.0594052578465
7251,Cs,20,1562.221986173995,1561.4177539010202
7252,Zfp36l2,270,1100.19124982489,1794.8471833090027
7253,Zfp36l2,270,1124.112683111821,1779.7132470272045
7254,Ppp2r1a,151,1127.652196293723,1758.7700482486025
7255,negative_control,1380,1129.5474117176152,1689.468545878227
7256,Prmt1,153,1132.6987518412618,1736.3851008039842
7257,Zfp36l2,270,1133.4866879982312,1678.1245279881996
7258,negative_control,790,1140.6782143477192,1745.4889391372026
7259,Ppp2r1a,151,1146.5268714751708,1675.430974684952
7260,Zfp36l2,270,1146.8965517250308,1781.543428094556
7261,Ppp2r1a,151,1152.6970294068883,1701.7863433422406
7262,Prmt1,153,1159.7681471197575,1656.5816131469462
7263,Ppp2r1a,151,1161.9315835600785,1754.9893741339145
7264,Ppp2r1a,151,1166.2849568289876,1724.7486462365655
7265,Ppp2r1a,151,1171.3374968174248,1695.6774872877338
7266,Cct5,10,1178.023864330154,1712.3822847058236
7267,negative_control,1380,1178.3229862046326,1730.504870686016
7268,Ppp2r1a,151,1192.1483425198026,1651.947997543239
7269,Rnf11,185,1193.143753752513,1725.491035962158
7270,Fus,47,1200.493815097786,1748.963301855486
7271,Prmt1,153,1202.9465495255813,1548.5810308964956
7272,Rnf11,185,1204.0593813704031,1627.8212556775247
7273,Prmt1,153,1207.657308713524,1502.8893739010257
7274,Cct5,10,1210.3863751476072,1665.6315852705593
7275,Cct5,10,1211.720611405907,1616.4937724173176
7276,Ppp2r1a,151,1214.661220803452,1620.969427448293
7277,negative_control,2069,1217.2102012731898,1659.4608076748616
7278,Zfp36l2,270,1218.1447687353386,1559.152608499969
7279,Zfp36l2,270,1221.582186382918,1611.8722372249908
7280,Prmt1,153,1222.4245280155485,1636.264980307311
7281,Cct5,10,1223.2429774257623,1689.5035719243265
7282,Cct5,10,1226.301917612304,1595.4571429565972
7283,Cct5,10,1226.127875134882,1514.6659296325693
7284,Zfp36l2,270,1229.5789880018033,1590.1780086979545
7285,Snrnp70,210,1232.2258162288629,1520.1472849976349
7286,Zfp36l2,270,1237.098333037617,1673.8908112457943
7287,Cct5,10,1241.5564557247576,1568.1854366136515
7288,Rnf11,185,1246.9974366891242,1633.192725643929
7289,Zfp36l2,270,1249.488046524226,1554.8940451681522
7290,Zfp36l2,270,1258.4145317724845,1663.0290236088983
7291,negative_control,306,1260.701988095827,1729.9163599053063
7292,Tnfrsf1a,233,1261.5941054859125,1729.570819878098
7293,Zfp36l2,270,1265.383149848352,1555.7242576637286
7294,Zfp36l2,270,1269.648695558952,1674.806969177046
7295,Zfp36l2,270,1271.4078963935249,1683.219619851262
7296,Ppp2r1a,151,1272.113502818299,1588.658193775373
7297,Zfp36l2,270,1281.4984805864224,1716.1060641419865
7298,negative_control,776,1287.8250472639147,1725.188377485193
7299,Cct5,10,1288.441382705018,1541.2632749974796
7300,Zfp36l2,270,1289.9709093936865,1579.9596736962892
7301,Zfp36l2,270,1297.341152075575,1633.74991653523
7302,Prmt1,153,1297.715652709369,1718.294190038756
7303,Zfp36l2,270,1298.880447709899,1722.02598487334
7304,Zfp36l2,270,1299.2618736465283,1661.9897263758892
7305,Cct5,10,1301.697428751405,1715.4327885270666
7306,negative_control,785,1303.4722776345025,1633.5905791134094
7307,Ppp2r1a,151,1307.8489017595832,1541.3888138475304
7308,Zfp36l2,270,1307.7937698100004,1634.33351843213
7309,Zfp36l2,270,1313.0989761850285,1714.8523207820433
7310,Myh9,118,1313.176796821282,1713.7134578976743
7311,Prmt1,153,1313.6438678331351,1568.7285331377664
7312,Zfp36l2,270,1314.6351010260887,1557.4037330458857
7313,Cct5,10,1324.7768384838823,1553.0383118660002
7314,Zfp36l2,270,1325.7691145197357,1708.8752093810822
7315,Cct5,10,1332.237955608693,1550.5462094678162
7316,Cct5,10,1337.933716225737,1549.043262495812
7317,Ppp2r1a,151,1345.7103514024,1594.1615629335256
7318,Cct5,10,1351.6965354133288,1565.301940124415
7319,Uba1,250,1350.4526003855144,1568.3885306559175
7320,Ppp2r1a,151,1353.2644199485678,1683.0012441477704
7321,Ppp2r1a,151,1357.3467600212668,1578.2186900342415
7322,Zfp36l2,270,1360.9975736351305,1689.5443338244263
7323,Cct5,10,1362.098955172426,1662.250767444565
7324,Cct5,10,1364.744805816135,1593.854471767936
7325,Prmt1,153,1367.470976378199,1681.9677123419829
7326,Ppp2r1a,151,1370.0127903186922,1592.3762159255707
7327,Ppp2r1a,151,1373.466208369203,1597.6803785193897
7328,Ppp2r1a,151,1374.3908213445025,1686.1631512449958
7329,Prmt1,153,1378.655936011131,1542.4632582370225
7330,negative_control,778,1382.9773014973523,1643.894893471863
7331,Prmt1,153,1384.764545051357,1624.2148939159438
7332,Zfp36l2,270,1388.489653837578,1672.6963528094157
7333,Ppp2r1a,151,1390.0342261598078,1658.3650415486388
7334,Cct5,10,1390.512334696233,1669.7940910321784
7335,negative_control,306,1391.3850957661944,1675.272491361343
7336,Cct5,10,1393.075662923557,1537.4540098501336
7337,Cct5,10,1393.16939103603,1633.5258078910397
7338,Maged1,82,1393.7974437770183,1653.6759123182208
7339,Ppp2r1a,151,1395.2453032457968,1556.0409102426452
7340,Ppp2r1a,151,1396.1837767303582,1674.405438395822
7341,Ppp2r1a,151,1403.2942772548674,1586.7290648968906
7342,Cct5,10,1403.9636386698155,1621.5716883051762
7343,Cct5,10,1407.0572872377718,1663.001447974909
7344,Prmt1,153,1416.412798537515,1539.6470891353963
7345,Zfp36l2,270,1417.7109405847748,1562.7623701817336
7346,Zfp36l2,270,1424.8973749541287,1512.6721063907444
7347,Prmt1,153,1432.839406116542,1512.055531865642
7348,Zfp36l2,270,1434.8350510397886,1608.2694489933897
7349,Cct5,10,1443.6637479775015,1512.8652311381843
7350,Prmt1,153,1445.2909338361287,1624.4610813921515
7351,Zfp36l2,270,1450.7763503283545,1544.174868893389
7352,Rnf11,185,1451.4496958112788,1501.4878200806904
7353,Ppp2r1a,151,1451.9950718476084,1623.939622587464
7354,Cct5,10,1453.321411682984,1496.4190687752898
7355,Ppp2r1a,151,1455.4691962798206,1592.07249316946
7356,Prmt1,153,1455.1945571632498,1510.8048513177453
7357,Fkbp4,44,1456.1263993107607,1568.5219989874524
7358,Prmt1,153,1458.0009599831303,1623.8252928916947
7359,Ppp2r1a,151,1460.851028481323,1514.263744484057
7360,Prmt1,153,1461.480614772229,1509.826790456223
7361,Zfp36l2,270,1465.080554708933,1592.3346813490762
7362,Prmt1,153,1465.1497611432426,1501.8180751090244
7363,Ppp2r1a,151,1465.7049589426836,1616.5862667239437
7364,Cct5,10,1466.7704870851903,1567.3443771551342
7365,negative_control,465,1466.7434620515874,1585.5268952382191
7366,Cct5,10,1469.5318002147528,1612.8757623216454
7367,Cct5,10,1470.6836754999829,1508.6330889455735
7368,Cct5,10,1472.2508085658044,1480.7075214802153
7369,Zfp36l2,270,1472.3956984346933,1532.883707725145
7370,Zfp36l2,270,1476.0027495367772,1614.925711051401
7371,Ppp2r1a,151,1479.072451443027,1517.9192796453372
7372,Rnf11,185,1478.9615897440583,1538.8923252265088
7373,Prmt1,153,1481.1663238511394,1580.6479021470236
7374,Zfp36l2,270,1482.3993624091545,1484.66699658577
7375,Prmt1,153,1486.9384249872687,1522.4828068842062
7376,Cct5,10,1489.9387722572478,1570.7100408716587
7377,Cct5,10,1490.3402525904485,1535.6693269313216
7378,Rnf11,185,1491.5125232461555,1493.7441488769257
7379,Prmt1,153,1494.4512147520522,1533.1246937316726
7380,Uba1,250,1496.127725412451,1498.4489057539954
7381,Prmt1,153,1504.5448185285125,1480.7213127519433
7382,Ppp2r1a,151,1505.9382451706156,1527.7543514697852
7383,Ppp2r1a,151,1508.4534762506914,1537.2175959596093
7384,Cct5,10,1512.1304855751614,1576.0680979091896
7385,Cct5,10,1512.637017584316,1567.3568106424937
7386,Cct5,10,1522.867203751798,1539.6052560035837
7387,Cct5,10,1524.2914040648543,1588.9622530217453
7388,Prmt1,153,1533.9200383899297,1578.623778935961
7389,Prmt1,153,1535.1812359193707,1523.029972497884
7390,Ppp2r1a,151,1543.1092253394725,1584.026966142911
7391,Prmt1,153,1544.3968955758294,1569.3448257956372
7392,Prmt1,153,1546.2444667937134,1589.112718011136
7393,Cct5,10,1557.8350504914006,1592.8026473547952
7394,Prmt1,153,1559.1461844943422,1574.6343875087668
7395,Cct5,10,1582.9802345217254,1560.412533777783
7396,Ppp2r1a,151,1588.985127924527,1574.8662832090286
7397,Skp1a,207,1057.381141455686,1630.526450095464
7398,Tmbim6,230,1079.4215513392796,1651.5668431376434
7399,Mdh2,85,1082.7525871992473,1792.0529471244631
7400,Mdh2,85,1119.200459917952,1702.4216895156628
7401,Mdh2,85,1125.2772413950509,1772.9968149507076
7402,Tmbim6,230,1134.141898547869,1700.121937093508
7403,Mdh2,85,1135.617188609118,1711.6867371719472
7404,Tmbim6,230,1140.89402567154,1673.926467687812
7405,negative_control,390,1140.7571718225777,1686.3958085200206
7406,Sae1,199,1144.7371032662024,1721.419078544884
7407,Mdh2,85,1155.5600581861834,1760.471662784897
7408,Pcdhgc3,138,1156.5695918124125,1718.9572637849892
7409,Loxl1,78,1160.2942307119088,1789.4059207164487
7410,Sae1,199,1193.5820503207474,1525.753709925817
7411,Tmbim6,230,1198.8270015390824,1715.1475463388583
7412,Mdh2,85,1212.716907362361,1607.681917423257
7413,negative_control,711,1215.92006842328,1662.355510124897
7414,Mdh2,85,1228.2918381024765,1631.376433406703
7415,Pcdhgc3,138,1229.9335356260467,1705.5067730470068
7416,Mdh2,85,1230.4377410663838,1722.1791000155454
7417,Tmbim6,230,1233.2945776362585,1581.067184694362
7418,Tmbim6,230,1233.7778357309417,1588.3269867529389
7419,Tmbim6,230,1235.871586936939,1686.673346002221
7420,Mdh2,85,1245.30943157088,1564.5213743242234
7421,Nucb1,131,1249.0956961531583,1600.8071418084685
7422,Nucb1,131,1266.2814647600867,1720.1165076491686
7423,Mdh2,85,1265.8045363609876,1663.6993578664585
7424,Mdh2,85,1272.9542686424406,1622.2160640618126
7425,Mdh2,85,1275.2456370364591,1567.9645075534995
7426,Mdh2,85,1278.8243269650145,1717.7802704689186
7427,Tmbim6,230,1281.002102472719,1680.1606749154837
7428,Tmbim6,230,1287.9600775046652,1616.6356736883968
7429,Nucb1,131,1293.281649453623,1580.429956764858
7430,Mdh2,85,1299.9100408784784,1556.5405503888428
7431,Tmbim6,230,1299.714272354104,1578.2457566980715
7432,Fus,47,1299.7228176142637,1596.5397668694206
7433,negative_control,1322,1301.545123375526,1596.3402656235803
7434,Mdh2,85,1308.3611012017643,1553.1661651236795
7435,Pcdhgc3,138,1319.6908628474362,1603.2627748830237
7436,Skp1a,207,1325.198184903021,1652.775131831596
7437,Skp1a,207,1330.2538424016277,1556.438104972728
7438,Tmbim6,230,1335.4315457188234,1686.5011879806077
7439,Mdh2,85,1338.1766811678988,1567.5904356522162
7440,Nucb1,131,1365.6923252437175,1593.955377072164
7441,Loxl1,78,1371.175034604607,1702.4177659955865
7442,Nucb1,131,1384.9847038816283,1611.861129047718
7443,Mdh2,85,1387.4826330473993,1651.2777863228666
7444,Sae1,199,1390.6521048359737,1679.4309456913186
7445,Nucb1,131,1391.0179458631526,1661.7342443686866
7446,Ube2d3,251,1392.633597228584,1611.446803687718
7447,Nucb1,131,1395.6976800965797,1574.225113635778
7448,Mdh2,85,1408.6181417294324,1669.9906658418058
7449,Nucb1,131,1408.9331385972948,1693.1206819831434
7450,Tmbim6,230,1411.8147338250865,1674.1588301013107
7451,Skp1a,207,1413.677363785244,1661.0604926694425
7452,Mdh2,85,1416.7613717901286,1547.7813688551823
7453,Mdh2,85,1420.230128595885,1648.896869312267
7454,Nucb1,131,1420.4645521260445,1656.9170620982504
7455,Sae1,199,1432.1436661041105,1560.5400279146627
7456,Mdh2,85,1437.5055167368046,1549.2878744422485
7457,Vim,261,1446.9713085224887,1563.4808678126792
7458,Mdh2,85,1447.7513755061375,1515.7220470451634
7459,Loxl1,78,1463.664929522993,1525.6925858166533
7460,Mdh2,85,1467.5602607496644,1517.5941205727756
7461,Sae1,199,1468.6416842955462,1583.1623415912911
7462,Loxl1,78,1469.6962376258125,1566.914850717786
7463,Mdh2,85,1481.7268387052436,1593.5704703504775
7464,Tmbim6,230,1492.1858352009203,1470.851274251882
7465,Vim,261,1495.4363847111142,1561.0956253816958
7466,Skp1a,207,1511.4296719929482,1517.645651540504
7467,Skp1a,207,1513.9285086377172,1578.965635166277
7468,Mdh2,85,1516.7099530249288,1465.222305290357
7469,Lrrc59,79,1110.4816417453944,1768.3672228905566
7470,Lrrc59,79,1118.282041023438,1704.5260796523469
7471,Ptgs1,169,1133.7289447248702,1705.0715620438498
7472,Myh9,118,1139.4995140507576,1696.0564396059235
7473,Ptgs1,169,1142.3652608049044,1742.9824228249506
7474,Myh9,118,1144.7138993115193,1685.2998537495023
7475,Lrrc59,79,1145.1781741246105,1758.6686668159257
7476,Myh9,118,1153.395943707431,1781.7964359372163
7477,Thy1,228,1154.7733064406557,1657.655806156593
7478,Thy1,228,1155.6485980632167,1722.511030282196
7479,Thy1,228,1159.4230618303172,1693.791025292601
7480,Maged1,82,1163.7412747953472,1655.8402397149373
7481,Ptgs1,169,1163.4620613417708,1720.407447199323
7482,Myh9,118,1167.859213918857,1778.0361149976902
7483,Ssr2,217,1178.2936691264658,1748.524309524888
7484,Lrrc59,79,1179.4895254620983,1732.3621933769994
7485,Myh9,118,1182.683658953291,1662.9555729814483
7486,Pdha1,139,1202.1952682375625,1730.037856056508
7487,negative_control,1166,1204.711292229115,1702.9916930120676
7488,Lrrc59,79,1205.10925398798,1759.370735473388
7489,Lrrc59,79,1207.1225688736129,1672.5230927539742
7490,negative_control,802,1214.4423907427863,1660.9351297660442
7491,Thy1,228,1218.6980531607269,1615.856363168739
7492,Thy1,228,1224.6640244925309,1619.109135320744
7493,Fkbp9,46,1225.461426739735,1725.135718909854
7494,Myh9,118,1230.2806852887716,1545.2075862661666
7495,Myh9,118,1230.6424942033236,1518.908961515299
7496,Ptgs1,169,1232.1580017853476,1703.8679466965998
7497,Lrrc59,79,1233.584818140865,1640.8362848801034
7498,Lrrc59,79,1239.0937996163177,1580.0714328835668
7499,Thy1,228,1238.9518992705744,1548.151818208803
7500,Thy1,228,1247.28885920826,1645.6731948273532
7501,Lrrc59,79,1248.8084223400442,1572.9653579026951
7502,Thy1,228,1250.3349548328058,1666.8792719362232
7503,Lrrc59,79,1256.9743024753689,1727.2305857491374
7504,Ssr2,217,1256.767161626647,1636.8474047950765
7505,Thy1,228,1258.1662315367048,1588.1090313152465
7506,Ssr2,217,1258.643926290347,1710.9187849380064
7507,Fkbp9,46,1260.7753034022371,1592.4646836302131
7508,Mrps18b,106,1260.6260938655078,1705.9756192556658
7509,Mrps18b,106,1264.0486433384551,1679.9528051159314
7510,Myh9,118,1266.1057718691825,1580.8705828426737
7511,Lrrc59,79,1273.2277327518,1585.4714089109202
7512,Lrrc59,79,1276.344798416896,1649.9026648015586
7513,Thy1,228,1277.4541549434036,1728.7443178927538
7514,Thy1,228,1276.9488076506263,1611.34688960215
7515,Thy1,228,1277.9819421524223,1689.3516181613006
7516,Ptgs1,169,1280.5064144361284,1662.0491529466872
7517,Myh9,118,1282.9763428043343,1574.9158338393388
7518,Fkbp9,46,1285.820704009274,1716.6562732231146
7519,Thy1,228,1287.5425927170334,1616.347155270494
7520,Thy1,228,1290.4415441961885,1705.6713142640378
7521,Lrrc59,79,1290.687028377079,1568.6667956342812
7522,Ptgs1,169,1292.8429312571795,1623.1919768713556
7523,Ssr2,217,1293.943135427533,1525.3325211262274
7524,Thy1,228,1306.2205840630636,1588.567749327999
7525,Lrrc59,79,1310.7255684158345,1586.668645499272
7526,Thy1,228,1312.6662971248977,1600.8786299569229
7527,Thy1,228,1312.9646912963544,1561.3926947403609
7528,Myh9,118,1317.4610018543945,1548.1343627981455
7529,Ptgs1,169,1319.7920382893965,1654.228605926783
7530,Fkbp9,46,1330.407316337237,1570.4591755633935
7531,Myh9,118,1337.4908166032135,1649.726837155987
7532,Thy1,228,1347.0134057232626,1613.2629764490143
7533,Thy1,228,1354.2626837052585,1642.6701693299492
7534,Mrps18b,106,1355.46852334252,1689.278838377979
7535,Myh9,118,1358.4735190075291,1553.1240117795337
7536,Myh9,118,1364.0148731939926,1542.3016297969093
7537,Lrrc59,79,1367.2889005599309,1678.775328214924
7538,Ptgs1,169,1368.741723009074,1707.182955163492
7539,Thy1,228,1373.5917093608928,1669.3642440929398
7540,Lrrc59,79,1382.50027544687,1658.2982249234951
7541,Myh9,118,1383.5013200122153,1588.4739311845954
7542,Thy1,228,1383.9475754080563,1654.87023376635
7543,Fkbp9,46,1386.3687349916754,1630.8993358551188
7544,negative_control,1569,1388.480356739065,1565.9530502530554
7545,Thy1,228,1389.7000405091094,1608.944553169868
7546,Lrrc59,79,1390.7814078484685,1648.3177244149222
7547,Lrrc59,79,1392.734077448221,1637.3496991794443
7548,Myh9,118,1392.8670971314132,1677.7584357306437
7549,Myh9,118,1395.5545167216703,1704.8868106922653
7550,negative_control,323,1396.3782669655232,1656.220113627117
7551,Myh9,118,1397.1489707012877,1683.5919240779083
7552,negative_control,322,1398.5835978994885,1591.31700823782
7553,Ptgs1,169,1399.7730779855046,1651.8424380540134
7554,Thy1,228,1400.7543424966636,1572.744836957998
7555,Myh9,118,1403.5125728623582,1548.0693457676662
7556,Myh9,118,1406.5580978485982,1673.3354167933298
7557,Ptgs1,169,1407.322993458655,1613.6690645770502
7558,Ptgs1,169,1410.147198766226,1652.4221356533535
7559,Myh9,118,1409.8654827198934,1567.2142703192749
7560,Ptgs1,169,1411.7119072699609,1612.6222599298794
7561,Myh9,118,1414.336250863224,1521.0403755153616
7562,Myh9,118,1414.4553462420774,1663.9677714883828
7563,Myh9,118,1415.05512838906,1555.9795308527337
7564,Thy1,228,1424.397236646185,1521.2399490188095
7565,Lrrc59,79,1433.8857890311492,1641.2345480958468
7566,Vim,261,1434.8781954066185,1528.239915608102
7567,Mrps18b,106,1443.2587432183536,1555.8056315623835
7568,Myh9,118,1444.1855119240024,1626.8216252772634
7569,Thy1,228,1448.0533382580688,1599.471600880076
7570,Vim,261,1447.409295270219,1514.8968713794752
7571,Myh9,118,1450.870263594457,1501.6661733859914
7572,Myh9,118,1456.8468471673832,1501.4985846257482
7573,Ybx1,263,1459.1618922435175,1543.9538708417704
7574,Myh9,118,1464.0037484578656,1533.829135013758
7575,Myh9,118,1469.187513061701,1483.878411536433
7576,Myh9,118,1469.7408862074417,1528.635363116798
7577,Myh9,118,1471.2267882660672,1489.4992795449411
7578,Lrrc59,79,1476.0452476766195,1588.7668504785397
7579,Ssr2,217,1478.6868559695968,1579.8622746383971
7580,Mrps18b,106,1490.7919926777502,1601.6947797937248
7581,Fkbp9,46,1492.3819141650474,1461.0016673027503
7582,Myh9,118,1494.662915491837,1599.8508769390755
7583,Lrrc59,79,1500.703394795545,1592.6909045357602
7584,Myh9,118,1500.956362442553,1567.9317927624895
7585,Myh9,118,1501.3018024074122,1472.447730937469
7586,Myh9,118,1508.3200749132088,1525.7596291322757
7587,Myh9,118,1512.1786833130975,1562.997603870276
7588,Fus,47,1510.3601820876504,1561.2108342477036
7589,Lrrc59,79,1521.0875871681071,1530.2253602263972
7590,Lrrc59,79,1530.8566528317583,1550.7248383463814
7591,Gsto1,54,1531.36700712086,1593.8911866921453
7592,Ssr2,217,1532.529404302207,1544.110825482549
7593,Thy1,228,1551.457423765277,1570.278640308799
7594,Ssr2,217,1556.5270089753662,1578.072781271907
7595,Ptgs1,169,1589.797932954765,1564.6083042587677
7596,G3bp1,49,1104.7109070465708,1660.7964239166683
7597,Gsto1,54,1111.7716851587277,1721.1728955548328
7598,Gsto1,54,1119.1325323359422,1701.8109491523303
7599,Gsto1,54,1123.3668116326935,1695.5983674246038
7600,Gsto1,54,1125.297958885181,1748.871191225065
7601,Polr2m,149,1136.2179135226593,1744.3732414974445
7602,negative_control,1167,1140.188393710804,1741.7767862349176
7603,G3bp1,49,1142.1826589232696,1688.1755875351614
7604,negative_control,1164,1155.3761652764172,1766.64997063684
7605,Polr2m,149,1183.4380998169077,1652.3927143940998
7606,Gsto1,54,1186.6032166363325,1514.5052112975957
7607,negative_control,410,1207.0442433911603,1745.681985834447
7608,Gsto1,54,1209.761466604017,1626.4501796900497
7609,G3bp1,49,1217.1858471374198,1538.2137715579277
7610,Uqcrc1,256,1221.3278563318672,1562.6789553757435
7611,Uqcrc1,256,1226.131071317959,1704.891847616703
7612,Gsto1,54,1228.4480135597782,1564.0020749029352
7613,Gsto1,54,1231.378576551339,1504.986722108055
7614,G3bp1,49,1230.891414465014,1740.8355193157313
7615,G3bp1,49,1235.243156043452,1553.152631398093
7616,Gsto1,54,1238.9903181388086,1531.160136631452
7617,G3bp1,49,1241.1885333596697,1543.9007733509347
7618,H1f0,55,1243.3602175589,1536.5636603708542
7619,Nap1l1,120,1244.6085710133789,1674.7148538899075
7620,negative_control,1332,1245.7194037243587,1726.5563352965414
7621,G3bp1,49,1263.378719655083,1709.673843956606
7622,G3bp1,49,1267.4202315573702,1668.592101182849
7623,Nap1l1,120,1267.8395919766672,1719.4554058882013
7624,G3bp1,49,1269.3062823710334,1563.764995601664
7625,negative_control,1177,1276.4517629432612,1687.794770987413
7626,Gsto1,54,1280.7010745912442,1556.7275355793674
7627,Gsto1,54,1289.8129736361589,1574.8610153651705
7628,Gsto1,54,1290.3309749549803,1552.7383216534856
7629,Gsto1,54,1301.106832443333,1571.6083011075093
7630,Uqcrc1,256,1304.6128021849122,1662.911342840859
7631,Nap1l1,120,1307.160798264308,1633.8342471634078
7632,Uqcrc1,256,1317.1000866505026,1604.715571889973
7633,Gsto1,54,1320.6504636615873,1704.5517034290197
7634,G3bp1,49,1329.2805375085472,1657.050451082912
7635,Gsto1,54,1357.3631434781223,1542.1197533601985
7636,Nap1l1,120,1365.157301420376,1585.7371394524066
7637,Uqcrc1,256,1367.9355327421772,1546.0529803774868
7638,Gsto1,54,1368.5905997204543,1579.3606700186306
7639,Gsto1,54,1373.7964376162863,1589.187576041711
7640,Gsto1,54,1379.968510260068,1541.929528923101
7641,Uqcrc1,256,1380.9137407343346,1580.6997985857445
7642,G3bp1,49,1390.225812820699,1650.2258069824695
7643,Gsto1,54,1390.7863681929718,1610.491765518337
7644,G3bp1,49,1397.9185542941827,1573.0957638063926
7645,Gsto1,54,1406.15659051403,1531.809822166835
7646,Gsto1,54,1408.6063133125,1694.857286322228
7647,negative_control,1164,1409.960060937259,1614.3371360140195
7648,Gsto1,54,1412.2779756419784,1662.4526829351212
7649,Gsto1,54,1414.6721263890552,1667.908991387275
7650,Gsto1,54,1417.3260588547812,1543.9033887242178
7651,Uqcrc1,256,1424.741223169427,1647.389117262564
7652,Gsto1,54,1427.5771200868123,1567.3706731035973
7653,Nap1l1,120,1432.8439777946146,1594.899177701412
7654,G3bp1,49,1432.6966621400898,1561.2918938692424
7655,negative_control,411,1440.295413467942,1608.377323443162
7656,Nap1l1,120,1448.444106314359,1546.4302206049929
7657,Uqcrc1,256,1452.0632759985106,1553.8866361253945
7658,Gsto1,54,1457.4515220001706,1505.2633932419092
7659,Gsto1,54,1458.0799721542526,1596.2529578039205
7660,Gsto1,54,1461.8812795984677,1577.2477898140155
7661,Gsto1,54,1467.187364873928,1484.3295511054712
7662,Gsto1,54,1467.3181532502874,1505.907599766133
7663,Polr2m,149,1469.3874738806446,1516.514982516179
7664,Uqcrc1,256,1475.1842876878611,1563.9990428214733
7665,Polr2m,149,1477.1673439949798,1557.2744794759367
7666,Gsto1,54,1489.167042855869,1471.7251050492737
7667,Gsto1,54,1490.5586757379897,1528.8150549355796
7668,Nap1l1,120,1492.8050124770843,1596.251331044594
7669,Gsto1,54,1493.3683283630653,1554.9580389746484
7670,Rbbp7,181,1496.266527882428,1552.0433227925014
7671,Gsto1,54,1506.455325570947,1530.710358473086
7672,G3bp1,49,1512.1150606163624,1472.6208082069388
7673,Nap1l1,120,1529.1340709319695,1521.0622505780298
7674,G3bp1,49,1532.7928772668738,1585.612388391618
7675,G3bp1,49,1536.2259645973072,1559.1221257793427
7676,Gsto1,54,1539.6820688040757,1519.194852890544
7677,Gsto1,54,1543.156851404827,1544.091518907274
7678,Uqcrc1,256,1557.17364359165,1593.673346600723
7679,Gsto1,54,1557.7742505736685,1598.8038023260165
7680,Uqcrc1,256,1559.2648814181412,1550.5635137399834
7681,Gsto1,54,1567.8552772780736,1570.7164124893272
7682,Mrpl37,99,1155.1736655380992,1689.7871381283671
7683,negative_control,1865,1155.812087625376,1730.9590149995206
7684,Mrpl37,99,1171.2047150846497,1675.3046710844833
7685,Hnrnpul1,60,1192.5188205269767,1736.9210497431782
7686,Hnrnpul1,60,1200.6779974729056,1519.61653649104
7687,Hnrnpul1,60,1201.869300539758,1625.3629185892778
7688,Mrpl37,99,1214.037078246809,1648.7550699425
7689,negative_control,655,1216.1129986484725,1706.2349584479166
7690,Hnrnpul1,60,1227.0959298265047,1565.8975914521295
7691,Mrpl37,99,1233.062052904127,1715.3127061247226
7692,negative_control,657,1238.4277169149204,1592.071089571604
7693,Mrpl37,99,1239.016324583336,1631.7471498172704
7694,Hnrnpul1,60,1246.2038884317526,1558.9206044596745
7695,Hnrnpul1,60,1255.8470326946017,1610.6202130949778
7696,negative_control,1865,1290.648855540445,1562.9788637082
7697,Hnrnpul1,60,1320.925778007284,1567.235655848397
7698,Mrpl37,99,1349.4056517407994,1683.3953959713117
7699,negative_control,657,1382.7425937478577,1673.2915242070344
7700,Hnrnpul1,60,1422.170472312807,1650.103635663089
7701,Hnrnpul1,60,1426.9701273418618,1643.0047237864032
7702,Trp53,242,1431.694780802305,1552.4973580220965
7703,negative_control,648,1433.3538457341651,1541.5155339861094
7704,negative_control,655,1439.131504205906,1560.9022028564932
7705,Vim,261,1477.6653037862911,1566.5259736043224
7706,Mrpl37,99,1477.9378037973795,1565.157513277572
7707,negative_control,964,1482.1364615702512,1533.3354191556714
7708,Hnrnpul1,60,1489.5647583004784,1580.8231381233172
7709,Mrpl37,99,1489.4910572762112,1486.5315180361183
7710,Vim,261,1506.2590300809877,1471.2294031287545
7711,Hnrnpul1,60,1507.597237362375,1560.4867651137267
7712,Hnrnpul1,60,1515.2331456655477,1479.647223320674
7713,Hnrnpul1,60,1522.226631938783,1467.830082928591
7714,Hnrnpul1,60,1562.9206331210692,1605.7681641261038
7715,Sf3b2,205,1129.837169753685,1703.395615746806
7716,Psmd4,164,1136.9823365019188,1793.574851996009
7717,Sf3b2,205,1141.5930561591597,1719.6468804181966
7718,Psmd4,164,1148.6006431582246,1776.7308022647926
7719,Psmd4,164,1180.7481563796368,1690.0175414923558
7720,Psmd4,164,1188.7774314849723,1636.4656272625798
7721,Sf3b2,205,1202.0130354059809,1731.8610931754388
7722,Sf3b2,205,1217.0096230875042,1503.3434567471625
7723,Sf3b2,205,1217.00098253374,1729.1332453531622
7724,Psmd4,164,1217.996439897835,1695.0628199305038
7725,Sf3b2,205,1220.4363411926051,1516.1695075613436
7726,Sf3b2,205,1227.0228240456672,1567.52958802226
7727,Psmd4,164,1247.1664839291898,1546.306090218691
7728,Sf3b2,205,1255.8126092929826,1668.372020720892
7729,Mrpl17,95,1276.0688929500168,1569.1545907123746
7730,Sf3b2,205,1279.7676810062555,1569.2472204133023
7731,negative_control,1194,1285.799257594451,1724.4785609456958
7732,Sf3b2,205,1316.7173637282597,1563.3342476592748
7733,Psmd4,164,1335.9825490407711,1594.6960841169234
7734,Psmd4,164,1345.6520054038451,1571.9791491056735
7735,Vim,261,1348.699912172749,1575.768454574877
7736,Psmd4,164,1358.2493690361125,1680.391415384294
7737,Sf3b2,205,1358.7194511561984,1688.9073320372568
7738,Sf3b2,205,1360.8141601538855,1712.1845816019006
7739,Psmd4,164,1403.3923951518486,1627.2646840560678
7740,Mrpl17,95,1407.2884923151028,1641.358733026006
7741,Mrpl17,95,1410.017351961342,1608.4680732885977
7742,Sf3b2,205,1427.2632108302978,1615.8046997129832
7743,Psmd4,164,1436.234836751301,1502.7455682228356
7744,Sf3b2,205,1441.4871943995854,1560.9471522204542
7745,Sf3b2,205,1460.769380707071,1555.2428066946363
7746,negative_control,1185,1461.1883880373634,1598.160345258603
7747,Sf3b2,205,1463.6191043719268,1595.6827224658953
7748,Psmd4,164,1470.6118400481146,1613.3940370247522
7749,Mrpl17,95,1482.770247687759,1527.7292044630103
7750,Sf3b2,205,1486.0029797052007,1597.832080740866
7751,Psmd4,164,1489.1501654843282,1557.0713480011807
7752,Sf3b2,205,1496.3964725263518,1595.7090532992197
7753,Sf3b2,205,1497.846733898517,1592.0184726421328
7754,Sf3b2,205,1498.9985973743678,1566.4451290077425
7755,Sf3b2,205,1502.2483737763032,1556.1780936532136
7756,negative_control,1185,1510.6901827625984,1492.376025774235
7757,Psmd4,164,1516.1493869941205,1488.5687440226518
7758,Sf3b2,205,1525.2578557887734,1570.792749214791
7759,Psmd4,164,1529.0176394432815,1544.1900930978627
7760,Sf3b2,205,1533.4542314010678,1570.1747603695435
7761,Psmd4,164,1534.2964381543752,1578.2433401990882
7762,Sf3b2,205,1533.623767510181,1590.7545565333903
7763,Mrpl17,95,1562.858037323734,1567.361847700752
7764,negative_control,425,1155.773041113216,1747.8719008088674
7765,negative_control,422,1220.0958129504577,1621.7960063788137
7766,negative_control,431,1220.2948128305925,1730.0512340963571
7767,negative_control,425,1224.0200465860034,1689.2987598513523
7768,negative_control,427,1506.8226159572189,1475.0130310050229
7769,Mrpl28,97,1091.1990450309645,1655.9384995564665
7770,Mrpl28,97,1108.2602601993713,1662.1514093169076
7771,Xdh,262,1169.8865747695886,1744.784339321579
7772,Xdh,262,1170.4015291888993,1655.0449222300408
7773,Xdh,262,1184.8712767250715,1694.4464084945616
7774,Xdh,262,1191.6772435619057,1518.1023471719466
7775,Mrpl28,97,1270.8090376391474,1523.6433851543447
7776,Mrpl28,97,1325.7239778318435,1701.361406265098
7777,Xdh,262,1327.5118228286924,1581.3735015448588
7778,Xdh,262,1335.6926939095956,1552.69280549682
7779,Xdh,262,1360.1985363090307,1688.5692045141082
7780,Mrpl28,97,1374.699044450064,1682.9832967723194
7781,Xdh,262,1376.704156974732,1708.2595618875498
7782,Xdh,262,1402.4120133528545,1682.8700665141832
7783,Xdh,262,1442.3355348192354,1548.3390843504344
7784,Mrpl28,97,1475.1305636271595,1526.7252779472587
7785,Mrpl28,97,1529.7071092598028,1562.1028844398916
7786,Vim,261,1025.7194260015694,1620.519585598136
7787,Vim,261,1051.3906229871325,1627.7460644247403
7788,Vim,261,1076.1262005809735,1650.3345412101555
7789,Vim,261,1082.2527763458002,1792.2529587107967
7790,Vim,261,1091.7438967316916,1643.1021427963396
7791,Vim,261,1092.886589287467,1649.389959339393
7792,Vim,261,1094.9960997874146,1646.51585268032
7793,Vim,261,1098.9326913152286,1794.4698536343913
7794,Vim,261,1113.8911589444006,1783.1416600021855
7795,Vim,261,1114.5851405913818,1768.2422657404636
7796,Vim,261,1116.472130825886,1701.60103637292
7797,Vim,261,1117.1452212875593,1714.6331392159505
7798,Vim,261,1117.6488804069097,1792.6651023082652
7799,Vim,261,1117.8865440210486,1662.7797153987317
7800,Vim,261,1121.3642358392551,1775.1542802569836
7801,Vim,261,1121.6579639965266,1728.3124262916372
7802,Vim,261,1122.8110222207315,1712.667523108758
7803,Vim,261,1123.1821780897317,1732.3281167774385
7804,Vim,261,1124.6378839018869,1773.8861154080444
7805,Vim,261,1127.2476467769395,1765.0143470322569
7806,Vim,261,1127.3876977751652,1795.019060308882
7807,Vim,261,1129.2595119677094,1783.4377069607483
7808,Vim,261,1129.3578925471193,1710.903042488392
7809,Vim,261,1130.2993533251183,1794.9514099400096
7810,Vim,261,1131.0581199158833,1733.9773852176736
7811,Vim,261,1135.0191553781124,1737.4356038820142
7812,Vim,261,1136.070607977823,1745.3929369944342
7813,Vim,261,1136.8163115776804,1752.9811602339098
7814,Vim,261,1137.205199215246,1711.860286125957
7815,Vim,261,1137.537204663867,1692.5383088445033
7816,Vim,261,1138.079035207574,1660.3988364439592
7817,Vim,261,1138.0088662490307,1735.0982158464967
7818,Vim,261,1140.4660437555576,1681.2372708521434
7819,Vim,261,1141.1147521488324,1770.823926796788
7820,Vim,261,1142.8345004823104,1740.723186172296
7821,Vim,261,1143.3808824953353,1780.836098752488
7822,Vim,261,1143.167697771894,1786.9107831383412
7823,Vim,261,1144.455289930469,1763.2629574522257
7824,Vim,261,1144.2662810015272,1703.6479246004924
7825,Vim,261,1145.0385694368529,1733.9275641710096
7826,Vim,261,1146.0524875387948,1766.2968071257264
7827,Vim,261,1145.7401673888648,1666.2797343960146
7828,Vim,261,1146.3640498300065,1760.202589159058
7829,Vim,261,1146.8290813026338,1741.2048638780575
7830,Vim,261,1148.5079255851515,1772.7592215840652
7831,Slc25a1,208,1150.1672642068515,1694.1166994062155
7832,Vim,261,1151.525284578205,1667.584374039882
7833,Vim,261,1153.761863483889,1685.3123488939
7834,Vim,261,1155.3546223126705,1778.8990764030625
7835,Vim,261,1156.8913513624818,1736.7464690747518
7836,Vim,261,1157.6306544983202,1664.6486010368571
7837,Vim,261,1157.2600678776062,1770.8497673022237
7838,Vim,261,1159.6459114640654,1720.3114531143087
7839,Vim,261,1162.4543045145242,1769.454982827721
7840,Vim,261,1161.72744363855,1661.2974646814637
7841,Vim,261,1163.393933519876,1664.032566564533
7842,Vim,261,1166.3211089177294,1667.5125720944127
7843,Vim,261,1166.2928015348105,1752.291083864733
7844,Vim,261,1167.838505134357,1730.7474285518492
7845,Vim,261,1167.116359794995,1772.6399705684585
7846,Vim,261,1168.4783711747968,1704.1994573611928
7847,Vim,261,1168.7611103486524,1764.9466168022766
7848,Vim,261,1170.008309764553,1771.9715330747897
7849,negative_control,568,1172.8074417530024,1686.7437445765736
7850,Vim,261,1174.5024885957812,1760.217993367787
7851,Vim,261,1179.664898991825,1747.9902974229074
7852,Vim,261,1180.0738539194906,1740.6527597103875
7853,negative_control,568,1180.3916783172906,1761.4124703033897
7854,Vim,261,1182.1923674047412,1723.663906873066
7855,Vim,261,1182.68741937511,1522.684762208921
7856,Vim,261,1182.6408409952342,1528.391612421082
7857,Vim,261,1182.4188685207405,1757.1840744070296
7858,Vim,261,1182.989268377745,1641.9864219136073
7859,Vim,261,1183.576752290537,1535.2876124116372
7860,Vim,261,1184.1000641082226,1648.9479109777385
7861,Vim,261,1184.736308282004,1514.1200012877314
7862,Vim,261,1185.2092053270242,1764.989380730117
7863,Vim,261,1186.73783256364,1657.3329470062322
7864,Vim,261,1188.9975041773218,1689.3970926699012
7865,Vim,261,1188.642187533564,1516.429719430975
7866,Vim,261,1190.4976028372707,1761.0713724310035
7867,Slc25a1,208,1190.3937108627133,1634.6144451067155
7868,Vim,261,1193.038986588054,1759.885905370326
7869,Vim,261,1194.62346286984,1538.5290647389545
7870,Vim,261,1199.0385918214236,1696.2459860084646
7871,Vim,261,1199.1804866419138,1514.828010524484
7872,Slc25a1,208,1199.3498943774655,1701.7316030568177
7873,Vim,261,1201.024978623378,1524.0464813646165
7874,Vim,261,1202.0760309340387,1713.1854871810692
7875,Vim,261,1203.1925192854603,1530.7779437237182
7876,Vim,261,1206.7168739310644,1664.1345719689982
7877,Vim,261,1207.619816996479,1710.2551251062753
7878,Vim,261,1209.862200954852,1654.888095398674
7879,Vim,261,1211.290388223414,1752.2518133623823
7880,Vim,261,1212.6344394413486,1644.3489511626144
7881,Slc25a1,208,1214.1224529628491,1511.8975177190596
7882,Vim,261,1216.2988512998982,1721.9578095184252
7883,Vim,261,1216.4407994149128,1519.623652584677
7884,Vim,261,1216.7521311702276,1568.709252943616
7885,Vim,261,1222.1505880714467,1556.0323061534932
7886,Vim,261,1223.443888262197,1737.8449219835602
7887,Vim,261,1223.4723776940168,1710.1705785673134
7888,Vim,261,1227.4257668553491,1591.6939232442946
7889,Vim,261,1228.354672017249,1535.7079263545406
7890,Vim,261,1228.966556949973,1531.2682781250523
7891,Vim,261,1228.9503632483356,1608.7348957148347
7892,Vim,261,1228.796254778223,1545.4846374864296
7893,Tnfrsf1a,233,1229.5083802451509,1558.181938322181
7894,Vim,261,1231.9954129198372,1691.6967313947373
7895,Slc25a1,208,1232.867949142736,1564.7142210161946
7896,Vim,261,1232.6354559703072,1513.1041901633926
7897,Vim,261,1233.363359354377,1611.8093995624413
7898,Vim,261,1233.9005936434316,1537.7740184559168
7899,Vim,261,1234.0346555223152,1717.5720722632
7900,Vim,261,1237.9034173122304,1593.461108074473
7901,Vim,261,1237.4500929618175,1597.248963234702
7902,Vim,261,1237.3634684563986,1697.878238529387
7903,Vim,261,1238.8642877754794,1502.7443266548205
7904,Vim,261,1239.2688445570147,1513.35114012113
7905,Vim,261,1239.449211507291,1692.0173020517627
7906,Vim,261,1243.4327097700298,1563.7462033285642
7907,Vim,261,1244.6423774141645,1736.051096396632
7908,Vim,261,1244.0308469989802,1568.745301861204
7909,Vim,261,1244.6154752134737,1544.960067220076
7910,Vim,261,1245.4639862008362,1654.4556070010206
7911,Vim,261,1245.828241934039,1515.786657277916
7912,Vim,261,1245.7916005833265,1496.7322050444934
7913,negative_control,575,1247.3062164056707,1603.6260570471036
7914,Vim,261,1250.4338609793022,1564.3949421325487
7915,Vim,261,1251.9473088531745,1585.850901899883
7916,Vim,261,1253.6233045676497,1551.5610319557368
7917,Vim,261,1253.265184682159,1519.4089082163482
7918,Vim,261,1253.820583198073,1654.7362945166187
7919,Vim,261,1253.737848521931,1537.3588645347832
7920,Vim,261,1255.634189511542,1662.168102291476
7921,Vim,261,1256.27603934549,1521.0083407390905
7922,Vim,261,1256.19980656577,1569.4739707031313
7923,Vim,261,1257.7230223932193,1536.3176338396706
7924,Tnfrsf1a,233,1258.448386056608,1648.0641811641576
7925,Vim,261,1258.8635428899868,1517.3347544405508
7926,Vim,261,1264.8514516284667,1574.3725890851267
7927,Vim,261,1265.213211125552,1543.7253061533395
7928,Vim,261,1266.728896339754,1709.2852147000244
7929,Vim,261,1267.357190310952,1531.522923377025
7930,Vim,261,1267.62020905492,1586.364141289669
7931,Vim,261,1267.8055832307236,1538.648710349463
7932,Vim,261,1268.7611888728975,1720.2721544324506
7933,Vim,261,1269.7565190873038,1696.2302043575944
7934,Vim,261,1271.242104353567,1723.629166771212
7935,Vim,261,1273.5604850728485,1629.7888713205502
7936,Vim,261,1276.452234780529,1594.852998506434
7937,Vim,261,1278.0591140532438,1554.9619080606797
7938,Vim,261,1278.2684924175471,1538.0263957603183
7939,Vim,261,1279.058128025165,1574.6676018257504
7940,Vim,261,1280.7489568564556,1651.792251139851
7941,Tnfrsf1a,233,1280.3464100234569,1558.8238935498216
7942,Vim,261,1281.7252143879955,1566.4787235016208
7943,Vim,261,1289.6108862311876,1649.8688687364
7944,Vim,261,1291.960059385923,1577.9804197503747
7945,Vim,261,1298.970943092228,1557.814196629585
7946,Vim,261,1299.7071054554478,1569.6431870761614
7947,Vim,261,1300.2257847197652,1715.7272440633851
7948,Vim,261,1304.3017624295808,1584.0280165075014
7949,Vim,261,1309.0064351778487,1706.002482804733
7950,Vim,261,1309.5154702919913,1640.2068453437792
7951,Vim,261,1309.7130616418394,1708.319329317669
7952,Vim,261,1311.0849835651584,1554.0994299505612
7953,Vim,261,1312.0395008234118,1566.400061738635
7954,Vim,261,1324.7768315622227,1556.5390502829275
7955,Vim,261,1325.4666023854718,1626.9142158850998
7956,Vim,261,1327.104927474125,1674.413075583505
7957,Vim,261,1327.4285170666606,1544.2493360810945
7958,Vim,261,1329.3482553468727,1548.9910561897827
7959,Slc25a1,208,1331.3848189725595,1639.3247626346129
7960,Vim,261,1337.5160671722651,1664.2107260641874
7961,Vim,261,1338.6155374564732,1547.3133520224642
7962,Vim,261,1341.1591121591084,1628.999545193008
7963,Vim,261,1345.2054339646868,1625.5219879413416
7964,Vim,261,1346.3074643928703,1563.3536564655933
7965,Vim,261,1349.5385559249175,1661.8125733342974
7966,Vim,261,1351.295728008076,1601.714016777407
7967,Vim,261,1353.48579422152,1587.0321716846545
7968,Vim,261,1355.1016296316816,1718.9276472296683
7969,Vim,261,1356.1424122978942,1698.6880336311362
7970,Vim,261,1356.0262356902922,1572.7261691546046
7971,Vim,261,1357.0894503174543,1550.4051961714
7972,Vim,261,1358.0518621399688,1690.803638458505
7973,Vim,261,1358.664429776797,1558.4845247935182
7974,Vim,261,1359.613367659742,1591.82243839843
7975,Vim,261,1359.6747623827478,1554.5470715334216
7976,Vim,261,1365.3898885241294,1702.7717653910263
7977,Vim,261,1367.150209119966,1711.4738844906794
7978,Vim,261,1367.610737092929,1708.7683800459936
7979,Vim,261,1370.4722948070091,1560.7504843816796
7980,Tnfrsf1a,233,1371.300635699751,1588.2059067839914
7981,Vim,261,1372.5401326044434,1612.0550380772916
7982,Vim,261,1373.1611579084038,1680.122960511551
7983,Vim,261,1373.6961375489243,1619.9586912249083
7984,Vim,261,1373.137526999116,1667.9340026774516
7985,Vim,261,1374.4100503828076,1581.4650494945213
7986,Vim,261,1375.4803328374912,1540.9656124762746
7987,Vim,261,1382.1649662873774,1684.6912640060732
7988,Vim,261,1382.909856434418,1588.513920917433
7989,Vim,261,1383.5991017155816,1634.4981018653189
7990,Vim,261,1383.845146099948,1654.648202186414
7991,Vim,261,1385.7612890528048,1682.6792497813644
7992,Vim,261,1386.1259513769578,1672.5822399041851
7993,Vim,261,1386.8788407604354,1676.1771115356655
7994,Vim,261,1388.3146252743445,1670.125425577471
7995,Vim,261,1389.2821845543924,1594.3044096140495
7996,Vim,261,1391.9533553406372,1651.171888471279
7997,Vim,261,1394.2399933236732,1558.3385089383098
7998,Vim,261,1397.7172947157574,1557.4094392538136
7999,Tnfrsf1a,233,1397.370947923307,1700.4097401500196
8000,Vim,261,1399.904926311061,1617.636722394638
8001,Vim,261,1400.993488524719,1676.3482194266985
8002,Vim,261,1403.1195580038548,1703.5277308205496
8003,Vim,261,1406.1168921300227,1567.4065417415632
8004,Vim,261,1407.1348790684208,1672.452539112734
8005,Vim,261,1406.566751175109,1630.1788399867994
8006,Vim,261,1407.134625659659,1528.017186365207
8007,Vim,261,1407.923071396112,1634.407757111063
8008,Vim,261,1407.9211507555676,1572.2086882325734
8009,Vim,261,1410.1413735061856,1565.8874911286748
8010,Vim,261,1411.317443852643,1539.611143238306
8011,Vim,261,1411.4667533995485,1558.823632002336
8012,Vim,261,1412.427414311547,1534.997489090414
8013,negative_control,570,1414.81929521363,1613.741897992025
8014,Vim,261,1415.080800861895,1541.2803613410704
8015,Vim,261,1417.2657270822383,1525.37768909389
8016,Vim,261,1418.7832891180778,1528.3710043243022
8017,Vim,261,1419.3015186471844,1537.3825248189596
8018,Vim,261,1419.1352244772445,1555.5974736108512
8019,Vim,261,1420.131073823753,1523.3576573161183
8020,Vim,261,1421.5023223393036,1641.435188671711
8021,Vim,261,1422.792624790179,1648.2369100313344
8022,Vim,261,1423.1714493591048,1515.126710640173
8023,Vim,261,1424.1551664689216,1511.3957125483869
8024,Vim,261,1424.7428975602777,1534.8751542283062
8025,Vim,261,1427.0131407144438,1570.7136992739402
8026,Vim,261,1428.8762858754965,1528.2738695092949
8027,negative_control,2054,1430.1554928236803,1517.5027054624006
8028,Vim,261,1429.2718978303233,1515.8742821629742
8029,negative_control,2014,1430.5336656023112,1517.974340681924
8030,Vim,261,1429.674330195057,1509.923967143123
8031,Vim,261,1430.2000537035226,1521.333461220475
8032,Vim,261,1430.034653882798,1533.311862395477
8033,Vim,261,1430.6727118910228,1553.2093747916545
8034,Sec13,204,1431.508472928992,1585.6433217969302
8035,Vim,261,1432.9427359400556,1584.7983892629163
8036,negative_control,566,1433.7658213223754,1544.240099465525
8037,Vim,261,1435.625569550123,1600.9758557408177
8038,Vim,261,1436.100670880575,1563.4306050225243
8039,Vim,261,1437.81225419088,1594.3510642994802
8040,Vim,261,1442.4455327366545,1601.89852679141
8041,Vim,261,1445.2723735148766,1549.619135052082
8042,Vim,261,1445.4276970379049,1610.572508545413
8043,Vim,261,1445.972013035912,1620.7480985154516
8044,Vim,261,1446.3478268535623,1503.5726684332387
8045,Vim,261,1446.3053132942368,1528.8075674485
8046,Vim,261,1448.3452049899872,1575.2408672439324
8047,Vim,261,1448.7152755778056,1491.368793701993
8048,Vim,261,1450.2361897789012,1584.766943559613
8049,Vim,261,1451.0884658032933,1604.5144898211256
8050,negative_control,573,1452.544327174004,1529.172994170225
8051,Slc25a1,208,1453.6063220433075,1553.8972323970104
8052,Vim,261,1457.9543132259932,1531.0130642875693
8053,Vim,261,1458.9577839691922,1595.1765979143418
8054,Vim,261,1459.2877827289842,1572.595100370961
8055,Vim,261,1460.053108096425,1617.791664224606
8056,Vim,261,1460.397510999216,1626.7260656001822
8057,Vim,261,1461.5339191329372,1535.4602426922158
8058,Vim,261,1461.8438847372486,1551.5224896802322
8059,Vim,261,1464.68984948865,1501.7644045355364
8060,Vim,261,1465.432008358682,1515.8893390741118
8061,Vim,261,1465.7430030577905,1540.0344796344705
8062,Vim,261,1466.8626008122935,1505.2977958468723
8063,Vim,261,1467.2888106770015,1628.2155822551165
8064,Vim,261,1468.1721170340093,1522.926459659579
8065,Vim,261,1468.6508626641862,1606.5807671892806
8066,Vim,261,1468.6808965882565,1568.1711439247306
8067,Tnfrsf1a,233,1469.417752035783,1551.4344053316504
8068,Vim,261,1470.0542205849065,1544.6267977970888
8069,Vim,261,1470.7376320182202,1528.540018725219
8070,Vim,261,1469.9409776384157,1492.871182700345
8071,Vim,261,1471.187262702516,1505.8213049376172
8072,Vim,261,1472.011187493024,1585.3302984704892
8073,Vim,261,1471.6461853006897,1621.3892834653675
8074,Vim,261,1471.8033954064003,1588.9264707185869
8075,Slc25a1,208,1472.1360681100973,1627.2605149423664
8076,Vim,261,1472.996104963283,1601.6283858842971
8077,Vim,261,1474.2850472125529,1521.5295137251187
8078,Vim,261,1474.388352481703,1548.9467584553024
8079,Vim,261,1475.1206961649636,1534.7639627346475
8080,Vim,261,1476.349914685209,1477.5484805738802
8081,Vim,261,1477.2358767539938,1507.2232536665365
8082,Vim,261,1477.6072701060073,1572.280686481154
8083,Vim,261,1479.7248352938443,1546.4603237516285
8084,Vim,261,1479.2724154067591,1462.504584161139
8085,Vim,261,1479.682271003899,1594.2266696975228
8086,Vim,261,1480.883893663703,1499.6150055401004
8087,Vim,261,1480.7510007439807,1557.8642352003726
8088,Vim,261,1481.6920501856316,1538.096165484306
8089,Vim,261,1483.4347617228905,1517.1923354412245
8090,Vim,261,1483.9321736401366,1569.6279643075527
8091,Tnfrsf1a,233,1484.916988773,1465.1106570140005
8092,Vim,261,1485.7938269929716,1492.6093580836944
8093,Vim,261,1486.447650468766,1566.6183727879022
8094,Vim,261,1486.8560136799408,1552.2986387811643
8095,Vim,261,1486.771025974576,1544.5631232394371
8096,Vim,261,1489.912391258604,1495.0985003569003
8097,Vim,261,1489.3210075030552,1520.2683860570403
8098,Vim,261,1489.3078499564738,1532.231119490575
8099,Vim,261,1489.2528842131865,1565.0244681334211
8100,Vim,261,1489.6475531477106,1469.332888414717
8101,Vim,261,1489.5888137373306,1539.5551610730115
8102,Vim,261,1490.2889977844832,1529.386192992553
8103,Vim,261,1492.336459439042,1484.6853839786706
8104,Vim,261,1492.9594184539924,1541.2559909824236
8105,Vim,261,1492.9479095965578,1592.5376182365983
8106,Vim,261,1493.581270791309,1576.7013016258184
8107,Vim,261,1494.2675397942787,1458.983638865322
8108,Vim,261,1494.0353749111953,1580.4641410460315
8109,Vim,261,1495.367974920677,1488.050365631546
8110,Vim,261,1495.570772197222,1516.3048583276436
8111,Vim,261,1496.568591782954,1471.5254839060026
8112,Vim,261,1496.6225068376511,1468.705924201926
8113,Vim,261,1497.8549033373772,1461.335612863901
8114,Vim,261,1499.5917716252477,1572.3361219886538
8115,Vim,261,1499.7622919874266,1475.119164702267
8116,Vim,261,1500.265515746485,1491.3671118159727
8117,Vim,261,1501.7258970874811,1590.5968750262327
8118,Vim,261,1501.4821570226743,1463.9898795021495
8119,Vim,261,1503.023225894207,1583.3146482539105
8120,Vim,261,1503.4990896104223,1543.6582200837056
8121,Vim,261,1503.357667218237,1546.4057742961356
8122,Vim,261,1502.9233948349772,1475.1495148125505
8123,Vim,261,1504.0246256765984,1562.6658042438935
8124,Vim,261,1506.031339179855,1586.684274564216
8125,Vim,261,1506.8190107932155,1522.025317465918
8126,Vim,261,1507.343606930167,1456.3646004007433
8127,Vim,261,1508.8952135585623,1528.4065720964404
8128,Vim,261,1507.350615446305,1542.1365738856075
8129,Vim,261,1508.9158926217983,1512.2689340227646
8130,Vim,261,1509.4201268902875,1560.5997816744357
8131,Vim,261,1509.9871346750228,1492.1191655340976
8132,Vim,261,1509.4937790087042,1548.5734661904808
8133,Vim,261,1509.8291964154294,1577.1529308467516
8134,Vim,261,1511.271663641137,1497.7766825952172
8135,Vim,261,1512.3791198566912,1534.1640520062106
8136,Vim,261,1514.4907146958783,1541.8844430661834
8137,Vim,261,1515.0735060829209,1486.1395798857875
8138,Vim,261,1515.6151847908714,1528.089346587516
8139,Vim,261,1516.078066799224,1545.5980390763386
8140,Vim,261,1524.9668378365118,1592.0860726713
8141,Vim,261,1525.4371853855653,1578.5927691621328
8142,Vim,261,1525.8573697849272,1540.4636093857866
8143,Vim,261,1528.4768074144868,1528.4372747987486
8144,Vim,261,1531.3708892897246,1566.1762225824634
8145,Vim,261,1531.3195092950382,1519.6077133798383
8146,Vim,261,1534.3125146984314,1579.472259068376
8147,Vim,261,1539.574344945384,1548.3271658634512
8148,Vim,261,1541.431348249576,1536.6950236701794
8149,Vim,261,1541.3458764959828,1563.6737488949095
8150,Vim,261,1542.307637238365,1585.1194210524282
8151,Vim,261,1543.8080366890608,1575.5075892559528
8152,negative_control,575,1545.0827156791524,1551.058007646319
8153,Vim,261,1547.0573532045637,1578.1723298830952
8154,Vim,261,1547.963975500463,1543.398684859453
8155,Vim,261,1550.5727386889698,1559.4107130652433
8156,Vim,261,1550.779475538789,1570.300520724721
8157,Vim,261,1551.3738993284578,1582.18865252491
8158,Vim,261,1555.134824042983,1567.5090909884364
8159,Vim,261,1557.02204981266,1583.048726371072
8160,Vim,261,1561.4758355480485,1563.8351266208367
8161,Vim,261,1561.7462886683709,1553.0179209279777
8162,Vim,261,1564.258749525416,1578.0847015381198
8163,Vim,261,1570.265229937591,1600.296675766201
8164,Vim,261,1571.2485577632444,1569.8607359117427
8165,Vim,261,1574.5498062035012,1571.672702975514
8166,Vim,261,1575.6511497973167,1576.2996338614637
8167,Vim,261,1578.549646975957,1572.3757412204804
8168,Psma7,161,1118.486308478516,1736.8620063972974
8169,negative_control,1494,1131.9989632453774,1693.9827069840971
8170,Trim28,241,1139.4599301046617,1724.4446118872056
8171,Psma7,161,1140.2076956125957,1754.5932258419205
8172,Trim28,241,1147.1580498129242,1674.4993498772224
8173,Trim28,241,1149.505857816838,1780.6872527300466
8174,Trim28,241,1164.9086520236085,1662.5412766857044
8175,Trim28,241,1165.873626257269,1762.844082659928
8176,negative_control,1505,1166.9695450115776,1702.680368023574
8177,negative_control,1503,1181.2919992809498,1692.397434228572
8178,negative_control,1494,1217.873654804628,1735.671921218625
8179,Trim28,241,1308.0167608324073,1716.6924160065796
8180,Trim28,241,1342.7357877020163,1554.8076541830942
8181,Ybx1,263,1374.5213937406947,1656.060402652684
8182,Psma7,161,1375.4278290146835,1681.0628109040972
8183,Trim28,241,1406.4955866307907,1574.2840018592317
8184,Psma7,161,1424.914979308317,1515.4523338140675
8185,Trim28,241,1426.8971607535348,1651.566636521134
8186,negative_control,1491,1438.1014974917982,1557.5375515530743
8187,Psma7,161,1459.8106259691726,1525.6164084070847
8188,Trim28,241,1463.9252454883529,1608.8157560818538
8189,Psma7,161,1474.320646835731,1488.6245553310905
8190,Psma7,161,1491.4550943666236,1603.3608550522358
8191,negative_control,1495,1501.7914498678133,1572.2154518566213
8192,Trim28,241,1504.5428529390742,1459.9767364572774
8193,negative_control,1492,1548.5129496001166,1580.8303864227084
8194,negative_control,1497,1552.9428570993464,1552.6969941418213
8195,Kars,72,1139.6388168050375,1694.4070768193628
8196,Twist2,247,1148.3665636755209,1687.6996567149024
8197,Kars,72,1148.8026529952176,1763.7824165941995
8198,Kars,72,1156.9025935778957,1751.7490452346628
8199,Kars,72,1162.767863532615,1689.2206659513822
8200,Twist2,247,1171.543731171055,1680.0099198429543
8201,Kars,72,1177.8954675023872,1681.3181794581214
8202,Twist2,247,1181.1461832743396,1766.635970517525
8203,negative_control,728,1185.950191446319,1710.5997988871895
8204,Ywhae,264,1201.190857854862,1629.9735620275662
8205,negative_control,723,1214.9745119416568,1642.21422710315
8206,Kars,72,1223.3952714596944,1538.653612360508
8207,negative_control,724,1265.048899907671,1589.798101426932
8208,Twist2,247,1273.3050301865007,1547.723955414187
8209,Kars,72,1277.4647865114096,1580.00177558501
8210,Twist2,247,1302.544812591498,1567.6004356904996
8211,Kars,72,1304.1384854139435,1603.3392293767154
8212,Kars,72,1309.261190889579,1709.3201757810757
8213,negative_control,737,1319.6256358219027,1594.1357482322887
8214,Ywhae,264,1331.8830974455948,1701.775542595773
8215,negative_control,729,1363.9823425783509,1549.8082913789808
8216,Kars,72,1376.3833309715108,1541.439328536493
8217,Kars,72,1412.816778582442,1516.0706186464886
8218,Twist2,247,1417.7169627695648,1534.6517529591824
8219,Kars,72,1430.5365939534208,1647.127489331337
8220,Twist2,247,1440.348793894039,1616.4308260101593
8221,Twist2,247,1457.3305092987434,1549.304639505519
8222,negative_control,723,1477.4994552109338,1545.429270659991
8223,Kars,72,1479.529009300683,1477.0061988667862
8224,Kars,72,1487.9009017911271,1529.55674778244
8225,Kars,72,1499.5826927831274,1458.0141759889282
8226,Twist2,247,1520.813838823084,1541.6104636348275
8227,Twist2,247,1536.4672864309784,1519.49623828331
8228,Kars,72,1580.4904293625143,1575.958488400942
8229,Twist2,247,1584.9940315384115,1571.3764602866004
8230,Ly6e,81,1137.5191296069763,1710.577557378782
8231,Psmc2,162,1144.3624226813286,1783.7277918833674
8232,Pdha1,139,1147.2931358520295,1696.1377778238648
8233,Pdha1,139,1225.1025292477,1704.749366334037
8234,Pdha1,139,1231.2805848463645,1570.2995219708166
8235,Clta,15,1239.0133215379162,1515.45851907395
8236,Ly6e,81,1240.584070532094,1691.002029741413
8237,Psmc2,162,1239.7649074891656,1526.2022617880848
8238,Clta,15,1247.7649626394625,1542.1208691892905
8239,Pdha1,139,1291.7386221153256,1549.658329941697
8240,Pdha1,139,1298.1806946018928,1618.5851043757282
8241,Psmc2,162,1311.7032793053852,1546.725031491088
8242,Pdha1,139,1317.991942285109,1563.5565792081686
8243,Clta,15,1359.7838168961998,1620.5096828883086
8244,Clta,15,1359.6856908424218,1632.38985977332
8245,Pdha1,139,1372.0444309061877,1614.8573332017231
8246,Clta,15,1383.511313147566,1658.6981750695422
8247,Clta,15,1394.1301537718214,1673.7573413413447
8248,Pdha1,139,1394.8406302986955,1538.27335084264
8249,Clta,15,1398.7254265685622,1679.1926735276998
8250,Pdha1,139,1414.4853620150905,1633.930016706393
8251,Clta,15,1438.2250841434875,1590.5600801624469
8252,Clta,15,1439.3407154521296,1513.2772130945857
8253,Pdha1,139,1447.6205468211683,1580.611850777978
8254,Pdha1,139,1461.6114911588784,1541.783212181112
8255,negative_control,1649,1469.8704656687796,1562.1997957932676
8256,Clta,15,1471.1236819997666,1575.022564714838
8257,Psmc2,162,1473.5852536450102,1588.684525397981
8258,Pdha1,139,1501.2091096983563,1590.1221368218985
8259,Clta,15,1509.151388168635,1583.7858570597807
8260,Clta,15,1514.5666858054626,1590.1949778835092
8261,negative_control,886,1132.469812005949,1765.9396738409948
8262,Nudt9,132,1336.0479549631027,1553.0682532962967
8263,negative_control,888,1354.2142542168954,1548.1702971163993
8264,Nudt9,132,1380.8113925626071,1686.6304237725449
8265,Nudt9,132,1415.8389798327871,1540.4086651956277
8266,negative_control,873,1468.3318885992414,1606.5858919543184
8267,Nudt9,132,1502.4609710310715,1516.1882715427555
8268,Rpl15,186,1111.5068304445554,1794.7800551741343
8269,Rpl15,186,1111.7963103958252,1778.7676347973504
8270,Rpl15,186,1132.288310679317,1764.4296455578426
8271,Rpl15,186,1134.34527309691,1770.6183225996604
8272,negative_control,1800,1142.2502186490528,1706.4788402061288
8273,negative_control,1804,1153.6722700727355,1694.8380833079605
8274,Rpl15,186,1169.7328632453205,1657.2390654910682
8275,Rpl15,186,1172.6145614462264,1745.0309189512225
8276,Rpl15,186,1188.7736683639268,1519.5492380103776
8277,Rpl15,186,1191.2553539760615,1636.8635224751465
8278,Csnk2b,23,1204.9116360311816,1732.6269643207113
8279,Rpl15,186,1207.152334777828,1727.064941187284
8280,Ssr3,218,1212.7725910648992,1636.9447826409375
8281,Rpl15,186,1218.6807953986286,1555.0644723887074
8282,negative_control,2097,1226.3507386351853,1720.8353983443371
8283,Rpl15,186,1226.801321558189,1531.8028887191515
8284,Rpl15,186,1232.97435232765,1694.2711342455927
8285,Rpl15,186,1237.245476708069,1517.537019116828
8286,negative_control,1803,1239.233309504266,1666.4362485259198
8287,Rpl15,186,1240.6878499637364,1602.3316463114795
8288,Rpl15,186,1254.5774073045543,1568.0857293208269
8289,Rpl15,186,1257.1340032521684,1578.064052530037
8290,Rpl15,186,1268.993014096916,1705.1953984041666
8291,Csnk2b,23,1270.483176220913,1602.3892789543838
8292,Rpl15,186,1278.199993942286,1539.9034306423223
8293,Rpl15,186,1299.3116802792606,1659.807792928548
8294,Rpl15,186,1299.9296282944651,1554.764225997816
8295,Rpl15,186,1300.6802626403592,1723.074390810449
8296,Ssr3,218,1304.1762715894056,1571.984885727702
8297,Rpl15,186,1305.278320473463,1590.567039518624
8298,Rpl15,186,1311.066675382824,1561.2272388604824
8299,Rpl15,186,1329.2408710608015,1544.1603645385524
8300,Rpl15,186,1331.9291265831978,1559.0903810568605
8301,Rpl15,186,1333.779411314534,1548.6172744573405
8302,Rpl15,186,1341.5525822513523,1576.6710950425647
8303,Rpl15,186,1345.6305337745068,1604.9783305504106
8304,Rpl15,186,1350.0330434576586,1649.1180213035543
8305,Ssr3,218,1352.4403917856291,1690.0606226788962
8306,Rpl15,186,1372.085363793046,1618.1759727082344
8307,Rpl15,186,1376.785649673476,1542.7742130499091
8308,Rpl15,186,1381.789016628176,1597.252694406823
8309,Rpl15,186,1383.1147108518112,1637.9270438486003
8310,negative_control,1806,1383.9814869522406,1613.7560181465224
8311,Ssr3,218,1389.1573160757898,1657.335374287221
8312,Rpl15,186,1397.8583542880283,1534.9625317149407
8313,Rpl15,186,1399.9533931246187,1554.817236853126
8314,negative_control,2085,1401.1446808047465,1640.5827074576468
8315,Rpl15,186,1401.155374000058,1651.4057147157137
8316,Rpl15,186,1404.2877696587805,1574.3023474838706
8317,Rpl15,186,1407.530157186576,1525.472151373741
8318,Csnk2b,23,1408.2441556475574,1540.7976409707187
8319,Rpl15,186,1409.019683016667,1547.7913396471704
8320,Rpl15,186,1414.722646339245,1559.0097852604792
8321,negative_control,1796,1415.301393590601,1612.9405750541805
8322,Csnk2b,23,1425.844809746499,1518.9670326785904
8323,Rpl15,186,1429.9997613500618,1550.5713536530004
8324,Ssr3,218,1431.9993904321095,1585.5862210504476
8325,Rpl15,186,1436.8910613246512,1631.2178349318483
8326,Rpl15,186,1441.519473670513,1520.5239489594965
8327,Rpl15,186,1447.8728163016508,1632.6593908010775
8328,Rpl15,186,1448.5882221033285,1565.464275519401
8329,Rpl15,186,1461.2441076999914,1521.3908858740533
8330,Csnk2b,23,1464.2245240303628,1616.2986082387836
8331,negative_control,1796,1472.162649647043,1487.6815539124357
8332,Csnk2b,23,1479.3343100424304,1560.7141112374188
8333,Rpl15,186,1483.926075502542,1467.553368040216
8334,Rpl15,186,1489.313334112513,1451.144277570842
8335,Rpl15,186,1492.8411708857818,1491.7595945106482
8336,Csnk2b,23,1503.0195869878737,1475.0779435848697
8337,Rpl15,186,1512.7446954778209,1541.652458355779
8338,Rpl15,186,1514.735870742092,1524.1146964716
8339,Rpl15,186,1519.8639703208353,1460.8997367083605
8340,negative_control,1802,1526.7673434692956,1554.4429736326736
8341,Csnk2b,23,1531.9115700473153,1533.806626415134
8342,Rpl15,186,1533.0563773820818,1578.2979941394428
8343,Csnk2b,23,1537.9746589407746,1586.89135626255
8344,Rpl15,186,1545.9600767599625,1549.440024220799
8345,Rpl15,186,1548.410050568426,1598.5479569177646
8346,Rpl15,186,1558.11023533169,1595.7121752420587
8347,Rpl15,186,1587.29758152348,1563.6090739799038
8348,Vdac1,260,1066.0100936833787,1786.6333316790938
8349,Vdac1,260,1161.7548763915686,1721.1024917414063
8350,Sec13,204,1171.777357280489,1769.0468642703074
8351,Vdac1,260,1175.4273376300955,1753.3824410169575
8352,Sec13,204,1202.307860992234,1737.5748960440155
8353,Sec13,204,1217.8373111175897,1625.940622731105
8354,Sec13,204,1220.0748217548917,1508.1200359035538
8355,Sec13,204,1229.937618986694,1718.6084748775943
8356,negative_control,1041,1245.27165694443,1646.4867761767366
8357,Fgf7,43,1261.995941133385,1669.9203923978812
8358,Sec13,204,1269.7537650448608,1575.4270100807455
8359,negative_control,1041,1278.4463918968895,1539.7008618121206
8360,Fgf7,43,1287.4960236543056,1672.060799326914
8361,Fgf7,43,1292.8636841604011,1650.51419113676
8362,negative_control,1037,1313.0675345698055,1562.2040577454295
8363,Fgf7,43,1329.003632496716,1547.050815692039
8364,negative_control,1041,1331.8175788972517,1563.587644913029
8365,Vdac1,260,1358.8547557470497,1594.6861439131226
8366,Vdac1,260,1360.5505729987976,1691.8877429414545
8367,Vdac1,260,1408.7435063868925,1564.6898704057512
8368,Sec13,204,1417.88199237011,1630.9625463305174
8369,Vdac1,260,1422.6533186601998,1521.7690215899645
8370,Sec13,204,1430.2018178915343,1576.460039179614
8371,Vdac1,260,1448.7853234270242,1557.2047903574226
8372,Vdac1,260,1450.9668452383037,1543.684997693048
8373,Sec13,204,1467.4845345057367,1513.1496675083254
8374,Vdac1,260,1468.7636537750082,1530.547248860856
8375,Vdac1,260,1476.366751638276,1604.5904305562433
8376,Sec13,204,1482.9575896866425,1593.047969594577
8377,Sec13,204,1487.4717139302377,1482.560903798329
8378,Vdac1,260,1489.238658884699,1550.572960013011
8379,Fgf7,43,1501.2570008278851,1580.5689273721475
8380,Sec13,204,1507.7371824041966,1537.5228466977917
8381,Vdac1,260,1507.969501159745,1486.6942804677883
8382,Vdac1,260,1515.7769833707791,1566.5723138195806
8383,Vdac1,260,1543.5417114917198,1595.59411284492
8384,Sec13,204,1548.5334371842418,1571.5683713728768
8385,Sec13,204,1557.5185056712892,1574.6893400069227
8386,Sec13,204,1567.4566394485278,1575.6993941011915
8387,Fus,47,1099.3347640698612,1664.2090411609038
8388,Fus,47,1128.4123940295208,1735.4404907760347
8389,Ywhaq,267,1138.9805474935922,1756.6437959810935
8390,Fus,47,1149.3404402239798,1663.7397082353164
8391,Fus,47,1166.058781092525,1756.7944273907888
8392,Fus,47,1175.3752106389234,1681.3707964309074
8393,Fus,47,1204.6472077258934,1526.3908183947074
8394,negative_control,2033,1205.1914328891287,1652.2665668019658
8395,Ywhaq,267,1223.355051557452,1671.6752891640497
8396,Fus,47,1224.2562883249825,1637.9234038921318
8397,Fus,47,1227.5194988789774,1561.2556042984384
8398,Fus,47,1235.5550390300775,1606.6270470869763
8399,Fus,47,1246.0969290924834,1577.7459797907163
8400,Fus,47,1247.6572001581249,1558.4308012982162
8401,Ywhaq,267,1252.105123637191,1556.2848601717317
8402,Fus,47,1269.6599775871557,1617.0154895392611
8403,Ywhaq,267,1273.1239119386223,1573.0163994636976
8404,Fus,47,1277.1771769351176,1714.0690538584574
8405,Fus,47,1295.4797002885637,1572.567431594502
8406,Fus,47,1305.5060455872667,1668.7608512838142
8407,Tmed9,231,1306.6297209218028,1595.3555845630092
8408,Mrpl12,92,1315.946576949152,1565.2395983982651
8409,Fus,47,1343.105783938293,1625.0972008832457
8410,Fus,47,1351.3969709699004,1572.746756550382
8411,Fus,47,1353.7223764109212,1596.0135713405307
8412,Fus,47,1361.5665126236593,1543.7356867426224
8413,Fus,47,1366.5670760515957,1615.8746633822348
8414,Mrpl12,92,1388.2380110822064,1562.7288235198544
8415,Ywhaq,267,1393.5328445767966,1677.707084982316
8416,Ywhaq,267,1400.076433142483,1662.4153831284486
8417,Fus,47,1403.5415663067492,1630.751582685829
8418,Mrpl12,92,1410.7355457609422,1667.199454767572
8419,negative_control,2077,1425.0317040524887,1604.341127370193
8420,Fus,47,1440.749143847307,1538.0611120925612
8421,Fus,47,1451.2756969702457,1506.9239081580276
8422,Fus,47,1452.118880589797,1629.9393740124249
8423,Fus,47,1452.6485285265253,1595.5768049784688
8424,Ywhaq,267,1461.0777872897293,1629.1968265399937
8425,Mrpl12,92,1463.1628271748175,1530.345082829028
8426,Mrpl12,92,1462.965937349994,1607.2889021399271
8427,negative_control,2047,1464.3177131517027,1591.922226325201
8428,Ywhaq,267,1470.4251103193328,1630.0877534352069
8429,Mrpl12,92,1496.187680340686,1498.2958686908823
8430,Ywhaq,267,1505.710450765997,1563.78579087472
8431,Mrpl12,92,1507.8756257592584,1589.3573611408804
8432,Fus,47,1514.346378824911,1510.5139171214028
8433,Fus,47,1523.7459392733017,1592.6231692917004
8434,Fus,47,1568.6540200240274,1567.1785547569264
8435,negative_control,2065,1165.6159653421178,1693.021043986408
8436,Snrnp70,210,1117.4572289422365,1721.2763442184662
8437,Snrnp70,210,1186.7183102140789,1538.6628064590825
8438,Grina,53,1200.501538805406,1682.473098434874
8439,negative_control,2090,1206.8993981278331,1664.522115677005
8440,Snrnp70,210,1253.5654292861914,1734.02201565031
8441,Snrnp70,210,1259.9471171429418,1574.561534004111
8442,Grina,53,1265.479898489253,1593.1217895276409
8443,Snrnp70,210,1279.9987008497717,1719.6460210806083
8444,Snrnp70,210,1295.2339635894346,1552.169853238615
8445,Snrnp70,210,1315.7127835800452,1554.5776083471264
8446,Grina,53,1361.0740884046745,1649.666118864733
8447,Snrnp70,210,1371.2489976615902,1594.5816888506422
8448,Snrnp70,210,1377.6478026177938,1685.095545587508
8449,Snrnp70,210,1380.417941795945,1568.85465076782
8450,Snrnp70,210,1436.7526075317296,1538.5129487899824
8451,Snrnp70,210,1444.6821631718449,1616.8845076838866
8452,Snrnp70,210,1445.6873176205202,1544.724199744379
8453,Ybx1,263,1464.5410753810934,1534.9641820972706
8454,Snrnp70,210,1473.763343065082,1574.0064795511726
8455,Snrnp70,210,1482.035236378348,1533.102436633692
8456,Snrnp70,210,1485.787083761934,1498.930142434789
8457,Snrnp70,210,1494.8882590675337,1583.057227742684
8458,Snrnp70,210,1501.9076560505114,1489.139077116886
8459,Snrnp70,210,1503.35367453745,1534.2842851748046
8460,Snrnp70,210,1510.5025991210327,1589.2181643590725
8461,Snrnp70,210,1521.1299881905727,1461.1286016268664
8462,Snrnp70,210,1537.5158830053992,1542.8639669352426
8463,Snrnp70,210,1541.1631527634213,1584.2001212365858
8464,Snrnp70,210,1541.901480834097,1580.977342276061
8465,Snrnp70,210,1577.2249484979998,1581.390271193723
8466,negative_control,2014,1247.2808899181027,1712.168092645653
8467,negative_control,2012,1152.3645129148676,1737.6128459991962
8468,Tmed9,231,1282.781770514882,1577.3590625545644
8469,Tmed9,231,1304.357037094857,1582.476938208843
8470,negative_control,2044,1383.1633301066367,1586.819236204007
8471,negative_control,2085,1444.572654372186,1584.4061360358603
8472,Rbbp7,181,1167.4555186627767,1665.5263508321868
8473,Rbbp7,181,1172.098344282861,1742.847154804674
8474,Rbm3,182,1172.689382441161,1659.8068007425018
8475,Rbbp7,181,1180.883667008966,1641.4638200113427
8476,Rbbp7,181,1186.750291259348,1541.6794358068853
8477,negative_control,2099,1215.3684770439754,1727.1566093265246
8478,Rbbp7,181,1227.0461269561251,1546.1233201679574
8479,Rbbp7,181,1257.502728196398,1701.454105221318
8480,Rbbp7,181,1261.3870648530433,1557.0729066266772
8481,Rbbp7,181,1283.0752377634783,1708.764142923785
8482,Rbm3,182,1286.1888323562168,1544.4542761615537
8483,Rbbp7,181,1294.679863420066,1637.2650364222166
8484,Rbbp7,181,1301.3559487456207,1718.0568893447485
8485,Rbm3,182,1328.108310983959,1668.4693739560591
8486,Rbbp7,181,1382.4482209381465,1684.047280340372
8487,Rbbp7,181,1392.2763243654542,1697.028965885055
8488,Rbbp7,181,1411.471103931546,1614.4886729884483
8489,Rbbp7,181,1431.8958293175413,1643.0077369999965
8490,negative_control,2035,1447.972798263673,1541.5982369603887
8491,Rbbp7,181,1462.2395192846266,1527.6753450917056
8492,Rbbp7,181,1475.547158826173,1622.2828552280455
8493,Rbbp7,181,1477.18573648196,1601.8035837457055
8494,Rbm3,182,1486.268835147308,1484.5614097101716
8495,Rbm3,182,1491.1783482679705,1480.1790341070537
8496,Rbbp7,181,1494.870354899954,1478.8101290098607
8497,Rbbp7,181,1519.4663363452996,1557.3195615071895
8498,Rbbp7,181,1531.5626470061811,1563.4477836137974
8499,Rbbp7,181,1535.1658907360195,1528.0852511196908
8500,Rbbp7,181,1553.5918392247506,1558.6277732940518
8501,Mta1,113,1186.2427759841366,1543.102832028724
8502,Mta1,113,1238.7138264185432,1524.6840287139505
8503,Mta1,113,1265.150840087799,1550.8848372385405
8504,Mta1,113,1364.7315759918224,1685.8285768402125
8505,Mta1,113,1377.6347460960117,1595.6206042596752
8506,Mta1,113,1387.5946781258965,1645.786494345258
8507,Mta1,113,1393.4280602124509,1613.719632084902
8508,Mta1,113,1397.5349732539948,1548.7595948408843
8509,Mta1,113,1471.011550716461,1616.8408585291706
8510,Mta1,113,1515.6147773972104,1555.631570606732
8511,Mta1,113,1517.269733082017,1466.7035822392372
8512,Maged1,82,1128.2448679883678,1773.2959240575904
8513,Maged1,82,1131.4829183856368,1754.3377396452663
8514,Maged1,82,1144.186251035593,1687.7409909284738
8515,negative_control,2018,1147.618710626288,1691.1400113068178
8516,Maged1,82,1153.7395017709737,1667.1475827414365
8517,negative_control,1978,1158.0954902018457,1762.4842925069236
8518,negative_control,1978,1161.5135843679209,1683.9695325724922
8519,Maged1,82,1170.6801710280952,1741.3064423842754
8520,Maged1,82,1184.733444261473,1758.0108543425883
8521,Maged1,82,1185.4008821579237,1516.6570730904025
8522,Maged1,82,1190.8147744604385,1525.5334277230595
8523,Maged1,82,1195.2512712599562,1522.5599791753352
8524,Maged1,82,1230.1410515174289,1502.3572055971629
8525,negative_control,2018,1236.5006221122292,1632.2973377208232
8526,Maged1,82,1237.0341412002133,1591.973557015354
8527,negative_control,2079,1255.99582569446,1522.6101269220171
8528,Maged1,82,1256.2602920148456,1542.7037007070112
8529,Maged1,82,1262.8818478861874,1572.3579077004345
8530,Maged1,82,1270.3480976151725,1707.0306017509563
8531,Maged1,82,1290.8313966558676,1578.6261382860382
8532,Maged1,82,1296.193486997551,1563.865131472027
8533,Maged1,82,1308.2226901006704,1670.4355617516417
8534,Maged1,82,1316.9414415607137,1639.283028889411
8535,negative_control,2018,1333.2285017828235,1561.1214190986643
8536,Maged1,82,1345.9864607932532,1560.952419020923
8537,Maged1,82,1350.4725424447515,1602.5171014710877
8538,Maged1,82,1356.306623321171,1620.8088900961166
8539,Maged1,82,1390.5636090467533,1613.2168514436894
8540,Maged1,82,1396.3538012661077,1561.266618050238
8541,Maged1,82,1409.95421091849,1544.9551117564083
8542,Maged1,82,1422.8073245944613,1603.7661468687734
8543,negative_control,2088,1422.2610869229584,1602.8442842433667
8544,Maged1,82,1433.424270654124,1534.7187642568924
8545,Maged1,82,1455.6258289460295,1619.5654505503362
8546,Maged1,82,1461.6359179608312,1496.5793102863274
8547,Maged1,82,1465.6532394366495,1559.1750543927842
8548,Maged1,82,1477.0308944338517,1612.9927500546607
8549,Maged1,82,1499.3541815648805,1453.8073908636354
8550,Maged1,82,1499.7472457871004,1477.506566724756
8551,Maged1,82,1508.4312622689094,1586.9670276044326
8552,Maged1,82,1509.2040263034626,1557.8548991865237
8553,Maged1,82,1513.8210459687589,1582.122687848543
8554,Maged1,82,1514.091330322472,1550.7546417066774
8555,Maged1,82,1552.0822516464532,1553.3921080538512
8556,Uba1,250,1070.0935290968744,1789.2193241650814
8557,Fkbp4,44,1091.1108287273996,1656.9784801548956
8558,Fkbp4,44,1128.5941575339798,1689.3131123347073
8559,Fkbp4,44,1135.9779904835789,1714.148150302419
8560,Uba1,250,1146.172759120027,1766.5298858772726
8561,Fkbp4,44,1153.0931590659368,1664.8333592851511
8562,Uba1,250,1158.07154540814,1657.246211034755
8563,Uba1,250,1164.318591985109,1670.1477804584774
8564,Uba1,250,1165.4445251266206,1784.4882228474812
8565,Fkbp4,44,1171.9689537410495,1647.6809406776224
8566,Fkbp4,44,1175.6177176417723,1772.9194033606354
8567,Fkbp4,44,1179.8689962384194,1530.1614637861294
8568,Uba1,250,1206.266791013608,1515.196211541248
8569,Uba1,250,1216.4070038125933,1602.5763060283798
8570,Fkbp4,44,1240.6493067903991,1543.3170713994468
8571,Uba1,250,1243.875023809525,1579.7021047483363
8572,Uba1,250,1248.8230188886987,1603.255260106171
8573,Fkbp4,44,1253.3417582398388,1519.672704186172
8574,Fkbp4,44,1258.2489157612404,1624.1853964865438
8575,Fkbp4,44,1267.8730228015943,1563.1728073064614
8576,Fkbp4,44,1287.673832006163,1576.514952967972
8577,Uba1,250,1307.6959918917605,1623.1183714365784
8578,Uba1,250,1322.974716743774,1658.0524524262105
8579,Fkbp4,44,1327.9445532905752,1702.0452787732818
8580,Fkbp4,44,1337.4466543545443,1693.4807365662905
8581,negative_control,2021,1366.702117601125,1550.2692033992273
8582,Uba1,250,1374.3838877309051,1659.2546284590285
8583,Fkbp4,44,1387.6135976713006,1536.3532737356898
8584,Uba1,250,1392.0480831580912,1677.20694447247
8585,Fkbp4,44,1427.2219762156287,1583.6029429096895
8586,Uba1,250,1428.7701934888598,1643.902157181035
8587,Uba1,250,1440.6048554916842,1562.3058800358515
8588,Uba1,250,1441.405464905184,1584.7686454386562
8589,Fkbp4,44,1450.5595131504017,1536.9603014564268
8590,Uba1,250,1452.3500814661377,1579.3347420538562
8591,negative_control,1968,1456.9756608334703,1587.19033004928
8592,Uba1,250,1461.6316721406276,1594.1324715226494
8593,Uba1,250,1465.2940814900253,1521.37610592056
8594,Uba1,250,1466.0192737994498,1504.2001237491531
8595,Uba1,250,1469.5315013823872,1491.8031940312703
8596,Fkbp4,44,1469.0791046587033,1541.713314849052
8597,Uba1,250,1475.1011842498426,1519.8820621970983
8598,Uba1,250,1475.6570682804993,1603.1459487202908
8599,Fkbp4,44,1477.654070144931,1491.1122237484465
8600,Uba1,250,1479.8733054435208,1556.9241257271076
8601,Uba1,250,1494.519665683763,1524.2743419033727
8602,Uba1,250,1498.0581669210394,1451.273669007858
8603,Fkbp4,44,1513.8986011383836,1534.8604924907756
8604,Uba1,250,1513.5184171353949,1584.7643164599006
8605,Uba1,250,1515.9070715927226,1543.4877473429317
8606,Uba1,250,1526.4553561470198,1468.5772273623215
8607,Fkbp4,44,1543.6617220332512,1574.035717341258
8608,Fkbp4,44,1543.689830180287,1539.1074270319357
8609,Uba1,250,1556.7801778982373,1556.165691208013
8610,negative_control,1981,1443.2649936534503,1590.396498798032
8611,Ybx1,263,1032.3824677451175,1625.926490995894
8612,Ybx1,263,1119.75742150845,1776.3698995289103
8613,Ybx1,263,1120.7279550223536,1707.1292881442228
8614,Ybx1,263,1121.9631826737332,1654.4324273057791
8615,Ybx1,263,1138.2355762184077,1677.7307793163864
8616,Ybx1,263,1143.1172864873156,1788.9445939802324
8617,Ybx1,263,1146.9609395444115,1707.1751778713833
8618,Ybx1,263,1147.3112953308091,1682.037538670528
8619,Ybx1,263,1150.960150442024,1737.586935424693
8620,Ybx1,263,1157.7150745918748,1777.306701297077
8621,Ybx1,263,1159.7368646253346,1725.3440775820202
8622,Ybx1,263,1160.547584137095,1764.2663707523952
8623,Ybx1,263,1160.6789593224023,1670.1560267761513
8624,Ybx1,263,1165.296751405444,1718.2415193112615
8625,Ybx1,263,1165.9676590585314,1689.6891951516525
8626,Ybx1,263,1167.660881371192,1763.409594840773
8627,Ybx1,263,1177.9011996892189,1677.104496326216
8628,Ybx1,263,1188.905662939762,1680.007675574344
8629,Ybx1,263,1191.413141403189,1511.750107851904
8630,Ybx1,263,1193.6561316023783,1639.320392606401
8631,Ybx1,263,1203.3980711356755,1637.514421806232
8632,Ybx1,263,1205.6426816533267,1549.9696219964496
8633,Ybx1,263,1210.5174874538109,1499.3219581867372
8634,Ybx1,263,1210.7973901011774,1642.5307801183956
8635,Ybx1,263,1214.609489436783,1731.1388489635
8636,Ybx1,263,1213.8458896018155,1634.3251653762077
8637,Ybx1,263,1219.0758843527376,1554.1526713913995
8638,Ybx1,263,1227.656709359184,1702.9574574727876
8639,Ybx1,263,1231.224830041975,1720.828716191233
8640,Ybx1,263,1238.4186385311243,1550.0833149683
8641,Ybx1,263,1240.2916536375883,1542.071304305381
8642,Ybx1,263,1243.4033320053054,1694.5663411858843
8643,Ybx1,263,1250.5900706214588,1530.4033664981646
8644,Ybx1,263,1252.319336748903,1662.7617546150716
8645,Ybx1,263,1258.6530678880408,1540.147933861026
8646,Ybx1,263,1260.868868769904,1715.4070195819068
8647,Ybx1,263,1261.8249791839794,1707.336408345523
8648,Ybx1,263,1267.305449933172,1656.1481691640988
8649,Ybx1,263,1270.1296793251718,1627.3316710212146
8650,Ybx1,263,1274.8793367157375,1690.6405283592703
8651,Ybx1,263,1279.734330074735,1728.0875237032917
8652,Ybx1,263,1283.93037088958,1718.0649072686238
8653,Ybx1,263,1288.720446433228,1681.243352249266
8654,Ybx1,263,1297.7433046245676,1693.605233301335
8655,Ybx1,263,1298.3809615857251,1533.2243295530511
8656,Ybx1,263,1304.4988501996238,1631.0969895772378
8657,negative_control,2019,1319.5923350116873,1558.517516226127
8658,Ybx1,263,1322.765988976223,1708.8003044060729
8659,Ybx1,263,1325.910335786867,1633.4339579073292
8660,Ybx1,263,1326.339345017982,1610.2029263410975
8661,Ybx1,263,1327.8768956370045,1700.0098971646912
8662,Ybx1,263,1328.5983860263575,1620.8119928388626
8663,Ybx1,263,1330.061352377713,1638.824302946262
8664,Ybx1,263,1331.98839688716,1694.6732898618402
8665,Ybx1,263,1349.3504127564406,1658.084368038201
8666,Ybx1,263,1349.6428774306698,1720.6661927843102
8667,Ybx1,263,1355.1289690012304,1593.4645197157026
8668,negative_control,2080,1354.529108157698,1557.5132134575397
8669,Ybx1,263,1362.3749278883054,1590.5521434861269
8670,Ybx1,263,1364.306067653952,1688.0677081901715
8671,Ybx1,263,1365.7376418715808,1539.1392918050155
8672,Ybx1,263,1370.0498030528224,1574.7849905248618
8673,Ybx1,263,1383.5956417985096,1687.58589176001
8674,Ybx1,263,1383.5135970488802,1683.5122307313968
8675,Ybx1,263,1384.1563012362042,1652.0228293054186
8676,Ybx1,263,1384.687196579595,1635.235322036027
8677,Ybx1,263,1386.880379862267,1589.056411077472
8678,Ybx1,263,1417.3885441758189,1533.4014892846258
8679,Ybx1,263,1421.2121621791034,1515.7545984399308
8680,Ybx1,263,1422.9007487455517,1646.63192084043
8681,Ybx1,263,1423.6433583307808,1650.7337945880276
8682,Ybx1,263,1426.4371556723463,1508.9221015249875
8683,Ybx1,263,1436.2144187956694,1587.1255186649337
8684,Ybx1,263,1436.931237352789,1544.0661141449002
8685,Ybx1,263,1441.4854510305215,1568.0471643821124
8686,Ybx1,263,1443.8270423451888,1632.4917141368744
8687,Ybx1,263,1444.2636975119374,1600.7066478422385
8688,Ybx1,263,1445.4371666985312,1610.622938447007
8689,Ybx1,263,1454.5111934594372,1545.3253961425376
8690,Ybx1,263,1460.7118879014145,1579.9819306137829
8691,Ybx1,263,1461.4347175377377,1561.290825666072
8692,Ybx1,263,1471.446465886998,1613.1987248825178
8693,Ybx1,263,1475.2409755157655,1561.7422937129538
8694,Ybx1,263,1475.1537283757475,1483.3281857505876
8695,Ybx1,263,1479.3495969779,1466.9534934653116
8696,Ybx1,263,1479.870237562155,1542.1701223087318
8697,Ybx1,263,1483.6902314917293,1602.2000191556697
8698,Ybx1,263,1484.8209421883832,1528.8593290224956
8699,Ybx1,263,1486.1225555370115,1512.8269828865996
8700,Ybx1,263,1490.713270498529,1544.1214537462886
8701,Ybx1,263,1493.5944818891353,1561.3997305509283
8702,Ybx1,263,1501.994151921143,1589.6830307410155
8703,Ybx1,263,1505.5494811406395,1465.618367281192
8704,Ybx1,263,1508.5506891710072,1507.9769509837624
8705,Ybx1,263,1510.2821396120987,1573.1962361592334
8706,Ybx1,263,1518.2286108567191,1542.0432617144334
8707,Ybx1,263,1518.735786657891,1574.1003379468066
8708,Ybx1,263,1520.7902961326668,1485.4278988715937
8709,Ybx1,263,1525.1312550030211,1548.1331606983788
8710,Ybx1,263,1555.7730469631008,1549.67199866207
8711,Ybx1,263,1556.198423946409,1563.6968798425046
8712,Ybx1,263,1569.4658638938065,1578.2809169038312
8713,negative_control,1984,1310.9147413433589,1593.926760777921
8714,negative_control,1984,1333.410464425267,1641.1602289910525
8715,negative_control,2084,1467.4413787493609,1493.5351100755338
8716,negative_control,2001,1183.0616017903392,1718.3154878185287
8717,Trp53,242,1094.0238131086126,1783.093180975881
8718,Trp53,242,1269.0822636440528,1530.1665477668896
8719,Trp53,242,1288.181498444822,1698.379214754089
8720,Trp53,242,1450.7930419289323,1636.6900467201494
8721,Trp53,242,1484.932025204257,1477.379277804157
8722,Trp53,242,1490.3070089906766,1546.6809758195263
8723,Trp53,242,1497.8819865375442,1456.513824831377
8724,Trp53,242,1553.6556946698176,1599.886137058161
8725,Trp53,242,1572.1962038626402,1572.6989813915427
8726,negative_control,2031,1266.768009328951,1607.479672717702
8727,Tbrg1,225,1211.137536869095,1701.954086677502
8728,Tbrg1,225,1302.3873621315934,1586.3225169496525
8729,Tbrg1,225,1330.5592053305652,1644.5030595063824
8730,Tbrg1,225,1378.7011990562953,1593.5298167307756
8731,Tbrg1,225,1390.1723917242116,1675.4367117880297
8732,Tbrg1,225,1461.6199533056329,1525.659004147218
8733,Tbrg1,225,1489.9024808481863,1563.4319597566853
8734,Tbrg1,225,1509.1801214760346,1526.578417835574
8735,Tbrg1,225,1545.0899417209948,1589.8078010627926
