,gene,gene_number,x,y
0,Tpm4,239,630.5809968790229,896.9535421353518
1,Rarg,179,645.159837621131,888.2636595135936
2,Rarg,179,659.7563090143484,892.392734870566
3,Ncl,121,669.6732698520465,880.1561525206745
4,Rpl18a,187,669.335195087836,880.0799721121824
5,Cops7a,17,666.7530508276077,882.0915864609659
6,Morf4l2,88,673.7764884664159,870.8255739170362
7,negative_control,1357,673.9556737269681,872.4061420899337
8,negative_control,1223,689.7637533303307,881.8395834597843
9,Pkm,144,690.8630003203151,882.3441157509221
10,negative_control,1507,691.1272405842468,882.4943464113848
11,Tpm4,239,694.5115810516862,885.1975775230264
12,Rarg,179,701.745689450316,909.3707518375244
13,Khdrbs1,73,703.3515904851723,943.1830811327842
14,negative_control,1889,736.2044048924195,792.0496114233345
15,Khdrbs1,73,742.8137184875732,799.9388356828871
16,Rarg,179,744.5894949637649,912.4465654685318
17,Zfp36l1,269,749.3293827484435,894.6428437474293
18,negative_control,1226,753.4268282561786,886.4600961784789
19,negative_control,622,754.1795359476407,885.3012635358937
20,Tnfrsf1a,233,754.2901125092926,887.4601567945243
21,Mdh2,85,753.7517067976299,886.2400604213166
22,Eef1g,28,754.4555264149554,885.4753494457424
23,negative_control,1964,754.2797768025578,886.0614751759906
24,Khdrbs1,73,755.5451470970104,938.868508577136
25,Rarg,179,771.0846912030797,846.071275891511
26,Zfp36l1,269,771.8399107773353,928.5500481776032
27,Cops7a,17,772.4375903035693,804.1115367054924
28,Pkm,144,774.4529515780699,871.3216827406914
29,Cops7a,17,773.9361060111252,871.7053499013887
30,Rpl15,186,773.8740190386508,872.055205239559
31,Cops7a,17,774.2956247185706,815.4022238232386
32,negative_control,1003,774.4292740987026,883.6355781353149
33,St13,220,774.667202297741,859.0740929881616
34,Snx5,212,773.9401143970922,858.9811453485935
35,Rpl15,186,776.3465846228903,865.6646252299718
36,Pkm,144,776.7557023419649,866.3242565221683
37,Gas1,50,773.0977503829099,865.7586708238703
38,Rpl18a,187,776.138906041981,865.0358358886934
39,negative_control,1808,773.5188997918915,865.6998765407297
40,negative_control,1156,773.9694631709008,865.7060693280151
41,Ppp2r1a,151,773.7973686030039,864.3969059627058
42,Emp1,39,773.5396204884808,865.7745958869328
43,Skp1a,207,777.6042893942379,865.7259600216332
44,negative_control,1717,776.8686634714009,862.131712206865
45,negative_control,1362,777.3509826044543,885.687612706821
46,Zfp36l1,269,779.7042418576472,841.303254401373
47,Rarg,179,780.0070296747133,835.8436782266681
48,negative_control,1688,780.3324689679018,872.4690824015183
49,Zfp36l1,269,780.5650803381795,872.114271536085
50,Eef1g,28,779.5997199760357,872.5653592130618
51,Nr4a1,130,781.7581396819719,907.753221411388
52,negative_control,1624,781.010451462576,908.0550200360638
53,Khdrbs1,73,782.5559980020198,908.9213664085722
54,Tpm1,238,780.3419337753056,907.9766948208338
55,Arpc5,8,785.7279640510069,821.4060708386321
56,negative_control,876,786.1313025533549,823.0044181601531
57,Sfpq,206,785.4176524241923,848.9143958877228
58,G3bp1,49,786.8354213145169,849.1091535656051
59,Spp1,214,789.4366312171325,833.2270008063404
60,Rab7,174,790.7874388887906,882.190980514261
61,Khdrbs1,73,789.3688842796722,880.1062307799384
62,Rarg,179,790.0064277215063,906.6088460230412
63,Tpm1,238,789.6612377582537,907.3616644130595
64,Spp1,214,793.1399643665064,879.304006173867
65,Zfp36l1,269,794.3113446251439,867.9052863853491
66,Vim,261,795.8196591364767,827.7874674956679
67,Vim,261,796.2598723735489,824.8416790730977
68,Ppm1g,150,794.2067738625691,825.2808708266936
69,negative_control,1322,795.4807768419726,825.4619481057387
70,Actn4,3,794.131098137677,826.1468754681972
71,negative_control,1318,795.9291209028819,826.1404465338505
72,Oxct1,134,796.038832446565,826.2296142649127
73,Npc2,128,796.1569844106718,835.3966856518459
74,Loxl1,78,797.0924417035498,835.6376876836795
75,Sf3b2,205,796.6488380325959,836.5658085292032
76,Hspa8,62,796.9334602703498,835.6973883984658
77,Cops7a,17,798.5541594591123,820.7671963075059
78,Nedd4,126,802.5757127688149,833.5372362136478
79,Zfp36l1,269,801.7066107389553,829.336031505891
80,negative_control,475,803.1374842067142,888.9527491524134
81,Spp1,214,802.303655431316,924.9246478803288
82,Zfp36l1,269,805.5418857623434,796.3237891768632
83,Rarg,179,805.6666699696656,791.9209449921012
84,Mrpl10,91,806.4737823248053,893.6355825522095
85,negative_control,1323,807.2621278901952,894.4620009131545
86,negative_control,1819,807.2631655373912,890.8425565236531
87,negative_control,1794,806.5394459080959,892.6474767384191
88,negative_control,896,806.6254345522829,893.312687447479
89,negative_control,1925,807.4229334577083,893.5456647490103
90,Ptgs1,169,808.0792732281188,893.8902221968319
91,H1f0,55,809.3872712015639,903.8371491705448
92,negative_control,805,808.9431698879679,903.5527796267957
93,negative_control,813,808.8680647579604,902.4553778252848
94,Cited2,13,809.6442213391585,904.465232657412
95,Sfpq,206,808.2208467322567,884.4394225941974
96,negative_control,386,809.4841300971602,884.4701219408462
97,negative_control,1121,808.9049142249498,885.3603902485515
98,negative_control,1808,810.1449230642232,883.8674951085413
99,Hnrnpk,59,807.2570318699873,884.2220879320192
100,Spp1,214,808.9631084763744,848.5174995830178
101,Uba1,250,809.2450913074789,825.0918181935136
102,Gas1,50,809.7230150606213,824.7343819099177
103,Sf3b2,205,811.9001162565593,841.9089516903023
104,Snrnp70,210,810.0433041859253,840.3476603124773
105,negative_control,1904,809.7213229770937,842.1713800077866
106,negative_control,416,810.5352508687678,840.7527209325123
107,Mvd,116,811.0271140554299,841.863174547778
108,negative_control,1804,811.3997314912132,898.682598229504
109,negative_control,1215,811.2446179702831,898.7076299741616
110,Rarg,179,812.2409265746161,927.068892701736
111,Khdrbs1,73,811.8766786219359,915.3228554327465
112,Efemp1,29,814.6311964506417,809.4443635995065
113,Fus,47,814.0377393156824,806.2642299204932
114,negative_control,892,814.7280349112033,807.6430960133671
115,Tnc,232,812.7042491399849,883.1948814498805
116,Gas1,50,813.5860903150987,884.2598784151821
117,Clta,15,814.2456861834901,885.4598941335942
118,Csnk1a1,22,813.5405630046677,851.4570520325418
119,Txn2,248,814.0827298503972,852.4734680407603
120,Ltbp3,80,815.5444811731819,851.280055352959
121,Loxl1,78,814.2704807995566,850.9751044436651
122,negative_control,586,815.0980615755952,851.470141531743
123,negative_control,1250,820.7750175584918,844.6398626816781
124,Mdh2,85,822.6537320078769,810.0132021910127
125,Pkm,144,822.1886961915534,810.0455137876411
126,U2af2,249,822.9518114895933,811.4027766030594
127,Spp1,214,823.2341325889631,875.9988864563427
128,Paics,137,824.3888463735561,826.5752071643277
129,Ctbp1,24,822.6861875020559,825.9351302952673
130,Khdrbs1,73,823.3482663344507,825.9905091707091
131,Vim,261,823.2782357888196,825.1590574042715
132,negative_control,1795,821.239644081682,890.7505489905216
133,negative_control,1853,823.0062770090747,893.3138263702763
134,Eef1g,28,821.4888868777449,890.9438854623795
135,Fbln2,42,821.8478998032022,891.3488588079912
136,Vim,261,822.7234167754268,891.361887001038
137,Zyx,271,822.1341229215893,891.2531619697194
138,negative_control,1198,819.7922772284691,890.6730296853653
139,Tnfrsf1a,233,824.5893577427429,926.1996596943668
140,Zfp36l1,269,825.2327040029968,917.133142428886
141,Emp1,39,827.4542269904045,863.2184722524615
142,negative_control,693,826.6057913641279,948.9241986756368
143,Spp1,214,827.2956970946911,867.534470931142
144,Vim,261,828.5319494380251,864.2681026293176
145,Igfbp6,68,828.9048523780747,865.188604761001
146,negative_control,443,829.2117162358356,866.8215852934734
147,Oxct1,134,826.5755066475446,866.4227011460084
148,negative_control,830,828.1184787343183,866.4297051373312
149,Tpm4,239,828.4526147974506,930.4077006505606
150,Spp1,214,829.4737976437032,890.1994299423204
151,Vdac1,260,827.0909076293843,890.1729895549622
152,Tsc22d1,244,829.8384681753081,891.1750173671745
153,Thy1,228,828.3507019440125,890.6468442967737
154,Ugdh,255,826.7087835697578,890.0955130699688
155,negative_control,1504,831.4401237653153,957.232554542782
156,Taldo1,223,831.700847845867,956.7482627945988
157,Ppm1g,150,829.6717504674441,955.883189346591
158,Eef1g,28,831.9906832851409,956.139593930206
159,Hspa8,62,828.1197290326465,954.9793401877156
160,negative_control,401,831.546035247138,956.6359747615596
161,Sae1,199,828.1765107451428,956.183122205906
162,negative_control,1362,829.8294238320262,870.4329886629725
163,Rpl18a,187,832.1428592381634,925.4554724858444
164,negative_control,813,832.6500727655385,934.271293322258
165,Mrps5,110,834.5865141954141,870.8817953543287
166,Vim,261,832.5093401556852,870.9187022054655
167,Efemp2,30,836.9146787385837,821.9267206962575
168,Rarg,179,836.1845216255185,821.7009368107965
169,negative_control,693,836.6289493437388,850.0840548223898
170,negative_control,1946,837.2122693458591,850.724108749535
171,Maged1,82,834.2433359008317,839.6651496791698
172,Ugdh,255,836.7791877343046,840.1665670372166
173,Nap1l1,120,837.0976120480146,839.7204997817327
174,Tubb5,246,835.5325821873246,838.772907423528
175,Aars,1,835.6700696666685,840.0303157258465
176,Hspa8,62,837.9229362741518,808.9570351736857
177,negative_control,1882,837.4042839465751,807.9466856834457
178,negative_control,339,839.3201903724078,829.7558759926737
179,Spp1,214,841.653677426996,891.921841317679
180,Efemp1,29,842.124255135446,891.0633064400166
181,Myc,117,841.8796521004898,971.3475011533797
182,Arf1,6,841.5646009214436,972.2994732362693
183,negative_control,1945,843.207815636076,971.2378583675996
184,Gsto1,54,842.4278865340253,972.1658096215128
185,Ybx1,263,843.6092757129622,836.8795656146497
186,negative_control,1433,845.1444632760698,833.466789423069
187,negative_control,812,844.718450003505,835.234324489958
188,negative_control,1717,846.5277172431054,889.4543087205736
189,Khdrbs1,73,847.6079855675027,742.6943714723274
190,Ptgs1,169,849.0995682807,859.1664831697625
191,negative_control,1954,848.7452212728089,858.1638626296764
192,Pkm,144,847.3794374631462,857.3534170905125
193,negative_control,279,848.3995907021522,857.5728703820607
194,Fgf7,43,848.5453325454548,857.1721321065442
195,negative_control,1494,848.0500520987532,856.8257930641666
196,Jun,70,848.86290969384,858.8044013072156
197,Spp1,214,848.1495089507403,949.3673628933884
198,negative_control,2029,852.0900960530138,830.1974469417667
199,Cops7a,17,851.5891266793304,831.2915584753479
200,negative_control,622,854.03381003884,910.089441775704
201,negative_control,1058,854.9232289070937,863.9739280545729
202,negative_control,1719,854.4829466117509,864.20048898591
203,negative_control,1577,855.3937347745887,977.6370849313092
204,U2af2,249,855.6175313967506,978.2330133045756
205,negative_control,1096,855.4657211533663,977.4781309106504
206,Tpm4,239,857.0591441420984,925.8579373950436
207,negative_control,1392,858.4612972171378,901.796486814829
208,negative_control,1981,858.6147817403837,902.4673702451
209,negative_control,1362,857.7348758189983,902.4114031033032
210,Spp1,214,858.6191558964955,868.9828794032924
211,Nedd4,126,858.4360274243686,868.6329093620718
212,Spp1,214,858.798543659023,911.0005864693458
213,Spp1,214,860.4150577564087,878.5242008339833
214,Spp1,214,863.081344381572,846.4918872911517
215,Rarg,179,863.2807894962697,832.0527714657712
216,negative_control,880,863.8162883780299,828.5514797739795
217,Fkbp8,45,863.4307902865226,830.4606014312338
218,Maged1,82,866.4243703998065,826.089548887843
219,Raly,177,865.6444514772412,825.3773384227443
220,Srebf2,215,865.1258976392833,824.8943595774922
221,Spp1,214,866.1589749050918,900.3960883327188
222,Cops7a,17,867.6671342372069,898.6713523803468
223,negative_control,339,868.7051261054128,875.8568892722282
224,Ppm1g,150,871.01625959842,1032.4647698312738
225,Rpl15,186,870.8245780678646,837.7928924854261
226,Cs,20,874.6783986600022,860.7498976872427
227,Hspa8,62,877.5659856793001,856.4225799161547
228,negative_control,1977,875.6956480256331,857.8103604833886
229,negative_control,321,874.804164417933,858.7616817764357
230,negative_control,809,875.3238745599347,857.5388792539782
231,Psmd2,163,873.8925544943096,858.2499251270754
232,negative_control,1701,879.0450902776041,855.4460487566868
233,Polr2e,148,881.2966154118259,850.6277347420265
234,Tspan3,245,879.5789647919761,849.5427641672309
235,negative_control,799,882.1194676652588,850.5812847257442
236,Tpm4,239,881.3866323964542,877.1599417590464
237,Rarg,179,883.0876951006521,968.7975799711564
238,Timp2,229,884.9091464788914,866.6751579035817
239,Khdrbs1,73,883.4107338081494,866.8207277305968
240,Tpm4,239,883.7114347743465,996.9040661209892
241,negative_control,451,882.7669077720952,904.1183528678706
242,Hspa8,62,884.5137051513622,902.4696691508352
243,Tmed9,231,883.7394799708109,902.9868461636588
244,Prkcsh,152,885.237464336047,930.2517263206216
245,negative_control,1044,884.5626611977863,931.1516929938932
246,Spp1,214,884.5635651815023,887.1163322635174
247,Spp1,214,885.5949417947224,854.9611883694799
248,Ltbp3,80,885.9175094092676,1002.602142475076
249,Rpl15,186,886.8618115553502,1031.480270105566
250,Spp1,214,886.5473470241711,951.74749314751
251,negative_control,304,886.809211723326,950.5000275289452
252,Junb,71,886.2684233020706,950.0046505187064
253,negative_control,1538,886.4432379227703,950.4825881813216
254,Sdc4,202,889.4906932163387,1034.570862965148
255,Hdgf,56,889.0596857756798,1035.0633718960346
256,Hnrnpk,59,889.4977287833071,1034.1644612372445
257,Ptgs2,170,889.2780314814663,1034.7844207635303
258,Rpl18a,187,892.676378172831,865.801986159832
259,Tpm4,239,893.1030399164757,965.0611649631094
260,negative_control,512,891.4800673314148,882.9487012405541
261,Efemp1,29,892.3631173845299,882.8086243248563
262,negative_control,2018,892.0322388472478,884.5695560186448
263,Ltbp3,80,893.1936197739722,884.0109454558591
264,negative_control,1256,891.3766604092581,883.3562344881987
265,Aebp1,4,890.13335345421,883.5952790866556
266,Ltbp3,80,896.6814334742764,937.110866213564
267,Tpm4,239,903.6249340317828,1035.501970169474
268,negative_control,1837,904.8047542765228,904.4235666717904
269,Srebf2,215,903.8761015032146,903.5641846541832
270,negative_control,897,903.9864945139598,904.6468407248668
271,Ptgs2,170,904.7285909020889,903.7484515769668
272,Slc38a2,209,905.4665136925493,905.192132443331
273,Emp1,39,904.7950238929394,906.9138568758394
274,negative_control,1648,902.9669307166432,905.6344065128022
275,Spp1,214,907.1991487035788,895.8694000993044
276,Spp1,214,914.651732955042,1026.5184159974597
277,Rarg,179,916.3573246092672,919.9946360502282
278,Spp1,214,915.9861756082684,950.2118883848945
279,Prps1l3,154,916.2272230250938,903.7201231378914
280,negative_control,1295,916.0606163763972,904.8190098729872
281,negative_control,1503,915.7294264868548,904.2647467211852
282,Spp1,214,915.8714405058432,905.0735944895094
283,negative_control,1617,916.3703505753848,905.0921223570928
284,negative_control,298,915.8943147315546,904.2197452658831
285,negative_control,1242,915.3857432186762,904.8969595800532
286,Vat1,259,914.9089297056704,906.5755147881272
287,Spp1,214,919.201400143419,930.8884651570794
288,Spp1,214,920.4415755580224,958.8487113365665
289,negative_control,907,920.5027050027824,959.604775303922
290,Arpc5,8,928.5019685183048,1038.817704687288
291,Tpm4,239,929.64634788154,1060.2139437892442
292,Spp1,214,934.946576218889,982.2059603708406
293,Spp1,214,934.685042197089,915.5888939517276
294,Tpm4,239,938.1662920111328,1060.6559110460166
295,Neat1,125,947.6355095121036,1073.7936871708862
296,Cops7a,17,952.3356197718132,957.84600376536
297,Cops7a,17,956.8224288110988,1049.7370161269678
298,Rcc2,183,958.95813278089,1074.441807090714
299,Rps6ka3,193,958.5811907091764,1075.7663966066443
300,negative_control,654,958.0832689880492,1075.7421239003331
301,negative_control,1144,958.905119169451,1074.9451845056524
302,Plk2,147,959.2591217099324,1090.4751688430763
303,negative_control,1029,960.0084462109202,1090.2820901524833
304,Rpl18a,187,961.2921885739946,1044.099251061792
305,Spp1,214,962.955136328362,1085.0903695118163
306,Malat1,83,962.5137688535935,936.2971112644476
307,Malat1,83,964.6631135025344,997.2597851951112
308,Khdrbs1,73,966.3575731532922,1105.9896612499035
309,Ltbp3,80,966.816421994828,1072.8481739667875
310,Mrps2,107,970.1515317121684,1074.5353805142554
311,Spp1,214,969.1891451898448,1074.261276177537
312,Cct5,10,970.355247347497,1074.6109120806068
313,Efemp1,29,969.3017430738691,1075.2276453038992
314,Khdrbs1,73,970.1826069657882,1074.1279414571163
315,Cited2,13,969.9653291434818,1076.026640458293
316,Ptgs1,169,971.623600400045,1108.9456412187312
317,Cops7a,17,969.9390032767324,1109.666441366934
318,Gas1,50,971.0690322169784,1108.3252585480752
319,negative_control,404,970.9859963461124,1109.367514281461
320,Eif4g2,38,970.8744495353496,1109.3954376494153
321,negative_control,974,970.082509655852,1109.5373569071812
322,Rarg,179,971.3081801092368,1111.3266989844974
323,Ppm1g,150,971.1761687349896,1114.127302810341
324,Ppm1g,150,973.9747122163334,1086.94040182019
325,Zfp36l1,269,973.3245010813516,1082.3266323088374
326,Tpm4,239,977.2246751025444,1049.747295391288
327,Tubb5,246,981.203918546441,1119.6365148179034
328,negative_control,812,980.4435162130889,1118.6725294958617
329,Spp1,214,981.595313532108,1038.1404745724292
330,Spp1,214,983.2930218464536,1050.280937847694
331,negative_control,875,984.321773681692,1105.9248035538656
332,negative_control,720,984.3352674669504,1106.9527318393143
333,Ybx1,263,984.2375710786364,1105.664670029551
334,Tpm4,239,984.7001324912554,1136.0911265675663
335,Slc38a2,209,984.3514435088794,948.7422914607064
336,Rpsa,197,983.1783020242912,1070.089640589595
337,Timp2,229,984.4139902671418,1065.6539994156096
338,negative_control,1598,983.7913454179692,1066.072262868626
339,Ppp2r1a,151,983.7832731813854,1066.6063005352962
340,Vim,261,984.321358011894,1067.4735668640951
341,Ncl,121,985.35077741748,1068.5992999328134
342,Pkm,144,983.0706611380722,1069.383332282698
343,Hspa8,62,983.8216492960328,1083.5180795896658
344,H1f0,55,983.6540474209936,1084.5527800360971
345,Ncl,121,981.8087801808512,1082.7467317016626
346,negative_control,1366,983.267575879657,1082.9350436693185
347,negative_control,457,985.5058782187264,1083.0567339965423
348,Spp1,214,986.915291910978,952.9725527994073
349,Il1rl1,69,988.0525164692842,1071.0852649485314
350,Rarg,179,988.4546530963185,1071.4859675015575
351,Rarg,179,987.796222439384,1109.6946930204244
352,Fus,47,988.2451087828184,1109.1259187098783
353,Vim,261,988.2133799371696,1083.0647620692991
354,Ncl,121,989.1293982635228,1083.60930178325
355,negative_control,615,987.7431720281852,1084.4098978527772
356,negative_control,1629,988.0651907144512,1084.1102929031172
357,negative_control,1383,989.8105359400872,1085.7757126745842
358,Thy1,228,987.9004879960048,1086.3863873962086
359,Prrc2a,158,987.7023396353388,1085.0551822371744
360,negative_control,650,990.8164757086884,1283.1455805929645
361,Spp1,214,991.4798964160073,981.2080091207852
362,Mbd3,84,991.7716891490022,1055.7991028694428
363,negative_control,1283,991.4606123228951,1262.3664947127677
364,Arpc5,8,992.9116899346506,1186.6336924573632
365,Raly,177,993.4942647690368,1166.417672734241
366,Tpm4,239,992.6039166392776,1165.525596139574
367,Tpm4,239,993.8702344336856,1226.1964203163363
368,negative_control,343,995.28781488571,1064.659608729077
369,negative_control,1068,994.2637802316516,1064.456792870184
370,Emp1,39,996.7791132160312,1071.667412930861
371,Khdrbs1,73,997.5255652065116,1272.8172212883828
372,Eif4b,37,997.9421972668506,1148.3983449137402
373,Sec13,204,998.231156734989,1148.6455896749935
374,Pkm,144,998.5201481911294,1147.468971320241
375,negative_control,342,999.1096874148566,1013.7540814179932
376,Msn,112,997.2428046354504,1021.388204272946
377,Idh2,65,999.5795329443772,1232.934528271173
378,Spp1,214,1002.3319396530544,1093.554054747177
379,negative_control,475,1000.8406185491376,1094.3814103075606
380,Ugdh,255,1000.8526066782192,1094.1717812237862
381,negative_control,332,1001.491658885502,1039.1878580833195
382,negative_control,658,1002.318255195642,992.0126543215424
383,Rpl18a,187,1003.668331790343,992.28114145971
384,Cops7a,17,1003.2062482812606,1105.9140525350012
385,Cnn2,16,1004.0162276236103,1105.8573863341269
386,Mvd,116,1004.1631274132016,1175.2820334540197
387,Vim,261,1004.5254339001492,1004.2878329036024
388,Cct5,10,1006.010874994601,1003.6193053326268
389,Arpc5,8,1004.3479895104364,1208.076386347479
390,negative_control,396,1006.2509068336678,1207.3810741867023
391,Tpm4,239,1003.793887477274,1081.4863764575357
392,Spp1,214,1004.163824809702,1009.1946343933464
393,Tcf25,226,1006.0046232064212,1007.8238181185988
394,Ssr2,217,1004.7359451348514,1007.6282264846296
395,Nudt9,132,1006.989398294617,1035.3391678780054
396,negative_control,467,1007.1359629491528,1034.634740897303
397,Cct5,10,1008.0512697214082,1036.6179941272112
398,negative_control,2080,1006.3097093697634,1033.2115039386788
399,negative_control,1211,1007.798206583866,1034.2503134796902
400,negative_control,1858,1008.035996561994,1034.406126344914
401,Spp1,214,1006.0885885672848,1035.9431003029006
402,negative_control,1944,1007.4797958571552,1033.2818708346565
403,Pdia3,140,1007.7929636277124,1035.3055947179043
404,negative_control,1364,1005.7525580185428,1033.996385590672
405,Mrpl35,98,1007.4124823224428,1171.1991260543891
406,Ncl,121,1007.0573066813138,1172.0641863824446
407,Tubb5,246,1006.054079996005,1171.8076324180272
408,negative_control,1536,1009.5381868206958,1052.7065359402732
409,Ltbp3,80,1007.8430293891972,1053.151117851184
410,Tmed9,231,1007.8490077244792,1052.570878203093
411,negative_control,1618,1006.8607110814828,1132.4206555022092
412,negative_control,1003,1010.0608370324268,1086.4308961946222
413,Ywhaz,268,1010.2245072731612,1084.886376349874
414,negative_control,1434,1010.163715406814,1085.255413927338
415,Pdia3,140,1010.7572190000044,1085.3305297098043
416,Timp2,229,1012.1854745938584,988.4356700683412
417,negative_control,895,1012.6629295128704,989.4671985654696
418,Spp1,214,1012.2039766659752,997.3180574943932
419,negative_control,395,1011.7540462227252,998.5810360869162
420,negative_control,1837,1012.3375821152174,997.2802978456764
421,negative_control,1717,1012.7693426832966,1107.315642087608
422,Ddx17,26,1013.6098975795117,1108.274512245241
423,Psmd2,163,1014.1217027972688,1107.988470731227
424,Cops7a,17,1013.358271128638,1075.5958419795768
425,negative_control,737,1012.3494119990488,1076.04443399528
426,Spp1,214,1014.187323409684,1026.9619508758556
427,Rpl15,186,1017.0584161866047,1025.0552399450794
428,negative_control,1168,1015.067095500082,1025.8931230855956
429,negative_control,930,1016.1043768746432,1098.1727812055196
430,negative_control,1367,1015.0056687981644,1097.6770453630988
431,Skp1a,207,1017.3285197355908,1070.636442827193
432,St13,220,1019.1838399952692,1071.764229990429
433,Vim,261,1018.6484162018204,1071.353876202118
434,Rpl18a,187,1018.1504576927056,1071.7628566076728
435,Fbln2,42,1019.8019626504588,1069.9727637492708
436,Tpm4,239,1021.3505350397096,1092.5969081867545
437,Rpl15,186,1024.0891135507875,1143.407116225436
438,Tpm4,239,1024.214156207098,1143.3963898993302
439,Ncl,121,1025.6236216067457,1141.4177945682825
440,Cs,20,1023.217451326692,1154.1690023293972
441,Rpl18a,187,1023.3322199764845,1153.5905463443344
442,negative_control,470,1023.3722643175076,1154.247022441422
443,Tpm4,239,1024.4944906200697,1108.0449854460571
444,Vim,261,1025.2999828546508,1134.7285135188686
445,Hspa8,62,1024.4904430581514,1134.5779648315383
446,Maged1,82,1026.0986300536329,1133.445951494961
447,Ywhah,266,1027.6597434130938,1134.993805989941
448,Spp1,214,1027.3294712732206,1042.0360846090016
449,Tubb5,246,1027.6221887974832,1005.0107811151448
450,negative_control,378,1026.9925361678484,1005.6305982543108
451,Ltbp3,80,1030.7460000300578,1061.505759780337
452,Ybx1,263,1030.6978364037027,1130.9547307015418
453,Csnk1a1,22,1031.4488464721276,1130.813668215716
454,Malat1,83,1031.201911844899,1130.7231660611717
455,Lrrc59,79,1030.3718105084715,1113.014816346634
456,negative_control,842,1032.408628633135,1109.9773666606227
457,Actn4,3,1030.11873859914,1110.4492195141693
458,Mrpl28,97,1030.8119630569272,1112.9645989950432
459,Vim,261,1032.0068937014476,1108.8529531701977
460,negative_control,308,1031.328976391943,1111.9299634701767
461,negative_control,1663,1030.3871381995878,1111.9279913028586
462,Cct5,10,1031.847182070823,1111.685424224563
463,negative_control,1156,1029.1295759215618,1112.9383795895365
464,negative_control,321,1029.8312458391456,1112.4488974019478
465,negative_control,346,1030.570508245579,1112.9319695676993
466,Eif4g2,38,1030.729096183611,1110.6467557154683
467,negative_control,1110,1032.0699033235203,1110.4783779246256
468,Ctbp1,24,1034.7388524702808,1122.141002343618
469,negative_control,344,1031.7962418418,1122.075033702899
470,Rac1,175,1031.931660730305,1121.981138261442
471,negative_control,388,1033.478448121463,1122.1387161139858
472,Vim,261,1034.35767102283,1122.3045077080133
473,Myc,117,1031.369799953597,1122.9949477443308
474,Gsto1,54,1035.1523702435006,1121.2195827257397
475,Vim,261,1031.1508110333298,1036.8211291734854
476,negative_control,1232,1031.2688761169547,1036.758221912811
477,Pkm,144,1033.2522092756858,1033.8016118809628
478,Cct5,10,1031.190200562113,1036.4198051739013
479,negative_control,1300,1032.66427884113,1035.5430411354043
480,negative_control,999,1034.6150488680696,1067.4948922538122
481,negative_control,284,1035.365097464309,1069.1114187784706
482,negative_control,793,1035.1515185439575,1066.6396204929154
483,Nap1l1,120,1034.766499763149,1068.1929990046096
484,Timp2,229,1035.688729297719,1070.1986549632884
485,negative_control,979,1036.5350385666284,1070.9292046333846
486,Zfp36l1,269,1035.901471473706,1045.022715130228
487,negative_control,293,1038.2588793724333,1102.690004977581
488,negative_control,715,1038.635765651174,1135.9698746204194
489,Fkbp4,44,1039.6092488217798,1136.2778813973332
490,Prmt1,153,1039.5410608706902,1135.2786038899774
491,negative_control,1645,1038.265860336866,1075.690114460221
492,Myh9,118,1038.238844717236,1126.430780404918
493,negative_control,341,1038.977474678269,1125.4476095210018
494,Spp1,214,1041.3334993306453,1100.921955577276
495,Eif4b,37,1042.054130898125,1103.28750900341
496,Eef1g,28,1042.350254950378,1102.283652868304
497,negative_control,701,1040.726109979399,1115.216243371758
498,Zfp36l2,270,1040.730277176238,1115.0192308720189
499,Myh9,118,1039.3009288476132,1115.8193247663908
500,Stip1,221,1043.1326381001156,1115.9731214955268
501,Jun,70,1043.7521089031632,1115.2297280422597
502,Rpl18a,187,1043.9153341298186,1116.378943519673
503,negative_control,2061,1040.9571722595626,1116.0036113310473
504,Nr2f2,129,1042.9587450229617,1115.945247776413
505,negative_control,1056,1043.478384795331,1116.7996297947218
506,negative_control,943,1040.3671513481663,1116.7373558793124
507,Pcdhgc3,138,1044.982411818677,1053.8224700365367
508,Emp1,39,1043.9707712027323,1053.2993089822303
509,Ncl,121,1043.5930748694343,1053.7071357851294
510,Psap,160,1044.168476809361,1052.0451461971595
511,Mtch1,115,1047.4821323233143,1030.2696207156964
512,Ly6e,81,1046.1084285344762,1030.7963040576883
513,Tpm1,238,1045.6591296334109,1030.1427964332502
514,U2af2,249,1047.2200766098051,1029.56849906994
515,Snx3,211,1045.5623159175243,1028.9015928239637
516,negative_control,664,1047.9778535250011,1029.1041082967586
517,negative_control,1539,1044.4295276712162,1030.1814767889784
518,Ncl,121,1045.0310316342036,1030.4762579171954
519,negative_control,813,1046.3810272633696,1030.8460839809604
520,negative_control,1515,1046.8604507591467,1029.7669973528757
521,Tomm40,235,1045.1344559327113,1028.132334868018
522,negative_control,1645,1048.0586042803488,1121.5504881149511
523,Khdrbs1,73,1048.1669369161436,1110.8458051562789
524,Psma7,161,1046.1724365927926,1022.4526837563732
525,negative_control,501,1047.4186469735732,1023.190235332413
526,Arpc5,8,1047.831348171731,1023.1551561400069
527,negative_control,1044,1046.808628992546,1021.6799788046396
528,Hnrnpul1,60,1047.0295676574558,1117.674746183055
529,negative_control,404,1045.554517204722,1118.888410113047
530,Tpm1,238,1048.9617781306188,1118.4889464950434
531,Sdhc,203,1049.3500975862944,1118.178994890535
532,negative_control,894,1049.264863880809,1041.8366150213967
533,negative_control,401,1049.4373617509568,1041.394258746683
534,negative_control,1775,1048.9235871493013,1043.1193461538764
535,Gpi1,52,1047.7120824739743,1042.1069134733098
536,negative_control,1692,1048.6389439505251,1042.082322230514
537,negative_control,1252,1052.1847345616393,1034.354959686821
538,Zyx,271,1051.9041335850663,1036.551086545439
539,Spp1,214,1051.8834183754846,1034.3206382804783
540,negative_control,1203,1049.3191802430993,1039.0836272476436
541,negative_control,801,1051.8665036451598,1035.4319356937567
542,Thy1,228,1051.5040516165045,1035.6191267752954
543,negative_control,1230,1052.5713589199052,1034.2011482266917
544,Lamp1,74,1050.3772804751834,1037.7155537061435
545,Paics,137,1054.079431378495,1090.5303102010128
546,negative_control,1891,1054.223989814245,1089.1207067989365
547,negative_control,1495,1052.8157552834778,1088.518225980707
548,negative_control,949,1052.5640509462523,1089.5985145856932
549,Pdia3,140,1055.2587574205377,1090.7306608644549
550,negative_control,1520,1051.9063891448204,1087.7774618082674
551,negative_control,807,1051.959557789275,1087.310435432942
552,Scarb1,201,1051.1105820023963,1088.0575597771642
553,negative_control,869,1055.2000669869344,1052.1440698886624
554,negative_control,909,1054.569446656872,1101.3713091411446
555,negative_control,340,1056.2719960317727,1101.8070331960362
556,negative_control,801,1054.8759469786169,1101.0070236978163
557,Xdh,262,1054.5166501047938,1102.3596660051478
558,negative_control,390,1057.0212628500449,1101.149179728859
559,negative_control,332,1057.7110891327898,1114.6377153939711
560,Psmd7,165,1058.711915643048,1093.5864080442566
561,Ppm1g,150,1059.6926905668618,1049.2269782400624
562,Cops7a,17,1061.4693733611684,1055.8761831871996
563,Rab7,174,1070.1900171509624,1099.6194334587192
564,Rpn2,190,1067.0040910056375,1101.5969897074228
565,negative_control,972,1066.7278331429552,1101.7961432149652
566,negative_control,882,1067.946911148224,1100.101590678541
567,negative_control,1307,1067.0745805272536,1074.1048222184932
568,Mdh2,85,1066.2321475036156,1074.580041161883
569,negative_control,409,1066.066049398832,1074.186524376486
570,negative_control,1368,1066.1637852163944,1053.7591845462846
571,negative_control,1183,1066.723895841094,1053.1193660877038
572,Ncl,121,1066.781336539801,1052.7984244269944
573,negative_control,2097,1066.2845943473014,1053.1246240590765
574,negative_control,336,1066.4908283382854,1052.9605460714756
575,Psmd4,164,1066.6135029318334,1054.482155472726
576,Hspa8,62,1066.601915379632,1055.913876288861
577,Eef1g,28,1069.979301885855,1073.2713034106214
578,Aqp1,5,1071.2142551641837,1075.5385015237223
579,Hspa9,63,1071.2820041290588,1073.0673079622502
580,Fus,47,1070.1085666355352,1071.4351702641875
581,negative_control,1056,1071.4122239165308,1075.8681958815173
582,Eif3d,33,1070.904148334264,1074.992666458958
583,Spp1,214,1070.5551669294264,1074.308168585601
584,Ssr2,217,1070.5498151352508,1074.563177914592
585,Hspa8,62,1070.4078985763936,1071.7810711666573
586,negative_control,753,1070.5198771235832,1074.397406529622
587,negative_control,280,1070.9122685187413,1075.375728522445
588,Msn,112,1070.6722927084938,1072.9943082917548
589,negative_control,2096,1071.449641776908,1074.8131058490828
590,Lmna,77,1070.6084397554043,1076.370025852221
591,Fus,47,1072.0581503955898,1056.318129768693
592,Trp53,242,1072.0176929195584,1055.9251869950274
593,Eif4b,37,1074.1143109368363,1110.2148315266136
594,negative_control,1366,1074.3435606148028,1109.7994186459416
595,negative_control,1252,1075.4512331462415,1106.0010431187866
596,Prmt1,153,1074.4473925134837,1106.705639764
597,Eif3d,33,1076.1154190263185,1109.568851245201
598,Ube2m,252,1073.9557654254545,1109.3352598658598
599,Emp1,39,1077.82143126796,1107.0574248224475
600,Cct3,9,1074.557202506178,1109.868910456233
601,Snrnp70,210,1074.6271365313737,1109.699264417486
602,negative_control,1775,1074.71920974904,1107.3838325382376
603,Hspa8,62,1074.9342958984346,1105.5579801996755
604,Vim,261,1074.281838014413,1107.3679261125314
605,Plin2,146,1077.0739328190325,1107.137978581422
606,Ckap4,14,1076.865826625719,1106.529248481834
607,negative_control,1915,1077.0742581937225,1106.0153254106626
608,negative_control,984,1075.559674032309,1107.0094231206615
609,Idh2,65,1074.670269017687,1106.1000865876065
610,negative_control,613,1073.340774292934,1089.51904098865
611,negative_control,2051,1075.7952947226229,1089.7057387386608
612,Rpl18a,187,1074.4854421958266,1092.0862144174928
613,negative_control,1328,1075.1568268509768,1091.9470828519252
614,negative_control,1802,1074.6113300024986,1087.1143201769842
615,Rarg,179,1075.240925827191,1088.813762867143
616,negative_control,929,1076.040597450962,1090.5638223197038
617,negative_control,1863,1075.8124890415534,1090.7497529598836
618,Tubb5,246,1075.1974809491126,1061.799015440019
619,negative_control,1945,1076.6845652119885,1060.4163171879843
620,Tcp1,227,1075.6283742491462,1062.075232451753
621,Hnrnpul1,60,1078.043134239167,1061.522423793473
622,Nr4a1,130,1077.343047711444,1062.4334854878962
623,Tpi1,237,1076.700833434569,1062.2664123547995
624,Zfp36l1,269,1076.7612703791942,1052.407261418834
625,negative_control,1662,1077.5101345949065,1047.117249162311
626,negative_control,1283,1077.5875441602475,1047.5702773656851
627,Zyx,271,1081.2028948483714,1075.982143023874
628,Tpi1,237,1080.6343005757049,1076.57676245931
629,Trim28,241,1084.400580573314,1073.9087347119516
630,Cct3,9,1082.5165544291124,1074.6631398762374
631,Mrpl15,93,1083.6769751876673,1072.5625648963432
632,Vim,261,1082.1679185908192,1074.100656036374
633,Hnrnpk,59,1084.8159171316038,1074.2631464382505
634,Rrp1,198,1079.1298939788835,1083.3271849738758
635,St13,220,1081.2252606888203,1087.4372051583248
636,negative_control,1471,1079.3152938182716,1083.851628117845
637,Mrpl35,98,1081.6682449778984,1085.382613767566
638,Vim,261,1081.4748962793676,1087.7359915658524
639,Mrfap1,89,1080.71394913554,1084.3916742944955
640,Hdgf,56,1083.77955757463,1069.558814189878
641,Zyx,271,1091.8823456272632,1086.3037668053148
642,Rpl15,186,1092.3785678558268,1087.1450882207675
643,negative_control,1160,1093.7585774177437,1086.891131605786
644,negative_control,661,1093.847264625053,1086.59209041674
645,Maged1,82,1095.5675165542157,1078.6986046794827
646,Prrc2a,158,1094.6861573820693,1077.2838401832043
647,Rarg,179,1096.2671609894685,1078.3589483829792
648,negative_control,308,1094.4867442718132,1078.3405329667746
649,negative_control,807,1094.5543455484071,1077.9041716185654
650,Hspa8,62,1095.2266875218502,1095.4081947520822
651,Maged1,82,1097.2105901508396,1095.2452134137675
652,Ptges3,168,1097.2979677090102,1095.6650429250867
653,Ywhaz,268,1095.9441217386327,1095.5651343708798
654,Vim,261,1105.3130835152149,1080.2886939761725
655,Cct8,11,1104.5604258017706,1079.9945963508724
656,Actn4,3,1104.6949716059603,1080.137843376338
657,Loxl1,78,1105.9987698048838,1080.6423243731022
658,Cct3,9,1109.8424479052237,1095.675803298674
659,Mvd,116,1116.270529040156,1094.3393487905005
660,negative_control,946,1123.3155024721334,1080.719872796457
661,U2af2,249,1123.1882544090104,1081.6759949654431
662,negative_control,582,1122.8703775556723,1081.295153727248
663,negative_control,1110,1145.145076619072,1104.584053810902
664,Rarg,179,1157.0066940377465,1093.66953330482
665,Khdrbs1,73,1159.8018967895043,1097.3731006315347
666,Cops7a,17,1178.0096232371868,1116.4432800795112
667,negative_control,322,1178.4394977422487,1116.2704077061028
668,Pkm,144,1177.2297672433897,1117.4664947441402
669,Khdrbs1,73,1192.8544380174965,1105.638837776809
670,negative_control,1550,1192.5763719480929,1106.550508868732
671,Ptbp1,167,1197.6697775858877,1112.2994198007018
672,Khdrbs1,73,1231.0729292425956,1109.304708585267
673,Pkm,144,1240.3995441629029,1114.0477291376033
674,Tpm4,239,1247.4800836643658,1131.069680375381
675,Tpm4,239,1257.1448777907965,1138.0075453827997
676,Khdrbs1,73,1265.377317768401,1117.1544044747138
677,Rpl18a,187,1264.9833166291735,1118.0289815491242
678,negative_control,967,1263.7046748701405,1118.389070196169
679,Cops7a,17,1272.1699648476654,1124.1023467757163
680,Mvd,116,1273.8008979126523,1137.2167002207996
681,negative_control,1847,1275.6813988925144,1128.6390568031247
682,Tomm40,235,1281.0996267402816,1125.2130651546508
683,Vim,261,1280.751432886491,1124.690326823101
684,Prrc2a,158,1279.5068412985388,1130.9238989849466
685,Rarg,179,1286.7344165161903,1127.9224533503327
686,negative_control,1305,1284.5793668187723,1127.5703353137012
687,Rab7,174,1285.2964801501128,1128.125321662947
688,Cops7a,17,1287.7863746515834,1142.130319678482
689,Vim,261,1290.5691847914773,1127.7570143381724
690,Hdgf,56,1326.122072160309,1132.6851266217527
691,Rarg,179,1329.396333245605,1140.645327576198
692,Psmd8,166,1330.553925467158,1135.2917778781534
693,Aars,1,632.7211436351109,896.5964570921267
694,Prrx1,159,647.6298916077907,889.4702678901965
695,Rpsa,197,654.7981084014912,882.0976366334922
696,Rpsa,197,658.1741569326208,875.0172097663814
697,Rpsa,197,659.0664518312449,902.0986256005226
698,Rpsa,197,665.6486376904943,915.936939793807
699,negative_control,1779,670.1998736607819,877.6960349170529
700,Rpsa,197,677.6566619766131,876.3602251651912
701,Rpsa,197,680.1859513243188,864.0165565996155
702,Rpsa,197,681.5988535674826,883.1683706249897
703,Rpsa,197,689.5439644778376,924.6862859170428
704,Rpsa,197,689.8605170630226,876.3397982915108
705,Myc,117,690.7798763535549,890.5250139059756
706,Rpsa,197,695.3346311055233,876.7457142093942
707,Psmd2,163,696.775883310889,900.5495031358407
708,Rpsa,197,699.7438107205995,920.45656088236
709,Rpsa,197,701.331430621501,913.0646570626354
710,Rpsa,197,707.1491772287412,911.5624644292128
711,Rpsa,197,709.8812002065191,905.4251041285104
712,Rpsa,197,710.88589381831,869.4646246325253
713,Rpsa,197,715.00707044729,762.6755444579874
714,Psmd2,163,719.3807118289168,921.3759926876852
715,Rpsa,197,724.2449536922127,886.8653586215825
716,Rpsa,197,724.3211856990122,882.8392273487477
717,Rpsa,197,726.5643975437487,901.6056317171352
718,Rpsa,197,728.4765643003172,794.1713769808873
719,Rpsa,197,736.0800354072369,934.1860291068948
720,Eef1g,28,738.5977322444776,897.3668073460698
721,Rpsa,197,738.7583325957343,897.1461283192491
722,Rpsa,197,743.6797135680254,930.4986467030868
723,Hspa8,62,747.1068379053403,873.954748109924
724,Ncl,121,747.103449058756,873.9026818006822
725,Maged1,82,745.7910691605105,873.1378503302883
726,Rpsa,197,746.1874099062254,873.9905302446394
727,Rpsa,197,747.6097774861191,796.825939939416
728,Prrx1,159,750.7199724534628,883.2418827969176
729,Mrfap1,89,752.5892192868973,803.548299387376
730,Rpsa,197,753.2764969833804,906.8185091519877
731,Rpl18a,187,756.3342141677581,880.7602201790464
732,Prrx1,159,760.705415099106,894.1732414678263
733,Mrfap1,89,763.2576501423513,811.2014448173658
734,Rpsa,197,764.9024746489504,810.7433291018212
735,Rpsa,197,765.5426474768652,791.5055654544947
736,Myc,117,765.9335864552812,894.7398487409165
737,Ybx1,263,766.1295700104777,894.1607757066536
738,Actn4,3,767.074235344014,894.7288916137479
739,Ptges3,168,766.2014894629881,894.3953924673249
740,Pa2g4,135,767.5904659748956,894.6726182294136
741,Prrx1,159,765.6317159163341,853.0789586641148
742,Rpsa,197,766.1004719698633,937.0148326103758
743,Psmd2,163,766.7345824094745,796.7911047216662
744,Vim,261,766.5472938802728,871.3392616089036
745,Rpsa,197,768.0345847536414,871.8451777119197
746,Ube2d3,251,768.8619573600058,871.6391425134791
747,Trap1,240,767.8420054515854,906.2488353492496
748,Use1,258,769.2126337813904,905.4780313484443
749,Rpsa,197,768.4300546552661,907.3646474049908
750,negative_control,533,769.2752343809743,905.3013354656408
751,Rpsa,197,769.2947816396043,885.3804366901587
752,Hif1a,57,768.8049888812113,836.4795222576757
753,Rpsa,197,769.4422134174172,835.9181105024718
754,Eef1g,28,770.2906744697983,837.0155690546894
755,Rcc2,183,768.736533902174,835.7778463065808
756,Rpl15,186,771.9924658384092,920.6712409159658
757,Prrx1,159,771.9226076140727,921.6494222283712
758,Rpsa,197,773.2519565170708,918.7623957083642
759,Snx5,212,774.70442853194,831.6958482746603
760,Rpsa,197,775.6096194217128,937.2245682922268
761,negative_control,1752,776.6716322549072,880.3252933586778
762,negative_control,555,777.5736927222478,880.2414979728364
763,Vim,261,778.6146499276903,882.9800415938298
764,Mdh2,85,777.4053229356117,883.1740000541662
765,negative_control,801,777.8219863734439,882.7186622937074
766,Gsto1,54,779.1159737200201,883.0622853700096
767,Nr2f2,129,778.4596776145784,878.1476562682969
768,Prrx1,159,779.4794867922275,877.4225638525252
769,Hspa8,62,778.5469922989544,878.8424363485035
770,Rpsa,197,780.9402930506989,923.4438857978204
771,Rpsa,197,780.5945587255968,820.7953441674978
772,Prrx1,159,781.0146768317468,930.662635263766
773,Rpl18a,187,783.0796806730882,851.173752232241
774,Aars,1,782.2948060242068,851.0205171046985
775,Myc,117,783.6820292779055,903.0305232446906
776,Uba1,250,783.8842134495383,903.7669103134452
777,Tsc22d1,244,782.5459738584848,905.0243281066594
778,Prrc2a,158,783.3895595426975,940.8558357524292
779,Zyx,271,784.5794782112208,941.5966075814764
780,Lrrc59,79,784.0811511401383,940.9076680102476
781,Rpsa,197,784.067678397779,940.260895858642
782,Tsc22d1,244,784.243499528321,941.0519899271258
783,Pgrmc1,143,785.0809015171016,898.0233117700785
784,negative_control,1938,785.1878984718999,898.7344473456126
785,Fgf7,43,786.0047049896826,900.0047475921203
786,Slc38a2,209,787.9585132458847,900.1595317605914
787,Ywhag,265,787.7602815940708,899.8003096097946
788,Hspa8,62,786.5773589641091,898.9650269321797
789,negative_control,1907,784.0530773351041,900.1752697819237
790,Tspan3,245,784.7546368974516,891.4026889361421
791,Rpsa,197,784.7431992176776,881.1519037913329
792,negative_control,1298,787.1261998128392,880.5229255294431
793,Prrx1,159,786.4185903837874,882.4457273482518
794,Rpsa,197,788.7087756039325,814.5701629384862
795,Rpsa,197,789.4496934213641,909.1106077252356
796,Rpsa,197,788.6898678711917,896.8419631005245
797,negative_control,794,789.0920368862934,849.0680216071049
798,Ppp2r1a,151,788.6021277325926,848.1134134079792
799,Prrx1,159,789.9163127049624,860.245085130659
800,Zfp36l2,270,791.9490946283215,808.8526122152509
801,Zyx,271,793.6603631882532,807.3491602355939
802,Laptm4a,76,792.1978828978146,807.7325726871741
803,negative_control,1858,792.1783950341126,807.4234528623733
804,Cs,20,790.9239355525045,853.0998164410483
805,negative_control,579,790.7312776210083,853.0175267838374
806,negative_control,1094,790.6104741115346,852.1598297033859
807,Rpsa,197,791.8853844074184,914.077876333432
808,Prrx1,159,792.4529576409252,822.0764150987692
809,Rpsa,197,793.1581104165975,906.750879088022
810,Rpsa,197,792.6115142673052,881.1574093111152
811,Rpsa,197,792.9055759733994,941.975760038942
812,Cited2,13,794.8664376942024,942.713569011884
813,Psmd2,163,792.7147850631716,896.1097735464109
814,Rpsa,197,793.531944830602,889.596686416845
815,Rpsa,197,793.4557439288602,873.1118864860803
816,Morf4l2,88,793.3734323280107,801.7218895191975
817,Rpsa,197,793.1331665330366,920.9855835411972
818,Sdc4,202,793.6876145494127,923.0693040996966
819,negative_control,774,792.2050215608855,921.7615198885768
820,Psmd2,163,794.1205662958178,922.9437428568514
821,negative_control,1771,793.5816912256345,922.6112135930878
822,Prrx1,159,793.2935357168718,835.6466723812156
823,Rpsa,197,794.7801524713656,900.8861807020564
824,Prmt1,153,794.1184580642933,850.4855507393174
825,Txn2,248,795.0868123976666,848.9395298815507
826,Rpsa,197,795.9160793740793,874.3952858902085
827,Hspa8,62,796.9913045898479,845.5449144766615
828,Myc,117,797.990229583152,858.5197109163933
829,Ybx1,263,798.1478678697263,857.825384590345
830,Rpsa,197,798.7242042637215,826.6324111540541
831,Snx5,212,799.4192614460198,942.8694041555684
832,Mrps18b,106,797.8994452278458,943.4774885628244
833,Rpsa,197,802.6213696805576,908.6957259388796
834,Polr2e,148,802.7468627868984,830.3267353685576
835,Hspa8,62,802.9313650111928,840.0688554188896
836,Hspa8,62,806.627350142877,925.9144888969128
837,Twist2,247,805.3841922826884,925.4659317958276
838,negative_control,655,804.6739798576602,926.9230076867556
839,negative_control,292,806.815493585432,926.534361712212
840,Gsto1,54,803.9947033592069,925.9683769748284
841,negative_control,1297,804.6519306627915,926.7456239925468
842,Rpsa,197,804.1187045247664,924.9092843178652
843,negative_control,405,805.2647967667707,926.6802537326578
844,negative_control,1863,805.41678271198,928.6464858593428
845,Tubb5,246,804.9122473736771,876.3850764906468
846,Got2,51,804.4227121485349,876.2863588794086
847,negative_control,625,804.7253899091754,875.3972850147127
848,Rpsa,197,804.6250390844763,877.346900447681
849,negative_control,1307,804.4534688553758,877.8697042445889
850,negative_control,1280,803.546124690382,888.7414781323303
851,Psmd8,166,804.3841768816933,783.9933195805838
852,Sdc4,202,806.7771351010614,886.8403569420899
853,negative_control,401,806.1091864963018,886.1483204723747
854,Rpsa,197,805.1786413479985,815.7878385100546
855,Rpsa,197,806.810130675967,850.9211158692401
856,Tspan3,245,806.0623599631942,870.0524273669292
857,negative_control,1863,806.6399463505325,814.9561642527972
858,negative_control,956,807.3550998980838,814.0831780810651
859,Psmd2,163,807.7974526154427,813.7187751481096
860,Hspa9,63,806.5267792082233,930.6794939167968
861,negative_control,690,807.8546423962123,929.9426637497012
862,Sdc4,202,806.9162928976261,929.8297804551262
863,negative_control,725,807.2074423626941,929.9533997005454
864,negative_control,1398,807.144849823539,929.162940317196
865,Eef1g,28,808.810127727172,930.040261456726
866,Psmd2,163,807.741747607681,901.6147723987432
867,Rpsa,197,808.1553603724805,953.521380313496
868,Rpsa,197,809.0374580404958,913.5514000204556
869,Vim,261,810.4123594554696,859.5468143567327
870,Aebp1,4,810.4482488460865,858.9177521038272
871,Ctsb,25,810.5748338879553,870.251569167631
872,negative_control,1680,809.6879871117342,807.2513632346349
873,Prrx1,159,810.1442447302949,807.6466419018743
874,Stip1,221,809.9222610610454,808.0454642745781
875,Rpsa,197,811.5533562093358,907.79998265111
876,Ywhag,265,811.7428619467935,907.7250491565178
877,Hspa9,63,811.0090070649599,906.25136777998
878,negative_control,1791,811.4763208500005,907.2523778708256
879,U2af2,249,812.444511990597,907.8307489840676
880,Myc,117,812.0939586443852,899.5932164076285
881,Fbln2,42,812.6830456913808,882.6789602233862
882,Rpsa,197,813.1678822882874,812.1647619739326
883,Hspa8,62,814.9469366000196,817.1997081684806
884,Rpsa,197,814.8476402491023,817.8965697893342
885,Snx5,212,813.9092375287748,816.4497119129536
886,Actn4,3,813.4461826518329,815.9976217906153
887,negative_control,807,817.2949965919627,823.6766666197541
888,negative_control,1611,813.5755354568832,825.228980824829
889,negative_control,409,817.6942925818693,823.7601288869732
890,Trim28,241,818.158411237391,822.9119102803759
891,Aars,1,815.3552800014652,822.6361229993754
892,negative_control,1752,815.3273210247559,824.4163781875355
893,negative_control,2054,815.0239447498116,820.5823389625004
894,Tubb5,246,817.4230935539408,843.2639337828596
895,Sdhc,203,814.9057907962267,843.814042607079
896,negative_control,1606,815.8265578208262,843.5894427724174
897,Msn,112,816.0329960424268,952.4147883803062
898,negative_control,1934,816.2948479787583,951.8205094870898
899,Xdh,262,816.4787487897595,950.5764605745994
900,negative_control,701,815.4779959552739,921.2942081578788
901,Prrc2a,158,815.7969680980207,922.8723184224656
902,Prrx1,159,816.5937804068386,920.4830797170964
903,Zyx,271,816.1602707196366,920.5102471733932
904,St13,220,815.1415149996659,922.1853709064897
905,negative_control,690,817.8610562579295,856.9491022576333
906,negative_control,1611,819.1649690445435,855.7878568017763
907,Rpsa,197,817.2406096753688,922.8557751093036
908,Psmd8,166,818.2446850130606,808.4435696537694
909,Aebp1,4,817.0166704515148,903.404080790452
910,Rpsa,197,818.589217004686,784.4712356165786
911,Emp1,39,818.4943534461125,854.8488598440172
912,negative_control,516,818.1155265859823,853.7949442471232
913,negative_control,568,819.7160198699839,853.6877490473474
914,negative_control,1470,818.9446216014574,853.5477162618006
915,negative_control,998,819.5708828904637,854.5506411690741
916,negative_control,1981,820.1238767491242,854.643921946029
917,Rpsa,197,818.9933874009803,844.1560462833471
918,negative_control,1411,821.2840353339064,866.6636674683999
919,Rpsa,197,819.2627247799794,866.3904672417964
920,Prrx1,159,820.4226930664238,914.3071834139282
921,Rpsa,197,821.95466472552,938.2826963943228
922,Rpsa,197,821.9256968691071,947.2621689011344
923,Myc,117,821.9220724896467,952.8174549344616
924,Zyx,271,821.9659793454149,952.3416216716968
925,Ran,178,823.6841184178361,950.9546493031872
926,Hnrnpul1,60,822.5039553588979,951.3739781065522
927,negative_control,1915,822.7228054464707,952.9704618401074
928,Psmd2,163,822.003573951712,931.1024300632204
929,Rpsa,197,823.1972734180015,859.6075724428673
930,Fbln2,42,824.0460864261593,837.9604977618468
931,Stip1,221,826.1114291884201,899.0390040272711
932,Hdgf,56,826.2694955497847,900.5274373409626
933,Rpsa,197,825.1405158381081,900.494101901543
934,Rpsa,197,825.683536034128,853.3149461759856
935,Vim,261,825.3917793316185,948.9668083330898
936,Rpl15,186,826.9405905408512,947.8619934641396
937,Psmd2,163,826.5210017848422,927.4760587833288
938,Rpsa,197,826.2106117851339,906.532124045596
939,Rpsa,197,826.9497918496498,914.3712077613052
940,Rpsa,197,829.4884901262086,787.1226236248777
941,Rpsa,197,829.6126073827983,858.0522367585763
942,Naca,119,829.1330501227374,858.0191982852527
943,negative_control,558,829.9350085984837,849.7916604113506
944,Tmbim6,230,830.1408853438959,902.9018791753828
945,Rpsa,197,830.6318466635655,902.8072702708216
946,negative_control,892,831.3701202735376,903.5180663985968
947,Eif4g2,38,829.8613670577914,901.8825864390712
948,Rpsa,197,831.3645415415691,894.6588204443933
949,Rpsa,197,832.4010337201831,953.260709569882
950,Vim,261,832.3671348820371,953.35881750154
951,Prrx1,159,832.0456292027349,963.6625651557716
952,Rpsa,197,833.3577402559829,801.7766710661379
953,Ctsb,25,833.4536401221534,873.1399780452956
954,negative_control,2018,833.4318872004301,871.683678860199
955,Ybx1,263,834.0321673628434,831.0998526090777
956,negative_control,1068,834.3850612648789,829.9815495776962
957,Psmd2,163,834.554970808915,835.1175175827618
958,Tomm40,235,835.9561533357829,881.8909854415814
959,negative_control,907,834.4630121920643,882.0610645844204
960,Aebp1,4,834.7356995507058,910.3321078993956
961,Eif4b,37,836.2665882473871,950.0709850330564
962,Raly,177,835.6997143451981,950.5296373806996
963,Ergic1,41,834.4788017508416,951.2928476797708
964,Snx3,211,834.8613551133549,952.55245332259
965,Fbln2,42,835.4084306175258,951.2406927583464
966,Vim,261,833.4717601747702,931.367560744794
967,negative_control,2092,833.4061272784525,931.5244943309216
968,Psmc2,162,832.7048535902717,931.5226296588444
969,Vim,261,832.7136145058777,843.4779769410442
970,negative_control,1007,832.474102210875,843.0438329849512
971,Ybx1,263,834.5665186355109,845.1733669123875
972,negative_control,393,835.7202602850751,843.6102639216333
973,Xdh,262,832.3057412964764,843.9999392629984
974,Rpsa,197,834.8423609138938,916.5036863463038
975,Rpsa,197,838.7607196307964,812.6673514300479
976,Mtch1,115,836.3831022177516,812.8453908020426
977,negative_control,1691,837.1960287030096,812.8145054981602
978,Sat1,200,836.7620551524356,797.2485246631413
979,Pcdhgc3,138,835.9148417020915,870.1565928080879
980,Rpsa,197,837.9959267361686,783.4990801324343
981,Zyx,271,838.1381577268542,900.964759631654
982,Aebp1,4,838.392501855194,899.8142455484501
983,Fbln2,42,842.1145960096414,798.7323513016265
984,Prrx1,159,838.7332626973053,796.7727855452063
985,Ptbp1,167,840.3910760975768,798.7954081967413
986,Ssrp1,219,841.5314143117012,797.6940821652413
987,U2af2,249,839.4799195027679,796.8124569697183
988,negative_control,1997,843.1905766940074,795.3371861366504
989,Lmna,77,840.8555847093093,795.5886248275665
990,negative_control,2011,839.3252694042866,797.4832000886456
991,Prrx1,159,838.8782450816888,957.473440440171
992,Rpsa,197,839.163630145956,948.211031152228
993,Myc,117,839.2100753220434,893.7662983889351
994,Rpsa,197,839.824065049308,858.8519351060063
995,Prrx1,159,838.9426301926671,968.0814254587356
996,Aebp1,4,839.8298311364895,961.6487213773478
997,Prrx1,159,839.7116782676351,823.7492399011307
998,Vdac1,260,839.6061691500614,824.3199119961267
999,Prrx1,159,841.077925132292,818.6978654439196
1000,Aebp1,4,842.6808235386449,843.3609850805117
1001,Aebp1,4,843.7156576808263,874.8323178460541
1002,negative_control,816,844.2397280056045,874.673357911994
1003,Npc2,128,845.526591565741,875.8857827832535
1004,Rpsa,197,844.3929549923374,938.5648831274544
1005,Rpsa,197,843.8625160737346,934.5423155781688
1006,Lrrc59,79,843.706468802663,934.9347070359852
1007,Myc,117,844.0157156972712,913.6874961475672
1008,Ctsb,25,844.5117954473696,902.1069968011936
1009,Stip1,221,844.4032080408388,902.7079812861592
1010,Rpsa,197,845.4975732643809,725.5836970265883
1011,Ctsb,25,846.4627891450455,826.479958629232
1012,Snx5,212,846.0676156069477,924.0440900373712
1013,negative_control,1573,845.6722699881293,924.56220429086
1014,Ctsb,25,846.2331559794754,924.9272333721163
1015,Eef1g,28,847.5714711137704,813.3209455794819
1016,negative_control,1824,849.2016248477137,811.0726968543333
1017,Trim28,241,847.6490556667704,812.5086799437979
1018,Got2,51,848.1031930117733,812.5087482978835
1019,negative_control,574,848.9423934518986,810.7246601215373
1020,Msn,112,847.5699464306357,809.8075816705496
1021,negative_control,1907,847.6957949655031,811.1161335566921
1022,Msn,112,848.573485861132,869.0483188632785
1023,Vim,261,847.7718058537375,869.9451282771065
1024,Mtap,114,848.4499726208146,869.5424577755044
1025,Cnn2,16,849.0385516210482,869.4902940873683
1026,Zfp36l2,270,846.9327816343342,869.9313966497973
1027,Rpsa,197,848.4872318767768,984.9593462981738
1028,Aebp1,4,848.9892444522045,888.7991145288238
1029,Prrx1,159,850.3417057584448,817.1478279821342
1030,Rpsa,197,851.0071511650001,848.2741145059773
1031,Rpsa,197,851.4548746273683,808.8578658006741
1032,negative_control,944,853.3578795902843,809.3128075657572
1033,negative_control,1676,853.402175276884,809.9799747253991
1034,Eef1g,28,854.4220897619655,809.4206446615677
1035,Rpsa,197,851.2754994174946,736.2509853568831
1036,Aebp1,4,852.7285018397597,871.4551104444485
1037,Psmd7,165,855.8249582829242,821.0236247764992
1038,negative_control,315,853.6084175178814,822.5006793103087
1039,Rpsa,197,854.278218878264,762.1479298574119
1040,Ctsb,25,854.6412502908606,986.6909330383088
1041,Rpsa,197,854.2997394535511,962.9959662259884
1042,Ctsb,25,855.6254662951803,923.9330025437356
1043,Rpsa,197,855.0344810220417,917.5779064035472
1044,Rac1,175,856.8432130811154,839.4233832750404
1045,Maged1,82,856.3620037165197,840.1318778012269
1046,Ctsb,25,855.5859545595147,839.5432655697063
1047,negative_control,2019,857.4653325329152,841.5218705719893
1048,Fbln2,42,856.2805477857978,954.0616899425524
1049,Tspan3,245,855.9560876703976,991.6353364458334
1050,Rpsa,197,857.05683264651,897.7101196417398
1051,Rpsa,197,857.2284101610909,813.6910267080884
1052,Ctsb,25,860.1174122330258,820.7543293032682
1053,Aebp1,4,860.8058915518984,900.0553083447003
1054,Ehmt2,31,861.9343053647117,728.6019110126695
1055,H1f0,55,861.6028418240767,728.7243272991419
1056,Rpsa,197,861.0490629342037,729.3725587227477
1057,Tmed9,231,862.5699400165522,952.4611519545912
1058,Ercc1,40,863.8358275797982,951.4393789657064
1059,Ctsb,25,861.7517996780382,887.5987468052169
1060,negative_control,298,861.9937652214775,1001.281888881293
1061,Ctsb,25,862.1215971556305,923.0423736703508
1062,Ctsb,25,864.1291392222374,893.2402962775136
1063,Rpsa,197,864.0135275056144,869.1416591726761
1064,Msn,112,865.9471002387145,878.7814413842038
1065,Pgrmc1,143,865.6473627032616,878.6560130414041
1066,Rpsa,197,864.9756897897657,878.3792691582004
1067,negative_control,1204,867.2065278431558,878.2995010759269
1068,Rpsa,197,865.868506105865,835.7769682015696
1069,Efemp1,29,866.5573081783359,901.726522351312
1070,Polr2e,148,867.6124868976858,903.96073597709
1071,Fbln2,42,866.9087406911525,903.1402881091682
1072,Hsd17b12,61,868.4141997096218,903.310111232634
1073,Ybx1,263,867.1225249616641,901.9817912756076
1074,Lamp1,74,866.2698125325448,903.3683459141848
1075,Prrx1,159,866.384682281112,831.422333590169
1076,Rpsa,197,867.1507067721652,825.2826311139926
1077,Rpsa,197,867.9137459428449,965.1750324361412
1078,Rpsa,197,868.533190504962,978.0248239673028
1079,Ctsb,25,867.8346955700596,916.7807798537166
1080,Ctsb,25,868.6864576372428,1001.1605452569694
1081,Rpsa,197,868.7564211371638,989.6416495599418
1082,negative_control,278,868.9234685459583,952.8852609442472
1083,Ctsb,25,868.6985022699986,852.7021121663105
1084,Rpsa,197,868.9396232565275,955.4157679396344
1085,Rpsa,197,870.0105518734264,1010.1452370000568
1086,U2af2,249,869.7931175497191,1009.8167809460992
1087,Tsc22d1,244,869.4934278415412,1009.5210171660252
1088,Ptgs2,170,872.6660227788238,1006.8541545624292
1089,Maged1,82,869.6177715075645,1007.7569255455188
1090,negative_control,1925,871.4195111173684,1007.7079439359028
1091,Rpsa,197,869.2828285013707,870.499348021938
1092,Ptbp1,167,868.8927342546751,869.8596750077639
1093,Pgrmc1,143,869.7474998189548,912.760058219246
1094,Aebp1,4,869.8136962275913,910.3293751875372
1095,Timp2,229,872.2214953585794,844.5986201561925
1096,Ctsb,25,870.4026730751089,845.3712165341514
1097,Hnrnpk,59,871.063697210673,843.942106308151
1098,negative_control,279,869.9716128721329,895.134552924085
1099,Vim,261,870.6754852730022,899.6237219396734
1100,Pdia6,142,871.3083658456851,897.1472335476399
1101,Slc38a2,209,871.0543344144041,898.3578298200279
1102,negative_control,2021,870.4298265197522,899.707078568616
1103,negative_control,1858,870.5455985484218,895.8046573878211
1104,Emp1,39,870.7227809996268,899.9069419819299
1105,Rpl4,189,870.5537010140333,895.8273118297717
1106,Rpsa,197,870.8209876119142,995.4095557856634
1107,Aebp1,4,871.2356849446555,921.634063582728
1108,Ctsb,25,873.815823542383,978.7009529878958
1109,Aars,1,873.4817846124057,1021.191807512218
1110,St13,220,873.6884635979312,1013.9071623374988
1111,Rpsa,197,873.4955145985442,1014.9574866247874
1112,Csnk2b,23,872.9875301475915,1014.2756692631656
1113,Rpsa,197,875.4023445761171,836.7754036537277
1114,Psmd2,163,875.1432625365892,891.1997627490898
1115,Rpsa,197,875.1357903040968,839.6545935411988
1116,Rpsa,197,875.6544287236295,999.9754567717334
1117,Rpsa,197,876.2798541265994,1034.5415055831068
1118,Raly,177,876.7763028606493,1034.263117111947
1119,Mta1,113,877.465443984917,1034.5816611974988
1120,Rpsa,197,876.9140052251878,1008.7512607452784
1121,Fbln2,42,875.9212934870418,1011.3596598712734
1122,Rpsa,197,876.461079657108,923.8039891740456
1123,Mrps5,110,877.656985318525,887.3448051338991
1124,Rpsa,197,877.9524252802647,887.1535868614167
1125,Rpsa,197,878.2548465756258,1026.1257793111115
1126,Vim,261,879.2463839123154,871.4799864095686
1127,Fbln2,42,878.5229725452859,870.9872452264157
1128,Efemp1,29,878.6491500818779,871.2253621995842
1129,Gas1,50,876.6745938780087,862.6556367560027
1130,Fbln2,42,878.6485040668522,862.3384408601291
1131,negative_control,1044,876.2159328232859,862.4087282872307
1132,Thy1,228,877.6198994783886,862.9938065539054
1133,Ssr2,217,877.1890999158843,895.2617629537763
1134,Vim,261,878.6127380466367,894.2731309916458
1135,negative_control,809,880.8507079695978,899.765745959704
1136,Thy1,228,880.2807114270051,901.1689508170664
1137,negative_control,1321,880.8779205618384,899.5802807053198
1138,negative_control,945,880.6571793963308,899.9924946462675
1139,negative_control,1295,879.4027967311445,902.2234537667002
1140,Rpsa,197,878.6654877582803,899.1814239483652
1141,Rpsa,197,880.1232472491056,985.6131697770794
1142,Ctsb,25,881.4262583004805,917.7125587093371
1143,Aars,1,881.9789811286771,862.6784174151146
1144,Rpsa,197,881.1136066090802,875.7208158049775
1145,Rpsa,197,881.3996638515218,892.2207651804941
1146,Idh2,65,880.8283985571558,844.2936657438104
1147,Eef1g,28,883.2305444261704,845.2143470992014
1148,Ywhaq,267,881.5401886530092,842.8770690281607
1149,St13,220,882.865477842988,1015.7851384626993
1150,Ctsb,25,883.2499079986661,1016.9284426399008
1151,Fbln2,42,883.2863230399524,1013.3347294738156
1152,Rpsa,197,883.0172534700871,1009.1555179540017
1153,Fbln2,42,883.6612824382462,1005.2583349008092
1154,Rpsa,197,884.0546904898541,1035.7488244919937
1155,Fbln2,42,883.9442826499416,884.7377234562384
1156,Fbln2,42,885.6687482693849,888.9008725986121
1157,Stt3a,222,886.2425677772922,858.7815050173724
1158,Ssr3,218,887.7903626802065,860.1493789511308
1159,Vim,261,885.4242573512479,858.1554474122486
1160,negative_control,439,885.8343554688288,857.1953245641275
1161,Zfp36l2,270,886.2585674014967,855.3000335464571
1162,negative_control,2092,884.8363653134043,856.9990215721677
1163,Myc,117,886.4058520741714,919.0755798496932
1164,Ctsb,25,886.9703657294049,870.5810739722674
1165,negative_control,1363,886.9495951744061,899.7202935464643
1166,Rpsa,197,886.2448657964483,900.745579312488
1167,Ctsb,25,888.0054697226853,936.0938396667055
1168,Fbln2,42,887.975777814511,878.059702977713
1169,Rpsa,197,888.0680355576438,964.9488641663728
1170,Aebp1,4,889.8118087820285,903.9104763332924
1171,Tnc,232,892.8725833975193,887.4087761188862
1172,negative_control,1161,891.1260945145724,887.3211415752784
1173,Aebp1,4,890.8208896358833,879.6079873831713
1174,Rpsa,197,890.9672326806508,1033.3848930602876
1175,Aebp1,4,892.4833970151786,927.9616758512366
1176,Ctsb,25,892.5444028693621,874.4389008058931
1177,Aebp1,4,893.2362570135223,954.714670363715
1178,Zyx,271,893.2273630977741,955.7535300393477
1179,Gas1,50,896.0983881743525,864.7006509245135
1180,Thy1,228,895.9637341335188,865.0828623670344
1181,Rpl15,186,895.1902784780517,864.8232557213274
1182,Cs,20,895.4008364109712,863.9121332640382
1183,Prrx1,159,896.4596507766638,864.4415516786755
1184,Rpsa,197,896.4274925537305,972.6454152541594
1185,Rpsa,197,897.8612659357342,999.869904874296
1186,Fbln2,42,898.2628127727951,881.5302653408033
1187,Nap1l1,120,897.1439403021769,881.2449452399778
1188,Fbln2,42,899.358567441685,993.338073636513
1189,Prrx1,159,899.5395924921891,932.1087119726836
1190,Aebp1,4,901.4899996547888,1036.7950582521296
1191,Myc,117,902.2019953811722,882.1112105396032
1192,Ctbp1,24,903.4888643682297,873.3240616694954
1193,negative_control,836,902.4233578948958,871.746022649976
1194,Pgrmc1,143,902.5045883089216,873.2520233234189
1195,Mrps18b,106,903.4634267215844,872.8525139996777
1196,Rpsa,197,902.1245984135,889.1048023580732
1197,Rpsa,197,903.5821182014704,977.2730884855496
1198,Rpsa,197,905.4744421218436,901.9621230850902
1199,Polr2e,148,905.0722150498616,928.976753163542
1200,Vim,261,905.9364973226996,909.5886460700332
1201,Hspa8,62,907.6844850908284,909.1923779180468
1202,Stip1,221,905.7952431603272,910.347328979764
1203,negative_control,1416,906.1639631571728,909.7841015168584
1204,negative_control,1215,905.7680952297784,910.5630535262062
1205,Rpsa,197,905.790065504084,911.094383135828
1206,negative_control,1957,904.4500306915794,909.8130047153788
1207,Rpsa,197,907.2992513899592,875.1200768662474
1208,Ptgs1,169,906.577377203324,893.3075015013583
1209,Rpsa,197,906.1128664599756,893.6916426634142
1210,negative_control,1527,905.5239237451876,894.2232983873093
1211,negative_control,1282,906.9489863269824,894.4123728435454
1212,Aebp1,4,908.6520079441276,1041.690624424156
1213,Aebp1,4,909.3719610939316,913.8889308606532
1214,Fbln2,42,909.1757277579528,888.8849109886662
1215,Rpsa,197,909.0223937216276,908.3607467231038
1216,Cct5,10,908.6289669975088,899.3428232536863
1217,Hspa8,62,908.2644741373584,899.4869779198856
1218,Rpsa,197,910.5590625992652,1007.819767004403
1219,Fbln2,42,911.842001211823,985.2532338634256
1220,Fkbp8,45,910.1886849612652,993.3942934842134
1221,Aebp1,4,912.976008241646,1028.3621121691351
1222,Prrx1,159,913.2009228201864,1055.5842562946882
1223,Emp1,39,913.4437443619754,1056.1780893590249
1224,negative_control,691,913.7244336649788,1041.1818055404503
1225,Rpsa,197,914.277706378094,895.9567870885506
1226,Vim,261,915.4566406623208,891.2466679619528
1227,Hspa8,62,914.3647811920752,892.6855627859306
1228,Prrc2a,158,914.39257883335,892.9278693382535
1229,Ly6e,81,914.8808765032786,892.1013706377289
1230,Rpsa,197,915.5621712541802,1063.0190138423714
1231,Aebp1,4,917.0281853138772,997.8904196263924
1232,Rpsa,197,918.404596483533,989.6838513524452
1233,negative_control,920,922.1957917596308,1044.9353801001705
1234,Ybx1,263,922.2171002877174,1044.4519937820887
1235,negative_control,1740,919.9927539139068,1046.232586632787
1236,Gas1,50,919.9494224689906,1044.598347255101
1237,negative_control,1300,919.9306445324148,1045.121039998195
1238,negative_control,1754,917.7483674075988,1043.5892517304385
1239,negative_control,1779,920.6508479759684,1045.2220588248913
1240,Rab7,174,918.06392678953,1050.8388778412734
1241,Rpsa,197,919.4940197236832,1050.0682811591903
1242,Aars,1,926.9450918169248,915.2933878927812
1243,Rpsa,197,929.9905116302432,1053.6507055410618
1244,Aars,1,930.9323486333813,1073.200311829521
1245,Aebp1,4,932.3858155248412,957.5996227852496
1246,Ctsb,25,932.2018099728324,951.4026426050076
1247,Psmd2,163,933.2625099885004,998.4850813736766
1248,negative_control,1386,933.5037030370498,1073.6758157514269
1249,negative_control,512,933.7201872808524,1074.6696574128682
1250,Eef1g,28,935.0064205154011,1062.5698013303263
1251,Thy1,228,935.1293815964538,1062.7937974719207
1252,negative_control,1680,937.0584114669972,1059.1441690227546
1253,Ssr3,218,936.6843917310076,1059.950841047818
1254,Myc,117,934.524404131415,1058.9506467235444
1255,Vim,261,936.1089854732196,1059.898396712938
1256,negative_control,524,934.3033110740944,1060.399992855316
1257,negative_control,922,936.647945302806,1058.4959197922112
1258,Mmp14,87,933.7976166742308,1014.5840248539092
1259,negative_control,1494,934.7897317777342,1015.3532179070036
1260,Rpsa,197,935.3427550894496,906.1925038126324
1261,Eef1g,28,936.7987082431132,973.7897479474271
1262,Ssrp1,219,936.9980303156348,974.3841110964206
1263,Aebp1,4,936.284036133904,973.1961875918544
1264,Vim,261,938.1828808726988,973.0486493119942
1265,Fus,47,938.1696486260367,972.7394300006129
1266,Malat1,83,937.799266605649,972.3964185197956
1267,negative_control,298,936.1757495189148,992.5128697581952
1268,Rpsa,197,937.4835525840222,1052.4354460712384
1269,Ctsb,25,938.5592938101222,933.6211889250868
1270,Psmd2,163,939.1473477344292,995.1762510380483
1271,Rpsa,197,938.9739295739876,1046.6033273758906
1272,Mrpl12,92,938.7785929595996,1007.730966903502
1273,negative_control,1419,939.1283160681586,1007.3360121070988
1274,negative_control,1161,939.1797156586874,1007.1885062902168
1275,Psmd2,163,940.7209190616684,1068.2799103913774
1276,Psap,160,940.9916728002092,1063.721490944208
1277,Nudt9,132,940.406828280864,1063.00169464665
1278,Tubb5,246,941.9209949909114,1063.2854913718093
1279,Actn4,3,942.193579191096,1064.3591964662028
1280,Rpsa,197,941.9423444780492,918.7128420408164
1281,Aebp1,4,942.796864930031,996.9025810543563
1282,negative_control,1478,943.4389288049356,923.2837989762504
1283,Fus,47,944.212814318346,920.547371541032
1284,U2af2,249,943.5980820124872,921.905223630361
1285,Psmd2,163,945.1875368639254,1000.3509396258952
1286,Tspan3,245,946.0594170650892,1042.4570551362613
1287,Ctsb,25,946.487151923332,915.8199138084768
1288,Rpsa,197,947.0000123616924,1065.7074827166666
1289,Rpsa,197,947.7925719399918,928.6212257772723
1290,Hspa8,62,949.5839814680476,1074.0148088262818
1291,Arf1,6,947.4448151053516,1072.264835194909
1292,negative_control,1914,948.0265625978138,1073.5825552370443
1293,Rpsa,197,948.3040239074564,1091.713515798281
1294,Prrx1,159,948.606406840798,1037.0630942770742
1295,Rpsa,197,952.4375058262516,943.5331028618044
1296,Rpsa,197,952.0304021299822,956.4122278814672
1297,Aebp1,4,953.691946369948,997.0498013788532
1298,Ctbp1,24,955.4411768366728,1074.7654859610743
1299,Emp1,39,954.6608346546062,1077.2083587167497
1300,negative_control,784,955.3082572491554,1075.6406676940069
1301,Fbln2,42,955.9580496331952,989.4163858850786
1302,Timp2,229,955.0816382758647,1031.2876052980291
1303,Tpi1,237,956.613962126974,1029.8431433059382
1304,Paics,137,955.9798839096002,1030.722421003046
1305,Vat1,259,955.2642655789084,1083.3119190820366
1306,Ywhaz,268,956.0089092508664,1083.5338178968216
1307,Mtap,114,955.9274654712842,1084.2668911036535
1308,Zyx,271,955.3895382608338,1085.3883408254892
1309,Rps6ka3,193,955.822823678154,1086.1325696440083
1310,Rpsa,197,957.643994796086,1082.996557654216
1311,negative_control,1426,957.6280224181576,1082.997969021567
1312,negative_control,434,954.8259640723608,1083.2741296174702
1313,U2af2,249,956.8085678447862,1085.0913941416875
1314,negative_control,315,959.8009400425924,1088.5345818547837
1315,negative_control,516,958.9274702663552,1068.9035062290357
1316,Ctsb,25,959.6491879500546,1069.1838194506986
1317,Pkm,144,959.5988936338896,1102.1122386926036
1318,Vim,261,960.096071185716,1101.1372949739057
1319,Trim28,241,959.3896075845348,1101.914787370099
1320,Cct8,11,958.9730151204126,1101.835697707292
1321,Zfp36l2,270,958.7081588007212,1103.017448538355
1322,negative_control,555,962.3637684940684,1069.7566288843652
1323,Emp1,39,963.7096549850772,1070.2250656335382
1324,Mta1,113,962.086925166598,1071.1362976954465
1325,Msn,112,962.7245405665911,1073.2248758962587
1326,Stip1,221,962.8663814921506,1073.139281241287
1327,Rpsa,197,962.3933442241045,1074.7853040055804
1328,Ctsb,25,962.4618923283258,1028.8583549854918
1329,Il1rl1,69,963.5240059560048,962.2881727411502
1330,Snx5,212,963.8006281017452,963.0170615591932
1331,Aebp1,4,964.1028960673,997.3288870869128
1332,Fbln2,42,966.7258329226024,1011.3344914474404
1333,Aebp1,4,968.1269608027736,1004.0162289752984
1334,Ybx1,263,967.9303968130912,1009.2523819605268
1335,Malat1,83,970.133109028798,1009.4833080968962
1336,negative_control,1086,966.9672534231678,1008.2829538602864
1337,Rpsa,197,969.3676055768408,1085.2692903201478
1338,Hnrnpk,59,968.9949085409238,1084.022401407472
1339,negative_control,1253,969.6675500546536,1083.3060855752788
1340,negative_control,1880,968.6934261078136,1082.923719788722
1341,Ybx1,263,969.8099944124056,1084.9916260208056
1342,negative_control,960,969.3466166925592,1082.5570868040854
1343,Rpsa,197,969.2265194857596,1051.483306902809
1344,Vim,261,969.8185829201838,1113.3190902976853
1345,Rcn3,184,970.4384541905864,1113.8065934332164
1346,Ddx17,26,968.6072916164444,1100.0915595761562
1347,negative_control,273,968.688230049368,1100.985093825744
1348,negative_control,2012,968.4926368215456,1100.5858655770724
1349,Rpsa,197,970.952471706634,1094.4240322215296
1350,Ctsb,25,971.4091378731486,1037.678146965693
1351,Rpsa,197,971.9395673513004,1066.8527575065486
1352,Aebp1,4,972.1913671758394,938.93227743714
1353,Rpsa,197,972.544298415136,1019.8014119093734
1354,Rpsa,197,974.880328197728,1038.02053751245
1355,Aebp1,4,974.5078483990106,1033.805242746366
1356,Psmd2,163,974.9786227594358,1113.5333536353296
1357,Vim,261,975.236126924144,1111.398775317363
1358,negative_control,1413,973.7350274174642,1113.8117773640545
1359,negative_control,1826,974.189365116438,1111.6963528131305
1360,Fus,47,973.5363720521595,1114.821986676883
1361,Psmd2,163,975.7535334010738,1014.0113239598404
1362,Ctsb,25,976.6653431948744,996.8110957199082
1363,Ssr2,217,977.011271895747,1072.182193444565
1364,Rpsa,197,977.13792363566,947.8221691666564
1365,negative_control,1475,976.9954050213076,1118.35362859991
1366,Pkm,144,977.2913001901344,1118.290202215397
1367,Vim,261,978.3894344464892,1118.6701568569467
1368,Rpsa,197,978.3355833287172,1010.4339409811328
1369,Ybx1,263,977.8686768323583,1115.3031318744097
1370,Nedd4,126,979.4881293194084,1116.2523761944994
1371,negative_control,1172,978.2041513981632,1093.8147155438078
1372,negative_control,718,979.2431026918656,1091.3760505219177
1373,Trp53,242,978.95231626861,1091.1611358926073
1374,negative_control,1415,979.7765224523524,1091.885807390679
1375,negative_control,1939,979.1850495020548,1092.328988242062
1376,Rpsa,197,979.715752854873,990.7548040196456
1377,Aebp1,4,980.4993993531324,980.7484953435544
1378,Myc,117,980.0376507117808,1088.514271916972
1379,Psmd2,163,980.8891437331748,1108.0169870188415
1380,Prrx1,159,981.1443695098628,1268.793552618309
1381,Tspan3,245,981.0563325977766,952.0330100772968
1382,Rpsa,197,981.2601870373804,1252.574486129675
1383,Ncl,121,981.0700539781292,1100.2282373802757
1384,negative_control,555,980.8111295855869,1101.1756310071348
1385,Vim,261,981.758698514604,1048.4610712584645
1386,Lamp1,74,985.1441997956784,1054.4739469807002
1387,Psmd2,163,982.2406429263918,1053.5403949811855
1388,Thy1,228,983.4777635703766,1055.510122797657
1389,negative_control,723,983.7861829028044,1055.4451249735991
1390,Rpsa,197,983.4286300431228,1242.0880059634285
1391,Rpsa,197,983.4267542003856,1123.6897851357858
1392,Tubb5,246,983.1890660006336,1129.1933678792732
1393,Ran,178,983.690042060854,1129.8381969635354
1394,Lmna,77,984.0970782096956,1127.0105799936484
1395,Hspa8,62,983.7159980697622,1126.512794645375
1396,Rpsa,197,984.0778290123894,1127.727591365965
1397,Eif4b,37,984.5486258417216,1125.8506443428116
1398,negative_control,730,984.9007213965452,1125.9617187234694
1399,Eef1g,28,984.5054648271124,1127.1558742607112
1400,Ctsb,25,984.075296761195,1075.8341492907298
1401,Rpsa,197,984.821086283392,1321.1993210003852
1402,Vim,261,984.318042120146,1223.7864957380298
1403,Rpsa,197,984.8085785388909,1088.240908439156
1404,Cited2,13,980.6054531621768,1086.9443545862105
1405,negative_control,284,981.6316170549098,1087.4774985104038
1406,Ncl,121,983.0333671033565,1087.5213380206976
1407,Srm,216,984.9132944640912,1088.612957900947
1408,Rpsa,197,985.4563353048208,1297.7670132486985
1409,Rpsa,197,985.6389366708052,1286.2109112126498
1410,Sfpq,206,987.4258147308278,1132.640974742966
1411,Rpsa,197,985.9972829783158,1131.726350890124
1412,Ywhah,266,986.4133853314158,1132.955878288824
1413,Tmbim6,230,986.2578946872268,1146.9576933945757
1414,Aars,1,986.420545555488,1145.8278118523515
1415,Slc38a2,209,985.960130924138,1089.920486226168
1416,Myc,117,986.3867026444528,1088.8803400979011
1417,Prps1l3,154,986.1691751502136,1089.936069399585
1418,Vat1,259,988.4916133355484,1183.6715301324623
1419,Fus,47,989.8547644953028,1183.0723700020592
1420,Ptges3,168,988.9632743739074,1183.2387402103827
1421,Vim,261,988.8510043841268,1183.4393752320825
1422,Hnrnpk,59,988.4701921760376,1281.7521715352184
1423,Hdgf,56,988.4493655527432,1283.0447187246675
1424,Rpsa,197,987.5893816487312,1282.272343154873
1425,Rpsa,197,988.30272602806,1273.508026210245
1426,Aebp1,4,990.0111495961504,1075.992719342348
1427,negative_control,1903,990.119932759052,1269.6600670546045
1428,Ptgs2,170,990.4835185995546,1021.430023259319
1429,Psmd2,163,989.3683616073482,1021.0904841298378
1430,Eif4g2,38,989.898332521883,1022.4798099928428
1431,Rpsa,197,990.4990859704736,1169.841818661865
1432,negative_control,1060,991.6646018024664,1153.3036554474097
1433,negative_control,1115,990.4500391848424,1153.321641948875
1434,Rpsa,197,991.2156757227724,1308.696685246452
1435,Xdh,262,990.730296291918,1116.1056236024745
1436,Paics,137,991.9278290485764,1117.363660976917
1437,negative_control,555,992.4141240203523,1115.9574318647492
1438,Polr2e,148,992.0941274276058,1116.6425534083098
1439,negative_control,1046,990.7812730275028,1115.8396554532744
1440,Rpsa,197,991.2360960849768,1186.3188018483083
1441,Txn2,248,990.6220458874452,1124.4526792418008
1442,negative_control,403,990.89425811267,1123.217607855651
1443,St13,220,989.973612022794,1124.4798513203546
1444,Rpsa,197,991.3527938874454,1124.5557154490875
1445,Rpsa,197,992.0819634855828,1266.1543465062357
1446,negative_control,969,992.6068166200594,1147.8839422822853
1447,Timp2,229,992.6246446591672,1147.9649612616206
1448,Psmd8,166,992.2327619031076,1198.5239746270245
1449,Aars,1,992.0796770185998,1235.165357708387
1450,Timp2,229,992.5816593088394,1074.8754674034367
1451,Sdc4,202,992.8291973746548,1075.3934035621974
1452,Prkcsh,152,993.0500226095508,1074.1600916291354
1453,Fbln2,42,992.8939182462856,1075.1292692837687
1454,Rpsa,197,992.7542157602036,1215.1936209815678
1455,negative_control,361,993.0730288417908,1030.1074006351366
1456,negative_control,1676,993.5521960120494,1028.5218639936172
1457,Psmd2,163,993.0532487111188,1031.4939078270495
1458,Fgf7,43,992.3762126803628,1028.2318443049396
1459,Il1rl1,69,992.2834464085788,1031.1078300778486
1460,negative_control,2019,992.3108146681752,1028.888705917857
1461,Rpsa,197,993.235075222816,1254.4227410183996
1462,Ugdh,255,992.917890853917,1254.90041424544
1463,Rpsa,197,993.3215652892128,1136.792900263615
1464,Psmd2,163,994.3658679407667,1192.7158005912208
1465,Rpsa,197,994.2559670772156,1082.8812049824653
1466,Psmd2,163,994.4187019892356,1124.3081309921167
1467,Prrx1,159,994.6222130429624,1161.549377265088
1468,Rpl18a,187,994.3489953129352,1161.0366058851023
1469,Mtap,114,994.4548962664666,1160.5246552051792
1470,Rpsa,197,995.2148410413904,1187.8511038939998
1471,Rpsa,197,995.1649640659434,1059.589348651964
1472,Fbln2,42,996.045146999856,1041.5783668557606
1473,Ctsb,25,996.6417841090736,1062.518995962561
1474,Rpsa,197,996.6182670218748,975.7686954526024
1475,Rbm3,182,996.9668790993168,976.4132582042356
1476,Paics,137,995.6138256419422,977.6545481658555
1477,Fgf7,43,994.47087819819,978.3070900760866
1478,Rab7,174,996.4199127916248,976.8736932101256
1479,Ptgs2,170,995.4706297230288,977.9836659952026
1480,Rpsa,197,998.35489346081,1192.8462646874186
1481,negative_control,298,999.631036551396,1109.2957141801471
1482,Ugdh,255,999.39164510844,1157.9628162164374
1483,Rpsa,197,998.4446640493416,1156.1780807491798
1484,negative_control,704,998.684263869282,1155.6313186539523
1485,negative_control,1199,998.1698549165152,1155.224315670809
1486,negative_control,1328,997.0909316126048,1154.8887395060228
1487,Ctsb,25,999.2848273762496,1083.3374099112386
1488,Cited2,13,999.3097529432412,970.9703926528182
1489,Rpsa,197,999.5679170178756,1162.3504893501909
1490,Lmna,77,1001.8522765346524,1263.4222342221851
1491,Eef1g,28,1001.368471745972,1263.820966758999
1492,Raly,177,1001.4725548665144,1266.6629926440655
1493,negative_control,836,1000.6926244508686,1265.033781605462
1494,Aars,1,1001.3943707052306,1265.6127172763493
1495,negative_control,2044,1001.7650371223174,1124.7533927026366
1496,Ywhag,265,1003.5819795517988,1126.108731875859
1497,Tpm1,238,1003.2488254569888,1124.6238475428709
1498,negative_control,1929,1003.3861191611834,1125.1156017334597
1499,negative_control,1026,1000.9446717514722,1073.497863441126
1500,Fbln2,42,1002.034241300046,1054.0584970667762
1501,Rpsa,197,1002.2333358306232,1023.6059832196556
1502,Prrx1,159,1002.983987323733,1255.043969053468
1503,negative_control,667,1002.886715118528,1047.03738385748
1504,Aebp1,4,1003.3079976045168,1046.5826023895547
1505,Gpi1,52,1003.5960189068088,1046.510793759169
1506,Hdgf,56,1002.4210066538004,1050.9769784150344
1507,Grina,53,1001.1684712630134,1050.0777840778778
1508,negative_control,1478,1003.2895718324404,1050.7299181530996
1509,Rpsa,197,1004.1635458731128,1242.0014892645356
1510,Use1,258,1000.8849485731768,1059.7240040000845
1511,Timp2,229,1002.3799712289346,1060.2023572898993
1512,negative_control,977,1002.1627834723568,1059.1992644300858
1513,Prrx1,159,1003.696400305203,1182.0611851912668
1514,Vim,261,1002.7104777975188,1232.6240191016336
1515,Rpsa,197,1004.136281035238,1232.644502430912
1516,Psmd2,163,1005.2118920183544,1063.928463997084
1517,Psmd2,163,1004.9040761777242,1159.2040473990946
1518,Tomm40,235,1005.5979652185496,1122.7419559055534
1519,Csnk1a1,22,1005.652646683793,1121.9898487411774
1520,negative_control,552,1005.3550737287774,1122.9705132983863
1521,Skp1a,207,1006.2820007978496,1122.3974772398476
1522,negative_control,469,1005.668174071818,1165.069723319494
1523,Mtap,114,1005.9157029771444,1152.9999283632123
1524,Eif4g2,38,1006.3982299733198,1152.005297464688
1525,Rpsa,197,1006.5468304711916,1153.044418802719
1526,negative_control,1062,1005.9961011327092,1105.7873672109763
1527,Hspa8,62,1007.519337358561,1115.0090815847675
1528,Ptbp1,167,1005.845871710258,1115.3715458563895
1529,negative_control,834,1006.5208378481924,1114.6847215309522
1530,negative_control,444,1007.47224864503,1113.8521490915691
1531,Hspa8,62,1009.0184746147924,1017.0979101998346
1532,Ptgs1,169,1007.8453644995576,1016.6317889708384
1533,Clta,15,1009.2632952623844,1016.9723521735244
1534,Rpl18a,187,1008.6094590462678,1015.8660163657768
1535,Rpsa,197,1008.5296442668792,1184.3662024168875
1536,Rpsa,197,1008.9051080232113,1204.9240118803011
1537,Rpsa,197,1009.5473597326848,1105.890653505379
1538,Rpsa,197,1009.735221791996,1233.7048833845638
1539,Aebp1,4,1009.3351014473706,1019.7948025466889
1540,Zyx,271,1009.8020627008804,1019.0279604488696
1541,Rpsa,197,1009.6508143711563,1103.049884941017
1542,Rpsa,197,1010.0806460965144,1191.351197252848
1543,Rpsa,197,1009.8493553509444,1000.2082787637896
1544,Rpsa,197,1009.848358945547,1245.4191320798286
1545,Tspan3,245,1012.079945352566,1235.6775861394167
1546,negative_control,1834,1012.3768685659694,1119.8223251852532
1547,negative_control,1711,1012.238749192992,1119.6733781508626
1548,negative_control,2019,1012.1144668562443,1119.7455556819475
1549,Prrc2a,158,1015.109663263984,1141.350363248241
1550,Trp53,242,1013.7412597855932,1141.1400738033394
1551,Rpsa,197,1013.6431881175276,1181.8514673979748
1552,Psmd2,163,1014.422085902288,1071.437253759295
1553,Aebp1,4,1015.326512053378,1091.5842781320507
1554,Rpsa,197,1014.689991419118,1178.8674694129268
1555,negative_control,465,1015.6333753393404,1053.9501208193417
1556,Thy1,228,1016.8502702819306,1052.503992236129
1557,Fxr1,48,1016.5713121064998,1053.1887379337495
1558,Fbln2,42,1015.2875398263652,1053.179308979728
1559,Rpsa,197,1017.0635334329776,1052.185704401201
1560,Rpsa,197,1014.8888861743104,1036.674191467622
1561,Skp1a,207,1014.7156747708702,1174.306682032798
1562,Hspa9,63,1014.8503262357904,1175.6038104033796
1563,Zyx,271,1014.3011208069468,1173.572111695179
1564,Ncl,121,1016.9851460553898,1030.5207484359807
1565,negative_control,2004,1016.6125771158024,1031.8405747409636
1566,Rcc2,183,1016.346386683918,1032.5320072952022
1567,Maged1,82,1016.9650046792063,1030.1066018006975
1568,Ncl,121,1016.3655639583076,1033.3610058972197
1569,negative_control,554,1017.534848744194,991.7811767475504
1570,negative_control,1016,1017.147358855963,991.4094722494648
1571,Gsto1,54,1018.0040825429536,992.3973201426832
1572,Cited2,13,1016.3723871252288,991.9327113397408
1573,Morf4l2,88,1015.0147005874428,989.9481659645272
1574,Myc,117,1018.0634275599976,1114.5059770312107
1575,Lmna,77,1019.0097031646352,1131.0768946732435
1576,Vim,261,1016.3717914553008,1128.3789248229498
1577,Ptbp1,167,1017.7402965398944,1132.305875551045
1578,Tomm40,235,1016.50485275659,1130.0913317658772
1579,Rpsa,197,1018.488784070334,1129.696885374072
1580,Ercc1,40,1018.3899071959526,1131.148399107757
1581,negative_control,1829,1017.6760312276316,1129.4321151281945
1582,negative_control,1592,1017.746615493946,1130.185068677691
1583,Rpsa,197,1018.5519244431208,1016.8879587304124
1584,Aebp1,4,1019.3465559032268,1036.780318367761
1585,Rpsa,197,1020.5375254372066,1099.8962939153712
1586,Ctsb,25,1020.3126829911124,1048.1767403606125
1587,Mtap,114,1021.7046481449696,1001.6882694006828
1588,Prmt1,153,1021.4991086007616,1002.6249029222124
1589,negative_control,531,1020.5926145201636,1001.5307291540604
1590,Snrnp70,210,1020.5435267387522,1001.0244012349524
1591,Oaf,133,1021.2964817128956,1001.88523328104
1592,Vim,261,1022.33178803726,1118.1549561865295
1593,Hspa8,62,1021.643030505481,1118.4449177136037
1594,Pkm,144,1020.792939000462,1119.8393921129782
1595,Igfbp6,68,1022.1316514641708,1117.402424222441
1596,Prrc2a,158,1023.1463236798172,1118.2677660043137
1597,Fkbp4,44,1023.4239713027866,1118.8870431704322
1598,Cited2,13,1020.9313682517752,995.4832836740676
1599,Igfbp6,68,1021.0195228598844,995.9417292699223
1600,negative_control,1431,1019.8625528713824,994.8495164069636
1601,Sdc4,202,1021.0835311567336,998.689619695022
1602,Hnrnpk,59,1022.2014240047044,997.060987040884
1603,Hspd1,64,1020.812799074936,997.9200290899814
1604,Stip1,221,1021.9765188746104,997.3591027077288
1605,negative_control,1467,1021.7716754613376,999.4768122332353
1606,Pafah1b3,136,1022.0714255787524,998.473155283096
1607,Prrx1,159,1021.8406563282584,1126.6822182473695
1608,Rpsa,197,1022.153492810956,1156.7759530201893
1609,Ncl,121,1021.0936483424434,1157.7965308231642
1610,Trap1,240,1021.3705351226436,1159.0570225366073
1611,negative_control,1664,1020.7096718274915,1156.539019793595
1612,negative_control,1443,1020.3144382538956,1156.809522134226
1613,negative_control,1444,1020.85771116629,1159.1397603844946
1614,Gas1,50,1020.3098180905478,1158.1053011820202
1615,Mrfap1,89,1021.3754065529488,1156.1675873256106
1616,Vim,261,1022.8264914261084,1086.072926124073
1617,Ctbp1,24,1023.6523467863234,1087.2165817922844
1618,negative_control,1295,1022.7019761241412,1086.3008853385013
1619,Rpsa,197,1024.7294045525473,1074.0053865294058
1620,Nedd4,126,1024.628109608217,1075.792006869497
1621,Psmd2,163,1025.0299094744382,1130.4815539297383
1622,negative_control,1447,1026.7430901173152,1150.3913534697056
1623,negative_control,1930,1025.4131183157392,1150.5871544812612
1624,negative_control,495,1025.3367968330222,1123.039483464342
1625,Polr2e,148,1025.4270794538838,1123.9907531371484
1626,Rpl15,186,1025.793245630943,1123.481204168216
1627,negative_control,866,1025.6006813310264,1123.950453008276
1628,Vim,261,1026.4910216122123,1045.1803509679953
1629,negative_control,1494,1026.3310045683534,1045.4218386430523
1630,Eif4g2,38,1026.6785681906335,1045.5642853195318
1631,negative_control,395,1026.2471349674977,1045.2370999199711
1632,negative_control,1808,1027.1294244074072,1046.0118697375033
1633,Aars,1,1026.240330065456,1079.0726195304894
1634,Maged1,82,1027.4293765581974,1080.2329054139768
1635,negative_control,1802,1027.7962613349289,1080.0555004552748
1636,Sf3b2,205,1027.705840443577,1147.220335498701
1637,negative_control,1629,1026.6550152852487,1148.2035625156116
1638,Gpi1,52,1027.431338322514,1147.2370804280788
1639,Lmna,77,1026.844059903667,1147.252344798977
1640,Sdhc,203,1027.9616556300807,1146.6955993831884
1641,Tnfrsf1a,233,1028.4306051248682,1007.0912140154092
1642,Il1rl1,69,1030.1102252032028,1007.3605831445284
1643,negative_control,554,1028.2498159222114,1007.0147261675968
1644,Ctsb,25,1027.5920294587322,1030.043263555688
1645,Arf1,6,1028.5970404559505,1030.1433647239037
1646,Nap1l1,120,1030.7241104563266,1055.848870516376
1647,Rpsa,197,1029.5041517506031,1055.0855753133008
1648,negative_control,921,1029.922902599542,1056.4499292484556
1649,Scarb1,201,1029.2261965307682,1056.7737337387352
1650,negative_control,899,1031.3064016480507,1057.620130764255
1651,Tsc22d1,244,1028.1650116116234,1131.076315596456
1652,Timp2,229,1035.2620874195145,1117.500330286902
1653,Vim,261,1034.704229626327,1117.3368176248227
1654,Rpl15,186,1033.2712624850922,1117.503813324563
1655,negative_control,360,1034.143193413008,1117.4922357554935
1656,negative_control,714,1034.4882613712475,1117.4785634400662
1657,negative_control,448,1030.645004992924,1118.9225962328424
1658,negative_control,285,1035.1658601721635,1115.9207185706389
1659,Rrp1,198,1030.9801939483027,1117.730348622477
1660,negative_control,1500,1033.9396887909943,1116.5258408899294
1661,Rnf11,185,1029.7695205615653,1066.1074623073328
1662,Prrx1,159,1030.1470167013997,1065.6872273221609
1663,negative_control,1125,1029.9776860748111,1065.466623108194
1664,Rpsa,197,1031.6421004555516,1101.526949626549
1665,Prrc2a,158,1032.888398331451,1041.0356695165856
1666,Psmd7,165,1032.9193723725891,1041.8007941363126
1667,negative_control,1876,1032.8245796021918,1042.499564337697
1668,negative_control,512,1032.351348495892,1043.2426550714113
1669,Rpsa,197,1031.3350648949377,1128.327616510344
1670,Mtap,114,1031.8393334631885,1128.1720951198424
1671,Rpl18a,187,1032.5747683166212,1078.7306417911109
1672,negative_control,1904,1033.0753321431373,1080.5138653921078
1673,Kars,72,1030.7759958797706,1141.3005485697986
1674,Mtch1,115,1032.4214657463722,1140.661551212797
1675,Psma7,161,1033.7810360212763,1135.9980308866711
1676,negative_control,1260,1033.3125848808052,1136.9215560849177
1677,Mrpl15,93,1032.708393858945,1140.2855639460086
1678,Eif3e,34,1030.838329062172,1141.2265096308645
1679,negative_control,815,1032.5534601686488,1138.387747960619
1680,Myh9,118,1034.413674646076,1136.8780109102438
1681,negative_control,1511,1031.4091377376744,1139.734547155189
1682,negative_control,1286,1030.732766203382,1141.7745734797795
1683,negative_control,1977,1032.6674609861398,1140.1991206923856
1684,Tmed9,231,1032.1110983289486,1138.5733956829413
1685,Ctsb,25,1034.1113543492677,1083.6333089769753
1686,Pdia3,140,1034.044284964987,1043.580678540054
1687,negative_control,1292,1033.5961478262082,1044.3102020592005
1688,Ctsb,25,1035.9685027261282,1103.499637712596
1689,Rpsa,197,1036.3322611493222,1050.3895618769584
1690,negative_control,690,1038.2600717387438,1078.596229502474
1691,Gpi1,52,1038.3213075889475,1078.5574853976786
1692,Rpsa,197,1038.5968635458853,1016.8696913741009
1693,Vim,261,1037.8873698661205,1115.4507233595896
1694,Rbm3,182,1038.220808615125,1114.9500027843023
1695,Uba1,250,1040.345555894349,1119.6845017267983
1696,Raly,177,1038.886383264846,1119.672299011679
1697,Prrx1,159,1039.8017372169325,1119.2863725128336
1698,Pkm,144,1039.6654014510138,1119.7289057499677
1699,Arf1,6,1040.424882060819,1121.270548807819
1700,negative_control,450,1038.4515941688276,1109.1024148133583
1701,Stip1,221,1038.236516652367,1109.806307307193
1702,Vim,261,1039.8329350680117,1109.5570321750408
1703,negative_control,1716,1040.127261166688,1108.9929541525769
1704,Gas1,50,1041.4018051733292,1025.1122949728303
1705,negative_control,1766,1043.082721435571,1026.2508872602104
1706,Psmd2,163,1043.680078122194,1024.522110775736
1707,Msn,112,1041.672488676591,1025.434012957753
1708,negative_control,1503,1040.088665951283,1025.4168552960637
1709,Rpsa,197,1043.1586509287974,1046.6783773397449
1710,Il1rl1,69,1043.4012244033072,1038.0714309733426
1711,negative_control,314,1043.1836661492323,1038.6039238784845
1712,Eif3e,34,1042.1853376611475,1038.3893737187884
1713,negative_control,1884,1043.9644750913146,1038.606995188798
1714,negative_control,811,1044.423664253722,1039.443573825633
1715,Rpsa,197,1044.6333238349,1043.443143189486
1716,Psmd8,166,1045.9277664946949,1119.6075637880351
1717,negative_control,1817,1046.0018348405963,1131.8561074312684
1718,Mrfap1,89,1045.007996311993,1131.8636537530342
1719,negative_control,2014,1045.154573552995,1131.162954699411
1720,negative_control,1908,1046.0262587990997,1088.709879249549
1721,Rpsa,197,1046.766523357371,1063.7110713143304
1722,Ybx1,263,1051.3721826277651,1110.0722127022218
1723,Vim,261,1049.73649175367,1109.7816365337662
1724,Pgrmc1,143,1051.5705308179677,1109.423528022656
1725,negative_control,1327,1048.3171445707503,1110.868865772192
1726,negative_control,394,1049.9694246901638,1109.874604824458
1727,Rpsa,197,1049.2271158329231,1120.9143216646803
1728,Rpsa,197,1048.682398726845,1104.5917192504016
1729,negative_control,1389,1047.8774593672738,1104.28770319453
1730,negative_control,692,1047.7511159906685,1105.1893798239207
1731,Rpsa,197,1050.009990389833,1046.198967219124
1732,Rpsa,197,1050.3049324053954,1029.0011981632388
1733,Rpsa,197,1050.3140760495253,1093.4478145209011
1734,St13,220,1050.7264262260053,1126.0716271344156
1735,Cited2,13,1051.5278605210165,1127.2945674942466
1736,Snx3,211,1051.626895004133,1125.300753842301
1737,Hspa8,62,1051.2138421057314,1124.5229017420943
1738,Rpl15,186,1050.584050446762,1125.1679799604397
1739,negative_control,2019,1055.544508342592,1077.1027461968583
1740,negative_control,285,1055.7846028477472,1077.865259871622
1741,Ywhaq,267,1054.4685633376282,1077.308497823085
1742,negative_control,1226,1055.0899895109335,1076.8252289794716
1743,Vim,261,1054.5290493839216,1078.8960224300456
1744,Cnn2,16,1054.4085019593963,1078.139466278426
1745,negative_control,1785,1056.5874373866732,1077.1324027655685
1746,negative_control,922,1056.8223318008131,1076.884407794703
1747,Ube2m,252,1053.450216997062,1080.1681646791908
1748,negative_control,445,1055.1629415082596,1077.1517057234794
1749,negative_control,557,1053.6397474326525,1080.703375415425
1750,Maged1,82,1057.2304651606512,1111.4189804864145
1751,negative_control,690,1056.9525913264592,1110.5366076004807
1752,negative_control,920,1055.6990457343577,1061.98473157719
1753,Rpsa,197,1057.2955650517436,1063.682251475384
1754,Thy1,228,1059.0226086290102,1042.7754844849876
1755,Rpsa,197,1058.160339606467,1042.3811571124295
1756,negative_control,438,1058.7703363883652,1043.072314204893
1757,Ybx1,263,1059.4489495476696,1043.5231317473545
1758,Aars,1,1058.048985744089,1121.2149881307496
1759,Zyx,271,1059.2372172166408,1097.1130517209822
1760,Rps15a,191,1059.2702924164753,1095.9292460622517
1761,Hdgf,56,1060.2134194950129,1095.3035383956965
1762,Prrx1,159,1059.22377252137,1095.8334870851645
1763,Rpsa,197,1059.0563848637337,1053.238633910217
1764,Rpsa,197,1060.966524835819,1035.442501442508
1765,Mtap,114,1061.5171833272034,1107.408714966306
1766,Vim,261,1060.893616414487,1108.766180613848
1767,Lamp1,74,1062.95833755174,1109.9085876881131
1768,Vat1,259,1061.6923851830938,1120.022249429031
1769,Rpsa,197,1062.954056648332,1041.6906039589512
1770,Maged1,82,1065.8154431214875,1112.5110767084122
1771,Vim,261,1065.9571084952113,1114.6123241931464
1772,Mrps18b,106,1065.81668319281,1114.5550043690073
1773,negative_control,1105,1065.3700819314024,1114.4375725892216
1774,Fbln2,42,1063.1226930831665,1115.198646767923
1775,negative_control,558,1064.566049258644,1066.1249844808412
1776,Prrx1,159,1066.2210481144598,1058.4128155116946
1777,Rpsa,197,1066.7890832495757,1070.7940028404096
1778,negative_control,2014,1065.088310226828,1109.7038964695294
1779,Pkm,144,1065.4405661460817,1110.2151836173562
1780,Psmd2,163,1066.53265428557,1110.034993977969
1781,negative_control,1672,1066.8072327766051,1095.2008350411538
1782,Snx5,212,1066.4607358875842,1095.0971016289157
1783,Vim,261,1066.8562754099785,1095.6897501296323
1784,negative_control,1300,1066.09077832116,1094.5010933640451
1785,Tpi1,237,1067.3408948525112,1095.6935207010165
1786,negative_control,1861,1065.4541939549022,1039.1125027338755
1787,negative_control,1478,1066.2530051832762,1039.251867404913
1788,Rpsa,197,1070.5811066168644,1077.3278207708977
1789,Rpsa,197,1071.0399847883932,1101.4661342599554
1790,Ubxn1,253,1073.1651370824063,1101.624707550248
1791,negative_control,1577,1072.470571198858,1102.0364286058875
1792,Ybx1,263,1071.805923235884,1103.0778590272823
1793,negative_control,978,1073.4540501477927,1102.0274045431122
1794,negative_control,1176,1071.1062404337697,1101.6804247480334
1795,Prrx1,159,1071.74540696602,1088.9571116517202
1796,Jun,70,1071.43600763234,1087.0736679501242
1797,Eif4b,37,1071.641783734229,1087.1841425531206
1798,Lmna,77,1073.558671464347,1088.0687266103598
1799,Cct3,9,1069.867342874047,1086.5057239173484
1800,negative_control,1721,1073.045048900109,1087.642893263646
1801,Zyx,271,1072.333698639291,1107.1020485329557
1802,Rpsa,197,1071.766178105617,1107.6043683847452
1803,Maged1,82,1074.107507983058,1052.361289160939
1804,Tspan3,245,1073.8954965951868,1053.3750577395267
1805,Rpsa,197,1077.1447410314115,1066.469065387104
1806,Gsto1,54,1077.236320261518,1065.7841918532108
1807,Xdh,262,1074.924432029241,1067.555563069222
1808,negative_control,424,1079.4537992917433,1058.614737572459
1809,Ssrp1,219,1080.023472250636,1060.3585480103088
1810,negative_control,2084,1079.9071152976258,1057.369993955966
1811,negative_control,750,1077.7785472374646,1060.2823575740465
1812,negative_control,964,1078.0388350071485,1057.0076821544244
1813,Rpsa,197,1078.3548818499326,1072.6294728739583
1814,negative_control,1413,1079.4486277864396,1054.173632407439
1815,negative_control,505,1078.0876581327486,1053.4992152334348
1816,Zyx,271,1080.866046270704,1055.6606122545743
1817,Hspd1,64,1077.001344108829,1052.691934346965
1818,Rpsa,197,1078.952435978534,1053.398582443543
1819,Sf3b2,205,1079.9267215583443,1095.7118765366934
1820,Rpsa,197,1079.3834965114595,1095.3522937887535
1821,Pkm,144,1080.0313610003464,1094.2110261787657
1822,Eif4g2,38,1079.6744726895597,1101.0219147943833
1823,Rpsa,197,1079.3167719212506,1100.1830371767512
1824,Rac1,175,1078.8517677009747,1101.0329198966035
1825,negative_control,899,1081.160838550176,1072.3105925598622
1826,Rpsa,197,1082.815277106125,1091.9933127010838
1827,Arf1,6,1081.2409161678702,1069.29808406754
1828,St13,220,1082.2570942074683,1067.9921855222988
1829,negative_control,298,1081.9930780825284,1068.4100108058956
1830,Hspa8,62,1083.9829663391886,1098.0221359933917
1831,Vim,261,1084.1668226171375,1099.186254090193
1832,negative_control,1930,1082.6619792142612,1099.641393669439
1833,negative_control,1253,1084.6724735696253,1097.6061118768837
1834,negative_control,800,1083.7086319981452,1102.1692860558703
1835,Rpl18a,187,1083.6443740534787,1102.1082748073443
1836,Uqcrc1,256,1084.4829004246155,1103.4346525329925
1837,Rpsa,197,1084.8338775479674,1066.9938120783424
1838,Rpsa,197,1087.3286247249118,1076.880517749157
1839,negative_control,1241,1086.9348802210786,1091.0468531323004
1840,Gsto1,54,1086.7211990863611,1088.5663664727165
1841,Cnn2,16,1086.846997226745,1089.3212586735428
1842,Pdia4,141,1087.1517661801304,1090.0837238156678
1843,St13,220,1088.1204422700553,1088.7707704996456
1844,Trp53,242,1085.372852838171,1091.3065804356272
1845,Ncl,121,1088.7652465022888,1087.0012359307273
1846,Raly,177,1087.7704794106548,1089.3720684110438
1847,Vim,261,1088.4610204633918,1088.083282037849
1848,Idh2,65,1085.881902081378,1091.6092620330205
1849,Rpsa,197,1092.202718137548,1096.8767166759171
1850,negative_control,278,1092.439358343872,1082.5851180711477
1851,negative_control,2091,1092.501263267541,1083.074917909174
1852,negative_control,686,1094.315790549604,1100.3912749810606
1853,Uck2,254,1094.1131993499723,1098.9761922964317
1854,Aebp1,4,1092.5056137674885,1101.580029234092
1855,Rpsa,197,1093.1595116811332,1078.0695423040395
1856,Vat1,259,1093.3787247564717,1091.8804307073474
1857,Rpl15,186,1095.0995999836332,1091.530780660581
1858,Gpi1,52,1094.311319205965,1062.2026833983184
1859,Hspa8,62,1092.9230533861144,1075.269347101885
1860,Ndufs2,122,1099.0584124031575,1082.0102075964005
1861,Psmd8,166,1100.8883110093154,1063.3898353049335
1862,Psmd2,163,1109.4408666515328,1101.1386489081062
1863,Vdac1,260,1109.7567123342558,1088.892983866548
1864,negative_control,690,1109.9564814702978,1088.068061373432
1865,Nr2f2,129,1110.7552837996475,1086.9243824057048
1866,negative_control,1392,1110.5699930899182,1087.4084736218572
1867,Pa2g4,135,1110.2276477034743,1088.636538936361
1868,negative_control,988,1110.720282077999,1088.1162936444016
1869,negative_control,1045,1110.2471279197962,1088.733592840573
1870,Hif1a,57,1111.5372615041415,1087.6110154409644
1871,Aars,1,1110.6477039756137,1079.9073426400346
1872,Hspa8,62,1117.187845859236,1088.009449569685
1873,negative_control,1598,1117.3708222950677,1086.8257429237651
1874,Rpsa,197,1117.603658378419,1103.337322009976
1875,Rpsa,197,1118.2040773803528,1078.6873350611816
1876,Rpsa,197,1120.434841005167,1094.510523390006
1877,Psmd2,163,1133.3364685547708,1103.660891699474
1878,Prrx1,159,1142.0856907288785,1090.542799059392
1879,Psmd2,163,1149.0352816418076,1094.3551789903704
1880,Rpsa,197,1150.0368382510392,1099.752925044722
1881,Gsto1,54,1150.139585849107,1099.4860911585245
1882,Prrx1,159,1154.4043609067137,1098.6335865304386
1883,negative_control,1755,1154.0675819541316,1099.196143304736
1884,Mrfap1,89,1154.2422436256888,1098.2965392448273
1885,Rrp1,198,1153.422355440809,1098.96212448827
1886,Aars,1,1157.9304525550765,1106.45033888804
1887,Rpsa,197,1161.9474869508083,1110.7338447940165
1888,St13,220,1162.9422201014472,1096.9338440381823
1889,Rpsa,197,1163.9970163554408,1097.481754352705
1890,Hdgf,56,1182.6383009397582,1102.87111434193
1891,Rps15a,191,1182.708197859573,1104.0567138476115
1892,Eif4b,37,1184.3707799834929,1102.7171724435802
1893,Thy1,228,1183.5152205692552,1103.7135187445
1894,Trim28,241,1183.9700695839674,1105.3347704415835
1895,Eif3a,32,1204.9259193260707,1115.143995944912
1896,Rps6ka3,193,1204.7273501814298,1114.997660548105
1897,negative_control,1600,1204.846036367731,1115.0358977802898
1898,negative_control,1780,1209.2015819559367,1105.938241393044
1899,Rpsa,197,1214.106126784713,1129.1011245593188
1900,Rpsa,197,1231.8437636624762,1134.2232532822654
1901,Prrx1,159,1244.3878790837512,1123.8742290508312
1902,Prrx1,159,1244.094371713023,1138.3873510481797
1903,Rpsa,197,1253.486131616728,1119.8060731931191
1904,Rpsa,197,1258.236875192733,1127.0250300482671
1905,Snx5,212,1269.436397507894,1116.9729600423436
1906,Kars,72,1270.4117996419116,1116.9730440342585
1907,Ctsb,25,1269.1697283428384,1118.0361589208649
1908,Ugdh,255,1268.731041991301,1117.5562390748723
1909,Ptbp1,167,1270.7658979146152,1122.409474998015
1910,Vat1,259,1271.6872407569556,1122.5117293228782
1911,Prrx1,159,1277.1296749849948,1113.9066238368569
1912,Fus,47,1277.6315193340074,1114.5910915708112
1913,negative_control,823,1287.613497399497,1114.174243241898
1914,Trap1,240,1288.9466188086797,1117.9011805545863
1915,Sec13,204,1289.3049980503672,1116.7469149534957
1916,negative_control,1938,1289.299102372655,1116.4489924123473
1917,negative_control,1242,1289.8369644840122,1115.3812316169797
1918,Raly,177,1288.3844203579536,1116.4531636904696
1919,Rpsa,197,1293.6177499615242,1126.7092210389071
1920,Eif4g2,38,1293.94771768629,1126.624644745941
1921,Sf3b2,205,1326.0479673335833,1133.2634219883669
1922,Rpl18a,187,1325.6594319947026,1133.1892402872609
1923,negative_control,859,1327.2396346071828,1135.30119227053
1924,Rpsa,197,1326.2574384420798,1137.5824139919623
1925,Ywhag,265,667.0796054258185,867.5562210675046
1926,Eif4b,37,674.2196499017848,905.5914086307768
1927,Ywhag,265,699.2539500739624,897.7668287157549
1928,Ywhag,265,704.6666832722299,884.2989473498001
1929,Plin2,146,725.0510964334612,913.897722994553
1930,Ywhag,265,725.2411610185691,897.8558367001089
1931,Ndufs2,122,738.4006523300686,886.8934712219462
1932,negative_control,1089,741.9122832415533,823.0138299985201
1933,Ywhag,265,745.9039688043963,798.6322077098121
1934,Mrpl38,100,747.7450462431761,928.0625206901236
1935,Rab34,172,759.6407819588351,922.16274417795
1936,Nr4a1,130,764.1583669628119,892.0365502518666
1937,Nr4a1,130,763.677071803809,863.8781988900264
1938,Prrc2a,158,763.0740234527209,865.05808182221
1939,Prmt1,153,763.0443770901421,865.2558654119446
1940,Vat1,259,763.9324787990083,867.435939975852
1941,Plin2,146,766.9875923973917,900.0417787757405
1942,Rpl15,186,767.5620089248181,825.5698708382749
1943,Mrpl10,91,770.8060188172067,910.7183831344576
1944,Plin2,146,771.7257009867155,939.30528410938
1945,Plin2,146,772.8958201305037,813.2487799766117
1946,Plin2,146,773.4338435148206,834.3748924552441
1947,Vat1,259,773.2614580833243,842.5214489597976
1948,negative_control,1227,774.4721987636092,842.0793535554349
1949,Lmna,77,775.6892137386748,841.7824761047117
1950,Ncl,121,773.9925657187767,843.3387448439892
1951,Ppp2r1a,151,779.616925783829,825.2589875588848
1952,Hnrnpul1,60,779.9781464727552,825.5847877546237
1953,Rpn2,190,778.7340801809883,825.0483512353273
1954,negative_control,1330,780.4290165514383,874.2112163128102
1955,Ndufs2,122,780.2425419667791,874.1378068312855
1956,Morf4l2,88,780.5798343462501,921.260883404083
1957,Gas1,50,780.8690482464644,922.2195114922482
1958,Nr4a1,130,781.0217777533503,921.8998929908342
1959,Ugdh,255,783.2624273556435,846.0850802235398
1960,Tnk2,234,780.8402750430732,845.3706616750234
1961,Uba1,250,785.4532927957046,844.4886315827484
1962,negative_control,2012,785.1473002367939,844.717073676174
1963,Ywhag,265,782.6801508541481,845.6651298735757
1964,Hspa8,62,781.9552798376636,927.8518286695364
1965,Ergic1,41,781.1783481943129,928.074625504492
1966,Mrpl38,100,782.7417035907156,876.7171553092776
1967,Hnrnpul1,60,787.2048638971219,921.5741614484105
1968,Ndufs2,122,788.0303131688112,870.7705634323793
1969,negative_control,407,789.1083064634661,890.1939533468097
1970,Eif4b,37,792.0481996570044,845.079881094834
1971,Cox7a2l,18,794.1871697613508,844.052982707516
1972,Vim,261,790.983985002682,845.1164571908569
1973,negative_control,1828,793.1754040242367,844.2197670332633
1974,Ptbp1,167,792.2353487301315,844.793743512369
1975,Laptm4a,76,792.0803414314104,843.9193541178126
1976,Fgf7,43,794.6022501796351,842.9489972835628
1977,Hspa8,62,792.6625190432767,814.9632667911604
1978,negative_control,1663,792.2524251866539,817.0219888230546
1979,negative_control,511,792.8651394844447,818.4943044920794
1980,Eif4b,37,792.1623188781409,816.4523407000421
1981,Rab34,172,794.4176293381938,810.390818012175
1982,Ywhag,265,796.4153168900422,940.3632317698087
1983,negative_control,1825,797.8516082602603,918.5812186939328
1984,Arf1,6,796.8210874435313,810.3368391878975
1985,Ssrp1,219,797.0285800276215,807.8816921811389
1986,Snrnp70,210,797.8436465282575,808.7421427340757
1987,Rad21,176,796.8637521769804,809.4284244476394
1988,Plin2,146,797.822023715537,810.4688919051617
1989,Vim,261,800.3345155405146,889.0919841135956
1990,negative_control,372,799.6255841734159,888.6960872968812
1991,Loxl1,78,800.0741109653452,887.9817239949285
1992,Hspa8,62,799.9521556666525,897.1048105907435
1993,negative_control,1242,800.0050025096908,894.7246430753171
1994,Hspd1,64,800.9186535445907,896.3074224982075
1995,Sf3b2,205,799.2160850247437,895.4988851016176
1996,negative_control,1368,800.1198826768057,895.8392367748436
1997,Loxl1,78,800.6590230869551,896.9623702449794
1998,negative_control,1487,801.8375134567766,895.7441242687885
1999,Jun,70,800.0648474232027,896.9441418257345
2000,Ndufs2,122,803.0766493374517,807.7640165013199
2001,Eif3a,32,803.6438878354737,838.3684474636024
2002,Ywhag,265,804.7833343409291,838.6883371484716
2003,Ybx1,263,801.8374767336138,839.3812461525331
2004,negative_control,1295,806.0762802267841,829.4625378225592
2005,negative_control,1533,806.1844935176856,829.3850382010635
2006,negative_control,597,805.8303584898711,917.8854494882758
2007,Plin2,146,806.4049382600665,914.8308851679664
2008,Fus,47,810.1971011033288,820.6497188425121
2009,negative_control,936,809.8021775803796,820.3611601704271
2010,negative_control,988,809.1591323097919,820.3283480322732
2011,Tapbp,224,810.9226389251304,901.2981769637496
2012,negative_control,1382,812.9114859769154,828.7645689976506
2013,Ywhag,265,816.6077635503249,927.9306964324138
2014,negative_control,1455,818.5443968057349,858.0368119338009
2015,Idh2,65,817.0212792090164,858.7040195837691
2016,Lmna,77,818.8890066670826,859.1998236431627
2017,negative_control,1910,818.9862822631942,858.2486404888796
2018,Hspa8,62,819.0482245249993,857.6302754256644
2019,Ywhag,265,819.0346276622165,847.2355801172052
2020,negative_control,2066,820.6359203747571,926.3881678157128
2021,Vim,261,821.5738141501661,927.0051928336964
2022,negative_control,466,823.3812341513203,828.1092172861921
2023,Plin2,146,823.794147762165,792.6688039219456
2024,Ybx1,263,824.4764950393519,907.2573480128476
2025,Loxl1,78,824.801164064276,908.2875206075224
2026,Hdgf,56,825.2551421321575,906.2237216248668
2027,Eif4g2,38,824.1513271766903,906.6424959421512
2028,Ywhag,265,828.1004249254092,938.3565343964112
2029,Lrrc59,79,829.2115178532637,817.2465989685652
2030,Ppp2r1a,151,827.0117392794007,819.3020483966804
2031,Aco2,2,828.9909904469324,819.3695927015993
2032,negative_control,1832,828.8862463095948,818.641997666241
2033,Pkm,144,828.2829324388825,817.9169653176089
2034,H1f0,55,827.5649636849125,819.4704611483932
2035,negative_control,1235,831.9643098554762,854.2947205124063
2036,negative_control,1241,831.1918618942801,854.7103490926952
2037,negative_control,1897,832.3418318842176,854.5602619106255
2038,Plk2,147,831.9572652513637,855.8876238326905
2039,negative_control,1522,832.1137102425182,855.0673636073329
2040,negative_control,1426,831.3100024307081,854.4448243697718
2041,negative_control,911,831.2393712329717,854.3107070298458
2042,Tapbp,224,832.8201329428958,866.8506758971862
2043,Slc38a2,209,835.0750632691822,901.3139771829324
2044,Tapbp,224,834.3014680356515,902.0494799502844
2045,negative_control,1408,835.1767025292128,856.6045073774949
2046,Mrpl10,91,836.6030298190134,848.902648968806
2047,negative_control,622,837.5690670110251,911.21626334738
2048,negative_control,621,841.094296628109,844.748187037778
2049,Ywhag,265,841.1357113972722,790.9734995948362
2050,negative_control,1965,841.4778764218393,802.3521203729084
2051,Mtap,114,842.4435535122288,931.4858558019542
2052,negative_control,1027,842.5556749253898,932.168491648076
2053,Neat1,125,844.2570088104692,901.8294326660118
2054,Ywhag,265,844.4945004607773,817.8341219200993
2055,Ywhag,265,846.0188375061339,781.3193810890357
2056,negative_control,1425,848.720156434576,830.1431869992775
2057,negative_control,280,847.5206627338182,831.0810131691312
2058,Fkbp4,44,847.7807025116203,829.248964191899
2059,negative_control,1818,848.5985984946401,830.9601815339674
2060,negative_control,584,848.347317399492,830.730081088301
2061,Tapbp,224,859.5226067959861,841.1150724251072
2062,Gsto1,54,861.3136676005764,904.2920361875084
2063,negative_control,962,862.0876293400316,904.652279606836
2064,Ywhag,265,868.84541592871,1008.270162537266
2065,Hnrnpk,59,873.4074286922912,1019.8852809218778
2066,Ndufs2,122,874.0806456629424,1018.2652811055984
2067,Xdh,262,874.0682854043262,1019.9833717918832
2068,negative_control,627,878.1916014598302,863.6496244305193
2069,Tapbp,224,893.094323583605,871.5792631497466
2070,Neat1,125,895.9890771829178,1011.3154548732872
2071,Rab34,172,896.6025592621298,870.497053005648
2072,negative_control,703,897.9045400738705,993.2629673009892
2073,negative_control,1016,903.720999237618,893.7391677906081
2074,negative_control,520,903.9861471452228,893.4162550269862
2075,Neat1,125,905.4444690421724,936.4429490479228
2076,Vim,261,906.7141035061378,1016.025366159084
2077,Mrpl10,91,906.5789581860214,1014.5800812868396
2078,G3bp1,49,909.4696735290996,954.495797040698
2079,Ywhag,265,909.0507209107312,970.7079641070054
2080,negative_control,1123,909.1595080402326,971.4898191284605
2081,Mrpl38,100,909.5032871435226,994.2493473701876
2082,Plin2,146,910.608518740026,910.8639533910314
2083,Nr4a1,130,911.470706539458,884.1674572662719
2084,Psap,160,911.6113831684728,883.2154442958406
2085,negative_control,792,914.3503238747433,887.5752264344496
2086,Neat1,125,917.6648314125296,988.9087298718548
2087,Neat1,125,918.9501738086544,994.1906243523356
2088,Plin2,146,918.9183220315048,1053.405258809465
2089,Plin2,146,919.1121590756504,1060.3364438218505
2090,Neat1,125,924.2138607446813,1024.9121069345367
2091,Neat1,125,923.3471322571758,1029.596519881076
2092,Tapbp,224,926.7837024226912,1003.0955386035984
2093,Neat1,125,928.8916587128672,910.1787238099124
2094,Sae1,199,928.9699369820944,1022.8679782248724
2095,negative_control,1177,932.1282501614317,990.4044642334688
2096,Rps15a,191,930.8168834891146,992.7613729372406
2097,Vim,261,931.581025799189,991.000799164572
2098,Neat1,125,932.927256601769,998.052252163679
2099,Neat1,125,934.3997590098928,993.5777113087988
2100,Plin2,146,936.4153815346648,1015.7906518181009
2101,Neat1,125,936.7610794715424,1010.4400153576024
2102,Neat1,125,938.2769364608546,1024.6721392253055
2103,Neat1,125,941.734023822289,1004.411348865337
2104,Tapbp,224,944.4024567573808,915.1475676019428
2105,Gpi1,52,943.160836657158,1083.940600080069
2106,Prpsap2,157,944.9263962566462,1084.1630077350524
2107,Mrps18b,106,948.251033421482,1090.6074930742811
2108,negative_control,1409,948.5393771203248,1089.9393500620342
2109,Ywhag,265,948.6387529351708,923.5414702559528
2110,Sfpq,206,949.8191523245608,1033.0383592030532
2111,Neat1,125,952.1149060095918,996.2397475759932
2112,Neat1,125,955.8789155837446,1013.7287241431292
2113,negative_control,308,963.261171281649,1087.938441500727
2114,Cited2,13,962.6086032275548,1088.5469034195266
2115,Rab34,172,964.831148703527,997.6717967480682
2116,Plin2,146,965.4880887290668,992.685705433758
2117,Malat1,83,964.505059616532,991.5065622786602
2118,negative_control,631,967.969398851284,956.1560233905664
2119,negative_control,622,968.3330562344388,1049.9451853325363
2120,Neat1,125,972.9344640309748,952.9230661252356
2121,Xdh,262,974.1660403991312,1116.136811958904
2122,Ywhag,265,974.8377217686752,1116.308178997675
2123,Neat1,125,978.885128354592,946.7607517122422
2124,Neat1,125,983.6330215154898,957.5664767772772
2125,Rpl4,189,984.6704216057772,1255.6354070965103
2126,Plin2,146,985.8928088453011,1239.7997621956142
2127,Rpl4,189,986.6158569398016,1127.6522771678303
2128,Rpl15,186,987.0528431630908,1128.9614671858965
2129,Hnrnpk,59,989.5322361879024,1127.1088254590536
2130,Cox7a2l,18,985.995275325534,1128.1913827293115
2131,Fgf7,43,988.0550278756592,1127.557664767591
2132,Rars,180,991.8688688988154,1102.3989128783358
2133,Neat1,125,993.4645529019564,1176.225332712777
2134,Rac1,175,995.0944312802028,1135.9604180518932
2135,Csnk1a1,22,996.5734559566622,1037.1529130963054
2136,Ssr2,217,994.8019090783548,1034.8720280115592
2137,Tmbim6,230,996.5477826303434,1037.1019411618645
2138,negative_control,1224,995.3995968353984,1036.4441111264082
2139,negative_control,1052,995.462522928192,1036.5399978986277
2140,negative_control,943,994.3742183110646,1035.578675291598
2141,Mrpl10,91,995.5707891854717,1167.2630535840217
2142,Hspa8,62,996.3744119509915,1150.5372780902949
2143,Plin2,146,996.3332281561038,1149.7665016688434
2144,Mdh2,85,996.2570924787924,1089.1611735256413
2145,negative_control,630,995.8122034291748,1089.8967164534338
2146,Trp53,242,996.2225888150753,1088.4478799960991
2147,Neat1,125,997.1435625636724,1261.2780013734243
2148,Ywhag,265,997.360751786554,1266.6404633840275
2149,Ndufs2,122,999.0363610412304,1120.5610870223757
2150,Prrc2a,158,998.7241842514092,1121.4411476844928
2151,Ndufs2,122,999.601124909627,1165.656089337532
2152,Pkm,144,998.6413648017668,1172.759418093596
2153,Hspa8,62,998.8727557844668,1175.3605659233144
2154,Lmna,77,998.6978234223408,1174.569899047859
2155,Pkm,144,998.4851447762908,1177.589133933734
2156,Eif3a,32,998.368006144929,1176.419030562295
2157,Ywhag,265,999.2236232849244,1175.0891441182523
2158,Xdh,262,998.962238763035,1173.8572770278918
2159,Ywhag,265,1002.5162930678722,1242.4724950796226
2160,Tapbp,224,1002.6161846639176,1210.7108730593798
2161,negative_control,1357,1004.8820424705298,1095.396276130408
2162,Rab34,172,1006.1292514041104,1137.0683941364955
2163,negative_control,407,1007.95399689033,1223.4786262148496
2164,Fkbp4,44,1009.3701889487644,1108.622323634817
2165,Rpl4,189,1011.6971548795844,1029.1684766492558
2166,Ywhag,265,1011.167249598094,1167.0423506292138
2167,Ncl,121,1014.2278851203168,1123.7820975664922
2168,Ndufv1,124,1013.2516705762785,1124.089718536442
2169,negative_control,1153,1013.7847846934816,1125.0804885804396
2170,Gsto1,54,1016.5864375317992,1115.7849649301552
2171,Plin2,146,1015.6171384446336,1041.3945408186296
2172,Timp2,229,1019.7760958321256,1015.4456280213192
2173,Ncl,121,1019.6225008643048,1014.8114629296002
2174,Hspa8,62,1019.9578112819372,1014.7606988536918
2175,Plin2,146,1019.3282833572538,1013.6584424596862
2176,Uqcrc1,256,1019.128252515727,1016.2778591438664
2177,negative_control,1016,1019.1349608273592,1123.2795994037417
2178,Fkbp4,44,1018.9904411175664,1123.5902413185354
2179,Lrrc59,79,1024.8941696553898,1050.6878212403471
2180,negative_control,1965,1024.642883104507,1053.1156498913929
2181,Vim,261,1024.527370273976,1050.885031533615
2182,negative_control,910,1025.6431202684803,1040.7839378983936
2183,negative_control,1499,1026.303576955511,1041.2079878018992
2184,Mrfap1,89,1027.1855588766753,1040.6998874731269
2185,negative_control,1739,1027.2366975647556,1128.931670622076
2186,negative_control,533,1031.3441442469557,1077.1388127077132
2187,Vim,261,1032.0689865082618,1076.1437738364666
2188,negative_control,1698,1040.1235192647423,1096.9652325642362
2189,Ybx1,263,1041.135327023978,1097.6399995089994
2190,negative_control,754,1039.6197592431736,1096.6179197127854
2191,negative_control,1667,1039.3897495212802,1096.0286729524069
2192,St13,220,1041.1721954371685,1132.2675782509582
2193,negative_control,1417,1039.89643648588,1132.2205810949072
2194,Psmc2,162,1040.172834372826,1131.44409637052
2195,Rnf11,185,1040.5695374847392,1131.1965577560509
2196,U2af2,249,1043.0392160001843,1132.3225962555566
2197,negative_control,1723,1041.7631173083887,1132.4969919422624
2198,negative_control,946,1045.0244941842034,1026.5222132977235
2199,negative_control,626,1046.497166079462,1118.826316509572
2200,Sf3b2,205,1045.16896421549,1125.760449418148
2201,Ndufs2,122,1047.3922047384904,1125.4512498980057
2202,Prmt1,153,1046.5106564206546,1125.8516279342837
2203,Mrpl15,93,1047.757251216392,1125.8611417886948
2204,Rpl18a,187,1046.6831267235104,1125.872782285118
2205,Lmna,77,1048.0743271459376,1124.9151324744776
2206,Got2,51,1048.0277430737972,1087.7626450719242
2207,Rab34,172,1047.974910198459,1085.1435375329404
2208,Rab34,172,1050.3045696252714,1055.6415872696336
2209,Cox7a2l,18,1052.38042793437,1061.7371602761398
2210,negative_control,1356,1053.032583675768,1062.8822975586927
2211,Rcc2,183,1052.4275506451002,1061.5360164522735
2212,negative_control,1425,1051.5509445226294,1061.6555740122135
2213,Raly,177,1054.301663071004,1099.3376306667217
2214,St13,220,1054.9521935778675,1099.3426445229654
2215,Ywhag,265,1052.7833583033848,1099.5784519695765
2216,negative_control,1777,1053.20811856091,1100.6933040915478
2217,negative_control,879,1054.1656881312008,1099.165173973906
2218,Vat1,259,1054.6277494808776,1111.5245125351792
2219,negative_control,630,1055.470270544727,1110.1561040676645
2220,negative_control,1417,1054.9305575725098,1109.1312902722298
2221,negative_control,2033,1054.1767727407118,1110.8133951075638
2222,Sfpq,206,1059.3232708458434,1112.918081384636
2223,Aco2,2,1060.228334449191,1113.1446133747045
2224,Prpsap2,157,1059.46780105756,1113.259977342774
2225,negative_control,1239,1060.570524418953,1064.6744964963532
2226,negative_control,1848,1060.4887499517356,1063.801414084335
2227,negative_control,379,1059.540091716037,1063.532108106972
2228,Pkm,144,1059.1637918150564,1064.2430359592863
2229,negative_control,1032,1061.1756266736368,1064.2764909770367
2230,Ptgs1,169,1058.179893282687,1062.945130800948
2231,Ncl,121,1066.4399946262836,1087.5252089042538
2232,Ywhag,265,1071.9385358642337,1096.8520203503374
2233,negative_control,2019,1072.401325442194,1048.6359486936922
2234,Tubb5,246,1072.3124061501107,1047.2121300563444
2235,Ywhag,265,1085.463305831039,1060.591136010927
2236,negative_control,824,1087.8640226889402,1095.6658032126643
2237,negative_control,631,1086.018118689861,1095.8892779193425
2238,G3bp1,49,1088.005084236701,1072.8071187027167
2239,Ubxn1,253,1087.2620456789011,1071.5460696966445
2240,Ywhag,265,1090.7043732416585,1095.144698180342
2241,Cited2,13,1092.644688914723,1073.4687040053602
2242,Ywhag,265,1091.3142223723376,1074.6149252329574
2243,negative_control,793,1092.6955471884514,1059.039572887801
2244,Rab34,172,1093.5519808665626,1066.4451515231713
2245,Vim,261,1101.0951166814853,1076.519081984064
2246,negative_control,454,1100.175565438751,1077.7309609266308
2247,Ran,178,1102.2238043518846,1075.7860532501456
2248,Fus,47,1102.2294403518313,1075.6699920502722
2249,Raly,177,1101.0187943340673,1077.5947373999516
2250,Ctbp1,24,1101.9019873566149,1095.7462244929395
2251,Mrpl10,91,1101.7741544543894,1094.6883564837487
2252,negative_control,808,1101.7789184638018,1086.3910076234447
2253,negative_control,1894,1108.8591302269922,1094.9637439816204
2254,negative_control,1089,1172.4643183554638,1105.4342824751716
2255,Lamp1,74,1228.4656673429731,1123.5099113839997
2256,Ywhag,265,1235.2664230018495,1120.5441493826272
2257,Cct3,9,1252.9316876906396,1138.9260328743526
2258,Sae1,199,1255.2895465335043,1134.9274312524774
2259,Igfbp6,68,1253.918065885874,1135.3417190641917
2260,Ywhaz,268,1254.0180090000474,1138.8264212658855
2261,Sf3b2,205,1253.78931446587,1137.5735156485189
2262,Mrpl38,100,1255.3768422780197,1137.0322121111276
2263,Ywhag,265,1261.1135785171798,1138.0973931880903
2264,Plin2,146,1273.367059643277,1129.3335070250505
2265,Plin2,146,1275.9544032945532,1120.4596886222369
2266,Ndufs2,122,1276.6410245840775,1127.5061919571908
2267,Rab7,174,1285.046345799613,1133.7444377837242
2268,Clta,15,1284.2950763261874,1135.76936453929
2269,Vim,261,1285.727237287928,1134.2167046073882
2270,Hspd1,64,1282.5290761020287,1134.84295392459
2271,Gsto1,54,1285.315696669066,1132.9526177370433
2272,Eif3i,36,1284.5551357704271,1134.025621482242
2273,negative_control,1695,1284.769709402054,1134.1520977479315
2274,Plin2,146,1295.6332506955423,1136.9030159238764
2275,Ywhag,265,1299.529757782961,1116.592565465725
2276,Ywhag,265,1304.8166765938186,1132.0346747451272
2277,Eef1g,28,625.5253136296728,892.081545387232
2278,Eef1g,28,636.5577044924327,899.3695281787201
2279,Eef1g,28,653.8519813845946,892.4695680036879
2280,Tpm1,238,656.649115726721,904.5202858943992
2281,Eef1g,28,658.9851085834265,887.3243500256599
2282,Eef1g,28,663.3511931789784,894.1924039283925
2283,Eef1g,28,662.5909509964843,882.014069553358
2284,Eef1g,28,665.0696012318734,912.5077417550428
2285,Rab7,174,665.182860304746,872.6672715904604
2286,negative_control,1811,671.3575259899344,875.301718220946
2287,Pkm,144,672.2792809917096,868.6349252131797
2288,Pkm,144,679.7586330994714,883.671996416409
2289,Gsto1,54,680.7451756554868,884.5747008688279
2290,Ywhaz,268,681.5982470528845,879.3341384868605
2291,Pkm,144,685.5071480862946,881.3069104055852
2292,Tpm1,238,685.9751313946863,927.9680591422792
2293,Eef1g,28,689.5848041796601,891.2772474334272
2294,Eef1g,28,690.9163372308522,874.5480588653287
2295,Eef1g,28,691.6208219176575,879.6806142622206
2296,Eef1g,28,696.437329667312,896.487220361284
2297,Cox7a2l,18,700.6245498450113,931.9744919703307
2298,Eef1g,28,702.3911018939929,872.7471500230621
2299,Eef1g,28,702.3131412537492,907.1913629439408
2300,Fus,47,702.3012695277278,900.2840254608401
2301,Eef1g,28,703.5131459681269,914.9453180350577
2302,Rab7,174,709.2508740002434,920.7513122735952
2303,Tpm1,238,709.5133931504997,884.2210503871951
2304,Tpm1,238,713.0539331439031,907.9810664436644
2305,Gsto1,54,718.963651165453,883.8448235182254
2306,Cox7a2l,18,721.4533183360958,895.9997199901176
2307,Ube2m,252,723.5544261938346,869.7695579643876
2308,Eef1g,28,727.2634210688834,793.3725907933455
2309,Eef1g,28,726.9685024577884,787.7441426017831
2310,Tpm1,238,731.7484160455995,789.4077839323215
2311,Cox7a2l,18,732.7966160571808,907.282962498129
2312,Ywhaz,268,733.5778679411496,887.0420054220107
2313,Eef1g,28,734.7151523216022,872.4532030861471
2314,Ywhaz,268,736.1099224746051,772.4747041123961
2315,Ywhaz,268,736.2431396470142,883.7510650398806
2316,Pkm,144,737.9952983048008,800.1578956612624
2317,Emp1,39,742.6469096477534,880.9929788334025
2318,Ncl,121,744.1723233025031,880.2760328492515
2319,Pkm,144,743.6599668866976,876.2686461371636
2320,Eef1g,28,745.7855548432094,794.1473010959648
2321,Pkm,144,748.4845065081278,800.3817038552666
2322,Emp1,39,748.0823399881214,912.402308624528
2323,Nap1l1,120,750.1679651542448,926.0116353874904
2324,Pkm,144,748.9994544596043,937.0857922109776
2325,Hnrnpk,59,751.654211213299,899.0097946469489
2326,Pkm,144,753.37519215016,898.8065386672039
2327,negative_control,1063,754.2381827065758,906.492202979419
2328,Eef1g,28,756.2337011424474,892.3242026351069
2329,Use1,258,756.2971602039418,891.4037580853518
2330,Eef1g,28,755.888641358966,820.5289208379065
2331,Pkm,144,756.3600095451728,798.7454365047133
2332,Pkm,144,757.5574341139554,861.3498866382984
2333,St13,220,758.3341630873962,861.110699787195
2334,Eef1g,28,758.0321435060265,863.0197885421501
2335,Cox7a2l,18,758.3958951038202,903.516034209646
2336,Vim,261,756.2842497855968,903.3105182371472
2337,Tubb5,246,756.0984415592126,903.9290042166774
2338,Ncl,121,758.0145861975784,903.5017535560796
2339,Tpi1,237,757.4706620855477,903.0694006376848
2340,Eef1g,28,758.9585006265077,921.2755443411636
2341,Pkm,144,760.8809686792019,865.3248879724911
2342,Pkm,144,765.3901574986587,871.6060527473048
2343,Cox7a2l,18,765.195893567945,934.822851344884
2344,Rpl15,186,765.1210768454273,877.1325793332641
2345,negative_control,964,763.75677006818,875.5408568651237
2346,Csnk1a1,22,764.9428631729701,874.970511051795
2347,negative_control,275,764.1029405794455,873.8504395020996
2348,Eef1g,28,765.5938058272384,898.225533264669
2349,Eef1g,28,766.6994870865357,884.7540057594774
2350,Mrpl43,103,766.8970317115406,830.3194906559879
2351,Mrfap1,89,765.5668556923215,829.31145565859
2352,Ube2m,252,766.3239958928107,828.8289206267941
2353,Slc25a1,208,766.9503939320391,826.6709413396061
2354,Ybx1,263,769.3219461930174,827.5540747706755
2355,Pkm,144,770.4124078964184,791.4652638609236
2356,Ywhaz,268,770.8805052126214,854.8939023429186
2357,Eef1g,28,772.3428861255285,885.821709888042
2358,Eef1g,28,772.639781414681,898.3948091325183
2359,Ywhaz,268,773.7099953659937,928.8523116737316
2360,Ube2m,252,773.2823364099282,844.9619652387302
2361,Rcn3,184,772.765282167157,843.1886938808411
2362,Ube2m,252,774.0846732632522,799.5676657810825
2363,negative_control,287,775.8026941966548,880.3162651262301
2364,negative_control,1707,776.2671277623449,839.0372975638015
2365,Ugdh,255,776.3123409131572,851.3336093022324
2366,Nap1l1,120,774.3878570942496,851.7103496397056
2367,Eef1g,28,777.2236576949311,828.2356187675587
2368,Vdac1,260,779.6359139261044,829.1030122892844
2369,Mrfap1,89,778.0459986584849,850.8624594329847
2370,Puf60,171,777.7642414097529,848.7454901979197
2371,Eif4g2,38,776.0771326677428,894.9834644042296
2372,Rnf11,185,776.2560073797871,895.0051512353009
2373,Sfpq,206,778.26356421846,895.4696259610515
2374,Vim,261,775.511065696015,894.1811414197928
2375,Tpm1,238,777.5852796697336,894.8251684370061
2376,Prrc2a,158,780.1600089047545,858.1847384659795
2377,Cited2,13,779.1755864239161,858.4916132292179
2378,Pkm,144,779.2362757955516,911.3261945227282
2379,Vim,261,779.2809137711089,910.9973312867912
2380,negative_control,1136,780.0616655562858,911.3164493447796
2381,Emp1,39,780.4590112758054,905.1937341198902
2382,Rpl15,186,781.7553257860194,811.7243349867152
2383,Pkm,144,781.3735426217318,811.5961377761885
2384,Pkm,144,782.8550031527233,917.7982875628762
2385,Eif4g2,38,781.9214772345681,939.1120680134724
2386,negative_control,1869,781.3405144525103,939.178125592395
2387,negative_control,1617,783.473523897452,887.1354152486161
2388,Ywhaz,268,783.3717777217422,818.6652707523039
2389,Rcc2,183,783.8496292085324,835.9978434701789
2390,Sf3b2,205,782.317623217614,836.239091265129
2391,Vim,261,783.0998792326166,837.8849493656966
2392,Ybx1,263,783.6373876936289,837.4572413897178
2393,negative_control,289,784.842659371456,839.2360505456853
2394,negative_control,459,785.2141126962091,840.4848922211592
2395,Cox7a2l,18,784.6238978712722,796.4932070924605
2396,Uba1,250,784.1949183653683,854.1259843992395
2397,Maged1,82,784.66437383971,855.3154356545978
2398,Ncl,121,784.0679508693705,856.1804976499649
2399,negative_control,1759,784.1351258586222,854.951770245162
2400,Eef1g,28,786.3635321295837,872.0756314221921
2401,Emp1,39,787.9171801116108,912.5174969311374
2402,Pkm,144,788.2764007836148,830.1446775957609
2403,Mrpl20,96,788.444543449912,863.2805702722213
2404,Emp1,39,789.6321277625782,809.3677661430884
2405,Pa2g4,135,789.4653739338808,943.63109089362
2406,Rab7,174,790.1999298033361,877.6568154302843
2407,negative_control,1468,789.56006638066,821.7835959083027
2408,Eef1g,28,789.3881339435036,855.4806746063883
2409,Ppp2r1a,151,790.7203273508258,897.7163565100368
2410,Eef1g,28,790.1718445587663,899.6747677854123
2411,Uba1,250,790.820008140389,898.2749685725015
2412,Ssr3,218,790.7612434790889,896.7589689718322
2413,Pkm,144,790.808011988613,805.9822957248589
2414,Thy1,228,791.1615831107481,923.8914457509668
2415,Pkm,144,791.3779004597932,887.6657734589876
2416,Eef1g,28,793.0840664547209,893.3659184139052
2417,Got2,51,791.3941827206274,868.1313207530843
2418,Paics,137,791.2589712123081,868.1571677544131
2419,Emp1,39,793.6307381339891,908.311864472837
2420,Emp1,39,793.7796655372334,860.1674805328406
2421,negative_control,1417,793.8256998040288,887.5333611021067
2422,Eef1g,28,795.2156343435113,885.8316489933326
2423,negative_control,377,795.3318526802601,886.4118879352828
2424,negative_control,1061,794.8735572232918,887.2972786782452
2425,Mrpl43,103,796.4592537021942,886.3538200630509
2426,Rrp1,198,795.579274631698,887.0953115254837
2427,Eef1g,28,795.0519297093292,779.8735037576896
2428,Ybx1,263,795.6470822834013,881.0800660721785
2429,Eef1g,28,796.1587464443985,848.242721225146
2430,Eef1g,28,798.6458253713702,801.9510066907803
2431,Pkm,144,798.4141551065579,917.0179227866558
2432,Nedd4,126,798.4665648980802,916.0894950252052
2433,Cox7a2l,18,799.6000185692615,902.9926224865092
2434,Ube2m,252,799.4384108227474,809.779136998052
2435,Pkm,144,800.0113243775193,806.0735741255435
2436,Cox7a2l,18,800.7362909422156,823.4482289385821
2437,Emp1,39,800.5087243163193,880.9271762422958
2438,Vat1,259,801.9866930904957,879.7843648533228
2439,Csnk1a1,22,800.0101132751797,882.0146195123691
2440,Mbd3,84,799.6068462326277,880.3318660899786
2441,Rab7,174,801.9205972846287,899.550544087454
2442,Pkm,144,803.338514985492,796.6290552459775
2443,Zyx,271,803.720280017916,817.5656037359581
2444,Nudt9,132,804.239195668956,817.0782895533458
2445,Emp1,39,804.8495828442434,815.5044823656567
2446,Tnc,232,802.9012066114434,815.848786625388
2447,Emp1,39,804.7937562640293,915.559746210315
2448,Eef1g,28,805.5730604581381,879.6261475258053
2449,Eef1g,28,806.0631760827933,949.0902996191548
2450,negative_control,1021,805.592441184985,928.8349822328174
2451,Pkm,144,808.262378370399,910.629625761699
2452,Pa2g4,135,809.2007948151972,924.135184563392
2453,Emp1,39,809.3650119442254,948.8943027627016
2454,Pkm,144,811.5972688556619,850.1475254494289
2455,Pkm,144,811.4854554601261,828.8473168172301
2456,Cited2,13,810.6679388562872,929.7372051351036
2457,Pkm,144,811.5673876198715,897.4983172777934
2458,Trap1,240,814.03846660436,947.9146592296406
2459,Trim28,241,813.762059431624,948.4719577079836
2460,Emp1,39,813.3525960130239,786.539262065955
2461,Emp1,39,814.8208460291893,881.3493681788816
2462,negative_control,321,815.5992380622946,801.4040203132445
2463,Tpm1,238,816.6035130044414,791.3727754696433
2464,Tpm1,238,816.0468040969291,864.9098650948227
2465,Ubxn1,253,817.2160508957518,833.9576146550975
2466,Eef1g,28,817.0033813425689,835.0041700273068
2467,Pkm,144,816.4477205491772,892.2271149784406
2468,Snrnp70,210,817.2479372367607,852.8915467315237
2469,Eef1g,28,816.9840845933047,851.6532258006227
2470,negative_control,313,816.668149525955,852.9221832015345
2471,Idh2,65,817.7466766972099,923.409126949763
2472,Ube2m,252,817.2364015974987,924.3420337322824
2473,Emp1,39,818.0252222469296,878.3826771312251
2474,Hsd17b12,61,816.8426678786487,877.9986935631753
2475,Eef1g,28,818.9054659923246,817.4413854989701
2476,Pkm,144,819.5523857169485,933.129114157562
2477,negative_control,1240,818.7976513347394,933.2714144584144
2478,Pkm,144,819.3875945242058,803.7617136359507
2479,St13,220,820.600297444135,943.9851960423688
2480,Zyx,271,819.2227562396113,944.9223984443888
2481,negative_control,287,820.3660475197762,943.6347929521352
2482,Emp1,39,820.2994385533331,883.4018444196879
2483,Hdgf,56,820.6075794894994,794.5941935699162
2484,Rcc2,183,820.0033339627654,793.8171342912995
2485,Ybx1,263,820.5635188900671,841.3435446395108
2486,Eef1g,28,821.5696354280186,902.0347828118724
2487,Eef1g,28,821.2443636081505,820.3374484054326
2488,Csnk1a1,22,820.7790338062065,820.9031370832007
2489,Eef1g,28,822.2170304895457,881.8737290717398
2490,Thy1,228,822.7390746791946,848.0565497439479
2491,Gas1,50,823.9429355953515,846.535347986687
2492,negative_control,1358,822.979213081,847.8774927000286
2493,Eef1g,28,822.148049922156,797.5449208828524
2494,Pkm,144,823.6750460353769,958.4291706062002
2495,Cct5,10,824.663313225437,805.5127425760938
2496,negative_control,2057,825.448324459966,805.4312938205362
2497,Rab7,174,826.5955961972193,804.9808938675673
2498,Pkm,144,825.4048356613218,807.6197101210495
2499,Eef1g,28,825.0622333697115,874.4849159677849
2500,Pkm,144,825.5003991137663,825.484117598388
2501,Eef1g,28,826.3210714565314,943.3672850735362
2502,Eef1g,28,825.8496235591252,855.3274449973179
2503,Eef1g,28,827.1035399616917,892.2152884331103
2504,negative_control,1307,826.7229307846656,938.4279639164256
2505,negative_control,1373,827.6254715616578,937.9945658517348
2506,Zfp36l2,270,827.7465893715629,939.7059871308808
2507,Oaf,133,826.4750567373369,899.4497964827249
2508,negative_control,416,827.8015555675967,897.2654466522292
2509,Pkm,144,826.7079850764325,897.1168283563644
2510,Mrpl28,97,827.2342673238292,895.837587653967
2511,Got2,51,827.8097803629981,812.2328718483315
2512,Hspa8,62,825.0907522653189,812.7019712665196
2513,Tpm1,238,827.6630379217381,812.9471860007452
2514,negative_control,1672,827.7061904465654,812.1876285996797
2515,negative_control,1766,827.6795028549153,850.5509855522319
2516,Ywhaz,268,827.3677981162613,886.2375276082176
2517,Pa2g4,135,828.0303386759417,930.2683244641968
2518,Pkm,144,829.5094423179595,831.7017731870848
2519,Emp1,39,829.0223444698755,870.1357927138642
2520,Vim,261,829.7011389379562,871.6134555405093
2521,Eif3i,36,828.991165334614,871.4511784331343
2522,Ubxn1,253,830.3352348612276,828.546116105453
2523,Emp1,39,829.5813469259352,827.9472346690286
2524,Junb,71,829.3920624308491,829.4512963892282
2525,negative_control,1530,827.7452798801891,829.5638933350718
2526,Hspd1,64,830.3780640271045,835.3517677450542
2527,Eef1g,28,832.0562653717818,834.44460740449
2528,Ube2m,252,831.9940205359399,942.1724723139156
2529,Eef1g,28,832.377032769371,948.8023604830012
2530,Ywhaz,268,832.8024192759444,902.5426656399892
2531,Tpm1,238,832.6724543200886,795.5491713966139
2532,Emp1,39,832.7991177718382,873.1762117360789
2533,Eef1g,28,834.6589573703122,961.6790693543892
2534,negative_control,1287,836.7277390412751,961.0521432696922
2535,Ppp2r1a,151,834.7936550786942,869.6926526402381
2536,Tubb5,246,835.934553382141,867.5964136497455
2537,Nr2f2,129,835.9427937276762,867.5069772416606
2538,Raly,177,834.6161453379007,868.6858148879783
2539,Eef1g,28,835.968398484521,868.2584610966801
2540,Taldo1,223,834.9387430415204,870.0399286899749
2541,Emp1,39,837.3864013066121,895.913598288457
2542,Hnrnpk,59,837.6450941137444,894.0091466154506
2543,Mmp14,87,836.7220017291261,894.7457459788736
2544,negative_control,286,837.4443973299955,895.4218169695632
2545,Eif3f,35,836.8404937804005,895.0160415719624
2546,negative_control,1931,836.1444519916606,896.0827967753683
2547,Eef1g,28,837.1514071739687,830.5459780865422
2548,Ube2m,252,837.278235140843,793.0010774593525
2549,Eef1g,28,838.270331063841,827.5859654721999
2550,Rab7,174,838.2969755850775,823.2981049827258
2551,Zyx,271,838.7085552430412,824.1222132658343
2552,Eef1g,28,838.9395148083502,952.0342919717148
2553,Vim,261,841.2354291001102,852.9475885879608
2554,negative_control,2019,839.4947075360319,852.7828002038541
2555,negative_control,1392,838.9463328360702,852.5888011206928
2556,negative_control,1304,838.5588734000505,852.4973167333237
2557,Pkm,144,839.5255447553575,853.6480979592299
2558,negative_control,750,840.3068669721902,854.7168514375065
2559,Emp1,39,840.9185537975723,957.8518216259524
2560,Ube2m,252,843.1728514268683,801.3226070223064
2561,Emp1,39,842.718352672265,854.5730398747426
2562,Pkm,144,846.4520419450315,889.6036814385537
2563,Emp1,39,844.4820520464185,890.7150090198963
2564,Ptgs1,169,844.7211345568218,848.7683746919441
2565,Psap,160,844.4708487409646,848.0686861803174
2566,Pkm,144,843.7777746194572,849.0898441874093
2567,Hnrnpk,59,844.621662616225,847.2940890532014
2568,Stip1,221,844.871918687451,819.5887338545818
2569,Myh9,118,844.2772005098344,821.0441387175217
2570,Sec13,204,844.6934777911056,819.4381482924114
2571,Emp1,39,844.9758273806129,926.0227361465962
2572,Pkm,144,844.3796679937457,814.056404855509
2573,Emp1,39,846.4863475035042,834.0916352717439
2574,Ube2m,252,846.3884915307533,773.4722351417001
2575,Eif4g2,38,846.4303245869257,956.0732518347152
2576,Fgf7,43,846.7099805754285,955.5808258352783
2577,Got2,51,847.5615800136363,807.5937270136851
2578,Eef1g,28,847.0301186889036,803.0879998156039
2579,Vim,261,848.3510747524585,802.9099411117461
2580,Snx3,211,846.3344232764175,802.156564715327
2581,Vim,261,848.2779759951711,962.3056223689592
2582,Eef1g,28,848.0161267481595,961.5930837751514
2583,Eef1g,28,847.1277082735659,796.6754606320644
2584,Pkm,144,847.9264626354101,838.6080791626592
2585,Cox7a2l,18,850.4812433029532,926.9660645471876
2586,negative_control,1503,850.9167027656638,871.1043769340628
2587,Cox7a2l,18,850.7231614400304,870.9752540521949
2588,negative_control,964,851.0110476193713,871.2637503515017
2589,negative_control,1355,850.7582868189434,870.8606732328841
2590,Tnk2,234,850.9039399701703,870.7826021955647
2591,Rab5c,173,851.5192255654728,816.4228428345326
2592,Vim,261,851.7692338118424,846.6445765960017
2593,St13,220,851.2332641793618,845.972045761538
2594,Emp1,39,850.8996962711848,845.5898922738908
2595,Pkm,144,851.7766281164679,884.5248351005669
2596,Ube2m,252,851.741841861884,747.6037822189642
2597,Ywhaz,268,852.7122963497217,766.4633660426896
2598,Eef1g,28,853.217839024305,798.951997971343
2599,negative_control,1313,852.7840345476288,823.850682269547
2600,Tpm1,238,853.5146946873546,770.6899383228595
2601,Pkm,144,854.0121201665493,982.5849059907456
2602,Eef1g,28,855.3239529543439,836.971493421233
2603,negative_control,313,854.6168507041323,836.683632143393
2604,Eef1g,28,855.8054221084055,753.2938464698173
2605,Hnrnpk,59,857.6265827310965,806.5406443065756
2606,Ywhaz,268,856.4160588607242,804.4874510517393
2607,negative_control,524,857.8399021502494,804.6973749466533
2608,negative_control,1916,856.7414324790436,868.9563420606311
2609,Hnrnpk,59,858.1239283660378,870.3302001469716
2610,Emp1,39,857.6016920326156,994.9573370274924
2611,Hdgf,56,858.858445280903,995.5501359968014
2612,Emp1,39,858.8359926528162,881.5377029224608
2613,Pdia4,141,858.3003906371946,881.8668313480242
2614,negative_control,1511,858.7809121951416,881.0067780054455
2615,Pkm,144,859.1854809334377,950.148392788817
2616,Pkm,144,859.921379138459,826.7968073415695
2617,Emp1,39,863.0524375716274,906.1679546394512
2618,Eef1g,28,862.9231466185272,822.8605519356406
2619,Rab7,174,863.5673016228736,939.71094812972
2620,Tpm1,238,862.8930475616892,920.949722899247
2621,Emp1,39,864.1936470457691,882.8468646996653
2622,negative_control,1940,865.0265257156161,884.2151360213278
2623,Ywhaz,268,865.2291777875622,846.0240182981811
2624,Emp1,39,866.8907559628135,953.9868845102612
2625,Emp1,39,868.0463846755774,916.139195865488
2626,Psap,160,873.8691700779098,887.9960085086967
2627,Tmed9,231,872.1768134814517,888.267099791542
2628,negative_control,287,872.1537179277921,886.424021199945
2629,negative_control,945,872.4961198164252,887.189244774182
2630,Hspa8,62,870.798014076433,943.6735664486752
2631,Cox7a2l,18,871.6494391739855,836.9246222445997
2632,Emp1,39,875.5954405506614,891.9826154584234
2633,Pa2g4,135,875.3592493570733,1026.5189960227808
2634,Pa2g4,135,878.4430317948787,876.1241204090885
2635,Eef1g,28,879.9159130193482,842.6115636581751
2636,Psap,160,881.1253585264327,1026.510130533099
2637,Hspd1,64,881.6761101909394,1028.1754220393475
2638,negative_control,971,881.7380989561971,996.1980592249944
2639,Eef1g,28,882.4551558248438,1036.6205995883922
2640,negative_control,789,882.0495065465161,1011.5644151028524
2641,negative_control,709,883.1607311076782,1009.807562531502
2642,Pkm,144,883.9973713428976,848.9049410997575
2643,Emp1,39,883.8862968835457,888.4135349705642
2644,Thy1,228,882.7142610797675,889.5728868844755
2645,Emp1,39,885.6317436613679,862.6616978168531
2646,Eef1g,28,886.0165923561254,1031.7744222516408
2647,Emp1,39,886.2330415596412,1005.2361965204992
2648,Emp1,39,888.9848341033696,892.0529164165375
2649,negative_control,2063,888.9526443647032,891.8645657155529
2650,Stt3a,222,890.4066028004805,891.9523511970077
2651,Rab7,174,888.6135178052123,873.4520038610327
2652,Eef1g,28,889.1687877721085,970.767495422926
2653,Nedd4,126,891.3608779202884,860.1187752561499
2654,Pkm,144,894.4387180277909,932.5928853449536
2655,Pkm,144,895.4446228887298,921.328478604628
2656,Eef1g,28,896.5015520152597,885.0235146514913
2657,Emp1,39,896.0748727870107,878.1183904256766
2658,Tpm1,238,898.0777940666469,1033.847594183159
2659,Emp1,39,898.2972164515345,900.118932636287
2660,negative_control,1044,897.8380574971341,899.2989979042297
2661,Vim,261,899.2141506222148,897.338235905622
2662,negative_control,1389,899.289516457309,896.3402702337463
2663,negative_control,1668,898.9890201926873,896.0799868652822
2664,Eef1g,28,901.1505104913924,906.1047935722152
2665,Gas1,50,903.1310312450998,885.1472858479915
2666,Rps15a,191,902.9738919823142,885.9148308640362
2667,Pkm,144,902.8893140016826,886.5219140581498
2668,Emp1,39,902.5638966205496,940.6057955028614
2669,Pkm,144,902.7389743128106,1037.5212127706736
2670,Rab7,174,903.821556670276,1044.9441430388983
2671,Emp1,39,904.3582349098608,884.6342785196854
2672,Pa2g4,135,904.2844859449146,908.633893477916
2673,Emp1,39,905.2290134770644,986.221372753564
2674,Pa2g4,135,907.4938138071344,881.9860760227859
2675,Eef1g,28,908.5076790488137,1053.0296928636008
2676,Eef1g,28,909.7900962579452,893.7994296561617
2677,Emp1,39,910.285577026406,925.8431564502
2678,Emp1,39,911.7088106744436,936.508820121584
2679,Pkm,144,912.0389638487284,993.811574549333
2680,Pkm,144,914.928524555972,1018.7263728680008
2681,Pkm,144,916.59010610363,957.0728682186776
2682,Tpm1,238,917.7636879431016,929.6519214168628
2683,Eef1g,28,918.1905344128494,1060.6561965512442
2684,Pkm,144,918.6496939213116,961.5386957958584
2685,Emp1,39,918.7402553091154,1010.6663755554746
2686,Pkm,144,920.2520877026346,924.7665213067036
2687,Timp2,229,920.124416082348,916.0042662059697
2688,Eif3e,34,920.543464341136,916.4675031192504
2689,Sfpq,206,920.121176300195,917.0112964819874
2690,Jun,70,921.6183325822294,912.6171410415668
2691,Emp1,39,921.675453511316,922.7629084301126
2692,Tpm1,238,923.0896089967564,920.2365194760146
2693,Eef1g,28,924.1320773984658,894.6821922644298
2694,Pkm,144,925.374120427482,982.8064693198492
2695,negative_control,1503,926.4071277104564,909.5968559840212
2696,Pdia6,142,924.5270522294144,908.9486319919384
2697,negative_control,778,926.115327145374,909.1812869011452
2698,Emp1,39,928.0845071909346,915.8293806614552
2699,Eef1g,28,929.1342415905953,985.5300541495404
2700,Tnk2,234,929.2287100486182,984.551367903814
2701,Ubxn1,253,928.8420423093942,985.1599920167972
2702,Emp1,39,929.5180705333812,990.9472098909278
2703,Eef1g,28,930.9393795723752,1009.3547257703758
2704,Sfpq,206,931.306766543887,998.421148293826
2705,Ddx17,26,931.962443730612,998.3768444740338
2706,Fkbp4,44,929.8495257832088,998.1626543659924
2707,Zyx,271,932.5748414874962,997.4142026882006
2708,negative_control,794,931.2809868627036,999.5024298146092
2709,Emp1,39,931.8304590294908,928.7934696450712
2710,Emp1,39,933.8645328100372,1011.1223156456632
2711,Pkm,144,936.3885405973818,967.9435120867048
2712,Emp1,39,937.6290183789414,1036.5889080999143
2713,Emp1,39,938.0433394475192,1028.8108634454757
2714,Emp1,39,938.2428942660176,984.7319046627732
2715,Eef1g,28,941.5260200604798,1004.0460270355568
2716,Eif4b,37,943.1589421357749,1072.0346791363731
2717,Pkm,144,943.7579150806492,1072.9325637516215
2718,negative_control,1778,941.8048990194736,1059.5362731084535
2719,Tcf25,226,940.6857624204016,1060.3128965495534
2720,Gsto1,54,944.2616424923152,958.7944596169064
2721,Pkm,144,946.083577458476,1087.2611695733665
2722,Eef1g,28,945.6644452039544,991.9290568417164
2723,Pkm,144,946.0050475812936,971.3216144091954
2724,Pkm,144,946.3909699605896,1068.0749027600614
2725,Emp1,39,946.1953836977208,979.0394635703096
2726,Emp1,39,947.6778774405564,963.2594961561464
2727,Fus,47,948.09613193764,1024.0513559513977
2728,Emp1,39,949.267239778986,919.2949608100716
2729,Nedd4,126,950.1736707396636,990.18696767991
2730,negative_control,2098,950.8184805391649,1072.1843569046146
2731,Ywhaz,268,951.57162507268,1072.6549750194554
2732,Jun,70,952.2146192893042,1036.7969767659315
2733,Snx5,212,953.1585307788432,1037.471391715641
2734,negative_control,1254,952.8066564695116,1037.8671743400903
2735,Pkm,144,955.2559340654672,959.980278278174
2736,Fkbp9,46,955.1047268781574,958.7616496516516
2737,Ugdh,255,954.6995040654224,958.3064310856124
2738,Malat1,83,954.8456750324352,958.8152716659728
2739,Tubb5,246,958.46154132803,1093.29021339614
2740,Eef1g,28,956.8470520851232,1094.5288155705352
2741,Emp1,39,957.7672072794722,931.665071397904
2742,Naca,119,957.4277913014516,932.862105531699
2743,Eef1g,28,957.7644635515206,1064.48170858506
2744,Ctbp1,24,958.747546249324,1098.7475825560114
2745,negative_control,1610,958.5813116972464,1098.5160750905748
2746,Rab7,174,961.7252028747004,1058.2030666987234
2747,Emp1,39,963.2649648175732,1074.378133811365
2748,negative_control,273,962.7491637285144,1103.6553670682342
2749,Eef1g,28,964.001561075044,1097.4807540527518
2750,Pkm,144,966.64910311365,970.2737826006552
2751,Cox7a2l,18,966.7968405250645,1040.4090815141087
2752,Emp1,39,969.7605025786834,1076.8780091694025
2753,negative_control,1471,971.5145631867712,1015.6437365742864
2754,Emp1,39,973.2798251221834,1016.589527552528
2755,negative_control,397,973.242090100246,1029.1021096179177
2756,negative_control,1572,973.5622752012306,1029.251839657412
2757,Timp2,229,974.0994182577248,1095.9433258647666
2758,Vim,261,973.5019076600602,1096.5064136117535
2759,Cox7a2l,18,973.641049299095,1096.2450599661206
2760,negative_control,1092,973.7606352886136,1097.4866303389583
2761,Emp1,39,974.7639215566784,1048.4380625598635
2762,Pafah1b3,136,976.2919417976184,1049.2198555416878
2763,Emp1,39,974.3249985224668,1042.397074890727
2764,Ddx17,26,976.6036523712492,1066.6545485813017
2765,Fkbp8,45,975.2566144069998,1067.618583331869
2766,Pkm,144,976.1190589591884,948.369566488596
2767,Stip1,221,978.8099591930234,1103.726784841314
2768,Arf1,6,977.5005398619494,1104.5207605175888
2769,Pkm,144,977.130590939545,1102.82501228315
2770,negative_control,742,976.4311099803824,1102.7584930183334
2771,Tpi1,237,977.5696050383632,1102.1120742063797
2772,Tubb5,246,978.1138283202906,1104.500993429531
2773,negative_control,1450,977.697782534687,1103.5165688463944
2774,Zyx,271,975.5283585804368,1077.0969460467263
2775,Timp2,229,976.7527539627744,1076.2323779338867
2776,Mtap,114,977.3367376198684,1077.0348639619824
2777,Snx3,211,974.4206171432088,1076.4255807755544
2778,negative_control,1873,976.7950719525415,1076.2772143414873
2779,Tomm40,235,975.274833444602,1076.53729234893
2780,Vim,261,976.114357494827,1077.6979504377307
2781,Idh2,65,977.8894488877622,1088.7091913298625
2782,Pkm,144,977.369387298328,1088.5064079372482
2783,Cox7a2l,18,978.839587276824,1107.5781887829037
2784,Pkm,144,978.2294280065267,1081.2643119123757
2785,Emp1,39,978.2775519077836,1024.1811157456773
2786,Oaf,133,978.4283353490652,1075.94394896554
2787,negative_control,1928,979.1214060210898,1075.4376002418237
2788,Vim,261,979.6621506824728,1073.7158311754145
2789,negative_control,1400,978.4316388262235,1075.4626139114296
2790,Eef1g,28,979.1615820866448,1005.7783954364064
2791,Rab7,174,979.2273277591414,1250.4224273234522
2792,Emp1,39,979.0771504228188,1095.5442608742133
2793,Emp1,39,980.7866359353608,991.3673368132256
2794,Tpm1,238,980.7645733631558,1240.5303388059758
2795,Eef1g,28,981.5708544751244,1115.9363074251128
2796,Eef1g,28,981.4208423325724,1050.8789877005336
2797,Gpi1,52,982.3089259089442,1072.1189731360082
2798,negative_control,1456,982.4710084047784,1072.336008730805
2799,Lamp1,74,982.5448725278357,1073.1520678480315
2800,negative_control,2060,983.3929242218118,1072.4617571134982
2801,Vdac1,260,984.0173401033342,1073.8864497460238
2802,Eef1g,28,982.7229512993024,1282.314206698245
2803,Pkm,144,982.8960182962098,1220.1047515841774
2804,Emp1,39,983.4915667054684,968.3613183054172
2805,Rpl18a,187,984.0863578957228,977.0223479915368
2806,Emp1,39,984.4218066735548,977.2197776499256
2807,Emp1,39,983.9874491409178,973.5409484252472
2808,Tcp1,227,983.3548311258749,1109.4952174567454
2809,Igfbp6,68,983.1998135117292,1107.9463717917156
2810,Eif4g2,38,983.2403544745129,1108.9930488799323
2811,Hdgf,56,982.7500085504596,1107.9659767387848
2812,Pa2g4,135,984.1450044265764,1298.0442287982228
2813,Pkm,144,985.3975197129072,1252.5809752728503
2814,Eef1g,28,986.2634641388348,1312.4378512500866
2815,Rab7,174,985.0684859911996,992.2209040906872
2816,Rab7,174,987.0536871241968,1138.4481763394883
2817,Ercc1,40,987.9499189697548,1121.9357795774104
2818,Cox7a2l,18,986.8761043112936,1122.6371242740267
2819,Vim,261,987.4904506439312,1122.6823342975065
2820,negative_control,1426,987.2591614459728,1121.7444105925372
2821,Pkm,144,986.9692945194514,1212.143527545175
2822,Emp1,39,987.11042955758,1229.6639443851705
2823,Emp1,39,988.138820323908,1323.0856743034424
2824,Efemp2,30,989.4671942813408,1104.908183577554
2825,Stip1,221,988.5908282684446,1105.6045719296244
2826,Vim,261,988.339355026936,1104.4406791641975
2827,Ube2m,252,988.1468177526502,1105.945793382668
2828,Actn4,3,988.7998774626104,1105.1211370286294
2829,Eef1g,28,988.2518688157116,1129.7408246227396
2830,Emp1,39,988.063073946303,1075.6022336268136
2831,Cox7a2l,18,989.1337779302808,1070.3020320819082
2832,Ywhaz,268,988.0786073264808,1252.7790575448012
2833,Cox7a2l,18,989.70728508482,1319.6857330362716
2834,Ywhaz,268,989.1872197273108,1016.3167429789544
2835,Vim,261,988.1482571517096,1153.1348334756108
2836,Ywhaz,268,988.9213176396728,1266.3927548431886
2837,negative_control,1112,988.974471576126,1102.847099562372
2838,Rnf11,185,989.2722231534264,1103.26767120593
2839,Emp1,39,990.2182121618362,1101.454454295927
2840,Rps6kb2,196,989.6489452440348,1103.145288133608
2841,Emp1,39,989.8721789364702,1148.1022446812765
2842,negative_control,1130,989.8073007169291,1148.258530632248
2843,Emp1,39,990.016361974468,1095.5729413620911
2844,Il1rl1,69,989.9770455810816,1045.5379646479928
2845,negative_control,1495,990.24835152211,1046.1379827881815
2846,negative_control,1395,990.2797375556752,1046.3928372177472
2847,Pkm,144,991.7303267742273,1044.8919099955765
2848,Psmd7,165,989.7578829425028,1046.8654392589406
2849,Eef1g,28,989.7432573545016,1045.2530990054331
2850,Rab7,174,990.113499017806,1024.480896738217
2851,Npc2,128,988.967848889133,1173.5935923632965
2852,Tpm1,238,990.8198461705446,1172.4557657134214
2853,Hspa8,62,990.6292405090768,1173.550499387928
2854,negative_control,276,989.3226576435108,1173.7790224764674
2855,Mtap,114,989.9038250385202,1307.9305392723634
2856,Emp1,39,991.3275857280336,999.8572699729154
2857,Eef1g,28,991.2654604985077,1163.8655010820737
2858,Rps15a,191,990.823694772459,1056.434747273502
2859,negative_control,853,992.3155303956706,1057.7435781196757
2860,Pkm,144,992.1674304525264,1270.6037604693988
2861,Emp1,39,991.3588011554292,1008.640597710561
2862,Vim,261,992.4163371146074,1127.5656908283756
2863,Rrp1,198,993.0867109445426,1126.9183196310328
2864,Timp2,229,992.3174037682488,1093.933352401301
2865,Mtap,114,992.665486419296,1092.784073778958
2866,Pkm,144,993.4354232446368,1227.4397997164442
2867,Rab7,174,994.5930005187824,1213.8638443899004
2868,Cox7a2l,18,995.0105488510744,1156.3592543137956
2869,Hnrnpk,59,995.0226918603598,1156.119193742491
2870,Ctbp1,24,993.6928669941096,1156.5641874759422
2871,Vim,261,995.5427004360037,1156.4373463937943
2872,Raly,177,996.33149080503,1156.9901587800948
2873,Nap1l1,120,994.503451660295,1156.198671303158
2874,Ywhaz,268,994.908799612446,1263.0162124370524
2875,negative_control,1013,995.7883487607576,1078.2851725560736
2876,Ywhaz,268,995.0548300720938,1049.5093133892242
2877,Eef1g,28,994.9533287618344,1243.192649412062
2878,Got2,51,994.9440170644306,1059.35277578153
2879,negative_control,827,996.0202275547172,1060.9857311083276
2880,Pgrmc1,143,995.4744879446908,1059.1739939694094
2881,negative_control,2031,996.538123483267,1058.991679814481
2882,Emp1,39,995.7705860711218,1061.1798876985704
2883,Eef1g,28,995.6389239658586,1104.7661270286642
2884,Emp1,39,996.255266261414,1067.3584159048894
2885,Pkm,144,995.729717545103,993.079061176422
2886,Ywhaz,268,996.7513003891776,1199.6342658776302
2887,Pkm,144,996.5391602696312,1018.7776346535144
2888,Cnn2,16,996.6945727589108,1138.453031576311
2889,Eef1g,28,996.4878297980708,1136.5741443395527
2890,Emp1,39,996.6272297701208,984.6313052604723
2891,Eef1g,28,996.7166426281126,1232.174621351071
2892,Ndufs8,123,999.6298046766022,1125.1253070233834
2893,Pkm,144,998.1608630520813,1227.5859599684663
2894,Mrfap1,89,997.6680509839634,1179.937293976047
2895,negative_control,1734,997.7894868265836,1179.935852467378
2896,Ywhaz,268,998.1525674210286,1178.8857988259306
2897,Vim,261,999.991521227058,1055.0608426697142
2898,Emp1,39,999.524090347922,1054.1469914338643
2899,Lmna,77,998.9780843744054,1153.961234780902
2900,Tbrg1,225,999.0764033513452,1152.8913722909815
2901,Ube2m,252,999.1063468936904,1270.2637295227623
2902,Eef1g,28,999.550050352142,973.8227761815994
2903,Rps15a,191,999.1525232530591,1169.8984981697663
2904,Uba1,250,1000.1090207637412,1167.8116463664
2905,negative_control,1006,999.9538557611686,1168.9844124608005
2906,negative_control,1753,1000.2164909675852,1169.9036690854405
2907,Rpl21,188,1001.301302491852,1170.401914612379
2908,negative_control,1101,1000.3042176120068,1103.837014706512
2909,Ybx1,263,1001.4959692862972,1141.9835929882406
2910,Morf4l2,88,999.560399710576,1141.0454357268802
2911,Tpm1,238,1000.8693884754776,1141.367229969041
2912,Eef1g,28,1001.753895240154,1111.2032299349137
2913,Tmed9,231,1002.3586130389718,1268.5801243646074
2914,Pkm,144,1002.064366425446,1269.0272496436564
2915,Pa2g4,135,1003.8948329003574,1236.431269510553
2916,Emp1,39,1003.9623299857258,1069.508784473266
2917,Rnf11,185,1004.0261063856578,1215.7404750202998
2918,Rab7,174,1004.6787036276036,1215.523917518599
2919,negative_control,1549,1003.6185143352008,1216.432214806944
2920,Cox7a2l,18,1004.6219501099264,1171.079909450244
2921,Pkm,144,1005.8465637951148,1041.599864956591
2922,negative_control,2077,1004.357760352475,1042.5303053801194
2923,Pkm,144,1005.0955007613136,1002.1426087568822
2924,Emp1,39,1006.1908135655492,1037.7884930838277
2925,Vim,261,1003.9443282426936,1177.4483597698954
2926,Pkm,144,1006.0132626294426,1178.527885518779
2927,negative_control,1804,1002.4189872479328,1177.337224026161
2928,Eif4g2,38,1004.2618440776998,1178.3119797174852
2929,Cct5,10,1004.5174711100188,1177.320193702299
2930,Cox7a2l,18,1007.005644026632,1158.7707917309358
2931,Ube2m,252,1007.426018977604,1201.9233826740228
2932,Ndufs8,123,1008.5471308361396,1217.290250999492
2933,Eef1g,28,1008.2915080440406,1216.0295916400987
2934,Pkm,144,1008.7006740883596,1082.0982269887363
2935,Emp1,39,1008.9644435450934,1192.971766148061
2936,Vim,261,1009.134852531774,1212.0291211506606
2937,Ercc1,40,1009.1617536247436,1211.1696491273017
2938,Ssrp1,219,1009.0081621987016,1209.80037586123
2939,Eif4g2,38,1008.601462946639,1211.6701068579491
2940,Mrpl20,96,1009.5252427909456,1209.641622189699
2941,Vim,261,1010.5061201182284,1039.3964121622655
2942,Emp1,39,1009.897416179442,1040.1364365878742
2943,Rps15a,191,1009.876716684347,1039.358280728618
2944,negative_control,516,1009.3132825226648,1039.5083265344074
2945,Vim,261,1009.7580595921704,1133.0216598041843
2946,Hspd1,64,1008.3423607056402,1132.7619564779015
2947,Ptgs2,170,1010.8483694212924,1161.500727157371
2948,Vim,261,1011.1958701178316,1160.8413856477016
2949,Ybx1,263,1009.485742552566,1161.4292334678175
2950,negative_control,497,1011.8685152364636,1160.9609075059757
2951,negative_control,1876,1010.4300321725262,1160.974902993881
2952,negative_control,851,1009.8230191862476,1159.953512355685
2953,Sf3b2,205,1008.7722548409428,1156.946872398542
2954,Cct3,9,1009.1027064652905,1158.3309430883885
2955,Ybx1,263,1008.298873566136,1156.880952877484
2956,Rrp1,198,1009.5715993963888,1155.4576214094832
2957,Cct5,10,1009.8377979843136,1169.7668915950674
2958,Uqcrq,257,1009.6163506794688,1168.9162403390346
2959,negative_control,1297,1009.9368393453764,1168.917528071088
2960,Pkm,144,1011.2019066890372,1061.1424954014217
2961,Pkm,144,1011.1276836348096,1101.9247558569623
2962,Tpm1,238,1011.121734539865,1237.5417468530843
2963,Pkm,144,1011.634025385438,1001.790406523046
2964,negative_control,1468,1013.0729246326558,1144.453820176219
2965,negative_control,689,1011.5975600753184,1144.624074512632
2966,negative_control,661,1012.4420009057284,1145.2229039310516
2967,Emp1,39,1014.4973473626414,992.6693241380616
2968,Tbrg1,225,1014.7382443327004,1119.83090670047
2969,Ncl,121,1014.1935171548286,1120.1132091566888
2970,Emp1,39,1013.8281216843908,1068.7061486036578
2971,Emp1,39,1014.3871029132922,1110.3665234054797
2972,Ywhaz,268,1014.5049421783314,1137.8660319925575
2973,negative_control,858,1014.9414945653,1055.184176891078
2974,Eif4g2,38,1015.1014945283824,1056.3391437928376
2975,negative_control,862,1016.212978181732,1105.8619202294058
2976,Lrrc59,79,1017.2170425682194,1155.5715928499978
2977,negative_control,850,1016.9263399195588,1155.2315296697805
2978,Pa2g4,135,1016.4822542734912,1116.1462729112288
2979,Eif4b,37,1017.8822361622572,1152.4146415975088
2980,Eef1g,28,1016.603092899166,1152.8860188896265
2981,Tsc22d1,244,1016.564033618052,1154.931448423293
2982,Vim,261,1017.9166344793344,1154.171390151767
2983,Tomm40,235,1018.7557934450256,1006.006887379576
2984,Gsto1,54,1017.1265600010688,1005.246830309025
2985,Cct5,10,1018.4856410848802,1006.2968233652751
2986,negative_control,772,1016.738585238034,1006.312579324137
2987,negative_control,761,1017.6828721345172,1006.0193556031604
2988,negative_control,2079,1018.9288425293108,1004.4637677590636
2989,Nedd4,126,1018.6331075247188,1146.6332591401815
2990,Zyx,271,1019.7552582831446,1145.426587135605
2991,negative_control,1616,1018.2723271219152,1147.5974228943062
2992,Prrc2a,158,1018.4805752251884,1145.9346678001928
2993,Eef1g,28,1019.2999296663688,1038.21767386623
2994,Csnk2b,23,1021.418546646015,1136.8447522034346
2995,Ywhaz,268,1020.3661587971404,1134.7857586187145
2996,Idh2,65,1019.895655162514,1135.4019778560096
2997,Got2,51,1022.3591396238538,1136.5794711584876
2998,Ywhae,264,1020.9762347737802,1135.8742301608097
2999,Sec13,204,1021.9467846368324,1134.0629282514656
3000,Emp1,39,1019.7818698934068,1065.4151806199734
3001,negative_control,1417,1021.95134161548,1065.5762843601904
3002,negative_control,1635,1020.9265175700074,1065.1214600159751
3003,Eef1g,28,1021.3261206666842,1163.125867241591
3004,Mtap,114,1023.1097468525757,1108.9693403842675
3005,Ly6e,81,1022.4744420641014,1020.485770291864
3006,negative_control,1004,1023.6733963936392,1021.8219152668933
3007,Eef1g,28,1023.8485476673792,1021.7012610771892
3008,negative_control,380,1024.7893897911188,1030.1790657440868
3009,negative_control,859,1024.5195233633472,1151.1528297930067
3010,Vim,261,1024.6208913530606,1139.559123550143
3011,Lmna,77,1025.2047984875092,1141.1924068485296
3012,Rab7,174,1024.988148933658,1116.6714866719203
3013,Psmd4,164,1026.107823366755,1088.0912398839955
3014,Pkm,144,1026.4559526310777,1050.8634803945629
3015,Fkbp4,44,1027.37811816595,1070.5848443351108
3016,Eef1g,28,1028.1529729534843,1071.9345721507473
3017,Eef1g,28,1031.4275882262573,1009.2487805609766
3018,Pa2g4,135,1031.3308953562937,1098.9048574651893
3019,Pkm,144,1031.52256349506,1077.674612514969
3020,negative_control,1873,1034.824450774447,1061.430499150486
3021,negative_control,701,1034.8603420897634,1026.714630346846
3022,Ybx1,263,1035.7975710074893,1135.0535108116574
3023,negative_control,1232,1034.3471637575751,1133.7588388194858
3024,Myh9,118,1033.5568066368771,1131.891295856755
3025,Vat1,259,1033.9277424790475,1134.4428024538693
3026,negative_control,1707,1036.1716639409194,1107.6980274663097
3027,negative_control,1304,1035.826234750909,1107.1003736340735
3028,negative_control,1755,1036.2954842228985,1107.238805995289
3029,Hspa8,62,1035.441932242794,1108.3881881731506
3030,negative_control,2060,1036.2758240862834,1118.4906317718662
3031,negative_control,971,1037.3275373317883,1096.849625051069
3032,Aco2,2,1038.176420962758,1045.7102013306362
3033,Eef1g,28,1037.758928193675,1046.7336192253165
3034,Mrfap1,89,1038.8750695826636,1013.2899573304436
3035,negative_control,495,1037.9785685440645,1013.2296675632564
3036,negative_control,1863,1038.1955018916497,1013.2467482421404
3037,Actn4,3,1039.5844007321425,1061.029361066311
3038,Arf1,6,1038.8220470898232,1061.1337266197577
3039,St13,220,1039.7917932267776,1036.1652180357332
3040,Tnfrsf1a,233,1040.7609741654414,1035.6058823171977
3041,Mrpl45,105,1039.0648819190117,1036.2054195670016
3042,negative_control,1714,1041.3556990698823,1035.1932543331295
3043,negative_control,370,1039.464772947747,1035.1412110899278
3044,negative_control,1639,1040.42539339246,1074.8685262282588
3045,negative_control,1101,1038.6362366050262,1075.0022269163112
3046,Ssr2,217,1039.94674493305,1075.9013930394976
3047,Ywhaz,268,1042.3170790705658,1016.433054296046
3048,Mrpl20,96,1044.248305238351,1034.7608781825188
3049,Ywhaz,268,1044.1586725288523,1108.8413674607243
3050,Eef1g,28,1045.6790715340735,1099.0362039898043
3051,Eef1g,28,1045.7814921419715,1113.1463731725366
3052,Rab7,174,1046.9379566257503,1122.9047567296286
3053,Pkm,144,1047.1759078426533,1107.765515842298
3054,negative_control,1224,1049.1611549024074,1094.730973489205
3055,negative_control,2032,1048.2261176626057,1094.4239479774874
3056,Mtch1,115,1047.137850985643,1093.153956295202
3057,Pkm,144,1047.4682175852724,1092.5469180027012
3058,Ugdh,255,1047.8788968885833,1094.758678482959
3059,negative_control,1408,1048.4950995609402,1094.223876263436
3060,negative_control,1789,1049.275560317488,1094.9146715649497
3061,Clta,15,1050.3599162452467,1093.0749516381886
3062,Pkm,144,1048.381691035012,1065.9488862164546
3063,Sf3b2,205,1047.783023326561,1046.4226660926454
3064,Hspa9,63,1047.1378633031852,1047.4910937072632
3065,Emp1,39,1047.503929938489,1046.5725942956983
3066,Emp1,39,1048.7948658204782,1027.3911269318437
3067,Tpm1,238,1050.9765804132128,1113.2927660398211
3068,Emp1,39,1052.4735825906266,1095.4060043462637
3069,negative_control,1349,1052.7132451173277,1095.4913981867649
3070,Rpl15,186,1053.0390732198334,1117.605220439685
3071,negative_control,1379,1052.4686217537053,1118.0710318583504
3072,Pkm,144,1053.271689356125,1117.8701570606988
3073,Actn4,3,1054.7545842392904,1120.5642130035678
3074,Stip1,221,1053.2101218834837,1119.356550493174
3075,negative_control,882,1053.845083559159,1118.4701044320364
3076,Hdgf,56,1055.9033742039571,1041.7798995787148
3077,Tpi1,237,1054.53934842212,1043.3629919246894
3078,Eef1g,28,1054.1409698096002,1042.7213815938617
3079,Tpm1,238,1056.2113453938532,1088.862303083568
3080,Ybx1,263,1056.696724783353,1035.6262648303502
3081,negative_control,377,1056.8912395177852,1037.180698786936
3082,Nedd4,126,1058.3517172484055,1036.9369720907223
3083,Ptbp1,167,1056.325715655027,1038.2545429776233
3084,Rbm3,182,1058.174714472653,1036.0850586128086
3085,Ywhaz,268,1058.7402815169664,1031.7299695502104
3086,Mrps25,108,1060.033751650472,1057.5520436634758
3087,Actn4,3,1059.9681330175474,1056.758275116455
3088,Eif3d,33,1060.4717590285336,1057.470275206472
3089,negative_control,1232,1059.7732839433793,1058.3583583154923
3090,Eef1g,28,1060.0037306038498,1102.811421439546
3091,negative_control,487,1060.781703535376,1101.8502703825766
3092,Eif4g2,38,1061.9898581800949,1096.3443541379315
3093,Sat1,200,1062.0748755302743,1096.7132857629513
3094,Psmd4,164,1062.7556292913314,1096.7348242787002
3095,Mmp14,87,1061.842082546549,1097.1299371682485
3096,negative_control,1766,1060.8027898366524,1077.8119006694865
3097,Psap,160,1059.5868787655393,1093.9000241560773
3098,Msn,112,1064.0844919557028,1059.1484690458196
3099,Rab5c,173,1063.7372492144916,1058.9292463418003
3100,Arf1,6,1064.608292733025,1059.4215665299057
3101,Eef1g,28,1063.2462394604836,1035.8756742176718
3102,negative_control,971,1064.4675298202842,1116.7093237949978
3103,Hspa8,62,1066.49688788713,1048.8539325381114
3104,Eef1g,28,1066.529770999865,1049.5880043213524
3105,Eef1g,28,1070.439979584848,1090.2249903268164
3106,Pkm,144,1069.9866080133045,1114.0559528518752
3107,Sae1,199,1068.8225343942,1110.1908522333258
3108,Cited2,13,1070.1551024013504,1110.4801868197255
3109,negative_control,826,1070.1208694339998,1068.3832615781018
3110,Eif4g2,38,1070.2250539138208,1068.7901833487442
3111,Actn4,3,1070.160846549534,1068.3513092138169
3112,negative_control,1520,1070.1084324730602,1098.275861626047
3113,negative_control,1249,1071.581999680109,1097.6661301960462
3114,negative_control,922,1071.9488036880746,1097.451956684639
3115,Ybx1,263,1071.2162737661963,1098.5737308028642
3116,Junb,71,1072.6019673772023,1097.7969146664643
3117,negative_control,721,1073.267337943665,1080.3797227328005
3118,Rab7,174,1076.1764811404869,1086.814497606002
3119,Vim,261,1076.0651641859351,1087.021981660246
3120,negative_control,673,1075.8274868885012,1086.6059898425478
3121,Pkm,144,1077.215606795913,1071.2502206994898
3122,negative_control,1186,1078.5959262121046,1103.1676473288553
3123,negative_control,321,1078.3876240757377,1047.758757224851
3124,Eef1g,28,1079.2182512771058,1055.4208394943666
3125,Eef1g,28,1080.6741959357196,1083.5247203688
3126,Plk2,147,1081.293260617027,1098.216800354026
3127,Hnrnpul1,60,1082.8227566174455,1052.609482621992
3128,Gpi1,52,1083.094873874828,1055.372829169043
3129,negative_control,852,1083.7201002028305,1055.205189174039
3130,Prrc2a,158,1083.1401267383785,1054.16505117901
3131,Ssrp1,219,1083.755973643364,1077.852909264595
3132,Txn2,248,1083.3756797381664,1077.9233985507858
3133,Cox7a2l,18,1085.2322769199448,1070.3890330803565
3134,negative_control,859,1086.606085215432,1060.4376093760775
3135,Eif3i,36,1086.2770104668375,1096.145657062334
3136,Vim,261,1086.3695205535496,1094.808052408387
3137,Emp1,39,1086.875490071087,1095.3034306646634
3138,negative_control,857,1087.884020435036,1064.846095590514
3139,negative_control,1673,1087.4092522499304,1103.006125834973
3140,Ubxn1,253,1086.9169608877346,1102.8076122045568
3141,Paics,137,1086.678050550122,1103.9515272076924
3142,negative_control,1617,1088.457847240012,1104.3811131110504
3143,Vim,261,1085.853336843802,1104.7736709403046
3144,negative_control,2044,1085.42742582665,1103.22564138404
3145,Ube2m,252,1089.813169432688,1057.7070480975483
3146,Hdgf,56,1091.3534950430185,1103.366220912244
3147,Clta,15,1090.7771698424303,1104.1544377465991
3148,Emp1,39,1091.8983647119103,1063.2304056748503
3149,Pkm,144,1092.917305623927,1095.6511823953465
3150,Eef1g,28,1095.0242009812378,1082.5862809274734
3151,Hdgf,56,1095.3567922190305,1063.305417908181
3152,Ybx1,263,1096.080653031246,1063.703968220212
3153,negative_control,1013,1097.6072847485575,1071.199085498709
3154,negative_control,1818,1095.8438967110735,1072.6307547281326
3155,Ywhaz,268,1099.1944973446325,1072.1090779360602
3156,negative_control,830,1097.2868630942523,1072.443931361508
3157,negative_control,1557,1096.9105309734814,1073.6327137312248
3158,Sfpq,206,1097.9890799426976,1085.6382861885666
3159,Vim,261,1096.9291460703253,1085.8849027466367
3160,negative_control,1668,1097.1188562846091,1086.9163373755264
3161,Cox7a2l,18,1098.6761793361352,1089.974561262801
3162,Mdh2,85,1102.1568420449903,1071.553415652592
3163,Cited2,13,1101.6089622451746,1068.819119614074
3164,St13,220,1102.6946112119929,1069.0707726277146
3165,Pkm,144,1104.6073066840972,1084.4970368868094
3166,Ube2m,252,1106.9477552537155,1065.5608450876907
3167,Eef1g,28,1108.262564387233,1093.2926910370086
3168,Ptbp1,167,1108.30979988928,1073.5734393902148
3169,Pkm,144,1112.500756363072,1073.9620612388376
3170,Pkm,144,1121.5981530916224,1102.3122945814218
3171,Eef1g,28,1137.7026441479693,1091.6730138535431
3172,Ube2m,252,1139.3892372008377,1100.6078214240192
3173,Pkm,144,1143.5981511249977,1098.152359219083
3174,Eef1g,28,1146.163599710358,1107.5280661864078
3175,Pkm,144,1146.506365482462,1091.2582162373296
3176,negative_control,540,1153.049001748985,1102.188802317799
3177,Tpm1,238,1152.8688738954925,1094.6095292890466
3178,Rab7,174,1165.2477640903576,1112.588991866311
3179,Vim,261,1170.5582728839272,1097.1864792801623
3180,negative_control,492,1168.9498681738314,1097.3090165396925
3181,Clta,15,1169.8365143198296,1098.2770514998874
3182,negative_control,1021,1168.7033323797514,1096.566865227498
3183,Hdgf,56,1168.3873148206874,1096.858540083674
3184,Eef1g,28,1192.8165663705363,1122.6597681513017
3185,Fus,47,1203.9394450594186,1108.6357492376014
3186,Vim,261,1203.6770268733844,1109.2647939873227
3187,Rpl18a,187,1203.042182754908,1108.9933611806468
3188,Pkm,144,1204.6118597930763,1126.2997239360968
3189,Pkm,144,1212.0870563890223,1134.7598680022995
3190,Pkm,144,1212.6585266505124,1110.8123027482277
3191,Lrrc59,79,1211.7158210196967,1110.996236453469
3192,negative_control,1480,1211.66698301518,1111.299111539613
3193,Pkm,144,1217.0004649115094,1119.2237425388412
3194,negative_control,459,1219.6556495597426,1113.858954894722
3195,Eef1g,28,1223.2610374271746,1136.0397963895707
3196,Pkm,144,1223.7850164564866,1125.74190950726
3197,Eef1g,28,1229.4739315263223,1115.278677165421
3198,Pkm,144,1240.079441736622,1125.113244982071
3199,Pkm,144,1243.225020015404,1130.9816056361556
3200,Pa2g4,135,1245.7862054968791,1145.5453299548722
3201,Ywhaz,268,1246.9068023723792,1135.0020407889742
3202,Pkm,144,1248.4222281855114,1140.7612119007465
3203,Tpm1,238,1249.9635727185423,1113.8653965986352
3204,Rab7,174,1251.6369734210446,1132.0885722535745
3205,Pkm,144,1253.2157498464005,1128.0832137950251
3206,Eef1g,28,1257.2556784853632,1113.381179812801
3207,Ywhaz,268,1266.6481638698265,1114.9004040214386
3208,Hspa9,63,1267.442370895754,1114.8601700236782
3209,Ppp2r1a,151,1266.1330514109236,1115.5313966419758
3210,Eif3i,36,1267.171641303693,1114.1690645243734
3211,Ehmt2,31,1271.3066100306166,1134.1473004040763
3212,Pkm,144,1269.447546485319,1134.3732251815345
3213,Tpm1,238,1271.95506454299,1116.3744145901785
3214,Eef1g,28,1272.717298807994,1135.46009458933
3215,Ywhaz,268,1273.3355396874404,1141.4145087795896
3216,Pa2g4,135,1272.7049940113477,1137.6418903382614
3217,Pkm,144,1275.2545877069638,1133.2547691954012
3218,Pa2g4,135,1281.079290508975,1134.1004889678902
3219,Puf60,171,1281.2317277708496,1115.8891735448206
3220,Vim,261,1280.2338240810896,1115.9864103800332
3221,Tpm1,238,1285.6483177335354,1120.6025012559485
3222,Ube2m,252,1288.287362959485,1129.764752910411
3223,Pkm,144,1289.5695412521318,1125.7430650132706
3224,Eef1g,28,1291.4471860610329,1137.7384446025508
3225,Pkm,144,1307.0041500920152,1124.9006595363314
3226,Eef1g,28,1308.425554184381,1132.348178477976
3227,Eef1g,28,1323.4769578221517,1134.633043205887
3228,Cct3,9,650.0969937283638,891.7425892985997
3229,Cct3,9,658.6308771598659,882.6114663268324
3230,Ptgs1,169,664.1203806296237,886.0002249741757
3231,Nedd4,126,691.4916696682591,912.6018510327016
3232,Nedd4,126,701.2623736806863,890.563708961798
3233,Uck2,254,703.9054393792787,878.777947881228
3234,Ugdh,255,725.7744913014517,883.817134898523
3235,Ptges3,168,736.1906019580613,882.2831611575523
3236,Cct3,9,739.8258162479353,931.452564127465
3237,Lamp1,74,761.7307145464099,916.6739743430294
3238,Cct3,9,763.9427969576589,820.9258514439844
3239,Nedd4,126,768.1431629327204,877.0507183703622
3240,Ptges3,168,769.3016590851678,929.7294425311692
3241,Nedd4,126,769.8819492850985,881.9143915627511
3242,negative_control,1946,771.1974989930699,855.0081887051672
3243,Hdgf,56,770.5995680892374,894.3591955930153
3244,Hnrnpk,59,770.0470005305563,893.9600082071004
3245,negative_control,1475,772.7774262730751,893.575829100202
3246,negative_control,916,768.6071183949819,893.6467028600216
3247,Gsto1,54,770.6243542426847,893.4751926295338
3248,Zyx,271,775.1093563098698,929.2538407425764
3249,negative_control,977,776.2871133746225,844.7752936889542
3250,Ptges3,168,777.1534901497382,875.1294841581685
3251,Cct5,10,777.9600580453728,814.6357921121107
3252,Ptgs2,170,778.1538228905736,814.8750284534756
3253,Nedd4,126,779.4907882182862,806.4917469152864
3254,negative_control,283,779.9430205767112,831.774442708735
3255,Ptges3,168,785.5027063767184,932.3835016218728
3256,Nedd4,126,785.3720748054914,805.7562086588962
3257,negative_control,982,795.2360362768636,792.1160786512727
3258,G3bp1,49,793.9331241737073,792.8611046191708
3259,Use1,258,794.9849572345993,792.0022280563951
3260,negative_control,426,794.9768232818535,792.3933338703483
3261,negative_control,283,798.4408872529415,889.6166210446703
3262,Ptges3,168,799.9061659822449,926.845242738822
3263,Nedd4,126,799.1134542291875,864.5846689058174
3264,Uck2,254,800.8681549561226,784.2354493475001
3265,Scarb1,201,804.4816155692124,869.2811801769652
3266,Vim,261,803.65007883039,868.7012180678609
3267,Psap,160,804.6190195599256,869.3776063700817
3268,Ckap4,14,805.3503443665916,870.2975946198353
3269,Csnk1a1,22,804.4036383483541,869.4971452761331
3270,negative_control,714,803.8105657377579,870.2325390894881
3271,negative_control,1757,803.338588035363,868.8769735847272
3272,Morf4l2,88,806.6836421726289,795.128165904257
3273,negative_control,870,805.5942257821835,795.8731978921423
3274,Zyx,271,805.8524876050774,839.775877869178
3275,Xdh,262,805.9731180603619,841.37198556379
3276,Nedd4,126,805.4112597319439,933.7170946575512
3277,negative_control,694,805.7645721197239,861.3838786860562
3278,Eif4g2,38,808.9775721622939,854.387117587342
3279,negative_control,834,807.3040839980547,855.5811677606326
3280,Myh9,118,807.5113096969468,855.4174882203135
3281,negative_control,1400,811.5353796051003,947.5993263548085
3282,Cnn2,16,811.0666673265589,814.3999064844693
3283,Ptges3,168,811.5362585593386,814.961244735521
3284,Fus,47,813.3295584915855,869.8089601515937
3285,Ergic1,41,813.5054418873627,869.9753509633247
3286,St13,220,816.8308673119832,953.272372456576
3287,Ugdh,255,818.8307458367844,881.3479202275265
3288,Ncl,121,820.2210419661143,888.3413413438
3289,Zyx,271,820.5855105851583,887.8139151889856
3290,negative_control,2019,821.5852756819689,869.2419301176262
3291,negative_control,1240,819.9940880380116,869.5389453122177
3292,Mrfap1,89,822.1212467484481,957.7497611876886
3293,negative_control,929,821.6286496530836,957.105433511956
3294,Ugdh,255,823.1489855633499,785.4435377235413
3295,Mrps2,107,823.9771085650556,840.5025432691075
3296,Cct3,9,823.4847844314629,862.2750845689194
3297,Cct3,9,824.0310864198534,808.8318234875659
3298,Cnn2,16,825.6617773846391,810.4653836069539
3299,Nedd4,126,823.6573854156587,947.3741788468516
3300,Actn4,3,823.6176083227172,855.0615198881821
3301,Vim,261,825.9666585291617,803.4429734527153
3302,Hspa8,62,826.3671098429171,804.0259264785316
3303,Lmna,77,827.021222855095,875.6852427383739
3304,Il1rl1,69,825.9424631321157,874.6412568271277
3305,Tubb5,246,828.0029585463915,876.0631238641176
3306,Cited2,13,826.0434922845607,885.4759228263247
3307,negative_control,284,827.3345006713251,887.0865554006273
3308,Cct3,9,828.5288262891177,786.5946125404575
3309,Nedd4,126,829.4900641013082,900.0992516261155
3310,Ptges3,168,830.9506878216378,880.6445184860941
3311,Uqcrc1,256,832.9915480349108,794.6809052081978
3312,Fxr1,48,832.3734374119384,816.5902823225251
3313,negative_control,1305,832.1373620261389,817.2325948513687
3314,Hnrnpk,59,830.7742052771167,817.3732692102947
3315,negative_control,970,832.3342072013581,816.5219510048005
3316,Tubb5,246,831.3901621672468,818.0483165445714
3317,Mrpl17,95,832.6906274498158,846.8677150674055
3318,Pgrmc1,143,833.1064234318953,811.532785666522
3319,Nedd4,126,833.4202585016285,811.4317221258594
3320,Ddx17,26,831.062914511478,959.2019919576346
3321,Vim,261,831.3347658638027,959.0097586929631
3322,Ptbp1,167,833.1105878982256,960.0858415919392
3323,Gas1,50,833.2480787060733,960.940270047543
3324,Rpl18a,187,831.6154456347459,958.8220001237208
3325,negative_control,922,834.8594290229904,879.7897673266643
3326,Cct3,9,834.8222312959505,794.5906792612014
3327,negative_control,694,835.3899570605688,862.8142021528141
3328,negative_control,1237,836.1398440854233,927.0850985115806
3329,Cct3,9,837.1493126044822,927.1659205944416
3330,Lrrc59,79,837.0725819806759,801.9591864531051
3331,Cs,20,837.4063745142594,801.2217279552221
3332,Rpl18a,187,838.229303643682,886.6026146771051
3333,negative_control,1473,837.4289709710323,886.3320225614651
3334,negative_control,929,837.7207392778439,886.8702848552274
3335,Ptgs1,169,840.8598973112744,843.5731674868363
3336,Ptbp1,167,841.4289931422697,841.2170555457677
3337,Loxl1,78,841.4170336233185,842.111969694641
3338,Ybx1,263,841.4624086808734,841.6005325911781
3339,Pdia4,141,841.1662239523451,842.0947508421569
3340,Rrp1,198,841.2559812189123,835.9280658819963
3341,negative_control,1511,844.1414532184442,928.6335909058452
3342,negative_control,1272,846.644314864583,897.6452856205359
3343,negative_control,300,846.6918082924574,981.9384639475632
3344,Nedd4,126,848.5526894033444,841.0922902879452
3345,Eif4b,37,849.159879241635,819.1956136351561
3346,negative_control,1861,848.9401090635426,820.6644743152096
3347,Ptges3,168,848.8614272699999,757.3061157102959
3348,Cct3,9,850.4772961644136,813.9998488294362
3349,Cct3,9,851.4959035934527,933.6511334701598
3350,negative_control,924,852.1977247004868,859.7090546907123
3351,Lrrc59,79,851.26870149399,859.7606709132663
3352,Ptges3,168,853.0199001681843,730.0969500373287
3353,Tnc,232,853.3006196106223,836.171364638334
3354,negative_control,611,854.0327916549007,835.4645633960547
3355,Ptges3,168,854.8870840804827,778.4564339803558
3356,Nedd4,126,854.6886155699669,803.5675951055875
3357,Mrps2,107,862.0375278611505,996.3452960031536
3358,Uck2,254,863.3720395823652,845.8789610944282
3359,Gas1,50,868.7337977477898,832.5057999670382
3360,Vim,261,868.2623429658887,828.9466009979355
3361,Vim,261,869.1845165607322,831.4195629679875
3362,Hspa8,62,867.8930750221525,829.8028654667122
3363,Nedd4,126,877.5013327938398,1013.5336878980388
3364,Nedd4,126,879.3536711165701,1033.6576818613648
3365,Ybx1,263,879.488089316714,882.5645365263802
3366,Nedd4,126,879.348728197457,882.7279370352252
3367,negative_control,2018,880.0061348938727,883.725724648883
3368,negative_control,1329,882.947990874436,887.0152899263715
3369,negative_control,1593,883.7437922693493,1007.7586760857416
3370,Nedd4,126,885.4016004929368,1034.4740365801172
3371,Nedd4,126,887.4974360803828,879.2608151940478
3372,Uck2,254,894.4431433992595,933.0109697521692
3373,Ptges3,168,900.9375159964044,884.6212992082221
3374,Nedd4,126,905.89572309731,998.0812083478254
3375,Uck2,254,911.4254799352266,980.6050538010322
3376,Gas1,50,918.128219872558,889.1986643164375
3377,negative_control,516,913.578659301754,889.6859891552507
3378,Eif3f,35,917.215229465514,889.3838180833454
3379,negative_control,376,913.4571769266222,888.8437261337623
3380,Fus,47,913.5809438398476,889.2781167820756
3381,Mrfap1,89,918.3693779799178,889.4665753986092
3382,negative_control,1226,914.7084720920832,889.0002996498656
3383,Loxl1,78,912.740860450782,888.6212613731313
3384,negative_control,1971,917.1147571119046,889.995973616513
3385,Cct3,9,913.3616414017064,914.3429202877584
3386,Il1rl1,69,924.9513226268724,897.5249800714232
3387,Vim,261,923.4326264717474,894.7913403000555
3388,Mdh2,85,925.519690158886,898.6861813907316
3389,Fgf7,43,926.9946251951144,899.956988371295
3390,Pdia6,142,924.521231737982,896.8717975779716
3391,Nedd4,126,925.2411169971896,1067.0926180086965
3392,Nedd4,126,929.0022471525284,925.198929790336
3393,Arpc2,7,939.0146518602425,1077.8556501946578
3394,Mrpl28,97,939.594280888822,1074.6509007300713
3395,negative_control,458,938.7759213092436,1077.3635328746027
3396,negative_control,1192,939.0736629958432,1076.7109205612014
3397,Rps15a,191,940.2136251121536,1076.4021246886737
3398,Vat1,259,946.316183869643,1076.8147243407218
3399,Cnn2,16,946.1550960140788,1076.4678822983522
3400,Hdgf,56,946.564889141012,1075.537921085131
3401,negative_control,1983,946.0993502646415,1060.5579290655617
3402,negative_control,1395,946.0195812758154,1061.1001118457252
3403,Psmc2,162,947.6305063456108,1060.3840924779329
3404,Cct3,9,946.8553406709884,1081.3470320376134
3405,Cct3,9,950.112577169856,1092.4679319694735
3406,Ugdh,255,954.9125960120576,1068.9919384009238
3407,Scarb1,201,959.157400619144,935.6035106779684
3408,Scarb1,201,959.9475494378383,1046.312837512129
3409,Csnk1a1,22,966.7709812192396,1017.7378198590908
3410,Ugdh,255,965.8201355225746,1017.5187800370318
3411,Ugdh,255,970.212679689366,1038.477392466968
3412,Ugdh,255,971.1516931392612,952.271880644032
3413,Ptges3,168,977.931959406298,1107.9264721140344
3414,Ptges3,168,979.0565883907082,1123.5211368372848
3415,negative_control,1052,982.2888858655838,1103.8286241552785
3416,negative_control,600,987.3903169892392,1106.6729300631614
3417,Ugdh,255,987.3528889627504,1309.6642057572387
3418,Nedd4,126,987.758792371292,1090.3780079578146
3419,Uck2,254,990.056722404917,1138.2162736418954
3420,negative_control,283,992.0861080114502,1125.196588950802
3421,Eif4g2,38,991.9816688438522,1086.0065966029729
3422,Polr2e,148,991.518180109984,1084.730838071535
3423,negative_control,922,992.6891973197296,1257.085843714856
3424,Lamp1,74,993.2603759105853,994.6430782386952
3425,Ptges3,168,995.5368068968957,968.5763966608628
3426,Hspd1,64,996.3683830944738,1110.3490055226555
3427,Arf1,6,996.2485669973572,1109.0869565867392
3428,Nedd4,126,996.2954592477624,1108.7265740601815
3429,negative_control,1156,998.3909371527534,1221.1838511276062
3430,Hspa8,62,999.0542103760878,1102.1131700055712
3431,negative_control,1840,998.618776774759,1102.0651780724222
3432,Nedd4,126,998.5160358275052,1205.732663532591
3433,Nedd4,126,999.1200939072012,1166.2457635430992
3434,negative_control,811,1000.0132001137356,1086.955460746354
3435,negative_control,934,1001.9716154254396,1020.2554154876682
3436,Ugdh,255,1003.0744362120348,1189.641514962958
3437,negative_control,1579,1003.4907293318726,1011.2895167519612
3438,Ptges3,168,1004.0127220723128,979.0200987966716
3439,negative_control,892,1003.477514271782,1128.9152840289053
3440,Pdha1,139,1005.4751429563142,1113.0050321564786
3441,Rpl18a,187,1004.9956841407264,1113.4712301915606
3442,negative_control,1978,1003.8795380757408,1113.2411926765576
3443,Ptges3,168,1005.2518769608246,1226.25324350978
3444,Ppp2r1a,151,1006.8504690306509,1185.430350097778
3445,Mrps2,107,1005.853888127244,1167.4673735217184
3446,Ptges3,168,1007.8484985791944,1208.093903448142
3447,negative_control,1241,1008.1351423147956,1129.8434803094228
3448,Cs,20,1008.7535025240076,1129.960728514532
3449,negative_control,379,1011.32851213435,1130.49223612708
3450,Nedd4,126,1008.2181681474452,985.6922078023994
3451,negative_control,964,1010.1600245904316,1118.0305298444346
3452,Nedd4,126,1011.7494190936025,1230.5565618511544
3453,negative_control,930,1012.2337036450716,1063.9084559684202
3454,Zyx,271,1012.022837009426,1164.799812098789
3455,Vim,261,1012.760601484311,1164.600775705963
3456,Cct3,9,1015.8909765439332,1086.467704613911
3457,Ptges3,168,1019.1837388950852,1135.3278832850633
3458,Nedd4,126,1019.045485043558,1158.69302268813
3459,negative_control,1946,1027.7051680688703,1141.2405387671386
3460,negative_control,810,1033.9930826781629,1053.8790395251656
3461,Cct3,9,1034.1022389778295,1071.2196713985204
3462,negative_control,1958,1034.6407877223303,1015.4013896201916
3463,Scarb1,201,1036.0624229121806,1066.210146188872
3464,Hspa8,62,1041.8084727070554,1067.1033465769842
3465,negative_control,1325,1041.7782677088107,1067.8850824888734
3466,negative_control,1868,1041.2938673590163,1066.911958100698
3467,negative_control,1693,1041.7755829742568,1067.2257286061715
3468,Ptges3,168,1041.5810623431476,1062.8592116652974
3469,negative_control,1047,1041.4165212982712,1126.238214467502
3470,Mbd3,84,1045.4562176527895,1050.776788773448
3471,negative_control,1474,1044.5133533392525,1051.4687661512326
3472,Mrfap1,89,1043.991873634379,1019.8755362612662
3473,Ubxn1,253,1043.8629896752836,1019.9626862870044
3474,Msn,112,1045.55798857385,1021.1235821824604
3475,negative_control,1579,1045.7239396344592,1021.3850228403264
3476,negative_control,664,1044.5013792400775,1020.6686411401485
3477,negative_control,1958,1048.709033545489,1073.893691838988
3478,Nedd4,126,1050.009664704014,1049.4349791080087
3479,negative_control,1475,1050.2191936182517,1097.9229470631033
3480,Uck2,254,1051.7766895183674,1122.2961929389742
3481,Ptges3,168,1055.856735668462,1030.067926585108
3482,Actn4,3,1059.2310486272836,1119.049077293566
3483,Npc2,128,1058.249531362858,1117.4396613340368
3484,Mrpl28,97,1060.5487201688468,1117.5778616585392
3485,negative_control,1237,1059.4484371873127,1117.2601245907715
3486,Mbd3,84,1056.522315845889,1118.4566852430703
3487,Hspa8,62,1057.398727198067,1117.0327280660645
3488,Cct3,9,1062.6516894561632,1039.888549657136
3489,negative_control,1178,1063.9554892955875,1089.391295024917
3490,Hspa8,62,1064.3811022774237,1089.288442260707
3491,Ddx17,26,1067.4963811530963,1064.6898703852603
3492,negative_control,936,1066.2512221657726,1064.387531318218
3493,Rnf11,185,1068.0272348424287,1064.6427906842175
3494,Ugdh,255,1069.0616072742157,1042.8788413243751
3495,Ptges3,168,1069.6881557700308,1113.0058444189913
3496,Nedd4,126,1070.8111006231186,1045.0994126264031
3497,Vim,261,1072.024556680559,1045.5296144551055
3498,Nedd4,126,1074.5824816364748,1056.7691836403828
3499,Ptges3,168,1076.26045354349,1097.153902896275
3500,Mdh2,85,1077.3994862771,1096.107385134735
3501,negative_control,694,1082.07544494357,1103.236344524264
3502,Zyx,271,1085.9873830822717,1082.5993839537573
3503,negative_control,1441,1085.5080762549342,1080.5805476511202
3504,negative_control,707,1085.0774930861776,1080.9812653614044
3505,negative_control,1426,1082.9259844341427,1082.995830465091
3506,Ugdh,255,1084.0693015086088,1080.8748305569347
3507,negative_control,1154,1084.6683323715256,1081.0932518487923
3508,Ddx17,26,1083.5475892280165,1081.7197897154242
3509,Ndufs8,123,1083.75597141967,1081.254564929416
3510,negative_control,952,1084.397662957789,1082.2108672613242
3511,Vim,261,1084.997482194938,1053.0570726440997
3512,Mbd3,84,1085.927818595187,1053.6124992077885
3513,negative_control,600,1087.0043260820282,1075.8169839168322
3514,Cct3,9,1090.473111580784,1070.5288403439731
3515,Nr2f2,129,1097.9270002520846,1070.8977081828416
3516,negative_control,470,1098.0426873039855,1070.5046581338377
3517,Lmna,77,1102.2924314346333,1087.1444788388044
3518,negative_control,421,1102.6032580680082,1088.1589185105456
3519,Cct3,9,1103.5755135960137,1094.5219147104715
3520,Ptges3,168,1121.0017878843964,1081.4138881463434
3521,Hspa8,62,1120.4012256826372,1095.5564462791122
3522,Ugdh,255,1127.209401212457,1080.7240408700036
3523,Ugdh,255,1140.5822784824363,1094.26907283908
3524,Cct3,9,1179.144942680519,1105.4196128013148
3525,Ptges3,168,1219.301374122856,1110.9337317576883
3526,Hnrnpul1,60,1251.4511629971298,1130.168925907325
3527,Gpi1,52,1253.7548168931908,1129.3661262791784
3528,Sfpq,206,1252.8063080177635,1128.857597726831
3529,Ncl,121,1251.6723486778292,1128.8222436844524
3530,Cct3,9,1254.4277927001149,1128.2895036251196
3531,Nedd4,126,1271.1022015299725,1116.1202796617413
3532,Raly,177,1278.6429132441174,1115.4567320892318
3533,Ehmt2,31,1279.6045191155897,1114.9155707767577
3534,Ncl,121,1279.8267286896305,1114.3689437544783
3535,Cnn2,16,1277.9126303373064,1116.7091597220913
3536,negative_control,1435,1279.4798671956532,1117.6231236288252
3537,Polr2e,148,1279.9499769774388,1117.7096389141752
3538,Uck2,254,1292.555041749891,1113.3974333919325
3539,Ptges3,168,1299.2944357411488,1134.9826935434412
3540,Uqcrq,257,625.2827527689711,897.853060103443
3541,Tubb5,246,651.040001969486,900.0785399019455
3542,Eif3e,34,665.9702629999842,874.906573783621
3543,Eif3e,34,704.2580837647681,889.2069426574569
3544,Eif3e,34,730.8650658410353,883.4753671872153
3545,Eif3e,34,733.647448176904,792.3821727861953
3546,Got2,51,733.6021881144349,912.7107542917232
3547,Arpc2,7,738.6945881910664,931.1173802015824
3548,Tcf25,226,740.8396156352792,877.5182585413661
3549,Uba1,250,740.7120361787375,877.4370482255715
3550,U2af2,249,744.4651201241685,895.5677940376602
3551,Uqcrq,257,744.7418502961898,884.3730717336229
3552,Gas1,50,744.0929360897778,914.1067590313012
3553,Uqcrq,257,745.4965388982324,795.7083228926592
3554,negative_control,1521,757.2828700512725,873.4404238405084
3555,negative_control,1138,757.1348645840136,872.9360579068914
3556,Rcc2,183,756.6919741535058,874.460082934629
3557,Rrp1,198,759.1559730471733,917.6012895194592
3558,U2af2,249,758.8838959547422,917.613376735614
3559,negative_control,1457,760.1518747186001,917.9942809121736
3560,Vim,261,760.0277754323657,917.3017479723557
3561,Arpc2,7,761.6598174246624,866.7305626424271
3562,Vim,261,762.1640350924814,866.4900416654601
3563,Gas1,50,767.1961849648619,887.5989903003187
3564,Arpc2,7,767.2426660614094,858.097498860664
3565,U2af2,249,771.793720695562,936.2860855742584
3566,Got2,51,774.3849318637103,902.9522548025144
3567,Arpc2,7,775.3721433624011,910.25696843987
3568,negative_control,1987,775.7429150190995,910.7707744711048
3569,Uqcrq,257,777.7069169780352,856.3245434287954
3570,Arpc2,7,777.9373765610987,913.919551128223
3571,Eif3e,34,778.4121298681255,783.1082132451928
3572,Gas1,50,781.0836705128594,905.9300820755948
3573,Got2,51,782.173045597266,791.3728055826045
3574,Vim,261,785.586745271175,925.2185137466156
3575,U2af2,249,785.4514558916946,931.3468288629954
3576,Got2,51,786.382485202739,861.7165430416671
3577,Snx5,212,785.7231223402644,918.6930536743572
3578,U2af2,249,786.0958817347122,920.7054026036308
3579,Cited2,13,787.8500988707168,808.9643102134869
3580,negative_control,1145,787.5758920295623,834.8215869653253
3581,U2af2,249,787.0644361674046,916.5766753109592
3582,Prkcsh,152,790.741835851146,926.1270779824282
3583,Arpc2,7,792.4451281351173,823.3939214475048
3584,Gas1,50,794.8501318362689,834.6064749733061
3585,Uqcrq,257,795.6340837337281,845.2344437015829
3586,Uqcrq,257,796.0235853062733,789.8498892651725
3587,Gas1,50,799.0990039421587,856.6236591760747
3588,U2af2,249,799.5332910483255,847.110380967918
3589,Ncl,121,799.513043877959,816.472538070833
3590,Rab5c,173,797.7897963542393,815.1079445230313
3591,Ybx1,263,799.7388307404818,816.0582741093111
3592,U2af2,249,805.2513232776392,863.8503593860407
3593,Gas1,50,805.0383461226022,849.8302537957179
3594,Ptgs1,169,808.6958673988748,847.4624304211454
3595,Ctbp1,24,807.0896831341805,846.6465141611864
3596,Myh9,118,810.046375974462,930.9775683875176
3597,negative_control,1811,816.3819868643046,915.6577012417628
3598,Vim,261,816.1960750807729,914.3015577315252
3599,Kars,72,815.7083687682555,913.467631032924
3600,Ybx1,263,815.695046107552,918.0285387732494
3601,Vat1,259,816.8170292675013,913.5708841043436
3602,negative_control,1723,818.1524670824964,913.1335536161912
3603,Loxl1,78,815.5489131083494,914.5079329655327
3604,U2af2,249,815.1345485558793,853.9417770480684
3605,Pdia6,142,816.3549872441348,870.0917284253115
3606,Psmd4,164,816.4109499517006,869.6471002252993
3607,Fkbp8,45,816.327926094416,869.3448893870946
3608,U2af2,249,817.9657303279201,947.3081539050864
3609,Pdia3,140,820.036398994124,882.0553748033265
3610,Pcdhgc3,138,819.412383357005,883.0978286865095
3611,Prkcsh,152,817.858862771598,881.9887025774924
3612,Myh9,118,819.0143631577922,882.6308905856174
3613,Got2,51,819.140564345032,796.9980375023317
3614,Gas1,50,819.3965555964501,939.7695605445742
3615,Pdia6,142,820.5588752094412,869.8867530373697
3616,Gas1,50,822.204328627369,822.6371008032309
3617,Rpl18a,187,825.2053078520953,922.4968773881016
3618,negative_control,1364,825.2499846550729,878.8989286894227
3619,Tubb5,246,824.9608624693394,880.2103217233919
3620,U2af2,249,825.1068359863991,805.964079106479
3621,Tubb5,246,826.2203956379515,959.3344612578488
3622,Gas1,50,826.0929906151744,937.5672111878222
3623,negative_control,841,826.0829603862951,844.1522057656305
3624,Prkcsh,152,831.0470000783828,843.6340846645987
3625,U2af2,249,831.4850345927928,804.2935667133335
3626,Eif3e,34,831.9242559800285,824.5517781743285
3627,negative_control,830,833.2737754769349,909.396375070591
3628,U2af2,249,834.3373185850198,793.8602110744216
3629,Eif3e,34,834.227459725459,884.1327058104382
3630,Eif4g2,38,835.6130110166397,931.846197254042
3631,Gas1,50,835.895351549107,931.6660599071342
3632,Ybx1,263,836.931910714145,931.1368599942662
3633,negative_control,1734,836.2197543497314,931.7079918125952
3634,Got2,51,836.0008735422033,943.6655145934056
3635,Gas1,50,836.863569285678,825.5810847694511
3636,Got2,51,836.7448991108067,811.117489250173
3637,U2af2,249,839.8879674822588,805.4234492431414
3638,negative_control,1236,839.9993476471918,828.1310301868314
3639,Arpc2,7,840.2570220042236,886.9341827783256
3640,Hdgf,56,840.1554866361455,888.200420747876
3641,Tmbim6,230,842.502291390192,929.5959044827767
3642,Gas1,50,843.1124499128384,928.686906697674
3643,Tcf25,226,842.1101429298508,969.71179823214
3644,Tcf25,226,844.811170544474,832.9122052279331
3645,Gas1,50,845.5159505939866,825.2931276165002
3646,Eif4g2,38,844.6879800587918,826.8541989760021
3647,U2af2,249,845.8303944381794,866.8905592232654
3648,Pdia6,142,846.3060920248331,879.7793686104907
3649,Gas1,50,846.5697807071479,957.9343227449
3650,Hmgcs1,58,848.1590521845354,871.5591151704041
3651,Pdia6,142,849.436065192677,896.2971502935638
3652,negative_control,1271,849.8378596554162,906.8043961780112
3653,Got2,51,851.8729705359328,901.3110532641076
3654,Got2,51,852.0873505526464,878.64901688239
3655,Got2,51,852.9562347334266,992.9818336153156
3656,Pdia6,142,856.5184932239764,884.4672256283002
3657,Pdia6,142,857.5127003921455,986.9066938991662
3658,U2af2,249,857.1469851282836,936.7286104412532
3659,U2af2,249,858.4697814730145,928.4308863412888
3660,Tmbim6,230,858.7013002879734,852.091736866571
3661,negative_control,995,859.7438402149181,852.6805723323464
3662,Uqcrq,257,860.4576905462116,846.083025207868
3663,Mmd,86,860.3703667101181,816.1676869800726
3664,Pdia6,142,860.6397665603954,925.3624577003228
3665,Fkbp8,45,860.6335876408733,835.1929177914004
3666,negative_control,1071,860.4608829476919,833.7244106411854
3667,negative_control,1787,867.4161106200294,846.3633745544097
3668,Aco2,2,867.1969255001205,844.9496746533518
3669,Laptm4a,76,867.9032927055786,844.9608214525407
3670,Stip1,221,867.3369112176221,840.1740521682495
3671,Gas1,50,874.5690194472295,845.5504476324502
3672,Arpc2,7,875.4351368475609,899.1539702059986
3673,Pdia6,142,877.2972484016155,949.4144441840768
3674,negative_control,1143,876.865847658384,913.254823830524
3675,negative_control,785,879.8561968922129,1030.2026429971063
3676,Rpl15,186,878.7977602309313,1030.185022274734
3677,negative_control,1236,879.3288599898885,1030.855815671374
3678,negative_control,1008,879.5054361964574,1029.8789849852062
3679,Mdh2,85,878.8331363967524,1032.556069018159
3680,U2af2,249,882.8241018055813,940.9690917786008
3681,Pdia6,142,885.5225452352662,890.7557954163042
3682,negative_control,1330,885.1725884266957,870.5718579959068
3683,negative_control,983,885.1993286796527,871.4743760198601
3684,Pdia6,142,886.9672319230694,885.4500446026303
3685,Oaf,133,886.9595814414154,886.6308218587149
3686,Gas1,50,888.1658678296897,861.1413139002353
3687,Prkcsh,152,888.0134071526539,876.3387858587902
3688,Pdia6,142,887.7150062823488,869.0831869329207
3689,Eif3e,34,890.981554584541,901.5025658376464
3690,Ctbp1,24,893.6328701805082,1005.5917994744452
3691,Tcf25,226,893.7385362014372,1005.341901336477
3692,Oaf,133,892.8113569109086,919.6382520740544
3693,Thy1,228,892.7404536980246,918.8922883330856
3694,U2af2,249,895.418728619435,1001.7965483314778
3695,Eif3e,34,894.3886191776559,875.6180347387783
3696,Pdia6,142,897.2841360461317,877.5585690621797
3697,Gas1,50,898.5608815900265,872.8288835493894
3698,Gas1,50,899.9480367888015,963.2125195543176
3699,Gas1,50,899.826660180461,870.7240698603134
3700,negative_control,1008,899.2507835547067,870.0425235237194
3701,Prkcsh,152,901.8369959535772,891.6073244450693
3702,U2af2,249,902.421325884626,991.4168043240916
3703,Got2,51,903.0425747432264,1029.4693351939625
3704,Loxl1,78,903.5771746682426,879.3330471615272
3705,negative_control,797,905.7181652169318,887.3748732442269
3706,Gas1,50,907.659312051684,1051.2333881401175
3707,Eif3e,34,908.1222371251512,913.0243670853632
3708,Gas1,50,908.6290402245116,904.5153952235124
3709,Rps15a,191,908.2116907041028,904.5592597843264
3710,Arpc2,7,911.1310863565766,1048.801566333677
3711,Gas1,50,910.8732820867522,978.1155891438118
3712,Gas1,50,911.8584035091644,885.5768861113652
3713,U2af2,249,913.7369528816474,953.0195916976515
3714,U2af2,249,927.2414897723072,1048.4930145305902
3715,U2af2,249,936.8504415554988,1003.8216365119792
3716,Malat1,83,937.2952966616778,995.210386563648
3717,Polr2m,149,936.4854857001231,995.2328759140512
3718,negative_control,1300,935.7353769412696,995.6815174745866
3719,Gas1,50,942.351861479446,1068.8000494350615
3720,U2af2,249,943.2013199976878,989.6291138674516
3721,U2af2,249,946.1591381387854,1039.045991662878
3722,Puf60,171,946.4513005715098,995.0260434587838
3723,Uqcrq,257,946.3507384625492,995.3905547100114
3724,U2af2,249,946.744706900409,966.254161499278
3725,negative_control,1132,947.1446705495408,1063.1807777562408
3726,Malat1,83,948.8012678932438,985.511622619034
3727,Gas1,50,948.3157546406414,1011.1480565437536
3728,U2af2,249,953.5081892961422,935.5170506384468
3729,Mta1,113,956.9369381318528,956.6204211263724
3730,U2af2,249,956.9306086074358,954.3237880516524
3731,Gas1,50,959.7367600478356,976.2579892349602
3732,Pdia6,142,961.8228209080838,1031.0405308522645
3733,Arpc2,7,963.841507656338,961.3749447410784
3734,Gas1,50,965.8401402492956,1033.3647101921797
3735,Arpc2,7,967.121525562056,1076.957272149982
3736,Vim,261,966.9651515689898,1047.4551729258117
3737,Rbm3,182,966.3341185622826,1047.7528248510366
3738,Got2,51,967.0211593671622,1051.4944694615444
3739,Pdia6,142,968.5703820991988,1070.4665971856243
3740,Timp2,229,968.711815397378,1071.0957845814548
3741,Ehmt2,31,968.0947920413736,1070.272445594985
3742,U2af2,249,969.0745748931716,1004.376645663142
3743,Cct5,10,969.8796192900222,1091.0560806002038
3744,Tcf25,226,972.8304750955366,987.0557889461404
3745,U2af2,249,974.999874755262,1032.871800774944
3746,Prkcsh,152,978.7638613237192,1045.7220998069984
3747,Pdia6,142,978.233771880945,1081.2980335174225
3748,Got2,51,984.2598630420098,1258.8450082044114
3749,Pafah1b3,136,987.8698578655864,953.9089429733276
3750,U2af2,249,987.8145489662407,1317.9102878260323
3751,Eif3e,34,987.7107109036148,1114.182444606384
3752,negative_control,1859,989.1470552159378,1156.4190509676257
3753,Got2,51,989.331855449169,1223.2453545363535
3754,Grina,53,993.513374083646,998.6626179460312
3755,Got2,51,994.4261172557168,1049.5808767932635
3756,negative_control,1146,993.1828117298968,1139.782977016181
3757,Ppp2r1a,151,993.63907324027,1084.5032671073698
3758,Psap,160,992.7782669839185,1058.3280264061218
3759,Gpi1,52,995.8089032844778,1029.6563549319376
3760,Gas1,50,996.0374531725976,990.9309634268328
3761,Pdia6,142,996.4710793799944,1034.0443425274393
3762,Lmna,77,996.057072686634,1259.6220519695478
3763,Mbd3,84,997.0551455990152,1070.5024373644335
3764,Tnc,232,997.087075861293,1070.1130084633703
3765,Got2,51,998.7326289871246,1024.1368040344405
3766,Got2,51,1000.3141505316996,1014.2128602127884
3767,Prkcsh,152,1002.096096929222,1074.1315023511936
3768,Tcf25,226,1001.6706264696016,995.8069981982444
3769,Lamp2,75,1002.5666144000554,994.6141223461156
3770,Uqcrq,257,1002.5058927312424,1216.0056971234033
3771,Vim,261,1001.5562453972526,1187.5125319962735
3772,Eif3e,34,1002.6973114294144,1186.8477144280364
3773,Ubxn1,253,1001.3508019695014,1186.884286244523
3774,Pla2g4a,145,1001.7801424025032,1186.3600748871402
3775,Lrrc59,79,1002.2529454998562,1185.4781263448374
3776,U2af2,249,1004.0282830421248,1199.5932698961649
3777,U2af2,249,1004.1528798920656,1134.1311217974614
3778,U2af2,249,1006.3038031888026,1168.9545106070516
3779,Gsto1,54,1006.063110443855,1173.7809721986955
3780,Uqcrq,257,1008.6830695433551,1047.0964307177674
3781,Tcf25,226,1008.2203743404008,1174.5311862502429
3782,Gas1,50,1008.8719470073584,1021.1029929241564
3783,Got2,51,1009.3050565536748,1113.9698195181315
3784,Cnn2,16,1010.438644220852,1113.6934412724013
3785,Psma7,161,1009.9740136893928,1112.7186713112903
3786,Got2,51,1011.1566997420452,1105.6775595345264
3787,Ndufv1,124,1012.087882713038,1105.571755373095
3788,Gas1,50,1011.9232214590028,1048.5906403122085
3789,Jun,70,1011.3170314564396,1048.414189336031
3790,negative_control,1503,1013.8009286510844,1055.9616441965602
3791,negative_control,1432,1011.9052013981762,1052.2077668657537
3792,negative_control,1141,1012.0002744840884,1054.1472502472193
3793,Mrpl43,103,1011.7850065445546,1090.177927579041
3794,negative_control,1005,1012.1421975529108,1090.8089806282564
3795,Pdia6,142,1012.2376272742586,1090.0948546491356
3796,negative_control,1865,1011.1187831522248,1018.9647202636968
3797,negative_control,695,1012.9826912255083,1019.8016996649984
3798,Got2,51,1014.877241141022,1095.488722398857
3799,Il1rl1,69,1013.8389434783426,995.4381580709252
3800,Ncl,121,1013.363728614304,995.0633971457752
3801,negative_control,564,1015.3520862586404,995.109064193395
3802,Lrrc59,79,1014.9968102488856,996.2741284872694
3803,Cited2,13,1014.4446476104566,994.956664138126
3804,Tubb5,246,1012.2179060022446,995.20914619294
3805,Nap1l1,120,1013.660199909778,996.5178736048993
3806,negative_control,983,1015.6819752428752,1007.2748846235266
3807,negative_control,590,1016.3027718220744,1114.1800708715325
3808,Csnk2b,23,1017.5747628793708,1013.6738769786498
3809,negative_control,772,1017.1456020246612,1013.8449198940988
3810,negative_control,2016,1017.2065082599628,1014.1851799362884
3811,Igfbp6,68,1016.2989208151812,1014.7960975516684
3812,U2af2,249,1017.2721077086472,994.2269115950224
3813,Tcf25,226,1020.915555570049,1124.50988069013
3814,Trap1,240,1022.0023698957316,1126.765294872041
3815,Rcc2,183,1023.3438060677532,1126.7215950189416
3816,negative_control,590,1021.7864630583408,1126.5247539811148
3817,U2af2,249,1025.227222593017,1028.1196843298908
3818,Got2,51,1024.920619834657,1147.4108872134643
3819,Gas1,50,1025.999015703895,1049.4009034080616
3820,negative_control,514,1029.1795556906022,1035.3537558706275
3821,Prkcsh,152,1031.685998340142,1045.598826810015
3822,Ptbp1,167,1032.52081195111,1104.4864534370204
3823,negative_control,1119,1032.4409308350985,1111.6147072080885
3824,Gsto1,54,1034.3493712450247,1128.4878326586927
3825,negative_control,830,1032.8247547206583,1127.4600995611
3826,Mtap,114,1034.960801995001,1128.3533397700496
3827,Lmna,77,1036.6430444587347,1067.8426801897688
3828,Got2,51,1043.9185703482974,1076.2656581618876
3829,Uqcrq,257,1046.9222528708258,1039.9012553463244
3830,Got2,51,1048.0703371778293,1081.4712963159377
3831,Got2,51,1050.0995013986517,1107.3924265234523
3832,Gas1,50,1051.7689688717094,1097.465299469916
3833,Hdgf,56,1053.8008373721586,1060.501543742507
3834,Hnrnpk,59,1053.795319642112,1060.666957174342
3835,negative_control,1611,1053.5131879905518,1060.8680995532532
3836,U2af2,249,1053.2235398662096,1064.7675455273238
3837,Thy1,228,1055.4932843505703,1093.734059394051
3838,Gas1,50,1056.4520417213844,1116.128197109084
3839,Csnk2b,23,1056.2057754745815,1115.606484320996
3840,U2af2,249,1058.157894242344,1075.7778263072069
3841,Got2,51,1064.2785245559785,1077.333495076419
3842,U2af2,249,1064.3493217919793,1070.6233669079038
3843,Mbd3,84,1066.448433080902,1106.0388279032816
3844,U2af2,249,1068.027709196027,1105.0358758005414
3845,Timp2,229,1067.25562565153,1105.5692108007404
3846,Tmed9,231,1067.2210119711249,1104.742223448996
3847,Got2,51,1070.2559620791685,1104.6316818190544
3848,negative_control,579,1066.9128052659823,1105.393926454523
3849,Got2,51,1067.9277883033851,1084.8687080274292
3850,U2af2,249,1068.7981128004792,1052.7659880463648
3851,Got2,51,1073.755031502179,1080.184606701654
3852,Gas1,50,1073.887490972822,1044.6561847522687
3853,U2af2,249,1074.6658541585846,1098.8358794661328
3854,negative_control,1191,1074.7001408311444,1099.5921217699029
3855,negative_control,637,1076.501013445533,1099.2347582063926
3856,negative_control,1449,1075.9685230567388,1100.0107637072615
3857,U2af2,249,1077.222529649547,1081.899332165659
3858,Arpc2,7,1076.9667942813371,1062.7681797698913
3859,negative_control,1859,1077.70573421197,1051.403970613001
3860,negative_control,325,1077.525108498564,1076.6764576899936
3861,negative_control,2054,1077.6758743894572,1077.0234393721855
3862,negative_control,304,1077.29247327686,1077.304339573653
3863,negative_control,1068,1076.8492622230228,1076.973433397298
3864,negative_control,1260,1078.1439646656795,1076.3916801345486
3865,Arpc2,7,1088.8919271677596,1067.4388454674863
3866,Gas1,50,1094.9001153420368,1070.452358151757
3867,Gas1,50,1094.476848637801,1097.230876647904
3868,negative_control,996,1092.1598272723054,1098.2321285108185
3869,Zyx,271,1113.2357643591165,1078.194187610326
3870,Tcf25,226,1113.2374529723986,1077.3291907328148
3871,Gas1,50,1124.94525681729,1093.8316245587755
3872,negative_control,1952,1125.5527115336608,1084.7808563066374
3873,U2af2,249,1135.019636681017,1102.1189447730835
3874,Ehmt2,31,1144.581715101812,1102.3261701523236
3875,Prrc2a,158,1143.7898506970755,1103.3387449255297
3876,Tcf25,226,1196.1128596912708,1127.2740759024516
3877,Got2,51,1206.5995933351553,1113.8634752640014
3878,Got2,51,1239.315977729483,1110.1503684566417
3879,Uqcrq,257,1246.323148095797,1132.6279674653454
3880,Uqcrq,257,1251.5999434668388,1137.9374401949317
3881,Arpc2,7,1261.9739820679586,1117.4376295460193
3882,U2af2,249,1290.0749252326968,1135.2297647575938
3883,Tcf25,226,1296.167157347704,1122.781472454672
3884,Eif3e,34,1297.578821745497,1129.3347134237474
3885,Ehmt2,31,621.7633991332416,896.7964273832547
3886,Mtap,114,642.3431368078888,897.4497182458103
3887,G3bp1,49,644.144315482366,887.3885483772331
3888,Eif3i,36,650.9041794780888,889.9938209380707
3889,Lmna,77,654.7734888707525,894.2833279211319
3890,Maged1,82,657.2340505674349,889.8919432317995
3891,Cited2,13,656.397718799645,890.6016740620796
3892,Slc38a2,209,660.7699660095891,893.0827356275524
3893,Eif4b,37,661.207043358943,881.4330880916887
3894,Tpi1,237,661.9367979298128,873.8778906020783
3895,Eif4b,37,662.256201633734,896.021797732834
3896,Eif4b,37,666.6651393547168,891.1144407523215
3897,Sdhc,203,678.9682360257328,887.6148745483828
3898,Eif3i,36,691.6538397558792,913.6441014280958
3899,Eif4b,37,701.8867436037481,870.3508401254638
3900,Mtap,114,722.5498838134208,904.1162938499912
3901,Eif3i,36,722.6352158383633,872.0933631148885
3902,Mtap,114,723.8873589868833,915.36878374273
3903,Ehmt2,31,724.8441470753318,791.2972788580005
3904,Eif4b,37,729.0523679534388,790.209342843259
3905,Igfbp6,68,729.3646053997063,904.1473317730226
3906,Mtap,114,731.4150039978368,775.2018056257664
3907,Eif4b,37,737.6993188726314,933.3344320672804
3908,Tpi1,237,737.7155000662588,871.9565848933075
3909,Eif3i,36,738.8674683027766,915.4259456657412
3910,Eif4b,37,743.7005686795337,881.999626712832
3911,Vim,261,743.7027559337766,888.6606258542294
3912,Snx5,212,743.8136005479167,887.2590756648339
3913,Paics,137,746.8519596565285,907.775386413222
3914,Tpi1,237,747.1490901131694,930.66656466634
3915,Ehmt2,31,748.4363458200773,768.1974580921021
3916,Igfbp6,68,753.7487203010884,930.0166579668728
3917,Eif4b,37,754.0325421425698,802.6962766881461
3918,Eif4b,37,756.6698037337505,886.0207931995408
3919,Ybx1,263,759.5536433966898,923.6762234939582
3920,Mtap,114,760.6807281360973,922.5535788400016
3921,Tpi1,237,762.0837893074645,897.728767387636
3922,Trim28,241,766.014262894312,883.4555096679993
3923,Tpi1,237,766.584567807114,840.0282115523147
3924,Eif3i,36,768.3325928921741,822.6333631124833
3925,Mtap,114,767.946390305015,831.349461948429
3926,Mtap,114,769.2037649602123,891.2073096902858
3927,Tpi1,237,768.8185555013293,870.3045266649381
3928,Tpi1,237,772.2430363341016,826.984215772777
3929,Rps15a,191,772.2065964179437,873.799283880057
3930,Mtap,114,771.8003729766687,870.7419037594027
3931,Eif4b,37,772.6351683610326,888.7809221722484
3932,Oxct1,134,772.2706247156913,887.6703214211377
3933,Mrpl12,92,771.1837881194275,888.8110204182523
3934,negative_control,1213,773.0318239476628,881.4197080876625
3935,Sdhc,203,773.2627118896245,853.1545051962736
3936,negative_control,1461,774.0946649749937,906.2182379890652
3937,Igfbp6,68,775.4143995160866,902.6126137986442
3938,Lmna,77,776.6177029416433,904.3356240432838
3939,Timp2,229,776.3584140952303,904.2685917994916
3940,Mtap,114,776.7665244444917,872.4926821637523
3941,Ercc1,40,778.4814117626731,936.6539414146292
3942,Vim,261,778.432359528792,934.391826070946
3943,negative_control,1364,779.4366407241055,934.8824205728918
3944,negative_control,1734,778.2446446214503,934.9697266480896
3945,Csnk2b,23,778.7083304968069,936.375228628211
3946,Eif3a,32,780.4302768784808,861.845107543359
3947,Eif3i,36,783.8165663484151,851.0118676975062
3948,Tpi1,237,784.6102691480907,859.5274682949546
3949,Zyx,271,784.5098532813917,882.9138823509238
3950,Mtap,114,784.8342262455295,884.1044855628417
3951,Ywhae,264,784.3126455615367,883.323540707018
3952,Eif4b,37,785.0234436152248,914.9370508570706
3953,Ybx1,263,786.9998294172751,908.3286679210796
3954,Fkbp9,46,788.52275252037,911.2306320763836
3955,Eif4g2,38,787.3443638600595,909.6737625732246
3956,Igfbp6,68,786.6179493231976,877.1736516610333
3957,negative_control,875,786.3649756449311,877.2222009447203
3958,Tpi1,237,786.6846206306616,803.081080893648
3959,Rpl15,186,786.1686671617745,803.9962826140536
3960,Eif3i,36,787.8240708962123,833.2738493541549
3961,Tubb5,246,787.2399458885509,866.2979607924527
3962,negative_control,1221,787.0196764659618,867.7290998282533
3963,Eif3i,36,787.6914926809504,942.6547303252588
3964,Mtap,114,790.2753083827946,831.3850217885047
3965,Eif4b,37,790.0163780512588,868.3617780277413
3966,Slc38a2,209,789.8532878310216,924.887263861482
3967,Fus,47,791.4145101141725,780.0134335013283
3968,Eif4b,37,791.1258526360355,898.9360557763157
3969,negative_control,1664,791.5988090424755,906.9467457426975
3970,Vim,261,790.9672523753774,826.5212535029315
3971,Tpi1,237,792.9392925750387,827.8128680154157
3972,Psma7,161,792.16084835516,828.1121663030285
3973,Eif4b,37,793.0444215499522,852.1407069172571
3974,Eif4b,37,793.5472076568069,864.2199183937454
3975,Ptgs2,170,793.6839017199003,926.5581197979988
3976,Ncl,121,794.4235858374482,925.538890731064
3977,negative_control,1295,792.587767294892,927.2733216721804
3978,negative_control,1525,793.7182675655135,925.2113021310402
3979,negative_control,1932,794.3817264200211,907.8931340506808
3980,Kars,72,795.3482970868561,869.1769800664993
3981,Arf1,6,796.5606792099131,867.5992512203222
3982,Eif4b,37,796.4757039900071,868.444477038197
3983,Pdha1,139,795.1037690243838,818.8980673635997
3984,Eif4b,37,796.0820164043306,818.8833476125712
3985,Eif3i,36,797.8570060429829,945.504349407796
3986,negative_control,439,800.8223113857152,822.2460995516933
3987,Mtch1,115,801.1642159476266,822.18664532448
3988,Tpi1,237,801.8128266484811,812.0150177718556
3989,Eif4b,37,803.1905077836642,936.1329759569276
3990,Mtap,114,803.1745321153696,923.3230993296152
3991,negative_control,1664,804.9299548117149,929.0409877169687
3992,Maged1,82,804.6259104614128,831.8828968401333
3993,Vim,261,806.231108634339,832.5854248513824
3994,Tpi1,237,807.066554825372,831.0913237877108
3995,negative_control,1818,806.6556168618091,831.2635318616392
3996,Eif3i,36,807.4832751557904,937.069886329859
3997,Mtap,114,807.9493463763025,806.2997431859108
3998,Tpi1,237,808.1509717742931,822.7154409991857
3999,Mtap,114,808.5921071921218,795.4568743050546
4000,Idh2,65,811.5473036634263,861.367389495217
4001,Cnn2,16,810.4981516530554,861.1759418677991
4002,Eif4b,37,809.0651875668974,861.7305564833893
4003,Mtap,114,810.3956502881233,791.104173011603
4004,Fgf7,43,810.0146455139065,916.51299028305
4005,negative_control,1822,811.3859181048635,915.3417144666516
4006,Slc38a2,209,812.4523137130261,925.546774570679
4007,Tpi1,237,812.8358785412556,846.5137017295183
4008,Mtap,114,817.520250211665,850.0543649964095
4009,negative_control,1206,816.2280513653179,949.0528380238744
4010,Igfbp6,68,816.9544658865892,914.7332615347858
4011,Eif4b,37,818.5168660189794,887.4071673340713
4012,Vim,261,819.3064080155059,790.0985469770625
4013,Eif4b,37,819.1526720658258,788.9433485287055
4014,Cct5,10,822.0378010166332,947.1249271087923
4015,negative_control,1222,821.3209896437974,948.5924005752918
4016,Tpi1,237,821.8884125569816,816.1607948448542
4017,Rps15a,191,820.7784341422987,878.9463159128775
4018,Tpi1,237,821.8803061608485,837.2507435183778
4019,Mtap,114,822.3826521077741,888.8115647206756
4020,Eif4b,37,823.0286923457716,820.7585388908756
4021,Tpi1,237,822.7681673113863,796.068242650824
4022,Tpi1,237,824.5165171165103,823.1432750081428
4023,Sf3b2,205,825.0804156000804,955.1822367650094
4024,Gsto1,54,824.3789165144121,956.1717997331864
4025,Ncl,121,824.4878011581084,954.5694043447944
4026,Cnn2,16,825.7415332905543,935.2142969192772
4027,Tpi1,237,825.4102883489732,935.940695124206
4028,Vat1,259,825.8923724516953,936.3323539509402
4029,negative_control,901,828.0359370287943,839.1349071704838
4030,Trp53,242,826.3818371905531,838.9248637931473
4031,Slc38a2,209,827.1602516557459,837.0582280306753
4032,Mtap,114,827.5272302740923,804.5842430436912
4033,Mtap,114,829.6605086342971,800.5524382320609
4034,Sdhc,203,831.061487945604,938.3752543235196
4035,Mtap,114,831.4321453388615,808.7324492381355
4036,negative_control,1940,832.9964300171067,862.3810034188984
4037,Tpi1,237,833.2605622385507,797.2458991103979
4038,Eif4b,37,833.887009248409,822.8592232043593
4039,negative_control,1053,834.1406911485566,819.5221216191851
4040,Igfbp6,68,835.3729944437678,967.2845741672865
4041,Slc38a2,209,836.1120181395917,929.4409896647468
4042,Mtap,114,837.6905558930704,902.266926267352
4043,Slc38a2,209,839.8066921954593,956.6936657922412
4044,negative_control,1222,841.2060250973354,827.2237326366184
4045,negative_control,1887,841.3927089449107,827.5850705031743
4046,negative_control,346,841.6210141445727,826.8276901443986
4047,Mtap,114,842.4197313446848,834.0703963117685
4048,Slc38a2,209,844.7187959390712,919.8614506153876
4049,Eif3i,36,845.6574656328195,777.432485352087
4050,negative_control,1940,845.1915488680174,825.5454777941251
4051,Tnk2,234,846.9619430560192,821.4204817074568
4052,Hnrnpk,59,845.8751986784523,822.0466046679815
4053,Eif4g2,38,847.1938806592296,822.1426423678976
4054,Tpi1,237,847.0270587771834,738.6927918458658
4055,Eif3a,32,847.3554839891648,772.7273302860982
4056,Tnk2,234,847.981294647224,805.716574362863
4057,Tpi1,237,848.0560520740104,981.7883317192794
4058,Mtap,114,848.2709367165883,746.892633708535
4059,Mtap,114,849.4433892537543,766.9994714114956
4060,Tpi1,237,849.6245851548838,799.4768217289343
4061,Ncl,121,849.5362849017604,798.8534847483133
4062,Mtap,114,850.5628563838318,935.772976634902
4063,negative_control,1845,852.7822515211649,839.0103010758025
4064,negative_control,439,853.0716151742315,834.1451651390229
4065,negative_control,1186,852.7733304507822,834.7133724411017
4066,negative_control,714,853.1317160995962,835.0323168541051
4067,Sdhc,203,853.3115430913499,822.325913195645
4068,negative_control,605,852.825235495967,933.6874519105384
4069,Eif4b,37,856.4423227167863,979.448650430532
4070,Slc38a2,209,856.0594306331207,924.2358675649144
4071,Nucb1,131,857.0686281946348,987.3501801902656
4072,Lamp1,74,856.7926950495106,986.3988272571391
4073,Rpl15,186,859.9951624137834,921.911047840992
4074,negative_control,892,858.9776225995936,922.7682106460096
4075,negative_control,1721,859.3463359540096,923.0172098031076
4076,Fgf7,43,862.7723424613225,916.7834085900704
4077,negative_control,1215,862.7457415866638,848.5574810864216
4078,Tpi1,237,863.1285503194854,746.1786731866449
4079,Psap,160,863.0744841267041,844.1676580561547
4080,Ly6e,81,865.0069705865417,883.087588283398
4081,Rpl18a,187,865.8472751779493,881.9219042463571
4082,Igfbp6,68,864.9921989053355,881.3163747599414
4083,Ybx1,263,865.9750251493898,834.6934334896642
4084,Ybx1,263,865.7243369157366,916.5394375379844
4085,negative_control,966,867.0091670895335,917.9877292282732
4086,Tpi1,237,870.5095005183142,1012.2382247315742
4087,Arf1,6,873.2150705447427,893.0959613402683
4088,Gsto1,54,872.7846091685927,894.320737085188
4089,negative_control,2091,872.6085570146503,893.6586904161827
4090,Slc38a2,209,874.0543800724527,1012.0284039161136
4091,Tpi1,237,876.3695785103798,1009.7913460431996
4092,Nudt9,132,877.1984314838065,853.242004096139
4093,Eif4b,37,883.2390336018439,964.7876327147668
4094,negative_control,1897,884.3951910826987,873.6260022680603
4095,Slc38a2,209,884.8978781170784,873.4795375658042
4096,negative_control,2017,884.3382048401533,874.2277842743857
4097,Eif4b,37,886.8577556386072,895.4853317914739
4098,Vim,261,886.6747536017524,895.6647603439737
4099,Igfbp6,68,890.153774826722,1011.7041417781792
4100,Eif4b,37,890.6640594521281,964.9319755113484
4101,Msn,112,892.1859261042093,1036.959468727583
4102,Mrps18b,106,893.1471965440112,1037.6021105653888
4103,Cited2,13,891.0113786510768,1038.6874561938698
4104,Slc38a2,209,892.7119604305092,963.6628067479136
4105,Tpi1,237,894.056450992268,926.0093498922048
4106,Mrpl28,97,893.6498707569953,1003.465589022897
4107,Slc38a2,209,893.7266737250472,886.4086017261106
4108,Slc38a2,209,894.2654800802579,881.4675794109509
4109,Mtap,114,896.6559014880493,1036.004105904241
4110,Lmna,77,898.7333077548196,888.7630264407823
4111,Mtap,114,899.9280196435333,893.4783358901408
4112,Tnk2,234,899.9381132294191,1044.3420880002611
4113,Slc38a2,209,902.008710430066,887.3624207620121
4114,Slc38a2,209,901.5576801416976,942.1124298005212
4115,Eif3a,32,901.7161684502356,973.3011482902352
4116,Tpi1,237,903.5191028661396,965.6613821977608
4117,negative_control,275,905.0293940232845,882.1930007878514
4118,Ehmt2,31,906.066572941955,872.5020854597487
4119,Maged1,82,910.0381078744,878.5770884810992
4120,Tnc,232,909.5740948115708,880.574989646779
4121,Slc38a2,209,909.6240576871774,1049.246068345073
4122,Igfbp6,68,911.443797474972,976.8360833868604
4123,Tomm40,235,910.6682531667172,920.0574317664978
4124,Igfbp6,68,914.837105811704,1025.961056725676
4125,Igfbp6,68,916.6460043095044,1031.3204798208944
4126,Tpi1,237,917.2649923959104,995.4001319560492
4127,Mtap,114,917.5708620341088,1024.2610615408898
4128,negative_control,605,919.242175580385,910.7485843086962
4129,Slc38a2,209,921.8238716569732,1013.9234151062768
4130,Slc38a2,209,922.0074880003737,963.5010406013494
4131,Mtap,114,924.271861053963,1043.9940171238798
4132,Tpi1,237,927.9284164476202,1033.4063447487658
4133,Slc38a2,209,928.5342136873356,989.0613697921368
4134,Igfbp6,68,931.2512494194972,909.6503521520916
4135,Slc38a2,209,932.2363891920309,972.3663130338756
4136,Slc38a2,209,933.954982298558,910.5703651480356
4137,Igfbp6,68,937.1282277067044,1037.3518778278171
4138,Slc38a2,209,937.8115458686908,1009.1140163012772
4139,Igfbp6,68,937.6293429020492,1021.2643293211404
4140,Nucb1,131,940.0904169494224,994.8010528052988
4141,negative_control,403,939.6611785800848,994.513622641974
4142,Tpi1,237,940.7552912930624,1033.761732830038
4143,Mtap,114,940.8906957053696,914.2924626065068
4144,Slc38a2,209,943.5329126698956,1024.1154167515128
4145,Mtap,114,945.4598644232342,1026.201490501419
4146,Slc38a2,209,947.0609453993474,994.2299997493058
4147,negative_control,1854,950.0511826878076,1083.8589977793847
4148,Eif4b,37,950.0455159608434,1042.2105012703555
4149,Tpi1,237,952.1952106634474,1064.9881710405236
4150,Slc38a2,209,957.0921370622184,996.402343066441
4151,Eif3a,32,957.076467983753,1095.4403429016693
4152,Trp53,242,958.0390762474442,1096.2127639031114
4153,Rpl15,186,963.114001477542,1041.8511480928944
4154,Eif4b,37,963.431032153798,1016.0898459533764
4155,Fkbp8,45,963.581818063606,1002.224544100766
4156,Vat1,259,967.6541098842658,948.6465836207396
4157,Eif3i,36,969.5609606390829,1021.1823451454634
4158,Ehmt2,31,969.4255292569156,1040.479919752011
4159,Slc38a2,209,974.136078320028,943.6677185478
4160,Mtap,114,977.3118945297732,1068.239216611
4161,Eif4b,37,978.3063753050232,1023.6871888139189
4162,Eif4b,37,978.5138030858208,1110.716674711772
4163,Vat1,259,978.0418656494288,1120.6839068687286
4164,Tpi1,237,979.2976895152354,974.5707567436256
4165,Cebpd,12,980.390607064997,974.0632926887904
4166,Slc38a2,209,979.6943629490612,1095.4838906089756
4167,Mtap,114,982.381738801948,1113.4485594260964
4168,Eif4b,37,981.8845759129256,1091.1599592642362
4169,Ybx1,263,983.1288841514612,1062.6556870358902
4170,negative_control,574,982.8755580141748,1062.3596927793153
4171,Tpi1,237,984.4471938353312,969.726215946054
4172,Ehmt2,31,986.194564613472,1005.3100685591348
4173,Tpi1,237,986.5188586514956,1116.8808375235335
4174,Sdhc,203,987.02907520879,979.8389504882192
4175,Ehmt2,31,987.0870246397792,1158.2137053764409
4176,Igfbp6,68,988.4100125919416,1043.300020446714
4177,Lamp1,74,989.5390024579503,1039.6814832292637
4178,negative_control,1845,989.4667887392892,1151.7539854871366
4179,Tpi1,237,989.0786763457354,1030.7629934575532
4180,Igfbp6,68,989.7961088701874,1070.142997318188
4181,Tnk2,234,994.1631742633092,1214.2099819814944
4182,Mrpl17,95,996.1037061453862,1125.125393684119
4183,Sdhc,203,994.7295259869114,1125.0666193723926
4184,Tnk2,234,996.6034826897676,1049.681216923146
4185,Eif4b,37,997.9693216550692,1221.3729142284687
4186,Tpi1,237,996.6629355981852,1099.3706191293038
4187,Msn,112,997.293875381431,1116.4831801400665
4188,Slc38a2,209,998.9248311942702,974.2090220281036
4189,Tpi1,237,999.0098829616448,1273.3065902976125
4190,Eif4b,37,999.4222649312096,1121.327474020327
4191,Tpi1,237,999.1162869941212,1070.0745946208235
4192,Ehmt2,31,1001.1033294119449,1152.3848488316398
4193,Eif4b,37,1001.3222823623988,1226.251278794116
4194,Vat1,259,1002.1353168428776,1072.3785280258537
4195,Igfbp6,68,1001.7136853628916,1073.1895644555675
4196,Rps15a,191,1003.746185464826,1164.475373983285
4197,Fus,47,1002.2741466629784,1164.7039037820614
4198,Sdhc,203,1002.5176001682952,1175.96400537091
4199,Eif4b,37,1003.0335239228284,1146.8182104105413
4200,Eif3a,32,1003.515353425312,1136.0674850137498
4201,Ybx1,263,1002.4397463499027,998.8020939821936
4202,Ehmt2,31,1003.3726418595847,1172.616185579256
4203,Pdia4,141,1006.2453590644986,1078.7761367464122
4204,Oaf,133,1005.5622206799234,1079.0892459156505
4205,negative_control,1322,1005.6677442419212,1078.5089951021728
4206,negative_control,1754,1005.344238378132,1078.566101453221
4207,Sdhc,203,1006.5861551970336,1077.6892408080491
4208,negative_control,597,1003.9752788612678,1079.8067553434694
4209,negative_control,1038,1003.6404058181748,1079.0642821341478
4210,Ehmt2,31,1004.5996332703212,1185.1786490097072
4211,Tpi1,237,1004.8851482464812,1242.4636266835823
4212,Eif3i,36,1004.6208823602326,1066.7283115023035
4213,Pcdhgc3,138,1003.6331778774696,1066.0989195818538
4214,Eif4b,37,1005.5861842345406,983.014480739807
4215,Rpl15,186,1005.3927589660204,1127.0895410587557
4216,Gpi1,52,1006.350819015756,1127.589795448149
4217,Hnrnpk,59,1006.828049344611,1128.3320768654944
4218,Cct8,11,1005.2303613845028,1128.6034465857358
4219,Tpi1,237,1005.5319133799036,1163.2039172634409
4220,Ehmt2,31,1005.7565934046972,1233.6550317132403
4221,Eif3i,36,1007.1686289128476,1202.537870647429
4222,Ehmt2,31,1009.4144718219436,1185.431908773052
4223,Mtap,114,1009.222470265848,1166.2415587451237
4224,Arf1,6,1009.4002586547858,1178.4821783189536
4225,Tubb5,246,1011.4220616565508,1180.525205879017
4226,negative_control,475,1010.3414703839264,1179.4029498169784
4227,Eif3i,36,1010.0646943491502,985.9940096830466
4228,Maged1,82,1009.2986486659928,985.2374755859852
4229,Tpi1,237,1011.0505613766044,1152.327358342666
4230,Ssrp1,219,1011.4318417211276,1133.610843914356
4231,Myh9,118,1012.9600626781807,1132.153173279096
4232,Rpl18a,187,1014.3442739143776,1059.9535492267137
4233,Tpi1,237,1014.6535529883544,1043.0443433617586
4234,Timp2,229,1015.3529309496732,1126.003740892862
4235,Tpi1,237,1015.1738201425997,1123.9944916108425
4236,Tpi1,237,1015.75532607082,1128.5142655442496
4237,Mta1,113,1015.1807243317694,1093.121001883062
4238,negative_control,1481,1016.471056446468,1092.1488390819254
4239,Tpi1,237,1017.3452762424693,1136.7572253693586
4240,negative_control,1012,1018.070359066986,1038.846814489922
4241,Lamp1,74,1018.060490560662,1038.8589238051873
4242,negative_control,1940,1017.7120046615572,1038.1880986268216
4243,Igfbp6,68,1020.1078165585328,1029.0301862785163
4244,Slc38a2,209,1022.8551029554716,1033.3662822585984
4245,Eif4b,37,1026.9013106983612,1131.4181878074887
4246,Tpi1,237,1028.1386672117194,1121.8899119028138
4247,Eif4b,37,1028.1502744780478,1057.5144776370073
4248,Eif4b,37,1031.9919894944153,1018.221360390336
4249,Igfbp6,68,1032.965305269695,1133.6723832886169
4250,Igfbp6,68,1032.846144641114,1007.2502472861952
4251,Hdgf,56,1032.6664163722362,1008.6487936032782
4252,negative_control,1207,1033.5318000207417,1045.20076254595
4253,negative_control,1609,1035.0021571810075,1140.1012311464506
4254,Skp1a,207,1037.261690123866,1041.8121237777473
4255,Mrfap1,89,1037.0445351930375,1040.9364529608015
4256,Hspa8,62,1036.7876596606704,1042.5846194334315
4257,negative_control,1095,1039.9136759881226,1111.0245907001035
4258,negative_control,756,1040.5587586859265,1110.703447639727
4259,negative_control,1301,1040.6313910302688,1110.751023441759
4260,Ercc1,40,1040.5311647958383,1070.216622803237
4261,Mtap,114,1041.5279729117556,1069.9969151478397
4262,Tpi1,237,1042.8197029067464,1034.2978797562184
4263,negative_control,1591,1045.880296445236,1090.6139150052445
4264,negative_control,1009,1045.284963574387,1089.6611838918711
4265,negative_control,1307,1045.7292017742482,1090.4856616140548
4266,Igfbp6,68,1045.286965085105,1089.7260164757831
4267,Eif4b,37,1046.9497833180965,1111.1335692692514
4268,Mtap,114,1051.2448590171264,1030.5453466680574
4269,Eif4b,37,1050.795056738331,1123.229594243257
4270,Tpi1,237,1057.8152229241157,1091.4565489944073
4271,Eif4b,37,1060.6178913362287,1047.5769293872695
4272,negative_control,394,1062.6445576378876,1079.5615453837115
4273,negative_control,1784,1063.1025264304349,1081.3033876284824
4274,Eif3f,35,1062.8365659615074,1079.7217674417034
4275,Mtap,114,1063.7600675021197,1087.251521824791
4276,Vim,261,1067.9806032123383,1112.4380704675343
4277,Tnk2,234,1068.6944648932954,1059.532478972593
4278,Eif3i,36,1069.4447109216237,1045.1704840745174
4279,Hif1a,57,1071.5386688086687,1050.5351746746185
4280,Mrfap1,89,1072.0269898070003,1049.6363020575996
4281,negative_control,1954,1071.1284732242889,1050.0715999756248
4282,Sdhc,203,1071.3155384251695,1051.000244593832
4283,Ncl,121,1069.8538246626415,1082.9547390930345
4284,Fkbp4,44,1071.3066277132402,1083.712759357413
4285,negative_control,2044,1072.4440139839005,1084.9405499221857
4286,negative_control,382,1070.090724880187,1082.25897016201
4287,Ehmt2,31,1077.8480796227109,1097.4303546855003
4288,negative_control,1219,1079.9490019554116,1059.69478852641
4289,negative_control,664,1082.7635479240776,1088.8759648361483
4290,Ehmt2,31,1084.482969114591,1064.5293381975966
4291,Mtap,114,1087.627842583542,1079.0028012119203
4292,Myh9,118,1088.5358573090366,1078.7326782977152
4293,Eif3i,36,1089.3665158247798,1057.5581307691357
4294,Hnrnpk,59,1093.7942141409972,1081.2994069943595
4295,G3bp1,49,1093.307439864623,1079.9944119411462
4296,negative_control,1890,1099.4331170375135,1069.9660220657818
4297,negative_control,1664,1099.9279283933524,1084.129251847958
4298,Sdhc,203,1103.4509448662277,1071.481918038524
4299,Eif4b,37,1103.887727439497,1069.6459980115178
4300,Tubb5,246,1106.5810743461686,1097.4544787792524
4301,negative_control,2032,1105.7562634350163,1097.4933457478462
4302,Ehmt2,31,1111.4758771614192,1092.6603727647932
4303,Eif4b,37,1117.824867542167,1074.3502035521856
4304,Mtap,114,1123.3513784315833,1092.4728014006214
4305,negative_control,1744,1124.1918049389676,1102.5957378624432
4306,negative_control,1732,1125.082930220589,1102.5184536495078
4307,Tpi1,237,1135.7275422281357,1084.782802189455
4308,Tnk2,234,1147.2539892862128,1088.0668869613032
4309,Eif4b,37,1149.9935014323048,1106.3040111631412
4310,Eif4b,37,1155.132184045712,1102.835981523921
4311,negative_control,2015,1157.290894373412,1099.8359777045166
4312,negative_control,967,1167.6586077675956,1097.433614947576
4313,Tpi1,237,1183.4705302115344,1115.5003904417697
4314,Tnk2,234,1202.8223976382965,1120.520201752519
4315,Sdhc,203,1214.463589385353,1125.4085954382604
4316,Eif3i,36,1215.928336655735,1136.0874947625132
4317,Eif4b,37,1216.6704876021545,1110.9747135280422
4318,Mtap,114,1230.1534740099628,1130.5229678078967
4319,Eif4b,37,1230.1620112771768,1112.1116217309034
4320,Hdgf,56,1255.919048741229,1129.5114775476102
4321,Gsto1,54,1255.681567656586,1129.0213716849694
4322,Skp1a,207,1268.6312571821045,1131.6620612972922
4323,Mrpl45,105,1269.3011499985564,1129.9471527023795
4324,Eif4b,37,1272.166694004262,1125.3827895969416
4325,Tpi1,237,1273.7761394747567,1142.0890263887786
4326,Eif4b,37,1275.437180038011,1127.4114104205112
4327,Tpi1,237,1277.581230108647,1125.7494233472394
4328,Tpi1,237,1281.11991427066,1129.8624570648074
4329,Tnk2,234,1283.9841853026526,1117.9817216680194
4330,negative_control,1854,1283.763872007091,1129.4427935263298
4331,negative_control,826,1285.0140952826846,1129.4562731949854
4332,negative_control,1768,1283.217941868938,1130.3037061814912
4333,Mtap,114,1284.8980412583685,1112.3485564506564
4334,Nap1l1,120,1288.1042795846886,1119.4603022936526
4335,Tpi1,237,1296.8065993181365,1112.5498432763245
4336,Sdhc,203,1301.1329039461802,1134.9313056339838
4337,Mtap,114,1305.1487642327322,1134.9770469494736
4338,Hdgf,56,653.4835756644858,885.9051335418822
4339,Hspa8,62,654.1050280726058,884.6234398659305
4340,Hnrnpk,59,654.1068018324747,878.4345614312597
4341,Sae1,199,660.4787068376422,884.2202346615782
4342,negative_control,1748,660.5278152182414,883.0242503107511
4343,Taldo1,223,663.1193826865924,878.8948699756932
4344,Hnrnpk,59,669.8029226860909,874.6474831409553
4345,H1f0,55,676.1707917036563,883.5469240661321
4346,Hnrnpk,59,695.9428682435315,870.1847481896253
4347,Ncl,121,696.0447155527988,875.1464743389485
4348,Ptgs1,169,705.5420213831864,914.9966957521748
4349,Rac1,175,704.0784823406459,914.9255301177908
4350,Mrpl45,105,713.2658761386828,883.5198238737311
4351,Prrc2a,158,713.592957454979,918.9644116970102
4352,Hnrnpk,59,721.2349839177083,909.0847097909984
4353,Hnrnpk,59,721.3849652290676,885.2192464716386
4354,Taldo1,223,744.9633266622877,776.9218664320608
4355,Snx3,211,746.8596289654874,883.0921122067499
4356,Hnrnpk,59,752.0549814443557,868.0834940998833
4357,Hnrnpk,59,753.9864808105574,917.8154716697674
4358,Prrc2a,158,758.5575065875803,813.6546459253774
4359,Prps1l3,154,762.1455340854128,898.8236970772682
4360,Loxl1,78,763.7966701498575,915.8550802861154
4361,Hspa8,62,764.1797206383806,901.1728278275556
4362,Uba1,250,764.6523253329652,899.5352631753428
4363,negative_control,1443,765.4574551298721,861.1519906648983
4364,Hnrnpk,59,770.5150241626138,839.2033363558678
4365,negative_control,1735,771.9612460692517,876.0266881249936
4366,negative_control,1953,771.2206049304426,848.0289656827591
4367,Tnc,232,770.9298687607074,898.0151450294663
4368,Hnrnpk,59,772.3313539646388,862.1140890271828
4369,Taldo1,223,772.8459406057439,811.5784291119166
4370,Rac1,175,773.4056198445892,940.0383930844316
4371,Vim,261,774.0367890883554,885.9478340989893
4372,Ptbp1,167,775.2604707625113,885.4533657085454
4373,negative_control,317,775.1979918733432,907.1564862597304
4374,Hnrnpk,59,777.3557308373561,940.215331014086
4375,negative_control,684,777.6929186642379,838.413756379623
4376,negative_control,1610,777.3963025122364,885.2162545150345
4377,Hnrnpk,59,779.3717323785347,855.5267611523374
4378,Hspd1,64,779.3344428955884,820.9756720642257
4379,Fus,47,778.3904309275941,822.6155073908925
4380,Prrc2a,158,781.9800478753795,866.0014685036626
4381,Eif3f,35,783.3924133230408,903.247907157722
4382,Hnrnpk,59,783.232092071725,811.5287951817688
4383,Prrc2a,158,784.318650798669,910.3192560874512
4384,Vat1,259,783.1069209267207,892.3269021185141
4385,Mrpl45,105,785.2488879241612,924.6353832695283
4386,Efemp1,29,784.997241391052,815.9836631631576
4387,Cnn2,16,786.1248591679584,861.4713050627978
4388,Arf1,6,785.6494703528177,862.7067233418503
4389,Prrc2a,158,786.1138382699116,785.3606016238912
4390,Tnc,232,788.4421780923784,930.6677494930696
4391,Cited2,13,787.6654028952289,888.6199296937589
4392,Ybx1,263,786.7389875657501,888.4763710114206
4393,Rpl21,188,788.24572697706,889.135635317274
4394,Prrc2a,158,788.8624972827137,893.4247800100636
4395,Vim,261,787.6733985921677,892.6935489139064
4396,Npc2,128,788.3631283700656,909.138452984368
4397,Mrps25,108,794.2311540171213,932.7749473597584
4398,Prrc2a,158,795.6938558176852,894.8060700555716
4399,Rac1,175,795.7987152732592,889.4755955730332
4400,St13,220,798.289753915908,827.6366706720535
4401,Hnrnpk,59,796.9585152070437,828.3838437087102
4402,Hnrnpk,59,796.3554391190056,934.4113058181732
4403,Prrc2a,158,797.1936581038693,906.329099851712
4404,Hnrnpk,59,801.0409944925433,882.7964972960896
4405,Hnrnpk,59,801.2578115858155,865.4031309711874
4406,Prrc2a,158,802.4329882340655,834.4290548091191
4407,Maged1,82,802.4161642837081,836.548267747661
4408,negative_control,1796,803.4455825140357,844.8012305143649
4409,Il1rl1,69,803.297448272045,845.6244320696759
4410,Taldo1,223,804.3833638875257,807.4327314381252
4411,Hnrnpk,59,805.0893411451536,918.5368629031884
4412,Mrpl45,105,805.7770033177918,908.6632945650532
4413,Rac1,175,806.3077213699409,940.494003940052
4414,negative_control,1245,811.3266069564024,859.2843460234108
4415,negative_control,1441,810.2530486570108,857.8163838268704
4416,Rpn2,190,812.8868140655691,921.9244027844064
4417,Hnrnpk,59,814.3060989425903,918.795417631287
4418,negative_control,1431,815.758429398162,885.4431569669714
4419,negative_control,1707,815.764286065741,885.6379338032043
4420,Rpn2,190,816.3510997581764,881.3266737767817
4421,Rpl21,188,818.2918490336522,928.8240148804748
4422,Rpl21,188,818.3453453352254,800.987542859215
4423,negative_control,1520,819.1228266893489,934.08138130789
4424,Hnrnpk,59,819.498528384291,934.0590026602712
4425,Mrpl45,105,820.7251064121835,833.8065437287084
4426,Tnc,232,822.1495193973091,900.0502174997425
4427,Vim,261,824.5179549798013,859.0839650633474
4428,Prrc2a,158,823.5763106846366,859.8220188635088
4429,Prrc2a,158,824.0741446680507,947.9216500535078
4430,Hnrnpk,59,824.6469737558002,802.8782902099324
4431,negative_control,1939,823.8262601281326,877.4148250371102
4432,Prrc2a,158,826.5617287500435,808.5432745850392
4433,Rac1,175,826.5854626340526,844.0892124453799
4434,Taldo1,223,827.8164980786615,826.9821836521082
4435,negative_control,1754,829.3078977865689,796.7813011278481
4436,negative_control,1838,829.1382878968151,797.1487346105778
4437,Hnrnpk,59,828.9293454386614,950.536694979944
4438,Prrc2a,158,829.2588654822057,778.5512316403162
4439,Snrnp70,210,830.2072672049583,830.9598033058112
4440,Rpn2,190,828.9499300324293,831.2944237460237
4441,Snx3,211,829.5318560922797,860.9200668453276
4442,Timp2,229,831.1885596587083,848.2837796112906
4443,negative_control,2072,832.188155779012,788.1705235492111
4444,Hnrnpk,59,832.5132256608387,787.6362738094474
4445,Vim,261,837.1024128949866,816.9403811774031
4446,negative_control,2014,838.6072881423968,821.6591691768806
4447,negative_control,1266,838.7906083651394,821.8238531163516
4448,negative_control,1309,838.5150300572393,819.869478283361
4449,negative_control,1904,837.1699390874583,817.222237733462
4450,Ckap4,14,836.9138633532149,816.903390113557
4451,negative_control,1424,838.2403755762168,820.7665882674602
4452,Psma7,161,837.4006953772293,818.14371997334
4453,Rpl21,188,838.2993851196993,962.918410055493
4454,Hnrnpk,59,838.796013874117,848.4144526248427
4455,Rac1,175,838.672164112622,835.476477082283
4456,Lrrc59,79,839.4153759262804,834.2638871111672
4457,negative_control,1674,839.535868148715,835.2437952493316
4458,Eif3d,33,839.1562286392303,835.0053190292506
4459,Efemp1,29,840.3113452248397,894.5506886036363
4460,negative_control,1839,841.8568548757537,837.540712548257
4461,Prrc2a,158,841.5560800032297,939.72011554962
4462,negative_control,521,843.3665289442871,856.8638948444037
4463,Rpl21,188,844.2457371732371,823.9749517012506
4464,Pcdhgc3,138,844.4651647140506,824.6443097503469
4465,Hnrnpk,59,847.6707706637649,811.848333921946
4466,Mrps5,110,848.8422691462955,904.5019420667054
4467,Tmed9,231,849.4700335803482,900.3056861640948
4468,Tnc,232,848.4567640244077,900.3844696310414
4469,Hnrnpk,59,849.1800721318432,841.2624935058178
4470,Mrpl45,105,851.493678417256,965.4905053616088
4471,Snx3,211,851.7527211004956,814.603863602849
4472,Tnc,232,852.1306906928345,728.1072041927061
4473,Efemp1,29,852.6015508387258,960.197859010092
4474,Fkbp4,44,852.8572454252009,947.3429976138522
4475,Vim,261,852.0077853575162,904.6460928937151
4476,negative_control,405,853.8930135515373,917.321798105675
4477,Prrc2a,158,853.7418774295911,986.0210030189152
4478,Hnrnpk,59,857.1432622666525,823.660625211028
4479,Vat1,259,858.823755719801,977.725157799316
4480,Hnrnpk,59,860.177295063367,952.062557885824
4481,Tnc,232,861.3178092251644,892.4584214542588
4482,Rac1,175,862.3269385971712,819.6734239063233
4483,Tnc,232,866.0539018070559,882.3788274723291
4484,Tnc,232,866.3220551155958,899.5489229467726
4485,Ercc1,40,871.7823611973655,1010.8339218323022
4486,Efemp1,29,870.26858068759,1010.9735921131472
4487,Hnrnpk,59,871.7635720642238,1015.691273876642
4488,Tnc,232,874.1330657726639,1011.834282150103
4489,Hnrnpk,59,875.2300598473465,1028.7476978591149
4490,Prrc2a,158,875.3267809142386,1017.5317423685592
4491,Cnn2,16,875.6769535375641,842.3279370513121
4492,Mrfap1,89,876.1651542741589,841.7482112367096
4493,Hspd1,64,875.8316420744104,841.3419754035884
4494,Psmc2,162,876.9748531179407,842.1816430718267
4495,negative_control,1441,876.8582264058841,841.2821662157307
4496,negative_control,974,876.960068057898,841.115646244059
4497,Hnrnpk,59,877.4987920443004,849.0773665710415
4498,negative_control,1438,879.0238078435793,857.9117863466975
4499,Hnrnpk,59,879.9182317509046,908.014066963536
4500,Ptbp1,167,881.218147068907,855.9592731630635
4501,Hnrnpk,59,882.169149624517,1034.927567039637
4502,negative_control,1904,881.934685538657,879.5684706156162
4503,Tnc,232,881.0409983161236,884.9495956210369
4504,Tnc,232,882.1783626901591,1000.9834023235036
4505,Rpn2,190,885.2162265489267,1008.0391793406584
4506,Mrpl45,105,885.1643329113103,1013.9514444289708
4507,Rpn2,190,887.1914417448058,862.2988963854791
4508,negative_control,1748,891.387585583839,879.9651778716927
4509,Prps1l3,154,892.1074035358165,927.2975261541952
4510,Prrc2a,158,893.718258894333,860.1048349862015
4511,Tnc,232,897.2176748966716,932.51555509921
4512,Vim,261,899.6106761951537,890.8298692018467
4513,negative_control,984,897.8120905079643,891.0181405450796
4514,negative_control,1202,898.5000977028689,892.1610253842216
4515,negative_control,440,898.8532776766453,883.6269200360812
4516,Rrp1,198,900.651533782589,897.1349206974394
4517,Tnc,232,902.1630948612792,875.606202772668
4518,Prrc2a,158,903.3952781546552,1019.8918884127536
4519,Rpl21,188,903.5563798241892,952.0861167099058
4520,Efemp1,29,904.4736195259932,999.5746616071212
4521,Rpl21,188,906.514086338533,876.4867490960144
4522,Tnc,232,907.5115057935092,899.148321052182
4523,Rpn2,190,908.3504439962582,890.3961583454197
4524,negative_control,1431,910.0319478584383,904.1413957727616
4525,Prrc2a,158,912.1231509417,910.8407819276856
4526,Rac1,175,913.0792901020292,955.777877995256
4527,Malat1,83,915.2731097176396,930.7833497526124
4528,Hnrnpk,59,916.9360556773488,937.3834246620224
4529,Prrc2a,158,919.0609220599948,959.0180352429009
4530,Rpl21,188,919.3359950564344,1001.2718497268291
4531,Hspa8,62,919.073223133176,1001.216235563438
4532,Prrc2a,158,923.3202637532788,979.2203993134304
4533,Rpn2,190,923.4936086064668,958.99483418838
4534,Hnrnpk,59,927.4403310295392,1065.6141040777025
4535,Rpn2,190,929.4090687032358,907.5123979225424
4536,Prrc2a,158,929.296623276358,1019.5790189232148
4537,Ptgs2,170,929.874232957906,1017.8666699224152
4538,Rnf11,185,934.5925349482412,1038.812223885669
4539,negative_control,661,936.8473994765895,1062.2397364298745
4540,Prrc2a,158,940.911473062812,1066.4865123615637
4541,Hnrnpk,59,948.6129682291188,933.5398906416142
4542,Hnrnpk,59,949.5192285428352,964.0240808864882
4543,Tnc,232,950.6213175203916,982.132091815346
4544,Prrc2a,158,950.2959269980828,939.8183041887164
4545,Laptm4a,76,952.0792460992152,1017.5250512574104
4546,Prrc2a,158,954.3731018058232,966.390843283382
4547,Hnrnpk,59,958.2742236386864,1085.2079406091684
4548,Rnf11,185,964.6903749014326,1099.1756368027668
4549,Hnrnpk,59,964.9896118256256,1099.4523612906255
4550,Hnrnpk,59,969.5921105168184,1102.3679903736013
4551,Rac1,175,971.117204092018,1046.7871289292011
4552,negative_control,1120,973.02437393935,1094.4572415169878
4553,Rac1,175,974.50596690647,1020.8402661835142
4554,Ybx1,263,974.3904365082632,1028.488445069492
4555,Malat1,83,975.9269758743662,1026.5399752221597
4556,Rnf11,185,975.1242246815988,1027.6687593873785
4557,Polr2m,149,976.422468239499,1025.7980159332935
4558,Rac1,175,975.4857963770202,1100.3653111110875
4559,Tnc,232,975.9691383738008,940.3767056234724
4560,Trim28,241,982.8700849039147,1032.566512341988
4561,Rpn2,190,984.0200190310698,1057.0110098508596
4562,Hspd1,64,984.0772588843269,1235.6599335821325
4563,Taldo1,223,983.9094476146104,1235.8374405526029
4564,Tnc,232,984.868320463392,1073.8775776913294
4565,Hdgf,56,989.237930070946,1138.4585560151152
4566,Srebf2,215,989.8941430088475,1140.311699015729
4567,Rpl21,188,989.2904135263608,1142.6320709153529
4568,Gpi1,52,989.3842836070304,1143.090891510185
4569,negative_control,1561,991.7670260132068,1107.9071425336372
4570,Prps1l3,154,991.6638875638508,1110.89210009995
4571,Prrc2a,158,993.3191547660643,1176.1844445275174
4572,Hnrnpk,59,993.0623578667156,1212.469537233489
4573,Lrrc59,79,994.976707950541,1002.0443548053172
4574,Efemp1,29,994.1175335712244,1001.1085969318076
4575,Rac1,175,993.7887733960794,1093.1502315091527
4576,Rac1,175,994.6649986671908,1256.858560978107
4577,Gsto1,54,995.1843041649256,1254.4578743267243
4578,Ckap4,14,995.5410525876772,1255.457089581978
4579,Prrc2a,158,995.1060088895322,1225.8198215980349
4580,Hnrnpk,59,996.632832477734,1148.280612617547
4581,Msn,112,996.6219067643576,1162.4125072781335
4582,Snx3,211,997.8575316174256,1146.499548895879
4583,Tnc,232,1000.9924505872448,1066.2964874451502
4584,Cct5,10,999.3909704833331,1092.571282888336
4585,Tnc,232,1001.0633189679054,1182.3531095199178
4586,Mrpl45,105,1002.5160243074788,1127.0434619264247
4587,Rps6ka3,193,1001.9979296127842,1148.8415866889231
4588,Zfp36l2,270,1002.8802665642548,1165.858839757295
4589,Hnrnpk,59,1004.2756547030316,1192.0573893402548
4590,negative_control,1436,1004.4004683018818,1034.2195852817715
4591,Rac1,175,1006.0617198772802,1137.842486472868
4592,Ppp2r1a,151,1008.5479397276862,1196.0498552204608
4593,Snrnp70,210,1010.4701380039542,1195.9699522949904
4594,negative_control,1904,1009.71999259397,1196.0156112875832
4595,St13,220,1008.4470675459056,1080.976707304865
4596,Msn,112,1008.24656645217,1081.3630947572317
4597,negative_control,1451,1007.5254527537356,1080.1392181833587
4598,negative_control,496,1007.6491442741884,1080.1999423850527
4599,negative_control,1541,1010.4041617463154,1097.246276230209
4600,negative_control,662,1011.2479534015506,1065.3121655707398
4601,negative_control,1175,1009.731994050762,1030.3629626289774
4602,Rpn2,190,1011.3397936507364,1014.826634674189
4603,Efemp1,29,1011.3323001305567,1073.7459864229634
4604,negative_control,1838,1014.533788410488,1070.5024352634832
4605,negative_control,395,1013.7086500343725,1169.7264997945126
4606,Rpl21,188,1015.2023803473484,1161.0421645593442
4607,Rpl21,188,1015.1102748175524,1175.3197358048956
4608,negative_control,1180,1014.473069607028,1145.031794627053
4609,Hspd1,64,1014.2370348851932,1122.1076266069404
4610,Efemp1,29,1015.0938317717078,1122.11941951783
4611,negative_control,1320,1015.5712322185808,1122.7841736503167
4612,Prrc2a,158,1014.6230638057638,1083.8068962185112
4613,negative_control,919,1016.5613685100744,1010.398500947226
4614,Snx3,211,1016.877388561885,1088.0631926494375
4615,Hnrnpk,59,1016.9040688176144,1109.4276325493456
4616,Hnrnpk,59,1019.6015154802336,1149.1320816661616
4617,Rpn2,190,1019.3946495077216,1067.124224091912
4618,Pgrmc1,143,1024.241404089667,1079.3678075670678
4619,negative_control,807,1024.6553010184502,1079.159867822246
4620,Rac1,175,1024.6366413619453,1079.0636241083298
4621,Vim,261,1027.004781763831,1145.3253719062773
4622,Hnrnpk,59,1027.838772508806,1145.6956658760782
4623,Ddx17,26,1027.0905501930931,1136.240445782029
4624,Prrc2a,158,1029.125763288074,1135.6724037447184
4625,Rac1,175,1031.9873959510728,1085.7040460333824
4626,Rpl21,188,1033.1174026180745,1062.3985830412512
4627,Hnrnpk,59,1033.563540583677,1124.8246373399372
4628,negative_control,1818,1033.905408978133,1046.2039592058884
4629,negative_control,799,1037.368342641547,1111.1543117336996
4630,Npc2,128,1037.654269929063,1025.860734135756
4631,Rac1,175,1037.179505572127,1025.9311077378402
4632,negative_control,661,1041.6426628419656,1062.5095498944042
4633,Hnrnpk,59,1042.6540919353704,1032.3136986527786
4634,Rpn2,190,1044.3985398448458,1072.512661393678
4635,Prps1l3,154,1046.7386305654927,1024.7829644242618
4636,Rpl21,188,1051.423527263039,1028.5899810747817
4637,negative_control,1529,1053.8489433566028,1040.8262605880543
4638,negative_control,2057,1054.1144503851008,1027.7251533426934
4639,Ssr2,217,1054.654776336335,1027.5164910776707
4640,Rac1,175,1056.4074458239822,1029.880846495114
4641,negative_control,717,1058.182413615824,1048.5034519381857
4642,Tnc,232,1059.199253096765,1103.772085276328
4643,Rpl21,188,1067.312495711873,1037.867144099626
4644,Rpl21,188,1067.905505571645,1048.2650694746471
4645,Prps1l3,154,1068.6094715378752,1079.7126023625024
4646,Ywhaq,267,1067.5378607171176,1091.2413854594924
4647,negative_control,1844,1068.1592571001563,1091.543588148018
4648,Hnrnpk,59,1068.2907016945207,1090.8602671387855
4649,Hnrnpk,59,1072.9489874568176,1093.519741751952
4650,Rpl21,188,1074.208141072897,1058.5672473007403
4651,Prrc2a,158,1077.3053345146366,1087.4740242384014
4652,negative_control,1115,1076.2546984855403,1092.8840523606136
4653,Hnrnpk,59,1078.6300568969082,1090.268024668353
4654,Gsto1,54,1079.4738181075968,1091.4416947094269
4655,Ncl,121,1080.8462044402931,1093.6622161775986
4656,Snx3,211,1088.3111118554389,1081.5805947263823
4657,Hnrnpk,59,1087.7013352214965,1051.6174519335243
4658,negative_control,1610,1090.9879012698905,1062.5847692679768
4659,negative_control,800,1093.7033101977809,1090.1183433181488
4660,Hnrnpk,59,1096.669329701984,1103.6473297042294
4661,negative_control,662,1103.6208157827489,1096.1837556653593
4662,negative_control,684,1105.8943565465593,1069.4786369249252
4663,Snx3,211,1125.1268139411834,1104.3314327305973
4664,Prrc2a,158,1128.7482992716973,1087.9042916503804
4665,Rpl21,188,1129.0329852191185,1082.4132754562506
4666,Snx3,211,1137.8973274295142,1095.410396763552
4667,Hnrnpk,59,1143.3367671406122,1087.614399070129
4668,Rac1,175,1148.696525426512,1102.4938258077796
4669,Prrc2a,158,1157.5900170803932,1108.9196930820451
4670,Snx5,212,1184.5625507255102,1112.3145571460095
4671,Csnk1a1,22,1184.5808912972068,1111.1828918399783
4672,Hnrnpk,59,1183.315897443313,1112.6193190361191
4673,Taldo1,223,1184.6755612279076,1105.133305133369
4674,Rpl21,188,1200.5068534502489,1106.4684021782584
4675,Hnrnpk,59,1231.3416366656054,1114.2789869966207
4676,negative_control,1841,1244.443674515726,1134.5623487948765
4677,Sf3b2,205,1242.9083935163276,1135.0608569728
4678,Rpl21,188,1257.731431157609,1133.7871044026688
4679,Hnrnpul1,60,1266.263523528838,1119.763982182224
4680,Arf1,6,1265.1398456766983,1120.5726447089214
4681,Ybx1,263,1265.651957486864,1120.6310874093958
4682,Rcc2,183,1274.9098213534396,1116.1394723229307
4683,Rpl18a,187,1274.533939373919,1116.5423144688973
4684,Mdh2,85,1274.4333346785595,1115.780554719875
4685,Hnrnpk,59,1278.9980745454247,1126.5285251668458
4686,Hnrnpk,59,1280.8781773565163,1123.0805790631057
4687,Mrpl45,105,1283.2135029344631,1138.1057095016356
4688,Gpi1,52,1286.6590886072909,1112.1005342883548
4689,Hnrnpk,59,1285.7524865479195,1112.2268842959154
4690,Mrpl45,105,1293.050851280698,1108.158591978637
4691,Snx3,211,1296.3342152374112,1122.7096820090933
4692,Cnn2,16,629.3757303939003,895.1374277548382
4693,Il1rl1,69,651.5068346235397,875.7822356197759
4694,Morf4l2,88,663.2291212761269,887.5694384636115
4695,Il1rl1,69,664.5545812980157,899.4897005015946
4696,Cnn2,16,695.4668292739675,889.838000206917
4697,Morf4l2,88,700.9908997298961,890.6714010147501
4698,Morf4l2,88,704.9080030232033,899.2698895190471
4699,Morf4l2,88,711.6662018730555,920.7796633240504
4700,Malat1,83,729.2228638645984,888.9659952133895
4701,Mrpl28,97,730.3119391112152,903.1497491072662
4702,negative_control,1846,736.2838783133495,879.7507006074178
4703,Cnn2,16,739.3571850100207,872.1271843414726
4704,Rab5c,173,742.3798187059882,905.7453850674292
4705,Tubb5,246,750.1890781879752,930.50638320513
4706,Msn,112,752.206380687021,900.8736394392032
4707,Morf4l2,88,754.0483962413515,946.788246426901
4708,Ptbp1,167,756.7669981470735,864.3415900019238
4709,Malat1,83,763.5254733428312,871.6854071026034
4710,Actn4,3,766.8230320846969,899.5529417116369
4711,Morf4l2,88,769.5202731908942,812.686677465826
4712,Actn4,3,770.9238592618201,881.408442708565
4713,Rab5c,173,772.607344795152,859.9306857183092
4714,Ywhaq,267,780.4388925467305,834.7260937597049
4715,negative_control,1160,777.0895842434485,836.0263505046576
4716,negative_control,1484,776.8820677238015,835.2366066551723
4717,negative_control,1173,778.2293877586726,835.2269978824944
4718,Gpi1,52,779.9077103753496,835.1519435801222
4719,Vim,261,781.2410264740661,835.0255775625678
4720,Ran,178,779.4909824605458,836.3313743878286
4721,Tubb5,246,780.4140307708448,912.6502915930248
4722,negative_control,1824,778.7690071170689,913.1146781733624
4723,negative_control,498,779.4269869720949,913.5315134559664
4724,Actn4,3,779.0976145404585,827.1700543365957
4725,Cnn2,16,779.1863239408126,879.6796511675028
4726,Actn4,3,780.112100816758,877.4563363266556
4727,Il1rl1,69,782.6399716744777,840.2708047592046
4728,Rab5c,173,784.4501069519379,865.8109123391763
4729,negative_control,670,783.6324450179454,864.7330419808513
4730,negative_control,1189,783.5875002916409,864.5509651441793
4731,Cnn2,16,785.4749595349064,785.372674077305
4732,Actn4,3,787.5716659183513,821.7781088547563
4733,Rab5c,173,787.7855570130953,835.6274253595809
4734,Cnn2,16,789.9310526661945,809.3885026887963
4735,Actn4,3,789.6394379999394,884.1949550226227
4736,Mdh2,85,790.988609230843,933.0655313014572
4737,negative_control,586,790.8348740915077,932.6477076927248
4738,Actn4,3,790.8694961634698,827.1238924528864
4739,negative_control,973,791.8741038269076,836.6416910511795
4740,negative_control,1694,792.6322413005328,859.532282362592
4741,Cited2,13,791.7234488788864,860.2986210616917
4742,Actn4,3,795.5660045537776,863.3089762352915
4743,negative_control,2012,795.4007108693604,917.024250686978
4744,negative_control,921,794.6389122572323,917.5447617087592
4745,Actn4,3,798.1526842736462,909.7480896459776
4746,negative_control,960,800.9849971435394,867.5612931045628
4747,Rab5c,173,801.3775832875092,920.8460050235092
4748,Il1rl1,69,803.7997247321111,813.0843774233865
4749,negative_control,1525,804.7848065423044,859.4920558469742
4750,Il1rl1,69,806.4290276140325,803.8157566254864
4751,Actn4,3,808.8878831311686,793.769666571849
4752,Morf4l2,88,812.2626633161831,827.5985356490099
4753,Actn4,3,814.0310834287244,876.3286146418479
4754,Trap1,240,814.9745658372207,875.2484294668609
4755,negative_control,506,814.8922626595646,875.2078480978494
4756,Sec13,204,815.6414478946275,804.7354974110447
4757,Actn4,3,816.9547224483554,861.7897649545876
4758,Morf4l2,88,817.8075564674268,831.2170942159288
4759,Pgrmc1,143,817.1411254662378,830.585577507088
4760,Ybx1,263,819.038383938647,799.542027526466
4761,Il1rl1,69,819.7593628248512,876.8060911508763
4762,Cnn2,16,820.3494564857336,835.7090169805574
4763,Il1rl1,69,822.0940359524145,865.4965123326425
4764,Actn4,3,824.1642639960711,808.4872597223705
4765,negative_control,1583,824.4686757109972,829.3550315459356
4766,negative_control,785,824.9483591270384,835.6948158451078
4767,Morf4l2,88,825.9501643165014,813.4187160034658
4768,Morf4l2,88,825.7015741330806,858.4871912897415
4769,negative_control,1079,825.7875538335267,883.6748078017596
4770,Actn4,3,825.8897464985787,882.8624033896454
4771,Ncl,121,826.3352316814521,883.4446775241311
4772,Mmp14,87,826.4125575812866,864.398630946948
4773,Cited2,13,827.9672034849938,951.7367577957144
4774,Rps15a,191,826.9245850307133,951.93736041438
4775,Mmp14,87,827.7899714810924,955.9063771673996
4776,Cnn2,16,827.7541005474487,845.1468363553347
4777,Tubb5,246,828.7329976843996,822.6917050057194
4778,Fgf7,43,828.4628862439399,823.3563080517805
4779,Morf4l2,88,829.6655277995944,872.7190418269574
4780,Morf4l2,88,830.7932937669209,880.944698305843
4781,Morf4l2,88,831.8826818079258,810.9551614821102
4782,Il1rl1,69,833.8518117308695,865.4777751437472
4783,Idh3g,66,834.8083070235162,876.5780526133294
4784,Vim,261,839.7532392664232,837.8445141973883
4785,negative_control,1010,839.1740017489807,838.0898179076077
4786,negative_control,1499,838.7026212116103,838.1369451739733
4787,Mrpl12,92,838.8169290039497,803.6795355626356
4788,Rps15a,191,838.9110997709527,803.7636291504373
4789,Ran,178,838.2132417455496,804.2219120623414
4790,Loxl1,78,841.3161598915526,868.4929177865456
4791,negative_control,1029,840.701633142813,867.8664216943205
4792,Cnn2,16,841.5845964678679,889.5246174242363
4793,Mmp14,87,842.5104830822077,963.901971669399
4794,Il1rl1,69,843.340646273127,951.5505239807188
4795,Il1rl1,69,846.5674175757445,837.086172420982
4796,Rab5c,173,847.4360913875254,765.2505162437487
4797,Malat1,83,847.2742045246966,803.4174035753206
4798,Fus,47,851.2536635583855,758.7023913511804
4799,Rars,180,852.114817966046,760.3811576864196
4800,Morf4l2,88,852.4495100151094,812.6153127605673
4801,Il1rl1,69,854.0458275254834,727.9333453922403
4802,Actn4,3,856.276035207361,822.6928175891837
4803,negative_control,1099,858.7191813754484,842.6766969967969
4804,Cnn2,16,859.2861754376521,748.9488142913881
4805,Actn4,3,871.4700746124893,845.8935756285375
4806,Cnn2,16,877.7998437336737,1032.0226105272727
4807,Malat1,83,880.5771344076862,942.7049838427145
4808,Mmp14,87,883.2886250648578,861.692243106632
4809,negative_control,1520,883.6080947760196,881.9638377938877
4810,Il1rl1,69,885.0131224736424,969.2160232629668
4811,Il1rl1,69,887.0903156371339,1038.4133518407014
4812,negative_control,463,886.6738138423725,944.1364236399896
4813,Malat1,83,887.7946030340136,965.8585834880424
4814,Il1rl1,69,889.9117045430901,1029.143677096349
4815,Malat1,83,891.9542862519193,944.8777647742515
4816,Malat1,83,892.5655991661652,950.482374143602
4817,Aqp1,5,893.3595259666765,949.7849987687046
4818,negative_control,1495,892.878715700021,949.7594373863736
4819,Malat1,83,892.2113845173633,1033.9278549761218
4820,Vim,261,892.6268385661456,861.776148364627
4821,Malat1,83,893.1988260626922,989.7291547335724
4822,Malat1,83,893.1562971401088,999.0074344389844
4823,Malat1,83,896.3705775559392,962.4060448303312
4824,Malat1,83,899.0406890609872,958.3482420521536
4825,Malat1,83,899.3243207528509,953.8039972663952
4826,Malat1,83,900.4950323952448,941.120507905028
4827,negative_control,1009,901.8612301998264,973.3236333892488
4828,Malat1,83,901.8102596671404,1010.568677086348
4829,Malat1,83,902.5913818951684,936.1938911990924
4830,Il1rl1,69,903.012083761266,956.835424296391
4831,negative_control,871,903.6245234194996,966.0049831915526
4832,Il1rl1,69,905.7128590095266,1026.440859976996
4833,Malat1,83,905.662941775365,939.5803634533332
4834,Malat1,83,906.4382608844284,952.79444038952
4835,negative_control,1826,906.4210842606744,964.1573654760624
4836,Malat1,83,906.5821056553914,980.4283805685236
4837,Malat1,83,908.291681121996,1006.0074807541516
4838,Malat1,83,908.1010817467672,935.1546663184536
4839,Vim,261,910.061467709943,1020.4982242356824
4840,Paics,137,910.2286195091295,1021.200385568699
4841,Malat1,83,909.1360428436028,948.4798862698208
4842,Malat1,83,909.3043526946884,964.2945476890184
4843,Malat1,83,909.8194314239802,927.4064008600852
4844,Malat1,83,912.6432238322164,1019.7843055598426
4845,Malat1,83,912.9610487673364,973.3643669917695
4846,Malat1,83,915.3422720996664,969.635023239965
4847,Mmp14,87,914.2832147360214,1042.5860017646546
4848,Il1rl1,69,914.4097355387646,956.2388470587098
4849,Malat1,83,914.7905412895162,1025.4240721705046
4850,Malat1,83,915.3603198717116,944.197162806696
4851,Il1rl1,69,916.3410532363516,1058.6199893389155
4852,Malat1,83,916.5201118120174,957.71705993797
4853,Twist2,247,916.9733700990424,989.897892358576
4854,Pdia3,140,918.9752656457988,1041.4040223387717
4855,negative_control,498,918.1555118089716,1041.2013496275986
4856,Il1rl1,69,918.6965246378898,890.0672636416604
4857,Malat1,83,918.690675419537,1023.3548181740348
4858,Malat1,83,921.8411528462996,932.2571087272406
4859,Malat1,83,922.0570303145224,1012.515639100786
4860,Malat1,83,922.5732596388332,919.1215348613672
4861,Il1rl1,69,923.1495441044935,968.6551533818496
4862,Malat1,83,925.1131338820192,944.383877585434
4863,Il1rl1,69,925.2042852754436,910.6466976189251
4864,Actn4,3,927.265091716033,1071.5481076083631
4865,Ptgs1,169,927.9897845232036,1026.795098061617
4866,Malat1,83,927.2958906469958,1025.5039321864117
4867,Malat1,83,927.494398114108,957.8744361706464
4868,negative_control,1826,928.4971610957284,1059.1225384442298
4869,Malat1,83,928.8508966266694,1036.3088568611515
4870,Malat1,83,929.3185762082244,981.828639690902
4871,Malat1,83,928.7460097550702,924.3032290599548
4872,Il1rl1,69,930.320839220388,912.4069051064944
4873,negative_control,494,929.729529759362,989.658075133409
4874,negative_control,1520,930.505929030342,989.3196627627756
4875,Il1rl1,69,931.117518708542,936.8241887660356
4876,Il1rl1,69,931.7999391615024,1004.6839284488076
4877,Cnn2,16,932.0529900542095,977.7847521655232
4878,Il1rl1,69,932.7830244778432,921.9361567491152
4879,Malat1,83,933.8469682482536,1008.914970227662
4880,negative_control,995,934.7929529925178,1009.0016450515324
4881,Malat1,83,934.3763790949432,992.0674061547724
4882,Il1rl1,69,933.7966699597998,968.2210441844248
4883,Malat1,83,935.1249102227182,1038.743704624973
4884,Malat1,83,935.4682209984476,926.385151145807
4885,Malat1,83,936.9991539378152,991.1337003285364
4886,negative_control,715,937.1380780746232,1081.4640703691953
4887,Malat1,83,937.3788895575094,935.8598463814446
4888,Malat1,83,939.4602861119412,955.2976939309624
4889,Malat1,83,939.4227907043136,1004.7764433899904
4890,Malat1,83,941.5274700659188,1018.1659066713904
4891,Il1rl1,69,943.0922409156452,1005.3778485965342
4892,Malat1,83,943.9222819480754,978.3468113478424
4893,Malat1,83,944.166170816652,989.067493146419
4894,Malat1,83,945.5508058864503,974.7841850165026
4895,negative_control,1522,948.5401031525976,1093.0457935224836
4896,Malat1,83,949.3420985712124,969.6948293852632
4897,Malat1,83,950.0613256599852,959.0734685796324
4898,negative_control,598,950.5327745448984,1033.0669449821614
4899,Malat1,83,949.6876297032418,1008.461402454009
4900,Mdh2,85,951.6766593479762,1075.3796511423093
4901,Morf4l2,88,952.6603408687886,968.5967358541416
4902,Malat1,83,952.4742604826116,938.8231790874552
4903,Malat1,83,953.394268017736,989.41746343699
4904,Malat1,83,953.7096776912408,927.66104385976
4905,Nfe2l1,127,956.1063676259494,928.1893320762872
4906,negative_control,1512,954.3940578343344,937.39959405495
4907,Lamp1,74,954.3213568616108,937.7076567893612
4908,Malat1,83,954.2645677776434,955.3372909016792
4909,Malat1,83,954.427726785146,1039.2128785303398
4910,Psmd4,164,953.6915964283384,1031.8183572700348
4911,Malat1,83,954.1486493991704,1029.242987140251
4912,Zfp36l2,270,953.4755614020316,1030.536414472284
4913,Morf4l2,88,955.0916428417552,1089.595763372402
4914,Il1rl1,69,955.5162406985772,1018.5384737639092
4915,Malat1,83,955.9877240836304,992.9966250784946
4916,Actn4,3,955.8067945227092,1070.2550622337644
4917,Malat1,83,956.6209673298706,977.9664299185832
4918,negative_control,1520,957.9189315234144,1067.5954973254877
4919,Il1rl1,69,958.6375068898152,1024.9091882901598
4920,Malat1,83,958.768202473849,1036.0490249974407
4921,Morf4l2,88,958.7685635842583,939.142238136965
4922,negative_control,1520,960.0271125383276,940.7085916066426
4923,Actn4,3,960.2263889900396,1058.2815098712776
4924,Malat1,83,960.301513287406,951.4698350836856
4925,Malat1,83,960.4456990140304,971.3768871662644
4926,Vim,261,961.5263693424766,1050.3818946024758
4927,Gpi1,52,962.5161818798744,1050.7757990573475
4928,Ybx1,263,961.2365865228423,1051.091716398999
4929,Npc2,128,961.9126953314708,1050.8501807509003
4930,Malat1,83,963.4969190458976,1042.8928842373396
4931,Rbm3,182,964.3284317415392,957.3404367246056
4932,Malat1,83,964.4643442732952,958.0567490473052
4933,negative_control,2097,963.8992203975592,956.85070612614
4934,negative_control,444,964.7908171840788,957.7853739660608
4935,Zyx,271,965.0237385193382,959.172247655311
4936,Malat1,83,965.1090566927518,973.8908042289384
4937,negative_control,2018,964.7165350814035,1058.0609175419074
4938,negative_control,664,964.7030152445716,1058.515223365439
4939,Malat1,83,965.6848310749854,1029.0639947680943
4940,Malat1,83,966.283195627364,984.3271368566692
4941,Malat1,83,966.521463379014,1023.1516575913264
4942,Il1rl1,69,967.2150322612464,1014.02745694411
4943,Uba1,250,965.600995499421,1076.649986976836
4944,Malat1,83,968.178166412594,957.5314834014424
4945,Cnn2,16,969.5046148138152,1072.7999496055272
4946,Malat1,83,970.8316111063724,1004.6126899057056
4947,Msn,112,971.9772377616316,1097.278139325648
4948,negative_control,1576,970.4589186596304,1099.1941132204463
4949,negative_control,1632,971.4732334057704,1098.9161998587206
4950,Tnfrsf1a,233,971.3028907251228,1097.9216267767565
4951,Malat1,83,972.3808565051006,994.6009537281972
4952,Malat1,83,973.9189872201924,1017.0333086733548
4953,Malat1,83,977.2945236871828,955.8681247912197
4954,Cnn2,16,978.4231755215684,1121.3594465641063
4955,Il1rl1,69,979.3351294740664,966.3957933299962
4956,Malat1,83,981.8644569621206,1010.0260159899198
4957,negative_control,1407,982.6208371402964,1042.7908101253067
4958,Malat1,83,983.9934834503586,1307.852866000144
4959,Malat1,83,984.4832737363228,958.9121920265628
4960,negative_control,1009,984.7064613733036,1120.761321837005
4961,Malat1,83,985.4523346013656,965.819300565948
4962,Twist2,247,986.1822337392604,1079.1619758393415
4963,Vdac1,260,985.53262862444,1213.7336094359086
4964,negative_control,1009,985.788304947706,1213.5484889366026
4965,Malat1,83,986.9493630909968,954.9986183400094
4966,Il1rl1,69,986.777797426685,1054.9051295451477
4967,Il1rl1,69,989.1784104645252,989.8008809845762
4968,Morf4l2,88,989.933938104949,1128.9061199867356
4969,Il1rl1,69,991.6073689502524,1128.7422171719795
4970,Malat1,83,989.7618894007712,961.7440521044136
4971,Malat1,83,990.153509022144,967.577073641276
4972,Il1rl1,69,991.1086509639908,1093.5148516609256
4973,Morf4l2,88,991.6832733459736,1088.4845469266322
4974,Cnn2,16,994.3123365816872,1245.5607266379402
4975,Snrnp70,210,993.8003401916848,1245.028045668697
4976,negative_control,1781,994.189076548257,1139.1104482786952
4977,Il1rl1,69,994.701101961621,1001.4096957975984
4978,Ergic1,41,994.4577199722283,966.2900252272316
4979,negative_control,1200,995.577031789726,1004.8788222504008
4980,Cnn2,16,996.9453099585346,1156.8736069003714
4981,Tubb5,246,996.9639472297577,1120.2991230020657
4982,Morf4l2,88,997.405572663508,1121.0884387732913
4983,Rab5c,173,999.5986939458328,1204.8049509607656
4984,negative_control,469,999.73372778118,1266.5855087197108
4985,Hspa8,62,1001.9552536451608,1130.3399078353368
4986,Lrrc59,79,1002.3872800613034,1091.9865150574792
4987,negative_control,1826,1002.395376181916,1091.1711712606177
4988,Malat1,83,1003.6415354553384,1226.4921887737864
4989,Cnn2,16,1004.3997085359453,1115.8834986898264
4990,Mmp14,87,1004.2652758237128,1064.7084384550385
4991,Actn4,3,1006.9981543862872,1015.2626428317786
4992,Morf4l2,88,1007.2808007565784,1155.9731648659458
4993,Hspa8,62,1007.28523539675,1061.8961731025868
4994,Il1rl1,69,1007.099419760288,1061.591202673461
4995,Morf4l2,88,1007.1784705079144,1220.3952626407668
4996,negative_control,742,1008.2238367678028,1057.950961644591
4997,Ywhaq,267,1007.2173097263324,1057.937587601528
4998,Pdia4,141,1009.1194483965744,1013.7900307883792
4999,negative_control,1736,1008.8718202847142,1014.930142582139
5000,Rars,180,1012.4504850965944,1116.519251686888
5001,Cct5,10,1014.2715616677916,1117.6702736151217
5002,negative_control,1361,1013.1994903357312,1116.744692005209
5003,Morf4l2,88,1013.9425891792988,1110.5583232232557
5004,Actn4,3,1014.061052375471,1054.872574841468
5005,Rab5c,173,1014.420382498002,1178.2373793814038
5006,negative_control,643,1014.7572511038544,1022.758501951555
5007,Morf4l2,88,1017.0340802234406,1126.5579932221124
5008,St13,220,1017.3178482195292,1126.709080566
5009,Loxl1,78,1016.7016547448756,1062.0804820811752
5010,negative_control,1428,1017.5526813282564,1061.9348373608857
5011,Il1rl1,69,1020.6590274598736,1035.9704403229464
5012,Actn4,3,1022.9037865125904,1123.6407762702906
5013,Mrpl1,90,1022.6305239195506,1014.4048746135524
5014,Morf4l2,88,1022.4974630798288,1136.7960604146028
5015,Il1rl1,69,1022.7772277792568,1145.080686448011
5016,Morf4l2,88,1026.424706021253,1004.7825184361074
5017,Il1rl1,69,1027.265606196907,1137.177508340615
5018,Actn4,3,1027.8715122086085,1122.199023578385
5019,negative_control,1826,1030.859406413142,1046.7029125036192
5020,Malat1,83,1030.6254692688617,1126.3538357266896
5021,Actn4,3,1032.7144288056345,1012.6969892212212
5022,negative_control,1670,1032.285625447416,1009.3563797962632
5023,St13,220,1034.2927060464938,1075.357958444652
5024,Pgrmc1,143,1034.07266599265,1076.4090028368985
5025,Vim,261,1035.545007224715,1025.6297147937714
5026,Actn4,3,1033.6303104817543,1025.3490206088388
5027,negative_control,1983,1034.6906975916218,1025.3809927109533
5028,negative_control,1588,1035.0873195907668,1026.4083510238263
5029,Actn4,3,1037.2199644332782,1056.6911230196183
5030,Rab5c,173,1039.6635220932017,1117.5549105259822
5031,Ptbp1,167,1041.1551664437789,1124.8189766185303
5032,Rab5c,173,1040.7578931286162,1124.858364147472
5033,Cnn2,16,1042.030329159542,1055.953343260358
5034,negative_control,1355,1042.7907109175503,1125.7477293308668
5035,Actn4,3,1045.0368851329683,1121.4060232956683
5036,Cnn2,16,1046.5464518802603,1127.844387240086
5037,negative_control,1524,1053.9588872616384,1051.1509348148966
5038,Hdgf,56,1054.3970853191604,1048.494645650146
5039,negative_control,1524,1056.905587781212,1085.530557305763
5040,Actn4,3,1063.32033902497,1035.8414366630277
5041,Hspa8,62,1063.479266006224,1034.551945608792
5042,Ptgs1,169,1062.9203020788214,1034.8509346987448
5043,negative_control,1661,1071.62456166673,1080.8748155989238
5044,Cnn2,16,1071.764776402983,1081.257171969816
5045,negative_control,1301,1071.2175732026546,1079.1805938723796
5046,Eif4g2,38,1070.6343105383244,1080.700152505231
5047,negative_control,518,1071.179147860796,1079.7232725093436
5048,Ncl,121,1078.5564565624177,1069.975926131604
5049,Ubxn1,253,1078.8569780706932,1069.3344293317132
5050,negative_control,450,1079.8093770994233,1070.3794536324638
5051,Zyx,271,1082.3865989741157,1104.8745425239576
5052,Rab5c,173,1080.092369259244,1105.210158295345
5053,Rab5c,173,1092.6968838192624,1101.7721665383187
5054,Cnn2,16,1095.8257583970608,1083.2949403705682
5055,Cnn2,16,1097.6207074109338,1086.7607046895096
5056,Actn4,3,1100.486398600422,1087.1917286026787
5057,Actn4,3,1120.4575188474892,1087.265658239391
5058,Vim,261,1120.168510568104,1092.694866833987
5059,Cnn2,16,1123.564778312943,1088.098004893582
5060,Il1rl1,69,1125.2390580139945,1077.926411669287
5061,Morf4l2,88,1137.3910767053276,1083.342083938922
5062,Cnn2,16,1137.5514130541455,1093.4467085680335
5063,Mrfap1,89,1137.0181502141952,1093.9608606773313
5064,negative_control,747,1140.4757829661537,1102.6709789918164
5065,Csnk2b,23,1153.383185212142,1097.1217175757197
5066,Actn4,3,1151.8131762401238,1097.4041205776516
5067,Malat1,83,1152.8477031603072,1091.846191642674
5068,Cnn2,16,1159.8142354404715,1095.700637500681
5069,Cnn2,16,1164.5429811612823,1098.815899495248
5070,Rab5c,173,1184.9391751858534,1103.77958763787
5071,Malat1,83,1226.8525401499014,1122.2836554297874
5072,Malat1,83,1245.5303077414535,1134.594997082434
5073,Cnn2,16,1285.9635592700536,1117.0299071329448
5074,Morf4l2,88,1291.0000703973042,1109.596329528994
5075,Malat1,83,1291.3525724250326,1139.461686651549
5076,Cnn2,16,1293.0835476090929,1115.9500106026708
5077,Actn4,3,1298.4684236734013,1135.3460756888353
5078,Tubb5,246,646.3008216228928,888.6812868733256
5079,negative_control,1068,650.5103899375035,880.8724157681223
5080,Fkbp8,45,654.0308065610003,909.3862467809548
5081,Mtch1,115,656.2902893745907,876.633142193631
5082,negative_control,1070,657.7157325139285,876.9108863977386
5083,Tubb5,246,666.3372492909541,902.7082909234724
5084,Tsc22d1,244,671.6997624992039,882.0124180812179
5085,Tubb5,246,676.500664845257,878.467033801764
5086,Trp53,242,686.906272962975,914.5881008876056
5087,Hspd1,64,690.6517239161179,885.5641269237979
5088,Mtch1,115,702.7764417410674,870.2409169385721
5089,Tubb5,246,711.52197739885,918.243891869551
5090,Tsc22d1,244,712.3051030029256,900.733727034604
5091,Prps2,155,713.7909375735163,884.7877716595832
5092,Hspd1,64,727.6899207175824,773.0692304520437
5093,Tubb5,246,732.2047968352723,877.9648313782291
5094,Prps2,155,733.6473308961554,792.096694089347
5095,Tubb5,246,741.508196961653,912.8651791781964
5096,Hspd1,64,741.5530454383562,775.7429188722189
5097,Tubb5,246,741.7360197637133,778.5464487136505
5098,Hspd1,64,743.0518948088816,908.5877603867154
5099,Hspd1,64,743.4192337106476,933.66392626996
5100,Tubb5,246,745.5717995362011,878.2780019092746
5101,Rpl15,186,746.3758535359896,879.7216994642703
5102,Hspd1,64,745.6622335248718,943.5378065620037
5103,Mtch1,115,747.7237249106549,898.6469992034531
5104,Hspd1,64,750.785449397766,906.0701608579224
5105,Tubb5,246,751.9074049307023,882.5219172425622
5106,Tubb5,246,756.6629488569307,917.8405493035414
5107,Npc2,128,756.4592253382714,878.8528621124467
5108,Tubb5,246,758.1746406707562,820.5121585317314
5109,Tubb5,246,760.9519144132296,892.8886292266639
5110,Npc2,128,760.853632530562,881.8542728497274
5111,Mtch1,115,762.5544253872104,784.1547890530159
5112,Mtch1,115,762.4474272249581,932.8324852009498
5113,negative_control,1473,763.7069975680251,875.8736248914529
5114,Hspd1,64,764.0961604449026,827.3826002364165
5115,negative_control,1811,764.403233129073,903.5282310622658
5116,Mtch1,115,765.0139425642022,916.5742726235216
5117,Tubb5,246,765.3394124917987,886.0423153505005
5118,Tubb5,246,766.0184028416862,869.2615128475346
5119,Hspd1,64,765.9385498024988,859.6439768174639
5120,Tubb5,246,767.2296959406011,824.9907056837761
5121,Tubb5,246,769.2285460002724,875.6479464520946
5122,Hspd1,64,771.2639773768392,845.2288080564024
5123,Hspd1,64,773.4755745416008,918.7895812083714
5124,Fkbp8,45,774.3387934936484,784.058136378201
5125,Tubb5,246,776.5960769227158,835.0407544714926
5126,Npc2,128,777.6607429428909,890.0968725695653
5127,Msn,112,780.3538711470289,890.1035019423289
5128,Tubb5,246,779.3776837751486,838.4162784984248
5129,Pdia3,140,779.9755778671672,923.3205230269664
5130,Rpl18a,187,780.2280922980793,896.8257582766912
5131,Aqp1,5,782.0903066525319,813.7795381786116
5132,Hspd1,64,783.0873398550781,897.2881469672066
5133,Tsc22d1,244,783.6323048239055,893.0697320516113
5134,Tubb5,246,783.8190321562873,933.7543593823946
5135,Mtch1,115,785.1616943961562,886.8557101262777
5136,Lmna,77,787.8324181216824,780.4472755332126
5137,Ncl,121,788.3389756279448,781.9944989780711
5138,Npc2,128,787.3646960922267,930.2493811736329
5139,Tsc22d1,244,786.6445628661384,841.2111093012113
5140,Tsc22d1,244,788.481457030593,939.2514887416728
5141,Tubb5,246,788.4437229329656,805.1886714293461
5142,Mrpl43,103,791.3601698554776,847.2791335410202
5143,Tubb5,246,793.0633950140384,939.9026977423704
5144,Csnk2b,23,793.3652380484514,939.3514735778284
5145,Myh9,118,793.1036947678908,939.8853649531676
5146,Tubb5,246,793.2452788315718,801.3576918633557
5147,Zyx,271,796.5805964448418,884.1958981943226
5148,Tsc22d1,244,795.4415564058589,927.7650404922698
5149,Ptgs1,169,794.8760083903516,932.8483104271309
5150,St13,220,795.6534464299385,931.7168589536924
5151,Pdia3,140,796.7209022253303,932.0257243110468
5152,negative_control,1589,795.4832205977781,931.73914145135
5153,Tubb5,246,797.4081126805269,863.9048354291773
5154,Pdia3,140,798.0412351730037,902.5795954421312
5155,Tubb5,246,798.863169167459,828.2107804269324
5156,Hspd1,64,801.1627356715933,920.2773615047226
5157,Tubb5,246,802.0753057601781,808.5921441233392
5158,negative_control,1563,801.8877588355947,885.057056691707
5159,Ssrp1,219,803.04792586719,904.6751181793448
5160,Tubb5,246,803.5870502301259,852.510025564818
5161,negative_control,1954,803.6330706191161,931.1413453516512
5162,Tubb5,246,803.5536428906958,815.175765305262
5163,negative_control,945,803.7627422447384,867.2389373554839
5164,Vdac1,260,803.9314498354985,867.8406855334504
5165,negative_control,1064,804.5816764102277,900.3223871542004
5166,Rbbp7,181,806.7394051062598,900.6567604191287
5167,Hspd1,64,804.1990766253754,918.606679868209
5168,negative_control,1734,805.9273612936634,846.9801535543913
5169,Hspd1,64,806.7529762994645,827.2564397116491
5170,Tubb5,246,809.2870081138113,850.0152552849704
5171,Tubb5,246,809.6499347713183,878.6216714825501
5172,Tubb5,246,810.6405594763959,914.6645498889684
5173,Tubb5,246,810.3842758303444,797.1264077176833
5174,Tubb5,246,810.9773668540707,828.3451373929864
5175,Pdha1,139,811.8249991174144,862.6546442301344
5176,negative_control,664,812.9985933241877,862.8134229198567
5177,Cited2,13,812.9236118999104,864.6498636502979
5178,Tubb5,246,812.479682897258,846.7155053711625
5179,negative_control,1295,813.0035339678934,846.5819632266197
5180,Mtch1,115,813.5740697277432,837.9729180686338
5181,Nr2f2,129,814.8430250080191,837.6207331932309
5182,Tsc22d1,244,815.1166431578654,810.8378657224106
5183,Fkbp8,45,816.6870870207714,898.6373136265747
5184,Tubb5,246,817.9999207456262,936.474877413376
5185,Tubb5,246,818.7235876242919,820.0293903882284
5186,Fkbp8,45,818.718250030493,803.8426201516629
5187,Hspd1,64,818.9509865361789,835.7417967600004
5188,negative_control,1611,819.0862224770107,901.7354019435102
5189,negative_control,1068,819.9901420376309,814.4581535784196
5190,Npc2,128,821.4999443221599,875.526380237073
5191,Npc2,128,821.5001423003051,928.7382332446796
5192,negative_control,820,822.285569410502,858.8702953591796
5193,Tubb5,246,823.2126890983741,841.3463886530674
5194,Tubb5,246,824.2782251610051,940.8506625064848
5195,negative_control,1254,825.4381004062849,950.5377579436164
5196,Npc2,128,826.5192760522624,924.6920319626076
5197,negative_control,911,826.7883193929686,925.0865133797068
5198,Hspd1,64,828.3832764424214,846.2361293244852
5199,negative_control,1090,827.3758126359548,806.157161329777
5200,negative_control,1426,828.7290786487042,805.8379694854634
5201,Npc2,128,828.861885081744,909.782888511374
5202,Tubb5,246,829.77311153,861.6478613729303
5203,Pdia3,140,831.9225284949208,882.1851353586396
5204,negative_control,1328,832.2531235324163,890.026709759093
5205,Npc2,128,832.8906954416138,786.8375676765991
5206,Hdgf,56,833.1519243612817,785.301859601122
5207,Tubb5,246,833.0621251311982,806.3268555642567
5208,negative_control,2076,832.9587080913014,840.4816146727915
5209,negative_control,1591,834.9139899385584,810.3108830468849
5210,Npc2,128,835.6245811400154,862.327828320333
5211,Hnrnpul1,60,835.4031481328029,802.7751216412364
5212,Hspd1,64,835.5625768076904,833.021522249269
5213,Tubb5,246,835.6878672248837,962.8350208234976
5214,Sfpq,206,835.2709273479754,937.7309125803888
5215,negative_control,1727,837.640277788443,879.4569614146587
5216,negative_control,1810,837.8812952977844,960.6213967763996
5217,Npc2,128,839.3987339442797,860.3710107150579
5218,Npc2,128,843.0441071888397,899.9561259783752
5219,Npc2,128,842.9261727950078,931.3319706365274
5220,Npc2,128,842.7147370711756,943.1795098993
5221,Ybx1,263,844.437818611983,829.420816550904
5222,Mrfap1,89,845.4537530869692,808.5163684364809
5223,Msn,112,843.3048491076661,809.3801030894768
5224,Tubb5,246,844.7960822142661,838.0406373752162
5225,Npc2,128,846.4342587299317,880.2225589155352
5226,Hspd1,64,846.7578479600708,979.3244825790432
5227,Csnk1a1,22,848.1613776488261,979.714452149458
5228,Npc2,128,847.298038039029,895.0433435421556
5229,negative_control,1732,848.5746462182785,836.178167524419
5230,negative_control,1605,850.0550784725627,835.920468470373
5231,Rps15a,191,848.4777591027167,973.0178957716575
5232,Hdgf,56,848.6542996792417,972.6309377223636
5233,Stip1,221,849.4264478678489,973.5405506512002
5234,Npc2,128,848.8855099852495,914.3915513188116
5235,Aco2,2,850.0679636117839,818.5497668046327
5236,Psap,160,849.8794268443929,904.679570960166
5237,Lrrc59,79,850.7054760831676,826.2223352990948
5238,negative_control,603,849.6308358289707,826.581754195586
5239,Fkbp8,45,850.322879978968,756.0645352653189
5240,Tsc22d1,244,850.6518364087592,737.6699861360079
5241,Hspd1,64,851.7045202657256,794.0553945961742
5242,Tsc22d1,244,854.4521144012865,989.106946150771
5243,negative_control,1720,854.5939955374944,898.057629191994
5244,negative_control,1611,855.5083210849392,862.7594501789956
5245,Fkbp8,45,856.7407774772984,851.4652792088287
5246,negative_control,1736,855.6133994492038,837.6783847074532
5247,negative_control,712,855.9423239748062,838.0251300330345
5248,Npc2,128,856.6621507098328,874.1799375027665
5249,Npc2,128,856.7566873617152,964.0106181144096
5250,Fkbp8,45,858.1050963968614,921.535438650096
5251,Npc2,128,858.2599146228521,866.6966980961026
5252,Npc2,128,859.6337081374039,874.3199378620458
5253,Laptm4a,76,860.2195198767693,931.1454809242668
5254,Npc2,128,860.9440063421914,929.9596559046306
5255,Npc2,128,861.5910783385804,989.7727639371518
5256,Hspd1,64,862.1199845097335,891.7317906655281
5257,Ybx1,263,863.1800718788177,817.5604616947246
5258,Hspd1,64,864.3646822021872,839.31017479307
5259,Npc2,128,869.9326784467468,883.5841556549741
5260,Npc2,128,870.8865381608708,913.627494206765
5261,negative_control,1328,871.1185741441664,1001.8384097262308
5262,negative_control,288,872.6777135849164,1012.117919284636
5263,negative_control,807,876.5986379212636,895.5092128198411
5264,Tsc22d1,244,880.6626872799213,861.7052711971445
5265,Npc2,128,882.7432708360402,1030.562257237944
5266,Tubb5,246,884.5147994367154,1034.6898752474117
5267,Rps15a,191,883.6145537250602,1035.10422419917
5268,Npc2,128,884.3022681243617,1026.9537671790133
5269,negative_control,1094,885.9622919514989,915.5942112082346
5270,negative_control,826,886.9730921591749,928.0740083692316
5271,negative_control,608,886.5883553047761,928.243110430763
5272,Npc2,128,887.4285155544835,939.853954293532
5273,negative_control,1011,890.4011734106762,944.5545128281932
5274,Npc2,128,894.5323568087106,930.2240507881986
5275,Tubb5,246,896.045352203041,937.3659214012912
5276,Tubb5,246,896.7743543947335,886.4499762923681
5277,Aqp1,5,898.4103362867731,949.9402908660592
5278,Tubb5,246,900.1415535476826,1028.2620456280708
5279,Sdc4,202,899.8959019017552,1026.3593326832477
5280,Cebpd,12,899.2064506172815,1028.09502808556
5281,Mrpl43,103,900.3491675557243,867.9051866999621
5282,negative_control,1543,900.3229241630338,869.0476246172013
5283,negative_control,1810,900.9969611424436,1019.5439741700742
5284,Pdia3,140,901.1492259292816,894.7054762506328
5285,St13,220,905.3723349424172,897.0611096579428
5286,negative_control,1094,904.2734244654018,898.5282019240396
5287,negative_control,2045,904.6250173481976,897.3383887394732
5288,negative_control,1611,906.2772559722828,884.5304888107333
5289,Aqp1,5,906.5915131757652,950.5660268645854
5290,Npc2,128,908.6923335653944,1031.170180051487
5291,negative_control,603,908.6026239599772,953.758957357197
5292,Pdia3,140,909.5378335001952,887.65936998893
5293,Hspa8,62,907.9560965727146,877.040836175427
5294,Aqp1,5,910.2655252647896,927.626176852648
5295,Npc2,128,910.6872023482237,918.7331604600096
5296,Tubb5,246,912.1894210845314,911.4443479141376
5297,Aqp1,5,915.9017673498394,932.5373395032474
5298,negative_control,1722,917.049223508176,893.7402075683333
5299,Tubb5,246,917.4798965067675,917.7696966603494
5300,Aqp1,5,920.3010121415116,932.5635219585698
5301,Npc2,128,922.4513826032764,999.2690101516008
5302,Tubb5,246,923.0704317154172,1064.369390197763
5303,Npc2,128,925.04331778335,995.4645258424932
5304,Npc2,128,925.0125009611028,966.1089561560436
5305,Npc2,128,924.745991772042,931.468716853656
5306,Hspd1,64,927.707608941712,918.7329479272894
5307,Npc2,128,928.3628779367048,901.7722595952706
5308,Npc2,128,930.115198912544,913.7625939788524
5309,Npc2,128,929.7769253020892,1047.7125783582983
5310,Aqp1,5,934.7765461356006,1039.487393038779
5311,Aco2,2,935.2858813484124,1065.6014085190295
5312,negative_control,847,935.5564966245638,992.7318455688464
5313,Aco2,2,936.5504690263558,924.8995420854488
5314,negative_control,288,936.4915666341566,955.3056412822036
5315,Tubb5,246,937.6839433104388,920.107512713485
5316,Hspd1,64,939.98938054777,1084.032088566736
5317,Vim,261,941.152637817274,1024.678543845181
5318,negative_control,480,942.171065271578,1024.9997718437862
5319,Hspd1,64,942.41981690332,1073.5538242543453
5320,Tubb5,246,942.9373833140584,911.7925836788947
5321,Fkbp8,45,945.9504636744168,1058.1676204550904
5322,Mtch1,115,952.6188016752586,1021.7937008701354
5323,Aqp1,5,954.9355701102636,961.2528064728114
5324,Aco2,2,956.611484032311,1078.613549063718
5325,negative_control,603,957.2556336058244,1008.7057193469386
5326,negative_control,1736,957.537917176215,1089.1021957325845
5327,Hspd1,64,960.3530413234956,1088.1570108253577
5328,Tubb5,246,963.570956884287,1077.064592058196
5329,Fkbp8,45,964.5077532050796,1064.0179885834164
5330,Fkbp8,45,967.7332027379024,1093.6951428615205
5331,Npc2,128,968.8539568282832,979.4858008219296
5332,Tubb5,246,971.5277812834764,1078.4189638742664
5333,Npc2,128,972.70809942657,1088.2740645438175
5334,negative_control,1638,978.2878126682124,1047.2101956359893
5335,Nr2f2,129,979.8414117658158,1046.3479538531471
5336,Tubb5,246,979.0333779301948,1084.9948107871382
5337,Pdia3,140,978.8120217565728,1017.3482981712058
5338,Hdgf,56,978.5333720015324,1082.9303410401983
5339,Npc2,128,979.5219018247948,1039.0036332926502
5340,Tubb5,246,982.5567836233575,1245.4212004748288
5341,Npc2,128,983.2422305166268,1098.9243321152576
5342,Mtch1,115,982.7953625648568,1254.2809632942285
5343,Mrpl43,103,983.33951318594,1304.7910909244415
5344,Npc2,128,987.1102504068784,998.6191781036556
5345,negative_control,1373,987.2345621528702,1088.8523283457162
5346,Lmna,77,988.4329478987988,1225.2998143264108
5347,Hspa8,62,988.9047261049748,1225.374820452149
5348,Tubb5,246,987.4213870530004,1225.8980136510556
5349,Ran,178,988.2987850586997,1225.441451081495
5350,negative_control,1723,987.3974019652522,1077.299659414327
5351,negative_control,826,987.7994052553368,1154.3416694684518
5352,Npc2,128,987.7578781590098,1260.4636418155392
5353,Ybx1,263,989.0573378897328,1159.62804627173
5354,Tubb5,246,990.0299020457478,1187.8459100531002
5355,Tubb5,246,990.237020340212,1205.4105586501516
5356,Tubb5,246,992.1664383552098,1277.1066513261037
5357,Ptgs1,169,991.7070278132971,988.9369972285836
5358,Tubb5,246,992.3246129195908,990.698029824562
5359,Tubb5,246,992.6232524379446,1098.3920472253476
5360,Lmna,77,992.541102751322,1097.4018318726298
5361,Mtch1,115,992.9515100139572,1223.7808002750648
5362,Tubb5,246,993.398132836377,1271.1097916240426
5363,Tsc22d1,244,994.2145299118406,1045.9742601727123
5364,Hspd1,64,994.6572034492432,1251.7996133297424
5365,Tsc22d1,244,995.2373895191558,1094.6394258915589
5366,Tubb5,246,995.7097706805074,1167.0653390847804
5367,Vim,261,995.4376809716944,1074.9573522934368
5368,Ybx1,263,995.9140324779733,1074.094629920753
5369,Tubb5,246,998.4420676405648,1124.9865044483367
5370,Nucb1,131,1001.015744018312,1069.832359357419
5371,Ncl,121,998.1627403122244,1099.7496147890615
5372,Hspd1,64,1000.5560043158284,1230.9107142706237
5373,Pdia3,140,1001.8311778012644,1067.7168039212995
5374,Tubb5,246,1000.89023038103,1145.1160981055891
5375,Hspd1,64,1001.292777428256,1129.7235630828718
5376,Tubb5,246,1002.03541639935,1108.7754034522875
5377,Npc2,128,1002.7771516662948,1153.402709364089
5378,Ywhah,266,1003.4856613572264,1160.3905025588983
5379,Vdac1,260,1001.9499416507758,1160.504985105095
5380,Oxct1,134,1002.5639775287,1160.7953753895265
5381,negative_control,956,1003.5981366039292,1036.59806911766
5382,Tubb5,246,1004.4856002217776,1118.234629213902
5383,negative_control,1626,1003.2677938241786,1118.098614171151
5384,Tsc22d1,244,1005.868180403158,1048.8600786470276
5385,Mtch1,115,1005.9569456797168,1109.778026796815
5386,Fkbp8,45,1006.8184631820428,1120.071901363675
5387,Psap,160,1007.466018385043,1069.77327349557
5388,Fus,47,1007.4956310580916,1070.3312116753543
5389,Gsto1,54,1009.542806336473,1115.1296704462045
5390,negative_control,1107,1009.6869159535944,1116.1321694548496
5391,Fkbp9,46,1012.7923703622228,1070.179610312964
5392,Tubb5,246,1009.9114192230986,1070.6464597551012
5393,negative_control,1164,1011.0432874415112,1070.9011908557395
5394,Tubb5,246,1010.215134765702,1231.239442005114
5395,Tubb5,246,1010.0299234122392,1147.249869008236
5396,Npc2,128,1010.9764008976872,1139.9597203975584
5397,Psma7,161,1011.328650397343,1140.4543975496088
5398,Hspd1,64,1011.9841477019668,1127.8321625532603
5399,negative_control,288,1012.9057964349284,1016.4888102570552
5400,Mtch1,115,1015.3438469784764,1132.1482304039964
5401,Pdia3,140,1014.7044503760072,1073.3291838350488
5402,Tubb5,246,1016.0149717014864,1106.320287334453
5403,negative_control,1263,1016.489625368823,1106.593844978699
5404,Npc2,128,1015.7054286307424,998.7171958967202
5405,Hspd1,64,1015.5409040805756,1144.303937023576
5406,Tubb5,246,1016.0491158391404,1047.390687193729
5407,Npc2,128,1018.315905370994,1085.472603103979
5408,G3bp1,49,1020.8442219562952,1124.061624213036
5409,Fkbp8,45,1022.4421842049348,1029.5162417541496
5410,Mrpl43,103,1026.9193021047952,1124.3085017683743
5411,Mbd3,84,1028.3659784854997,1123.8398563194512
5412,negative_control,1611,1027.4071608384324,1122.1293098606309
5413,Hspd1,64,1031.937865564944,1119.1220258921685
5414,negative_control,1732,1031.9991272826271,1047.427949981006
5415,Npc2,128,1033.7618396227988,1080.700882789126
5416,Vat1,259,1033.5523010871304,1053.7964400949886
5417,negative_control,346,1034.6100930764253,1039.648819317672
5418,Aco2,2,1034.2086189017857,1017.2786537847312
5419,Myh9,118,1032.863084959325,1016.4288994523396
5420,Mtch1,115,1035.4072957544918,1010.9258608102252
5421,negative_control,1591,1035.5965942224443,1132.6898269074309
5422,Raly,177,1035.6088688039658,1122.8902385170702
5423,negative_control,1810,1036.730399827767,1091.428656584279
5424,Hspd1,64,1039.9819208711358,1104.3385029118135
5425,Rcc2,183,1039.283082862572,1104.3927380464816
5426,Mrpl43,103,1039.942160986665,1070.8031331202228
5427,Pdia3,140,1040.347565033572,1075.1783199895567
5428,Npc2,128,1041.3806710955018,1028.629864472677
5429,negative_control,1064,1041.945775014559,1127.984572734267
5430,Hspd1,64,1045.0632648086398,1097.358187298556
5431,negative_control,1735,1047.916872465359,1097.9370216481573
5432,negative_control,1810,1049.8589542211998,1050.2821937645438
5433,Tubb5,246,1050.6119909579363,1061.7781241953778
5434,Npc2,128,1057.728453612242,1038.3998540425248
5435,Hspd1,64,1060.564905946903,1059.4185165220908
5436,Prmt1,153,1061.2947446605576,1082.504750221016
5437,Tubb5,246,1063.3318800619109,1086.6671973692864
5438,Hspd1,64,1063.087737732571,1119.8071232631917
5439,negative_control,1736,1065.2276263889662,1100.6150116131894
5440,Tubb5,246,1068.1709162390512,1055.1703037488137
5441,Prps2,155,1068.7214325391287,1061.3706093674832
5442,Tsc22d1,244,1068.7099867701836,1114.5719129096406
5443,Mtch1,115,1074.9941670968833,1096.2427595740974
5444,Aco2,2,1075.233754237393,1065.554400639333
5445,Zyx,271,1076.30181532416,1048.8080783841683
5446,Ybx1,263,1075.4527319682516,1047.6761777321824
5447,Hspd1,64,1076.5201252010463,1058.2903096913376
5448,Trim28,241,1079.479577033164,1074.9354042367922
5449,negative_control,1850,1086.6182610528151,1085.2997938222654
5450,Vim,261,1089.7565279876897,1059.8834653072045
5451,Tubb5,246,1090.2303579618049,1060.9411455088502
5452,Zfp36l2,270,1090.4082802228686,1077.703963932846
5453,Hspd1,64,1090.5854489768672,1076.6861197188043
5454,negative_control,1254,1108.4243286886222,1089.9658834289007
5455,Tubb5,246,1115.7173772851904,1082.625212210566
5456,Hspd1,64,1123.2277701857847,1083.0338961727143
5457,Tubb5,246,1126.4876192132672,1080.8407895668677
5458,Tubb5,246,1133.9714355516069,1095.5861525807684
5459,Tubb5,246,1133.7458889702364,1105.4894442659438
5460,Npc2,128,1143.4699677744618,1101.7250304128363
5461,negative_control,905,1144.4768007775922,1092.7118112794656
5462,Mrpl43,103,1157.921850171962,1110.1481350910744
5463,Tubb5,246,1167.5187746248816,1106.8594295646392
5464,Hspd1,64,1188.4626090021663,1103.1204834090631
5465,Aco2,2,1192.2515309643982,1115.579683840872
5466,Aco2,2,1211.1676937419636,1119.6277576216048
5467,Fkbp8,45,1217.591582954867,1121.7576416861957
5468,Tubb5,246,1221.6053700883715,1119.654982523184
5469,Hspd1,64,1228.3016874373975,1120.0646774698826
5470,Hspd1,64,1245.367567674258,1138.9892637971898
5471,Fkbp8,45,1247.7408644916882,1116.7673939937006
5472,Mtch1,115,1250.1171478031988,1113.6137495211997
5473,Hspd1,64,1259.7414808740275,1138.1537444607436
5474,Hspd1,64,1263.6117897610202,1134.3525503510546
5475,Hspd1,64,1266.0203077799983,1127.7111577399546
5476,Idh2,65,1267.4026938572342,1128.4925729693418
5477,Hspd1,64,1268.4907293868378,1132.0737919825535
5478,Mtch1,115,1274.3310052744357,1117.235655725119
5479,Hspd1,64,1275.1586825815964,1131.9726911019138
5480,Tubb5,246,1283.2814382678837,1121.060694126868
5481,negative_control,1254,1290.0990425137854,1111.1302620180977
5482,Npc2,128,1295.038660557205,1123.5096468897066
5483,negative_control,1328,1293.9075820695816,1111.0524255078435
5484,Tubb5,246,1298.1227677568916,1120.2884261359554
5485,Tubb5,246,1314.8120208408843,1128.273526203583
5486,Psmd7,165,654.8475219982057,884.1611113024834
5487,Psmd7,165,663.912236636333,888.3979775250111
5488,Stip1,221,674.2924644838268,885.6635216160736
5489,Ncl,121,678.5317960873813,926.4034976379884
5490,St13,220,681.0886127035312,885.0704175514004
5491,Psmd7,165,693.5476765669783,909.2554005345764
5492,Stip1,221,697.9519646212893,904.5837562300452
5493,Snx5,212,697.9180980227443,877.7080009700474
5494,Ncl,121,699.2465575376934,917.9794338258644
5495,Psmd7,165,705.2262520283371,913.0488075301126
5496,Ncl,121,708.3825697764056,892.7528356464662
5497,Ncl,121,732.4896661904606,925.8736377154304
5498,Ncl,121,738.306886461483,875.4087722611155
5499,Maged1,82,743.241195343337,910.5837024009428
5500,Ncl,121,744.5007220342086,915.737339967612
5501,Psmd7,165,747.9240036839012,776.9052663587995
5502,Rrp1,198,750.8611529604534,931.813132858096
5503,Psmd7,165,757.2771837551714,890.8896872285061
5504,Psmd7,165,757.4191875203767,886.6294177472528
5505,Snx5,212,758.7112953607406,801.9752292551265
5506,Ncl,121,759.7539000812513,862.1924556172494
5507,Stip1,221,761.1447119128741,938.3466857123798
5508,Psmd7,165,762.4612172735434,825.2813813239159
5509,Ncl,121,767.3693790415759,835.9870346606845
5510,Snx5,212,767.8095515573991,897.4212031127138
5511,Arf1,6,769.3638899802003,868.2939876230658
5512,Stip1,221,770.4640508422682,936.6827900844114
5513,Pla2g4a,145,771.644118106632,884.0544217188253
5514,Oxct1,134,772.7157595056151,846.7050844352168
5515,Ncl,121,772.4260742691698,913.736995071304
5516,Stip1,221,773.3470734678227,876.0637698586407
5517,Eif4g2,38,774.4553572504853,829.7312292695849
5518,Vim,261,774.7486392547908,829.5590438147553
5519,Ncl,121,774.5125594561902,795.9065054221338
5520,Oxct1,134,774.8503059109111,826.6186068213767
5521,Ncl,121,775.7661313879773,925.383535969484
5522,Ncl,121,778.843575060901,897.6742865334624
5523,Psma7,161,780.1154395328512,869.2652332529361
5524,Ncl,121,780.0735781631445,924.427275362515
5525,Ncl,121,781.182437042761,883.2188710475468
5526,negative_control,567,781.5226712333612,914.3303388581696
5527,Ncl,121,782.7112916492292,861.7035775692154
5528,Ncl,121,783.9178209140695,835.9613771702657
5529,Ncl,121,787.8720707802015,870.4585025361669
5530,Ncl,121,787.5499690818649,933.3177768575448
5531,Snx5,212,788.461999138645,939.76176002494
5532,Ncl,121,788.7872459753958,923.8796393548982
5533,Rrp1,198,791.803161692342,840.0833781105541
5534,Psmd7,165,791.9294312293159,869.0396797133146
5535,negative_control,1285,792.5951348740472,877.9220611960321
5536,Ncl,121,793.1539295781787,942.2954648690114
5537,Ncl,121,793.9442477177887,889.208575464249
5538,Ncl,121,794.6003076397251,780.0323563949646
5539,Ncl,121,795.2708269988473,847.9869623951864
5540,Ncl,121,796.4805590607994,896.9494914056843
5541,Maged1,82,796.9043439749827,878.0853090331937
5542,Vim,261,796.4241019290306,877.3617693586745
5543,Oxct1,134,796.4939940660599,876.9304597295124
5544,Ncl,121,797.6504461783604,906.05044123851
5545,Hsd17b12,61,796.9621338691986,932.23843328663
5546,Zyx,271,800.5985193684718,809.092002077006
5547,Ncl,121,801.0866558359198,810.84935551388
5548,Snx5,212,802.8324375343277,893.4027037105163
5549,Ncl,121,809.9291950297295,928.050762892914
5550,Cct5,10,814.832618226897,932.443933014593
5551,Ncl,121,817.8492007728537,909.0239107778814
5552,Stip1,221,818.7369355785384,805.2600064936776
5553,Ssr3,218,819.2240347199564,806.2196224228121
5554,negative_control,1584,819.8877010668322,810.5597209796066
5555,Stip1,221,824.641316723624,941.4450911126512
5556,Psmd7,165,828.0508187386239,833.723031781425
5557,Psmd7,165,828.2514154331944,940.3207097560672
5558,Snx5,212,829.063541412827,873.5178766148182
5559,Ncl,121,830.5276549389494,809.3915449873939
5560,Ncl,121,830.5336302553153,800.144322723008
5561,Snx5,212,831.4220140162124,917.5204955221686
5562,Snx5,212,832.4849296335524,945.5261372259248
5563,Ncl,121,833.0469475898809,805.4377456875676
5564,Csnk2b,23,833.4284971435522,800.8403105251143
5565,negative_control,519,833.5629278988057,814.0065610952257
5566,Stip1,221,833.399527990828,895.2073418515915
5567,Hsd17b12,61,837.7367552246753,937.0121375801456
5568,Psmd7,165,837.734415225462,810.2974770508599
5569,Ncl,121,839.2158394821033,808.851748385547
5570,Psmd7,165,840.1274379774729,816.7080706794329
5571,Rrp1,198,842.3246013773585,893.6990879403226
5572,Ncl,121,843.6095279568824,793.1312126537456
5573,Ncl,121,845.0121999154674,803.5695583811475
5574,Ncl,121,847.6724291768081,795.0670351397347
5575,negative_control,842,847.9847608325553,825.4342426443869
5576,Stip1,221,848.1991033274286,902.054436366434
5577,Rrp1,198,849.5874303987727,766.3714426578365
5578,negative_control,655,849.9415073153709,839.6628811868826
5579,Ncl,121,852.7353376592905,734.7223179630682
5580,Vim,261,852.0537092868813,734.4670203569456
5581,Idh2,65,852.066529765533,735.1266162696187
5582,Ncl,121,857.4270107554823,810.0871757822497
5583,Rrp1,198,859.8348600924842,885.2030519388185
5584,Thy1,228,861.3615626023022,883.9879504044458
5585,Hdgf,56,860.6995117630462,883.7848655562242
5586,Rrp1,198,861.4852542870278,848.8584710099254
5587,Stip1,221,861.3014201904532,738.4353201075944
5588,Rrp1,198,862.0670563843038,879.9409658146826
5589,Snx5,212,862.0749523840714,946.121729896342
5590,Ncl,121,867.3408987421341,733.2580777618239
5591,negative_control,519,868.178214362932,1005.959136952852
5592,Hsd17b12,61,868.9503194403432,836.5934901151389
5593,Rcn3,184,872.688050017546,884.2344092829924
5594,Hsd17b12,61,872.9490714753783,883.5392419007325
5595,Snx5,212,873.4753036516775,1012.804782023796
5596,Fxr1,48,875.9101035736248,1034.8522230954438
5597,Zyx,271,876.8689925133183,846.7148372718681
5598,Rpl15,186,876.1748692632061,847.7129778400738
5599,Vim,261,877.6664743073661,847.056959396182
5600,Tmbim6,230,876.4212371841434,846.9208401204673
5601,Psmd7,165,880.5509193438784,906.9036191099832
5602,negative_control,996,882.3016957364856,1025.2005378484205
5603,Oxct1,134,888.5276612681869,851.2152045385241
5604,Snx5,212,892.5752029053066,870.7097095101359
5605,Sfpq,206,896.3937561212151,1038.8937239798972
5606,Sec13,204,897.8901318076759,1038.460927397342
5607,Ncl,121,901.8381166774676,892.3275771916992
5608,Snx5,212,907.4518420318124,974.6168151328465
5609,Rrp1,198,909.420708913231,991.2514976282704
5610,Ncl,121,913.4575375719317,891.796423162163
5611,Ndufs8,123,918.5690626767182,892.9839508238703
5612,Psmd7,165,926.900140155773,1026.9814417012424
5613,Sfpq,206,928.2087569304824,944.2373170988816
5614,Snx5,212,931.2015730121052,1024.9223170701198
5615,Trap1,240,933.3372662280672,932.8871928731922
5616,Rps6kb2,196,948.4610775456327,919.6754273101428
5617,Snx5,212,948.4684817399752,1077.2419471864996
5618,Hsd17b12,61,949.2754921942976,1008.2516173499108
5619,Snx5,212,953.5627430650012,1069.3002631924471
5620,Ncl,121,958.1953560389468,995.1770822513868
5621,Snx5,212,961.5843544981274,1054.316212566826
5622,Stip1,221,968.315649432375,1043.4222586081169
5623,Rps6ka6,194,970.762528524556,1002.620810871589
5624,Hsd17b12,61,975.4822075987204,1117.9809068156092
5625,Snx5,212,977.8091967319648,1001.0701109433752
5626,Ncl,121,982.2772791125308,973.0821775637512
5627,Snx5,212,983.1068356418572,1267.704868568503
5628,Sf3b2,205,985.8600226822948,1120.9646421742086
5629,Ncl,121,985.433155181044,1120.8426663767632
5630,Ncl,121,987.402718682663,1330.913938957622
5631,Fxr1,48,989.5147039290944,1065.9616764507848
5632,Uba1,250,989.6037010568544,1150.025788432832
5633,Trap1,240,990.3961152079931,1218.8551562055618
5634,Oxct1,134,992.2496758438434,1155.568292979434
5635,St13,220,991.5894044499028,1155.2259626751463
5636,Ncl,121,993.7066004665623,1142.580527088315
5637,Maged1,82,995.9155907550908,1254.1945943664375
5638,Oxct1,134,995.2048390967416,1014.409292996274
5639,Ncl,121,994.8953798529604,1236.4338595788888
5640,Ncl,121,996.0469109064225,1157.6990720024403
5641,Ncl,121,996.72594136261,1123.2913114444086
5642,Stip1,221,997.2685808247082,1267.978308535416
5643,Jun,70,997.9215649199024,1248.0176729155494
5644,Mrpl37,99,999.5068511388532,985.7254493497444
5645,Fxr1,48,1000.8474364034556,1217.315216891992
5646,negative_control,998,1000.7874820732673,1152.230992169205
5647,Psmd7,165,1001.249615061458,1111.7138658198085
5648,negative_control,738,1001.9607726598786,1209.5543603463127
5649,Ncl,121,1001.4953284864728,1210.7252178098545
5650,Stip1,221,1001.5339316245756,1257.7596842445864
5651,Mrfap1,89,1003.4919972247916,1061.2709276399828
5652,Nudt9,132,1003.472839694675,1060.608986978891
5653,negative_control,1693,1003.7111701230772,1060.8370767301335
5654,Ncl,121,1002.3425037918962,1174.1915722780836
5655,Vim,261,1003.2696023930928,1168.0033631203669
5656,negative_control,974,1005.6484226350065,1007.3430090632016
5657,Vim,261,1006.4628046760683,983.4172512117132
5658,Arf1,6,1009.1628855286926,1123.2323082075773
5659,Raly,177,1007.9979222783008,1234.6763745459752
5660,Ncl,121,1008.3980645975856,1236.0510439481875
5661,Trap1,240,1009.355000761768,1013.7938989021096
5662,Rrp1,198,1011.401043557801,1020.8655051328442
5663,Ncl,121,1012.2472052277274,1041.754043195859
5664,Rrp1,198,1013.3675614880132,1178.5538393360869
5665,negative_control,692,1015.1621191865006,1102.765769630822
5666,Ncl,121,1016.1945877824552,1072.1254809660547
5667,Ncl,121,1021.97135241508,1112.1603352759694
5668,negative_control,1772,1021.2134289170554,1149.76932086492
5669,Stip1,221,1021.2385782534058,1162.238252451209
5670,Snx5,212,1022.7576946238383,1115.2378343733858
5671,Csnk2b,23,1022.2543205675364,1032.1059526125143
5672,Snx5,212,1023.1458447796788,1032.6885517511453
5673,Ncl,121,1024.6893883124967,1085.1759352395534
5674,Prpsap1,156,1024.6387537640726,1085.430907390761
5675,Oxct1,134,1024.3072861481794,1014.150242235764
5676,Rrp1,198,1034.479766599959,1055.5105006428946
5677,Psmd7,165,1036.5447940131749,1055.3944364261338
5678,Rad21,176,1036.6335488018565,1053.963650121953
5679,negative_control,1897,1043.6263890027951,1069.569088741708
5680,Vim,261,1048.7306189472715,1099.6011428165075
5681,negative_control,1507,1049.6122814247426,1101.288862555661
5682,Snx5,212,1051.280117703532,1071.5460798336635
5683,Trap1,240,1052.2331441474869,1038.8538406956363
5684,negative_control,999,1054.043167126223,1033.6636070708173
5685,negative_control,686,1054.9828071689876,1033.0436747739425
5686,Fxr1,48,1054.9153620774327,1037.194004295921
5687,negative_control,1285,1054.90470365093,1049.4502343105582
5688,negative_control,1151,1055.4243775770392,1049.9475226383324
5689,Ncl,121,1059.1437490471624,1030.5980845384815
5690,Rrp1,198,1060.405546592974,1044.6890446107566
5691,Stip1,221,1064.293535772505,1099.4008838814748
5692,Trap1,240,1065.1583697741555,1062.254994711525
5693,negative_control,520,1071.8798923629504,1043.4394646490557
5694,Stip1,221,1072.6588308525183,1063.7625442050924
5695,negative_control,1944,1079.145805100395,1048.2977513253156
5696,Gsto1,54,1087.3190392592803,1054.5892863628003
5697,negative_control,1794,1090.092486463932,1064.4596330506386
5698,negative_control,991,1101.3371025167703,1073.2365847541132
5699,Ncl,121,1105.0608817703132,1066.0600389506726
5700,Ncl,121,1109.0442974502223,1096.3716699080803
5701,Rrp1,198,1118.1555135733454,1074.9561159487005
5702,Ncl,121,1122.0170824920133,1088.3782208262658
5703,Ssr2,217,1132.411034009421,1094.7971104290657
5704,Cs,20,1137.682015599863,1102.5298805010173
5705,Vim,261,1137.913099293124,1103.4804391596692
5706,Ncl,121,1138.390326375335,1103.1523118450186
5707,Stip1,221,1143.677304408572,1097.1492495776483
5708,Ncl,121,1147.5244872864207,1097.3607842191402
5709,negative_control,988,1147.4680723292715,1091.2350148067712
5710,Rps6kb2,196,1164.0645525175512,1111.627974935549
5711,Ncl,121,1189.1499335597584,1104.2090594757965
5712,Snx5,212,1190.748391690791,1112.711011354928
5713,Stip1,221,1193.1614845309955,1117.4167768248344
5714,Rrp1,198,1206.313791548249,1131.6440295697862
5715,Snx5,212,1214.7106538539329,1122.70211532678
5716,Ncl,121,1222.271082933584,1111.7918794187476
5717,Rrp1,198,1223.0246229009929,1129.21528095932
5718,Ncl,121,1233.5837743470752,1128.5865244964004
5719,Ncl,121,1238.789640224771,1115.5857231775224
5720,Stip1,221,1241.2766859024334,1143.2188802938351
5721,Snx5,212,1251.251171413946,1125.4775837919428
5722,Ncl,121,1270.347230185983,1133.7230039183837
5723,Ncl,121,1273.9984686932246,1112.7920539321708
5724,Ran,178,1274.7038435513048,1112.0568987850802
5725,Oxct1,134,1274.5437068665235,1131.4238808741825
5726,Ncl,121,1288.9717175768535,1121.9936013110382
5727,Ncl,121,1294.3248446061807,1116.6015376315918
5728,Ncl,121,1297.0029825441125,1122.3761453790066
5729,Ncl,121,1303.0682221777176,1123.6287358511809
5730,Ncl,121,1328.9653109231035,1164.26037453481
5731,Ncl,121,1330.773140272123,1139.197485680039
5732,Ptbp1,167,656.4882096303472,910.1136197982618
5733,Ptbp1,167,667.0803268943407,879.467030258909
5734,Mrps5,110,670.8214681225525,904.9641371093744
5735,Ptbp1,167,684.6879013587477,891.882333940801
5736,Ptbp1,167,692.9424377769159,881.4047573027751
5737,Ptbp1,167,694.7871467167778,892.713501763396
5738,Hspa9,63,706.5345813099779,898.9929537256664
5739,Ptbp1,167,717.5123566460185,893.6909535016185
5740,Ptbp1,167,721.4056200686958,908.787894328695
5741,Mrps5,110,728.399216829526,911.9514837551784
5742,Idh2,65,738.7303246795842,884.5547860979294
5743,Ptbp1,167,752.5658462748846,947.5316615634136
5744,Hspa9,63,759.4222686508358,892.1777954037359
5745,Idh2,65,762.8725386813438,813.7972097312448
5746,Rad21,176,768.2162987450599,822.0385889286861
5747,Ptbp1,167,766.919271092532,861.8759285164833
5748,Hspa9,63,767.9453910838254,920.6411952461738
5749,Eif3f,35,772.149108083897,814.7841602124724
5750,Hspa9,63,772.7902358372015,780.9750448162071
5751,Nudt9,132,772.8260387379648,854.5725195575076
5752,Igfbp4,67,773.7058413739987,855.5911983592885
5753,Eif3f,35,779.0682674224358,809.9313610417477
5754,Eif3f,35,780.183525164497,849.1918475810469
5755,Hspa9,63,779.82216439209,940.3000287689522
5756,Hspa9,63,781.2468355589654,875.7132556565914
5757,Igfbp4,67,784.8188066599087,852.287401629132
5758,Eif3f,35,785.7117624443199,885.17598793604
5759,Idh2,65,786.3096659882601,809.3928211758438
5760,Ptbp1,167,787.6857854992461,840.2027271478212
5761,Ran,178,788.3585974606307,839.5686954652429
5762,Vim,261,788.8419065639177,851.3594219243834
5763,Eif3f,35,787.7058145895259,851.5434484940356
5764,Trim28,241,788.4325465878494,852.8149188708389
5765,negative_control,1847,787.9643030365496,911.6542745094904
5766,Trim28,241,789.3272475354621,871.4807547840951
5767,Sfpq,206,793.0641954440887,822.5017332361525
5768,Hspa9,63,799.3631860645477,802.0709742752226
5769,Rad21,176,799.1147288013618,869.4454438085195
5770,Ptbp1,167,800.4948157186548,788.3044778238681
5771,Rad21,176,801.9806912168658,862.4011793743375
5772,negative_control,2029,803.9718250379013,882.4145823435321
5773,Hspa9,63,804.327204447389,940.0250376319756
5774,Ptbp1,167,806.3879470525223,826.497640370228
5775,Plk2,147,809.3866234434424,794.8691398145768
5776,Ptbp1,167,809.0655313846908,804.7550036775659
5777,Idh2,65,810.7759388632089,793.0875180161896
5778,Eif3f,35,813.4007430918892,873.2682814044441
5779,Ckap4,14,814.6577657360702,879.5325576011579
5780,Ptbp1,167,816.6026183892907,827.9985283305376
5781,Cct5,10,816.8127420557778,910.69929659118
5782,Ptbp1,167,820.5841588767682,888.9713834597782
5783,Ptbp1,167,833.4610898285848,791.2270202752837
5784,Ywhaq,267,833.9640100553131,937.089915080418
5785,Igfbp4,67,838.067976373102,785.908287961541
5786,Csf1,21,841.6513798110672,896.282611532009
5787,Hspa9,63,842.6700763743988,827.2730271691869
5788,Ptbp1,167,848.298218899153,975.5863684811436
5789,Lamp2,75,849.9652572402008,875.3151064483533
5790,Trp53,242,847.9415484886019,780.4149064327639
5791,Ptbp1,167,851.2211259248164,798.10166885461
5792,Csf1,21,851.1258694249487,908.6780010261948
5793,Hspa8,62,851.6671760891361,974.3561531487431
5794,Lamp2,75,852.4891140320365,975.8917534631536
5795,Ptbp1,167,855.6621550065668,879.0881458742945
5796,Ptbp1,167,856.5574618540669,832.910917295396
5797,Rps6ka2,192,859.7464763897174,865.0243127090948
5798,Eif3f,35,867.9226305651077,931.7755207918182
5799,Eif3f,35,869.1535868458259,983.6361009900612
5800,Rad21,176,872.5207859951031,1029.3015619978096
5801,Eif3f,35,873.5381492640374,865.6753765505583
5802,negative_control,289,876.5792389672441,910.3015428599626
5803,Csf1,21,875.5703132519983,878.0267453599315
5804,negative_control,378,875.8085558547798,878.0332764035626
5805,Csf1,21,886.8143328930091,864.406328953932
5806,Rad21,176,890.2628111457474,902.3359175400788
5807,Ckap4,14,908.4705379857452,876.1041578621716
5808,Hspa9,63,912.9634747587776,1047.3374601356368
5809,Eif3f,35,920.9196540603124,1007.357782100638
5810,Lamp2,75,920.017748043341,900.9422335973256
5811,Csf1,21,922.8762237887544,977.1559206129504
5812,Eif3f,35,928.693385946182,1064.7806257277202
5813,Csf1,21,929.4533350082947,972.1926661067378
5814,Rad21,176,930.6489253306322,1069.3859301012103
5815,Cct8,11,936.8622802073396,909.43873584189
5816,Mrps5,110,938.518777108421,1021.72898712857
5817,G3bp1,49,943.1974662881988,965.9271636176876
5818,Ptbp1,167,953.6685733965924,941.7251891325476
5819,Mdh2,85,952.93121741599,1092.6220290679073
5820,Fkbp4,44,954.0102591108227,1092.067135824278
5821,negative_control,664,952.8138685575392,1091.7303368975206
5822,Ptbp1,167,954.1321691283796,1096.6886723810887
5823,Hspa9,63,955.3796108824916,1067.8106855421877
5824,Igfbp4,67,968.9145632403452,1047.7902411391285
5825,Hspa9,63,974.682840588454,1037.9058100926536
5826,Eif3f,35,975.6923471892668,1002.9174254805522
5827,Eif3f,35,981.780057528802,1077.978228450148
5828,Idh2,65,983.3702722503624,1100.3582958986767
5829,Lamp2,75,985.6619220407714,977.0670451624906
5830,Hspa9,63,988.1018858885492,1190.9500739404843
5831,Csf1,21,987.9471613391966,1016.841859705048
5832,Lamp2,75,989.8361482364652,988.4335552951372
5833,Rad21,176,990.9171495781892,1222.8431892364388
5834,Ptbp1,167,992.3509179140674,1262.1913161560055
5835,Ckap4,14,993.205305625762,956.2395948534048
5836,Ckap4,14,995.053630580136,997.4162269981484
5837,Ptbp1,167,994.9174098341668,1158.426725029959
5838,Ckap4,14,995.9035229158544,1020.726025572218
5839,Ptbp1,167,996.490082735137,1116.878730788222
5840,Ckap4,14,998.8496388636484,1110.859110466047
5841,Idh2,65,999.5378609073562,1000.7578875062444
5842,Gsto1,54,999.6836402585222,1195.7579506657823
5843,Ptbp1,167,1001.7730179354752,981.1044255380408
5844,Ptbp1,167,1001.837956487668,1247.4760218280048
5845,Ptbp1,167,1001.6675194733372,1120.2083094240493
5846,Cct8,11,1002.4984983798184,1133.4816677592205
5847,Idh2,65,1006.0497686035112,1157.253316350169
5848,negative_control,1334,1009.2883570555188,1029.5275043065312
5849,Ybx1,263,1010.1558869589632,1206.0057970790865
5850,Ptbp1,167,1010.2387941877682,1205.317837826187
5851,Myh9,118,1009.8325230193874,1206.1357652171932
5852,Ptbp1,167,1010.0722131560142,1151.3451112117496
5853,Rad21,176,1010.5300126601971,1060.1904330014206
5854,Ptbp1,167,1011.7752423439172,1123.3481124991538
5855,Mrps5,110,1016.1550338174118,1003.6835302689168
5856,Hspa9,63,1016.2568141207016,1157.6913342669795
5857,Hspa9,63,1017.2051483198208,1101.8269696045818
5858,Rbm3,182,1048.702388772404,1101.9329133865776
5859,Hspa9,63,1049.5187570283028,1029.9247853115726
5860,Ptbp1,167,1049.896090755007,1057.6029011571177
5861,Ptbp1,167,1052.9767464532256,1053.4062982222722
5862,Eif4g2,38,1057.3473401854562,1106.1183137368412
5863,negative_control,305,1058.1802560568806,1104.0627275210493
5864,Rad21,176,1057.6559141776563,1105.0473668322295
5865,negative_control,1707,1059.631094682372,1104.6754427954202
5866,Ptbp1,167,1062.5223998297392,1095.014622015425
5867,negative_control,411,1064.1472484714875,1117.9288813483674
5868,negative_control,1466,1063.6851536413667,1117.8423729356016
5869,Ptbp1,167,1064.673762600259,1043.9106497971131
5870,Ptbp1,167,1069.7965425977538,1050.869237535127
5871,Lrrc59,79,1070.9155706374531,1042.7687027791142
5872,Eif3f,35,1070.1683347437663,1040.8503433661915
5873,Csf1,21,1072.7022108713468,1063.052099991338
5874,Ptbp1,167,1076.3232586557908,1093.7482434654703
5875,Hspa9,63,1081.5926960096308,1056.5440436701083
5876,Hspa9,63,1088.5715262119206,1098.4293987350409
5877,Ptbp1,167,1089.6010940890123,1058.876914447644
5878,Mdh2,85,1091.0242643051804,1072.7366294045096
5879,Idh2,65,1090.3086675927364,1075.422471116428
5880,Rad21,176,1093.0404812073632,1088.0084522088978
5881,Rps6ka2,192,1094.960999849105,1103.5342745956502
5882,Rad21,176,1095.6246726282293,1070.314752746841
5883,Use1,258,1111.0094294054525,1080.6437939090831
5884,Idh2,65,1110.869698597835,1092.5052217100772
5885,negative_control,1929,1110.799190242683,1073.8008156465826
5886,Lamp2,75,1111.1526195684928,1074.6354272988997
5887,G3bp1,49,1110.1225379050215,1073.1115550371358
5888,Ptbp1,167,1114.6159537296276,1087.285299904152
5889,Rps6ka2,192,1114.249047914907,1092.5889728829206
5890,Zfp36l2,270,1115.3021549461394,1081.0451069413643
5891,Idh2,65,1119.5715439515557,1074.955288603117
5892,Eif3f,35,1125.054846086393,1099.6853197138853
5893,Hspa9,63,1127.8641259815963,1082.9685161917268
5894,Idh2,65,1139.81814007082,1088.3610696428236
5895,Idh2,65,1142.026674774551,1104.0407273290791
5896,Hspa9,63,1144.4755963763682,1091.0088589376537
5897,Cs,20,1159.844249015381,1103.1061160525792
5898,Ptbp1,167,1158.3578740871928,1104.6589960653298
5899,Rpl15,186,1159.3314133769782,1103.729466700015
5900,Ywhaq,267,1159.7806296207436,1103.710403475444
5901,Zyx,271,1159.902006874236,1103.915247031514
5902,Ptbp1,167,1218.314629255799,1124.9502601798504
5903,negative_control,738,1219.6956943697735,1114.1976703544358
5904,Ptbp1,167,1225.2410317379838,1130.6406496490358
5905,Ptbp1,167,1237.247707853572,1120.854319972988
5906,Ptbp1,167,1248.1249544081174,1117.3729081321458
5907,Rad21,176,1250.3272106921168,1114.412277877791
5908,Mrps5,110,1281.0301454046332,1119.1361507387226
5909,Ptbp1,167,1281.6402646545705,1130.7042864238183
5910,Ptbp1,167,1295.4883551013472,1108.466508801135
5911,Hspa9,63,1321.1882505192193,1138.032055326296
5912,Igfbp4,67,1322.4789313395356,1132.9720218881157
5913,Mbd3,84,636.813219114591,901.4004772334184
5914,Polr2e,148,694.8269773706103,884.5108559842784
5915,Gpi1,52,715.4987533713276,795.7790788103179
5916,Gpi1,52,733.9056893369411,773.0969298223508
5917,Gpi1,52,744.2140632203127,877.5949340970354
5918,Mbd3,84,746.3428083451644,889.6291960304402
5919,Polr2e,148,757.9308539962649,942.079388961638
5920,Laptm4a,76,758.6046949446109,814.4018657513359
5921,Mbd3,84,759.8795738070735,904.7665348696784
5922,Mbd3,84,762.273802337849,786.3170271909623
5923,Mbd3,84,763.5613124232925,926.267550262754
5924,Gpi1,52,764.8817913281904,823.0317950019286
5925,Gpi1,52,767.4983511604586,875.6935253462458
5926,Gpi1,52,771.2865899732623,903.5716438666324
5927,negative_control,764,771.9857454184793,894.2923746609629
5928,Arf1,6,774.8098699950851,856.3961449217153
5929,Eif4g2,38,777.8342430057243,900.5583191785812
5930,Laptm4a,76,779.2049936855792,788.2821849786762
5931,negative_control,1361,779.512286716817,865.0827972243948
5932,Gpi1,52,780.6654346111351,843.4663529646239
5933,Gsto1,54,783.8449493875762,923.9862139020872
5934,Gpi1,52,792.4042883614875,820.1816427298988
5935,negative_control,1672,795.7646535793243,855.8684794923362
5936,Gpi1,52,795.9239125792118,912.2949451411996
5937,Gpi1,52,796.4374574524054,820.9542449338221
5938,Rcn3,184,797.3498147076399,942.226142670096
5939,negative_control,1915,803.5501416960337,812.7831959552918
5940,Mbd3,84,809.1328584470331,843.206850747519
5941,Polr2e,148,812.210952023026,798.1152356053899
5942,negative_control,1831,812.4194769117374,881.421057942075
5943,negative_control,1404,815.4948677227576,805.1083768877332
5944,Polr2e,148,815.3812841201279,795.9249693283094
5945,Dpy19l1,27,817.3297289250722,822.7577261080353
5946,Mbd3,84,817.8796349080303,814.9374902005104
5947,Gpi1,52,818.5808319635521,827.4642970654038
5948,Polr2e,148,819.6141480801716,789.0909212284696
5949,Mbd3,84,827.9090913651194,944.6866519479432
5950,Gpi1,52,831.958176039684,777.3594931414673
5951,Zyx,271,831.6794712961351,837.4566908380857
5952,Gpi1,52,832.9354131383739,848.3171621467442
5953,Mta1,113,834.7816863287651,789.628457333447
5954,Rcn3,184,834.8047443666136,881.4697818264711
5955,Pdha1,139,837.2531977492821,866.3069275084238
5956,Rpl18a,187,837.9598522554384,866.4355048904423
5957,negative_control,762,839.8646286263629,889.3945086517994
5958,negative_control,281,840.4036762784474,888.8656957065554
5959,Gpi1,52,845.1129793558515,927.397478171882
5960,Gpi1,52,846.001380321535,805.7551354581956
5961,Sat1,200,846.9109800888698,761.4775900148743
5962,Gpi1,52,848.0506891412351,882.1360553716881
5963,Gpi1,52,850.743436740939,956.3183749441891
5964,Mbd3,84,851.6133991901111,764.1113505188778
5965,Polr2e,148,852.7572552734694,749.1597899384551
5966,Gpi1,52,854.1584217039006,819.483996216704
5967,Gpi1,52,852.4376152682274,798.1182504040856
5968,Fgf7,43,856.3005297265806,891.8549215944217
5969,negative_control,2048,856.7376592364799,892.5853102836697
5970,Lamp1,74,856.8204869948602,891.4137262828265
5971,Gpi1,52,856.6638941508022,865.3638470206674
5972,Gpi1,52,858.4094724095778,751.5767599918878
5973,Gpi1,52,860.3316095033483,963.2555178581484
5974,Gpi1,52,864.2485536758019,818.4327268923608
5975,Rcn3,184,867.3537812812142,947.1282954557292
5976,Mbd3,84,874.5016274671923,984.1590080141744
5977,Gpi1,52,877.1431106883945,872.7507105421096
5978,Gpi1,52,880.8644005373213,854.8815959278949
5979,Gpi1,52,886.4143963588571,909.683104616762
5980,Mbd3,84,887.0726951038841,1037.980364145722
5981,Polr2e,148,890.4374429902609,989.4042201097924
5982,Mbd3,84,906.7086109503888,1049.0567319599002
5983,Vim,261,906.7804146498512,1049.1371293632735
5984,Mbd3,84,917.6705108228105,994.588709237528
5985,Gpi1,52,943.0079532321416,993.3372520740164
5986,Gpi1,52,948.1587149809108,997.3505620460788
5987,Mbd3,84,949.4875439891524,1071.404217391199
5988,Gpi1,52,950.6684286213988,1093.2167460182843
5989,Mbd3,84,952.2919124685968,1067.6972997058542
5990,Psmc2,162,956.2054103124884,995.8659207389538
5991,Polr2e,148,956.5151077140343,931.3901191990134
5992,Gpi1,52,964.6539963251296,1098.6650866795906
5993,Gpi1,52,965.9697503178844,950.388961856912
5994,Cct5,10,976.7028385369928,1063.4011817723283
5995,Rcn3,184,985.6096816067844,966.7787156656748
5996,Laptm4a,76,986.5105068089724,1075.8422630313912
5997,negative_control,767,994.2159325980896,1034.434415898775
5998,Polr2e,148,995.3286378800988,1067.4539075737598
5999,Nr2f2,129,997.5433878298428,1067.7777814884566
6000,Mbd3,84,995.8542903127023,1113.4952903298815
6001,Polr2e,148,996.9108765816948,982.7626486957648
6002,Gpi1,52,997.6201113482776,1146.111988045473
6003,Laptm4a,76,998.4459204433964,1113.6204522559674
6004,Mbd3,84,999.526900055517,1255.9536475937402
6005,Gpi1,52,1000.2329934554738,1137.9384898759342
6006,Mbd3,84,1000.6251235579244,1230.3544545293057
6007,Rcn3,184,999.8178114512,1070.1884117283255
6008,Rcn3,184,1003.8023664228022,1055.1729282886697
6009,Raly,177,1003.4866756004312,1054.2893231911366
6010,Mbd3,84,1006.2797775653764,1072.205930019418
6011,Gpi1,52,1007.5788428746292,1178.972143889489
6012,Ly6e,81,1011.4435041459284,1148.8932240257868
6013,Gpi1,52,1011.5518917592656,1080.8486064000328
6014,Srebf2,215,1016.366613744336,1047.356571808311
6015,negative_control,485,1019.7688605882691,1122.3526561287968
6016,Rpl18a,187,1019.2667168924372,1103.6142804398194
6017,Polr2e,148,1024.5029523709418,1136.2612392325798
6018,Mbd3,84,1027.540945555589,1053.4288145815656
6019,Mbd3,84,1029.1522806552566,1138.1152940820891
6020,Mbd3,84,1029.717582144336,1025.1872740515105
6021,Gpi1,52,1036.4068013962474,1009.698993426437
6022,Gpi1,52,1041.3354000518543,1030.4867238437716
6023,Mbd3,84,1042.6334990058667,1119.646370352835
6024,Vim,261,1043.870639101616,1112.5652805629886
6025,Sae1,199,1043.499263774105,1110.8371653449017
6026,negative_control,769,1063.041354076263,1069.9359452993176
6027,negative_control,1691,1064.158117225085,1067.309963412702
6028,Gpi1,52,1069.3240748931162,1044.1255014358258
6029,Vim,261,1082.084716948386,1077.796567226007
6030,H1f0,55,1084.477861573631,1063.59041977145
6031,Mbd3,84,1098.8709259906177,1064.5200913566928
6032,Gpi1,52,1101.8920403305426,1102.5830595758275
6033,Nucb1,131,1101.1794586014944,1104.3833680081707
6034,negative_control,1404,1102.4052451617254,1069.6301388945108
6035,Mbd3,84,1117.4867200000376,1072.4689298904896
6036,Gpi1,52,1126.1808300323842,1084.3768033842618
6037,Gpi1,52,1126.6629366329898,1096.9272621315151
6038,Vim,261,1159.2162219993174,1099.27195998947
6039,Mbd3,84,1158.3934037290594,1100.2876122068992
6040,Gpi1,52,1209.3954434086336,1121.8453315564866
6041,Mbd3,84,1237.0710033825974,1129.6719716873613
6042,Gpi1,52,1260.8127158124366,1115.0056693348556
6043,Gpi1,52,1272.4195480691346,1135.6206833238302
6044,Gpi1,52,1282.4996797653262,1123.756228507914
6045,Gpi1,52,1285.767700344364,1126.09579239471
6046,Cited2,13,643.400960875853,896.0925130627203
6047,Tcp1,227,646.953103678898,879.1834878882794
6048,Vat1,259,653.3846465553864,901.7720875775116
6049,Vat1,259,666.5685901708742,893.4255223844877
6050,Vat1,259,702.6042134707227,930.51127534021
6051,St13,220,733.1611604071926,770.9759952779812
6052,negative_control,1325,735.1585815965933,772.1961064661684
6053,Cited2,13,739.9571152288444,889.3613581503693
6054,Cited2,13,739.8221631430367,909.756131054033
6055,negative_control,1471,744.5485845596115,918.1154126604332
6056,Rcc2,183,750.4580288458715,901.1630597212312
6057,Rcc2,183,751.8253955406237,909.3166277874648
6058,Rcc2,183,755.5460280741513,785.8293256749663
6059,Csnk1a1,22,755.7257830410723,785.4198981021009
6060,Rcc2,183,756.2063717902179,780.7545666286212
6061,Zyx,271,755.8494154016547,890.5265479193841
6062,Vat1,259,763.5466737683494,861.9616348326213
6063,Junb,71,764.6874634134934,933.5559083263936
6064,Junb,71,767.5219323899036,819.5580303689453
6065,Rcc2,183,770.0371134023802,809.7833308984518
6066,Rcc2,183,772.8666093848786,905.8830179537472
6067,Vat1,259,775.9212193168669,777.8767924500239
6068,negative_control,1160,777.7808879657093,934.625826035453
6069,Rcc2,183,779.7721255301606,882.5721775957106
6070,Cited2,13,786.035262208599,921.3359228827462
6071,Tcp1,227,786.2536541215882,778.6811379433918
6072,Cited2,13,789.2842328382668,916.8917916617892
6073,Cited2,13,789.4572820111493,823.9901917876335
6074,negative_control,440,789.2399962681773,824.2828832988745
6075,Vat1,259,790.5606058743117,782.5031360123528
6076,Cited2,13,794.4331225145265,894.5981023537294
6077,Cited2,13,794.9755600551274,928.157969329186
6078,Rcc2,183,795.0563994155053,880.307922392407
6079,negative_control,1471,795.3246730074169,821.0088108098671
6080,Vat1,259,798.8073877864399,903.9335665849684
6081,Cited2,13,799.1345157446443,858.1168730256052
6082,Cited2,13,800.7351577413654,838.8863805098528
6083,Tcp1,227,801.434271925848,790.3462222312819
6084,Rcc2,183,801.3811926526956,905.9304375015446
6085,Junb,71,806.9680051062495,843.2303981341931
6086,Rcc2,183,814.8638956474834,940.9642238698248
6087,Vat1,259,820.7371225825453,842.6095184530831
6088,Rcc2,183,820.655262806422,849.1523875032522
6089,negative_control,1623,824.702244710204,794.1831350778141
6090,Vat1,259,824.9741086364786,868.2560427174892
6091,Rcc2,183,829.8049236594837,825.3638339294794
6092,Hnrnpul1,60,829.3898666187968,813.3519071892629
6093,Vim,261,828.1728619687372,814.6927754561606
6094,negative_control,1318,827.5928745625938,813.7659864506434
6095,Tcp1,227,834.5276267635038,940.992387572529
6096,Vat1,259,836.7032758641217,907.2377221356204
6097,Tcp1,227,838.50244126047,785.7087346080796
6098,Rcc2,183,840.6315454019061,894.4554700479925
6099,Rpl18a,187,841.1092018782388,898.932589412399
6100,Vat1,259,845.3143591182086,841.6491254568995
6101,Vat1,259,848.7526881433657,865.0993278015554
6102,negative_control,362,849.0636406788609,865.3001346829695
6103,Cited2,13,849.0888043254628,749.3189214068534
6104,Lrrc59,79,849.2666168678593,750.3358754738076
6105,Mrfap1,89,855.0065949710886,802.52729488775
6106,Vat1,259,858.2814805894374,989.9028514156272
6107,negative_control,310,864.8892048122916,887.5091626195722
6108,negative_control,1626,865.1798320809029,828.1664733311775
6109,Top2a,236,864.691639073099,834.5650351851727
6110,negative_control,1634,867.9582450249773,854.7491200607544
6111,negative_control,1093,868.7252999500784,954.325241009748
6112,Cited2,13,872.138726045282,1030.9994000217598
6113,Hdgf,56,875.7468663957825,1024.3869529868948
6114,Rbm3,182,875.769218541221,1025.6171534901682
6115,Tcp1,227,874.5396602292838,1024.6554138491065
6116,Vat1,259,875.2612624605977,1005.365148217182
6117,Rcc2,183,876.4636877083813,1028.8648788516582
6118,Vat1,259,882.2752880491835,963.6593648785928
6119,Vat1,259,881.6148508314656,869.7705763174099
6120,negative_control,1226,886.8788142782655,952.8109843294066
6121,Cited2,13,893.0845737015584,858.1830781220121
6122,Rcc2,183,895.1846921464497,1037.0562832699875
6123,Cited2,13,898.354236742219,867.1169620375006
6124,Gsto1,54,898.2023847093803,867.230406972242
6125,Timp2,229,897.5758176588306,866.9131962389072
6126,Cited2,13,902.9448945649484,870.917392380521
6127,Rcc2,183,910.4576771415688,953.1554622136152
6128,Tcp1,227,926.7288320108976,971.739241652954
6129,Vat1,259,927.449990281558,1060.635987667808
6130,Vat1,259,929.8106230294784,1064.0932277667937
6131,negative_control,1021,934.4870945127952,995.9260598767872
6132,Cited2,13,941.5088469613296,1004.5594568829632
6133,Junb,71,945.6384739355289,993.363880931588
6134,Vat1,259,953.27165356958,1097.3784271421132
6135,Tcp1,227,955.5982719723592,955.2035071512228
6136,Vim,261,960.2910256883438,1082.5265386519093
6137,Ctbp1,24,959.4468537101206,1082.5335124649018
6138,Vat1,259,968.2944009346744,1028.494497455296
6139,Vat1,259,969.6407459444122,1078.2821400828902
6140,Vat1,259,975.564228897405,1064.5864595912844
6141,Rcc2,183,979.5398420317442,1240.9008166573255
6142,Vat1,259,983.226476375912,1006.118648907428
6143,Vat1,259,983.30668523384,1019.5380615314745
6144,Cited2,13,984.6838118436808,1207.3117792696194
6145,Rcc2,183,985.2032460545034,1322.1291198393246
6146,Rcc2,183,988.567871567453,1301.5472523700869
6147,Rcc2,183,990.3417297515128,1169.3284195511224
6148,Tcp1,227,995.0143113536556,997.4871411552216
6149,negative_control,868,996.2602144720354,1121.8381464224483
6150,negative_control,542,997.7072935282184,1022.7129644389712
6151,Junb,71,997.929612497042,1097.4977258973504
6152,Vat1,259,998.7648997274904,1248.4597439231416
6153,Vat1,259,1001.3125113234348,1080.7434246926257
6154,Vat1,259,1001.0549183595656,1086.4696024815232
6155,Tcp1,227,1008.1220239125132,1210.0211475620367
6156,negative_control,1471,1011.5874963995714,992.4252905309596
6157,Cited2,13,1012.3699787201044,1125.9470568925835
6158,Rcc2,183,1013.1942014030808,1100.3345387913264
6159,Tcp1,227,1012.183951313106,1109.337590154564
6160,Rpl15,186,1013.5331936654934,1114.6691726574547
6161,Vat1,259,1014.7342044283756,1167.9466670272889
6162,Cited2,13,1016.215065974402,1139.4940334495946
6163,Vat1,259,1018.3189238893348,1108.5631985652403
6164,Junb,71,1020.154486341488,991.4078277548826
6165,Cited2,13,1022.4093827335814,1014.7642159455328
6166,Sf3b2,205,1027.6781932105837,1119.0426454372018
6167,Fus,47,1028.3372950793494,1119.2282688775222
6168,Vat1,259,1027.9329655049592,1118.9502724933704
6169,Cited2,13,1029.0303527486026,1133.920475422237
6170,Vat1,259,1031.8710132886133,1030.8586039445097
6171,Vat1,259,1032.8615325203032,1092.702239107027
6172,Vat1,259,1034.365574432088,1022.6913526701832
6173,negative_control,1634,1034.7138782937186,1106.105957915769
6174,Oaf,133,1037.517269993763,1065.7518292907664
6175,negative_control,565,1040.1367926816547,1128.070915203923
6176,St13,220,1042.9633747288533,1126.7098304137694
6177,Cited2,13,1042.9989764612951,1127.3131436669707
6178,Tcp1,227,1054.7261235796666,1031.956945827499
6179,Vat1,259,1054.5231540410769,1067.3917209263102
6180,Vat1,259,1057.8829240681348,1056.5858226486812
6181,Rcc2,183,1059.3078192124308,1032.382227818619
6182,Rps6ka3,193,1062.4649915563434,1090.600289514719
6183,Cs,20,1061.9441171048072,1092.0381039499048
6184,Vat1,259,1062.987282144907,1100.2872887881672
6185,Rcc2,183,1064.7875820894185,1063.6190279126322
6186,Tcp1,227,1073.1675517098686,1053.4143427499844
6187,Vat1,259,1085.4299952316337,1086.3975351941338
6188,Rcc2,183,1087.6937789313274,1093.8455376200882
6189,negative_control,1226,1088.468266755748,1067.639167239996
6190,Vat1,259,1091.2528514231276,1055.9302555262636
6191,Vat1,259,1099.0481793407669,1075.7741408130698
6192,Rcc2,183,1102.8853090940636,1096.7305954656467
6193,negative_control,1185,1102.9515130763198,1096.6172433158129
6194,Vat1,259,1104.1917827692846,1082.124645932221
6195,Rcc2,183,1112.4891282550834,1096.8921038269552
6196,Tcp1,227,1115.031056943375,1099.1697913570115
6197,Cited2,13,1116.4025023859715,1078.702439974056
6198,Vat1,259,1220.4599649218417,1132.4100100559729
6199,Vat1,259,1222.0388355741836,1138.1810906717087
6200,Rcc2,183,1224.5023257859616,1113.568291519045
6201,Rcc2,183,1225.603713100356,1133.4984941399562
6202,Vat1,259,1244.6622048445684,1126.8191837104218
6203,Vat1,259,1257.5436133093344,1119.8274928220244
6204,Rcc2,183,1261.8519327322672,1135.31351056449
6205,Rcc2,183,1278.34924044924,1131.508540209069
6206,Rcc2,183,1302.26099131677,1134.931945841158
6207,Rcc2,183,1318.5470167762344,1131.2831231341358
6208,Ergic1,41,641.797308122618,889.1204245322978
6209,Rpl15,186,679.1932557546213,879.7845310381524
6210,Pgrmc1,143,761.8507905897068,871.4467986137479
6211,Rbbp7,181,761.7896627716759,871.0435298326627
6212,Pafah1b3,136,771.0595932941831,828.6184052258642
6213,Efemp2,30,772.8122787470396,878.5334141002767
6214,Ergic1,41,804.0273930941775,880.6120672236764
6215,Efemp2,30,809.8425812267709,783.0879974947028
6216,Efemp2,30,811.7454096174288,813.8518449319557
6217,Ptgs2,170,814.4586996024492,927.038397900134
6218,Efemp2,30,816.8240829484911,930.912755461522
6219,Efemp2,30,818.2352349059752,920.7494601050682
6220,Pgrmc1,143,823.4568752074794,902.130004460864
6221,Efemp2,30,824.4446879503573,790.6722832535133
6222,Hspa8,62,825.8663158998486,848.543685067926
6223,Rnf11,185,832.6140092838191,947.4722169270758
6224,Lamp1,74,832.0462375797578,946.872188539094
6225,Pgrmc1,143,834.6266147290065,927.8650875406404
6226,Pgrmc1,143,843.6416840281295,897.5759280489359
6227,negative_control,1276,846.6212777083992,937.4827049888322
6228,Ptgs2,170,848.4738223038257,953.722370197527
6229,Ergic1,41,849.1033330429003,883.705254322631
6230,Ptgs2,170,854.1721823278812,968.1333802989876
6231,Vim,261,857.3145666455663,984.4483171393942
6232,Lamp1,74,857.2497095248731,983.1643192499098
6233,Ptgs2,170,857.8758152601674,926.1093215407228
6234,Ptgs2,170,861.081272349674,997.5976300541134
6235,Ergic1,41,862.7626701889151,852.3781954415961
6236,Ubxn1,253,864.6595200114377,834.411078846819
6237,Efemp2,30,864.2085044360618,845.8266773927978
6238,Ptgs2,170,866.55664042834,995.9580831941532
6239,negative_control,1049,867.4317989256014,836.9029616332245
6240,Ptgs2,170,869.104042680233,874.7744466952349
6241,Ptgs2,170,875.6671992187587,1011.7654243151596
6242,Ergic1,41,879.3887661473543,965.8659921508664
6243,Ergic1,41,885.4857411941663,894.590991040996
6244,Ptgs2,170,889.9962628347531,927.4795136805596
6245,Ptgs2,170,894.1378255083291,962.5341751057452
6246,Ptgs2,170,894.1755597697864,1006.6915298927884
6247,Ptgs2,170,896.4246965310476,1039.4272791339963
6248,Ergic1,41,899.2784836861233,927.6556112479648
6249,St13,220,912.0255316636436,950.877883466836
6250,Ptgs2,170,911.937111604306,949.618066161164
6251,Ptgs2,170,915.6649181957712,1031.8736879154276
6252,Ergic1,41,917.5436619286183,1050.3233305218364
6253,Ptgs2,170,922.0705140405448,929.8729979422018
6254,negative_control,679,924.3559985829434,1036.125795622661
6255,Ptgs2,170,928.3064910123036,976.6704678595876
6256,Ptgs2,170,932.478063712122,980.7031308656684
6257,Efemp2,30,935.4542889577946,909.611237148128
6258,Ptgs2,170,938.368363986438,1044.905045525588
6259,Ptgs2,170,938.477299730682,965.4550395944613
6260,Ptgs2,170,939.1073397794448,1027.3882810350622
6261,Vim,261,939.6014234829962,1027.3933443960757
6262,Ptgs2,170,942.9585378994166,1042.9973615770773
6263,Ptgs2,170,944.9684068963204,1052.8917595648124
6264,Ptgs2,170,945.73199913079,999.4667167951184
6265,Ptgs2,170,948.09708406743,944.7191867549246
6266,Ergic1,41,952.551331913614,1004.5835799484244
6267,Ergic1,41,953.897923903176,1067.6495973812732
6268,Efemp2,30,957.5228381146828,1088.058101458209
6269,Pafah1b3,136,959.7363557589108,965.3963954913028
6270,Ptgs2,170,962.7804179456202,1034.8842719314778
6271,Ptgs2,170,966.1153706624932,1060.087077097236
6272,Pafah1b3,136,971.9994087686744,1002.3564455584116
6273,Pgrmc1,143,972.5207529854308,1048.8862369565832
6274,Pgrmc1,143,976.7550072332688,1065.1979021948073
6275,Ergic1,41,984.6800041068606,979.6550946364488
6276,negative_control,673,984.1480726212149,1121.3492923388976
6277,Ptgs2,170,991.0032550851236,960.7226559664766
6278,Ptgs2,170,991.720407410854,1006.0656811524112
6279,Efemp2,30,994.1341755289558,1238.21100629875
6280,negative_control,1700,996.6848441001764,1257.2237906468847
6281,Ergic1,41,1000.0687129708468,988.3735522285432
6282,Ergic1,41,1004.554572075794,1011.4732847080904
6283,Ergic1,41,1006.1725388925634,997.519826552718
6284,Ergic1,41,1006.8450600976726,1032.9379466943235
6285,Ergic1,41,1008.3364019450188,991.044511781844
6286,Ptgs2,170,1009.093683389571,1010.6133366294893
6287,Ergic1,41,1010.21958886986,1129.7815343402583
6288,Rpl15,186,1010.420751392833,1231.7439640241407
6289,Efemp2,30,1011.577347772392,1231.0674512184792
6290,Ptgs2,170,1013.5318397801344,1024.6495595100646
6291,Ergic1,41,1019.3355480167924,1097.5885125626362
6292,Pgrmc1,143,1019.7028917531024,1003.5738330475052
6293,Ptgs2,170,1023.98951530188,1092.6409985728403
6294,Ergic1,41,1025.260705478934,1059.098520280918
6295,Pgrmc1,143,1032.2575464188758,1061.110569102343
6296,Pgrmc1,143,1036.7598826389838,1014.4713486433568
6297,Gsto1,54,1051.4984241611974,1091.22870564575
6298,negative_control,682,1053.2333399225768,1091.3467342835452
6299,negative_control,458,1053.4533916809298,1031.7558025334838
6300,Hspa8,62,1057.8386336326726,1098.1822552435333
6301,Pafah1b3,136,1067.8949286322743,1047.6416477606267
6302,Efemp2,30,1069.073808582831,1044.0644682409545
6303,Ergic1,41,1078.2310559835012,1078.8535825546642
6304,Sfpq,206,1078.4131432856936,1078.5841141634903
6305,negative_control,535,1092.6894882854872,1060.8557216501404
6306,Ergic1,41,1095.349715493092,1068.1430966048242
6307,Pafah1b3,136,1141.5837211640066,1086.1054782615988
6308,Efemp2,30,1167.839618529919,1098.956069915904
6309,Pafah1b3,136,1304.7133529277658,1130.065502634916
6310,Pafah1b3,136,1321.681449962132,1131.3386495284703
6311,Mrfap1,89,640.9475841485471,893.1689302852516
6312,Hspa8,62,644.6577663578895,898.0534887139061
6313,Raly,177,648.1474329241793,879.8180421235318
6314,Mrfap1,89,649.6777698999593,899.808870993302
6315,Hspa8,62,653.0119093080082,877.3863779586306
6316,Hspa8,62,664.0657386722992,890.5236092264224
6317,Hspa8,62,672.6904247461266,886.2727078113019
6318,Hspa8,62,678.3303532967,892.1252168504981
6319,Mrfap1,89,678.4168441916001,885.6283422409508
6320,Ercc1,40,679.5388717306373,872.0859438175943
6321,Raly,177,680.1228475516887,876.3509217889007
6322,Hspa8,62,683.5075249686572,896.6243886340684
6323,Hspa8,62,685.6904678480781,876.9544918839707
6324,Hspa8,62,692.6493738855365,884.4866216933098
6325,Mrfap1,89,702.2280066778981,930.5420334014976
6326,Hspa8,62,709.3641594041515,896.3793216439643
6327,Hspa8,62,716.0270453906015,793.2864863331542
6328,Raly,177,718.1004645428438,883.3950609127394
6329,Hspa8,62,721.7385896321246,786.3247745390318
6330,Mrpl15,93,736.5903093917725,928.8095450823912
6331,Hspa8,62,737.3151673288021,914.2817110538653
6332,Hspa8,62,740.7663505179194,897.0452155034127
6333,Mrfap1,89,740.6102120633985,922.427709043751
6334,Hspa8,62,743.3664610349364,908.3794863545214
6335,Raly,177,746.2584311510592,798.3332699399971
6336,Hspa8,62,750.6027641582855,929.6440171799755
6337,Hspa8,62,750.8227631200696,876.6324536727085
6338,Hspa8,62,752.7859631705628,916.8192452908854
6339,Snrnp70,210,758.4486940060652,872.2875334363287
6340,Hspa8,62,761.001370760224,927.8647523600688
6341,Hspa8,62,762.0237064977058,887.9064764703203
6342,Mrfap1,89,764.359568833542,907.0302536870666
6343,Hspa8,62,765.5839485832931,878.3590237997364
6344,Hspa8,62,765.6494957069945,914.837490847723
6345,Hspa8,62,766.7522296807207,901.1725884505496
6346,Mrps9,111,766.9383275441902,849.083588894283
6347,Oaf,133,768.229779328496,861.8747592276433
6348,Vim,261,769.4340052241996,860.5747808820421
6349,Trps1,243,767.9352939535554,861.4168322607013
6350,Vim,261,768.4328339505635,863.7061505187776
6351,Hspa8,62,768.4842671490987,817.3471770927086
6352,Raly,177,769.5664864147271,934.1014070371172
6353,Hspa8,62,769.8184492473622,939.3603064689496
6354,Hspa8,62,769.8905511663281,873.7683301611053
6355,Hspa8,62,771.2531143394699,862.8010948509061
6356,Oaf,133,770.7013795592713,909.018153268226
6357,Psmd4,164,772.6091526833286,908.3180346337242
6358,Mrfap1,89,772.827145142471,896.6017042010021
6359,Mrfap1,89,776.4172607293473,890.7854429139616
6360,Hspa8,62,776.7657873439854,913.6031591191422
6361,Mrfap1,89,777.1321062957019,919.7039607249494
6362,Hspa8,62,778.6528837716684,925.7948239392862
6363,Hspa8,62,779.440885669023,793.1696597630038
6364,Mrfap1,89,779.4971750941619,813.0276505878404
6365,negative_control,1395,785.3463587424604,935.999002582474
6366,negative_control,2012,785.5678414150095,935.428384312238
6367,Hspa8,62,785.6905350924812,812.4524818926297
6368,Hspa8,62,787.1419618221761,827.866060376132
6369,negative_control,1392,788.0745387724119,922.9199404256008
6370,Oaf,133,790.9355883852655,909.2914776120168
6371,Hspa8,62,790.9590971288251,888.7182993539831
6372,G3bp1,49,790.2194844959021,804.3782506028285
6373,Sfpq,206,790.3159774572697,805.2831399994559
6374,Mrfap1,89,792.1865975569078,917.4910569773364
6375,negative_control,1392,794.2929224025036,884.9540176528523
6376,Hspa8,62,794.6370371907434,941.2248077559576
6377,Hspa8,62,795.0931604677061,912.693277794014
6378,Hspa8,62,795.5819241192387,811.3846600862275
6379,Hspa8,62,796.9619643535865,891.3081212874318
6380,Hspa8,62,797.519674052549,936.377723623758
6381,Raly,177,799.5873980069618,779.0199435644472
6382,Hspa8,62,800.5752597916519,905.5157076996778
6383,Hspa8,62,802.9777528925559,801.9443421055887
6384,Mrfap1,89,804.1865423144707,822.2408297329262
6385,Raly,177,807.995421606804,785.3995924913442
6386,Hspa8,62,810.8471843478711,849.4630825311364
6387,Hspa8,62,810.3938782109802,861.6394416502852
6388,Hspa8,62,811.4280327409836,803.910244667755
6389,Hspa8,62,812.1076701403134,792.8395189872873
6390,Txn2,248,814.1660254185966,824.7465675194518
6391,Hspa8,62,814.9839355915761,863.8434424951084
6392,Hspa8,62,816.0775155640832,946.721222162964
6393,Timp2,229,816.6366302119482,848.0810538564793
6394,Mrfap1,89,819.4781321927007,800.0916162174303
6395,Mrfap1,89,823.8057780140246,942.4240360263124
6396,Hspa8,62,824.8245051454111,873.3355387952307
6397,Vim,261,825.1095302721973,871.0139224368443
6398,negative_control,1395,825.6876248172349,843.5962036264337
6399,St13,220,825.9486798754465,797.209454817808
6400,Hspa8,62,825.9424464620117,796.6620126807813
6401,Hspa8,62,826.3865011529158,869.3792589256547
6402,Hspa8,62,830.5436988887075,811.4675347045292
6403,Hspa8,62,831.620741237123,803.0351953155719
6404,Hspa8,62,833.418985254787,864.3558587895177
6405,negative_control,2007,835.2365844912637,864.2944660687872
6406,Hspa8,62,833.7168081336883,899.6696507793708
6407,Raly,177,835.5568945468808,794.9665668519895
6408,Txn2,248,835.2219990486477,808.7990594020141
6409,Hspa8,62,836.9782381369499,945.8652233146464
6410,Raly,177,838.243925266923,966.8852455599812
6411,Mrfap1,89,837.4842017898957,954.3747605857176
6412,Hspa8,62,840.3612631888307,973.1039585063364
6413,Hspa8,62,844.3135074108235,945.0062239062612
6414,Ercc1,40,844.5409978208652,736.0142043417666
6415,Hspa8,62,844.5362969122231,811.703885549782
6416,Hspa8,62,844.9250863892541,731.2138770611027
6417,Mrpl15,93,849.7089816978918,960.9369388611644
6418,Raly,177,849.8387573316515,977.4622857617372
6419,negative_control,1318,851.985587037412,830.4360354204151
6420,negative_control,1257,852.0785068835328,961.4637382811196
6421,Hspa8,62,852.3757263153809,728.9678752655263
6422,negative_control,2019,855.9280724476191,868.3990710373486
6423,Hspa8,62,860.2171905887345,728.7239172979631
6424,Hspa8,62,861.0860567130867,842.894290248284
6425,Raly,177,861.3289278615907,848.1449879298525
6426,Hspa8,62,861.2394087156441,823.4664208525994
6427,negative_control,1392,862.5705272252549,837.3785459896915
6428,negative_control,1753,863.8956288555947,837.6800681867018
6429,Raly,177,867.8198862730522,734.1842110625269
6430,negative_control,369,869.2868663599647,842.8382529842935
6431,Hspa8,62,871.5509560331459,903.4411242285004
6432,Oaf,133,873.2687023705095,906.6978108272548
6433,Mrfap1,89,879.4331887252691,849.5209179533607
6434,negative_control,1044,879.6195382183752,1009.7415799401494
6435,Hspa8,62,881.9270918181846,891.7453445098755
6436,Hspa8,62,883.1086477291924,914.2766914293188
6437,Hspa8,62,885.6657833219634,935.0779984442232
6438,Hspa8,62,885.821946054046,964.8828601710078
6439,Mrfap1,89,888.3015277327725,880.6871928425869
6440,negative_control,1536,889.3624683728808,859.7437150352439
6441,Raly,177,893.0093779726612,924.2077775659742
6442,Pdia4,141,894.1774226574619,877.8654734745905
6443,Hspa8,62,893.7257213834212,876.0583253429888
6444,Ercc1,40,894.9276571013709,947.930571384912
6445,Oaf,133,895.3767270429099,1037.521312877153
6446,Hspa8,62,905.1087595000812,973.6557722774816
6447,Hspa8,62,908.331060462323,1051.346330560542
6448,Txn2,248,909.3974166758784,1008.1910319428404
6449,Mrfap1,89,910.7903472400882,882.9696979650089
6450,Hspa8,62,913.122391731146,931.9459436816328
6451,Raly,177,919.226865488766,1056.2902263087658
6452,Mrfap1,89,922.6646196255772,1011.9267655453408
6453,Hspa8,62,924.486361017062,925.2925416882337
6454,Hspa8,62,925.7782192270606,952.9061810883492
6455,Hspa8,62,931.8297166372428,904.8299555423748
6456,Hspa8,62,935.7924880636284,951.1034967563926
6457,Hspa8,62,936.5586180813752,921.0371806826388
6458,Oaf,133,937.3092328384188,1013.8355177303296
6459,Raly,177,945.1344811998864,1039.621402045056
6460,Hspa8,62,947.4562760569038,934.109353499912
6461,Oaf,133,948.7176804615914,1069.7615796126026
6462,Hspa8,62,950.557806477191,1043.0731418569203
6463,Hspa8,62,950.6663959776852,1024.86414310246
6464,Lmna,77,954.7166987744564,1095.283852594103
6465,Raly,177,957.656830096785,1078.3616404177317
6466,Oaf,133,960.5663842464572,1097.0742014195444
6467,negative_control,809,961.3300370337636,1091.5639143095773
6468,negative_control,1388,961.1539008805308,988.7853295729628
6469,Hspa8,62,962.2901987216584,1058.4063944361742
6470,Oaf,133,969.3699134321054,939.5926534375689
6471,Hspa8,62,969.7652750303016,1048.6834372614446
6472,Hspa8,62,971.6251700547884,1028.0522706815882
6473,Mrpl15,93,975.2692139977216,1254.5996402834282
6474,negative_control,1395,978.4944991583926,1083.4851533453498
6475,Mrfap1,89,981.3830399699978,1116.351156954959
6476,Hspa8,62,982.1241831666576,1068.9372941979975
6477,Hspa8,62,983.4540493981297,1218.2759713777332
6478,Oaf,133,984.0789938484244,995.1147606484428
6479,Hspa8,62,984.56273943473,953.1458379668386
6480,Raly,177,986.347176117547,1234.6789708756814
6481,Arf1,6,990.0870931909049,1090.339952298712
6482,Zfp36l2,270,989.4620970339456,1091.9197654902166
6483,Mrfap1,89,989.6756877268966,982.6529728046098
6484,Hspa8,62,990.8300817375108,1065.6439355693342
6485,Hspa8,62,990.84527734479,1111.8914922561664
6486,Mrfap1,89,992.547151392209,1159.1740147621658
6487,Hspa8,62,991.8080854913504,1129.6663232191938
6488,Rpl15,186,992.1742728750336,1258.1261379735213
6489,Trim28,241,992.6420047951568,1257.8340372538908
6490,Mrfap1,89,997.5891449327966,1217.1484596315552
6491,negative_control,574,998.198080560349,1075.6375609933934
6492,Mrfap1,89,997.7426320130894,1230.3374779942642
6493,Hspa8,62,998.3251424176716,1058.7407715562872
6494,Mrfap1,89,997.99740894007,1119.699839959516
6495,negative_control,1791,998.071597355146,1043.706596863149
6496,negative_control,1416,997.623531525258,1043.3195739044895
6497,Hspa8,62,999.1132675470568,1259.5293164446723
6498,Hspa8,62,1001.024126186378,998.2839126632588
6499,negative_control,722,1005.6054063020506,979.5685514018968
6500,Mdh2,85,1007.7016122724316,982.5008976541628
6501,Raly,177,1007.5516878686764,982.7429676744628
6502,Zyx,271,1007.650811285628,982.3396019664892
6503,Hspa8,62,1008.8607409327136,1238.0538641177952
6504,Hspa8,62,1009.610747106702,1164.398409949553
6505,Txn2,248,1014.8642687341476,1088.2118801443935
6506,Mrfap1,89,1017.9589976742172,1125.257088729922
6507,negative_control,1395,1018.3922885514096,1102.5642912727812
6508,Gsto1,54,1019.5983274010306,1102.2158654772966
6509,Raly,177,1018.3366154824312,1092.9694092310149
6510,Hspa8,62,1018.6243668402626,1011.3147227341364
6511,Vim,261,1019.1058060960032,1084.2554233304468
6512,negative_control,468,1018.2659198212424,1141.9841601223711
6513,negative_control,1383,1020.676603744562,1114.5563542098744
6514,Hspa8,62,1020.5851582736176,1110.4736737852822
6515,negative_control,634,1023.4434921519096,1128.666300705327
6516,Raly,177,1024.575600206284,1152.424380506431
6517,Raly,177,1025.3525185863214,1079.830515970403
6518,Mrfap1,89,1027.862576770364,1118.2286792187438
6519,negative_control,1851,1027.1323645527682,1058.789593483511
6520,Raly,177,1028.1826831368917,1038.2130593791824
6521,Hspa8,62,1031.1068827402644,1030.179533603988
6522,Raly,177,1034.3859105293004,1047.1857577777598
6523,negative_control,1650,1035.236919531878,1062.3872355317137
6524,Hspa8,62,1038.3260598639586,1125.6981497588204
6525,Hspa8,62,1039.1796731931847,1101.224221403398
6526,Hspa8,62,1040.5189706386614,1043.850942077888
6527,negative_control,369,1041.516228767748,1105.7523076635057
6528,Hspa8,62,1047.3971545659824,1107.699918603776
6529,negative_control,1901,1052.4527860104538,1050.2041403332114
6530,Raly,177,1056.605684987453,1102.0595923997728
6531,Hspa8,62,1058.3719819086607,1047.5267346346643
6532,Mrfap1,89,1062.372528707695,1101.4763611993178
6533,Hspa8,62,1062.6402945788132,1107.2144172667208
6534,Txn2,248,1064.0593129948854,1087.3333008112356
6535,Raly,177,1064.5064256729522,1098.2226021210768
6536,Txn2,248,1071.1999957888006,1057.542970790112
6537,Hspa8,62,1088.3175663767602,1099.6282695600703
6538,Hspa8,62,1090.2988606646963,1084.8451207864316
6539,Hspa8,62,1090.239975458187,1073.1056487251396
6540,Mrfap1,89,1092.9625059295367,1069.0983842809258
6541,Hspa8,62,1096.4157273599449,1069.238893987507
6542,Mrpl15,93,1103.1606154110004,1089.062320254681
6543,Mrfap1,89,1104.5760621499571,1070.842225642729
6544,Mrfap1,89,1107.713961501701,1101.3238707797505
6545,Mrfap1,89,1114.5839202263212,1088.7615137266105
6546,negative_control,1304,1114.7029273275666,1089.3217815671685
6547,Hspa8,62,1115.5777197775803,1093.0311878263471
6548,Hspa8,62,1116.6213446878671,1075.9291956672205
6549,Hspa8,62,1144.250204874527,1094.0412439629167
6550,Mrfap1,89,1151.6167270924063,1093.5762804696426
6551,Mrfap1,89,1161.8985537370668,1102.3471541042145
6552,Raly,177,1167.774750324912,1109.6200342611942
6553,Raly,177,1174.340557649801,1105.899624385718
6554,Txn2,248,1176.6796364465672,1100.946042924068
6555,Mrfap1,89,1191.2858069078643,1114.7998618804031
6556,Hspa8,62,1195.283545083522,1121.290073536457
6557,Mrfap1,89,1217.409148736686,1135.8809910192692
6558,Mrfap1,89,1224.116675981163,1114.2197209513704
6559,Hspa8,62,1238.4960461871788,1122.376136177258
6560,Mrfap1,89,1248.8659124449227,1146.6082250479485
6561,Hspa8,62,1258.4740238957663,1124.763563831708
6562,Gsto1,54,1262.5159766388472,1138.1227130495413
6563,Hspa8,62,1271.280277785687,1114.6474526611632
6564,Hspa8,62,1277.2333818910242,1121.9265443186137
6565,Hspa8,62,1286.999504249757,1124.5951579649393
6566,Hspa8,62,1298.344027037675,1133.3193606412
6567,Mrfap1,89,1299.8127365665136,1116.2943648521668
6568,Mrfap1,89,1301.784265852554,1127.0956380326957
6569,negative_control,1698,1322.2195989324275,1133.9577851344957
6570,Idh3g,66,645.4273483248553,888.6041918018564
6571,Zyx,271,657.1049262875349,898.2327402328946
6572,Lmna,77,669.8405132443788,899.6376935917273
6573,Lmna,77,675.1202463325028,874.6828378473549
6574,Rars,180,676.111286930186,879.3594219112321
6575,Zyx,271,679.5740383407726,893.7217301547088
6576,Idh3g,66,692.151490224417,876.5699854767312
6577,Zyx,271,698.6022830732065,881.6284738913793
6578,Zyx,271,726.0210784817443,881.3638610878775
6579,Cebpd,12,736.1397549950347,762.8872052461802
6580,Eif4g2,38,738.7641477809727,774.5919347643925
6581,Lmna,77,742.4442210747752,878.7757324842974
6582,Zyx,271,752.1688210898227,800.1255545696054
6583,Jun,70,753.6530100182064,876.387463693336
6584,Zyx,271,762.9634960154358,939.1144248154312
6585,Lmna,77,765.9369932970425,922.403066686875
6586,Lmna,77,770.7263002552752,818.7738479423522
6587,Lmna,77,771.6414411735019,873.0763613360638
6588,Lmna,77,771.7086767332505,865.830798281404
6589,negative_control,1091,774.4753869584954,908.7750382832476
6590,Lmna,77,775.0593196413151,888.9130460610601
6591,Zyx,271,774.7751343619784,895.4412274137911
6592,Rbm3,182,775.1133313429297,810.1204048489709
6593,Cebpd,12,778.7325442154585,839.4099390737658
6594,Lmna,77,778.3179318515756,775.3280061678743
6595,Zyx,271,778.6304625452535,816.7548630300761
6596,Lmna,77,779.549768286704,867.1048277198627
6597,Zyx,271,783.2830049125803,829.4819444158752
6598,Zyx,271,785.4339765063926,846.7667542937858
6599,Zyx,271,785.2614255343606,808.4990309475007
6600,Lmna,77,787.9136426518808,865.752401250298
6601,Lmna,77,788.6915256341459,817.1299425923164
6602,Hdgf,56,790.1692031235365,814.7837774733676
6603,Zyx,271,789.7140636739412,788.9320499607002
6604,Lmna,77,790.1632871955485,891.4090827755662
6605,Zyx,271,791.7825457428283,888.7313456737282
6606,Rars,180,793.2999208886927,849.726399611065
6607,Zyx,271,793.4719834898169,931.1363148909865
6608,Lmna,77,793.7948288087536,855.4196833158692
6609,negative_control,435,799.3131102232596,819.0478346216956
6610,Lmna,77,799.198447902292,840.0395575752104
6611,Jun,70,799.795163669129,936.934742413428
6612,Zyx,271,801.3013538387618,888.2707807134809
6613,Lmna,77,801.8757427761617,782.8201642432812
6614,Jun,70,804.9255439164391,877.9912522324314
6615,Lmna,77,804.986031211056,945.9217622290709
6616,Lmna,77,807.1523517435812,923.2840194228312
6617,Lmna,77,807.3489743048924,825.7493390138848
6618,Zyx,271,808.967535234342,852.4151068798758
6619,Jun,70,809.1378838554144,907.9745830861892
6620,Zyx,271,809.6157334030395,803.375715050298
6621,Zyx,271,811.82731284239,923.6541640454294
6622,Lmna,77,812.3699763971936,902.4305031723104
6623,Jun,70,816.2161970361188,816.5611858522024
6624,Zyx,271,818.6778733486144,826.0984488294787
6625,Zyx,271,823.05722746776,872.686150134592
6626,Zyx,271,823.9975286677433,832.679019261961
6627,Jun,70,823.4064780600131,803.1987448662422
6628,negative_control,1673,824.8365384606337,872.0876860915689
6629,negative_control,442,831.6578139164524,826.5802595784894
6630,Zyx,271,833.6175741463593,940.2606937074918
6631,Zyx,271,833.7878704552165,896.8005630177809
6632,Zyx,271,834.769688979267,889.0384576350309
6633,Jun,70,836.4858734095542,964.4786676741372
6634,Zyx,271,837.4306698543743,837.2471690766175
6635,Jun,70,841.666296718919,831.8789521698278
6636,Lmna,77,841.8350284701991,790.5926129213257
6637,Zyx,271,843.0969975412033,818.3854519270978
6638,Jun,70,844.7244870578398,980.853964120017
6639,Zyx,271,844.5320728974309,953.5715931586544
6640,Lmna,77,844.5492023121243,805.88153297529
6641,Lmna,77,847.0155864889286,848.2861713914733
6642,Lmna,77,849.4573674700216,903.6619693003724
6643,Jun,70,850.0369004759957,978.1991874900868
6644,Rars,180,851.1877404527824,839.5224627062389
6645,Idh3g,66,851.3568304883322,940.5827466361468
6646,negative_control,319,853.6710681530299,850.5921935016227
6647,negative_control,894,854.5661599476394,844.0010955265117
6648,Cebpd,12,854.8346420558792,881.6862630141492
6649,Lmna,77,855.4939577616526,809.1476996936373
6650,Zyx,271,859.4890533964726,914.20449177631
6651,Lmna,77,860.1578074327824,822.1435112630815
6652,Jun,70,861.0349777901447,939.3386744480028
6653,Idh3g,66,863.5957345746176,994.7864447735526
6654,Jun,70,865.6332656833181,1004.699375820848
6655,Zyx,271,870.0876344502898,1014.3107839202812
6656,negative_control,1861,870.49960375932,1001.873929659594
6657,Zyx,271,874.8319784434248,883.0597991744252
6658,Cebpd,12,878.6681807518511,889.5977398631906
6659,Jun,70,882.3570818707268,1003.3856667205124
6660,Vim,261,886.1208778252785,905.8902778367914
6661,negative_control,1266,886.3942230043126,905.7151613974894
6662,Jun,70,886.5761047391345,906.2240671348592
6663,Zyx,271,892.8875292479368,949.115382232416
6664,Lmna,77,893.4500050388265,889.639747700311
6665,Lmna,77,896.3707326119383,978.3964285716554
6666,Zyx,271,908.2362930778156,875.5192590603382
6667,Lmna,77,908.5095593890442,879.5256528726568
6668,Idh3g,66,913.8181510815344,1039.1655450932894
6669,Idh3g,66,916.9650958576728,1059.351328335747
6670,Zyx,271,918.6499810610164,1054.8472003591949
6671,Jun,70,919.3354267567424,985.950409169906
6672,Zyx,271,921.6297244567183,930.719714115875
6673,Zyx,271,923.8902335427504,925.694820623484
6674,Zyx,271,924.6694493913512,920.6915248723368
6675,Lmna,77,928.731086452378,1060.9674237352142
6676,Jun,70,938.2213679782128,1006.0426273778252
6677,Lmna,77,953.9060044780846,1089.793488485847
6678,Zyx,271,957.412027145886,1013.2477992377028
6679,Lmna,77,958.5605460591918,1071.7422384719891
6680,Zyx,271,958.4066070990208,991.2447757491414
6681,Zyx,271,960.151558653782,1078.3486276101014
6682,Lmna,77,963.394359091346,1103.1418364291017
6683,Lmna,77,965.2033128247048,1024.1052186284414
6684,Jun,70,965.6396678976614,1077.4175129853595
6685,Lmna,77,967.381109479746,1108.5740135595483
6686,Maged1,82,970.1011355626838,990.4380695127038
6687,Lmna,77,979.6715482573832,1228.7533938087968
6688,Zyx,271,982.2016892170896,958.666894466208
6689,Jun,70,981.7652004499056,1019.2242377889552
6690,Rars,180,985.4608167988328,1052.63962902074
6691,Jun,70,986.094350813342,1073.1480229985034
6692,Zyx,271,988.0054142773652,1145.1674661037678
6693,Zyx,271,988.664828620924,1218.3333728561431
6694,Lmna,77,988.952059368124,1150.2636058784535
6695,negative_control,1820,990.8759316202212,1144.1654623995596
6696,Lmna,77,993.0917795325108,1135.7004850510084
6697,Lmna,77,992.970245874907,1141.449697318095
6698,Lmna,77,994.9624037253034,1153.4869402347274
6699,Lmna,77,998.772035030457,1197.9378152591505
6700,Lmna,77,1000.3833480038384,1116.6996734284971
6701,Cebpd,12,1000.97250862814,1192.2502906256832
6702,Sf3b2,205,1000.5549365283944,1192.3746231331672
6703,Jun,70,1001.2643849575423,1228.5972853558592
6704,Vim,261,1006.7529850254924,1051.058722536438
6705,Lmna,77,1009.1320087801816,1017.7083856417644
6706,Lmna,77,1010.681757140044,1132.2184680188648
6707,negative_control,445,1011.7055361179048,1076.0655223338406
6708,Jun,70,1013.406533945258,1100.3591762477224
6709,Zyx,271,1019.9436103629796,1126.2311983992388
6710,Zyx,271,1024.1989788609694,1030.1472782933026
6711,Lmna,77,1029.2549340170888,1067.431323825566
6712,Cct5,10,1037.502707048964,1111.7745613385714
6713,Rars,180,1040.381334654522,1104.0715899111026
6714,Jun,70,1043.119110691752,1106.6910307649678
6715,Zyx,271,1050.254931766032,1043.9632229589597
6716,Lmna,77,1051.5076652312832,1040.088208422499
6717,negative_control,1224,1056.0236704995514,1060.4890641885395
6718,Lmna,77,1056.413482698082,1096.5260706608326
6719,Zyx,271,1064.3039561628975,1091.6550337366973
6720,Ppp2r1a,151,1069.892296467451,1096.6608378210074
6721,Idh3g,66,1073.5101040676227,1061.0341387164945
6722,Zyx,271,1073.841757788356,1078.5008283936163
6723,Zyx,271,1085.9531481344882,1055.4841403068715
6724,Lmna,77,1091.5896940800028,1099.1404472849351
6725,Jun,70,1096.0233079827935,1098.0263067717426
6726,Lmna,77,1096.3953334684234,1067.9829012101975
6727,Jun,70,1112.477550180199,1093.1151429950553
6728,negative_control,1318,1112.4393459331568,1100.2145860983844
6729,Zyx,271,1115.6789521386622,1083.927713140078
6730,Lmna,77,1119.5976196585673,1095.0412360689531
6731,Jun,70,1126.4760254308658,1095.0774761305745
6732,Rars,180,1129.717288600067,1080.243912791911
6733,Zyx,271,1130.7336533219354,1082.8194968682851
6734,Lmna,77,1141.1600207264846,1100.272251399526
6735,negative_control,1224,1143.9974413837324,1095.4407193864802
6736,Lmna,77,1195.0139191773044,1105.8028847943854
6737,Lmna,77,1203.846790071798,1125.6659983215816
6738,Lmna,77,1215.2604990023838,1119.3924876969304
6739,Lmna,77,1228.323582061569,1138.0652825902655
6740,Lmna,77,1228.202993864401,1128.3189800704597
6741,Zyx,271,1268.6020663323377,1136.3418306813196
6742,Cebpd,12,1277.8605126697505,1132.161099432419
6743,Lmna,77,1284.6615089386933,1113.3672571449956
6744,Lmna,77,1290.8510865983965,1138.4105717118127
6745,Zyx,271,1299.8548223738471,1121.3781591268714
6746,Lmna,77,1300.1778769947168,1130.227102737889
6747,Ubxn1,253,646.0133616354794,887.0004181295824
6748,Hdgf,56,653.0880281934908,881.9404552240255
6749,Hdgf,56,659.0644891923675,891.5805305075929
6750,Tomm40,235,664.2836061091848,878.8200788064498
6751,Nr2f2,129,665.4960715334398,896.742647457383
6752,Ubxn1,253,667.9998923156013,904.7361962621596
6753,Hdgf,56,701.5645287541226,908.9723322879872
6754,Tomm40,235,711.1213442071444,901.0726738117536
6755,Hdgf,56,713.1775883552435,907.6095341446198
6756,Hdgf,56,714.139448373617,874.2507444748621
6757,Hdgf,56,738.5276724197981,918.502279003729
6758,Hdgf,56,738.6114970170696,880.6181129559646
6759,Hdgf,56,740.8946868050135,885.8634116781548
6760,Nr2f2,129,741.1246786842158,939.527675643132
6761,Msn,112,744.9650463275677,935.359673672782
6762,negative_control,1314,762.6787400919877,903.8135142909572
6763,negative_control,711,762.0501890966559,902.9868629645728
6764,negative_control,1901,764.7552675453112,878.2428708063901
6765,Hdgf,56,765.8749931608272,928.4211352544064
6766,Polr2m,149,766.0065296845846,927.5428084553644
6767,Psmc2,162,766.9867263074348,928.55344689974
6768,Eif3d,33,766.7737386955218,882.8257429809125
6769,negative_control,1086,767.8325238849304,903.6210782321068
6770,Hdgf,56,772.1108181736594,889.830370445395
6771,negative_control,1310,772.2382293531575,853.3018208072551
6772,Hdgf,56,771.7870016883269,826.212583056365
6773,Eif3d,33,772.867312288266,834.3508721794233
6774,Ran,178,774.2980733977759,899.8044109928369
6775,Nr2f2,129,774.3892738653655,853.983087629327
6776,Nr2f2,129,775.503461808023,838.4118972772864
6777,Ubxn1,253,783.3429012158234,844.4409407310656
6778,Nr2f2,129,783.787296609634,878.0094229221202
6779,Hdgf,56,784.424617909489,914.5810174484131
6780,Msn,112,784.779093812624,901.6081467370128
6781,Nr2f2,129,785.3943415367703,820.5270132864846
6782,Ddx17,26,785.3874257549728,819.7451780543355
6783,Nr2f2,129,788.885496534636,790.3011628805081
6784,Hdgf,56,790.2022506514967,819.1225550143366
6785,Nr2f2,129,790.2595689330954,875.3187761269919
6786,Nr2f2,129,791.0438238096522,866.2082497004394
6787,Hdgf,56,791.9237702883025,824.2396688888958
6788,Ubxn1,253,795.2210287483729,802.2615395153949
6789,negative_control,1309,798.257398181208,882.4474180478365
6790,Vim,261,800.8862299059165,834.8976961270137
6791,Tomm40,235,802.3040301184778,858.5841623266062
6792,Hdgf,56,804.5432737335811,823.6268556040471
6793,Eif3d,33,807.2004528199411,861.1973743645877
6794,Hdgf,56,809.2384697678208,953.3778845404772
6795,Ubxn1,253,813.3571407183928,926.6715982783916
6796,negative_control,1308,815.2812645386432,828.8543428964687
6797,Hdgf,56,822.935757455244,829.9199978582014
6798,Ubxn1,253,826.1777286221168,853.2208996074114
6799,Eif3d,33,829.2005799957122,834.1254628941019
6800,negative_control,1305,833.9548229254696,856.0506633197006
6801,Tmbim6,230,835.89219315742,904.7833762220124
6802,Nr2f2,129,836.5437423668362,897.1314209493443
6803,Vim,261,836.7025007961938,848.1605502329322
6804,negative_control,1902,837.6726876478451,848.0148063846002
6805,negative_control,398,841.9695428418901,869.3107421348087
6806,Rps15a,191,842.7259704372409,812.6751882690966
6807,Msn,112,846.987745449143,948.2198737886198
6808,Hdgf,56,850.7278196997743,791.1804476848708
6809,Nr2f2,129,850.6601681882062,988.5107693042536
6810,negative_control,1309,851.0268748165504,825.560416614289
6811,Msn,112,853.1715366269873,764.6254149905235
6812,Ybx1,263,857.3853321496139,825.1241078054845
6813,Eif4g2,38,856.2060421163569,824.6338384255638
6814,Hdgf,56,856.8388938474711,823.8321691436954
6815,Nr2f2,129,857.7925098744404,803.0238848404507
6816,Hdgf,56,859.6202505758033,806.3444548815828
6817,Lrrc59,79,862.1218902900129,834.4039435893458
6818,Hdgf,56,861.5312293333434,833.4528088864228
6819,Rps15a,191,860.8477986580843,820.5781167430755
6820,negative_control,1318,864.4559325748999,865.387276916506
6821,Ubxn1,253,875.2920232635331,1009.4158909698248
6822,Hdgf,56,886.599982786709,872.4881196721701
6823,Ubxn1,253,888.554371478976,970.6514853672112
6824,Lamp1,74,891.7560339794347,924.8400679618796
6825,Nr2f2,129,893.7404081606358,925.0623659827712
6826,Nr2f2,129,894.4165225016386,987.027469421003
6827,Msn,112,896.5755167539943,995.6873947363348
6828,Tomm40,235,897.2558127173588,929.0103474689618
6829,Nr2f2,129,899.2433575004081,1044.0357484196486
6830,Nr2f2,129,904.305147627663,896.9330081592036
6831,negative_control,378,905.1376124968492,885.3568884390409
6832,Hdgf,56,912.487714780378,878.8229591000843
6833,Nr2f2,129,920.4945387888092,984.5850509352005
6834,Hdgf,56,924.2984862593344,962.001891008259
6835,Nr2f2,129,927.8087729814764,1072.6367964307233
6836,Thy1,228,927.849069602686,901.8758376353502
6837,negative_control,518,927.3172270922428,902.6541812734978
6838,negative_control,1503,927.6616226838272,901.5398298259836
6839,Hdgf,56,932.6587154454808,1033.7681121045462
6840,Maged1,82,936.498344504036,997.1283440107634
6841,Lamp1,74,938.19097054796,1057.4804435649023
6842,Nr2f2,129,945.14036581411,953.544076953124
6843,Trps1,243,946.1377163913488,953.7173995293924
6844,Pdia4,141,945.6116444066312,953.4729394277996
6845,negative_control,1307,944.9924536962718,1040.3269841374604
6846,Hdgf,56,946.5194664801636,1046.7151464885778
6847,Tomm40,235,947.4421333571293,1011.6231685256176
6848,Nr2f2,129,949.0262796217272,963.4420621854116
6849,Vim,261,964.8676720226996,1031.6849125954768
6850,St13,220,966.0294637567416,1103.809481333347
6851,Hdgf,56,967.2634614461648,1103.188847961084
6852,Msn,112,974.897776770174,1114.881275229356
6853,negative_control,1268,976.1535245268902,1055.8692872810857
6854,Fus,47,976.0914180823232,1054.7991394634078
6855,negative_control,915,976.8146088033282,1105.657076478475
6856,Nr2f2,129,979.8347375915286,1120.713475229306
6857,Nr2f2,129,979.2139964293448,1100.9708855290307
6858,Hdgf,56,979.094997622728,1039.0083121093062
6859,negative_control,1307,980.8977741445264,1125.676128824652
6860,Eif3d,33,984.2685382091792,1293.2758502197776
6861,Ubxn1,253,985.0314888186078,1070.5718787875255
6862,Hdgf,56,984.5827563819292,1283.6105222615447
6863,Lamp1,74,985.3847450377998,1078.829662002326
6864,Eif3d,33,986.025743441474,1300.4112486769077
6865,Hdgf,56,986.4378404556874,980.067172419575
6866,Hdgf,56,988.3068121925074,1144.167549680638
6867,Hdgf,56,988.1361688826568,1304.2394266130746
6868,Msn,112,989.5989656332008,1312.4242134366473
6869,Myh9,118,989.9772177949488,1290.2185585741477
6870,Hdgf,56,990.9203532123248,981.5081735422186
6871,Msn,112,991.3637398254458,1306.5875244480574
6872,Rpl18a,187,994.1644844219968,1115.053558059521
6873,Ptgs1,169,994.5335916161928,1115.712953379892
6874,Msn,112,993.168545202924,977.2996074746862
6875,Myh9,118,992.6985448276135,1204.0850775251652
6876,Ubxn1,253,997.9551561929176,1139.2752464408848
6877,Nr2f2,129,995.907142325281,1139.6592664452671
6878,Msn,112,995.4700912384382,1265.349994650952
6879,Hdgf,56,995.8040971317512,1243.9335644515188
6880,negative_control,847,996.0887480179998,1007.5189991577046
6881,negative_control,1028,996.2459545718862,1007.4247014077016
6882,Hdgf,56,995.7676837252528,1152.9144240606718
6883,Ubxn1,253,999.9323889473524,1132.8196171121667
6884,Tomm40,235,1000.1075190381182,1212.607113417454
6885,Vim,261,1000.7016102265774,1075.6767899936735
6886,Timp2,229,1000.0307077013026,1075.9317876056236
6887,Hnrnpul1,60,1000.4101094705536,1253.7910971102792
6888,Msn,112,1001.0728485406754,1255.0813812255988
6889,Ubxn1,253,1003.6607324166564,1055.41636091311
6890,negative_control,1318,1004.7104697118504,1118.3369045840925
6891,negative_control,1861,1006.0221670468248,1129.0763829833795
6892,Ubxn1,253,1008.019174424666,1230.7795007604543
6893,negative_control,531,1006.5398269323892,1147.774737057373
6894,Msn,112,1007.699897553697,1213.877796773892
6895,negative_control,518,1010.113174819819,1164.5195826607562
6896,Nr2f2,129,1012.1463270939604,1026.28267219416
6897,Hdgf,56,1012.4251831722196,1022.5178984382152
6898,Hdgf,56,1013.7828727863448,1153.432777258171
6899,Hdgf,56,1013.4919409030044,1136.1486612642216
6900,negative_control,1318,1014.059478734613,1044.3467604339394
6901,Msn,112,1016.4329341849166,1110.561768316789
6902,Hdgf,56,1016.632923072172,1134.2630611949512
6903,Nr2f2,129,1023.524781636471,1126.605486084978
6904,Msn,112,1024.331162609761,1112.4524513244316
6905,Nr2f2,129,1025.615552605106,1052.3555607276312
6906,Ubxn1,253,1032.853408853973,1084.8596520472431
6907,Rpl15,186,1035.9881221384508,1011.778773472474
6908,Thy1,228,1036.3587345128549,1055.8472421823003
6909,Nr2f2,129,1034.551351873274,1055.23021731117
6910,Timp2,229,1039.276317252656,1055.497270298744
6911,Nr2f2,129,1039.918381456927,1103.71447934019
6912,Tomm40,235,1047.7813315782432,1036.364278633326
6913,Tomm40,235,1050.481150884149,1096.268645415715
6914,Hdgf,56,1055.1727473383312,1108.3723133683598
6915,negative_control,2019,1056.8891610977887,1072.746520197214
6916,Hdgf,56,1058.1512951360755,1053.6504956517726
6917,Eif3d,33,1061.137742298632,1110.928127704337
6918,Tomm40,235,1067.5587315220591,1042.0089849043625
6919,negative_control,378,1080.388846449364,1102.235700211198
6920,negative_control,399,1089.083144032542,1084.8330927585223
6921,Ubxn1,253,1091.352216766839,1076.457150483771
6922,Nr2f2,129,1098.379804687287,1079.5379357185166
6923,Hdgf,56,1102.877686011514,1104.2959864130537
6924,Hdgf,56,1106.9767128461526,1102.820428031505
6925,Hdgf,56,1122.163358920765,1079.125695506597
6926,negative_control,518,1122.6118591222644,1101.1303557012932
6927,Tomm40,235,1136.633106157089,1102.5617762134543
6928,Msn,112,1142.0633698630818,1088.1208362794966
6929,Hdgf,56,1148.0475235396232,1105.488196104705
6930,Tomm40,235,1163.536659365068,1104.7235674463625
6931,Hdgf,56,1194.2733849770957,1117.0945102573214
6932,Mdh2,85,1199.9442663280051,1111.8434947114472
6933,Nr2f2,129,1209.805688482729,1113.7275284307395
6934,Ubxn1,253,1214.3077940831463,1127.4178980059082
6935,Nr2f2,129,1241.9006586085047,1122.976717550796
6936,Nap1l1,120,1240.875848445757,1123.283301558744
6937,Maged1,82,1240.882075877602,1124.0449516908343
6938,Hdgf,56,1268.7019360810043,1122.3854899079925
6939,Hdgf,56,1270.7919900774034,1129.0371575872375
6940,Hdgf,56,1276.2383773671104,1123.9353143246822
6941,Tomm40,235,1284.390058841134,1117.591089561423
6942,Ubxn1,253,1287.5580766342832,1111.46682087096
6943,Nr2f2,129,1291.9179714615875,1121.7369723827685
6944,Nr2f2,129,1292.4889669237662,1113.962142757475
6945,Hdgf,56,1293.777949740463,1137.5330703584689
6946,Eif4g2,38,651.8612229370574,902.1065978774964
6947,Eif4g2,38,658.2161323507158,879.7845072772873
6948,Ctbp1,24,661.6029091387479,868.85335414115
6949,Sae1,199,687.2188672101726,883.8256782637696
6950,negative_control,1183,688.662462619452,883.3259299986873
6951,Ctbp1,24,721.1375581252137,872.284329860088
6952,Eif4g2,38,738.4452843007673,927.281634081233
6953,Eif4g2,38,753.4850810872861,940.9274618938214
6954,Eif4g2,38,760.4730612926935,900.2761540484095
6955,Ctbp1,24,767.853425252208,814.7113658466396
6956,Eif4g2,38,771.6859859427921,935.4030114261273
6957,Ctbp1,24,773.8269503422368,913.0347533871994
6958,Eif4g2,38,776.4684281539039,766.9522993409942
6959,Psap,160,777.7280401029866,887.2967703683757
6960,Sf3b2,205,781.0666990665289,853.7531677597974
6961,Eif4g2,38,787.3172246741236,817.0089667179882
6962,negative_control,350,788.3064134061686,863.9555567331454
6963,Eif4g2,38,790.930825376282,873.8405328008257
6964,Eif4g2,38,796.0023967247255,838.2903788483954
6965,G3bp1,49,798.6834308238881,812.0767775759889
6966,Ctbp1,24,798.3277715156427,853.286875535344
6967,Eif4g2,38,798.8688369489997,864.5345397132772
6968,Psap,160,804.1927030247736,889.2442852754241
6969,Eif4g2,38,809.8237677269505,944.4145935031958
6970,Eif4g2,38,813.0794678048946,834.8663050955895
6971,Pla2g4a,145,822.1819373112693,835.0813207734775
6972,Psap,160,824.6066961764195,926.6125318502276
6973,Eif4g2,38,827.3345977334229,958.6905521150674
6974,Ctbp1,24,827.3687699754455,850.0984930136693
6975,Psap,160,826.9930256745629,807.2012613873057
6976,Psap,160,828.7888856276924,882.1470896113931
6977,Vim,261,835.4683847514268,804.0362886747689
6978,negative_control,1251,835.2317604638882,908.109790133564
6979,Eif4g2,38,836.8874570021853,965.6967809133616
6980,Ctbp1,24,848.1746769494607,756.1435266646001
6981,Vim,261,848.9012614079469,770.4151095972046
6982,Nap1l1,120,849.3577499492314,770.9845352157772
6983,Eif4g2,38,849.2363268396225,847.2846214493129
6984,Eif4g2,38,849.9681656357315,765.3474554281058
6985,Eif4g2,38,854.6762323171872,903.5898491080154
6986,Psap,160,855.2848614831014,986.3557964352652
6987,Psap,160,860.0389260447253,915.653927860482
6988,Eif4g2,38,863.542793379493,883.3968401916529
6989,Eif4g2,38,869.5913689220313,834.6280894663887
6990,Psap,160,878.9589440250734,860.0175645753213
6991,negative_control,664,882.132580341955,872.6288117699487
6992,Psap,160,883.3075367597331,1018.1441009347366
6993,Psap,160,884.4853374601716,864.4496430451115
6994,Psap,160,889.0897917353564,883.0943234050376
6995,Psap,160,894.2026341019767,929.0401979437888
6996,Psap,160,894.6273888303597,889.2787945895295
6997,Eif4g2,38,903.4903982456456,985.9325962147052
6998,Psap,160,910.3339335164824,925.4208178997033
6999,Psap,160,911.0750131762017,981.6051522968712
7000,Psap,160,915.612854312402,887.1527166058434
7001,Eif4g2,38,924.3370690899634,1059.8756417291563
7002,Psap,160,928.4772925143066,921.7969854600552
7003,Psap,160,929.843417419588,906.029407527074
7004,Psap,160,930.7482368580306,977.1403667071656
7005,Ctbp1,24,941.2246940203104,930.8030845911292
7006,negative_control,365,965.6374537978816,1104.4551543394202
7007,Vim,261,970.8819326487928,1106.0625087624132
7008,Psap,160,973.1005631301884,950.1052904673664
7009,Ctbp1,24,975.5366368859104,1094.8340817523497
7010,Myh9,118,979.5624094356006,1112.908326345304
7011,Paics,137,978.598849090842,1111.7219228277609
7012,negative_control,511,978.809928938599,1113.0076556639085
7013,Eif4g2,38,980.1538336699248,1073.2458956319783
7014,Ctbp1,24,984.5295043871236,1086.217468835316
7015,negative_control,360,986.006022567061,1258.3811165020077
7016,Eif4g2,38,986.8446887426028,1075.1399726862674
7017,Psap,160,992.2426947725075,976.3773820611916
7018,Psap,160,994.0749081818568,982.9528809346076
7019,Eif4g2,38,996.2055132442208,1194.3290038780062
7020,negative_control,409,998.6791595949202,1143.4370782418364
7021,negative_control,1174,998.2933312780632,1143.2963697588873
7022,Eif4g2,38,998.895432909154,1254.3211801042771
7023,Nfe2l1,127,997.9570345521844,1094.0090614178266
7024,Grina,53,998.1975522474686,1093.970344150624
7025,Ctbp1,24,998.3582744414332,1093.6701377277857
7026,Eif4g2,38,999.4668831670851,1051.5766160708642
7027,Eif4g2,38,1001.6893016088046,1208.735270214498
7028,Ctbp1,24,1001.8057581688546,1220.9202203856726
7029,negative_control,664,1004.198598901922,1165.8002524480714
7030,Eif4g2,38,1007.8415044795164,1231.4057798761078
7031,negative_control,361,1009.140527714815,1164.8132325581453
7032,Psap,160,1012.4107310207968,990.6949016836433
7033,Eif4g2,38,1013.3774057208996,1129.8208085718345
7034,Ctbp1,24,1023.8582353329998,1049.4924894282124
7035,Psap,160,1031.715157615747,1023.6160700719296
7036,Eif4g2,38,1038.3512110336746,1076.930688812772
7037,Psap,160,1038.7851654103513,1055.3192765563156
7038,negative_control,409,1042.1280046455256,1077.7384279632531
7039,Vim,261,1049.4638984376886,1124.0437965256538
7040,negative_control,1379,1049.9074227074734,1117.3579167021971
7041,Psap,160,1051.5402640916109,1078.765157376049
7042,Ctbp1,24,1052.564899413468,1025.1158154585478
7043,Eif4g2,38,1055.7942048034674,1031.4958590917638
7044,Fkbp4,44,1058.41024775913,1120.0585130066358
7045,Eif4g2,38,1059.1450212315012,1110.2852205207562
7046,Ctbp1,24,1069.175994509037,1113.210876883479
7047,Eif4g2,38,1069.516807927592,1047.0902628504712
7048,Vim,261,1071.229657744393,1083.471234618368
7049,negative_control,1266,1074.5113921182935,1054.5931267583126
7050,negative_control,360,1090.4756271060646,1081.3292074506712
7051,Ctbp1,24,1097.9583079316333,1083.3714263482875
7052,Psap,160,1120.4394662669224,1098.0984633493931
7053,Eif4g2,38,1126.5131624772378,1087.2414756015237
7054,Eif4g2,38,1138.3143926289667,1105.7421903534744
7055,Eif4g2,38,1153.859011209983,1106.256561701519
7056,Eif4g2,38,1182.2690290329035,1112.4753743612027
7057,Eif4g2,38,1193.086070319859,1111.748931213682
7058,Eif4g2,38,1208.2694810447665,1106.6510814297217
7059,Eif4g2,38,1230.4758178362777,1127.1521877576158
7060,Eif4g2,38,1258.2712950949754,1129.664788169037
7061,Rpl18a,187,680.1673436091385,935.8282520931208
7062,Rpl18a,187,693.7970641348787,909.5329192316078
7063,Prpsap1,156,700.7355412095192,881.4504359697643
7064,Rps15a,191,702.9175537774975,875.9509548874744
7065,Rpl18a,187,709.9779166890919,925.4557574718588
7066,Ywhah,266,718.4196254969497,869.864058498859
7067,Prmt1,153,722.9890488229635,887.5697105009141
7068,Rpl18a,187,725.868698217437,912.7341366047916
7069,Rpl18a,187,730.8860797508592,761.5127657433626
7070,Rpl18a,187,734.3520494694403,775.4401213960105
7071,Rpl18a,187,738.5259926264595,885.5740779674989
7072,Rpl18a,187,739.7298160598804,766.3128010551623
7073,Rpl18a,187,747.6287148669511,917.9579230292728
7074,Trps1,243,749.0743558593225,799.9626688435303
7075,Prpsap1,156,751.382714336839,916.7918852796818
7076,Rpl18a,187,753.729050223197,912.3203252091536
7077,Rps15a,191,754.4353238670509,893.7004427412987
7078,Rpl18a,187,758.8069588965863,817.0179335725486
7079,Prpsap1,156,759.6753721268603,911.5651057490924
7080,Rps15a,191,764.5577382377585,833.2209388179534
7081,negative_control,1694,763.7924654423668,854.0192891249296
7082,Trps1,243,765.9248865748401,847.4950439874478
7083,Rpl18a,187,769.0819525499954,829.8802222948603
7084,Rpl18a,187,769.3362790837607,902.4516723081168
7085,Rpl18a,187,772.2032872604622,841.1245951424485
7086,Rps15a,191,772.5274377547769,878.2280754433591
7087,Gsto1,54,774.0305552397224,913.977204161358
7088,Puf60,171,777.766909641774,905.5468161036684
7089,Rpl18a,187,782.39475682315,777.344689118259
7090,Rpl18a,187,788.7044111438172,891.5235330909585
7091,Ssrp1,219,788.8919742048839,827.7782984405396
7092,Rpl18a,187,796.3789369430484,813.0208351084361
7093,negative_control,1694,798.4208836926285,838.1792476443384
7094,Rpl18a,187,798.428321127687,794.2489201875104
7095,Rpl18a,187,800.6581055439472,940.604561171494
7096,negative_control,1495,800.5890960513741,818.4691618018835
7097,Rbm3,182,800.9306277033107,818.6648810626077
7098,Rpl18a,187,803.094187291761,845.3135229144204
7099,Rpl18a,187,804.0392498758268,920.520608842922
7100,Rps15a,191,812.2018951140726,811.5417045797548
7101,Rps15a,191,812.4503938282618,939.0850602171606
7102,Rpl18a,187,815.5383241476039,901.884933309108
7103,Rpl18a,187,818.8760168178899,874.970191666421
7104,Rpl18a,187,820.2929483252682,817.5950258161477
7105,Rpl18a,187,825.3989687637003,890.9675112691111
7106,Rpl18a,187,824.8413619412044,897.5173501690246
7107,negative_control,1375,827.5750383047205,851.6052955826053
7108,Skp1a,207,832.4499071903897,782.0505204048699
7109,negative_control,1480,832.5169505051781,812.9821914235289
7110,Rps15a,191,833.1639058712269,963.8805812250416
7111,Rpl18a,187,833.0571819219106,835.6772677678703
7112,Rps15a,191,838.5335748784725,965.9433985871584
7113,Rpl18a,187,839.1336023165752,904.904808725586
7114,Rpl18a,187,842.0850874996645,783.0663389728365
7115,Rpl18a,187,845.4905529127468,797.3000693796678
7116,Rps15a,191,847.1637749314099,904.61032681677
7117,Rpl18a,187,848.4452086543665,884.6538729953062
7118,Ywhah,266,850.4557606313072,925.7758218117464
7119,Ywhah,266,852.2052160200483,751.7938129905808
7120,Rpl18a,187,852.4014381064205,968.667840238145
7121,Rpl18a,187,851.8060456575365,897.3966691706241
7122,Rpl18a,187,853.1634642157578,879.1027133371663
7123,Rpl18a,187,854.5309091051747,870.3881315814263
7124,Ywhah,266,855.589989845382,993.99535226976
7125,Rpl18a,187,855.6831393227168,829.6414450477367
7126,negative_control,707,856.9795750753318,851.149682640417
7127,Puf60,171,857.9029468462402,815.989982336285
7128,Rps15a,191,858.2714916126695,913.0129030411628
7129,Rpl18a,187,865.9232750255017,875.0342991533198
7130,Nudt9,132,867.3082733033252,951.8635102575876
7131,Ywhah,266,872.937007969283,878.6936565011915
7132,Rpl18a,187,873.3414711053196,915.604964364387
7133,Rps15a,191,875.5240965612634,1028.2344990942925
7134,Ywhah,266,878.3755970065738,840.775031494431
7135,Trps1,243,879.0816641706735,1026.018778368402
7136,Rps15a,191,881.2293330244416,1001.7559388776606
7137,Rpl18a,187,882.1519443741553,950.1392857470696
7138,Sdc4,202,885.7086393367235,864.9121636466257
7139,Prpsap1,156,887.66250552858,1010.9073941929552
7140,Ywhah,266,901.489827463811,1019.4094077983308
7141,Rpl18a,187,903.4258296852164,915.5275752028604
7142,Sdc4,202,904.2839528886476,876.032248730676
7143,Ywhah,266,904.734083393023,1047.551464476186
7144,Rpl18a,187,904.967127618454,1040.3360362427504
7145,Rpl18a,187,913.4839658871406,898.3108697829402
7146,Rpl18a,187,912.4357603310026,915.2355029136312
7147,Sdc4,202,914.5595608398016,946.0312359970025
7148,Sdc4,202,915.1726176930435,917.4785700333096
7149,Sdc4,202,917.2042370090082,983.4773182661868
7150,Rpl18a,187,925.4386576407494,899.4756423084029
7151,Sdc4,202,931.298182718038,954.8216623592128
7152,Rpl18a,187,932.2005033436448,1071.3525215411223
7153,Rpl18a,187,931.9672906424872,914.277177765194
7154,Rpl18a,187,934.7197514188654,1063.765143230295
7155,Puf60,171,938.3440092237648,1080.1986081389673
7156,negative_control,2018,940.2026864317104,1080.354741202084
7157,Sdc4,202,943.471370340362,1023.6484819228936
7158,Rps15a,191,947.5693773542592,1086.8447890263567
7159,Prpsap1,156,950.319469435347,1016.0760500030308
7160,Sdc4,202,951.4075984182872,1029.0927726904752
7161,Rpl18a,187,959.7299293807124,1061.265154314041
7162,Sdc4,202,962.5991284320656,1032.034487453005
7163,Rpl18a,187,963.6093676358578,1055.656417656915
7164,Rpl18a,187,968.7186913696308,981.4473567117816
7165,negative_control,1228,969.3938295062904,1107.1115711258583
7166,Rps15a,191,970.1333468958884,954.4665526465874
7167,Sdc4,202,971.9823960947494,1049.8803109577184
7168,Rps15a,191,972.0298304772218,1070.3062427440125
7169,Rpl18a,187,974.882571201906,1081.3017781066776
7170,Rpl18a,187,975.843509190974,1057.057419558295
7171,Uba1,250,975.3755433041048,1085.6112021370272
7172,Sdc4,202,975.9458318634074,1086.3594801742431
7173,Sdc4,202,977.3856098462225,970.0599429438596
7174,Ywhah,266,978.0200053579468,1064.1023172675468
7175,Rpl18a,187,977.8478252398924,1122.437898480688
7176,Ywhah,266,979.6224352081736,1105.1239966936655
7177,Sdc4,202,980.73441341988,987.685648993978
7178,Rpl18a,187,981.7611546428562,1268.8512020204082
7179,Rpl18a,187,983.2120630183302,1274.8549278436822
7180,Puf60,171,984.6248813124148,1329.1382012957367
7181,Rpl18a,187,987.6212410051792,1179.0081888631616
7182,negative_control,921,988.4065406581128,1039.516721254334
7183,Sdc4,202,988.0622658695154,952.3568865817388
7184,Rps15a,191,987.8739326831096,1097.9916396780004
7185,Rpl18a,187,989.2046516507164,1269.7595132437448
7186,Sdc4,202,990.043066783134,1034.5011461545175
7187,Rpl18a,187,995.569149097418,1241.7599740871624
7188,Ywhah,266,995.9582338382928,963.2057544060348
7189,Skp1a,207,996.125740292319,1127.424890321172
7190,Rpl18a,187,998.5859491154328,1005.0478647321248
7191,Rpl18a,187,999.6874840787168,1028.4197565044135
7192,Rps15a,191,999.8284581537332,1149.8127830654082
7193,Rpl18a,187,1001.8824057672564,1156.4742070339842
7194,Rps15a,191,1005.4680800904024,1226.3407300470262
7195,Ywhah,266,1006.9657505855478,1142.3826537485272
7196,Rpl18a,187,1010.1271093702724,1028.301395183033
7197,Rps15a,191,1010.7105982116212,1172.4444199938166
7198,Sdc4,202,1010.925639177598,1055.8613222063195
7199,Rpl18a,187,1011.7628576264938,1007.1093775194196
7200,Rpl18a,187,1013.2746608230004,1160.144720994524
7201,negative_control,1081,1016.3831707812246,1133.6645189006815
7202,Ywhah,266,1015.9454018465332,1018.4412108519696
7203,Ywhah,266,1016.3566916277964,1115.1956758301642
7204,Rpl18a,187,1026.746330474232,1093.2752162895354
7205,Prpsap1,156,1028.6716262457546,1109.2561494980118
7206,Rps15a,191,1029.044190749561,1084.9280608303914
7207,Trps1,243,1036.358986236799,1138.5992189078468
7208,Ywhah,266,1050.5030985731603,1027.0871392544518
7209,Rpl18a,187,1060.175441435715,1065.7243465076667
7210,Rpl18a,187,1068.912620396086,1057.2419614014775
7211,Vim,261,1073.453751325521,1056.0814337487627
7212,Rps15a,191,1073.9128121696117,1056.7274271968488
7213,Prpsap1,156,1077.4340531345056,1098.9176605092305
7214,Uqcrc1,256,1080.222905144789,1078.3731305037927
7215,Puf60,171,1079.122667263773,1079.3472477332716
7216,Rps15a,191,1086.284770541426,1073.359166176067
7217,Rpl18a,187,1097.4991966117482,1080.9207400587543
7218,Rpl18a,187,1106.500203129774,1096.07509444146
7219,Rpl18a,187,1107.6485818655788,1067.447146286199
7220,negative_control,584,1117.9421318073569,1096.1138393196284
7221,Rpl18a,187,1119.3931694655594,1088.6322734359348
7222,negative_control,957,1127.9483775596625,1105.155897125736
7223,Ywhah,266,1128.8792854509609,1082.3847580122483
7224,Rpl18a,187,1137.6445492889789,1090.1323506157469
7225,Rpl18a,187,1196.6834532617604,1123.6144067779392
7226,Rps15a,191,1200.4975902796425,1117.869413412244
7227,Puf60,171,1204.342300083527,1122.249330408515
7228,Ywhah,266,1212.4683903842706,1122.8635835110272
7229,Rpl18a,187,1234.4022150035075,1128.938331855565
7230,Rpl18a,187,1251.388012624442,1137.2953979838696
7231,Ywhah,266,1273.5280446401607,1127.1712192119444
7232,Rps15a,191,1289.812691769387,1136.7296413047584
7233,negative_control,1694,1293.8376464562548,1121.7406885407377
7234,Rpl18a,187,1302.0872303028598,1131.3298718024812
7235,Rps15a,191,1302.3282297085343,1138.758596903271
7236,Rpl18a,187,1311.988485392696,1127.4431785422512
7237,Paics,137,659.0183413051839,882.3233403562016
7238,Paics,137,680.6467968380858,880.9737981057585
7239,Arf1,6,680.919208047747,889.3507780703833
7240,Arf1,6,695.2270860766305,925.8408359880476
7241,Srebf2,215,704.9893957117449,909.5190406364136
7242,Arf1,6,759.819788311204,821.5897344181623
7243,Arf1,6,765.2150026292322,896.6380614891552
7244,Arf1,6,767.2673668643614,855.5699897989782
7245,Arf1,6,769.7810716029752,848.2840488528205
7246,Paics,137,774.7525803402149,921.3090195708318
7247,Psmc2,162,775.3226957657057,868.2431542455371
7248,Vim,261,775.4950753763665,867.5701366229191
7249,negative_control,488,777.2357316304165,912.5654002944572
7250,Ndufs8,123,780.4312883351829,818.9865383431376
7251,Arf1,6,792.5569978685207,933.7581644180786
7252,negative_control,1417,796.6679151916397,851.5404993736265
7253,Arf1,6,798.7296567093846,874.9782008442282
7254,Arf1,6,804.327149936341,841.387668411244
7255,Paics,137,809.3735463459038,813.9142145471184
7256,Ndufs8,123,812.4137638683392,864.5155102276408
7257,Vim,261,812.69512330279,824.335968975149
7258,Paics,137,821.3358481502052,806.1022005321679
7259,Arf1,6,829.4190296481981,957.9271894564532
7260,Arf1,6,834.4764188859975,879.8398120639774
7261,Srebf2,215,838.3582370435649,950.8059171101492
7262,Paics,137,840.3606868828581,959.0145742409552
7263,Arf1,6,842.4404799646991,968.5460205055851
7264,Arf1,6,860.27345451561,748.8209346389431
7265,Arf1,6,862.0465292110218,942.071418840581
7266,Ndufs8,123,861.2670984674421,920.15739262502
7267,Thy1,228,865.4909769273635,951.1709318557812
7268,Arf1,6,866.1116667434196,952.2474148216636
7269,Arf1,6,870.047215324352,835.6847527220658
7270,Ndufs8,123,874.3017877036277,1007.6206502583492
7271,negative_control,1415,891.4967345179177,921.5109037159284
7272,Srebf2,215,900.9661327955204,876.106684490548
7273,negative_control,1116,903.1950730380312,879.8288840458763
7274,Arf1,6,931.6789031140096,1073.330685390184
7275,Arf1,6,947.5229199798744,994.2281356052316
7276,Paics,137,953.9030455940064,1073.9313817468658
7277,negative_control,564,962.2719094930154,1042.3248033060772
7278,Arf1,6,975.6595320746696,1001.655628288975
7279,Arf1,6,979.2005880625894,1280.9893887040546
7280,Arf1,6,982.4290278969174,1129.3919877620474
7281,Paics,137,985.1960214393408,1092.9114638853791
7282,Arf1,6,986.6497392032948,1287.9245947293882
7283,Vim,261,985.9489049998313,1318.8647074569474
7284,Srebf2,215,989.7764577896612,1199.5397302967465
7285,Ndufs8,123,990.2657443618806,1303.5389879312224
7286,Srebf2,215,994.8823943494476,1048.9238045338457
7287,Ndufs8,123,1002.6028241729726,1069.5565027473174
7288,Paics,137,1003.7993450677624,1038.6692652614358
7289,Paics,137,1005.1232382332644,1183.2391175598395
7290,Arf1,6,1007.0563624719568,1047.709455303802
7291,Arf1,6,1007.051547311887,1141.1231597675082
7292,Arf1,6,1007.300260165459,1174.3808045858525
7293,Arf1,6,1013.0819235475232,1146.645351982094
7294,Arf1,6,1015.23740636254,1153.2083617430155
7295,Arf1,6,1017.0318256615714,1161.669814447327
7296,negative_control,1411,1020.528833390664,1140.2950131709763
7297,Paics,137,1026.4847820596217,1082.0172184559267
7298,Arf1,6,1037.7675101743168,1045.8451267519924
7299,Pcdhgc3,138,1042.9980986099786,1097.42580100088
7300,Ndufs8,123,1059.3104028199343,1089.6303321274672
7301,Paics,137,1067.0054527022323,1068.3504513682078
7302,Vim,261,1084.3051998031224,1070.6365160407274
7303,Vim,261,1086.9316601639457,1058.342697698872
7304,Paics,137,1097.8177464681094,1062.3374988438864
7305,Gsto1,54,1097.7355588746902,1062.8318303358778
7306,Paics,137,1106.9447475336544,1072.695185484296
7307,Arf1,6,1124.8902931463915,1098.3838416229328
7308,Paics,137,1170.0283620543769,1103.1608526194568
7309,Arf1,6,1174.4883602176528,1119.1179777784218
7310,Paics,137,1216.3571610913168,1107.7232520482294
7311,Paics,137,1246.8563650287774,1138.0136452360136
7312,negative_control,1421,1277.7230040565605,1134.5798341083278
7313,negative_control,977,1291.0553397003364,1112.6074304573112
7314,Ndufv1,124,651.5278140785293,873.4115288525377
7315,Ndufv1,124,662.954195480703,900.6268234535096
7316,Ndufv1,124,761.0516752583316,926.0614910464792
7317,Ndufv1,124,765.5278620009135,826.1130590931696
7318,Ndufv1,124,786.5645992717887,851.5435298002948
7319,Ppp2r1a,151,794.4205602126607,816.8561670112838
7320,Ndufv1,124,819.2919689532872,821.8274654134639
7321,Ndufv1,124,833.0310859384515,789.3900152340054
7322,Mdh2,85,834.820991434485,898.8203729358286
7323,Ndufv1,124,837.7211665918625,903.0850863719044
7324,negative_control,1675,852.8589371189194,832.4182335188162
7325,Ndufv1,124,935.7614746072836,986.846416440485
7326,Ndufv1,124,936.7369347801534,1020.5875186429502
7327,negative_control,1203,976.4950635135076,1085.7832646699271
7328,Ndufv1,124,1003.4840469243586,1234.3176747046152
7329,Ndufv1,124,1006.3190295527688,1118.2668258618314
7330,Ndufv1,124,1013.6404793598748,1140.3390430571203
7331,negative_control,750,1019.1468241647722,1138.263948210371
7332,negative_control,912,1029.657667218282,1140.1123358670457
7333,negative_control,1359,1054.237579889929,1039.0834640028957
7334,Ndufv1,124,1069.99785516414,1049.9902209041109
7335,Rpl15,186,1117.15441808409,1097.17451616748
7336,Ndufv1,124,1130.6907414156556,1092.3185520554275
7337,Ndufv1,124,1234.348152160545,1116.429980500768
7338,Timp2,229,767.7129319736549,820.2602750136813
7339,St13,220,768.4012252123839,855.2483608756352
7340,negative_control,498,795.6951286419041,908.7326631317104
7341,Timp2,229,797.4427172627718,899.3575677724107
7342,Timp2,229,805.9881838220078,825.2596127682816
7343,Nfe2l1,127,818.8111867850108,925.359439063564
7344,Vim,261,839.9738628773079,847.4347369910859
7345,Maged1,82,843.6070504640538,836.8935380004428
7346,negative_control,1333,844.795667905867,835.7843859136431
7347,Timp2,229,845.7600605600203,927.8677667905775
7348,Timp2,229,851.5455098313682,904.5191858277078
7349,negative_control,1754,862.0076185396294,895.0272635052261
7350,Timp2,229,878.7270992409082,944.8300391395088
7351,Timp2,229,884.6648723634332,939.9399145128156
7352,negative_control,496,887.7097106673624,879.8543530033071
7353,Nfe2l1,127,897.0918094576178,935.7969775048764
7354,Timp2,229,903.0932548016116,875.1425047163066
7355,Timp2,229,916.2892766344949,891.4339805572383
7356,Timp2,229,919.6820876113736,921.7207010645214
7357,Timp2,229,920.1613413975696,965.0929778753168
7358,Vim,261,931.9044064378314,911.5508013631086
7359,Timp2,229,943.6198455264934,964.1457609571428
7360,Timp2,229,946.816835846352,1063.4292063421108
7361,Timp2,229,954.379896581117,1063.3849371054605
7362,Timp2,229,957.3342656722772,1042.8437200430535
7363,Nfe2l1,127,958.4401356639008,1072.1069715791689
7364,Timp2,229,961.9080216291204,1030.1078655988506
7365,Nfe2l1,127,964.1592926076715,1012.7238985395372
7366,Nfe2l1,127,965.3219124284684,1015.6151230482516
7367,Timp2,229,988.2994817159404,1053.8653381012325
7368,negative_control,1130,988.1930976378068,1139.8755815899406
7369,Timp2,229,988.852344892443,1057.6467880090656
7370,Timp2,229,992.0099975761048,1006.1493863960656
7371,Rpl15,186,992.7147727965712,985.9023661335868
7372,Timp2,229,1017.5288102211524,1073.8784370018802
7373,Timp2,229,1019.155449667141,1062.8236309447411
7374,negative_control,1128,1041.0477371475697,1109.4847911689494
7375,Timp2,229,1045.2999987891349,1049.9634833156929
7376,negative_control,1754,1047.5713565920803,1075.050616831182
7377,Timp2,229,1078.3496765010182,1088.0213241922902
7378,Nfe2l1,127,1138.4852818039712,1089.4607536008466
7379,St13,220,650.6003834876324,879.0088363005631
7380,St13,220,659.1243788274821,909.4003959761416
7381,St13,220,677.6011276888044,881.2196316465138
7382,St13,220,726.7210896079841,786.0554636993036
7383,St13,220,729.3843580711485,906.2121734382214
7384,Sfpq,206,736.5857027418825,891.9005762757436
7385,Sfpq,206,742.1300606279513,887.9348052341309
7386,St13,220,748.9725670924415,875.5825956993473
7387,Ssrp1,219,749.2130630921687,882.9496531888113
7388,St13,220,756.329503181247,929.5497741938966
7389,St13,220,756.3497816733249,867.7788274234481
7390,Sfpq,206,759.6154189923111,770.0184222886921
7391,St13,220,759.8746040281753,917.6756388505024
7392,Sfpq,206,765.6856943096216,869.1039148693538
7393,Csnk1a1,22,768.0016135990347,887.9088056926249
7394,St13,220,773.790854412526,777.7596212323197
7395,Csnk1a1,22,775.8880074158627,848.2453055782332
7396,Csnk1a1,22,776.8046414994433,924.4722794359416
7397,St13,220,779.5393831120064,842.1512103085219
7398,St13,220,783.1145264738971,866.94808429494
7399,Ssrp1,219,794.2063471452591,790.2946640588918
7400,St13,220,795.1108465604028,845.319316597203
7401,St13,220,796.0011812113119,851.5892423125101
7402,Sfpq,206,803.8074181993545,836.4328532108733
7403,St13,220,805.129707046913,847.2000261685516
7404,St13,220,805.9332028241478,805.6635133261409
7405,Ssrp1,219,806.1679917337203,807.8860655919395
7406,St13,220,806.5267590861508,896.7495651871819
7407,Ssrp1,219,811.4610749763882,845.2717123424745
7408,Sfpq,206,816.8675602572164,802.9007187273646
7409,Csnk1a1,22,817.3685259075213,814.2679525690847
7410,negative_control,1690,818.9876508301777,862.9201744125357
7411,Mrpl44,104,827.757166159211,910.3945154207136
7412,Sfpq,206,829.651133189818,851.346895323677
7413,Sfpq,206,833.4572476853207,829.5480181300653
7414,Ssrp1,219,841.6489993244188,950.1470270067748
7415,negative_control,1682,848.0572650178053,940.088496385098
7416,negative_control,1679,851.2924361545423,841.7144142327871
7417,Ssrp1,219,853.6202986274902,806.8119818394947
7418,Sfpq,206,860.6125064042908,849.2290888707073
7419,Mrpl44,104,870.0254525869077,915.3009107746268
7420,St13,220,877.5984494174547,877.3055143773836
7421,St13,220,903.0575712780688,927.7355703510772
7422,Sfpq,206,904.7809626188216,1046.1399322554248
7423,Sfpq,206,907.367064068722,944.496670181848
7424,Sfpq,206,907.6353417826332,985.673683197833
7425,Hif1a,57,909.6508546430464,997.911510487926
7426,Sfpq,206,923.385095168014,913.7907332158665
7427,Sfpq,206,930.75987033376,901.5128154765504
7428,Ssrp1,219,932.8350562404096,1046.8560232769946
7429,Sfpq,206,938.2750266511222,984.7019759487712
7430,Csnk1a1,22,950.1864535084894,972.015822913517
7431,Csnk1a1,22,958.0385643558288,924.7252682829998
7432,St13,220,965.1703547712284,1028.0266356176455
7433,Ssrp1,219,972.590903848469,990.88971108638
7434,Sfpq,206,977.2416871615231,1010.7234711244898
7435,Sfpq,206,981.7776269180443,1008.7954265180769
7436,Csnk1a1,22,987.2503508549394,1097.70080080808
7437,St13,220,987.7974244904184,1045.5119259217672
7438,Sfpq,206,989.178796885579,1298.2068273900084
7439,Sfpq,206,988.9962861278888,1245.0031306527385
7440,St13,220,995.212178950753,1271.261009767471
7441,Ssrp1,219,998.201038630794,1148.0677969131366
7442,Sfpq,206,998.5061892733208,1142.7256600636165
7443,St13,220,999.4656087272132,1245.698267993335
7444,St13,220,1002.3579618842214,981.4030902859032
7445,Sfpq,206,1002.073294295358,997.1091424238898
7446,negative_control,2036,1002.34584233656,1155.1003910843178
7447,Ssrp1,219,1005.464054816884,1147.1615872512373
7448,Csnk1a1,22,1006.6792568485106,1108.6769771863244
7449,Sfpq,206,1033.9556869465762,1011.1527795890354
7450,St13,220,1036.7040176242351,1015.253659984279
7451,St13,220,1041.6107138321245,1074.8587035189578
7452,negative_control,1369,1042.9882148161237,1106.7303572613578
7453,Mrpl12,92,1047.7463671938042,1127.8299737512073
7454,Csnk1a1,22,1048.6938325684755,1127.7253287848057
7455,Ssrp1,219,1051.6551467168565,1031.860350760787
7456,Sfpq,206,1052.4647595891945,1112.3296960306266
7457,St13,220,1056.8691864836564,1090.9347453891155
7458,St13,220,1058.271062891774,1086.0721770976031
7459,negative_control,1684,1059.6259061112569,1090.4546515661946
7460,St13,220,1062.4152104057532,1060.5492779914614
7461,Ssrp1,219,1065.537382277461,1105.223029845416
7462,St13,220,1066.4616534783463,1056.4944653026037
7463,Sfpq,206,1067.1784922028444,1039.355520930749
7464,St13,220,1068.6654509630316,1070.557092965405
7465,Sfpq,206,1069.3325592249096,1087.1353694035545
7466,negative_control,1688,1079.1625841106866,1086.5596210330252
7467,negative_control,1369,1080.7288013739017,1102.6913691373356
7468,Sfpq,206,1079.681638287283,1093.7272264765552
7469,St13,220,1086.71841145432,1060.362633175194
7470,Ssrp1,219,1109.449469046977,1100.1195558106126
7471,Sfpq,206,1113.9913097613803,1091.2290333028525
7472,St13,220,1118.6782079637408,1092.122729307535
7473,Sfpq,206,1120.533875168538,1077.8991136342258
7474,St13,220,1131.990856228951,1079.8399721765484
7475,Ssrp1,219,1145.3247381978574,1103.5226088984166
7476,St13,220,1155.7918122569315,1107.3054299590992
7477,Ssrp1,219,1174.0576016371333,1098.355747949602
7478,Csnk1a1,22,1189.8933069819318,1104.86603095869
7479,Sfpq,206,1226.9719953263657,1120.3514546576937
7480,St13,220,1233.278110062401,1118.603346970869
7481,Sfpq,206,1238.905410344012,1123.1512214001625
7482,St13,220,1242.055572388747,1138.139768045116
7483,St13,220,1243.4367766162295,1122.1407752402638
7484,Sfpq,206,1244.2554506003648,1117.7983404432375
7485,Sfpq,206,1247.0612301684157,1131.9341576637582
7486,Sfpq,206,1247.304629031829,1137.5623975762728
7487,Hif1a,57,1258.5273256958462,1130.9332879459234
7488,Sfpq,206,1261.394884581806,1133.3241089348498
7489,Csnk1a1,22,1275.1713361587035,1123.1782141983545
7490,St13,220,1288.9743742227631,1124.7418376824148
7491,Sfpq,206,1308.1158625893686,1127.9759611591485
7492,St13,220,1309.5916446005272,1123.3188973275614
7493,Ran,178,654.7572515893642,883.2450731935941
7494,Cs,20,703.5049300114592,879.1216515724094
7495,Cs,20,728.0408531986125,878.1602174698668
7496,Ran,178,764.7955498789858,797.797622640844
7497,Cs,20,765.6212806897609,940.1969992647277
7498,Ran,178,768.4023800911041,791.156966644619
7499,Lamp1,74,770.5545301975588,938.594673191557
7500,Ran,178,776.3053952764315,915.4533509225796
7501,Ran,178,778.8035274957256,819.719791783258
7502,negative_control,1607,779.4948970703192,865.5734305212586
7503,Ran,178,782.3554258582728,931.9728531115044
7504,Lamp1,74,783.204283201329,793.0554288639132
7505,Lamp1,74,789.4646764305166,831.8164388961809
7506,Cs,20,795.3991373134213,921.5890511881232
7507,Ran,178,798.4335736055428,882.9743579963813
7508,Fgf7,43,799.7881562889472,821.398473394768
7509,Vim,261,798.9245764598427,905.2406274371624
7510,Cs,20,801.2109817210662,942.8128144939444
7511,Lamp1,74,802.7734870948572,803.4689989461109
7512,Lamp1,74,808.8980961719243,802.1723836575312
7513,Lamp1,74,808.5973583384264,875.1137146068717
7514,Mrps9,111,819.696946114738,786.3581942365661
7515,Ran,178,822.2826870401846,815.9887662126848
7516,Lamp1,74,830.2552884886616,846.0024190831673
7517,Pla2g4a,145,831.9678227571247,876.2891284303806
7518,Cs,20,839.4019042963953,785.6052470256158
7519,negative_control,1300,843.6766094065972,942.1498014112364
7520,negative_control,699,849.845938377023,860.1300546401951
7521,Twist2,247,851.3518607900987,758.8922889092048
7522,Rpl15,186,852.2998159782708,893.0235897614994
7523,Ran,178,853.4803601561442,747.4573954751371
7524,Cs,20,856.7784090494777,808.5288176189952
7525,negative_control,1289,856.4881863676744,847.3076541590053
7526,Lamp1,74,860.0318390769517,845.0534862521758
7527,Lamp1,74,860.7912322950738,938.4438880287228
7528,Ran,178,862.2885368644238,903.2234280334524
7529,Lamp1,74,868.8135557462489,843.4048190167737
7530,Pdia4,141,880.1372238856902,932.8373448120832
7531,Lamp1,74,881.0607590134503,879.2726565885199
7532,negative_control,1607,887.6805812542598,887.5263551283388
7533,Ddx17,26,902.9412442615362,922.6579700029198
7534,Cs,20,907.6011972498686,897.4067351531149
7535,Lamp1,74,908.887002704936,951.2158280980308
7536,Lamp1,74,911.1718072714044,1031.5594917617168
7537,Ddx17,26,912.865112275811,974.6149739099584
7538,Lamp1,74,922.3853172344102,987.986537113185
7539,Lamp1,74,922.8126769313428,1022.863116897993
7540,Ran,178,931.2724067683472,1034.1122636940695
7541,Ran,178,932.7379481143092,904.564415831598
7542,Lamp1,74,942.8584094978758,987.3164875909682
7543,Lamp1,74,943.9902579828836,1064.9306900089537
7544,Ddx17,26,949.4458031720948,976.764326156589
7545,Ran,178,951.9178180160336,926.5847164298824
7546,Ddx17,26,958.1593883921914,1005.0651890539592
7547,Slc25a1,208,960.4982074254252,1094.266499041854
7548,Ddx17,26,979.1108634393772,950.0478752209956
7549,negative_control,1286,982.1402114842386,1106.1360631672196
7550,Lamp1,74,983.0930573083864,971.4749079303484
7551,Pdia4,141,989.080718448615,1074.6933316466002
7552,Lamp1,74,989.341136054579,1165.0327912648486
7553,Ran,178,990.1207587883003,1264.419082858167
7554,Ran,178,990.4632363533368,1110.5218221519735
7555,Lamp1,74,991.6888818948612,1193.5142222752454
7556,Ran,178,997.4725519098542,1250.0503561535609
7557,Lamp1,74,998.1969279912618,1058.5626276274386
7558,Ran,178,999.0496929326798,1074.03305627606
7559,Ran,178,998.410332644477,1105.7310940774944
7560,Cs,20,1002.237844825906,1148.4250505116586
7561,Pla2g4a,145,1003.2192625749458,1218.2514566897926
7562,Lamp1,74,1003.9120898561604,1134.6841373559596
7563,Pla2g4a,145,1005.2256495331204,977.5187895727086
7564,Xdh,262,1010.5415329952114,1147.9938777526672
7565,Lamp1,74,1011.8066900280236,1087.5533783431852
7566,negative_control,1289,1014.2748110875908,989.418019466788
7567,negative_control,527,1013.6896758699714,1092.1628245379788
7568,Pla2g4a,145,1018.8138046598752,1165.0800667647736
7569,Cs,20,1025.429145867197,1017.2425659482844
7570,Ran,178,1025.8850507317525,1138.2436370663954
7571,Lamp1,74,1033.1761669740106,1050.3593780708554
7572,Ddx17,26,1033.769776140928,1024.326076569349
7573,negative_control,1463,1035.712921112109,1084.8155650833855
7574,Ran,178,1045.274034751936,1129.777550398096
7575,negative_control,1288,1048.7770554554618,1113.004108927805
7576,Lamp1,74,1079.781942238071,1080.7810746774612
7577,negative_control,699,1111.4608696676553,1085.1216487236825
7578,Cs,20,1114.3883393827373,1086.67360061904
7579,Ran,178,1115.094661058618,1105.1142388296532
7580,Ran,178,1119.3144802558254,1078.035436501145
7581,Vim,261,1121.1194238484234,1103.468981723964
7582,Prmt1,153,1120.647014692437,1104.1004501476923
7583,Cs,20,1188.9965004484911,1111.9356616955474
7584,Ddx17,26,1211.8231190388983,1132.7954980212924
7585,Cs,20,1248.6020699179762,1134.939434390649
7586,Ran,178,1249.4037002896223,1126.1093125218304
7587,Cs,20,1255.096471513548,1118.755728124905
7588,Ddx17,26,1267.0725341051934,1130.0599355921834
7589,Ran,178,1294.7135891368653,1118.06554753176
7590,Ran,178,1297.3025467104223,1138.0576192614749
7591,Cs,20,1307.0556143219335,1124.794561542638
7592,Zfp36l2,270,650.7087847103517,893.9180800812653
7593,Cct5,10,662.7995443488247,868.2078020133722
7594,Ppp2r1a,151,666.2085542401827,886.2047202923613
7595,Ppp2r1a,151,669.7539754494292,893.9560667852734
7596,Cct5,10,686.2752657398893,874.8152586697511
7597,Prmt1,153,721.4946794003728,915.9794205297176
7598,Prmt1,153,725.0552313637587,947.8714983979633
7599,Zfp36l2,270,744.1459593629555,884.1776952519407
7600,Prmt1,153,756.157228158051,905.341889382488
7601,Rnf11,185,755.8211141493655,790.9362553978413
7602,Ppp2r1a,151,761.1869021920245,817.9809171160467
7603,Cct5,10,764.2654078111204,891.9571658027133
7604,Cct5,10,766.45060832075,830.2218918941785
7605,Prmt1,153,768.8353865086559,927.1375290419612
7606,Cct5,10,771.2267039228341,846.5677757684621
7607,Ppp2r1a,151,774.3072888956194,881.4220821080785
7608,negative_control,940,776.7182292091767,825.03061228047
7609,Ppp2r1a,151,777.868265908756,898.728333625643
7610,Ppp2r1a,151,783.3445449917115,777.8631603696034
7611,Cct5,10,783.4131078868991,863.1730705428554
7612,Zfp36l2,270,785.9534290458786,851.8694547810626
7613,Zfp36l2,270,791.8137653019486,874.9438914740002
7614,Ppp2r1a,151,791.9496123781563,891.1566816071172
7615,Cct5,10,793.47946795095,831.5859742451119
7616,Ppp2r1a,151,795.9223965003029,841.4933624590597
7617,Ppp2r1a,151,800.7399511842698,848.7311282157568
7618,Rnf11,185,801.7148264296584,886.3639159476775
7619,Ppp2r1a,151,802.566290438847,784.5259704340799
7620,Zfp36l2,270,805.0509389384194,805.257975821221
7621,Ppp2r1a,151,806.6350001407138,845.5010467265424
7622,Zfp36l2,270,808.4761309392416,879.7087161511495
7623,Zfp36l2,270,808.946556275464,940.1042839368002
7624,Zfp36l2,270,809.871283225317,796.3614570188927
7625,Prmt1,153,811.6443749904757,837.7712073450082
7626,Cct5,10,818.8839522291752,859.5725257092004
7627,Cct5,10,819.9180612032973,879.7195698198708
7628,negative_control,790,824.0621178664333,950.4157387375268
7629,Cct5,10,826.6384741684835,860.1484994102087
7630,Cct5,10,826.8335917896472,784.3958677446642
7631,Zfp36l2,270,829.6313721902401,865.0323399438394
7632,Prmt1,153,829.758821808069,795.8059725453656
7633,Prmt1,153,831.4906396545222,875.0331354555585
7634,Ppp2r1a,151,834.8912355651166,903.7265488507024
7635,Ppp2r1a,151,839.2857447764543,845.3837502705071
7636,Ppp2r1a,151,842.6591180719321,946.2200300642144
7637,Prmt1,153,846.476832641463,848.1605308458466
7638,Cct5,10,848.0257977004638,907.3000607291456
7639,Ppp2r1a,151,848.3487821756418,834.5541918615941
7640,Maged1,82,851.2087183881166,822.3338127893566
7641,Prmt1,153,851.2018850611324,762.3631456113974
7642,Zfp36l2,270,860.8456379041455,808.9254637108044
7643,Ppp2r1a,151,862.1273901915213,901.9089197706776
7644,negative_control,1087,867.201554020977,838.143670150312
7645,Zfp36l2,270,868.8269602735206,846.8539467090723
7646,Ppp2r1a,151,872.9702265297672,1017.1461643907924
7647,Ppp2r1a,151,880.0031300935533,889.1696643383057
7648,Ppp2r1a,151,880.0727670629967,1025.294383820463
7649,Prmt1,153,885.2979103889353,884.5768120922974
7650,Ppp2r1a,151,887.5787869067924,965.3448934289218
7651,Cct5,10,899.6568705995101,877.5300707235706
7652,Cct5,10,907.4066413081888,890.4964868599832
7653,Zfp36l2,270,906.9391368026464,962.304225385394
7654,Rnf11,185,913.5881042343052,998.9813375357608
7655,Cct5,10,914.5774154066684,1051.3627249936956
7656,Rnf11,185,916.5223644294164,897.2855395482774
7657,Ppp2r1a,151,920.033038039526,980.6892539598572
7658,Ppp2r1a,151,920.3662292737966,896.2336934824424
7659,Cct5,10,919.9506505814984,1048.7570201141284
7660,Rnf11,185,922.6811187475232,1066.6452255366444
7661,Ppp2r1a,151,924.762980861701,1063.272222748181
7662,Cct5,10,937.6818464809766,1054.530607736282
7663,Prmt1,153,953.0611115751634,1017.8846467923356
7664,Rnf11,185,953.7836266462228,1057.0549179862082
7665,Ppp2r1a,151,956.3151753521656,1096.319209261588
7666,Rnf11,185,963.18113981716,1093.780118664862
7667,Zfp36l2,270,968.479138121562,1043.2200849649976
7668,Cct5,10,970.9891565207496,1013.8926604752616
7669,Rnf11,185,982.7163326763986,1248.7860136060626
7670,Rnf11,185,984.835454938274,1040.7489837869969
7671,Ppp2r1a,151,985.3954562545548,1004.2439203001315
7672,Ppp2r1a,151,988.85307747336,1189.5816246138745
7673,Ppp2r1a,151,989.0443939204396,1272.0023586463135
7674,Ppp2r1a,151,991.665790760336,1133.6084369782022
7675,negative_control,1794,991.6889211964032,1135.8020653810715
7676,Zfp36l2,270,992.8335082868408,1204.9498259395132
7677,Ppp2r1a,151,996.8504521217304,1171.852616986375
7678,Ppp2r1a,151,997.2877470639526,971.7515436252428
7679,Cct5,10,1001.1960075313642,1127.1888982877335
7680,Zfp36l2,270,1003.194427026316,996.5204489664878
7681,Rnf11,185,1003.006889432164,1084.62527825068
7682,Zfp36l2,270,1002.9898547473476,989.1218040040536
7683,Cct5,10,1004.6058344675148,1234.9298122299012
7684,Cct5,10,1005.2805824369966,985.532958558572
7685,Ppp2r1a,151,1009.1513279520764,1090.2529074473414
7686,Ppp2r1a,151,1010.6415856017824,1045.872392331604
7687,Cct5,10,1010.4999304137588,1111.1506476262073
7688,Prmt1,153,1011.8562647251872,1110.5893999611433
7689,Rnf11,185,1017.5343222398084,1042.3953017188123
7690,Rnf11,185,1021.8536545113922,1074.9888235199649
7691,Rnf11,185,1023.1301718296232,1025.2798419588084
7692,Cct5,10,1025.928084536392,1008.3230227831112
7693,Rnf11,185,1035.9962387134865,1013.9347211414532
7694,Cct5,10,1037.055451591979,1086.2211075042278
7695,Rnf11,185,1038.584421882274,1017.223047635074
7696,Rnf11,185,1038.9632696679644,1076.9401541246682
7697,Ppp2r1a,151,1039.0272905909835,1067.1756658565037
7698,Gsto1,54,1042.5670794145176,1072.4416140373023
7699,Ppp2r1a,151,1042.515297008038,1074.2237877332398
7700,Cct5,10,1043.8577334539368,1094.8595901484175
7701,Ppp2r1a,151,1043.9239540765736,1067.668208899122
7702,Ppp2r1a,151,1049.373757708349,1063.5581205845972
7703,Fus,47,1058.4026027587142,1078.102745927863
7704,Cct5,10,1058.0566649081509,1076.9219884368515
7705,Cct5,10,1061.6111483661948,1116.0210299307405
7706,Rnf11,185,1062.779591469632,1049.5565518379424
7707,Ppp2r1a,151,1077.6024823856635,1071.187074863824
7708,Mdh2,85,1081.4921752148157,1091.1468050577582
7709,Cct5,10,1096.5200500031492,1065.0129481475417
7710,Cct5,10,1098.788892891259,1072.806572649292
7711,Cct5,10,1108.2076839425968,1070.4545922694465
7712,Zfp36l2,270,1133.835104719064,1094.2913250250133
7713,Prmt1,153,1139.320993575816,1094.0592718694952
7714,Cct5,10,1140.9344180395465,1087.741192623087
7715,Cct5,10,1156.294703165334,1094.6243558322146
7716,Fus,47,1173.0928919547257,1116.7538406079589
7717,Ppp2r1a,151,1214.7455891104228,1133.2774677400369
7718,Ppp2r1a,151,1215.6992067894716,1120.6179017830464
7719,Cct5,10,1232.2474288583958,1131.9638186463258
7720,Cct5,10,1233.8346471062314,1115.362200696316
7721,Cct5,10,1244.112471467858,1138.0134521764244
7722,Ppp2r1a,151,1247.4941798757038,1144.9186035205
7723,Cct5,10,1308.465730141,1137.993016496957
7724,Mdh2,85,662.0865973257751,874.1857811521791
7725,Mdh2,85,664.782567827063,909.090299011549
7726,Pcdhgc3,138,698.6466901514242,897.1958832849692
7727,Mdh2,85,747.9861647182494,890.3807428797357
7728,Sae1,199,750.9778734278066,792.9102994619875
7729,Mdh2,85,753.4765976319131,783.4442598107346
7730,Mdh2,85,757.6971179137263,944.0604005643615
7731,Mdh2,85,758.7866628584692,937.969823722232
7732,Mdh2,85,761.6896600765691,822.0470922233458
7733,Skp1a,207,770.8499138868826,788.1566921610597
7734,Tmbim6,230,773.5760252295687,873.1523400366978
7735,Mdh2,85,776.9823369314805,871.4477952373443
7736,Vim,261,777.3378904091051,870.9057880621292
7737,Mdh2,85,776.7966783707521,875.2824941235447
7738,Mdh2,85,780.9795864538864,828.6239833479958
7739,Vim,261,782.8775773040237,809.2150964323248
7740,Sae1,199,783.5095074849139,850.1993788816815
7741,negative_control,866,784.2110341415147,868.8131713610682
7742,Loxl1,78,785.6900443229728,831.4132673023637
7743,Xdh,262,786.9012778624572,813.6085241964493
7744,Tmbim6,230,787.6041681350146,909.4967125672744
7745,Mdh2,85,789.073707761816,839.7148119371093
7746,Mdh2,85,794.0076984340366,839.2562968111267
7747,Sae1,199,799.3072389038648,928.8672094714452
7748,Tmbim6,230,809.8681234223511,854.7526124086032
7749,Sec13,204,809.0301174271482,838.2819551248451
7750,Loxl1,78,811.0360767162634,877.5255199230022
7751,Loxl1,78,814.3207314637266,921.3142246038632
7752,Vim,261,815.5233451489037,793.9195033096249
7753,Maged1,82,817.81427898868,826.1606337185217
7754,negative_control,711,818.8204308238368,815.3372682162715
7755,Nucb1,131,820.329202676822,925.1142315004456
7756,negative_control,1159,820.2265006289799,864.5678456359419
7757,Skp1a,207,823.0216656830213,878.4543319673338
7758,Sae1,199,828.2503219503978,892.7801954782706
7759,Ube2d3,251,832.2445878215404,814.3181132300867
7760,Loxl1,78,835.0456964677109,858.8001404317092
7761,negative_control,393,837.167075775828,889.7576795270235
7762,Mdh2,85,839.2320735117237,959.6235166767384
7763,Nucb1,131,843.8036543692559,889.0108552217829
7764,Sae1,199,845.114447064585,737.1957109885518
7765,Mdh2,85,846.2976221566562,770.1968049108588
7766,negative_control,1620,847.1609548009742,838.4212241672775
7767,negative_control,711,847.6884384624391,835.5617169403474
7768,Pcdhgc3,138,847.6906135956576,853.2977952627773
7769,Mdh2,85,849.3635706014345,810.2170281672837
7770,Sae1,199,850.963482166102,739.8268789278378
7771,Pcdhgc3,138,857.2082646609531,913.4923663227064
7772,Loxl1,78,857.3733700922696,950.9161482188622
7773,Loxl1,78,860.526009620068,995.53751572591
7774,Pcdhgc3,138,860.7321476148286,895.6447592413799
7775,Pcdhgc3,138,861.6891535596753,925.3828558737002
7776,Loxl1,78,865.6714859768967,828.0204901010321
7777,Skp1a,207,875.9556077727493,890.4574236843877
7778,Skp1a,207,885.8780941889186,1029.4814096671869
7779,Nucb1,131,895.313522064323,887.6721745151924
7780,Mdh2,85,900.5252004305829,979.3837743065932
7781,Tmbim6,230,900.9947641343572,930.8510871514744
7782,Pcdhgc3,138,904.5828417007664,881.6539354798183
7783,Tmbim6,230,910.1201371781837,1029.0521467038322
7784,negative_control,395,916.707598725308,891.9199452878299
7785,Tmbim6,230,924.4314293234258,913.5474503138188
7786,Mdh2,85,942.0476968342622,1054.9267808389
7787,Nucb1,131,945.5914621520326,1042.8860348468943
7788,Loxl1,78,953.5848110347202,963.8943345736224
7789,Ptgs1,169,956.880365441441,976.4436308806104
7790,Sae1,199,957.0635062951552,1098.852575254877
7791,Tmbim6,230,956.4369555972568,1031.1853786280567
7792,Nucb1,131,956.6708699084172,981.1175073144492
7793,Sae1,199,960.7537414368232,1055.7260691417405
7794,Pcdhgc3,138,961.1434132907004,1031.5028713294755
7795,Tmbim6,230,965.0703213510432,1004.18531436752
7796,Mdh2,85,965.5272449818708,1087.2655594232856
7797,Xdh,262,968.2240433651672,1059.3462634955154
7798,Pcdhgc3,138,971.545974076112,1038.6215053580572
7799,Mdh2,85,977.2822383300638,1094.3861486507535
7800,Ube2d3,251,981.4138860233638,1021.243729668118
7801,Mdh2,85,986.1211923952314,1247.617740189452
7802,Loxl1,78,987.2959544778332,1106.4950702790677
7803,Nucb1,131,988.6902593025428,984.7280765670546
7804,Sae1,199,989.3724986776708,1132.721599388855
7805,Tmbim6,230,989.7567208594996,1016.4712285330238
7806,Skp1a,207,992.4741331918614,1237.901148496084
7807,Skp1a,207,993.326533500995,1034.1326833065498
7808,Pcdhgc3,138,994.1158486342345,1024.5310183817585
7809,Tmbim6,230,996.0947071018484,1094.6624176530322
7810,Ywhaq,267,996.3663360965736,1265.6048308006634
7811,Mdh2,85,1003.3683126833544,1139.444422462303
7812,Mdh2,85,1012.1824923544094,1061.9283775620088
7813,negative_control,711,1013.792255678226,1097.627107614658
7814,Nucb1,131,1013.4997957028676,1039.3636480971727
7815,negative_control,2084,1016.5394387413478,1118.7769582373016
7816,Tmbim6,230,1018.0354052573286,1140.7782295326797
7817,Mdh2,85,1019.6448387458444,1105.3858957795492
7818,Mdh2,85,1025.114965983723,1111.1032608215364
7819,Mdh2,85,1026.3295278457083,1006.8459573157128
7820,Tmbim6,230,1028.21879303289,1083.8203052590443
7821,Skp1a,207,1038.5311750766257,1123.1147937771184
7822,negative_control,394,1042.8193288083894,1089.6748009197834
7823,Mdh2,85,1079.903235296319,1104.8433464785203
7824,Vim,261,1086.2854823531234,1055.811344804662
7825,negative_control,385,1111.4162770035114,1082.627388473286
7826,negative_control,387,1125.1586064105884,1091.982709442856
7827,Mdh2,85,1139.7399463765244,1085.2670822474831
7828,Vim,261,1193.5849466442548,1109.773384394539
7829,Mdh2,85,1203.625775657797,1110.211568769735
7830,Mdh2,85,1232.039141031772,1123.910256720212
7831,Mdh2,85,1247.982532849564,1142.987803072172
7832,Tmbim6,230,1259.7383166996233,1131.7153425506997
7833,Loxl1,78,1270.701986977092,1135.4855599299565
7834,negative_control,1322,1292.0311003471047,1118.1315981805194
7835,Skp1a,207,1297.8613580660897,1109.099597587878
7836,Mdh2,85,1305.317930396223,1122.4441748543522
7837,Mdh2,85,1314.051653114621,1125.38212573779
7838,Skp1a,207,1320.237070085843,1132.2063634464105
7839,Ptgs1,169,631.6906030309456,883.1507506377138
7840,Ptgs1,169,682.5136288682805,888.1201906973192
7841,Lrrc59,79,700.0305987816923,909.228092739201
7842,Myh9,118,703.6261445942429,920.4624126326904
7843,Lrrc59,79,706.1186922274456,880.6507731390973
7844,Lrrc59,79,717.3218314272841,908.0594619289506
7845,Myh9,118,719.9188883219961,910.3898681630458
7846,Myh9,118,732.1944670410955,898.2521818649087
7847,Rps6ka3,193,735.3718564420924,902.3815835137034
7848,Lrrc59,79,737.5519219229184,915.727284445829
7849,Fkbp9,46,739.0283335346455,878.0276113062571
7850,Ssr2,217,746.7105694281124,793.3725678249577
7851,Thy1,228,747.2521548225767,897.6252473923769
7852,Ybx1,263,769.5467487612663,911.74676571151
7853,Myh9,118,768.5008278249693,903.3602495651716
7854,Lrrc59,79,773.305506386202,862.1333216886842
7855,Myh9,118,775.3395100418222,848.0008883705735
7856,Myh9,118,778.6009449826296,877.9013988694098
7857,Thy1,228,778.9549742768811,887.2014900258907
7858,negative_control,1572,781.0241355342389,851.6484480070095
7859,Ptgs1,169,784.6194435944524,848.7659347564668
7860,Lrrc59,79,795.8250889144697,903.8009260479772
7861,Myh9,118,799.5828264709942,845.9367101936492
7862,Lrrc59,79,804.8998075265764,789.1209297166855
7863,Rbbp7,181,806.7795313506126,805.5452268880779
7864,Lrrc59,79,810.3448664153469,879.5223997251516
7865,Thy1,228,810.2062359290894,917.5948279907057
7866,Lrrc59,79,811.8899061010203,866.8679443248652
7867,Lrrc59,79,816.6402781207736,875.8022583975398
7868,Lrrc59,79,818.3188928392016,796.0542008787831
7869,Ssr2,217,823.3759428400631,925.1789969176974
7870,Ssr2,217,826.2361142110741,876.5409465058439
7871,Lrrc59,79,829.2154730730882,803.3105104932922
7872,Lrrc59,79,835.3260406032075,808.0133682408581
7873,Psma7,161,834.9958090947375,827.6216729285353
7874,negative_control,1577,835.7803792790528,952.8099704027084
7875,Myh9,118,836.344811078123,898.5854699537849
7876,Rps6ka3,193,840.3049526101138,942.558792951952
7877,Ssr2,217,842.3468038791499,903.2665457888548
7878,Ptgs1,169,843.8258041050682,946.2926281797244
7879,Thy1,228,845.9695068356117,953.2124293957058
7880,Mrps18b,106,845.9761514761958,893.380725166349
7881,Ssr2,217,851.1790468581337,907.970843460773
7882,Fkbp9,46,855.4567830725011,922.2147220042372
7883,Ptgs1,169,858.2874739518527,913.5563370251087
7884,Lrrc59,79,868.1907129691393,905.8723237522612
7885,Ptgs1,169,876.9467766503885,908.6941668783248
7886,Ptgs1,169,878.2729533714243,881.4511925719501
7887,Ptgs1,169,880.9183974296392,1020.5437155482418
7888,Thy1,228,881.3014634088834,859.0869215911985
7889,Ssr2,217,883.1570721420013,919.468127677562
7890,Thy1,228,887.4269900095386,862.4657032973931
7891,Lrrc59,79,887.8773239890181,878.2786729244897
7892,Ssr2,217,889.0850994026678,856.4406050833359
7893,Ssr2,217,894.5736139254253,935.07799513767
7894,Thy1,228,895.1900290147472,882.7010286089848
7895,Ssr2,217,898.4631704300916,933.0352434795116
7896,Fkbp9,46,905.095442933274,932.2617983437236
7897,Ptgs1,169,905.1151592995628,877.9750916003732
7898,Thy1,228,909.7560914297864,887.8822588000144
7899,Thy1,228,912.2261061007054,912.0469599045535
7900,Ptgs1,169,915.3251913889768,923.3781615686512
7901,Ssr2,217,916.07319686576,946.3997429264844
7902,Psma7,161,926.0029786894028,967.3960838920208
7903,Ptgs1,169,927.0483233994688,966.091675480608
7904,Thy1,228,932.6111506684572,1065.5889022172885
7905,Ptgs1,169,934.39173947253,977.2511105410724
7906,Thy1,228,934.4340480509971,1001.6078641707536
7907,Thy1,228,940.6218412780236,1069.6318019098253
7908,Ssr2,217,942.4259747784909,1003.90587772566
7909,Ptgs1,169,947.1068531346724,1086.7602234560711
7910,Rps6ka3,193,948.1237289317014,1043.8344148552285
7911,Ptgs1,169,950.5301482845006,977.3650602746276
7912,Myh9,118,954.423304487485,1040.8318123575857
7913,Lrrc59,79,955.3325797242818,1079.1131118061614
7914,Ssr2,217,957.5115689242688,1003.1218232793552
7915,Myh9,118,959.3462551000894,936.1926224300122
7916,Thy1,228,960.366340449424,1096.883194361034
7917,Ptgs1,169,960.6878380429974,988.0910684145972
7918,Ptgs1,169,961.5093842833104,1024.482603826938
7919,Thy1,228,961.067680848998,1083.1411005149807
7920,Ptgs1,169,961.6743448673192,1056.0483640341802
7921,Myh9,118,971.3380153199314,1112.0870634456255
7922,Lrrc59,79,972.7673898423174,1012.1222918914788
7923,Thy1,228,975.107799110626,978.2976207261302
7924,Ssr2,217,977.5459157040744,1036.3509505124316
7925,Lrrc59,79,980.9159642731324,1257.870423649695
7926,Myh9,118,981.494534620346,1049.629171886519
7927,Thy1,228,987.5133091319228,1022.3730710258836
7928,Lrrc59,79,987.0562195046214,1064.7739553456936
7929,Mrps18b,106,989.2800251669248,1074.856677881286
7930,Myh9,118,991.0721869564652,1209.1195255422394
7931,Myh9,118,994.256296108603,1089.287806511854
7932,negative_control,323,994.5741020937112,1105.8020946093304
7933,Ptgs1,169,994.664869120487,1095.5462949632897
7934,Fkbp9,46,994.549833876048,1210.5036095853377
7935,Thy1,228,996.473030733601,1097.014973561297
7936,Ptgs1,169,998.628515773106,1198.6794667694671
7937,Myh9,118,1005.6989812970804,1162.4024548862865
7938,negative_control,1570,1006.8453337544712,1175.9385059475494
7939,Lrrc59,79,1007.8819025469842,1028.6147803222266
7940,Ptgs1,169,1013.7316542352478,1029.986639240106
7941,Ptgs1,169,1013.4142309739988,1087.5179179153556
7942,Thy1,228,1019.0779689116198,1105.397284070127
7943,Myh9,118,1019.6284896492778,1165.8415604466943
7944,Ssr2,217,1020.2095537295444,1008.213050214512
7945,Myh9,118,1021.546079537775,1016.5115022712588
7946,Psmc2,162,1023.452267636872,1114.9275978728126
7947,negative_control,323,1023.9594852350632,1113.3088046595865
7948,Lrrc59,79,1024.9201561457269,1130.610985539764
7949,Thy1,228,1024.9409006039475,1004.9077278290227
7950,Thy1,228,1027.1754642712997,1067.442165758377
7951,Thy1,228,1029.4231177639365,1144.2821259928196
7952,Thy1,228,1030.045537427193,1060.5018820159985
7953,Thy1,228,1053.484971907279,1029.2375315160325
7954,Myh9,118,1056.0095342451596,1035.9821951913505
7955,negative_control,1570,1066.328517811526,1087.2645937653854
7956,Mrps18b,106,1086.8862985282635,1068.71146198503
7957,Lrrc59,79,1100.4574515357456,1068.8819889146057
7958,Thy1,228,1134.3461950066153,1094.1582605660374
7959,negative_control,1565,1135.8000367044278,1089.315059060054
7960,Lrrc59,79,1135.8686701417014,1104.1063735524913
7961,Thy1,228,1146.918026887594,1088.113554253191
7962,Lrrc59,79,1163.6295966652526,1093.036129496678
7963,Lrrc59,79,1205.7203663514667,1107.775417351701
7964,Lrrc59,79,1212.6474606761742,1136.9674298792638
7965,Myh9,118,1213.5958279223155,1123.5563726892683
7966,Lrrc59,79,1225.2976219081338,1115.2018873386835
7967,Fkbp9,46,1233.1773939820264,1113.9987122648274
7968,Ptgs1,169,1285.2641823600554,1120.0642742283187
7969,Gsto1,54,667.6616166385736,892.0692430156955
7970,Nap1l1,120,674.9763453680886,876.487442459574
7971,Gsto1,54,681.9437263321447,865.0262815036409
7972,Uqcrc1,256,696.7459915684822,888.4188979248078
7973,Nap1l1,120,728.8418487032077,902.8645534843754
7974,G3bp1,49,734.8395839078885,906.2021361995202
7975,Gsto1,54,740.7755734566156,773.9764782709952
7976,H1f0,55,742.0074730447955,783.4138590278812
7977,Nap1l1,120,743.3595442088421,879.9110481882731
7978,G3bp1,49,753.9944597661818,898.8786933507623
7979,Gsto1,54,761.3963988041189,880.3986083058219
7980,Gsto1,54,767.1334363075728,816.0768953543195
7981,Gsto1,54,773.195176481587,786.4064377797979
7982,Gsto1,54,775.4132080650381,796.3456666072138
7983,Gsto1,54,776.2177669403605,932.568636558236
7984,Polr2m,149,780.1776552900518,907.8356815133044
7985,Nap1l1,120,781.785260322734,841.6456772981533
7986,Gsto1,54,794.158197872956,802.4341114656058
7987,Gsto1,54,795.8081922109352,795.5723297628433
7988,Nap1l1,120,803.6327902032627,842.3551425810052
7989,negative_control,1165,808.8791652100133,847.1341990653062
7990,H1f0,55,811.7930777049755,839.0496709064403
7991,Uqcrc1,256,813.8375802478299,788.7528431695039
7992,negative_control,1789,816.49216708667,879.5595046952881
7993,Gsto1,54,816.8341204865985,809.3877555209092
7994,G3bp1,49,819.1224808102984,942.8224011454369
7995,Gsto1,54,828.3148172111061,882.8596973854085
7996,Polr2m,149,834.9021369709229,797.4721341923831
7997,Uqcrc1,256,837.4132622253526,804.805426361856
7998,G3bp1,49,839.4248479261075,899.2350111822159
7999,negative_control,1789,845.6578545807563,841.7512187254835
8000,Nap1l1,120,850.303275769923,842.4330773104027
8001,Gsto1,54,852.2577064369352,756.6215170445817
8002,negative_control,1172,853.3487593830014,858.1044696363376
8003,Uqcrc1,256,854.575965809873,812.7760598675045
8004,Gsto1,54,861.2647551168204,912.5848805462224
8005,Nap1l1,120,867.1090983319309,832.316673497345
8006,Uqcrc1,256,880.189402355949,857.8996047980836
8007,G3bp1,49,889.1366023384935,940.6296987552784
8008,Nap1l1,120,889.916746075016,1032.2282537002754
8009,Gsto1,54,891.7831894892182,1036.7979051403793
8010,negative_control,1496,898.6485991213332,876.2628883967811
8011,Gsto1,54,901.0302168001006,1043.4029139563609
8012,G3bp1,49,903.9215949562288,992.8850220047832
8013,G3bp1,49,906.5178768363728,886.3597937720049
8014,Gsto1,54,917.4592685227764,1026.8590755382425
8015,Vim,261,941.6607168470777,1077.330828272064
8016,Gsto1,54,941.724057710529,1070.811372251888
8017,Nap1l1,120,942.7212838915768,1075.0686273747424
8018,Gsto1,54,943.098101673184,1083.9510817230102
8019,Gsto1,54,948.5299340387594,1051.1743712462303
8020,Nap1l1,120,953.5910883042708,984.1831931797057
8021,Gsto1,54,958.2764076861548,1089.6676535002691
8022,Nap1l1,120,961.550816578774,1104.2086789689708
8023,Uqcrc1,256,966.769236655406,1034.6028896415896
8024,Nap1l1,120,978.514520632674,1032.5517715604265
8025,Uqcrc1,256,982.4792452389554,1253.7504546892474
8026,Nap1l1,120,984.3723683660284,1264.5264070413375
8027,Gsto1,54,986.053728992729,1056.4501104803578
8028,Gsto1,54,989.230627116879,1297.4274507353896
8029,Polr2m,149,989.6278976632072,1233.3167685709252
8030,Gsto1,54,990.3942014869224,969.5454950870176
8031,Polr2m,149,991.1516970312288,1313.4291841957402
8032,Gsto1,54,990.9946551095252,1062.7974816212395
8033,Gsto1,54,992.0488617438256,1149.905817640939
8034,Gsto1,54,991.9631431309394,1153.3380272931206
8035,Gsto1,54,991.2907785428474,1180.7810768302668
8036,negative_control,1644,991.8198869701106,1047.7485484873955
8037,G3bp1,49,996.5565562686944,1010.6957645548628
8038,H1f0,55,999.8740690621048,1257.5650965348218
8039,Uqcrc1,256,1005.6989515291629,1235.9852076634554
8040,H1f0,55,1010.0562376054748,1026.919281147714
8041,Gsto1,54,1009.5377335509322,1110.7532539106046
8042,Gsto1,54,1011.557651728346,1192.087676899845
8043,Gsto1,54,1016.342261761772,1088.3986667420868
8044,G3bp1,49,1016.6815746328488,1121.780957803021
8045,Polr2m,149,1033.5003327655857,1072.643667497773
8046,Uqcrc1,256,1038.205750637073,1038.85744268986
8047,Gsto1,54,1089.3829509458033,1101.1965424087211
8048,Gsto1,54,1097.86594626048,1101.071384265974
8049,Nap1l1,120,1115.2783885226193,1078.3490204411985
8050,H1f0,55,1117.0364400856702,1095.655695780181
8051,Nap1l1,120,1121.825004601947,1104.647527879032
8052,Gsto1,54,1133.757812848677,1084.3775701309992
8053,Gsto1,54,1151.353505629295,1090.198239343716
8054,G3bp1,49,1165.1943612499065,1103.8916364067784
8055,Nap1l1,120,1212.768027354044,1126.9104556313014
8056,G3bp1,49,1223.414386447407,1110.272596230214
8057,H1f0,55,1231.7107056252223,1123.7802077425786
8058,Polr2m,149,1231.785685632202,1132.1402903089026
8059,Gsto1,54,1238.4719242441447,1140.4092441929236
8060,H1f0,55,1248.501570496547,1114.740297320276
8061,Gsto1,54,1269.5761979696126,1128.0660376089625
8062,Gsto1,54,1315.0838533269482,1138.1399721734026
8063,Mrpl37,99,671.3599513333112,876.9480377227633
8064,Hnrnpul1,60,701.6869222393061,904.9196338118376
8065,Hnrnpul1,60,712.6318977157968,913.8929742903636
8066,Hnrnpul1,60,756.3304779962087,902.8962538346296
8067,Mrpl37,99,774.4573789024843,819.8657340026382
8068,Hnrnpul1,60,783.1544562144973,908.5256764237668
8069,Hnrnpul1,60,824.5253048461125,861.7492875225942
8070,Hnrnpul1,60,824.3465309999663,835.0426739375127
8071,negative_control,656,843.192824906156,846.1789532887444
8072,Mrpl37,99,868.0911654547548,1011.6640298046212
8073,Hnrnpul1,60,961.4678209180584,942.313150831616
8074,negative_control,648,972.1817374948736,1105.484541499544
8075,Hnrnpul1,60,984.8119035527468,1135.3728994509318
8076,negative_control,964,985.7691492472886,1046.415190772157
8077,Mrpl37,99,994.3586165472328,1260.0097343727673
8078,negative_control,477,1006.24167698708,1030.299843372336
8079,Mrpl37,99,1026.8599366670708,1021.8064740535384
8080,Mrpl37,99,1027.357445603517,1039.8430696396124
8081,Hnrnpul1,60,1030.240450617007,1062.9761431511972
8082,Hnrnpul1,60,1042.3295334117277,1053.3155673325764
8083,Hnrnpul1,60,1053.712655765825,1085.42060327858
8084,negative_control,647,1062.850887528831,1059.852504232066
8085,Hnrnpul1,60,1065.686763414432,1106.8572213751931
8086,negative_control,653,1076.1111055791666,1103.793708575557
8087,Hnrnpul1,60,1089.0996893091087,1089.7589420226702
8088,Hnrnpul1,60,1100.0374683720356,1067.4496112704967
8089,Fus,47,1164.4235248295308,1097.807864168105
8090,Hnrnpul1,60,1166.3992134993773,1110.4251581265912
8091,Hnrnpul1,60,1291.9464512089392,1116.1082395427209
8092,Sf3b2,205,703.9244692061121,896.8716294987968
8093,Sf3b2,205,747.2339121592827,916.3269255075882
8094,Mrpl17,95,748.5774712115709,905.9016249318802
8095,Sf3b2,205,753.9298731115987,938.7879003017648
8096,Mrpl17,95,761.0901001482031,877.3051123229343
8097,Sf3b2,205,775.282621459481,921.02888504831
8098,Sf3b2,205,776.8525108909274,793.6718440266496
8099,negative_control,1185,808.2180711923802,828.8459931945467
8100,Psmd4,164,811.3569372673184,904.1672603165748
8101,Sf3b2,205,823.2519955602579,815.5988733186522
8102,Psmd4,164,824.9725072268947,804.443170088442
8103,negative_control,1185,824.8585739189234,929.950441783869
8104,Sf3b2,205,843.6231446222625,791.2609524025037
8105,Psmd4,164,844.6084777354438,857.9071068481989
8106,Mrpl17,95,846.688180813941,914.602215309925
8107,Psmd4,164,852.3383977355686,899.1737596115576
8108,Sf3b2,205,853.5957357390765,741.1499895104207
8109,Psmd4,164,854.2056484298466,953.0321965863616
8110,Mrpl17,95,862.5186945568805,824.7395714617599
8111,Sf3b2,205,900.6293732516139,1013.7962324208904
8112,Mrpl17,95,900.6110905582535,945.2019142432368
8113,Psmd4,164,917.8972590554316,914.3176592101996
8114,Sf3b2,205,932.7229018272044,991.493866183196
8115,Mrpl17,95,957.3942838429195,1066.5160705703263
8116,Sf3b2,205,959.6691846684882,931.6099950446436
8117,Psmd4,164,961.1872286340728,1100.6626325736304
8118,Psmd4,164,978.7344590790116,1244.1733468716266
8119,Sf3b2,205,986.2109755908114,1287.0644684408062
8120,Sf3b2,205,992.1877895860844,1178.3834878423745
8121,Sf3b2,205,996.034544817943,1198.258037474999
8122,Sf3b2,205,1000.812893280157,1004.7512243865242
8123,Psmd4,164,1001.5348466109148,981.3845545324244
8124,Sf3b2,205,1009.991348565206,1042.8336419488987
8125,Sf3b2,205,1013.5533033965444,1058.6783124040771
8126,Psmd4,164,1020.6763185952972,1112.6581464214903
8127,Sf3b2,205,1062.153403553256,1113.4299871378848
8128,Psmd4,164,1068.8459634691144,1063.8310486479515
8129,negative_control,1195,1093.0285047260531,1078.9825546172683
8130,Sf3b2,205,1123.9716542787933,1087.423584963958
8131,Sf3b2,205,1125.252567684468,1090.9328173998797
8132,Psmd4,164,1137.23450259822,1098.0276223792384
8133,Psmd4,164,1140.902742878958,1105.9581393889498
8134,Sf3b2,205,1149.5598584361005,1093.6886788543668
8135,Psmd4,164,1172.4857854363397,1100.549062837741
8136,Sf3b2,205,1246.6977410912782,1123.404353628486
8137,Psmd4,164,1264.0238512174349,1121.973626359756
8138,Mrpl17,95,1303.6360926659818,1126.44603294656
8139,Plk2,147,767.1617909008144,815.0901793376531
8140,negative_control,418,791.3900036582241,911.2169700811552
8141,negative_control,430,809.0127616884909,861.3318197233241
8142,Plk2,147,855.8006094345903,811.0702712375211
8143,Plk2,147,899.7793475062477,1021.7614320672512
8144,Plk2,147,980.49130681556,1117.304293286811
8145,negative_control,424,988.52620842778,1062.6656061246313
8146,Plk2,147,1031.42271503003,1079.585411603131
8147,negative_control,417,1071.7247873125507,1065.232868419118
8148,Xdh,262,726.2991530210895,897.6060466727511
8149,Xdh,262,799.5859920375741,903.5423912224356
8150,Xdh,262,805.1932890052304,934.104841828486
8151,Mrpl28,97,844.8830023582054,949.0681600154734
8152,Xdh,262,863.3734718529784,817.9073269799482
8153,Xdh,262,916.558278867314,894.4155587733808
8154,Xdh,262,954.2994967676186,976.4498835977398
8155,Xdh,262,956.8425774981564,1071.059919070285
8156,Xdh,262,991.956425179681,1229.6327909973977
8157,Xdh,262,992.3408787542236,1218.7307740345757
8158,Xdh,262,996.002773058936,1145.8912916631675
8159,Mrpl28,97,1018.5866495217248,1008.163315664342
8160,Mrpl28,97,1019.7353576841416,1147.755197746659
8161,Vim,261,668.0182372138925,883.5427659173886
8162,Vim,261,668.6347489128981,874.6996892280597
8163,Vim,261,678.5547673384094,894.0984834032491
8164,Vim,261,684.2583759568562,884.0793555159328
8165,Vim,261,692.9844618812956,903.331840862063
8166,Vim,261,695.2586112964634,907.1795045964318
8167,Vim,261,698.2480731460057,889.0426128401577
8168,Vim,261,718.4350553821606,889.947651865471
8169,Vim,261,722.2417912157548,909.801053815476
8170,Vim,261,726.3728454032744,889.9576774672258
8171,Vim,261,729.267983052599,774.3387421494754
8172,Vim,261,731.0149138321992,894.2618202241947
8173,Vim,261,738.733398361966,926.4478679529376
8174,Vim,261,740.1562851554696,875.8934504284699
8175,Vim,261,743.3712227507473,911.0133532200364
8176,Vim,261,745.5155486875744,879.3221298011271
8177,Vim,261,746.5378526808406,875.5255501241028
8178,Vim,261,746.8635356818809,799.6859645536289
8179,Vim,261,748.2934844859881,892.2113832399217
8180,Vim,261,750.1309164099257,783.7396982743082
8181,Vim,261,750.3610723929077,793.9861035562058
8182,Vim,261,755.785132299899,807.9805231161585
8183,Vim,261,757.683029949867,945.2802016494408
8184,Vim,261,761.2667425210659,912.6338933077676
8185,Vim,261,765.0129933531465,791.2609786906777
8186,Vim,261,764.8874494938116,919.2789683548748
8187,Vim,261,768.731838704586,832.750696540287
8188,Vim,261,769.4557934090027,886.7285408752565
8189,Vim,261,768.843984871429,879.618277292805
8190,Vim,261,773.3599617340849,914.5238406643958
8191,Vim,261,774.990372362722,799.811576161441
8192,Vim,261,776.0360579420123,834.9412178289107
8193,Vim,261,777.0261576933815,842.9637420706455
8194,Vim,261,779.0928143951818,890.1361278196484
8195,Vim,261,782.5717054528106,841.6982754803353
8196,Vim,261,782.4471791266087,792.9135605922713
8197,Vim,261,782.9198087618046,827.9755259032654
8198,Vim,261,783.088948607678,870.1139030563768
8199,Vim,261,783.7650334600653,881.9052006174562
8200,Vim,261,783.8964458193586,861.0751198887428
8201,Vim,261,784.6188354629609,812.7219763479521
8202,Vim,261,788.1938722581011,832.7859465986894
8203,Fgf7,43,792.3832346370659,837.4231451550619
8204,Vim,261,790.4841475959997,939.4373433401464
8205,Vim,261,790.7142962309952,842.5056026976362
8206,Vim,261,792.0348067418425,894.2574493901403
8207,Vim,261,793.1623961883067,793.9583312306096
8208,Vim,261,794.3127440151509,900.2210018582583
8209,Vim,261,797.3223011057323,862.1872390541831
8210,Vim,261,797.7460032622965,894.8711191295451
8211,Vim,261,798.4109383852315,804.5673483080279
8212,Tnfrsf1a,233,802.5872707978602,932.5573524515214
8213,Vim,261,803.3097879644673,845.5929207590792
8214,Vim,261,805.8027556631937,806.7008723106013
8215,Vim,261,805.8086824464174,872.2756498155537
8216,Vim,261,805.8253156145588,878.7028347026741
8217,Vim,261,808.4084517791374,786.9416337941776
8218,Vim,261,808.4016397643849,842.4735343457116
8219,Vim,261,810.7964202981609,811.8004288684883
8220,Vim,261,811.8994372375317,877.3866472086479
8221,Vim,261,811.3893402202623,848.0496799376443
8222,Vim,261,813.1368095110929,800.1067944890256
8223,Vim,261,817.166908547962,861.4975365090679
8224,Vim,261,817.1168350176179,840.7185582464006
8225,Vim,261,817.9856546023572,938.5272318178812
8226,Vim,261,820.1922263918668,820.1557756498653
8227,Vim,261,820.2535143954337,859.1399608073332
8228,Vim,261,821.8417723433228,854.7178078195316
8229,Vim,261,821.9219233191845,865.9479795560492
8230,Vim,261,823.1263506912667,876.8467858945235
8231,Vim,261,823.5493092481479,812.0682799845941
8232,Vim,261,824.2226645924076,788.2740559912293
8233,Vim,261,825.065265336733,939.4822001185042
8234,Vim,261,828.8230787685325,943.84166448008
8235,Vim,261,829.4613445605119,806.000562273676
8236,Vim,261,829.2303794738023,811.1232897053558
8237,Vim,261,830.4058895059425,773.7124734813419
8238,Vim,261,830.2847711997831,895.3384950480831
8239,Vim,261,831.272780821884,794.7984514714
8240,Vim,261,831.4042966545558,828.5594146849112
8241,Vim,261,833.3500817747606,858.5183887243368
8242,Vim,261,833.6998501661823,793.6475044845898
8243,Vim,261,834.9348494850835,877.5768558116113
8244,Vim,261,836.654833300713,793.861713796875
8245,Slc25a1,208,837.2981108455552,948.7269616415244
8246,Vim,261,838.3275982912875,942.3676660048584
8247,Vim,261,840.5034759219367,802.7473033089843
8248,Vim,261,844.4317101856719,974.4259214110614
8249,Vim,261,845.7790752965728,828.1686582807533
8250,Slc25a1,208,845.8945437000634,767.487194530617
8251,Vim,261,846.5446180926091,845.7367929960328
8252,Vim,261,848.4408422057136,977.6226049167486
8253,Vim,261,848.4015173058696,833.0663266649012
8254,Vim,261,849.7528965656701,761.4226545848766
8255,negative_control,2097,851.0868905051891,980.9200133855264
8256,Vim,261,851.3179928437721,836.0443958342015
8257,Vim,261,851.401014227123,763.6814787174613
8258,Vim,261,853.8452654768405,954.643594121216
8259,Vim,261,855.5470399221181,811.2750196579993
8260,Vim,261,860.8867920676805,831.6611097389485
8261,Vim,261,861.2157022900716,814.3351071077841
8262,Vim,261,861.9620589949765,841.9838774732038
8263,Vim,261,861.7461526715979,734.2463224757105
8264,Vim,261,865.5959122367656,917.8976455484856
8265,Vim,261,869.5693404891583,826.4194110434179
8266,Vim,261,871.1946744663383,951.688299784443
8267,Vim,261,875.105677747129,845.6392463766211
8268,Vim,261,878.2083914910471,875.2540357347281
8269,Vim,261,880.1502044732902,841.7208281705329
8270,negative_control,579,883.2155252991233,1018.5083593619556
8271,Vim,261,883.4857929228835,853.9877165669368
8272,Vim,261,885.1786295214964,888.7386152465144
8273,Vim,261,887.447634892419,942.5850771082074
8274,Vim,261,888.0565829383582,853.4527777259714
8275,Vim,261,892.2498103935739,922.7115893717142
8276,Vim,261,893.2486972349611,1033.0574045939725
8277,Vim,261,896.4474374384436,969.7086457823776
8278,Tnfrsf1a,233,898.3854152380688,1031.74275617101
8279,Vim,261,898.2266516022695,885.7238023884646
8280,Vim,261,900.7246451413952,1028.095760533531
8281,Tnfrsf1a,233,900.1033391274857,970.2023107806956
8282,Vim,261,902.00795609174,965.2210230143136
8283,Tnfrsf1a,233,902.1573012223575,928.488660160413
8284,Vim,261,903.74151379281,923.3319147873794
8285,Vim,261,904.5923564068174,956.153572201174
8286,Tnfrsf1a,233,904.6678407979228,939.8696756439492
8287,Vim,261,906.3763119180278,1021.8665578234716
8288,Vim,261,907.835107107783,885.2520967357873
8289,Vim,261,908.193291334024,911.720427317271
8290,Vim,261,908.6202933064488,875.7554802250564
8291,Vim,261,910.5255136998808,972.6524383801062
8292,negative_control,2080,918.5066766209912,906.7089693771328
8293,negative_control,2011,918.2125697314416,906.698971056772
8294,Vim,261,918.6491557096964,1040.5431013347834
8295,Vim,261,920.2914149286898,992.6275804116074
8296,Vim,261,920.309535772044,890.5118143894136
8297,Tnfrsf1a,233,921.6945137445094,914.1358598586312
8298,Vim,261,923.9410666333577,1036.19430847455
8299,Vim,261,925.3997192857656,947.3398966678064
8300,Vim,261,926.7644519910737,982.9750429483744
8301,Vim,261,928.9588645265536,1031.9591289510904
8302,Vim,261,931.9659049859596,986.3713297608452
8303,Tnfrsf1a,233,931.6585885191364,908.9615872188868
8304,Vim,261,936.9430927458938,913.8797105817384
8305,Vim,261,940.4465448990536,1060.9169014246238
8306,Vim,261,941.010704430714,1082.5455219654668
8307,Vim,261,942.4422287457854,918.4063241204288
8308,Vim,261,945.6365792153216,1069.1721946491875
8309,Vim,261,948.8864106114984,984.3028880893132
8310,Vim,261,952.3493158388198,984.1803335746748
8311,Vim,261,953.1267566771164,996.8806821953016
8312,Vim,261,954.405009107909,1045.3046244858087
8313,Vim,261,954.6531919611492,1086.3714458554664
8314,Vim,261,956.33526751081,1092.9859339039924
8315,Vim,261,956.7917666430676,1002.7040553812678
8316,Vim,261,970.6662488127212,972.4216389708614
8317,Vim,261,970.8889841664372,955.8460800448512
8318,Vim,261,972.0632818480078,1071.2807033699328
8319,Vim,261,972.3114895974446,1100.3085483255104
8320,Vim,261,973.427770357157,1049.608023620372
8321,Vim,261,977.0528249132424,1043.115998018077
8322,Vim,261,977.5922623253872,985.3422191567304
8323,Vim,261,977.6941792146112,1247.5954989080176
8324,Tnfrsf1a,233,977.8668591214569,972.847446896522
8325,Vim,261,982.6463088080804,1230.6721873136876
8326,Vim,261,983.7548314348046,1139.9197555967228
8327,Vim,261,984.6780222864372,1132.8678679484815
8328,Vim,261,984.5975349668277,1255.7558313158097
8329,Vim,261,986.7712723561244,1271.022307645422
8330,Vim,261,987.035795574848,1283.785392696399
8331,Vim,261,988.8960806592388,1109.36168853742
8332,Vim,261,989.6603920465352,1272.118899914297
8333,Vim,261,989.334067899474,1159.6590545788292
8334,Vim,261,990.4772098503364,970.119238388213
8335,Vim,261,990.4006853959736,1115.0545640226458
8336,Vim,261,991.1320696599706,1189.97203289863
8337,Vim,261,992.1986742303008,1220.6126220081353
8338,Vim,261,992.6260091499962,1067.7068316996836
8339,Vim,261,994.5667186829112,1098.4002163402338
8340,Vim,261,995.3151125966652,1182.2863693227005
8341,Vim,261,995.6929437151002,1175.523901782372
8342,Vim,261,995.585241160114,1018.7183148033148
8343,Vim,261,995.9477968902072,1171.0347046693028
8344,Vim,261,996.7899642990142,1041.9792086832854
8345,Vim,261,997.2196244544184,975.1022649152562
8346,Vim,261,998.1886534296908,988.573132055401
8347,Vim,261,999.211365175675,1135.5582545701657
8348,Vim,261,999.858115523104,1127.8679261195994
8349,Vim,261,1000.1041230288644,1249.873962500585
8350,Vim,261,1000.583394751482,1237.5464836433466
8351,Vim,261,1001.0760892703888,1142.197126633502
8352,Vim,261,1001.555717467142,1133.5399469746517
8353,Vim,261,1003.5689643859744,1228.6981014316675
8354,Vim,261,1003.3385032816992,1248.8073846212494
8355,Vim,261,1006.0818833161238,979.726745316134
8356,Vim,261,1006.2668863791804,1064.6300254835546
8357,Vim,261,1006.9538112160784,1221.1852088553849
8358,Vim,261,1009.8902780126688,1127.4123939237884
8359,Vim,261,1010.841693697772,1112.7125895957508
8360,Vim,261,1012.8886169952792,991.1319620336972
8361,Vim,261,1013.3032548317652,1176.6517737629724
8362,Vim,261,1013.5523207601234,1238.8535490518293
8363,Vim,261,1014.8814293589976,1161.8547106280994
8364,Vim,261,1017.12385170327,1149.7851233528654
8365,Vim,261,1016.835036482932,1120.8954219999775
8366,Vim,261,1019.5772233278008,1036.6554150768602
8367,Vim,261,1020.2442952436628,1108.0501009010063
8368,Vim,261,1021.1843594983231,1032.051908493739
8369,Vim,261,1031.8450084420886,1014.9978143657004
8370,Vim,261,1033.1277859048068,1126.7491360932452
8371,Vim,261,1034.7429559737488,1062.779041810123
8372,Vim,261,1046.3930224644537,1035.2479552400737
8373,Vim,261,1046.809100626715,1102.5683079806895
8374,Vim,261,1049.8616338017505,1116.1071160671904
8375,Vim,261,1053.6932616783456,1042.088438964381
8376,Vim,261,1055.046187409578,1113.147983758481
8377,Vim,261,1056.4407899845344,1100.4221960928433
8378,Vim,261,1060.0596549650113,1115.0117577784415
8379,Vim,261,1060.672221482135,1085.6383878870256
8380,Vim,261,1062.1040060051876,1063.004063805004
8381,Vim,261,1073.2404385581935,1100.3435574378525
8382,Vim,261,1080.5014539206534,1050.271024188672
8383,Vim,261,1086.928239880864,1074.188848641119
8384,Rpl15,186,1086.8185470932008,1067.0746223362032
8385,Vim,261,1086.776881585654,1066.3159697798826
8386,negative_control,1503,1088.7801246542556,1085.9250907187663
8387,Vim,261,1090.3410462711165,1100.0973005902008
8388,Vim,261,1091.7677223581327,1079.146187873656
8389,Vim,261,1093.2033254059352,1084.0272131043585
8390,Vim,261,1093.659176118951,1064.2536957342006
8391,Vim,261,1107.28232812278,1089.496288411034
8392,Vim,261,1110.6976274930933,1075.8735255638871
8393,Vim,261,1110.7647063324105,1070.695227839963
8394,Vim,261,1116.8529825647224,1101.336251340395
8395,Snrnp70,210,1125.3120273286072,1085.1587284558002
8396,Vim,261,1131.839504562703,1105.4367363954252
8397,Vim,261,1141.3197784881804,1098.6378233857954
8398,Slc25a1,208,1146.9547174554064,1102.7036778516808
8399,Vim,261,1158.3410975964805,1107.5190224398375
8400,Vim,261,1160.727461942284,1112.7832965678956
8401,Vim,261,1177.2145743221322,1117.9868885848955
8402,Vim,261,1189.4587851475133,1111.7731582822216
8403,Vim,261,1212.888180603641,1117.4941763775084
8404,Vim,261,1213.1449789025758,1124.5677938333347
8405,Vim,261,1217.202312877645,1114.1579363052097
8406,Vim,261,1219.8841099644535,1121.2603220157887
8407,Vim,261,1231.4415395921492,1129.6758855055366
8408,Vim,261,1232.5714353802214,1139.2102836340798
8409,Vim,261,1246.0745600432872,1129.7983333657382
8410,Vim,261,1246.527747651238,1109.467598975318
8411,Vim,261,1247.2014011700874,1140.5202405290966
8412,Vim,261,1249.8677125723932,1124.8502381263934
8413,Vim,261,1251.5441749149418,1132.204242634146
8414,Vim,261,1255.4837867762112,1134.1017919061696
8415,Vim,261,1256.1056404863996,1127.1018571678908
8416,Vim,261,1260.8742499878615,1127.8969654352277
8417,Vim,261,1262.997967947433,1112.902941843714
8418,Vim,261,1264.2355300232211,1124.4651439141248
8419,Vim,261,1274.149928208495,1134.588181911671
8420,Vim,261,1279.4765483451072,1111.65945989206
8421,Vim,261,1280.5671258569764,1121.5018010738092
8422,Vim,261,1284.1259563481224,1115.6939161459056
8423,Vim,261,1286.622087972764,1129.3776549373742
8424,Vim,261,1288.0253227244425,1139.7169447817892
8425,Vim,261,1294.1264577419747,1130.5941253334418
8426,Vim,261,1294.8553735332644,1124.1389624714795
8427,Vim,261,1304.1967805460768,1123.1229584258306
8428,Vim,261,1328.7154583136708,1133.1539645346063
8429,Psma7,161,735.8288531374221,800.7673251197136
8430,Psma7,161,772.2247593352363,851.9889641713319
8431,Trim28,241,796.4131615840575,859.444676022501
8432,Trim28,241,800.8054844934677,935.6209081677124
8433,Trim28,241,839.344575621758,819.9783153252145
8434,Trim28,241,853.2797358911934,933.751995980731
8435,Trim28,241,856.5049977304119,952.197992529228
8436,Trim28,241,877.3987301598431,1027.5671838425887
8437,Psma7,161,879.0659055201492,873.7956715624314
8438,negative_control,1500,897.2767360415136,889.888831513883
8439,Trim28,241,911.0538185293236,914.4033234229304
8440,Trim28,241,918.3996978121646,917.7962539184524
8441,Trim28,241,928.8045798900137,987.4802741546612
8442,Ybx1,263,987.0286234192235,1096.5042506156256
8443,Psma7,161,986.8156771499356,1245.5414995984424
8444,negative_control,1494,999.5746796622298,1067.1427857950118
8445,Trim28,241,1019.0429562891786,1017.4321364540922
8446,Trim28,241,1035.264357420276,1132.027327928364
8447,Trim28,241,1053.9133508185764,1121.271525551093
8448,Trim28,241,1064.3453021587925,1061.3589806269624
8449,Trim28,241,1146.0912723412243,1087.2391352547024
8450,Psma7,161,1161.9864755211863,1101.356752609812
8451,Psma7,161,1292.8627934721358,1131.0342803995557
8452,Kars,72,659.4371933013069,909.7396563863008
8453,Twist2,247,749.518430578462,891.3422978180465
8454,Twist2,247,758.3925099261832,820.133389875417
8455,Twist2,247,761.44358223114,939.6340862056338
8456,Twist2,247,782.874809669735,930.0751396361484
8457,Ywhae,264,816.1712865244403,830.5845965216649
8458,Twist2,247,823.6799105848103,854.1538120431719
8459,Twist2,247,832.1279330094455,841.5300584301831
8460,Twist2,247,848.4135023781735,943.3805592708364
8461,Kars,72,854.9432812140735,832.8258636232321
8462,Twist2,247,862.7758377622574,936.875472005356
8463,Twist2,247,876.012606384461,1016.0477318409075
8464,Twist2,247,883.1397778620993,860.1320458387255
8465,Twist2,247,978.687655645564,1003.6013928879992
8466,Kars,72,988.9873978982366,1313.1728823266212
8467,Rpl15,186,992.415883283995,1114.7842147631927
8468,negative_control,890,993.8956596060945,1120.3433164415246
8469,Twist2,247,1005.3688775627108,1231.8488600947214
8470,Kars,72,1006.6167525271616,1044.2863328207966
8471,Twist2,247,1011.377233456007,1180.9754132892008
8472,Kars,72,1052.4863646454066,1070.9268270290763
8473,Twist2,247,1055.5175671904494,1122.901476273146
8474,Kars,72,1068.663708003076,1110.4739795273968
8475,Twist2,247,1076.3046806984055,1050.1529940054895
8476,Kars,72,1125.8838549500392,1080.0753647257416
8477,Twist2,247,1319.7141869544284,1136.939659256741
8478,Pdha1,139,665.9076996571744,888.5507210149505
8479,Pdha1,139,714.7164543638581,912.7699327053704
8480,Clta,15,735.686248385271,914.2801691654166
8481,Pdha1,139,747.158898270694,768.4750491839185
8482,Clta,15,751.3546872177881,908.9243596168204
8483,Clta,15,763.7157342330812,922.2065835658108
8484,Clta,15,766.1093413716117,856.2108161550104
8485,Clta,15,767.7430447175104,938.9498165216856
8486,Psmc2,162,777.9102111235,856.7653738956346
8487,Psmc2,162,797.5427940625889,777.6860774023353
8488,Psmc2,162,800.6239597431658,922.1567738441807
8489,Ly6e,81,809.0621453248609,935.8471127007753
8490,Psmc2,162,820.201154970194,788.1012279083641
8491,negative_control,1653,827.1837372171593,904.1345456587358
8492,Clta,15,834.653861013091,799.2050497269993
8493,negative_control,1657,845.9563624569627,840.6712612301725
8494,Clta,15,848.0690858337625,729.323907054091
8495,Ly6e,81,909.180901435627,914.1099442933088
8496,Clta,15,913.5800500095072,879.8757551431698
8497,Psmc2,162,924.8440623539808,1065.8032196346308
8498,Pdha1,139,974.2147173563768,1013.4484130140088
8499,Clta,15,975.7147925603856,1071.3689066290144
8500,Pdha1,139,985.4101733478165,1125.4698007176692
8501,Clta,15,987.7352694295014,1142.7329403803212
8502,Psmc2,162,988.2325242862632,993.7700911413516
8503,Clta,15,991.383314519531,1278.7353530295538
8504,Tbrg1,225,994.8676337090589,1185.1528877776425
8505,Psmc2,162,1004.9403950322602,1139.3172431730538
8506,Clta,15,1018.638560776164,1115.3418769507275
8507,Psmc2,162,1101.5432747644604,1070.2692246750416
8508,Clta,15,1101.8596638066322,1105.1762257102991
8509,Clta,15,1112.958402007348,1069.332829462115
8510,Pdha1,139,1137.6655203048283,1086.9774714852565
8511,Ly6e,81,1138.5561727880076,1097.29426984855
8512,Clta,15,1292.8999374237023,1131.3952752203431
8513,negative_control,888,843.0601860237382,928.8797819244852
8514,Nudt9,132,905.5132865048414,956.0285457361848
8515,Nudt9,132,934.6759826862428,979.183255289729
8516,Nudt9,132,949.2983531554222,1000.659950072864
8517,negative_control,885,1006.4601749778328,1160.3136351696355
8518,Nudt9,132,1018.2583928287676,1139.795944137889
8519,Nudt9,132,1064.9849281618774,1037.3911769915485
8520,Nudt9,132,1178.6426833326514,1102.3775580181032
8521,negative_control,874,1251.8532434000365,1132.0272169029995
8522,Rpl15,186,654.0487880424964,874.8673140833163
8523,Rpl15,186,664.7776301008221,867.4059592231654
8524,Rpl15,186,687.4917555273962,899.3499551393613
8525,Rpl15,186,692.0962949623781,902.7494210791853
8526,Rpl15,186,701.5093070896255,895.194771655284
8527,Rpl15,186,703.0799911246708,891.6468556044492
8528,Rpl15,186,720.7823884519275,898.5501492945415
8529,Rpl15,186,733.8653975517748,876.0876251640055
8530,Rpl15,186,737.8961463543852,778.012693208641
8531,Rpl15,186,740.7979747090404,922.1103620435964
8532,Rpl15,186,741.0931566817544,914.6158511720956
8533,Csnk2b,23,744.5596560866016,797.0988802336594
8534,Rpl15,186,763.2464469779406,810.4778045875322
8535,Rpl15,186,762.9388131701373,858.9181473020601
8536,Rpl15,186,768.7165955983554,941.0291396938688
8537,Rpl15,186,778.8149718224195,904.4098469674782
8538,Csnk2b,23,780.8722380878186,891.3755691703428
8539,Rpl15,186,785.4625636843616,814.3653772767209
8540,Rpl15,186,786.3255112098558,798.7866468269217
8541,negative_control,1796,796.8049637680336,851.1123506489828
8542,Rpl15,186,802.7054045613365,858.3116634037773
8543,Rpl15,186,807.2317395538686,934.178679937396
8544,Csnk2b,23,815.6677401609853,903.3375515688724
8545,negative_control,1808,818.0474815081542,875.5390107744004
8546,Rpl15,186,821.8011659663669,885.8529338270389
8547,Ssr3,218,831.8525493056279,856.5987105048141
8548,Csnk2b,23,833.972186544436,877.9968943788301
8549,Rpl15,186,836.9805569867494,938.5175376995757
8550,negative_control,2043,837.6065135421252,799.0548128100453
8551,Csnk2b,23,841.0873105191585,788.5792261170722
8552,Rpl15,186,848.7433031632612,984.4791938854684
8553,Rpl15,186,851.1849104683216,780.9498042981129
8554,Rpl15,186,854.9831578016032,738.998128515582
8555,Rpl15,186,865.2275565099333,728.3495459367009
8556,Ssr3,218,878.6313025567406,855.6676322375052
8557,Csnk2b,23,882.6315422506656,874.1244471327021
8558,Rpl15,186,890.1205868749336,928.5275913990698
8559,Rpl15,186,903.3196122016654,933.9356853303948
8560,Rpl15,186,947.9430089423536,925.2036406251764
8561,Ssr3,218,950.134651064807,1088.4277373766008
8562,Rpl15,186,960.2546811488204,1099.5726357537048
8563,Rpl15,186,973.1567020998616,1026.5429294640594
8564,Rpl15,186,972.704817131294,988.9982734724402
8565,Rpl15,186,973.5859433779078,1002.1630394364502
8566,Csnk2b,23,982.9940753252962,1068.831382405419
8567,Ssr3,218,984.8425366298144,971.7278789310265
8568,Rpl15,186,986.5894482173728,1057.978966766922
8569,Ssr3,218,996.3665202043784,1067.4663122585766
8570,Rpl15,186,997.5221484668832,993.9833325097932
8571,Rpl15,186,999.5089463358792,987.3595205494644
8572,Rpl15,186,1004.3315834713736,1235.8607045740305
8573,Rpl15,186,1004.3915419370004,1144.997136679607
8574,Rpl15,186,1004.2585338506158,1120.9933297722798
8575,Rpl15,186,1008.8351449621232,1042.424073208655
8576,Rpl15,186,1011.0836004803318,1152.4581300411987
8577,Rpl15,186,1019.8112869967348,1181.0575935140398
8578,Vdac1,260,1019.1156656677018,1116.2595460153784
8579,Rpl15,186,1020.445913449032,1151.752571424723
8580,Rpl15,186,1037.6120755043314,1136.7614155565318
8581,Csnk2b,23,1044.7468461188748,1098.4535553030664
8582,Rpl15,186,1049.950253324527,1063.6267453031369
8583,Csnk2b,23,1057.0262331383346,1106.0134874800572
8584,Rpl15,186,1062.3967342038354,1046.7121499940158
8585,negative_control,1793,1084.2326928220873,1063.0324225984352
8586,Rpl15,186,1132.1086703837595,1101.0275514634586
8587,Rpl15,186,1199.4302527155387,1109.3066592548462
8588,Rpl15,186,1259.4783515818615,1126.4787135582376
8589,Rpl15,186,1283.810411204871,1122.94173816828
8590,Rpl15,186,1301.5050147545578,1128.1601215980393
8591,Csnk2b,23,1309.5948051245084,1125.6143925030508
8592,Vdac1,260,624.8162638396551,897.7814070448342
8593,Vdac1,260,660.8146630270811,889.057484050468
8594,Sec13,204,663.4139269585969,911.510773598182
8595,Vdac1,260,700.3901870467298,901.370696043292
8596,Vdac1,260,727.5191913396468,788.9366300393407
8597,Sec13,204,728.1066560632461,910.9882955985428
8598,Fgf7,43,754.2004800095273,796.7223469340914
8599,Fgf7,43,754.0831852532467,913.895962035558
8600,Ywhaq,267,757.442998490581,809.7371121431736
8601,Sec13,204,765.9742908343668,920.775356726168
8602,Vdac1,260,771.3676235102362,836.0565238041406
8603,Sec13,204,772.4600045812929,935.92129109244
8604,Sec13,204,773.0391322065187,801.6151338841303
8605,Sec13,204,785.4832933742696,939.1561208472458
8606,Fgf7,43,789.838057030795,864.6543076878374
8607,Sec13,204,790.3681706323257,831.0088576047327
8608,Fgf7,43,800.2514942883179,914.4132108193496
8609,Fgf7,43,811.0031149985475,929.5779419592886
8610,Fgf7,43,820.0843650026897,931.558752810824
8611,Fgf7,43,823.6198898213231,838.7011140994861
8612,Vdac1,260,835.8442145134879,780.5796939463037
8613,Fgf7,43,842.5408138326119,790.2590356366503
8614,Fgf7,43,854.2871136734594,945.0046451954432
8615,Sec13,204,856.0585568012091,980.4088038514244
8616,Fgf7,43,891.1122104012499,865.3353052720433
8617,Sec13,204,896.8863292138973,932.0542165149992
8618,Sec13,204,898.1232557112457,942.287100177418
8619,Sec13,204,909.619521125662,993.4428183806108
8620,Fgf7,43,911.2935826480634,930.0642212834018
8621,Fgf7,43,913.1249219686252,941.3746715457004
8622,Fgf7,43,921.1328849333712,971.5593416632662
8623,Sec13,204,931.93196236787,1062.6648460198437
8624,Fgf7,43,940.1732330013062,1078.3823747781166
8625,Fgf7,43,945.7253608697148,969.9230992503642
8626,Fgf7,43,949.8222357822324,920.6063599182776
8627,Fgf7,43,951.9549586579132,964.5824625154502
8628,Vdac1,260,977.7223183660874,1100.7052171366547
8629,Fgf7,43,987.2183291449708,1138.9090986914646
8630,Vdac1,260,987.5817726001824,1143.3729881443708
8631,negative_control,1044,992.66400648765,1258.8761469471292
8632,Fgf7,43,995.3171322721576,985.594139095194
8633,Vdac1,260,999.8873187357636,1131.5941498993318
8634,negative_control,1043,1011.6816521123042,1136.1008297032529
8635,Sec13,204,1018.3350897531504,996.1909133886572
8636,Fgf7,43,1034.2322924594632,1012.4580800340832
8637,Sec13,204,1051.6185280512982,1025.6166312066473
8638,Fgf7,43,1061.6444019624455,1047.9128176161305
8639,Vdac1,260,1083.026988051214,1094.6268757514697
8640,Vdac1,260,1090.7852207057083,1058.8239171281225
8641,Vdac1,260,1096.6490107858442,1077.887367255382
8642,Sec13,204,1183.4300397993711,1116.7713498203254
8643,Mrpl12,92,651.7347624384927,881.777650394884
8644,Ywhaq,267,672.9659556209846,866.9464532259617
8645,Fus,47,676.7875614398532,896.6682007010895
8646,Mrpl12,92,772.041642320974,825.6613462955203
8647,Fus,47,776.806166440016,858.7210188293845
8648,Ywhaq,267,776.7185483055046,819.5459343305062
8649,Ywhaq,267,779.451845790475,813.6799529202488
8650,Mrpl12,92,779.2436585296737,861.7256297423021
8651,Mrpl12,92,793.0664338834524,895.3883379719365
8652,Fus,47,793.3169594514088,811.8836041266848
8653,Mrpl12,92,795.1987016496316,923.6677207875111
8654,Fus,47,795.5141568757874,906.502661888627
8655,Fus,47,812.6945433425713,861.6698430905642
8656,Fus,47,818.6568118723486,956.0627868532448
8657,Mrpl12,92,821.214418325943,839.2282731980881
8658,Fus,47,826.3636784158202,876.69933549125
8659,Fus,47,826.9683504391558,909.58605732284
8660,Fus,47,844.2466405985308,779.757143804591
8661,Fus,47,856.6373996037895,865.7107591197406
8662,Fus,47,858.3319594112104,957.743884607296
8663,Fus,47,870.7049131948918,831.4723948603139
8664,Fus,47,892.6619313642443,957.6968814022804
8665,Fus,47,895.7039473263642,870.4989735951762
8666,Mrpl12,92,901.1320034423236,885.8820523673728
8667,Fus,47,904.4845370679988,914.8156744852516
8668,Fus,47,909.1378517909088,1012.2766535048058
8669,Fus,47,911.6924753505984,1037.805224894768
8670,Fus,47,926.9202762550458,1050.2509638402353
8671,Fus,47,960.9825524202412,984.645805767671
8672,Ywhaq,267,962.548860348648,1076.6023745164816
8673,negative_control,2077,964.9350241799114,1070.5073067192404
8674,Fus,47,969.9567765208326,1003.2323256317296
8675,Fus,47,977.746053167298,1246.1862242244988
8676,Fus,47,982.3312717700824,1099.3935479657398
8677,Fus,47,986.283315734884,1141.449743650443
8678,Ywhaq,267,986.3383577685815,1017.9901075580332
8679,Fus,47,987.9560442099892,1278.573097734675
8680,Fus,47,1004.8421748539,1146.4291821876504
8681,Fus,47,1004.765321562372,1210.783191917692
8682,Ywhaq,267,1007.8094627280592,1180.4319177173816
8683,Fus,47,1014.4628343938616,1151.9642270005884
8684,Fus,47,1021.3665357347212,1092.9311234688605
8685,Fus,47,1033.3900526322338,1097.7570277904033
8686,Ywhaq,267,1043.2446576394975,1027.9591982865782
8687,Fus,47,1045.825334143471,1022.9566678211196
8688,Fus,47,1051.5302813228536,1042.5693564248818
8689,Ywhaq,267,1067.7866568921422,1043.7265291539306
8690,Fus,47,1075.0977162567438,1044.225734132824
8691,Ywhaq,267,1092.039807197111,1091.6071124031714
8692,Fus,47,1106.6626787980808,1067.2328851284158
8693,Fus,47,1106.8291545262946,1096.4848267355558
8694,Fus,47,1247.2772207487185,1119.9936624432396
8695,Fus,47,1263.0891310713532,1112.1766805993643
8696,Fus,47,1300.135791901737,1118.0048810081396
8697,Fus,47,1320.90329764514,1130.8993390805815
8698,Fus,47,1332.5962127902926,1140.567320957981
8699,negative_control,2093,804.8482345373629,898.557269871218
8700,negative_control,2069,1011.0894061691832,1002.4252470001654
8701,Snrnp70,210,640.9193384696847,884.4175804992778
8702,Ybx1,263,656.2343810170462,882.0275191639746
8703,Snrnp70,210,675.4515648411166,889.3182271788035
8704,Snrnp70,210,710.2813735667811,886.3800420637109
8705,Grina,53,737.2633355658348,942.4507891770702
8706,Snrnp70,210,755.8320112128661,934.9700116989738
8707,Snrnp70,210,755.7691077710275,926.3304211323972
8708,Snrnp70,210,756.7162841159485,867.2302515992017
8709,Snrnp70,210,758.8936164014024,939.405516251514
8710,Snrnp70,210,772.8994844243995,807.6545616996134
8711,Snrnp70,210,774.3782832253366,834.9251828610204
8712,Snrnp70,210,785.3070256683964,865.0385261083942
8713,Snrnp70,210,805.1071499942359,896.484121012269
8714,Snrnp70,210,808.2471724551424,915.9322532316172
8715,Snrnp70,210,816.8719733688923,946.680581502916
8716,Snrnp70,210,828.5124622907101,844.4547572344406
8717,Snrnp70,210,844.0153657191318,894.3405665467778
8718,Snrnp70,210,865.8938443506013,1002.1983041625888
8719,Grina,53,872.1202637170354,882.0443786526055
8720,Snrnp70,210,880.7361958614929,860.301959848848
8721,Snrnp70,210,885.3917343177654,937.778286923861
8722,Snrnp70,210,900.657284318781,932.8213375436984
8723,Snrnp70,210,909.236496957846,964.556823252919
8724,Snrnp70,210,914.127770191095,1009.5069806564716
8725,Grina,53,928.8666720721868,926.3231196378076
8726,Grina,53,942.5310553048852,1077.9549564279685
8727,Snrnp70,210,981.1764093937888,1108.047177043691
8728,Snrnp70,210,993.1504917747756,972.7508581453278
8729,Snrnp70,210,996.5618695094788,1049.6179394017838
8730,Snrnp70,210,999.2362282109676,991.9199129177052
8731,Grina,53,1030.6173893138034,1098.258272118789
8732,Snrnp70,210,1093.8557436075043,1072.2104762222534
8733,Snrnp70,210,1146.1951322861582,1097.7944470945731
8734,Snrnp70,210,1264.1607210909178,1129.9994394921086
8735,negative_control,2091,853.956960698787,870.272033023554
8736,negative_control,2030,969.6666038045944,1081.5030056112223
8737,negative_control,2014,1080.9638658643844,1053.7246009673522
8738,negative_control,2017,1092.738320210086,1067.9709202583188
8739,Tmed9,231,852.0617587448369,964.3732969673068
8740,Tmed9,231,864.2817349527533,938.492014936089
8741,negative_control,2056,882.3089550626731,881.0478826591537
8742,Tmed9,231,883.065194867105,1016.9935296838204
8743,Stt3a,222,885.6026534062612,926.3156078735964
8744,Tmed9,231,902.2151146496255,869.717300931028
8745,Stt3a,222,902.5457442610616,893.7519656085024
8746,Tmed9,231,994.7580829988703,1018.4362018788584
8747,Rbbp7,181,675.0177463360101,872.1455054163149
8748,Rbm3,182,761.7381822487871,858.7460906281896
8749,Rbbp7,181,766.9000577838631,844.6461273396238
8750,Rbm3,182,778.1166941492512,939.9228067837666
8751,Rbm3,182,785.5690406843564,928.8014636398988
8752,Rbbp7,181,806.7133636195172,812.8315828655584
8753,Rbm3,182,810.971736496414,938.2928114715498
8754,Rbbp7,181,846.0796722189108,742.3266639240076
8755,Rbbp7,181,933.5836758290146,1002.7715858866926
8756,Rbbp7,181,1001.7842383293738,980.5207431319994
8757,Rbm3,182,1009.9748423629286,1194.753748213408
8758,Rbbp7,181,1018.4703144526562,1118.358697932684
8759,Rbbp7,181,1041.7704115492102,1119.9891901120022
8760,Rbbp7,181,1068.384997469779,1044.9732394850705
8761,Rbbp7,181,1154.425736777688,1091.3884429102536
8762,Mta1,113,656.8764043072116,905.352737914487
8763,Mta1,113,778.54556447182,812.8099549319566
8764,Mta1,113,816.2495870871313,818.8663391232386
8765,Mta1,113,918.715296785596,915.355433042791
8766,Mta1,113,931.8221635513578,1005.126627757078
8767,negative_control,2057,1011.8928577154388,1139.7471312550174
8768,Mta1,113,1036.743128666394,1134.2617907043543
8769,Mta1,113,1308.879975298858,1123.7659291179211
8770,Maged1,82,655.2574195942161,907.3689131371898
8771,Maged1,82,768.376504802868,883.7786355519712
8772,Maged1,82,774.0812258488568,838.6756293533155
8773,Maged1,82,782.6226569858839,814.6968707487179
8774,Maged1,82,789.1210893726178,809.4135820552632
8775,Maged1,82,795.7013533807977,860.2400304425083
8776,Maged1,82,810.5780615197418,812.851142759382
8777,Maged1,82,819.5376360561885,781.5894290135516
8778,Maged1,82,826.621230630965,827.4178106489472
8779,negative_control,2018,837.0158929690556,810.851736424914
8780,Maged1,82,839.0025013156428,787.0637764597172
8781,Maged1,82,841.2942618849215,812.5684957410183
8782,Maged1,82,867.361331672392,1003.087220441132
8783,Maged1,82,888.6930451248619,859.4465101767565
8784,Maged1,82,939.5097665355928,1074.5698807491483
8785,Maged1,82,947.7118405916888,1005.9267941270792
8786,Maged1,82,959.8409197785932,1052.0145107452815
8787,Maged1,82,968.9602224048348,1102.0924719683064
8788,Maged1,82,984.4053804172644,1299.5250319669349
8789,Maged1,82,984.2319005933826,1110.8839423469883
8790,Maged1,82,998.6646829802636,992.5038199966564
8791,Maged1,82,1011.2200310731208,1120.6585718214174
8792,Maged1,82,1060.404608211592,1061.7073591510186
8793,Maged1,82,1061.9594476174188,1105.0082297876925
8794,Maged1,82,1061.663272692812,1045.812412711701
8795,Maged1,82,1099.4816303776838,1097.211768218955
8796,Maged1,82,1113.1687345272542,1073.9509952437006
8797,Maged1,82,1116.8487856264396,1078.0517613377797
8798,Maged1,82,1152.678591390346,1108.9722538773565
8799,Maged1,82,1157.7983866396671,1109.816192117722
8800,Maged1,82,1257.0251292870337,1128.8606086451907
8801,Uba1,250,708.5728390826538,897.1555318101017
8802,Uba1,250,742.2401288504587,884.7519518065026
8803,Uba1,250,756.416478360175,865.6267708627261
8804,Fkbp4,44,767.9594742144914,821.2186325863915
8805,Fkbp4,44,770.4982900404908,805.0865385513878
8806,Uba1,250,774.9575467319801,822.3865826488927
8807,Uba1,250,778.6775855033491,847.9206948011062
8808,Uba1,250,789.6987449322904,836.1874967253019
8809,Fkbp4,44,796.7208104099548,912.44522663747
8810,Fkbp4,44,807.6168526863315,875.0175520452904
8811,Uba1,250,808.4711542348432,801.1708185865308
8812,Uba1,250,817.9076992102155,814.9945643678069
8813,Fkbp4,44,825.2327802274744,846.4717038200728
8814,Uba1,250,841.8716080309417,819.1793473683363
8815,Uba1,250,842.8220046073989,804.6925394141713
8816,Fkbp4,44,856.1168085235089,802.2123962058452
8817,Uba1,250,855.9242259915151,738.6777437602369
8818,Fkbp4,44,858.7725209359744,821.7763243547661
8819,Fkbp4,44,867.630572873217,913.9158844621568
8820,Fkbp4,44,900.7233633648482,896.8256118072901
8821,Uba1,250,935.8514197523682,1028.1491606055356
8822,Fkbp4,44,968.1835147734188,958.329499216938
8823,Fkbp4,44,980.3042481557716,1260.5339461309018
8824,Fkbp4,44,981.8283282930462,1041.423463937405
8825,Uba1,250,986.4616390390386,1123.831017158766
8826,Fkbp4,44,994.829948875122,1128.40516361862
8827,Uba1,250,1040.4528878899184,1134.737121854367
8828,Fkbp4,44,1041.2395510131546,1096.2643020112
8829,negative_control,2000,1084.9945531362894,1075.6803638928625
8830,Fkbp4,44,1105.04867514097,1101.790144578422
8831,Uba1,250,1118.6935181023482,1088.6780494268833
8832,Uba1,250,1198.0295788385895,1106.315818788716
8833,Fkbp4,44,1221.1989092304957,1125.2446744075685
8834,negative_control,2076,972.5482766185364,1080.2285442478228
8835,negative_control,2076,1035.433403802126,1086.048911031655
8836,Ybx1,263,655.5948721240333,871.8618321455756
8837,Ybx1,263,665.3983150663248,890.472675560567
8838,Ybx1,263,684.8316035574729,887.2222053490849
8839,Ybx1,263,685.9242685303169,869.2437675041419
8840,Ybx1,263,686.3503903465646,893.2431699573054
8841,Ybx1,263,701.0553093420115,763.095068878703
8842,Ybx1,263,709.7724382826626,761.1747138135524
8843,Ybx1,263,718.0437817634504,901.7823566721996
8844,Ybx1,263,734.2701943221768,778.2078825105584
8845,Ybx1,263,741.8531454094494,943.3448159927487
8846,Ybx1,263,742.5427574178327,888.3875587466575
8847,Ybx1,263,749.1336394710879,802.6823934757114
8848,Ybx1,263,754.5394998152633,795.1924856470964
8849,Ybx1,263,756.4057555728748,931.213650305126
8850,Ybx1,263,758.6928262808323,777.9675327984223
8851,Ybx1,263,762.9220511455363,885.953136487423
8852,Ybx1,263,768.1089808289802,908.358379389299
8853,Ybx1,263,768.7280243222979,844.7029678909935
8854,Ybx1,263,778.7546475780354,816.3401206751125
8855,Ybx1,263,779.366048032238,918.827202030237
8856,Ybx1,263,779.6305497735498,892.5685082295875
8857,Ybx1,263,782.0290730040551,772.1729536846703
8858,Ybx1,263,782.7528167085849,762.6281673556332
8859,Ybx1,263,783.11463587689,806.4633020925868
8860,Ybx1,263,784.589977945003,828.7943691020535
8861,Ybx1,263,786.2033300419437,934.1168987908504
8862,Ybx1,263,791.3219411995697,792.3242420273435
8863,Ybx1,263,796.8880841355517,940.9562379320132
8864,Ybx1,263,806.3742877586059,888.5397220508364
8865,negative_control,2080,819.4647422230337,878.4315251351197
8866,Ybx1,263,821.0957784192169,788.314890791381
8867,Ybx1,263,827.6035251988372,859.2484501087872
8868,Ybx1,263,827.5713238666929,778.6886860519705
8869,Ybx1,263,829.1468210564951,846.830932738115
8870,Ybx1,263,828.6523731194429,882.5267651692005
8871,Ybx1,263,845.8272627278243,822.9601480927491
8872,Ybx1,263,851.1799096177374,734.6842195845945
8873,Ybx1,263,851.0493962279686,783.4184793382476
8874,negative_control,1983,863.5082905495551,919.2244894522072
8875,Ybx1,263,866.2923499971687,839.6149021716392
8876,Ybx1,263,867.2101762081013,944.2572437045357
8877,Ybx1,263,877.720791014697,1023.2673751903292
8878,Ybx1,263,885.3422483588174,850.0057984003976
8879,Ybx1,263,893.7091814505748,1035.6468199679937
8880,Ybx1,263,894.6745472983848,968.20130462638
8881,Ybx1,263,906.8293555111816,945.3416520766144
8882,Ybx1,263,912.8391567399592,1048.6266908338227
8883,Ybx1,263,914.743348786255,1064.1183381393764
8884,Ybx1,263,917.7056986773056,1050.9373698859397
8885,Ybx1,263,929.0228409621542,992.0147191940864
8886,Ybx1,263,929.6639887140154,1069.7049006132263
8887,Ybx1,263,933.5413162942808,1008.795992853288
8888,Ybx1,263,936.6524187671508,964.5465037979752
8889,Ybx1,263,949.8498524054576,1020.814165327899
8890,Ybx1,263,953.4047552435934,1025.1696610311817
8891,Ybx1,263,961.4284696876028,1079.8474069413817
8892,Ybx1,263,965.0779240995456,1032.6256950553304
8893,Ybx1,263,969.0917764444584,1110.6835031950468
8894,Ybx1,263,975.9349603846872,1039.8070149630305
8895,Ybx1,263,979.7477137128344,960.9597970781584
8896,Ybx1,263,986.9521389172904,1040.3046081153034
8897,Ybx1,263,989.0187613339278,1192.367851248507
8898,Ybx1,263,991.4619645328976,1242.3672302357504
8899,Ybx1,263,992.076155259846,1171.651425907139
8900,Ybx1,263,992.3485291553018,1201.337602172274
8901,Ybx1,263,995.559625224075,1128.5142245139418
8902,Ybx1,263,1013.8043985053866,1091.885188514541
8903,Ybx1,263,1017.1417878231376,1162.6092536367323
8904,Ybx1,263,1016.697559229228,1069.6329842665375
8905,Ybx1,263,1022.4746061083924,1119.8594865715836
8906,Ybx1,263,1024.848482872557,1033.0645172178354
8907,Ybx1,263,1027.40018116479,1053.9576056110188
8908,Ybx1,263,1034.5621701191403,1055.925084465881
8909,Ybx1,263,1044.3052301936118,1018.2905988290452
8910,Ybx1,263,1051.0853673461183,1119.5842002533857
8911,Ybx1,263,1063.2054688942426,1110.9303206529546
8912,Ybx1,263,1080.8738054843616,1108.1027918832135
8913,Ybx1,263,1103.5105838344496,1091.2466982775816
8914,Ybx1,263,1104.9402474770793,1104.12265802036
8915,Ybx1,263,1122.9269405810876,1091.308123309083
8916,Ybx1,263,1150.792848356403,1108.2569965571854
8917,Ybx1,263,1150.880976362018,1095.72255579338
8918,Ybx1,263,1157.1945100365033,1091.5977597573628
8919,Ybx1,263,1175.408057643046,1109.0391783015573
8920,Ybx1,263,1177.8491494482537,1119.3496472692834
8921,Ybx1,263,1244.5924053540648,1117.665344035238
8922,Ybx1,263,1274.8741193390078,1122.16459699774
8923,Ybx1,263,1278.676415489366,1135.461409954364
8924,Ybx1,263,1286.9215880262077,1139.4781218834737
8925,Ybx1,263,1306.24186592141,1146.3469114629784
8926,Ybx1,263,1316.127988348135,1137.1218602483812
8927,negative_control,2055,1042.7084448642877,1057.1515265330754
8928,negative_control,2088,832.2561808118755,891.1361131715194
8929,Trp53,242,839.1914751191372,969.1583054396084
8930,Trp53,242,880.6579579435926,928.284225840624
8931,Trp53,242,881.1464703980606,1030.3173542292982
8932,Trp53,242,980.2112006140296,1252.941919556538
8933,Trp53,242,1041.8350517879674,1117.5998236558046
8934,Trp53,242,1233.6346256597872,1138.3016253912544
8935,negative_control,2092,906.9431025110456,975.0096998717912
8936,negative_control,2092,1037.4283159384345,1129.2793926379077
8937,negative_control,2032,765.3853318142595,818.4568213206583
8938,negative_control,1995,1321.5973827223877,1137.0035071763923
8939,Tbrg1,225,775.6452290346565,918.666432963934
8940,Tbrg1,225,787.5409278072477,839.5441795932043
8941,Tbrg1,225,828.3117753068595,950.0302903724076
8942,Tbrg1,225,866.3104428417723,851.920020201211
8943,Tbrg1,225,903.2700991828382,1043.6082734366537
8944,Tbrg1,225,925.849038204094,916.2474388238376
8945,Tbrg1,225,927.9693398989548,1041.94810716652
8946,Tbrg1,225,946.5472108201004,1035.742749498273
8947,Tbrg1,225,1006.6735997961975,1248.3749588364535
